model,split_seed,domain,n_train,n_eval,train_prevalence,threshold,tp,fp,tn,fn,accuracy,balanced_accuracy,precision,recall,f1,f1_macro,mcc,fpr,fnr,tnr,roc_auc,pr_auc,pr_auc_benign,brier
majority,101,source_heldout,150920,149080,0.9384177047442354,0.5,142326,6754,0,0,0.9546954655218675,0.5,0.9546954655218675,1.0,0.9768227147004523,0.48841135735022617,0.0,1.0,0.0,0.0,0.5,0.9546954655218675,0.04530453447813255,0.04530453447813255
majority,101,target,150920,1215889,0.9384177047442354,0.5,738153,477736,0,0,0.6070891339587742,0.5,0.6070891339587742,1.0,0.7555139551759891,0.37775697758799454,0.0,1.0,0.0,0.0,0.5,0.6070891339587742,0.3929108660412258,0.3929108660412258
stratified,101,source_heldout,150920,149080,0.9384177047442354,0.5,133581,6350,404,8745,0.8987456399248726,0.4991864791791587,0.9546204915279674,0.9385565532650394,0.9465203697339658,0.49866419668865175,-0.0014098650205466698,0.940183594906722,0.061443446734960584,0.059816405093278055,0.4991864791791587,0.954625098188568,0.04523594282569819,0.10125436007512745
stratified,101,target,150920,1215889,0.9384177047442354,0.5,692686,448250,29486,45467,0.5939456644479882,0.5000623246995405,0.6071208200985857,0.9384043687419816,0.7372572560426888,0.42197870374204804,0.00025312335390421096,0.9382797193429007,0.06159563125801833,0.06172028065709932,0.5000623246995405,0.6071188683708019,0.3929406354006656,0.40605433555201176
logreg,101,source_heldout,150920,149080,0.9384177047442354,0.5,125970,1829,4925,16356,0.8780185135497719,0.807139121369925,0.9856884639159931,0.8850807301547152,0.9326793151318834,0.6420129231268477,0.36519770501936966,0.2708024874148653,0.11491926984528476,0.7291975125851348,0.8368917671734125,0.9837150720202525,0.43958255400747603,0.09234629509232517
logreg,101,target,150920,1215889,0.9384177047442354,0.5,651624,446056,31680,86529,0.5619789306425176,0.4745445551220445,0.5936374899788646,0.882776334987462,0.7098946363857714,0.40810658624614565,-0.08392951603733864,0.933687224743373,0.11722366501253804,0.06631277525662709,0.618955586065378,0.6954547777143947,0.4864528777094137,0.3662228114475256
tree,101,source_heldout,150920,149080,0.9384177047442354,0.5,125469,721,6033,16857,0.8820901529380198,0.8874045439172039,0.9942863935335605,0.8815606424686986,0.9345364894456941,0.6707832899259236,0.446973720200905,0.10675155463429079,0.11843935753130137,0.8932484453657092,0.9051850098476619,0.9923852362364138,0.3547245907002118,0.11220646068817504
tree,101,target,150920,1215889,0.9384177047442354,0.5,738136,451524,26212,17,0.6286330413384774,0.5274220464044932,0.6204596271203537,0.9999769695442544,0.7657755186836067,0.43489930776282465,0.184371903655769,0.945132876735268,2.3030455745624553e-05,0.05486712326473198,0.5274215690779832,0.6204593550454806,0.4261736396291251,0.3714147194921729
rf,101,source_heldout,150920,149080,0.9384177047442354,0.5,129736,1419,5335,12590,0.9060303192916555,0.850721694988351,0.9891807403453928,0.9115411098464089,0.9487752348426399,0.6905633133571358,0.4485318309711502,0.21009771986970685,0.08845889015359105,0.7899022801302932,0.9518170145288367,0.9974443328645778,0.431104993933105,0.07254808247440338
rf,101,target,150920,1215889,0.9384177047442354,0.5,691494,450074,27662,46659,0.5914651748638239,0.4973458998795771,0.6057405253125525,0.9367895273744061,0.7357411020039676,0.4179776957352269,-0.010822007012350768,0.9420977276152519,0.06321047262559389,0.057902272384748064,0.5530622999613711,0.6619422691507644,0.45039501216942596,0.29104988173545493
xgboost,101,source_heldout,150920,149080,0.9384177047442354,0.5,124658,269,6485,17668,0.8796820499060907,0.91801710334386,0.9978467424976186,0.8758624566136897,0.9328838216970436,0.6762649282879368,0.4718815541354705,0.0398282499259698,0.1241375433863103,0.9601717500740302,0.9566934779114316,0.9978589506759534,0.5762397896001374,0.10102702677249908
xgboost,101,target,150920,1215889,0.9384177047442354,0.5,571153,434037,43699,167000,0.505681028449143,0.43261533113431877,0.5682040211303335,0.7737596406165117,0.6552388141633632,0.39109526173753145,-0.17390135116206545,0.9085289783478742,0.22624035938348824,0.09147102165212587,0.512361861294282,0.6562743475775215,0.39097224654393403,0.4020237624645233
hgb,101,source_heldout,150920,149080,0.9384177047442354,0.5,124858,329,6425,17468,0.8806211430104642,0.9142779033970363,0.9973719315903409,0.877267681238846,0.933472391995903,0.6763815120158325,0.46970962315469666,0.04871187444477347,0.12273231876115397,0.9512881255552266,0.9489449306575741,0.997512211807145,0.3815330232810969,0.1002312358942429
hgb,101,target,150920,1215889,0.9384177047442354,0.5,573242,435789,41947,164911,0.5059581919073205,0.4321967007202362,0.5681113860723803,0.7765896772078418,0.656189617121036,0.38936762135174896,-0.1762623623526604,0.9121962757673694,0.22341032279215828,0.08780372423263058,0.4887806121706479,0.626456714330012,0.4008875790662711,0.36092827077468526
mlp,101,source_heldout,150920,149080,0.9384177047442354,0.5,126489,1019,5735,15837,0.8869331902334318,0.8689268658229901,0.9920083445744581,0.8887272880569959,0.9375319640964445,0.6712301492444377,0.4361933150509207,0.15087355641101569,0.11127271194300409,0.8491264435889843,0.9365051983886098,0.9964137179553764,0.5512690469303921,0.09852481633424759
mlp,101,target,150920,1215889,0.9384177047442354,0.5,656531,307787,169949,81622,0.6797331006366535,0.6225811620121465,0.6808241679611913,0.8894240083018019,0.7712683505328431,0.6186622416362768,0.2955837018776881,0.644261684277509,0.11057599169819807,0.3557383157224911,0.6820489143296817,0.7473207653555018,0.5586532445633623,0.278219074010849
majority,102,source_heldout,142824,157176,0.938784798073153,0.5,149939,7237,0,0,0.9539560747187866,0.5,0.9539560747187866,1.0,0.9764355371766277,0.48821776858831384,0.0,1.0,0.0,0.0,0.5,0.9539560747187866,0.04604392528121342,0.04604392528121342
majority,102,target,142824,1215889,0.938784798073153,0.5,738153,477736,0,0,0.6070891339587742,0.5,0.6070891339587742,1.0,0.7555139551759891,0.37775697758799454,0.0,1.0,0.0,0.0,0.5,0.6070891339587742,0.3929108660412258,0.3929108660412258
stratified,102,source_heldout,142824,157176,0.938784798073153,0.5,140786,6754,483,9153,0.8987949814221,0.5028477685665037,0.9542225837061136,0.9389551751045425,0.9465273178947086,0.5018892738350447,0.004975858180081041,0.9332596379715352,0.061044824895457483,0.06674036202846484,0.5028477685665036,0.9542063147116492,0.0463162665177445,0.10120501857789993
stratified,102,target,142824,1215889,0.938784798073153,0.5,692974,448418,29318,45179,0.5940443576675174,0.5000815768787009,0.6071305914181981,0.9387945317569664,0.7373848458004464,0.4217823324130556,0.0003322595364846139,0.9386313779995646,0.06120546824303363,0.061368622000435386,0.5000815768787008,0.6071280539949819,0.3929498463339479,0.40595564233248266
logreg,102,source_heldout,142824,157176,0.938784798073153,0.5,133889,1413,5824,16050,0.8888952511833867,0.8488549099000136,0.9895566953925293,0.8929564689640453,0.9387780858992921,0.6694508752467159,0.4224693579921044,0.19524664916401824,0.10704353103595463,0.8047533508359818,0.893196979004892,0.9933229020377787,0.5073676579364226,0.11881583544549301
logreg,102,target,142824,1215889,0.938784798073153,0.5,677210,445741,31995,60943,0.5832810396343745,0.4922053304275949,0.603062822865824,0.9174385256173179,0.7277508403614199,0.41994070438850634,-0.02865614855820833,0.9330278647621281,0.08256147438268219,0.06697213523787196,0.6248437281460574,0.7102633938070488,0.5097749610794237,0.31846773667128586
tree,102,source_heldout,142824,157176,0.938784798073153,0.5,125322,1660,5577,24617,0.8328179874790044,0.803221543247955,0.9869272810319573,0.8358199000927043,0.9051101216592458,0.6015492100642146,0.32262293209559895,0.22937681359679427,0.16418009990729562,0.7706231864032057,0.8557303727724868,0.9866734892028386,0.4863097598271586,0.1211966206131167
tree,102,target,142824,1215889,0.938784798073153,0.5,655545,465794,11942,82608,0.548970341865088,0.4565426556898751,0.584609114638838,0.8880882418685557,0.7050796669197824,0.37340702224312194,-0.15851162839609276,0.9750029304888055,0.1119117581314443,0.02499706951119447,0.4570121885451971,0.5873372052115475,0.39272358493325077,0.445762256124457
rf,102,source_heldout,142824,157176,0.938784798073153,0.5,145644,2992,4245,4295,0.9536379599938922,0.7789620190097425,0.9798702871444334,0.9713550177072009,0.9755940718412459,0.7568595953425663,0.5158467807779468,0.4134309796877159,0.028644982292799073,0.5865690203122841,0.9434861112322844,0.996285711749963,0.6442977081707081,0.038037836962570654
rf,102,target,142824,1215889,0.938784798073153,0.5,694610,475666,2070,43543,0.5729799348460263,0.47267190572945955,0.5935437452361665,0.94101087443931,0.7279390535356568,0.3679248223736287,-0.1404811500840753,0.9956670629803909,0.05898912556068999,0.0043329370196091566,0.44988180909483183,0.591220539273225,0.36899962071008746,0.2783263818882984
xgboost,102,source_heldout,142824,157176,0.938784798073153,0.5,139516,1245,5992,10423,0.9257647477986461,0.8792262268642005,0.991155220551147,0.9304850639259966,0.9598624011007912,0.7332712986393521,0.5197605780321948,0.1720326101975957,0.06951493607400343,0.8279673898024044,0.9711156868110659,0.9985000921654704,0.722076683185949,0.05828404799103737
xgboost,102,target,142824,1215889,0.938784798073153,0.5,684386,419531,58205,53767,0.6107391381943582,0.5244975797486889,0.6199614644941603,0.9271600874073532,0.7430618814703024,0.4702323319321504,0.0827556066004386,0.8781649279099754,0.07283991259264679,0.12183507209002462,0.46173209497221,0.5962249521003337,0.39046922500844544,0.3634810745716095
hgb,102,source_heldout,142824,157176,0.938784798073153,0.5,136500,437,6800,13439,0.91171680154731,0.9249930400741486,0.996808751469654,0.9103702172216701,0.9516306696970119,0.7233040522746232,0.5318552800157222,0.060384137073372944,0.08962978277832985,0.939615862926627,0.9716970890164672,0.9985279496284301,0.7242863032999314,0.06253754004074555
hgb,102,target,142824,1215889,0.938784798073153,0.5,652422,414213,63523,85731,0.5888243087979248,0.5084120774066425,0.6116637837685807,0.8838574116748154,0.7229901794559804,0.46280930526571806,0.025039723587464698,0.8670332568615302,0.11614258832518462,0.1329667431384698,0.34678871460092087,0.5350183081259761,0.3457974710257622,0.36763450661737845
mlp,102,source_heldout,142824,157176,0.938784798073153,0.5,132467,1185,6052,17472,0.8812986715529089,0.8598653651001622,0.9911336904797534,0.8834726121956262,0.9342115934567741,0.6638484253815518,0.4228275931526894,0.16374188199530193,0.11652738780437377,0.8362581180046981,0.9253703825092822,0.9955102582826123,0.6669452072999782,0.08741335570812225
mlp,102,target,142824,1215889,0.938784798073153,0.5,337581,149542,328194,400572,0.5475623185998064,0.572154880781943,0.6930097737121835,0.45733201653315775,0.5510285029658624,0.5475353504947853,0.14383001274737103,0.3130222549692717,0.5426679834668422,0.6869777450307283,0.5520827427582018,0.6706774553197266,0.4349036962703844,0.3289084732532501
majority,103,source_heldout,210621,89379,0.9442078425228254,0.5,85029,4350,0,0,0.9513308495284127,0.5,0.9513308495284127,1.0,0.9750584835558002,0.4875292417779001,0.0,1.0,0.0,0.0,0.5,0.9513308495284127,0.048669150471587284,0.048669150471587284
majority,103,target,210621,1215889,0.9442078425228254,0.5,738153,477736,0,0,0.6070891339587742,0.5,0.6070891339587742,1.0,0.7555139551759891,0.37775697758799454,0.0,1.0,0.0,0.0,0.5,0.6070891339587742,0.3929108660412258,0.3929108660412258
stratified,103,source_heldout,210621,89379,0.9442078425228254,0.5,80265,4108,242,4764,0.9007373096588684,0.49980212025025134,0.9513114384933569,0.9439720565924566,0.947627536864972,0.4996795230284672,-0.0003703499957874423,0.944367816091954,0.05602794340754331,0.05563218390804598,0.49980212025025134,0.9513125260537305,0.04865094979850508,0.09926269034113158
stratified,103,target,210621,1215889,0.9442078425228254,0.5,697000,451056,26680,41153,0.5951859092400704,0.5000477146894512,0.6071132418627663,0.9442486855706066,0.7390485359787807,0.4184273398281495,0.00020307068212258145,0.9441532561917042,0.055751314429393364,0.055846743808295796,0.5000477146894512,0.6071118978154305,0.39293365263224067,0.4048140907599296
logreg,103,source_heldout,210621,89379,0.9442078425228254,0.5,78795,847,3503,6234,0.9207755736806185,0.8659855968004426,0.989364907963135,0.926683837279046,0.9569991073109412,0.7271685392450212,0.505520172236564,0.1947126436781609,0.07331616272095402,0.8052873563218391,0.9287863937699146,0.9949746256253769,0.6680090199130211,0.09226070373690347
logreg,103,target,210621,1215889,0.9442078425228254,0.5,691201,434408,43328,46952,0.6041085987289958,0.5135435164073132,0.6140684731554208,0.9363925906959668,0.7417266796940811,0.44714288126840895,0.05045904878398679,0.9093055578813404,0.06360740930403318,0.09069444211865968,0.6808507204828261,0.7638587838586205,0.5532509896029887,0.2813827570776739
tree,103,source_heldout,210621,89379,0.9442078425228254,0.5,79313,2119,2231,5716,0.9123395875988767,0.7228247198420337,0.973978288633461,0.9327758764656764,0.9529319179867957,0.6578923231472564,0.3369165709168919,0.4871264367816092,0.06722412353432358,0.5128735632183908,0.7419388773782792,0.974698356119375,0.30250760623703965,0.07189915791245888
tree,103,target,210621,1215889,0.9442078425228254,0.5,668702,359063,118673,69451,0.6475714477226129,0.577159764948271,0.6506370619742841,0.9059124598829782,0.7573420736410185,0.5568961892549549,0.2084102413569752,0.751592929986436,0.0940875401170218,0.24840707001356396,0.5490599208886979,0.6298841341460302,0.46712089578106497,0.3529827561402876
rf,103,source_heldout,210621,89379,0.9442078425228254,0.5,82235,603,3747,2794,0.961993309390349,0.9142599664779684,0.9927207320311934,0.9671406226111091,0.9797637415334759,0.8339274129575377,0.6845327778832242,0.1386206896551724,0.03285937738889085,0.8613793103448276,0.9641749988475874,0.9976419403185824,0.5744890201827201,0.034060927295290505
rf,103,target,210621,1215889,0.9442078425228254,0.5,710533,475780,1956,27620,0.5859819440754872,0.48333829728970096,0.5989422690301801,0.9625822830768147,0.738420943783886,0.3730660873711747,-0.10564457306748228,0.9959056884974128,0.0374177169231853,0.0040943115025872025,0.5444714814284874,0.6473321898023725,0.43206061818939184,0.2910623840565056
xgboost,103,source_heldout,210621,89379,0.9442078425228254,0.5,79391,255,4095,5638,0.9340672864990658,0.9375362604482609,0.9967983326218517,0.9336932105516941,0.9642143616213754,0.7728832938547834,0.6044590219808759,0.05862068965517241,0.06630678944830587,0.9413793103448276,0.9855802462526984,0.9992335860165492,0.8479556181102483,0.047786645591259
xgboost,103,target,210621,1215889,0.9442078425228254,0.5,657660,416375,61361,80493,0.5913541449918537,0.5096973663250304,0.6123264139436797,0.8909535015098495,0.7258187340386317,0.46194421264303476,0.02950672207738668,0.8715587688597887,0.10904649849015041,0.12844123114021133,0.4716722949046179,0.5994757929011095,0.39186318083241384,0.34148159623146057
hgb,103,source_heldout,210621,89379,0.9442078425228254,0.5,78520,265,4085,6509,0.9242103849897627,0.931265053180639,0.9966364155613379,0.923449646591163,0.9586482229846045,0.752677965882024,0.5741834536343289,0.06091954022988506,0.07655035340883698,0.9390804597701149,0.9858246929411373,0.999237335379595,0.8701731214295716,0.051771380135533375
hgb,103,target,210621,1215889,0.9442078425228254,0.5,668180,457652,20084,69973,0.566058250383053,0.4736226222699878,0.5934988524042664,0.9052052894183185,0.7169370998157174,0.39384059570623947,-0.09838599026760687,0.9579600448783429,0.09479471058168158,0.04203995512165715,0.4685057348079688,0.5986354424928083,0.3826236703201876,0.37463014342544454
mlp,103,source_heldout,210621,89379,0.9442078425228254,0.5,78869,332,4018,6160,0.9273654885375759,0.9256161447554809,0.9958081337356851,0.9275541285914217,0.9604700724593558,0.7568044194895898,0.5766067174992288,0.07632183908045977,0.07244587140857825,0.9236781609195402,0.9728446238017779,0.9966790951636206,0.850079406433361,0.0565158911049366
mlp,103,target,210621,1215889,0.9442078425228254,0.5,680359,296103,181633,57794,0.7089397140692941,0.6509499584359869,0.696759320895232,0.9217045788610221,0.7935997293853139,0.6500658586159351,0.3707796900609193,0.6198046619890484,0.07829542113897796,0.3801953380109517,0.6342906207442656,0.6701838483666761,0.5314335384690771,0.2600233852863312
majority,104,source_heldout,201010,98990,0.9256504651509875,0.5,97763,1227,0,0,0.9876048085665219,0.5,0.9876048085665219,1.0,0.9937637545552037,0.49688187727760186,0.0,1.0,0.0,0.0,0.5,0.9876048085665219,0.012395191433478128,0.012395191433478128
majority,104,target,201010,1215889,0.9256504651509875,0.5,738153,477736,0,0,0.6070891339587742,0.5,0.6070891339587742,1.0,0.7555139551759891,0.37775697758799454,0.0,1.0,0.0,0.0,0.5,0.6070891339587742,0.3929108660412258,0.3929108660412258
stratified,104,source_heldout,201010,98990,0.9256504651509875,0.5,90480,1138,89,7283,0.9149308010910193,0.49901907546301394,0.9875788600493353,0.9255035135992145,0.9555340820884883,0.4881170817466514,-0.0008267840093886178,0.9274653626731867,0.07449648640078557,0.07253463732681337,0.49901907546301383,0.987580793122693,0.012371800181369722,0.08506919890898071
stratified,104,target,201010,1215889,0.9256504651509875,0.5,683410,442292,35444,54743,0.5912167969280091,0.5000147360159736,0.6070967271977842,0.9258378683010162,0.7333295776763751,0.4290746577816887,5.4927972562882935e-05,0.9258083962690691,0.07416213169898382,0.0741916037309309,0.5000147360159736,0.6070961640669927,0.3929178977572939,0.40878320307199095
logreg,104,source_heldout,201010,98990,0.9256504651509875,0.5,85334,284,943,12429,0.8715728861501162,0.8207035849992033,0.9966829405031652,0.8728660127041928,0.9306743882954068,0.5299306594535462,0.20761686478588548,0.23145884270578648,0.12713398729580722,0.7685411572942136,0.892157873171335,0.9974423796974001,0.11064042214864918,0.09449352019327127
logreg,104,target,201010,1215889,0.9256504651509875,0.5,652517,434643,43093,85636,0.5720999203052253,0.4870943249605204,0.6002032819456198,0.8839861112804527,0.7149645019785648,0.42853828884802114,-0.04097254774426048,0.9097974613594119,0.1160138887195473,0.09020253864058811,0.6279657782627387,0.7109010906399165,0.5024863378184024,0.31113099138237965
tree,104,source_heldout,201010,98990,0.9256504651509875,0.5,59218,216,1011,38545,0.6084351954742904,0.7148455322083116,0.9963657165931958,0.6057301842210243,0.7534240475327137,0.4015017645897392,0.09706042749149128,0.17603911980440098,0.3942698157789757,0.823960880195599,0.7552053828828981,0.9955449261736593,0.029906816534658643,0.3656813285149174
tree,104,target,201010,1215889,0.9256504651509875,0.5,664981,445773,31963,73172,0.5731970599289903,0.4838883260883355,0.5986753142459986,0.9008714995400683,0.7193233623973515,0.4144988578638384,-0.05599577190040325,0.9330948473633973,0.09912850045993175,0.06690515263660264,0.48261678574329747,0.5996112064927841,0.38341757939662796,0.42643357390161657
rf,104,source_heldout,201010,98990,0.9256504651509875,0.5,70529,213,1014,27234,0.7227295686432973,0.7739171101051301,0.9969890588335076,0.7214283522395999,0.8371146256787633,0.4529593484627913,0.1342227643362862,0.17359413202933985,0.27857164776040017,0.8264058679706602,0.893698402456097,0.9983290407127516,0.10723592092977381,0.14767409372399154
rf,104,target,201010,1215889,0.9256504651509875,0.5,692165,474431,3305,45988,0.5719847782157746,0.4723082998986799,0.5933202239678518,0.9376985530100128,0.7267781739221283,0.3696600891260304,-0.13714940493769645,0.993081953212653,0.06230144698998717,0.006918046787346987,0.5326396013215079,0.6545585799983976,0.4220636451339097,0.3077043189403963
xgboost,104,source_heldout,201010,98990,0.9256504651509875,0.5,84118,114,1113,13645,0.8610061622386099,0.8837591168723063,0.9986465951182448,0.8604277691969354,0.9243990219511525,0.5318272870156138,0.23842178425979926,0.09290953545232274,0.13957223080306455,0.9070904645476773,0.9439301135429718,0.9992328180549759,0.14699768248690318,0.1170424148440361
xgboost,104,target,201010,1215889,0.9256504651509875,0.5,617330,463043,14693,120823,0.519803205720259,0.4335363060495745,0.5714045056660987,0.8363171320850826,0.6789344777033708,0.36342639430490853,-0.2063001300004188,0.9692445199859336,0.16368286791491737,0.030755480014066347,0.4184414318200155,0.5641314669110591,0.3586342450438026,0.39190056920051575
hgb,104,source_heldout,201010,98990,0.9256504651509875,0.5,73581,144,1083,24182,0.7542580058591777,0.817643646814447,0.9980467955239064,0.752646706831828,0.8581475088635939,0.4699540201723979,0.16121768053644053,0.11735941320293398,0.247353293168172,0.882640586797066,0.9133762862020465,0.9987573657440225,0.14588613798872985,0.19457125159129707
hgb,104,target,201010,1215889,0.9256504651509875,0.5,661780,322631,155105,76373,0.6718417552918071,0.6106008808775607,0.6722598589410318,0.8965350001964363,0.7683662261605374,0.6028829695410831,0.2751773417416601,0.6753332384413149,0.10346499980356376,0.3246667615586851,0.5352205181799975,0.6199461246436446,0.4672416564727987,0.320938661482809
mlp,104,source_heldout,201010,98990,0.9256504651509875,0.5,87880,59,1168,9883,0.8995656126881503,0.9254119127356553,0.999329080385267,0.8989085850475128,0.946462612142034,0.5683608059895705,0.2989218307616919,0.04808475957620212,0.10109141495248714,0.9519152404237978,0.957860143137937,0.9988136517464808,0.21362821330725318,0.08886658400297165
mlp,104,target,201010,1215889,0.9256504651509875,0.5,606982,297220,180516,131171,0.6476726082726302,0.6000777923924232,0.671290264785966,0.8222983581994519,0.73916053471996,0.5982485478635884,0.22389418559837332,0.6221427734146056,0.17770164180054812,0.37785722658539445,0.6095998749618479,0.6640316288300062,0.5096707239371296,0.2890640199184418
majority,105,source_heldout,210803,89197,0.9240570580115084,0.5,89098,99,0,0,0.9988900972005785,0.5,0.9988900972005785,1.0,0.9994447404582293,0.49972237022911464,0.0,1.0,0.0,0.0,0.5,0.9988900972005785,0.0011099027994215052,0.0011099027994215052
majority,105,target,210803,1215889,0.9240570580115084,0.5,738153,477736,0,0,0.6070891339587742,0.5,0.6070891339587742,1.0,0.7555139551759891,0.37775697758799454,0.0,1.0,0.0,0.0,0.5,0.6070891339587742,0.3929108660412258,0.3929108660412258
stratified,105,source_heldout,210803,89197,0.9240570580115084,0.5,82315,91,8,6783,0.922934627846228,0.5023392129107185,0.9988957114773196,0.9238703450133561,0.9599193021737102,0.48112075413475064,0.0005873609110070188,0.9191919191919192,0.07612965498664392,0.08080808080808081,0.5023392129107185,0.9988952840643683,0.0011154080071653083,0.07706537215377199
stratified,105,target,210803,1215889,0.9240570580115084,0.5,682265,441555,36181,55888,0.5908812399816101,0.5000104980681643,0.6070945525084088,0.9242866993699138,0.7328409165976091,0.4299176196083754,3.8761580015474435e-05,0.924265703233585,0.07571330063008617,0.07573429676641492,0.5000104980681643,0.6070941422521313,0.39291587513294157,0.4091187600183898
logreg,105,source_heldout,210803,89197,0.9240570580115084,0.5,82887,17,82,6211,0.930177023890938,0.8792865352440202,0.9997949435491653,0.9302902422052123,0.963791118707922,0.49472409502354797,0.09863530405256205,0.1717171717171717,0.06970975779478776,0.8282828282828283,0.8728304164453123,0.9992248837585063,0.158602283195288,0.0576928893506047
logreg,105,target,210803,1215889,0.9240570580115084,0.5,653930,434545,43191,84223,0.5733426324277956,0.4881540107148484,0.6007763154872643,0.8859003485727214,0.7159969079637453,0.42937084099335737,-0.03777902155357228,0.9095923271430246,0.11409965142727863,0.0904076728569754,0.6380843214635149,0.729355809017113,0.5050267255402633,0.2977639382392813
tree,105,source_heldout,210803,89197,0.9240570580115084,0.5,65100,30,69,23998,0.730618742782829,0.7138129142102296,0.9995393827729157,0.7306561314507621,0.8442046839743756,0.4249575931665307,0.03207849506133867,0.30303030303030304,0.2693438685492379,0.696969696969697,0.6117311297898965,0.9991978792985547,0.002175017109145624,0.24163269503412557
tree,105,target,210803,1215889,0.9240570580115084,0.5,619917,354988,122748,118236,0.6107999990130678,0.5483793556002221,0.6358742646719424,0.8398218255564903,0.7237548290834286,0.5326643691276448,0.11854466148385098,0.743063114356046,0.16017817444350968,0.256936885643954,0.5547193369705927,0.6399606559203073,0.42710707131032566,0.3763157002892058
rf,105,source_heldout,210803,89197,0.9240570580115084,0.5,73184,39,60,15914,0.8211486933417044,0.713724145765269,0.9994673804678857,0.821387685469932,0.90171943248255,0.45459268457326035,0.03711970887355297,0.3939393939393939,0.178612314530068,0.6060606060606061,0.8570599029419654,0.9998021543507367,0.1876961368847566,0.08431365087361507
rf,105,target,210803,1215889,0.9240570580115084,0.5,707863,475859,1877,30290,0.583721046904775,0.4814470474988821,0.5979976717506307,0.9589651467920607,0.736637918699187,0.37200005163577343,-0.1129223917861252,0.9960710517942964,0.04103485320793927,0.003928948205703569,0.5309770372747977,0.6188676464243192,0.44682244151104733,0.3013144689227871
xgboost,105,source_heldout,210803,89197,0.9240570580115084,0.5,72258,15,84,16840,0.8110362456136417,0.8297397418028634,0.9997924536133825,0.8109946351208781,0.8955512452671174,0.45271012301539504,0.05600326081383911,0.15151515151515152,0.18900536487912187,0.8484848484848485,0.9103179656222374,0.9998918456743562,0.06166841921764042,0.12409715354442596
xgboost,105,target,210803,1215889,0.9240570580115084,0.5,570842,431711,46025,167311,0.5073382520937355,0.43483906911576276,0.5693883515385222,0.7733383187496359,0.655874110849276,0.3945364835594778,-0.16733959374379842,0.9036601805181104,0.2266616812503641,0.09633981948188958,0.4830043151587364,0.6045099183422991,0.3897354902079833,0.39112868905067444
hgb,105,source_heldout,210803,89197,0.9240570580115084,0.5,72701,28,71,16397,0.815857035550523,0.7665692027686686,0.9996150091435329,0.8159666883656199,0.8985027220426752,0.45353698907711115,0.04575276093612082,0.2828282828282828,0.1840333116343801,0.7171717171717171,0.9204990713891026,0.999898613459133,0.10995397813855244,0.08796385507379766
hgb,105,target,210803,1215889,0.9240570580115084,0.5,657360,440239,37497,80793,0.5714806203526802,0.4845180189730948,0.5989072511910087,0.8905470817025739,0.7161751696307562,0.4209992698760969,-0.05103026673302984,0.9215110437563843,0.10945291829742615,0.07848895624361572,0.49696583078805967,0.6089022246431312,0.403609052427274,0.37082921011830466
mlp,105,source_heldout,210803,89197,0.9240570580115084,0.5,87284,28,71,1814,0.9793490812471272,0.8484060565701006,0.9996793109767271,0.9796403959684842,0.9895584150558359,0.5305654978504986,0.16131495124853062,0.2828282828282828,0.02035960403151586,0.7171717171717171,0.9007750743648296,0.9996246419088954,0.057473613759550055,0.02328602410852909
mlp,105,target,210803,1215889,0.9240570580115084,0.5,414873,159628,318108,323280,0.6028354561970706,0.6139538410364153,0.7221449571019023,0.5620420156796762,0.6321132606155163,0.6003039523203323,0.22295660034283318,0.33413433360684563,0.43795798432032385,0.6658656663931544,0.6712114781271308,0.7772733042914695,0.52892917662739,0.24834246933460236
majority,106,source_heldout,212205,87795,0.9401003746377323,0.5,84344,3451,0,0,0.9606925223532092,0.5,0.9606925223532092,1.0,0.9799522478926914,0.4899761239463457,0.0,1.0,0.0,0.0,0.5,0.9606925223532092,0.03930747764679082,0.03930747764679082
majority,106,target,212205,1215889,0.9401003746377323,0.5,738153,477736,0,0,0.6070891339587742,0.5,0.6070891339587742,1.0,0.7555139551759891,0.37775697758799454,0.0,1.0,0.0,0.0,0.5,0.6070891339587742,0.3929108660412258,0.3929108660412258
stratified,106,source_heldout,212205,87795,0.9401003746377323,0.5,79262,3263,188,5082,0.9049490289879834,0.4971118572990526,0.9604604665252954,0.9397467513990325,0.9499907112765104,0.4965525165143015,-0.004725525875260608,0.9455230368009273,0.060253248600967466,0.054476963199072734,0.4971118572990526,0.960474448642784,0.03910951635111631,0.09505097101201664
stratified,106,target,212205,1215889,0.9401003746377323,0.5,693937,449038,28698,44216,0.5943264557866713,0.5000849867195819,0.607132264485225,0.9400991393383215,0.7377881781569356,0.42101067856362173,0.00034964265813462297,0.9399291658991576,0.05990086066167854,0.0600708341008423,0.5000849867195819,0.6071296809295698,0.39295147989761703,0.4056735442133287
logreg,106,source_heldout,212205,87795,0.9401003746377323,0.5,76216,703,2748,8128,0.8994134062304231,0.8499618361344675,0.9908605156073272,0.9036327421037655,0.945238523405865,0.6644249432831656,0.4128562317581114,0.20370906983483048,0.09636725789623447,0.7962909301651695,0.9013335774019563,0.9948122665385838,0.23880552675572744,0.10602815897389384
logreg,106,target,212205,1215889,0.9401003746377323,0.5,650376,432583,45153,87777,0.5720333023820431,0.48780008609324776,0.6005545916327396,0.8810856285891949,0.714262494563761,0.431071830186447,-0.038188836844130165,0.9054854564026994,0.11891437141080508,0.0945145435973006,0.6305432589377872,0.7273568448320791,0.5013592738794203,0.3082270666879658
tree,106,source_heldout,212205,87795,0.9401003746377323,0.5,78198,574,2877,6146,0.9234580556979327,0.8804015728883108,0.9927131468034327,0.9271317461823011,0.9588023247259619,0.7100408930027116,0.4868671371437535,0.1663286004056795,0.07286825381769894,0.8336713995943205,0.9015970387638288,0.9925559947946015,0.4361881945329719,0.06165638318745309
tree,106,target,212205,1215889,0.9401003746377323,0.5,733918,328715,149021,4235,0.7261674379815921,0.6530972007731567,0.6906598985726963,0.9942627070539577,0.8151085137267837,0.6437236536227803,0.45057182631967296,0.6880683055076444,0.005737292946042352,0.31193169449235564,0.6523158232654139,0.6902003370923986,0.5720839507329591,0.2758317610140532
rf,106,source_heldout,212205,87795,0.9401003746377323,0.5,80970,1515,1936,3374,0.9443134574861894,0.7604969835141061,0.9816330241862157,0.9599971545101015,0.9706945435146168,0.7063266120152698,0.4247149229550451,0.4390031874818893,0.04000284548989851,0.5609968125181107,0.9571250542788261,0.9979307811426759,0.49885718784051436,0.037698271444501115
rf,106,target,212205,1215889,0.9401003746377323,0.5,695413,475345,2391,42740,0.5739043613356153,0.47355179051435503,0.5939852642476071,0.942098724790118,0.7285965663145113,0.36887114776718516,-0.13665401794941948,0.994995143761408,0.05790127520988196,0.005004856238592026,0.5019161265879446,0.6069696143621887,0.420535437320949,0.29614441928280083
xgboost,106,source_heldout,212205,87795,0.9401003746377323,0.5,77282,244,3207,7062,0.9167834159120679,0.9227836580049309,0.996852668782086,0.916271459736318,0.9548650151356026,0.7111788632529326,0.5112814058874295,0.0707041437264561,0.08372854026368207,0.9292958562735439,0.9677233188735466,0.9986146510540735,0.5631861551359502,0.05658107250928879
xgboost,106,target,212205,1215889,0.9401003746377323,0.5,668680,426872,50864,69473,0.5917842829403013,0.5061757502406813,0.6103589788526697,0.905882655763778,0.7293212376036494,0.44970709306165585,0.02020090426739204,0.8935311552824154,0.09411734423622203,0.10646884471758461,0.5204212063017141,0.6156699183016539,0.43026839923868965,0.32972174882888794
hgb,106,source_heldout,212205,87795,0.9401003746377323,0.5,77208,268,3183,7136,0.9156671792243294,0.9188677253420903,0.9965408642676442,0.9153941003509437,0.9542454579162032,0.7082774130539622,0.5054801072029297,0.07765864966676325,0.08460589964905625,0.9223413503332367,0.9709111477570583,0.9987321058492244,0.5839657621278014,0.05698881424052298
hgb,106,target,212205,1215889,0.9401003746377323,0.5,663301,420750,56986,74852,0.5923953584578856,0.5089395011211229,0.6118725041534023,0.8985955486193242,0.7280205728886557,0.4574952447922889,0.028084409550490085,0.8807165463770785,0.10140445138067582,0.11928345362292145,0.6353197053110025,0.6880818916016432,0.5155957320593876,0.2925302797549005
mlp,106,source_heldout,212205,87795,0.9401003746377323,0.5,75504,180,3271,8840,0.8972606640469275,0.9215161637596065,0.9976216901855082,0.8951911220715166,0.9436348638988177,0.6820089240455405,0.47506360989717245,0.05215879455230368,0.10480887792848335,0.9478412054476963,0.9631782565158709,0.9984424127775858,0.5206948716959154,0.07012335956096649
mlp,106,target,212205,1215889,0.9401003746377323,0.5,642137,295560,182176,96016,0.6779508655806574,0.6256279674874765,0.6848022335573218,0.8699239859487126,0.7663418563713936,0.6241674252065771,0.2921325344408493,0.6186680509737595,0.13007601405128746,0.38133194902624046,0.6129987813919352,0.6740325407524097,0.5279129283018202,0.2819242477416992
majority,107,source_heldout,211378,88622,0.9242967574676646,0.5,88603,19,0,0,0.9997856062828643,0.5,0.9997856062828643,1.0,0.9998927916490337,0.49994639582451683,0.0,1.0,0.0,0.0,0.5,0.9997856062828643,0.00021439371713569995,0.00021439371713569995
majority,107,target,211378,1215889,0.9242967574676646,0.5,738153,477736,0,0,0.6070891339587742,0.5,0.6070891339587742,1.0,0.7555139551759891,0.37775697758799454,0.0,1.0,0.0,0.0,0.5,0.6070891339587742,0.3929108660412258,0.3929108660412258
stratified,107,source_heldout,211378,88622,0.9242967574676646,0.5,81888,18,1,6715,0.9240256369750175,0.48842203869775114,0.9997802358801553,0.9242124984481338,0.9605123483217894,0.48040465226037504,-0.0012810022748609166,0.9473684210526315,0.07578750155186618,0.05263157894736842,0.48842203869775114,0.9997806428895589,0.00021094658221607865,0.0759743630249825
stratified,107,target,211378,1215889,0.9242967574676646,0.5,682424,441667,36069,55729,0.5909198948259258,0.5000009797648711,0.6070896395398593,0.9245021018677699,0.7329050328528378,0.42978323943856567,3.622444111727544e-06,0.9245001423380277,0.07549789813223004,0.0754998576619723,0.5000009797648711,0.60708960136955,0.3929113334589772,0.4090801051740743
logreg,107,source_heldout,211378,88622,0.9242967574676646,0.5,82676,3,16,5927,0.9330865924939631,0.8876056828300336,0.9999637150908937,0.9331061025021726,0.965378732149321,0.48537302927492887,0.045375421533489765,0.15789473684210525,0.06689389749782738,0.8421052631578947,0.9351711983139457,0.9999823625276208,0.25164503385538733,0.057269845779568854
logreg,107,target,211378,1215889,0.9242967574676646,0.5,653836,430951,46785,84317,0.5762211846640606,0.49185182998090543,0.6027321492606382,0.885773003699775,0.717342315161223,0.4355142587011066,-0.02566140095983991,0.9020693437379641,0.11422699630022502,0.09793065626203594,0.6423809261673614,0.7312409845104071,0.5095001915757797,0.29532685253154356
tree,107,source_heldout,211378,88622,0.9242967574676646,0.5,67557,5,14,21046,0.7624630452934937,0.7496553223515658,0.9999259939018975,0.7624685394399738,0.8652002689463067,0.43326430260257126,0.017174788856937243,0.2631578947368421,0.2375314605600262,0.7368421052631579,0.6683529784247534,0.9998638604024485,0.0007079696468935413,0.19337273090571194
tree,107,target,211378,1215889,0.9242967574676646,0.5,671878,475130,2606,66275,0.5547249790071298,0.4578349932501038,0.5857657488003571,0.9102150909093373,0.7128070228484463,0.36117101774034577,-0.17816254329230224,0.9945451044091297,0.08978490909066278,0.0054548955908702715,0.41039464320749697,0.5671491538944817,0.3623093170534054,0.4405767878148022
rf,107,source_heldout,211378,88622,0.9242967574676646,0.5,72891,11,8,15712,0.8225835571302836,0.6218611464385488,0.9998491125072014,0.8226696612981502,0.902646976873781,0.45183177994206875,0.009341148510669302,0.5789473684210527,0.17733033870184983,0.42105263157894735,0.8369922724488954,0.999957778365349,0.03148815014443415,0.07097096255007625
rf,107,target,211378,1215889,0.9242967574676646,0.5,694413,473866,3870,43740,0.5742983117702356,0.47442235022010365,0.5943896962968606,0.9407439920991989,0.7284949056667114,0.3716140264819606,-0.12880580476364714,0.9918992916589916,0.05925600790080105,0.008100708341008423,0.48320376023851586,0.6208031465717408,0.37971040636273873,0.330551716874163
xgboost,107,source_heldout,211378,88622,0.9242967574676646,0.5,72052,2,17,16551,0.8132179368554083,0.8539686490358827,0.9999722430399423,0.8132004559665023,0.8969668299544994,0.4495083139945524,0.026584697156137854,0.10526315789473684,0.18679954403349774,0.8947368421052632,0.9037501403362248,0.9999775904575723,0.025031003666079653,0.11876417696475983
xgboost,107,target,211378,1215889,0.9242967574676646,0.5,573171,439693,38043,164982,0.5026889790104195,0.42806266903227996,0.5658913733729306,0.7764934911867865,0.6546721134060949,0.38321910523256075,-0.18840879325771745,0.9203681531222265,0.22350650881321352,0.0796318468777735,0.4245424815018928,0.5651530496033688,0.36285348811207185,0.39119765162467957
hgb,107,source_heldout,211378,88622,0.9242967574676646,0.5,72783,8,11,15820,0.8213987497461127,0.7001990546833095,0.9998900963031144,0.8214507409455661,0.9019294397561247,0.45165872618721065,0.015303825840320969,0.42105263157894735,0.17854925905443383,0.5789473684210527,0.8059807883420842,0.9999486384776525,0.02590416489852798,0.08926087444406841
hgb,107,target,211378,1215889,0.9242967574676646,0.5,637425,460250,17486,100728,0.5386272924584399,0.450071145345103,0.5807046712369326,0.8635404855091018,0.6944278004257479,0.3765552879131844,-0.16461804338184804,0.9633981948188958,0.13645951449089821,0.03660180518110421,0.49441815682123746,0.5923421173676,0.39664751426777295,0.37430394236130277
mlp,107,source_heldout,211378,88622,0.9242967574676646,0.5,85458,0,19,3145,0.964512197874117,0.9822522939403857,1.0,0.9645045878807715,0.9819316216728619,0.49693502227218334,0.0761045657033941,0.0,0.03549541211922847,1.0,0.9902869511962586,0.9999978995712517,0.016240874595855565,0.026629526168107986
mlp,107,target,211378,1215889,0.9242967574676646,0.5,635903,299075,178661,102250,0.6699328639374154,0.6177264556357932,0.680126163396358,0.8614785823535229,0.7601353390738681,0.6155671838037802,0.2728262632801248,0.6260256710819365,0.13852141764647707,0.37397432891806354,0.6411693491869059,0.7159705005629329,0.49787027853668603,0.2787110507488251
majority,108,source_heldout,197795,102205,0.9387851057913497,0.5,98247,3958,0,0,0.9612739102783621,0.5,0.9612739102783621,1.0,0.9802546245485203,0.49012731227426015,0.0,1.0,0.0,0.0,0.5,0.9612739102783621,0.03872608972163789,0.03872608972163789
majority,108,target,197795,1215889,0.9387851057913497,0.5,738153,477736,0,0,0.6070891339587742,0.5,0.6070891339587742,1.0,0.7555139551759891,0.37775697758799454,0.0,1.0,0.0,0.0,0.5,0.6070891339587742,0.3929108660412258,0.3929108660412258
stratified,108,source_heldout,197795,102205,0.9387851057913497,0.5,92220,3700,258,6027,0.9048285308937919,0.5019195259961187,0.9614261884904087,0.938654615408104,0.9499039486627491,0.5001399075540632,0.0030832895546837142,0.9348155634158666,0.06134538459189594,0.0651844365841334,0.5019195259961187,0.9614168469249257,0.03887758028237738,0.0951714691062081
stratified,108,target,197795,1215889,0.9387851057913497,0.5,692975,448418,29318,45178,0.5940451801110134,0.5000822542450464,0.6071309356198961,0.9387958864896573,0.7373855175664762,0.42178276443303747,0.0003350205257476646,0.9386313779995646,0.06120411351034271,0.061368622000435386,0.5000822542450463,0.6071283771862839,0.3929501705309345,0.4059548198889866
logreg,108,source_heldout,197795,102205,0.9387851057913497,0.5,92695,752,3206,5552,0.9383200430507314,0.8767472108446104,0.9919526576562115,0.9434893686321211,0.9671142550105898,0.7356804367220298,0.5193886240434158,0.18999494694290045,0.05651063136787892,0.8100050530570996,0.945440003380534,0.9973858424335343,0.6868125280210724,0.07775953649946407
logreg,108,target,197795,1215889,0.9387851057913497,0.5,689809,435556,42180,48344,0.6020195922489635,0.5113991220441652,0.6129646825696552,0.9345068027902075,0.7403298492421323,0.4443915110427745,0.04241700575941652,0.9117085587018772,0.06549319720979255,0.08829144129812282,0.6520778391264246,0.739225165635883,0.5201518740983089,0.27956916805711457
tree,108,source_heldout,197795,102205,0.9387851057913497,0.5,93100,158,3800,5147,0.9480945159238785,0.9538462404104642,0.9983057753758391,0.9476116319073355,0.9722983734106159,0.7806086985224331,0.6196615005785462,0.03991915108640728,0.05238836809266441,0.9600808489135927,0.9688976381536809,0.997301536888285,0.8604786693676729,0.03804292884611011
tree,108,target,197795,1215889,0.9387851057913497,0.5,736963,472259,5477,1190,0.6106149492264508,0.5049261794731542,0.6094521932283733,0.9983878680978063,0.7568783618974261,0.3897458821871447,0.0651612125753656,0.9885355091514979,0.0016121319021937185,0.011464490848502101,0.4896841020588059,0.6024482067172017,0.3959813315238138,0.38916608952476534
rf,108,source_heldout,197795,102205,0.9387851057913497,0.5,96507,520,3438,1740,0.9778875788855731,0.9254550254850809,0.9946406670308264,0.9822895355583376,0.9884265186353534,0.8705267444315121,0.7486069808978351,0.13137948458817586,0.01771046444166234,0.8686205154118242,0.99113810731224,0.999501990305607,0.8975488143427836,0.014578011557604844
rf,108,target,197795,1215889,0.9387851057913497,0.5,735863,476214,1522,2290,0.6064574973537881,0.5000417610553337,0.6071091193051267,0.9968976621377953,0.7546422729626762,0.3804817767498056,0.0007296710044794217,0.996814140027128,0.0031023378622047192,0.0031858599728720465,0.5781676142865193,0.6714399811749311,0.5093213401823159,0.2793903744233629
xgboost,108,source_heldout,197795,102205,0.9387851057913497,0.5,93057,81,3877,5190,0.9484271806663079,0.963354539128528,0.9991303227468917,0.9471739595102141,0.9724586566345325,0.7838876776454812,0.6288480225638188,0.020464881253158162,0.052826040489785946,0.9795351187468418,0.9943252500312283,0.9997667711867776,0.9126159703392269,0.03564071282744408
xgboost,108,target,197795,1215889,0.9387851057913497,0.5,657184,441749,35987,80969,0.5700939806182965,0.48281843174759587,0.5980200794770928,0.8903086487489721,0.71546351123464,0.41824543328576014,-0.056919767248922865,0.9246717852537804,0.1096913512510279,0.07532821474621967,0.5046886899855978,0.6349526766612095,0.4192033673767659,0.3497980237007141
hgb,108,source_heldout,197795,102205,0.9387851057913497,0.5,93022,93,3865,5225,0.9479673205811848,0.9616604995114637,0.9990012350319497,0.9468177145358128,0.9722097386105915,0.782318848459189,0.6258330456157406,0.023496715512885295,0.0531822854641872,0.9765032844871147,0.9943023408537616,0.9997619953118524,0.9148048472829041,0.03588956729117064
hgb,108,target,197795,1215889,0.9387851057913497,0.5,618223,441702,36034,119930,0.5380894144120063,0.4564767519099537,0.5832705144231903,0.8375269083780734,0.6876487004456981,0.4006872190882428,-0.12713605262158184,0.9245734045581661,0.1624730916219266,0.07542659544183399,0.4021015287842154,0.570244689308458,0.34272724112663516,0.3628668605135769
mlp,108,source_heldout,197795,102205,0.9387851057913497,0.5,92589,156,3802,5658,0.9431143290445673,0.9514983049523122,0.9983179686236455,0.9424104552810773,0.9695589344056296,0.7681301901123393,0.6011638301652318,0.039413845376452754,0.05758954471892271,0.9605861546235472,0.9906524962686856,0.9996154337289993,0.8736880004555017,0.04096975550055504
mlp,108,target,197795,1215889,0.9387851057913497,0.5,625737,327811,149925,112416,0.637938167053078,0.5807651613979267,0.6562197183571252,0.8477063698176395,0.7397725721034627,0.5724665581045042,0.19178598853177495,0.6861760470217861,0.15229363018236056,0.3138239529782139,0.6203114427026959,0.6968771794736253,0.4973219421906829,0.2820647954940796
majority,109,source_heldout,187861,112139,0.941611084791415,0.5,106972,5167,0,0,0.9539232559591222,0.5,0.9539232559591222,1.0,0.9764183450397287,0.48820917251986434,0.0,1.0,0.0,0.0,0.5,0.9539232559591222,0.04607674404087784,0.04607674404087784
majority,109,target,187861,1215889,0.941611084791415,0.5,738153,477736,0,0,0.6070891339587742,0.5,0.6070891339587742,1.0,0.7555139551759891,0.37775697758799454,0.0,1.0,0.0,0.0,0.5,0.6070891339587742,0.3929108660412258,0.3929108660412258
stratified,109,source_heldout,187861,112139,0.941611084791415,0.5,100724,4855,312,6248,0.9009889512123347,0.5009876967166005,0.954015476562574,0.9415921923493998,0.9477631250852736,0.5004868324326343,0.0017646850339298917,0.939616798916199,0.058407807650600156,0.06038320108380105,0.5009876967166005,0.9540100901593062,0.046166366694156344,0.09901104878766531
stratified,109,target,187861,1215889,0.941611084791415,0.5,695034,449777,27959,43119,0.5946208905582664,0.5000546178765194,0.6071168079272474,0.9415852811002597,0.7382339757956073,0.42006138800421494,0.00022740368058741001,0.9414760453472211,0.0584147188997403,0.05852395465277894,0.5000546178765193,0.6071151913601582,0.39293695181367977,0.40537910944173355
logreg,109,source_heldout,187861,112139,0.941611084791415,0.5,95383,869,4298,11589,0.8889057330634302,0.8617402705439827,0.9909716161742094,0.8916632389784243,0.9386981852537102,0.673490823414354,0.4349660035906898,0.16818269789045867,0.10833676102157574,0.8318173021095413,0.9176080171930338,0.9946949837078632,0.5238797272394538,0.1047916318567199
logreg,109,target,187861,1215889,0.941611084791415,0.5,649878,335273,142463,88275,0.6516557021241248,0.5893077096769207,0.6596734916779255,0.8804109717091172,0.7542232827173847,0.5781959436760674,0.2224718997565583,0.7017955523552757,0.11958902829088279,0.29820444764472426,0.6344038436598002,0.7082232609085936,0.5294264774820086,0.2909374728005549
tree,109,source_heldout,187861,112139,0.941611084791415,0.5,95381,320,4847,11591,0.8937836078438367,0.914856527103012,0.996656252285765,0.891644542497102,0.9412304549693349,0.6949614436383356,0.4918124128562804,0.061931488291077995,0.10835545750289795,0.938068511708922,0.9219534040264166,0.9935999368808852,0.360792205845034,0.09260640527772135
tree,109,target,187861,1215889,0.941611084791415,0.5,572665,422823,54913,165488,0.5161474443802024,0.44537611671481236,0.575260575717638,0.7758079964451814,0.6606500423097977,0.4089815026191387,-0.1385016512679392,0.8850557630155567,0.22419200355481858,0.1149442369844433,0.42122066718174156,0.5663838466550559,0.3677721139227584,0.4543785430246176
rf,109,source_heldout,187861,112139,0.941611084791415,0.5,99343,739,4428,7629,0.925378325114367,0.892829620612101,0.9926160548350352,0.9286822719964103,0.9595854221604025,0.7368758508851246,0.531729669242856,0.14302303077220824,0.07131772800358972,0.8569769692277918,0.9622367596400553,0.9980512674227764,0.4684159403759583,0.06109780153510648
rf,109,target,187861,1215889,0.941611084791415,0.5,692056,475467,2269,46097,0.571043080412768,0.4711501861089777,0.5927557744044443,0.9375508871467026,0.7263102437140416,0.36746797373745466,-0.1441907438975454,0.9952505149287473,0.06244911285329735,0.004749485071252742,0.49398226087587044,0.6276264011010547,0.38574879440621757,0.29696194593125447
xgboost,109,source_heldout,187861,112139,0.941611084791415,0.5,94435,181,4986,12537,0.8865871819795076,0.9238855543835267,0.9980870043121671,0.8828011068316943,0.9369109272377324,0.6881998444033528,0.4894928791885553,0.035029998064640994,0.11719889316830573,0.964970001935359,0.9697207572142237,0.9985037929388512,0.6778324639792607,0.09146600216627121
xgboost,109,target,187861,1215889,0.941611084791415,0.5,592091,443565,34171,146062,0.5150651087393668,0.4368259929115807,0.5717062422271488,0.8021250336989757,0.6675927340542301,0.38573042471068375,-0.1736643522959505,0.9284730478758143,0.1978749663010243,0.07152695212418574,0.49199809355057744,0.6347089912411346,0.38398407307390947,0.4127027094364166
hgb,109,source_heldout,187861,112139,0.941611084791415,0.5,94585,196,4971,12387,0.8877910450423135,0.9231351531762876,0.9979320749939334,0.8842033429308604,0.9376316585131323,0.6895039535628925,0.4905156928347936,0.03793303657828527,0.1157966570691396,0.9620669634217147,0.9688261249743733,0.9984574724327473,0.6703863715800469,0.09044140666632113
hgb,109,target,187861,1215889,0.941611084791415,0.5,684670,467985,9751,53483,0.5711220349883912,0.473977843011055,0.5939938663346795,0.9275448314915743,0.7242089096301687,0.380129483929453,-0.11447627008569114,0.9795891454694643,0.07245516850842576,0.020410854530535694,0.486855248434027,0.6376092353796192,0.3921678951726138,0.3755422201963796
mlp,109,source_heldout,187861,112139,0.941611084791415,0.5,92755,145,5022,14217,0.8719268051257814,0.9195166784445694,0.9984391819160388,0.8670960625210336,0.9281440121677874,0.6698410792626203,0.4665889091967873,0.028062705631894717,0.13290393747896645,0.9719372943681053,0.9705817542417402,0.9985134792091787,0.6618994220255086,0.09901176393032074
mlp,109,target,187861,1215889,0.941611084791415,0.5,612115,421618,56118,126038,0.5495838847131604,0.4733593758327153,0.5921403302400137,0.8292522011019395,0.6909191674859444,0.4305007723010999,-0.07291479174851553,0.8825334494365089,0.17074779889806044,0.11746655056349113,0.6412369122773063,0.741714421409648,0.4723775211757995,0.3027144968509674
majority,110,source_heldout,211337,88663,0.9232410794134487,0.5,88648,15,0,0,0.9998308200715067,0.5,0.9998308200715067,1.0,0.9999154028796859,0.49995770143984297,0.0,1.0,0.0,0.0,0.5,0.9998308200715067,0.00016917992849328355,0.00016917992849328355
majority,110,target,211337,1215889,0.9232410794134487,0.5,738153,477736,0,0,0.6070891339587742,0.5,0.6070891339587742,1.0,0.7555139551759891,0.37775697758799454,0.0,1.0,0.0,0.0,0.5,0.6070891339587742,0.3929108660412258,0.3929108660412258
stratified,110,source_heldout,211337,88663,0.9232410794134487,0.5,81833,13,2,6815,0.9229892965498573,0.5282281232139097,0.999841165114972,0.923122913094486,0.9599516698534846,0.48026857497358066,0.002756111123632115,0.8666666666666667,0.07687708690551394,0.13333333333333333,0.5282281232139097,0.9998403698181665,0.00018574049623982475,0.07701070345014267
stratified,110,target,211337,1215889,0.9232410794134487,0.5,681655,441163,36573,56498,0.5907019472994657,0.5000075730302086,0.6070930462461414,0.9234603124284532,0.7325799273605016,0.43036240848208396,2.7823066305192637e-05,0.9234451663680359,0.07653968757154682,0.0765548336319641,0.5000075730302087,0.6070927468008885,0.39291447929404616,0.4092980527005343
logreg,110,source_heldout,211337,88663,0.9232410794134487,0.5,82653,3,12,5995,0.9323505859264857,0.866186490388954,0.9999637049941928,0.9323729807779081,0.9649862233222809,0.4844858051184636,0.03790062797679894,0.2,0.06762701922209187,0.8,0.8363640465661943,0.999763367836515,0.09889205605605797,0.05617729392269055
logreg,110,target,211337,1215889,0.9232410794134487,0.5,653978,433707,44029,84175,0.5740713173653187,0.4890635777348006,0.6012567976941854,0.8859653757418855,0.7163592826964933,0.4308419511478968,-0.034783244352873936,0.9078382202722842,0.11403462425811452,0.09216177972771572,0.641042650328419,0.730626559141542,0.507846720999197,0.29405136237038265
tree,110,source_heldout,211337,88663,0.9232410794134487,0.5,69304,5,10,19344,0.7817691709055637,0.7242276569503354,0.9999278592967724,0.7817886472340041,0.8775046373380098,0.4392686075842819,0.014119492601449037,0.3333333333333333,0.21821135276599585,0.6666666666666666,0.6676939506061427,0.9998790336682766,0.0028515818332665857,0.1705815709823899
tree,110,target,211337,1215889,0.9232410794134487,0.5,568908,326889,150847,169245,0.5919578185179732,0.5432360774513423,0.6350858509238142,0.7707182657253984,0.6963591297163316,0.5372516455572639,0.09589616708494791,0.6842461108227138,0.2292817342746016,0.3157538891772862,0.5399410221757733,0.6328227165347319,0.4157320371885851,0.38984513145556193
rf,110,source_heldout,211337,88663,0.9232410794134487,0.5,73493,11,4,15155,0.8289478136313908,0.5478548115392714,0.9998503482803657,0.8290429564118762,0.9064704721495881,0.4534988448793281,0.003306320448833246,0.7333333333333333,0.1709570435881238,0.26666666666666666,0.8172352074120868,0.9999648695125396,0.10041710785354144,0.09531631129845902
rf,110,target,211337,1215889,0.9232410794134487,0.5,692578,475337,2399,45575,0.5715793135722093,0.47163982975013585,0.5930037716785896,0.9382580576113624,0.7267085959157805,0.36791765037652413,-0.1422975506930985,0.9949783981110907,0.06174194238863759,0.0050216018889093555,0.4759901360676621,0.5847688147769379,0.392431224413215,0.3176036337267305
xgboost,110,source_heldout,211337,88663,0.9232410794134487,0.5,72024,1,14,16624,0.8124922459199441,0.8729025659537346,0.9999861159319681,0.8124717985741359,0.8965289749989108,0.44910517686473495,0.02484352828057416,0.06666666666666667,0.1875282014258641,0.9333333333333333,0.9353709803567668,0.9999884356318401,0.014976384300824118,0.1129656583070755
xgboost,110,target,211337,1215889,0.9232410794134487,0.5,594632,417903,59833,143521,0.5382604826591901,0.4654051106981012,0.5872705634866943,0.8055674094666011,0.6793123617686304,0.4275050701647334,-0.09054776564195699,0.8747571880703987,0.1944325905333989,0.1252428119296013,0.49634007892697024,0.6056628747502965,0.4100290538065072,0.3556210696697235
hgb,110,source_heldout,211337,88663,0.9232410794134487,0.5,76455,9,6,12193,0.8623777675016636,0.6312280028878261,0.999882297551789,0.8624560057756521,0.9260986481903193,0.46354056365631896,0.009909368832128082,0.6,0.137543994224348,0.4,0.8534059802063593,0.999971781757837,0.005638690209064676,0.06895753003305712
hgb,110,target,211337,1215889,0.9232410794134487,0.5,589885,430987,46749,148268,0.5235954926806641,0.448495897109208,0.5778246440298098,0.7991364933828081,0.6706954136524496,0.4048368060944555,-0.13709358072517167,0.902144699164392,0.20086350661719182,0.09785530083560795,0.46038236077464223,0.5946094599355048,0.37385195412658445,0.4103931631980544
mlp,110,source_heldout,211337,88663,0.9232410794134487,0.5,87266,0,15,1382,0.9844128892548188,0.992205125891165,1.0,0.9844102517823301,0.9921438884909671,0.5066951737072399,0.10281003107048975,0.0,0.015589748217669886,1.0,0.9937054417471346,0.9999989313870759,0.024499441272818386,0.012289443053305149
mlp,110,target,211337,1215889,0.9232410794134487,0.5,654268,298850,178886,83885,0.6852220885294628,0.6304017742777452,0.6864501562240982,0.8863582482222521,0.7736997796331871,0.6284222179647407,0.30947004825845764,0.6255546996667616,0.11364175177774798,0.3744453003332384,0.6797681992663974,0.7645002883633023,0.5296203552364895,0.27400511503219604
majority,111,source_heldout,198105,101895,0.9384770702405291,0.5,97877,4018,0,0,0.960567250601109,0.5,0.960567250601109,1.0,0.9798870712612379,0.48994353563061893,0.0,1.0,0.0,0.0,0.5,0.960567250601109,0.039432749398891014,0.039432749398891014
majority,111,target,198105,1215889,0.9384770702405291,0.5,738153,477736,0,0,0.6070891339587742,0.5,0.6070891339587742,1.0,0.7555139551759891,0.37775697758799454,0.0,1.0,0.0,0.0,0.5,0.6070891339587742,0.3929108660412258,0.3929108660412258
stratified,111,source_heldout,198105,101895,0.9384770702405291,0.5,91851,3754,264,6026,0.904018842926542,0.5020686308202685,0.9607342712201244,0.9384329311278441,0.9494526622631563,0.5003375069173756,0.003345743568952595,0.9342956694873071,0.06156706887215587,0.06570433051269288,0.5020686308202684,0.9607239882501705,0.03959954862978354,0.09598115707345797
stratified,111,target,198105,1215889,0.9384770702405291,0.5,692733,448280,29456,45420,0.5939596459874216,0.5000627628234321,0.6071210406892822,0.9384680411784548,0.7372770686570532,0.42194175611886053,0.00025502516255490376,0.9383425155315906,0.06153195882154513,0.06165748446840933,0.5000627628234321,0.6071190774056544,0.39294084496675513,0.40604035401257843
logreg,111,source_heldout,198105,101895,0.9384770702405291,0.5,92302,789,3229,5575,0.9375435497325678,0.8733372019074966,0.9915244223394313,0.9430407552336095,0.9666750450337229,0.7351703099135234,0.5172287893579378,0.19636635141861622,0.05695924476639047,0.8036336485813838,0.9440669337359162,0.9971828113375776,0.687223314865788,0.07675461905486054
logreg,111,target,198105,1215889,0.9384770702405291,0.5,689775,436895,40841,48378,0.6008903773288515,0.509974689977488,0.6122245200457986,0.9344607418787162,0.7397753030716588,0.44192335101815167,0.037365391776222334,0.9145113619237403,0.0655392581212838,0.08548863807625968,0.6503721224228816,0.7373046227942225,0.5199911367748781,0.2818118267898021
tree,111,source_heldout,198105,101895,0.9384770702405291,0.5,93440,186,3832,4437,0.9546297659355218,0.9541879527963534,0.9980133723538334,0.9546675929993768,0.9758593860148405,0.7998040317394134,0.6474200820303382,0.04629168740666999,0.04533240700062323,0.95370831259333,0.9730585646871941,0.9978434028803432,0.8695794556715142,0.03416454216385724
tree,111,target,198105,1215889,0.9384770702405291,0.5,369250,282442,195294,368903,0.4643055410485661,0.45451283762797845,0.5666020144485432,0.5002350461218744,0.5313542157578722,0.4531114246728183,-0.08909420124889814,0.5912093708659176,0.49976495387812553,0.40879062913408243,0.4330900307668492,0.5733485730076695,0.35376992080864095,0.4903154574670974
rf,111,source_heldout,198105,101895,0.9384770702405291,0.5,96284,511,3507,1593,0.9793512929976937,0.928273385080236,0.9947208016943024,0.983724470508904,0.9891920769293991,0.8792198594780797,0.764512908319971,0.12717770034843207,0.016275529491095966,0.872822299651568,0.9921276255888116,0.9995618812369397,0.9064847247915571,0.013712926024894037
rf,111,target,198105,1215889,0.9384770702405291,0.5,693551,474082,3654,44602,0.573411717681466,0.47361239415103357,0.593980300316966,0.9395762125196266,0.7278372283141968,0.37086548787380896,-0.132028692639368,0.9923514242175595,0.06042378748037331,0.007648575782440511,0.5470088630795689,0.6450430517176388,0.44359338906780654,0.3041257118524677
xgboost,111,source_heldout,198105,101895,0.9384770702405291,0.5,92803,83,3935,5074,0.9493890769910202,0.9637511906393947,0.9991064315397369,0.9481594245839166,0.9729664557592406,0.7885481699230685,0.6358386162004154,0.020657043305126927,0.05184057541608345,0.979342956694873,0.9947234097968564,0.9997794755191176,0.9162685249661385,0.0333159863948822
xgboost,111,target,198105,1215889,0.9384770702405291,0.5,667226,439987,37749,70927,0.5798021036459743,0.49146465932989664,0.6026175631969639,0.9039128744311816,0.7231367652812505,0.42594121266456747,-0.029223728453911343,0.9209835557713884,0.09608712556881839,0.07901644422861162,0.454314312050866,0.5769579898719849,0.38709458986404616,0.35385969281196594
hgb,111,source_heldout,198105,101895,0.9384770702405291,0.5,92723,106,3912,5154,0.9483782324942343,0.9604803939858222,0.9988581154596086,0.94734207219265,0.9724182773483792,0.7852002728839114,0.6295594351514702,0.026381284221005476,0.05265792780735004,0.9736187157789945,0.9941903813073502,0.9997540848516717,0.9108251922473659,0.03396858906999195
hgb,111,target,198105,1215889,0.9384770702405291,0.5,612195,445964,31772,125958,0.5296264708373873,0.44793296497624474,0.5785472693612208,0.8293605797172131,0.6816132164122937,0.3908045624633376,-0.15136567618557184,0.9334946497647236,0.1706394202827869,0.06650535023527639,0.41434266277880877,0.6293312421344303,0.3470719531104315,0.39894657406460876
mlp,111,source_heldout,198105,101895,0.9384770702405291,0.5,92359,112,3906,5518,0.9447470435251976,0.9578742771762283,0.9987888094645889,0.943623118812387,0.9704225944060353,0.7757930558698827,0.6151784547195049,0.027874564459930314,0.056376881187613026,0.9721254355400697,0.9935609164747785,0.9997309308886309,0.9059243604028797,0.03244231641292572
mlp,111,target,198105,1215889,0.9384770702405291,0.5,691667,316657,161079,46486,0.7013354015045782,0.6370977360315433,0.6859570931565647,0.9370238961299351,0.7920711237537054,0.6310841025910789,0.3559183207954474,0.6628284240668486,0.06297610387006487,0.3371715759331514,0.7281719166318852,0.8020753492509269,0.5874532996779281,0.2248956859111786
majority,112,source_heldout,143070,156930,0.9380722723142517,0.5,149634,7296,0,0,0.9535079334735233,0.5,0.9535079334735233,1.0,0.976200728069832,0.488100364034916,0.0,1.0,0.0,0.0,0.5,0.9535079334735233,0.04649206652647677,0.04649206652647677
majority,112,target,143070,1215889,0.9380722723142517,0.5,738153,477736,0,0,0.6070891339587742,0.5,0.6070891339587742,1.0,0.7555139551759891,0.37775697758799454,0.0,1.0,0.0,0.0,0.5,0.6070891339587742,0.3929108660412258,0.3929108660412258
stratified,112,source_heldout,143070,156930,0.9380722723142517,0.5,140407,6804,492,9227,0.897846173453132,0.5028852087690456,0.953780627806346,0.9383362070117754,0.9459953847967795,0.5019133550489921,0.0050406189999318935,0.9325657894736842,0.0616637929882246,0.06743421052631579,0.5028852087690456,0.9537638124394577,0.046770598509170064,0.10215382654686803
stratified,112,target,143070,1215889,0.9380722723142517,0.5,692423,448078,29658,45730,0.5938708220898453,0.5000641930915959,0.6071217824447326,0.9380480740442699,0.7371479793511738,0.42219306966488407,0.00026000788630723814,0.937919687861078,0.06195192595573004,0.062080312138921914,0.5000641930915959,0.6071197598081479,0.3929415287407002,0.4061291779101546
logreg,112,source_heldout,143070,156930,0.9380722723142517,0.5,105356,1406,5890,44278,0.7088893137067482,0.7556914914056965,0.9868305202225511,0.7040913161447264,0.8218224933306292,0.5134102025333362,0.230877750914253,0.19270833333333334,0.2959086838552735,0.8072916666666666,0.9010071475899734,0.993891896096404,0.4987104448253317,0.1389118222220761
logreg,112,target,143070,1215889,0.9380722723142517,0.5,684848,437772,39964,53305,0.5961169152776281,0.5057194350353901,0.6100443605137981,0.9277859739105578,0.7360897863414828,0.4380337724274905,0.02099255300105242,0.9163471038397776,0.07221402608944216,0.08365289616022238,0.6508544678619234,0.7426663287866879,0.5292311481366583,0.3047980068685447
tree,112,source_heldout,143070,156930,0.9380722723142517,0.5,108277,723,6573,41357,0.7318549671828204,0.8122584429472826,0.9933669724770642,0.7236122806314073,0.8372990403427237,0.5376695469703334,0.2854859748928576,0.0990953947368421,0.2763877193685927,0.9009046052631579,0.7832626608009801,0.9846012757360688,0.10477477739480735,0.2503411101152133
tree,112,target,143070,1215889,0.9380722723142517,0.5,642539,445986,31750,95614,0.554564602525395,0.46846394409368286,0.5902841000436371,0.870468588490462,0.7035054891995196,0.4042234106053787,-0.10059166636829157,0.9335407003030962,0.129531411509538,0.06645929969690373,0.47147181486947515,0.5929019062819951,0.41004729370125065,0.4398407474796266
rf,112,source_heldout,143070,156930,0.9380722723142517,0.5,144782,2508,4788,4852,0.9531001083285542,0.8119121072082548,0.9829723674383869,0.9675742144165096,0.9752125122927079,0.7703176401803644,0.5470092064381885,0.34375,0.03242578558349039,0.65625,0.9351787843331882,0.9953114671506336,0.6553198962205311,0.04212404325594526
rf,112,target,143070,1215889,0.9380722723142517,0.5,692649,475437,2299,45504,0.5715554627108231,0.4715832624461802,0.5929777430771365,0.9383542436324177,0.7267178984377091,0.3677335056266568,-0.14282571448442608,0.9951877187400573,0.06164575636758233,0.0048122812599427295,0.5017954352382864,0.6108855559859738,0.4029556563451929,0.2976850179088541
xgboost,112,source_heldout,143070,156930,0.9380722723142517,0.5,136596,530,6766,13038,0.913541069266552,0.9201124262938412,0.99613494158657,0.9128673964473315,0.9526851722694937,0.7260104828137136,0.5327417290974195,0.07264254385964912,0.08713260355266851,0.9273574561403509,0.9723146109365037,0.9985449737953394,0.7420272276566942,0.06481471657752991
xgboost,112,target,143070,1215889,0.9380722723142517,0.5,678180,421216,56520,59973,0.6042492365668247,0.5185303179097231,0.6168659882335391,0.9187526163275094,0.7381354184296582,0.46418255551145887,0.06149687591575831,0.8816919805080631,0.08124738367249067,0.11830801949193696,0.4862599484916924,0.6023235984027591,0.4014411382772815,0.33923107385635376
hgb,112,source_heldout,143070,156930,0.9380722723142517,0.5,134496,515,6781,15138,0.9002548907156057,0.9141232650430208,0.9961854959966225,0.8988331528930591,0.9450086950411917,0.7046111419754991,0.5030628364848323,0.07058662280701754,0.10116684710694093,0.9294133771929824,0.9662669022246152,0.9982115603014232,0.7175379137717208,0.07359784894584379
hgb,112,target,143070,1215889,0.9380722723142517,0.5,667730,446634,31102,70423,0.5747498332495812,0.4848492808643024,0.5992027739589577,0.9045956597074049,0.720889470919835,0.4141372851050688,-0.05349711798154342,0.9348970979788,0.09540434029259516,0.06510290202119999,0.45173975778485104,0.5881553885480049,0.3767137437952689,0.37700333949071513
mlp,112,source_heldout,143070,156930,0.9380722723142517,0.5,129115,356,6940,20519,0.8669789077932837,0.9070391074396966,0.9972503494991156,0.8628720745285162,0.9252073592375629,0.6622871783959359,0.45112311324277526,0.048793859649122806,0.13712792547148375,0.9512061403508771,0.9724478701166812,0.9985546415154452,0.737174294386383,0.09326557070016861
mlp,112,target,143070,1215889,0.9380722723142517,0.5,571519,402211,75525,166634,0.5321571294748123,0.4661724389042162,0.5869378575169708,0.7742554727813882,0.6677080150921529,0.43876514041962056,-0.08273671608895097,0.8419105949729557,0.22574452721861185,0.15808940502704422,0.5474938532668486,0.6374969611823453,0.42513114541513525,0.33866792917251587
majority,113,source_heldout,210190,89810,0.9244540653694276,0.5,89558,252,0,0,0.9971940763834762,0.5,0.9971940763834762,1.0,0.9985950671245707,0.49929753356228534,0.0,1.0,0.0,0.0,0.5,0.9971940763834762,0.0028059236165237722,0.0028059236165237722
majority,113,target,210190,1215889,0.9244540653694276,0.5,738153,477736,0,0,0.6070891339587742,0.5,0.6070891339587742,1.0,0.7555139551759891,0.37775697758799454,0.0,1.0,0.0,0.0,0.5,0.6070891339587742,0.3929108660412258,0.3929108660412258
stratified,113,source_heldout,210190,89810,0.9244540653694276,0.5,82781,234,18,6777,0.9219351965259993,0.49787846981844164,0.9971812323074143,0.9243283682083119,0.9593737143122041,0.4822411355724494,-0.0008487087059825377,0.9285714285714286,0.07567163179168807,0.07142857142857142,0.49787846981844164,0.9971822042396087,0.0027947152598089713,0.07806480347400067
stratified,113,target,210190,1215889,0.9244540653694276,0.5,682543,441754,35982,55610,0.5909462130178001,0.4999905318863804,0.6070842490907652,0.9246633150579894,0.7329517570941502,0.4296767047843232,-3.504219794800019e-05,0.9246822512852286,0.07533668494201066,0.07531774871477134,0.4999905318863804,0.6070846171005273,0.3929063498359565,0.40905378698219985
logreg,113,source_heldout,210190,89810,0.9244540653694276,0.5,84138,163,89,5420,0.9378354303529673,0.6463275816292856,0.9980664523552508,0.939480560083968,0.967887771124877,0.49939259238417083,0.06451428744803331,0.6468253968253969,0.06051943991603207,0.3531746031746032,0.93469834393035,0.9996568998058057,0.06527078163188191,0.05852384147095253
logreg,113,target,210190,1215889,0.9244540653694276,0.5,654154,432978,44758,83999,0.5748156287292673,0.4899457679041848,0.6017245375906514,0.8862038086954872,0.7167691620760593,0.43218262982012606,-0.03191681283172797,0.9063122728871176,0.11379619130451275,0.09368772711288242,0.639679900230604,0.7301458122448514,0.5128609470731748,0.29499664464889014
tree,113,source_heldout,210190,89810,0.9244540653694276,0.5,66702,153,99,22856,0.7438035853468433,0.5688241139820005,0.9977114651110612,0.7447910851068581,0.8528958590398497,0.4307138837578703,0.016692350422307527,0.6071428571428571,0.25520891489314185,0.39285714285714285,0.3929403779124072,0.9962925873953197,0.004907224302662339,0.21849494339789427
tree,113,target,210190,1215889,0.9244540653694276,0.5,697993,456251,21485,40160,0.5917300016695602,0.49528323613308445,0.6047187596383433,0.9455939351326893,0.7376813638998582,0.408673379060135,-0.021001173765626577,0.9550274628665204,0.054406064867310706,0.04497253713347958,0.47603130643797953,0.5958522984707206,0.40148406009995297,0.39962329811006264
rf,113,source_heldout,210190,89810,0.9244540653694276,0.5,88755,183,69,803,0.9890212671194745,0.6324216336526794,0.9979423868312757,0.9910337434958351,0.9944760666905701,0.558625933701157,0.14286948480732606,0.7261904761904762,0.008966256504164898,0.27380952380952384,0.5516280883152074,0.9974909669014305,0.08351938201184897,0.05610028649594362
rf,113,target,210190,1215889,0.9244540653694276,0.5,697470,475364,2372,40683,0.5755805011806177,0.4749252476272135,0.5946877392708602,0.9448854099353386,0.729957869938414,0.36953354516792397,-0.13252681385451928,0.9950349146809117,0.05511459006466139,0.004965085319088367,0.49244890304736066,0.6435137233223583,0.38280729002036523,0.2958661250168594
xgboost,113,source_heldout,210190,89810,0.9244540653694276,0.5,87264,121,131,2294,0.9731098986749805,0.747113292193017,0.9986153229959375,0.9743853145447643,0.9863515369356234,0.5421111438880583,0.16128881427273087,0.4801587301587302,0.025614685455235712,0.5198412698412699,0.8932683111804463,0.9996643690369897,0.09675081114978377,0.03688744828104973
xgboost,113,target,210190,1215889,0.9244540653694276,0.5,640145,424844,52892,98008,0.5699837731898224,0.4889696127507147,0.6010813257226131,0.8672253584284016,0.7100328204877929,0.43915413064171016,-0.03267915012706176,0.8892861329269722,0.1327746415715983,0.11071386707302779,0.5227896487558078,0.6149013057736409,0.44094617487092785,0.346850723028183
hgb,113,source_heldout,210190,89810,0.9244540653694276,0.5,76066,119,133,13492,0.8484467208551386,0.6885634014952445,0.9984380127321651,0.8493490252127113,0.9178788847794477,0.4685236464684152,0.05560794829145382,0.4722222222222222,0.15065097478728867,0.5277777777777778,0.8717861564927154,0.9996000710770129,0.07695835368420587,0.076776007715999
hgb,113,target,210190,1215889,0.9244540653694276,0.5,671823,438149,39587,66330,0.5850945275432214,0.4965021690001774,0.6052612137963841,0.9101405806113366,0.7270319918836659,0.43134225572290147,-0.01211594099803227,0.9171362426109818,0.08985941938866332,0.0828637573890182,0.4978822135750417,0.5901120792408321,0.43184016853012264,0.34899846938680323
mlp,113,source_heldout,210190,89810,0.9244540653694276,0.5,86721,4,248,2837,0.9683665516089522,0.9762245943659106,0.9999538771980397,0.9683222046048371,0.9838838685522711,0.5662601842012179,0.2766269837522041,0.015873015873015872,0.03167779539516291,0.9841269841269841,0.9938700937620633,0.9999826088632252,0.20112582923528965,0.02553476393222809
mlp,113,target,210190,1215889,0.9244540653694276,0.5,470855,154631,323105,267298,0.6529872381442714,0.6571040397026627,0.7527826362220738,0.6378826611827088,0.6905859982004035,0.6477864011761487,0.30704459206291335,0.32367458177738334,0.36211733881729125,0.6763254182226167,0.6731218381274555,0.7529489619532473,0.524194727915658,0.2714618742465973
majority,114,source_heldout,198626,101374,0.9374150413339644,0.5,97371,4003,0,0,0.9605125574604928,0.5,0.9605125574604928,1.0,0.9798586127952904,0.4899293063976452,0.0,1.0,0.0,0.0,0.5,0.9605125574604928,0.03948744253950717,0.03948744253950717
majority,114,target,198626,1215889,0.9374150413339644,0.5,738153,477736,0,0,0.6070891339587742,0.5,0.6070891339587742,1.0,0.7555139551759891,0.37775697758799454,0.0,1.0,0.0,0.0,0.5,0.6070891339587742,0.3929108660412258,0.3929108660412258
stratified,114,source_heldout,198626,101374,0.9374150413339644,0.5,91248,3754,249,6123,0.9025687059798371,0.49966007408976343,0.9604850424201595,0.9371168006901439,0.9486570360705504,0.4983285180352752,-0.0005455287172826903,0.9377966525106171,0.06288319930985611,0.062203347489382964,0.49966007408976343,0.9604867726539248,0.03946192487684499,0.09743129402016296
stratified,114,target,198626,1215889,0.9374150413339644,0.5,691905,447765,29971,46248,0.5937022211731499,0.5000409041089806,0.6071099528810971,0.9373463225103739,0.7369224894998091,0.42256491743089847,0.0001648325320879593,0.9372645142924125,0.06265367748962614,0.06273548570758745,0.5000409041089806,0.6071086484990522,0.3929303953728132,0.40629777882685014
logreg,114,source_heldout,198626,101374,0.9374150413339644,0.5,91800,783,3220,5571,0.9373212066210271,0.8735912710997762,0.9915427238261884,0.9427858397264073,0.9665497962664645,0.7349553733559929,0.5170702625863974,0.19560329752685485,0.05721416027359275,0.8043967024731451,0.9428532951171382,0.997015039418919,0.675106799790406,0.07715542594602778
logreg,114,target,198626,1215889,0.9374150413339644,0.5,689232,437553,40183,48921,0.5999026226900647,0.5089182151826032,0.6116801341870898,0.9337251220275471,0.7391473603948228,0.4404631728231964,0.03342766128969489,0.9158886916623407,0.06627487797245286,0.0841113083376593,0.6605813050817713,0.7397204195454199,0.5419282283510839,0.277002707877387
tree,114,source_heldout,198626,101374,0.9374150413339644,0.5,92201,183,3820,5170,0.9471955333714759,0.9505941979056064,0.9980191375129892,0.9469041090263015,0.971789939659034,0.7798994337716397,0.6173692212635817,0.04571571321508868,0.05309589097369853,0.9542842867849113,0.9711519045806687,0.9977995196791446,0.8513539836347042,0.03571043360259023
tree,114,target,198626,1215889,0.9374150413339644,0.5,579345,437057,40679,158808,0.5099347062108466,0.43500357473892737,0.5699959268084872,0.784857610820521,0.6603896714551553,0.3902621990628453,-0.17143385501170444,0.9148504613426662,0.21514238917947906,0.08514953865733375,0.43222658276401604,0.5754864741417818,0.37570839116084825,0.47473265568670225
rf,114,source_heldout,198626,101374,0.9374150413339644,0.5,95747,501,3502,1624,0.9790380176376585,0.9290826949675082,0.9947946970326657,0.9833215228353411,0.9890248374384746,0.8781250816615092,0.7627697258597858,0.12515613290032476,0.01667847716465888,0.8748438670996752,0.9897003013624901,0.9993747594636392,0.8919981192500007,0.014415066285117508
rf,114,target,198626,1215889,0.9374150413339644,0.5,703140,475922,1814,35013,0.5797848323325566,0.4781819102511522,0.5963554079429241,0.9525667442928498,0.7335014591477742,0.37027605106027456,-0.12435475790561736,0.9962029237905454,0.047433255707150145,0.0037970762094545942,0.5370402112084903,0.6150734677711175,0.4517140526319932,0.28876089792997595
xgboost,114,source_heldout,198626,101374,0.9374150413339644,0.5,92143,73,3930,5228,0.9477084854104603,0.964036063184816,0.9992083803244556,0.9463084491275636,0.9720392220985616,0.784629139200637,0.6305011453051138,0.01823632275793155,0.05369155087243635,0.9817636772420685,0.9944346307337719,0.9997670389073452,0.9122006903526816,0.03363783657550812
xgboost,114,target,198626,1215889,0.9374150413339644,0.5,674410,438758,38978,63743,0.5867213207784592,0.4976171344206779,0.6058474551909505,0.9136452740827443,0.7285716523498627,0.4314363644576982,-0.008369253886641122,0.9184110052413885,0.08635472591725564,0.08158899475861145,0.48777396034059983,0.6066480878807838,0.3987605172500566,0.3291364014148712
hgb,114,source_heldout,198626,101374,0.9374150413339644,0.5,91982,87,3916,5389,0.9459822045100321,0.9614606398417237,0.9990550565336866,0.9446549794086535,0.97109375,0.779805967275323,0.6225258184650211,0.021733699725206095,0.0553450205913465,0.9782663002747939,0.9939134559023117,0.9997428167653905,0.9054152902064687,0.03488950919947968
hgb,114,target,198626,1215889,0.9374150413339644,0.5,669549,454594,23142,68604,0.5696992077401802,0.47775044921382165,0.5956083879008276,0.9070599184721867,0.7190575504645877,0.40016570493332043,-0.08228374928182751,0.9515590200445434,0.09294008152781334,0.04844097995545657,0.36334723619267195,0.5682999348056466,0.33296910453115075,0.32101378388891083
mlp,114,source_heldout,198626,101374,0.9374150413339644,0.5,91177,101,3902,6194,0.9379032098960286,0.9555782770608111,0.9988934902167006,0.9363876308141028,0.966631150973501,0.7600727923106387,0.5925743992136809,0.02523107669248064,0.06361236918589724,0.9747689233075194,0.9927959618192406,0.9996989197274442,0.893423112435766,0.04225296899676323
mlp,114,target,198626,1215889,0.9374150413339644,0.5,504577,167654,310082,233576,0.6700109960695425,0.6663162748490876,0.7506006119920087,0.6835669569858823,0.715517192480913,0.6613456547115264,0.3267456121743901,0.35093440728770703,0.3164330430141177,0.649065592712293,0.6750586731082816,0.7251758070677923,0.571295049429281,0.26173707842826843
majority,115,source_heldout,197936,102064,0.9388438687252445,0.5,98119,3945,0,0,0.9613477817839787,0.5,0.9613477817839787,1.0,0.9802930318758336,0.4901465159379168,0.0,1.0,0.0,0.0,0.5,0.9613477817839787,0.03865221821602132,0.03865221821602132
majority,115,target,197936,1215889,0.9388438687252445,0.5,738153,477736,0,0,0.6070891339587742,0.5,0.6070891339587742,1.0,0.7555139551759891,0.37775697758799454,0.0,1.0,0.0,0.0,0.5,0.6070891339587742,0.3929108660412258,0.3929108660412258
stratified,115,source_heldout,197936,102064,0.9388438687252445,0.5,92097,3695,250,6022,0.9047950305690547,0.5009984513386276,0.9614268414898948,0.9386255465302337,0.949889382242369,0.49941371333905665,0.0016028368350010113,0.9366286438529785,0.061374453469766305,0.06337135614702155,0.5009984513386276,0.9614219892436527,0.038728737586206985,0.0952049694309453
stratified,115,target,197936,1215889,0.9388438687252445,0.5,693010,448448,29288,45143,0.5940492923284938,0.5000745639727925,0.6071270252606754,0.9388433021338395,0.7373972593265309,0.4217405535739664,0.00030382207043713587,0.9386941741882546,0.061156697866160535,0.0613058258117454,0.5000745639727925,0.6071247079537733,0.3929464904246659,0.4059507076715062
logreg,115,source_heldout,197936,102064,0.9388438687252445,0.5,92474,742,3203,5645,0.9374216178084339,0.8771908173219889,0.9920399931342259,0.9424678196883376,0.9666187576763269,0.7336806756411025,0.5168010400464301,0.18808618504435995,0.05753218031166237,0.8119138149556401,0.9456629388919647,0.9972136110180168,0.6917751407905076,0.07798410985008479
logreg,115,target,197936,1215889,0.9388438687252445,0.5,690240,436790,40946,47913,0.6013591701216148,0.5103995586583341,0.6124415499143767,0.9350906925799936,0.7401311292243175,0.4423323512940038,0.03902955814120823,0.9142915752633254,0.06490930742000642,0.08570842473667464,0.6485100904502932,0.7347697202972198,0.5150703508919177,0.28026948452793937
tree,115,source_heldout,197936,102064,0.9388438687252445,0.5,93047,292,3653,5072,0.9474447405549459,0.9371449616203474,0.9968716185088763,0.948307667220416,0.9719834115053955,0.7743105692096828,0.6027555857362098,0.07401774397972116,0.051692332779583974,0.9259822560202788,0.9558624029787373,0.9965423425437507,0.8452083127909934,0.038361454828203856
tree,115,target,197936,1215889,0.9388438687252445,0.5,549795,426082,51654,188358,0.4946578182712402,0.42647386874514137,0.5633855496133222,0.7448252598038618,0.6415231938764199,0.39272835964601266,-0.18043669793637976,0.8918775223135791,0.2551747401961382,0.10812247768642096,0.4896321245833428,0.6170469875442398,0.4370118720828084,0.4362793045656777
rf,115,source_heldout,197936,102064,0.9388438687252445,0.5,96416,527,3418,1703,0.9781509641009563,0.924528352970839,0.9945638158505513,0.9826435246995995,0.9885677374373276,0.8712968843815803,0.7497235299597709,0.13358681875792142,0.017356475300400534,0.8664131812420786,0.9912209897577747,0.9995233638228579,0.8956350682565206,0.014666641889105946
rf,115,target,197936,1215889,0.9388438687252445,0.5,738153,477093,643,0,0.6076179651267509,0.5006729658221277,0.6074103514843908,1.0,0.7557626475696977,0.37922544633203426,0.028592530722395655,0.9986540683557446,0.0,0.0013459316442554047,0.49376764937367856,0.607455457472755,0.4129018663955202,0.30240830414020603
xgboost,115,source_heldout,197936,102064,0.9388438687252445,0.5,92864,87,3858,5255,0.9476602915817526,0.9621946765425718,0.9990640229798496,0.9464425850243072,0.9720416601245617,0.7814718945438248,0.6248809381654336,0.022053231939163497,0.05355741497569278,0.9779467680608365,0.9947345707097784,0.9997840585643702,0.9186654946230419,0.03544797748327255
xgboost,115,target,197936,1215889,0.9388438687252445,0.5,635032,437816,39920,103121,0.5551098825632932,0.4719297026316047,0.5919123678284343,0.8602986101797324,0.7013049689094595,0.4149589906558293,-0.08510299050599761,0.916439204916523,0.1397013898202676,0.08356079508347707,0.46024859344260177,0.5878063441635377,0.3823891889719729,0.3706137537956238
hgb,115,source_heldout,197936,102064,0.9388438687252445,0.5,92419,86,3859,5700,0.9433100799498354,0.9600537646721653,0.999070320523215,0.941907275858906,0.9696470538861843,0.7705907070378789,0.608765189390117,0.021799746514575412,0.058092724141093975,0.9782002534854246,0.9939944939728202,0.9997488235652787,0.911184914005489,0.03722971826549357
hgb,115,target,197936,1215889,0.9388438687252445,0.5,646711,455413,22323,91442,0.5502426619535171,0.4614235886405982,0.5867860603707024,0.8761205332769765,0.7028409310120162,0.38916004667324194,-0.12938961881487454,0.9532733559957801,0.12387946672302355,0.04672664400421991,0.5446604834278398,0.6460278373030227,0.43262389520344124,0.3463347285895399
mlp,115,source_heldout,197936,102064,0.9388438687252445,0.5,91436,79,3866,6683,0.9337474525787741,0.9559317401643029,0.9991367535376714,0.9318888288710647,0.9643418374342154,0.7489019798458507,0.5774017489758488,0.02002534854245881,0.06811117112893528,0.9799746514575411,0.9927026170893001,0.9997003358751773,0.8912092111621127,0.04475967586040497
mlp,115,target,197936,1215889,0.9388438687252445,0.5,420967,159431,318305,317186,0.6080094482308829,0.6182878923651778,0.7253074614316383,0.5702977566981371,0.6385297193661831,0.6051948631774373,0.23132353084714238,0.33372197196778136,0.4297022433018629,0.6662780280322186,0.6220142181748187,0.7232728932817232,0.4768795955012256,0.29296839237213135
majority,116,source_heldout,211234,88766,0.9235776437505326,0.5,88743,23,0,0,0.9997408917828898,0.5,0.9997408917828898,1.0,0.9998704291050031,0.49993521455250156,0.0,1.0,0.0,0.0,0.5,0.9997408917828898,0.0002591082171101548,0.0002591082171101548
majority,116,target,211234,1215889,0.9235776437505326,0.5,738153,477736,0,0,0.6070891339587742,0.5,0.6070891339587742,1.0,0.7555139551759891,0.37775697758799454,0.0,1.0,0.0,0.0,0.5,0.6070891339587742,0.3929108660412258,0.3929108660412258
stratified,116,source_heldout,211234,88766,0.9235776437505326,0.5,81949,21,2,6794,0.9232251087127954,0.5051991853368472,0.9997438087105038,0.9234418489345638,0.9600791972491843,0.480332896762149,0.0006294222820819755,0.9130434782608695,0.07655815106543615,0.08695652173913043,0.5051991853368472,0.9997435853959189,0.00026216756860232907,0.07677489128720456
stratified,116,target,211234,1215889,0.9235776437505326,0.5,681905,441336,36400,56248,0.5907652754486635,0.4999958522725174,0.6070869920168512,0.923798995601183,0.7326820651619163,0.4301576894296776,-1.527048711757128e-05,0.9238072910561481,0.07620100439881705,0.07619270894385183,0.4999958522725174,0.6070871552349771,0.3929088874412261,0.4092347245513365
logreg,116,source_heldout,211234,88766,0.9235776437505326,0.5,82656,10,13,6087,0.931313791316495,0.7483130328956749,0.9998790312825103,0.9314086744870018,0.9644301057704088,0.48433819513573517,0.03159599975707184,0.43478260869565216,0.06859132551299821,0.5652173913043478,0.6786009821227786,0.9995826934489548,0.034836822602640614,0.056359386527300465
logreg,116,target,211234,1215889,0.9235776437505326,0.5,653386,434469,43267,84767,0.5729577288716322,0.4878650652619257,0.6006186486250465,0.8851633739888614,0.7156441811865009,0.42924688878398287,-0.03861770465355459,0.90943324346501,0.11483662601113862,0.09056675653499004,0.6441811184134788,0.7321351864851213,0.5103856280474278,0.29382303160774126
tree,116,source_heldout,211234,88766,0.9235776437505326,0.5,72895,10,13,15848,0.8213505170898767,0.6933171458961368,0.9998628351964886,0.8214169004879258,0.9018979511036326,0.4517674091957347,0.016243791324594366,0.43478260869565216,0.17858309951207418,0.5652173913043478,0.8081994464719569,0.999913069837445,0.0011847053714505202,0.15859017458996763
tree,116,target,211234,1215889,0.9235776437505326,0.5,646506,454295,23441,91647,0.5509935528654343,0.46245483085570244,0.5873050624045582,0.8758428130753381,0.7031236235381635,0.39110305841226756,-0.12528001904566108,0.9509331513639332,0.12415718692466196,0.04906684863606678,0.5218616912755901,0.6281567911627188,0.4117106184261475,0.4468011619840048
rf,116,source_heldout,211234,88766,0.9235776437505326,0.5,72931,19,4,15812,0.8216546876056148,0.49786780488258964,0.9997395476353667,0.8218225662869184,0.9020922365222984,0.45129865945693176,-0.00017936055330440955,0.8260869565217391,0.1781774337130816,0.17391304347826086,0.7925210512623408,0.9999375483121221,0.041147134056011093,0.08825596016360573
rf,116,target,211234,1215889,0.9235776437505326,0.5,688650,469740,7996,49503,0.5729519717671596,0.4748369725468018,0.5944889027011628,0.9329366676014322,0.7262160678666395,0.37804726623315066,-0.11579838978839249,0.9832627225078286,0.06706333239856778,0.01673727749217141,0.4762012529376609,0.595792873542331,0.375728222316279,0.323621192417145
xgboost,116,source_heldout,211234,88766,0.9235776437505326,0.5,72115,4,19,16628,0.8126309623053872,0.8193572156824127,0.9999445361139229,0.8126274748430862,0.8966070296278797,0.4494432868595308,0.026335699743961178,0.17391304347826086,0.18737252515691377,0.8260869565217391,0.8960594075025635,0.9999706194718565,0.029897515710033348,0.1149296686053276
xgboost,116,target,211234,1215889,0.9235776437505326,0.5,647922,414999,62737,90231,0.5844768724776686,0.5045412987802358,0.6095674090548592,0.8777611145656795,0.7194840411887574,0.4592134049521757,0.013376006237546683,0.8686785170052079,0.12223888543432053,0.1313214829947921,0.4705352799558942,0.5968702852903479,0.3865917344651877,0.36877569556236267
hgb,116,source_heldout,211234,88766,0.9235776437505326,0.5,74295,6,17,14448,0.8371673839082532,0.78816161372679,0.9999192473856341,0.8371927926709712,0.9113490836829322,0.45684792671170354,0.02511542582459865,0.2608695652173913,0.16280720732902876,0.7391304347826086,0.9131591028122732,0.9999755186777196,0.008411743896680809,0.07823862687605893
hgb,116,target,211234,1215889,0.9235776437505326,0.5,659900,436702,41034,78253,0.5764786094783323,0.48994036481383685,0.6017680069888619,0.8939881027375084,0.7193330989696172,0.4283975698977575,-0.03303378447414648,0.9141073731098347,0.10601189726249165,0.08589262689016527,0.5211422340632211,0.6303465179422426,0.41884331417693416,0.38010934210357605
mlp,116,source_heldout,211234,88766,0.9235776437505326,0.5,83900,2,21,4843,0.945418290787013,0.9292350799009744,0.9999761626659674,0.9454266815410793,0.9719366329751803,0.4902654312819425,0.0607118176032372,0.08695652173913043,0.0545733184589207,0.9130434782608695,0.9730460063230951,0.9999919770824421,0.012631227286238788,0.04433486610651016
mlp,116,target,211234,1215889,0.9235776437505326,0.5,416615,175247,302489,321538,0.5914224078020279,0.598786918691057,0.7039056401661198,0.5644019600272572,0.6264816562219223,0.5877907993842749,0.19305661848835004,0.3668281226451429,0.43559803997274277,0.633171877354857,0.60018155038454,0.7185656536609217,0.443374226408469,0.27995219826698303
majority,117,source_heldout,197029,102971,0.9394454623431069,0.5,98764,4207,0,0,0.9591438366141923,0.5,0.9591438366141923,1.0,0.9791459092373659,0.48957295461868294,0.0,1.0,0.0,0.0,0.5,0.9591438366141923,0.04085616338580766,0.04085616338580766
majority,117,target,197029,1215889,0.9394454623431069,0.5,738153,477736,0,0,0.6070891339587742,0.5,0.6070891339587742,1.0,0.7555139551759891,0.37775697758799454,0.0,1.0,0.0,0.0,0.5,0.6070891339587742,0.3929108660412258,0.3929108660412258
stratified,117,source_heldout,197029,102971,0.9394454623431069,0.5,92776,3946,261,5988,0.9035262355420458,0.5007050394600582,0.9592026633030748,0.9393706208740027,0.9491830617026283,0.49955327530425986,0.0011691254517127306,0.9379605419538863,0.06062937912599733,0.06203945804611362,0.5007050394600582,0.9591990966774518,0.040912651508691535,0.09647376445795418
stratified,117,target,197029,1215889,0.9394454623431069,0.5,693486,448729,29007,44667,0.5942096688102285,0.5001028948695331,0.6071413875671393,0.9394881548947169,0.7376066812453732,0.42140848017401866,0.000421269329119814,0.9392823651556508,0.06051184510528305,0.06071763484434918,0.5001028948695331,0.6071382256048837,0.3929600546728808,0.4057903311897714
logreg,117,source_heldout,197029,102971,0.9394454623431069,0.5,93168,882,3325,5596,0.9370890833341426,0.8668445480313042,0.990622009569378,0.9433396784253372,0.9664028545645026,0.7364768690860295,0.5163111292536231,0.2096505823627288,0.05666032157466283,0.7903494176372712,0.9469810032414236,0.997250166639802,0.6789008377589529,0.07433804307033061
logreg,117,target,197029,1215889,0.9394454623431069,0.5,689869,439952,37784,48284,0.5984534772499792,0.5068388966002063,0.6106002632275378,0.9345880867516626,0.738628053709527,0.43633022397291094,0.026046989519769213,0.9209102935512501,0.06541191324833741,0.07908970644874994,0.6438705907642949,0.7300308996024325,0.5114444634225312,0.28512827832113163
tree,117,source_heldout,197029,102971,0.9394454623431069,0.5,93291,189,4018,5473,0.9450136446183877,0.9498299733457616,0.9979781771501925,0.9445850714835365,0.9705478454464118,0.7786014157878869,0.6156709167651766,0.04492512479201331,0.055414928516463485,0.9550748752079867,0.9728508917402359,0.99788162630287,0.8431132808971538,0.04064640722595709
tree,117,target,197029,1215889,0.9394454623431069,0.5,729679,441136,36600,8474,0.6302211797293996,0.5325656726894683,0.6232231394370588,0.9885199951771516,0.7644748366656748,0.45224373037736604,0.16836431169556568,0.9233886497982149,0.01148000482284838,0.07661135020178508,0.6162103410184977,0.6709710277248948,0.49373954303258605,0.36063116688848135
rf,117,source_heldout,197029,102971,0.9394454623431069,0.5,96632,536,3671,2132,0.9740897922716104,0.9255032419386768,0.9944837806685328,0.9784131869912114,0.9863830308474368,0.8599247821569851,0.7305173638593306,0.12740670311385785,0.021586813008788626,0.8725932968861422,0.9900903705574614,0.9994425898073882,0.8784731128455514,0.017473595162381256
rf,117,target,197029,1215889,0.9394454623431069,0.5,692705,475205,2531,45448,0.571792326437693,0.47186400689112723,0.5931150516735022,0.9384301086631092,0.7268437611978198,0.36823627623152455,-0.14116568477245556,0.9947020948808547,0.061569891336890864,0.005297905119145302,0.5255681794643284,0.6197666454495824,0.42845435138306687,0.3137228000075402
xgboost,117,source_heldout,197029,102971,0.9394454623431069,0.5,92874,75,4132,5890,0.942071068553282,0.9612677273944076,0.9991931058967821,0.9403628852618363,0.9688857823934736,0.7748357508495585,0.6161253774906579,0.017827430473021155,0.0596371147381637,0.9821725695269788,0.9936704234338805,0.9997256194791067,0.9031972055040206,0.0386558398604393
xgboost,117,target,197029,1215889,0.9394454623431069,0.5,579510,447294,30442,158643,0.501651055318372,0.42440126379227144,0.5643822969135297,0.7850811417145226,0.656684553787996,0.3739947083561145,-0.20376960109818107,0.9362786141299797,0.2149188582854774,0.06372138587002026,0.4491154273790735,0.5765267817539912,0.3714199629869997,0.40287426114082336
hgb,117,source_heldout,197029,102971,0.9394454623431069,0.5,92873,81,4126,5891,0.9420030882481475,0.9605495676020794,0.9991286012436259,0.9403527601150217,0.9688500818911109,0.7744981568060729,0.6153030778863505,0.019253624910862847,0.05964723988497833,0.9807463750891372,0.9937624041472062,0.9997267003658445,0.9048452246734351,0.03890684584414391
hgb,117,target,197029,1215889,0.9394454623431069,0.5,655118,462271,15465,83035,0.5515166269289384,0.45994060313961094,0.5862935826287891,0.8875097710095332,0.7061203680649643,0.3798981462562932,-0.14341060562517555,0.9676285647303113,0.11249022899046675,0.0323714352696887,0.4454980357165337,0.5964879452977188,0.36133710642170425,0.34932798825219996
mlp,117,source_heldout,197029,102971,0.9394454623431069,0.5,92172,108,4099,6592,0.9349331365141642,0.9537917661584082,0.9988296488946684,0.9332550321979669,0.9649295450262767,0.7576023748758716,0.5889917896678267,0.025671499881150462,0.06674496780203312,0.9743285001188495,0.991647146176227,0.9996374504132347,0.8755371866067218,0.04212615266442299
mlp,117,target,197029,1215889,0.9394454623431069,0.5,611663,304134,173602,126490,0.6458360919458931,0.596012330112143,0.6679023844804034,0.8286398619256441,0.7396390459203724,0.5930076828104359,0.21751908472051176,0.6366152017013581,0.17136013807435585,0.36338479829864195,0.6542629603452665,0.7352699080967382,0.5209585686630935,0.245077982544899
majority,118,source_heldout,211002,88998,0.9430811082359409,0.5,85063,3935,0,0,0.9557855232701858,0.5,0.9557855232701858,1.0,0.977392982919781,0.4886964914598905,0.0,1.0,0.0,0.0,0.5,0.9557855232701858,0.044214476729814156,0.044214476729814156
majority,118,target,211002,1215889,0.9430811082359409,0.5,738153,477736,0,0,0.6070891339587742,0.5,0.6070891339587742,1.0,0.7555139551759891,0.37775697758799454,0.0,1.0,0.0,0.0,0.5,0.6070891339587742,0.3929108660412258,0.3929108660412258
stratified,118,source_heldout,211002,88998,0.9430811082359409,0.5,80197,3712,223,4866,0.9036158115912717,0.4997331210423141,0.9557615988749717,0.9427953399245266,0.9492341926473025,0.49932897575627533,-0.0004725704334716693,0.9433290978398984,0.05720466007547347,0.05667090216010165,0.49973312104231415,0.9557629674618674,0.044192121600373634,0.09638418840872828
stratified,118,target,211002,1215889,0.9430811082359409,0.5,696131,450467,27269,42022,0.5949556250611693,0.5000755325875536,0.6071273454166151,0.9430714228621979,0.7386981091932038,0.4191985135812589,0.0003182640119000919,0.9429203576870908,0.056928577137802056,0.05707964231290922,0.5000755325875536,0.6071251700926898,0.3929469578959821,0.4050443749388308
logreg,118,source_heldout,211002,88998,0.9430811082359409,0.5,78939,597,3338,6124,0.9244814490213263,0.8881454631854369,0.9924939649969825,0.9280063012120429,0.9591674311508576,0.7287439753350764,0.5177187348664759,0.151715374841169,0.07199369878795717,0.848284625158831,0.9367942358172353,0.9963014171893652,0.695503625492417,0.09124262853082282
logreg,118,target,211002,1215889,0.9430811082359409,0.5,654898,433278,44458,83255,0.5751807936415249,0.4901357475217568,0.6018309538162945,0.887211729817531,0.7171741783654533,0.43201689086709644,-0.03142637072475125,0.9069402347740174,0.11278827018246895,0.09305976522598255,0.6604600857934048,0.7476800974819506,0.5251233235539479,0.2829168218119197
tree,118,source_heldout,211002,88998,0.9430811082359409,0.5,81023,2062,1873,4040,0.9314366614980112,0.714245271024999,0.9751820424866101,0.952505789826364,0.9637105407141328,0.6720461720629965,0.353686680264443,0.524015247776366,0.04749421017363601,0.47598475222363407,0.714733978243885,0.9744779787199239,0.32100794518003495,0.060584840063726254
tree,118,target,211002,1215889,0.9430811082359409,0.5,649279,461571,16165,88874,0.5472900898026053,0.45671808324985586,0.584488454786875,0.8795994868272566,0.7023017269306756,0.37888884124406885,-0.15048758097563286,0.9661633203275449,0.12040051317274332,0.03383667967245508,0.45684604236001536,0.5876607748532033,0.39190792837048755,0.4494009679335952
rf,118,source_heldout,211002,88998,0.9430811082359409,0.5,82855,506,3429,2208,0.9695049326951167,0.9227265938074958,0.993930015234942,0.9740427683011416,0.9838859069966276,0.8501752978359653,0.7135539368795158,0.12858958068614992,0.025957231698858493,0.8714104193138501,0.9677669011028688,0.9979157856587708,0.6474083314549854,0.026422248816188123
rf,118,target,211002,1215889,0.9430811082359409,0.5,738094,476170,1566,59,0.6083285563073603,0.5015990159104265,0.6078529874887174,0.9999200707712358,0.7560823328213184,0.3813080154033808,0.042753012069885986,0.9967220389503826,7.99292287642264e-05,0.0032779610496173617,0.5380231689513297,0.6350456282578324,0.4611489278598616,0.2796378636381656
xgboost,118,source_heldout,211002,88998,0.9430811082359409,0.5,80365,215,3720,4698,0.9447965122811749,0.9450662406864567,0.997331844130057,0.9447703466842223,0.9703398272187778,0.7863113367454692,0.6252868173403586,0.054637865311308764,0.05522965331577772,0.9453621346886912,0.9899423987730986,0.9995141234087505,0.8874421931519353,0.03723984956741333
xgboost,118,target,211002,1215889,0.9430811082359409,0.5,618261,447339,30397,119892,0.5334845532774785,0.45060278990365676,0.5801998873873874,0.8375783882203283,0.6855273421582667,0.3911646105321806,-0.14660166155832385,0.9363728084130147,0.16242161177967168,0.06362719158698528,0.46554020386243933,0.5956746896359639,0.3947217360101127,0.353586882352829
hgb,118,source_heldout,211002,88998,0.9430811082359409,0.5,80295,218,3717,4768,0.9439762691296434,0.9442735865357048,0.9972923627240321,0.9439474272010158,0.9698869401362517,0.7842188323869663,0.6219626103085696,0.0554002541296061,0.05605257279898428,0.9445997458703939,0.98902956909985,0.9994108679541464,0.8989373915938913,0.03834867413999486
hgb,118,target,211002,1215889,0.9430811082359409,0.5,647868,423120,54616,90285,0.5777533968972497,0.49600525685839114,0.604925545384262,0.8776879590003699,0.7162161489900456,0.4458253158411041,-0.012043647637346921,0.8856774452835876,0.12231204099963015,0.11432255471641241,0.49290278209257254,0.6264700837964701,0.3949039851297456,0.3927147528147747
mlp,118,source_heldout,211002,88998,0.9430811082359409,0.5,79235,260,3675,5828,0.9315939684037844,0.932706188720488,0.9967293540474244,0.9314860750267449,0.9630039256675458,0.7549801589939158,0.5760571174316164,0.06607369758576874,0.06851392497325512,0.9339263024142312,0.9775256685824951,0.9973796759891922,0.8693639735975783,0.04834841191768646
mlp,118,target,211002,1215889,0.9430811082359409,0.5,432887,154781,322955,305266,0.6216373369608574,0.6312288038265297,0.7366182946833927,0.5864461703738927,0.6530097200149945,0.6185189256538108,0.2565098806112468,0.32398856272083326,0.4135538296261073,0.6760114372791667,0.6184716967175107,0.6720609396935211,0.4900973351091842,0.28714850544929504
majority,119,source_heldout,147372,152628,0.9267364221154629,0.5,147278,5350,0,0,0.9649474539402992,0.5,0.9649474539402992,1.0,0.9821610771375031,0.49108053856875156,0.0,1.0,0.0,0.0,0.5,0.9649474539402992,0.035052546059700714,0.035052546059700714
majority,119,target,147372,1215889,0.9267364221154629,0.5,738153,477736,0,0,0.6070891339587742,0.5,0.6070891339587742,1.0,0.7555139551759891,0.37775697758799454,0.0,1.0,0.0,0.0,0.5,0.6070891339587742,0.3929108660412258,0.3929108660412258
stratified,119,source_heldout,147372,152628,0.9267364221154629,0.5,136552,4939,411,10726,0.8973648347616426,0.5019970865702131,0.9650931861390477,0.9271717432338842,0.9457524872822222,0.4978049753691392,0.002824386968226675,0.9231775700934579,0.07282825676611578,0.07682242990654206,0.5019970865702131,0.9650825727170582,0.035194780298742415,0.1026351652383573
stratified,119,target,147372,1215889,0.9267364221154629,0.5,684211,442811,34925,53942,0.5914487259939024,0.5000141194265182,0.6070964009575678,0.9269230091864423,0.7336694948195209,0.4284740257051454,5.298803026636253e-05,0.926894770333406,0.07307699081355762,0.07310522966659411,0.5000141194265182,0.6070958699071637,0.39291760348894683,0.4085512740060976
logreg,119,source_heldout,147372,152628,0.9267364221154629,0.5,105878,1291,4059,41400,0.7202937861991247,0.7387952708927474,0.9879536059868059,0.7188989530004481,0.8322204624145696,0.4959976527270943,0.19206888679411008,0.24130841121495328,0.28110104699955185,0.7586915887850467,0.9067542271447233,0.995954866964909,0.5491480451692649,0.12360237255509207
logreg,119,target,147372,1215889,0.9267364221154629,0.5,688954,433149,44587,49199,0.603296024554873,0.5133391475884106,0.613984634209159,0.9333485063394716,0.7407088056697573,0.44836889746500663,0.04883597738991101,0.9066702111626505,0.06665149366052837,0.09332978883734949,0.6685180267986685,0.75051876588567,0.5548393486287326,0.2805704116192373
tree,119,source_heldout,147372,152628,0.9267364221154629,0.5,134942,756,4594,12336,0.9142228162591398,0.8874658123178075,0.9944288051408274,0.9162400358505683,0.9537345923329187,0.6830611920371954,0.4538308475039506,0.14130841121495327,0.08375996414943168,0.8586915887850467,0.9193901773656357,0.9949239294992636,0.44679827223245694,0.07021050571010531
tree,119,target,147372,1215889,0.9267364221154629,0.5,736742,365299,112437,1411,0.6984017455540761,0.6167211538821592,0.6685250367273087,0.9980884721731131,0.8007220977788212,0.5904219700772724,0.3913678694709402,0.7646461644087948,0.0019115278268868378,0.23535383559120518,0.6688807846071531,0.7029763530294677,0.5725191256504366,0.3012870014983852
rf,119,source_heldout,147372,152628,0.9267364221154629,0.5,142182,1289,4061,5096,0.958166260450245,0.862232095117213,0.9910156059412704,0.9653987696736783,0.9780394773498791,0.7689535637249154,0.5610532515679001,0.24093457943925234,0.03460123032632165,0.7590654205607477,0.9327197462285388,0.9966228146375313,0.7198931485552833,0.04574469625525607
rf,119,target,147372,1215889,0.9267364221154629,0.5,738153,477427,309,0,0.6073432689990615,0.5003234003717535,0.607243455798878,1.0,0.7556334463306911,0.3784631058280656,0.019818312710732915,0.9993531992564931,0.0,0.0006468007435068741,0.5272363519412108,0.669274601116436,0.40476870474570587,0.272695990096221
xgboost,119,source_heldout,147372,152628,0.9267364221154629,0.5,134712,532,4818,12566,0.9141835049925309,0.9076195555153945,0.9960663689331875,0.9146783633672375,0.9536390086435746,0.6887487732581822,0.4719510716051127,0.0994392523364486,0.08532163663276253,0.9005607476635514,0.9795800071909275,0.9991951321300404,0.8095664607987495,0.05366623401641846
xgboost,119,target,147372,1215889,0.9267364221154629,0.5,671895,444836,32900,66258,0.5796540638166806,0.4895523041475514,0.6016623519898704,0.9102381213650829,0.7244603975235109,0.41925973971728625,-0.0372888964306112,0.93113351306998,0.08976187863491715,0.06886648693001993,0.45547329532937697,0.5940683387001752,0.3761389739477179,0.3585542142391205
hgb,119,source_heldout,147372,152628,0.9267364221154629,0.5,134438,558,4792,12840,0.9122179416620804,0.9042594353637021,0.9958665441939021,0.912817936147965,0.9525354797112026,0.6847787484710395,0.4651839820113932,0.10429906542056075,0.08718206385203493,0.8957009345794392,0.9775890562612024,0.999097828669752,0.8074380391300771,0.05553454429859671
hgb,119,target,147372,1215889,0.9267364221154629,0.5,664277,456077,21659,73876,0.5641436019241888,0.47262726137677136,0.5929170601434903,0.8999177677256612,0.7148501458428728,0.39520650613539626,-0.09937028528770833,0.9546632449721185,0.1000822322743388,0.04533675502788151,0.5509251625304703,0.6844913814113202,0.41269695132312917,0.33953837869112075
mlp,119,source_heldout,147372,152628,0.9267364221154629,0.5,130583,259,5091,16695,0.8889194643184737,0.9191158661989983,0.9980205132908393,0.8866429473512677,0.9390407018553143,0.6571309051729401,0.44070460743999224,0.048411214953271026,0.11335705264873233,0.951588785046729,0.9773031001324599,0.9990822988021639,0.7878011065386353,0.07441717386245728
mlp,119,target,147372,1215889,0.9267364221154629,0.5,581203,291410,186326,156950,0.6312492340994943,0.588696729644302,0.6660489816218644,0.7873747041602486,0.7216479612805337,0.5877707244150229,0.1924740665280593,0.6099812448716446,0.21262529583975137,0.39001875512835543,0.583015801831325,0.6728334997142581,0.453031901436798,0.29679858684539795
majority,120,source_heldout,210700,89300,0.9442097769340294,0.5,85030,4270,0,0,0.9521836506159015,0.5,0.9521836506159015,1.0,0.9755062238283715,0.48775311191418574,0.0,1.0,0.0,0.0,0.5,0.9521836506159015,0.047816349384098546,0.047816349384098546
majority,120,target,210700,1215889,0.9442097769340294,0.5,738153,477736,0,0,0.6070891339587742,0.5,0.6070891339587742,1.0,0.7555139551759891,0.37775697758799454,0.0,1.0,0.0,0.0,0.5,0.6070891339587742,0.3929108660412258,0.3929108660412258
stratified,120,source_heldout,210700,89300,0.9442097769340294,0.5,80266,4032,238,4764,0.9015005599104143,0.4998552102151025,0.9521696837410141,0.9439727155121722,0.9480534819994331,0.499695420896179,-0.000268712250644958,0.9442622950819672,0.05602728448782782,0.05573770491803279,0.4998552102151025,0.9521704662670868,0.04780322974439545,0.09849944008958567
stratified,120,target,210700,1215889,0.9442097769340294,0.5,697001,451056,26680,41152,0.5951867316835665,0.5000483920557967,0.6071135840816266,0.9442500403032975,0.7390492044894259,0.4184277637204593,0.00020595493859852578,0.9441532561917042,0.05574995969670245,0.055846743808295796,0.5000483920557967,0.6071122209882631,0.39293397645549616,0.4048132683164335
logreg,120,source_heldout,210700,89300,0.9442097769340294,0.5,78497,616,3654,6533,0.9199440089585667,0.8894529992307441,0.9922136690556546,0.9231682935434552,0.9564465131013811,0.7309727896488436,0.522802909264429,0.14426229508196722,0.07683170645654475,0.8557377049180328,0.9359160591068422,0.9958233508908616,0.6696580478239172,0.09800954269549904
logreg,120,target,210700,1215889,0.9442097769340294,0.5,689455,433064,44672,48698,0.6037779764435733,0.5137674693947967,0.614203412147144,0.9340272274176221,0.7410817167131015,0.448761013634205,0.05050690597421039,0.9064922886280289,0.06597277258237791,0.09350771137197113,0.6618855139970693,0.7414359935363048,0.5489027302098459,0.27785358735930904
tree,120,source_heldout,210700,89300,0.9442097769340294,0.5,79320,2197,2073,5710,0.9114557670772676,0.7091636620330447,0.9730485665566692,0.9328472303892744,0.9525239121689373,0.6482523319245085,0.3164598735191557,0.514519906323185,0.06715276961072562,0.485480093676815,0.7239645423395132,0.9733518411031414,0.30471967237419273,0.07638200743492617
tree,120,target,210700,1215889,0.9442097769340294,0.5,609937,440467,37269,128216,0.5322903653211766,0.45215664925534477,0.5806689616566578,0.8263015933011177,0.6820436810233054,0.39896304578946545,-0.1362891435184313,0.9219882947904282,0.1736984066988822,0.07801170520957182,0.4279635747636559,0.5718756248311625,0.3783175869183528,0.40990110573127864
rf,120,source_heldout,210700,89300,0.9442097769340294,0.5,82223,2538,1732,2807,0.9401455767077268,0.6863043653693242,0.9700569837543209,0.9669881218393508,0.9685201217967973,0.6808771570500617,0.36197195763727913,0.5943793911007026,0.03301187816064918,0.4056206088992974,0.9589109202675677,0.9972762371294185,0.5541935874289673,0.03502126841148544
rf,120,target,210700,1215889,0.9442097769340294,0.5,695289,475312,2424,42864,0.5738295189774725,0.47350233499129757,0.593959000547582,0.9419307379364441,0.7285265675933096,0.3688978703548242,-0.1366811939105958,0.994926067953849,0.05806926206355593,0.0050739320461510124,0.5248343752180079,0.6220508379510775,0.4145636417294918,0.2746704951948558
xgboost,120,source_heldout,210700,89300,0.9442097769340294,0.5,80160,272,3998,4870,0.9424188129899216,0.9395129312398627,0.9966182613885021,0.9427260966717629,0.9689233781774668,0.7887698029569021,0.6271542993568521,0.06370023419203748,0.05727390332823709,0.9362997658079625,0.986632202548157,0.9993051536049062,0.8567867904729811,0.044390201568603516
xgboost,120,target,210700,1215889,0.9442097769340294,0.5,570700,407538,70198,167453,0.5271023917479309,0.4600424209147588,0.5833958607210107,0.7731459467075255,0.6649999912607325,0.43062590510314114,-0.09842473514663337,0.8530611048780079,0.2268540532924746,0.14693889512199207,0.5149173873361429,0.618119439988685,0.4122824078859041,0.34777697920799255
hgb,120,source_heldout,210700,89300,0.9442097769340294,0.5,80137,308,3962,4893,0.9417581187010078,0.9351622281817604,0.99617129715955,0.9424556039045043,0.96856927028252,0.7861513018079267,0.6213515753550778,0.07213114754098361,0.057544396095495706,0.9278688524590164,0.9856086335143871,0.9992260240881199,0.8632047440974003,0.042965269648164536
hgb,120,target,210700,1215889,0.9442097769340294,0.5,646992,433446,44290,91161,0.5685403848542095,0.48460465986622164,0.5988238103435829,0.8765012131631247,0.7115310699327116,0.4279947244305813,-0.04779642674997426,0.9072918934306814,0.12349878683687528,0.09270810656931862,0.5814334889288508,0.6814222425965087,0.46788995983635795,0.2951413411094664
mlp,120,source_heldout,210700,89300,0.9442097769340294,0.5,78911,325,3945,6119,0.9278387458006719,0.9259623755880622,0.9958983290423545,0.9280371633541104,0.9607709446872755,0.7556052295642322,0.5748501876041375,0.07611241217798595,0.07196283664588969,0.9238875878220141,0.9570932631298885,0.9968480950232042,0.5824570024248624,0.05274393409490585
mlp,120,target,210700,1215889,0.9442097769340294,0.5,603409,296492,181244,134744,0.6453327565262947,0.5984194895295347,0.6705282025467246,0.817457898294798,0.7367388376695763,0.5967157961649432,0.21920255938376518,0.6206189192357285,0.18254210170520205,0.37938108076427146,0.6026214780355158,0.6578705863771575,0.4860164528985689,0.2954237461090088
