layer,protocol,model,split_seed,model_seed,status,n_train,n_test,train_prevalence,test_prevalence,n_train_groups,n_test_groups,fit_seconds,threshold,tp,fp,tn,fn,accuracy,balanced_accuracy,precision,recall,f1,f1_macro,mcc,fpr,fnr,tnr,roc_auc,pr_auc,pr_auc_benign,brier
radio,random,majority,101,11,ok,2246,562,0.7626892252894034,0.7722419928825622,30,29,0.04,0.5,434,128,0,0,0.7722419928825622,0.5,0.7722419928825622,1.0,0.8714859437751004,0.4357429718875502,0.0,1.0,0.0,0.0,0.5,0.7722419928825622,0.2277580071174377,0.2277580071174377
radio,random,majority,101,22,ok,2246,562,0.7626892252894034,0.7722419928825622,30,29,0.04,0.5,434,128,0,0,0.7722419928825622,0.5,0.7722419928825622,1.0,0.8714859437751004,0.4357429718875502,0.0,1.0,0.0,0.0,0.5,0.7722419928825622,0.2277580071174377,0.2277580071174377
radio,random,stratified,101,11,ok,2246,562,0.7626892252894034,0.7722419928825622,30,29,0.04,0.5,332,99,29,102,0.6423487544483986,0.4957697292626728,0.7703016241299304,0.7649769585253456,0.7676300578034682,0.49578414087084605,-0.008392159423749029,0.7734375,0.2350230414746544,0.2265625,0.4957697292626728,0.7707576554957564,0.2263116408818016,0.35765124555160144
radio,random,stratified,101,22,ok,2246,562,0.7626892252894034,0.7722419928825622,30,29,0.04,0.5,337,99,29,97,0.6512455516014235,0.5015300979262673,0.7729357798165137,0.7764976958525346,0.774712643678161,0.5015295501855371,0.003077305085926365,0.7734375,0.22350230414746544,0.2265625,0.5015300979262673,0.7727807168381882,0.22830192093148052,0.3487544483985765
radio,random,logreg,101,11,ok,2246,562,0.7626892252894034,0.7722419928825622,30,29,0.13,0.5,377,18,110,57,0.8665480427046264,0.864019297235023,0.9544303797468354,0.868663594470046,0.9095295536791315,0.8276461327717691,0.6681092255847098,0.140625,0.1313364055299539,0.859375,0.938040034562212,0.9775845471954929,0.8794769843706026,0.09592055971910135
radio,random,logreg,101,22,ok,2246,562,0.7626892252894034,0.7722419928825622,30,29,0.1,0.5,377,18,110,57,0.8665480427046264,0.864019297235023,0.9544303797468354,0.868663594470046,0.9095295536791315,0.8276461327717691,0.6681092255847098,0.140625,0.1313364055299539,0.859375,0.938040034562212,0.9775845471954929,0.8794769843706026,0.09592055971910135
radio,random,tree,101,11,ok,2246,562,0.7626892252894034,0.7722419928825622,30,29,0.16,0.5,430,9,119,4,0.9768683274021353,0.9602354550691244,0.979498861047836,0.9907834101382489,0.9851088201603666,0.9666579957375538,0.9336306522229497,0.0703125,0.009216589861751152,0.9296875,0.9596324164746544,0.9771876782652378,0.9265831524321126,0.022814354350572774
radio,random,tree,101,22,ok,2246,562,0.7626892252894034,0.7722419928825622,30,29,0.16,0.5,430,9,119,4,0.9768683274021353,0.9602354550691244,0.979498861047836,0.9907834101382489,0.9851088201603666,0.9666579957375538,0.9336306522229497,0.0703125,0.009216589861751152,0.9296875,0.9596324164746544,0.9771876782652378,0.9265831524321126,0.022814354350572774
radio,random,rf,101,11,ok,2246,562,0.7626892252894034,0.7722419928825622,30,29,1.85,0.5,433,12,116,1,0.9768683274021353,0.9519729262672811,0.9730337078651685,0.9976958525345622,0.9852104664391353,0.9660746209746698,0.9337257368592772,0.09375,0.002304147465437788,0.90625,0.9981278801843319,0.9994482682405006,0.9941290161009783,0.020143432578383327
radio,random,rf,101,22,ok,2246,562,0.7626892252894034,0.7722419928825622,30,29,1.41,0.5,433,10,118,1,0.9804270462633452,0.9597854262672811,0.9774266365688488,0.9976958525345622,0.9874572405929305,0.9714614138187325,0.9439732831621102,0.078125,0.002304147465437788,0.921875,0.9977678571428572,0.999333686393016,0.9933637418845506,0.01966556859654017
radio,random,xgboost,101,11,ok,2246,562,0.7626892252894034,0.7722419928825622,30,29,3.04,0.5,431,7,121,3,0.9822064056939501,0.9692000288018433,0.9840182648401826,0.9930875576036866,0.9885321100917431,0.9744247852046017,0.9490519317766642,0.0546875,0.0069124423963133645,0.9453125,0.998523905529954,0.9995566926676541,0.9956702899657982,0.01174890249967575
radio,random,xgboost,101,22,ok,2246,562,0.7626892252894034,0.7722419928825622,30,29,2.34,0.5,432,9,119,2,0.9804270462633452,0.9625396025345623,0.9795918367346939,0.9953917050691244,0.9874285714285714,0.9716259323006311,0.9438800094533684,0.0703125,0.004608294930875576,0.9296875,0.9983618951612903,0.9995119832312204,0.9950473333666967,0.012774182483553886
radio,random,hgb,101,11,ok,2246,562,0.7626892252894034,0.7722419928825622,30,29,12.5,0.5,433,7,121,1,0.9857651245551602,0.9715041762672811,0.9840909090909091,0.9976958525345622,0.9908466819221968,0.9794233409610984,0.9593103618047386,0.0546875,0.002304147465437788,0.9453125,0.9994239631336406,0.9998296529666271,0.9981688410370858,0.010396602501852549
radio,random,hgb,101,22,ok,2246,562,0.7626892252894034,0.7722419928825622,30,29,10.97,0.5,433,7,121,1,0.9857651245551602,0.9715041762672811,0.9840909090909091,0.9976958525345622,0.9908466819221968,0.9794233409610984,0.9593103618047386,0.0546875,0.002304147465437788,0.9453125,0.9994239631336406,0.9998296529666271,0.9981688410370858,0.010396602501852549
radio,random,mlp,101,11,ok,2246,562,0.7626892252894034,0.7722419928825622,30,29,3.14,0.5,425,4,124,9,0.9768683274021353,0.97400633640553,0.9906759906759907,0.9792626728110599,0.984936268829664,0.9675639198554451,0.9354261918034997,0.03125,0.020737327188940093,0.96875,0.9964177707373272,0.9988910074469043,0.990860229823005,0.017979107797145844
radio,random,mlp,101,22,ok,2246,562,0.7626892252894034,0.7722419928825622,30,29,1.32,0.5,423,28,100,11,0.9306049822064056,0.8779521889400922,0.9379157427937915,0.9746543778801844,0.9559322033898305,0.8963761435359194,0.7962820939890466,0.21875,0.02534562211981567,0.78125,0.9501188076036866,0.9807535608252975,0.9094364644728713,0.05784190073609352
radio,random,majority,102,11,ok,2246,562,0.7586821015138023,0.7882562277580071,30,29,0.05,0.5,443,119,0,0,0.7882562277580071,0.5,0.7882562277580071,1.0,0.881592039800995,0.4407960199004975,0.0,1.0,0.0,0.0,0.5,0.7882562277580071,0.2117437722419929,0.2117437722419929
radio,random,majority,102,22,ok,2246,562,0.7586821015138023,0.7882562277580071,30,29,0.05,0.5,443,119,0,0,0.7882562277580071,0.5,0.7882562277580071,1.0,0.881592039800995,0.4407960199004975,0.0,1.0,0.0,0.0,0.5,0.7882562277580071,0.2117437722419929,0.2117437722419929
radio,random,stratified,102,11,ok,2246,562,0.7586821015138023,0.7882562277580071,30,29,0.06,0.5,338,88,31,105,0.6565836298932385,0.5117419428267921,0.7934272300469484,0.7629796839729119,0.7779056386651323,0.5105214467835465,0.022401187809067927,0.7394957983193278,0.23702031602708803,0.2605042016806723,0.5117419428267921,0.7922015974502468,0.21596326409986227,0.34341637010676157
radio,random,stratified,102,22,ok,2246,562,0.7586821015138023,0.7882562277580071,30,29,0.05,0.5,341,95,24,102,0.6494661921708185,0.48571618263558247,0.7821100917431193,0.7697516930022573,0.7758816837315131,0.48590002553922595,-0.027984729337946636,0.7983193277310925,0.23024830699774265,0.20168067226890757,0.4857161826355824,0.783525229155125,0.2074545120539319,0.3505338078291815
radio,random,logreg,102,11,ok,2246,562,0.7586821015138023,0.7882562277580071,30,29,0.12,0.5,383,15,104,60,0.8665480427046264,0.8692546996225127,0.9623115577889447,0.8645598194130926,0.9108204518430439,0.8229013919992605,0.6636940295435916,0.12605042016806722,0.13544018058690746,0.8739495798319328,0.9436993759128933,0.9825793068770518,0.8757810208077272,0.09453564324617184
radio,random,logreg,102,22,ok,2246,562,0.7586821015138023,0.7882562277580071,30,29,0.1,0.5,383,15,104,60,0.8665480427046264,0.8692546996225127,0.9623115577889447,0.8645598194130926,0.9108204518430439,0.8229013919992605,0.6636940295435916,0.12605042016806722,0.13544018058690746,0.8739495798319328,0.9436993759128933,0.9825793068770518,0.8757810208077272,0.09453564324617184
radio,random,tree,102,11,ok,2246,562,0.7586821015138023,0.7882562277580071,30,29,0.15,0.5,423,9,110,20,0.9483985765124555,0.9396115105184286,0.9791666666666666,0.9548532731376975,0.9668571428571429,0.9251956397016639,0.8518455227362175,0.07563025210084033,0.045146726862302484,0.9243697478991597,0.9344898230172431,0.9677942810172551,0.7981732523285799,0.051720484909832026
radio,random,tree,102,22,ok,2246,562,0.7586821015138023,0.7882562277580071,30,29,0.14,0.5,424,9,110,19,0.9501779359430605,0.9407401786899862,0.9792147806004619,0.9571106094808126,0.9680365296803652,0.9275666519369568,0.8563458147974957,0.07563025210084033,0.04288939051918736,0.9243697478991597,0.9356184911888006,0.9682774567502789,0.804236500525891,0.04994112547922705
radio,random,rf,102,11,ok,2246,562,0.7586821015138023,0.7882562277580071,30,29,1.42,0.5,442,9,110,1,0.9822064056939501,0.9610562057780223,0.9800443458980045,0.9977426636568849,0.9888143176733781,0.9726680284019065,0.9462577535771359,0.07563025210084033,0.002257336343115124,0.9243697478991597,0.9972115256937989,0.9992257727170915,0.9917971090561792,0.01860457410535776
radio,random,rf,102,22,ok,2246,562,0.7586821015138023,0.7882562277580071,30,29,1.49,0.5,442,10,109,1,0.9804270462633452,0.9568545251057534,0.9778761061946902,0.9977426636568849,0.9877094972067039,0.9698372813544436,0.9408441966152861,0.08403361344537816,0.002257336343115124,0.9159663865546218,0.9973253409716032,0.9992545001654658,0.9922662621214732,0.018489402448979165
radio,random,xgboost,102,11,ok,2246,562,0.7586821015138023,0.7882562277580071,30,29,2.57,0.5,441,8,111,2,0.9822064056939501,0.9641292182787335,0.9821826280623608,0.9954853273137697,0.9887892376681614,0.9728428946961496,0.946197631512385,0.06722689075630252,0.004514672686230248,0.9327731092436975,0.996889049073354,0.9991368847321105,0.990919748130062,0.013337540440261364
radio,random,xgboost,102,22,ok,2246,562,0.7586821015138023,0.7882562277580071,30,29,1.95,0.5,441,9,110,2,0.9804270462633452,0.9599275376064647,0.98,0.9954853273137697,0.9876819708846585,0.9700314616328054,0.9407613885692406,0.07563025210084033,0.004514672686230248,0.9243697478991597,0.9971166796289622,0.9991969047158582,0.9916925372339047,0.013143882155418396
radio,random,hgb,102,11,ok,2246,562,0.7586821015138023,0.7882562277580071,30,29,10.42,0.5,443,8,111,0,0.9857651245551602,0.9663865546218487,0.9822616407982262,1.0,0.9910514541387024,0.9781344227215252,0.9571975996512828,0.06722689075630252,0.0,0.9327731092436975,0.9985204013885463,0.9995990511975757,0.9951102781821117,0.01113961838375938
radio,random,hgb,102,22,ok,2246,562,0.7586821015138023,0.7882562277580071,30,29,5.34,0.5,443,8,111,0,0.9857651245551602,0.9663865546218487,0.9822616407982262,1.0,0.9910514541387024,0.9781344227215252,0.9571975996512828,0.06722689075630252,0.0,0.9327731092436975,0.9985204013885463,0.9995990511975757,0.9951102781821117,0.01113961838375938
radio,random,mlp,102,11,ok,2246,562,0.7586821015138023,0.7882562277580071,30,29,1.75,0.5,441,10,109,2,0.9786476868327402,0.9557258569341958,0.9778270509977827,0.9954853273137697,0.9865771812080537,0.9672016340822878,0.9353179075029892,0.08403361344537816,0.004514672686230248,0.9159663865546218,0.9923554071741563,0.9977492652954953,0.9818041315243573,0.02061602659523487
radio,random,mlp,102,22,ok,2246,562,0.7586821015138023,0.7882562277580071,30,29,1.6,0.5,437,11,108,6,0.9697508896797153,0.9470095035756967,0.9754464285714286,0.9864559819413092,0.9809203142536476,0.9539794704315447,0.90830282155538,0.09243697478991597,0.013544018058690745,0.907563025210084,0.9935884060170344,0.9982038378527245,0.9820021466499486,0.022312510758638382
radio,random,majority,103,11,ok,2246,562,0.7711487088156723,0.7384341637010676,30,29,0.04,0.5,415,147,0,0,0.7384341637010676,0.5,0.7384341637010676,1.0,0.849539406345957,0.4247697031729785,0.0,1.0,0.0,0.0,0.5,0.7384341637010676,0.2615658362989324,0.2615658362989324
radio,random,majority,103,22,ok,2246,562,0.7711487088156723,0.7384341637010676,30,29,0.04,0.5,415,147,0,0,0.7384341637010676,0.5,0.7384341637010676,1.0,0.849539406345957,0.4247697031729785,0.0,1.0,0.0,0.0,0.5,0.7384341637010676,0.2615658362989324,0.2615658362989324
radio,random,stratified,103,11,ok,2246,562,0.7711487088156723,0.7384341637010676,30,29,0.04,0.5,323,117,30,92,0.6281138790035588,0.49119744283255473,0.7340909090909091,0.7783132530120482,0.7555555555555555,0.48930194134655103,-0.01876788406689985,0.7959183673469388,0.2216867469879518,0.20408163265306123,0.49119744283255473,0.7350537510767756,0.2583690614102242,0.3718861209964413
radio,random,stratified,103,22,ok,2246,562,0.7711487088156723,0.7384341637010676,30,29,0.03,0.5,325,114,33,90,0.6370106761565836,0.5038111630194246,0.7403189066059226,0.7831325301204819,0.7611241217798594,0.502784283112152,0.008101872816292295,0.7755102040816326,0.21686746987951808,0.22448979591836735,0.5038111630194246,0.7399101671807733,0.2630759447256031,0.36298932384341637
radio,random,logreg,103,11,ok,2246,562,0.7711487088156723,0.7384341637010676,30,29,0.11,0.5,373,26,121,42,0.8790035587188612,0.8609622162117859,0.9348370927318296,0.8987951807228916,0.9164619164619164,0.8485535388761195,0.6991883860327189,0.17687074829931973,0.10120481927710843,0.8231292517006803,0.9311367920662241,0.97052713438683,0.8894955687590481,0.08816134986235195
radio,random,logreg,103,22,ok,2246,562,0.7711487088156723,0.7384341637010676,30,29,0.1,0.5,373,26,121,42,0.8790035587188612,0.8609622162117859,0.9348370927318296,0.8987951807228916,0.9164619164619164,0.8485535388761195,0.6991883860327189,0.17687074829931973,0.10120481927710843,0.8231292517006803,0.9311367920662241,0.97052713438683,0.8894955687590481,0.08816134986235195
radio,random,tree,103,11,ok,2246,562,0.7711487088156723,0.7384341637010676,30,29,0.11,0.5,411,14,133,4,0.9679715302491103,0.9475616752725187,0.9670588235294117,0.9903614457831326,0.9785714285714285,0.9575955734406438,0.916243387945969,0.09523809523809523,0.00963855421686747,0.9047619047619048,0.9492500614703712,0.9658097847494126,0.9134763934917363,0.03204182725687513
radio,random,tree,103,22,ok,2246,562,0.7711487088156723,0.7384341637010676,30,29,0.12,0.5,411,13,134,4,0.9697508896797153,0.9509630358167364,0.9693396226415094,0.9903614457831326,0.9797377830750894,0.960044330134036,0.9209396794810729,0.08843537414965986,0.00963855421686747,0.9115646258503401,0.9526678141135971,0.9680788577357475,0.9185185752800591,0.030262467826270147
radio,random,rf,103,11,ok,2246,562,0.7711487088156723,0.7384341637010676,30,29,1.33,0.5,415,15,132,0,0.9733096085409253,0.9489795918367347,0.9651162790697675,1.0,0.9822485207100592,0.9642425399249221,0.930932342387708,0.10204081632653061,0.0,0.8979591836734694,0.9932956315056143,0.997426491752474,0.9867501714769998,0.023329517600864255
radio,random,rf,103,22,ok,2246,562,0.7711487088156723,0.7384341637010676,30,29,1.34,0.5,415,15,132,0,0.9733096085409253,0.9489795918367347,0.9651162790697675,1.0,0.9822485207100592,0.9642425399249221,0.930932342387708,0.10204081632653061,0.0,0.8979591836734694,0.9943447258421441,0.9978701789171387,0.9881644786696466,0.02320653251848359
radio,random,xgboost,103,11,ok,2246,562,0.7711487088156723,0.7384341637010676,30,29,2.31,0.5,413,10,137,2,0.9786476868327402,0.9635767560036063,0.9763593380614657,0.9951807228915662,0.9856801909307876,0.9718610744863728,0.9444017423546311,0.06802721088435375,0.004819277108433735,0.9319727891156463,0.9973608720596672,0.9990271191380389,0.9940061083870156,0.01558530330657959
radio,random,xgboost,103,22,ok,2246,562,0.7711487088156723,0.7384341637010676,30,29,5.84,0.5,414,10,137,1,0.9804270462633452,0.9647815752807147,0.9764150943396226,0.9975903614457832,0.9868891537544696,0.9741463312631997,0.9491593788668656,0.06802721088435375,0.0024096385542168677,0.9319727891156463,0.9955905253667732,0.9982126464189387,0.9922070076847533,0.014460358768701553
radio,random,hgb,103,11,ok,2246,562,0.7711487088156723,0.7384341637010676,30,29,10.81,0.5,415,9,138,0,0.9839857651245552,0.9693877551020409,0.9787735849056604,1.0,0.9892729439809297,0.9788469983062543,0.9585659453287966,0.061224489795918366,0.0,0.9387755102040817,0.9948528809114006,0.9974915449786408,0.9928499141465447,0.014938965775467874
radio,random,hgb,103,22,ok,2246,562,0.7711487088156723,0.7384341637010676,30,29,13.32,0.5,415,9,138,0,0.9839857651245552,0.9693877551020409,0.9787735849056604,1.0,0.9892729439809297,0.9788469983062543,0.9585659453287966,0.061224489795918366,0.0,0.9387755102040817,0.9948528809114006,0.9974915449786408,0.9928499141465447,0.014938965775467874
radio,random,mlp,103,11,ok,2246,562,0.7711487088156723,0.7384341637010676,30,29,1.98,0.5,410,28,119,5,0.9412811387900356,0.8987378083763626,0.9360730593607306,0.9879518072289156,0.9613130128956624,0.9197708975917427,0.8451858762841742,0.19047619047619047,0.012048192771084338,0.8095238095238095,0.9658552577657569,0.9850526090951924,0.944063394032159,0.04736968129873276
radio,random,mlp,103,22,ok,2246,562,0.7711487088156723,0.7384341637010676,30,29,2.8,0.5,413,13,134,2,0.9733096085409253,0.9533726743709532,0.9694835680751174,0.9951807228915662,0.9821640903686087,0.964580278399852,0.9304516245410854,0.08843537414965986,0.004819277108433735,0.9115646258503401,0.9891976067535448,0.9957595142956623,0.9798358057639517,0.025031140074133873
radio,random,majority,104,11,ok,2246,562,0.7617987533392698,0.7758007117437722,30,29,0.04,0.5,436,126,0,0,0.7758007117437722,0.5,0.7758007117437722,1.0,0.87374749498998,0.43687374749499,0.0,1.0,0.0,0.0,0.5,0.7758007117437722,0.22419928825622776,0.22419928825622776
radio,random,majority,104,22,ok,2246,562,0.7617987533392698,0.7758007117437722,30,29,0.03,0.5,436,126,0,0,0.7758007117437722,0.5,0.7758007117437722,1.0,0.87374749498998,0.43687374749499,0.0,1.0,0.0,0.0,0.5,0.7758007117437722,0.22419928825622776,0.22419928825622776
radio,random,stratified,104,11,ok,2246,562,0.7617987533392698,0.7758007117437722,30,29,0.04,0.5,333,96,30,103,0.6459074733096085,0.5009283529925732,0.7762237762237763,0.7637614678899083,0.7699421965317919,0.5008012140960117,0.001821869175446781,0.7619047619047619,0.23623853211009174,0.23809523809523808,0.5009283529925732,0.7761238320920321,0.22452419814151542,0.3540925266903915
radio,random,stratified,104,22,ok,2246,562,0.7617987533392698,0.7758007117437722,30,29,0.04,0.5,339,97,29,97,0.6548042704626335,0.5038408329692733,0.7775229357798165,0.7775229357798165,0.7775229357798165,0.5038408329692733,0.0076816659385466725,0.7698412698412699,0.22247706422018348,0.23015873015873015,0.5038408329692733,0.7771397804323479,0.22557090583696243,0.34519572953736655
radio,random,logreg,104,11,ok,2246,562,0.7617987533392698,0.7758007117437722,30,29,0.1,0.5,383,17,109,53,0.8754448398576512,0.8717598660259211,0.9575,0.8784403669724771,0.916267942583732,0.8366061935140883,0.6845946689328803,0.1349206349206349,0.12155963302752294,0.8650793650793651,0.9423510994611912,0.979793854071298,0.8923038476786929,0.08752933057140641
radio,random,logreg,104,22,ok,2246,562,0.7617987533392698,0.7758007117437722,30,29,0.11,0.5,383,17,109,53,0.8754448398576512,0.8717598660259211,0.9575,0.8784403669724771,0.916267942583732,0.8366061935140883,0.6845946689328803,0.1349206349206349,0.12155963302752294,0.8650793650793651,0.9423510994611912,0.979793854071298,0.8923038476786929,0.08752933057140641
radio,random,tree,104,11,ok,2246,562,0.7617987533392698,0.7758007117437722,30,29,0.13,0.5,430,9,117,6,0.9733096085409253,0.9574049803407602,0.979498861047836,0.9862385321100917,0.9828571428571429,0.9613080895008606,0.9227298837861266,0.07142857142857142,0.013761467889908258,0.9285714285714286,0.9601627348186982,0.9778764916414148,0.9235949365328016,0.02667294244945778
radio,random,tree,104,22,ok,2246,562,0.7617987533392698,0.7758007117437722,30,29,0.13,0.5,431,7,119,5,0.9786476868327402,0.9664882772680938,0.9840182648401826,0.9885321100917431,0.9862700228832952,0.9691350114416476,0.9383208129264431,0.05555555555555555,0.011467889908256881,0.9444444444444444,0.9695645842434832,0.982921156042362,0.9442387310923809,0.021335150560784825
radio,random,rf,104,11,ok,2246,562,0.7617987533392698,0.7758007117437722,30,29,1.03,0.5,436,10,116,0,0.9822064056939501,0.9603174603174602,0.9775784753363229,1.0,0.9886621315192744,0.9736699087348438,0.9486795465570353,0.07936507936507936,0.0,0.9206349206349206,0.9969783020241736,0.9990749959639351,0.9923107598482968,0.01959982051043412
radio,random,rf,104,22,ok,2246,562,0.7617987533392698,0.7758007117437722,30,29,1.11,0.5,436,8,118,0,0.9857651245551602,0.9682539682539683,0.9819819819819819,1.0,0.990909090909091,0.9790611028315946,0.958975453092476,0.06349206349206349,0.0,0.9365079365079365,0.997779234017766,0.9993399903349358,0.9937322132939238,0.018840744513789535
radio,random,xgboost,104,11,ok,2246,562,0.7617987533392698,0.7758007117437722,30,29,2.84,0.5,435,4,122,1,0.9911032028469751,0.9829801951361584,0.9908883826879271,0.9977064220183486,0.9942857142857143,0.9871026965002869,0.9743231457536333,0.031746031746031744,0.0022935779816513763,0.9682539682539683,0.9986893840104849,0.9996099843017987,0.9962868603100452,0.007800169289112091
radio,random,xgboost,104,22,ok,2246,562,0.7617987533392698,0.7758007117437722,30,29,3.71,0.5,436,4,122,0,0.9928825622775801,0.9841269841269842,0.990909090909091,1.0,0.9954337899543378,0.9896523788481366,0.979516033279527,0.031746031746031744,0.0,0.9682539682539683,0.9991262560069899,0.99974158319146,0.9974526119042247,0.00611057598143816
radio,random,hgb,104,11,ok,2246,562,0.7617987533392698,0.7758007117437722,30,29,11.45,0.5,436,6,120,0,0.9893238434163701,0.9761904761904762,0.9864253393665159,1.0,0.9931662870159453,0.9843880215567531,0.9692536841088543,0.047619047619047616,0.0,0.9523809523809523,0.9991808650065531,0.9997594091904785,0.997518356339815,0.008808282934880422
radio,random,hgb,104,22,ok,2246,562,0.7617987533392698,0.7758007117437722,30,29,11.51,0.5,436,6,120,0,0.9893238434163701,0.9761904761904762,0.9864253393665159,1.0,0.9931662870159453,0.9843880215567531,0.9692536841088543,0.047619047619047616,0.0,0.9523809523809523,0.9991808650065531,0.9997594091904785,0.997518356339815,0.008808282934880422
radio,random,mlp,104,11,ok,2246,562,0.7617987533392698,0.7758007117437722,30,29,1.96,0.5,433,12,114,3,0.9733096085409253,0.9489405854084754,0.9730337078651685,0.9931192660550459,0.9829738933030647,0.9606227491206681,0.9223047493853778,0.09523809523809523,0.006880733944954129,0.9047619047619048,0.9839631571282947,0.9944157280479229,0.9704518658626339,0.025130150839686394
radio,random,mlp,104,22,ok,2246,562,0.7617987533392698,0.7758007117437722,30,29,2.31,0.5,433,11,115,3,0.9750889679715302,0.9529088393767293,0.9752252252252253,0.9931192660550459,0.9840909090909091,0.9633569299552907,0.9275489134035879,0.0873015873015873,0.006880733944954129,0.9126984126984127,0.9875309450997525,0.995857681214898,0.974790104437087,0.023303229361772537
radio,random,majority,105,11,ok,2246,562,0.7662511130899377,0.7580071174377224,30,29,0.03,0.5,426,136,0,0,0.7580071174377224,0.5,0.7580071174377224,1.0,0.8623481781376519,0.4311740890688259,0.0,1.0,0.0,0.0,0.5,0.7580071174377224,0.24199288256227758,0.24199288256227758
radio,random,majority,105,22,ok,2246,562,0.7662511130899377,0.7580071174377224,30,29,0.04,0.5,426,136,0,0,0.7580071174377224,0.5,0.7580071174377224,1.0,0.8623481781376519,0.4311740890688259,0.0,1.0,0.0,0.0,0.5,0.7580071174377224,0.24199288256227758,0.24199288256227758
radio,random,stratified,105,11,ok,2246,562,0.7662511130899377,0.7580071174377224,30,29,0.05,0.5,327,107,29,99,0.6334519572953736,0.490420463960232,0.7534562211981567,0.7676056338028169,0.7604651162790698,0.49008104298801974,-0.01956585701690119,0.7867647058823529,0.2323943661971831,0.21323529411764705,0.490420463960232,0.7545138238453798,0.2387025803982625,0.3665480427046263
radio,random,stratified,105,22,ok,2246,562,0.7662511130899377,0.7580071174377224,30,29,0.04,0.5,334,104,32,92,0.6512455516014235,0.5096658381662524,0.7625570776255708,0.784037558685446,0.7731481481481481,0.5096509971509972,0.019966220872373142,0.7647058823529411,0.215962441314554,0.23529411764705882,0.5096658381662524,0.7615744571155191,0.24577444340151394,0.3487544483985765
radio,random,logreg,105,11,ok,2246,562,0.7662511130899377,0.7580071174377224,30,29,0.11,0.5,373,18,118,53,0.8736654804270463,0.8716169566418117,0.9539641943734015,0.8755868544600939,0.9130966952264382,0.8409131684601246,0.6918522184471306,0.1323529411764706,0.12441314553990611,0.8676470588235294,0.9407794808064069,0.9754598782634022,0.8953698070859164,0.09076539571805532
radio,random,logreg,105,22,ok,2246,562,0.7662511130899377,0.7580071174377224,30,29,0.17,0.5,373,18,118,53,0.8736654804270463,0.8716169566418117,0.9539641943734015,0.8755868544600939,0.9130966952264382,0.8409131684601246,0.6918522184471306,0.1323529411764706,0.12441314553990611,0.8676470588235294,0.9407794808064069,0.9754598782634022,0.8953698070859164,0.09076539571805532
radio,random,tree,105,11,ok,2246,562,0.7662511130899377,0.7580071174377224,30,29,0.18,0.5,418,8,128,8,0.9715302491103203,0.9611985639326153,0.9812206572769953,0.9812206572769953,0.9812206572769953,0.9611985639326153,0.9223971278652306,0.058823529411764705,0.018779342723004695,0.9411764705882353,0.9666355979011323,0.9802203260562719,0.9231052276965266,0.028455471391009044
radio,random,tree,105,22,ok,2246,562,0.7662511130899377,0.7580071174377224,30,29,0.15,0.5,419,8,128,7,0.9733096085409253,0.962372272852803,0.9812646370023419,0.9835680751173709,0.9824150058616647,0.9635322261780648,0.9270757270994491,0.058823529411764705,0.01643192488262911,0.9411764705882353,0.9679819110742889,0.9807908048299788,0.9310280830819182,0.02667611196040406
radio,random,rf,105,11,ok,2246,562,0.7662511130899377,0.7580071174377224,30,29,1.44,0.5,425,13,123,1,0.9750889679715302,0.9510321734327534,0.9703196347031964,0.9976525821596244,0.9837962962962963,0.9649750712250712,0.9316737814571118,0.09558823529411764,0.002347417840375587,0.9044117647058824,0.9942867992267329,0.9978866599114238,0.9888845093147921,0.021717019840660302
radio,random,rf,105,22,ok,2246,562,0.7662511130899377,0.7580071174377224,30,29,1.5,0.5,425,10,126,1,0.9804270462633452,0.9620615851974592,0.9770114942528736,0.9976525821596244,0.9872241579558653,0.9726995314494156,0.9463627207283853,0.07352941176470588,0.002347417840375587,0.9264705882352942,0.9952706434686551,0.9983336495495225,0.9900288307064454,0.021070847973839655
radio,random,xgboost,105,11,ok,2246,562,0.7662511130899377,0.7580071174377224,30,29,2.46,0.5,420,6,130,6,0.9786476868327402,0.9708989229494616,0.9859154929577465,0.9859154929577465,0.9859154929577465,0.9708989229494616,0.9417978458989229,0.04411764705882353,0.014084507042253521,0.9558823529411765,0.9941487158243579,0.9969782498372821,0.9927878470986192,0.012434730306267738
radio,random,xgboost,105,22,ok,2246,562,0.7662511130899377,0.7580071174377224,30,29,2.54,0.5,421,5,131,5,0.9822064056939501,0.9757491024578846,0.9882629107981221,0.9882629107981221,0.9882629107981221,0.9757491024578846,0.9514982049157691,0.03676470588235294,0.011737089201877934,0.9632352941176471,0.9940106324219828,0.9967385420949333,0.9930460499769795,0.011021050624549389
radio,random,hgb,105,11,ok,2246,562,0.7662511130899377,0.7580071174377224,30,29,10.75,0.5,426,3,133,0,0.994661921708185,0.9889705882352942,0.993006993006993,1.0,0.9964912280701754,0.992669405856649,0.9854452937554574,0.022058823529411766,0.0,0.9779411764705882,0.9968068213200773,0.9986936010079154,0.9955045907251788,0.004997800946124434
radio,random,hgb,105,22,ok,2246,562,0.7662511130899377,0.7580071174377224,30,29,4.02,0.5,426,3,133,0,0.994661921708185,0.9889705882352942,0.993006993006993,1.0,0.9964912280701754,0.992669405856649,0.9854452937554574,0.022058823529411766,0.0,0.9779411764705882,0.9968068213200773,0.9986936010079154,0.9955045907251788,0.004997800946124434
radio,random,mlp,105,11,ok,2246,562,0.7662511130899377,0.7580071174377224,30,29,1.61,0.5,423,10,126,3,0.9768683274021353,0.9597141673570837,0.976905311778291,0.9929577464788732,0.9848661233993015,0.9679047598128583,0.9363825979192801,0.07352941176470588,0.007042253521126761,0.9264705882352942,0.9900925158795912,0.9961891968537637,0.9825491964962734,0.01977752149105072
radio,random,mlp,105,22,ok,2246,562,0.7662511130899377,0.7580071174377224,30,29,1.81,0.5,422,9,127,4,0.9768683274021353,0.9622169290251312,0.9791183294663574,0.9906103286384976,0.9848308051341891,0.968070833278705,0.9364310688802692,0.0661764705882353,0.009389671361502348,0.9338235294117647,0.9933547362607015,0.9975971614146888,0.9863783172015279,0.017942385748028755
radio,random,majority,106,11,ok,2246,562,0.7733748886910062,0.7295373665480427,30,29,0.03,0.5,410,152,0,0,0.7295373665480427,0.5,0.7295373665480427,1.0,0.8436213991769548,0.4218106995884774,0.0,1.0,0.0,0.0,0.5,0.7295373665480427,0.2704626334519573,0.2704626334519573
radio,random,majority,106,22,ok,2246,562,0.7733748886910062,0.7295373665480427,30,29,0.03,0.5,410,152,0,0,0.7295373665480427,0.5,0.7295373665480427,1.0,0.8436213991769548,0.4218106995884774,0.0,1.0,0.0,0.0,0.5,0.7295373665480427,0.2704626334519573,0.2704626334519573
radio,random,stratified,106,11,ok,2246,562,0.7733748886910062,0.7295373665480427,30,29,0.04,0.5,320,121,31,90,0.6245551601423488,0.49221758664955073,0.7256235827664399,0.7804878048780488,0.7520564042303173,0.4895813156682722,-0.01682077617917413,0.7960526315789473,0.21951219512195122,0.20394736842105263,0.49221758664955073,0.7264827060355723,0.2675534697895882,0.37544483985765126
radio,random,stratified,106,22,ok,2246,562,0.7733748886910062,0.7295373665480427,30,29,0.03,0.5,323,120,32,87,0.6316725978647687,0.4991655969191271,0.7291196388261851,0.7878048780487805,0.757327080890973,0.49674472125729463,-0.0018144469422588458,0.7894736842105263,0.2121951219512195,0.21052631578947367,0.4991655969191271,0.7292082786110672,0.270135250204221,0.3683274021352313
radio,random,logreg,106,11,ok,2246,562,0.7733748886910062,0.7295373665480427,30,29,0.08,0.5,359,16,136,51,0.8807829181494662,0.8851732991014121,0.9573333333333334,0.875609756097561,0.9146496815286624,0.8585047817672811,0.7262120557364186,0.10526315789473684,0.12439024390243902,0.8947368421052632,0.9609114249037227,0.98285609377932,0.9336725125691235,0.08380153777518301
radio,random,logreg,106,22,ok,2246,562,0.7733748886910062,0.7295373665480427,30,29,0.09,0.5,359,16,136,51,0.8807829181494662,0.8851732991014121,0.9573333333333334,0.875609756097561,0.9146496815286624,0.8585047817672811,0.7262120557364186,0.10526315789473684,0.12439024390243902,0.8947368421052632,0.9609114249037227,0.98285609377932,0.9336725125691235,0.08380153777518301
radio,random,tree,106,11,ok,2246,562,0.7733748886910062,0.7295373665480427,30,29,0.12,0.5,398,10,142,12,0.9608540925266904,0.9524711168164313,0.9754901960784313,0.9707317073170731,0.9731051344743277,0.9506048548188633,0.9012476339397822,0.06578947368421052,0.02926829268292683,0.9342105263157895,0.9531290115532733,0.9687089741795466,0.8933347198471754,0.0394204906690046
radio,random,tree,106,22,ok,2246,562,0.7733748886910062,0.7295373665480427,30,29,0.12,0.5,396,10,142,14,0.9572953736654805,0.9500320924261874,0.9753694581280788,0.9658536585365853,0.9705882352941176,0.9463330786860198,0.8928158406478134,0.06578947368421052,0.03414634146341464,0.9342105263157895,0.9504011553273427,0.9673819574631268,0.8804967787884959,0.042979209530214564
radio,random,rf,106,11,ok,2246,562,0.7733748886910062,0.7295373665480427,30,29,1.31,0.5,408,7,145,2,0.9839857651245552,0.9745346598202824,0.983132530120482,0.9951219512195122,0.9890909090909091,0.9794952873213743,0.9592436675463337,0.046052631578947366,0.004878048780487805,0.9539473684210527,0.998507702182285,0.9994406760815503,0.9963712794901597,0.016952229312660924
radio,random,rf,106,22,ok,2246,562,0.7733748886910062,0.7295373665480427,30,29,1.28,0.5,408,6,146,2,0.9857651245551602,0.9778241335044929,0.9855072463768116,0.9951219512195122,0.9902912621359223,0.9818122977346279,0.9637863489147406,0.039473684210526314,0.004878048780487805,0.9605263157894737,0.9982028241335045,0.9993218964579724,0.995733365173022,0.016941354809161105
radio,random,xgboost,106,11,ok,2246,562,0.7733748886910062,0.7295373665480427,30,29,1.2,0.5,405,4,148,5,0.9839857651245552,0.9807445442875482,0.9902200488997555,0.9878048780487805,0.989010989010989,0.9797513961448387,0.9595126681083869,0.02631578947368421,0.012195121951219513,0.9736842105263158,0.9989890885750964,0.9996240995547048,0.9974465478481706,0.012266949750483036
radio,random,xgboost,106,22,ok,2246,562,0.7733748886910062,0.7295373665480427,30,29,1.15,0.5,405,4,148,5,0.9839857651245552,0.9807445442875482,0.9902200488997555,0.9878048780487805,0.989010989010989,0.9797513961448387,0.9595126681083869,0.02631578947368421,0.012195121951219513,0.9736842105263158,0.9986521181001283,0.9994924315972311,0.9967565817696331,0.012487350031733513
radio,random,hgb,106,11,ok,2246,562,0.7733748886910062,0.7295373665480427,30,29,4.63,0.5,408,5,147,2,0.9875444839857651,0.9811136071887034,0.9878934624697336,0.9951219512195122,0.991494532199271,0.9841193591228913,0.9683295786862219,0.03289473684210526,0.004878048780487805,0.9671052631578947,0.9991816431322207,0.9996950272122764,0.997941909948063,0.01044109366264195
radio,random,hgb,106,22,ok,2246,562,0.7733748886910062,0.7295373665480427,30,29,4.44,0.5,408,5,147,2,0.9875444839857651,0.9811136071887034,0.9878934624697336,0.9951219512195122,0.991494532199271,0.9841193591228913,0.9683295786862219,0.03289473684210526,0.004878048780487805,0.9671052631578947,0.9991816431322207,0.9996950272122764,0.997941909948063,0.01044109366264195
radio,random,mlp,106,11,ok,2246,562,0.7733748886910062,0.7295373665480427,30,29,1.38,0.5,406,9,143,4,0.9768683274021353,0.9655166880616175,0.9783132530120482,0.9902439024390244,0.9842424242424243,0.9703820816864295,0.9410143725420718,0.05921052631578947,0.00975609756097561,0.9407894736842105,0.9955872913992297,0.9982725770083236,0.9906119448208732,0.017265697941184044
radio,random,mlp,106,22,ok,2246,562,0.7733748886910062,0.7295373665480427,30,29,1.59,0.5,405,6,146,5,0.9804270462633452,0.9741655969191271,0.9854014598540146,0.9878048780487805,0.9866017052375152,0.9751490374372395,0.9503079751707386,0.039473684210526314,0.012195121951219513,0.9605263157894737,0.9969672657252889,0.9988443345130278,0.9930957029567274,0.01586948335170746
radio,random,majority,107,11,ok,2246,562,0.7724844167408726,0.7330960854092526,30,29,0.03,0.5,412,150,0,0,0.7330960854092526,0.5,0.7330960854092526,1.0,0.8459958932238193,0.42299794661190965,0.0,1.0,0.0,0.0,0.5,0.7330960854092526,0.2669039145907473,0.2669039145907473
radio,random,majority,107,22,ok,2246,562,0.7724844167408726,0.7330960854092526,30,29,0.03,0.5,412,150,0,0,0.7330960854092526,0.5,0.7330960854092526,1.0,0.8459958932238193,0.42299794661190965,0.0,1.0,0.0,0.0,0.5,0.7330960854092526,0.2669039145907473,0.2669039145907473
radio,random,stratified,107,11,ok,2246,562,0.7724844167408726,0.7330960854092526,30,29,0.03,0.5,320,120,30,92,0.6227758007117438,0.4883495145631068,0.7272727272727273,0.7766990291262136,0.7511737089201878,0.4858809721071527,-0.025001266010512314,0.8,0.22330097087378642,0.2,0.4883495145631068,0.7285730887983592,0.2627034595414503,0.37722419928825623
radio,random,stratified,107,22,ok,2246,562,0.7724844167408726,0.7330960854092526,30,29,0.03,0.5,324,119,31,88,0.6316725978647687,0.49653721682847896,0.7313769751693002,0.7864077669902912,0.7578947368421053,0.49418900410878497,-0.00749849640614312,0.7933333333333333,0.21359223300970873,0.20666666666666667,0.49653721682847896,0.7317441637642415,0.2655813072559985,0.3683274021352313
radio,random,logreg,107,11,ok,2246,562,0.7724844167408726,0.7330960854092526,30,29,0.09,0.5,361,23,127,51,0.8683274021352313,0.8614401294498382,0.9401041666666666,0.8762135922330098,0.907035175879397,0.840712709890918,0.6873611611392931,0.15333333333333332,0.12378640776699029,0.8466666666666667,0.943252427184466,0.9751388353661097,0.9092994939327567,0.09461329890320501
radio,random,logreg,107,22,ok,2246,562,0.7724844167408726,0.7330960854092526,30,29,0.09,0.5,361,23,127,51,0.8683274021352313,0.8614401294498382,0.9401041666666666,0.8762135922330098,0.907035175879397,0.840712709890918,0.6873611611392931,0.15333333333333332,0.12378640776699029,0.8466666666666667,0.943252427184466,0.9751388353661097,0.9092994939327567,0.09461329890320501
radio,random,tree,107,11,ok,2246,562,0.7724844167408726,0.7330960854092526,30,29,0.11,0.5,400,14,136,12,0.9537366548042705,0.9387702265372169,0.966183574879227,0.970873786407767,0.9685230024213075,0.9406373401368282,0.8813133627858687,0.09333333333333334,0.02912621359223301,0.9066666666666666,0.9387702265372168,0.9593946188752472,0.858064185181623,0.046263345195729534
radio,random,tree,107,22,ok,2246,562,0.7724844167408726,0.7330960854092526,30,29,0.11,0.5,404,15,135,8,0.9590747330960854,0.9402912621359223,0.964200477326969,0.9805825242718447,0.9723225030084236,0.9469121047465326,0.8943124354650771,0.1,0.019417475728155338,0.9,0.9402912621359224,0.9597130134062366,0.8763407411094244,0.04092526690391459
radio,random,rf,107,11,ok,2246,562,0.7724844167408726,0.7330960854092526,30,29,1.19,0.5,412,16,134,0,0.9715302491103203,0.9466666666666667,0.9626168224299065,1.0,0.9809523809523809,0.9623071763916834,0.9273282561768782,0.10666666666666667,0.0,0.8933333333333333,0.9963268608414239,0.9985632815735197,0.9925241044025606,0.02251947750798678
radio,random,rf,107,22,ok,2246,562,0.7724844167408726,0.7330960854092526,30,29,1.27,0.5,411,14,136,1,0.9733096085409253,0.9521197411003236,0.9670588235294117,0.9975728155339806,0.982078853046595,0.9649070223421128,0.931586003359087,0.09333333333333334,0.0024271844660194173,0.9066666666666666,0.9963754045307444,0.9985989910606714,0.9923253083990184,0.02276478568408677
radio,random,xgboost,107,11,ok,2246,562,0.7724844167408726,0.7330960854092526,30,29,1.31,0.5,410,6,144,2,0.9857651245551602,0.9775728155339806,0.9855769230769231,0.9951456310679612,0.9903381642512077,0.9816555686120904,0.9634756382137375,0.04,0.0048543689320388345,0.96,0.9978964401294498,0.9991728331468664,0.9957509214209961,0.011216406710445881
radio,random,xgboost,107,22,ok,2246,562,0.7724844167408726,0.7330960854092526,30,29,1.23,0.5,410,8,142,2,0.9822064056939501,0.9709061488673139,0.9808612440191388,0.9951456310679612,0.9879518072289156,0.9769691008933694,0.9543094129427233,0.05333333333333334,0.0048543689320388345,0.9466666666666667,0.997588996763754,0.9990605721632762,0.9949791693630712,0.012335826642811298
radio,random,hgb,107,11,ok,2246,562,0.7724844167408726,0.7330960854092526,30,29,4.97,0.5,410,7,143,2,0.9839857651245552,0.9742394822006473,0.9832134292565947,0.9951456310679612,0.9891435464414958,0.9793175359326123,0.9588924792135142,0.04666666666666667,0.0048543689320388345,0.9533333333333334,0.9990614886731392,0.9996516914619182,0.9977257067770995,0.012435825235679232
radio,random,hgb,107,22,ok,2246,562,0.7724844167408726,0.7330960854092526,30,29,4.72,0.5,410,7,143,2,0.9839857651245552,0.9742394822006473,0.9832134292565947,0.9951456310679612,0.9891435464414958,0.9793175359326123,0.9588924792135142,0.04666666666666667,0.0048543689320388345,0.9533333333333334,0.9990614886731392,0.9996516914619182,0.9977257067770995,0.012435825235679232
radio,random,mlp,107,11,ok,2246,562,0.7724844167408726,0.7330960854092526,30,29,2.02,0.5,410,12,138,2,0.9750889679715302,0.9575728155339807,0.9715639810426541,0.9951456310679612,0.9832134292565947,0.9674687835938146,0.9359749054002054,0.08,0.0048543689320388345,0.92,0.9913430420711975,0.9964869195573487,0.9832314825625099,0.024428507313132286
radio,random,mlp,107,22,ok,2246,562,0.7724844167408726,0.7330960854092526,30,29,2.28,0.5,409,14,136,3,0.9697508896797153,0.9496925566343042,0.966903073286052,0.9927184466019418,0.9796407185628743,0.9604085945755547,0.9220667224187931,0.09333333333333334,0.007281553398058253,0.9066666666666666,0.9915048543689321,0.9965583659496339,0.983483376545376,0.025256842374801636
radio,random,majority,108,11,ok,2246,562,0.7711487088156723,0.7384341637010676,30,29,0.04,0.5,415,147,0,0,0.7384341637010676,0.5,0.7384341637010676,1.0,0.849539406345957,0.4247697031729785,0.0,1.0,0.0,0.0,0.5,0.7384341637010676,0.2615658362989324,0.2615658362989324
radio,random,majority,108,22,ok,2246,562,0.7711487088156723,0.7384341637010676,30,29,0.03,0.5,415,147,0,0,0.7384341637010676,0.5,0.7384341637010676,1.0,0.849539406345957,0.4247697031729785,0.0,1.0,0.0,0.0,0.5,0.7384341637010676,0.2615658362989324,0.2615658362989324
radio,random,stratified,108,11,ok,2246,562,0.7711487088156723,0.7384341637010676,30,29,0.03,0.5,323,117,30,92,0.6281138790035588,0.49119744283255473,0.7340909090909091,0.7783132530120482,0.7555555555555555,0.48930194134655103,-0.01876788406689985,0.7959183673469388,0.2216867469879518,0.20408163265306123,0.49119744283255473,0.7350537510767756,0.2583690614102242,0.3718861209964413
radio,random,stratified,108,22,ok,2246,562,0.7711487088156723,0.7384341637010676,30,29,0.03,0.5,325,114,33,90,0.6370106761565836,0.5038111630194246,0.7403189066059226,0.7831325301204819,0.7611241217798594,0.502784283112152,0.008101872816292295,0.7755102040816326,0.21686746987951808,0.22448979591836735,0.5038111630194246,0.7399101671807733,0.2630759447256031,0.36298932384341637
radio,random,logreg,108,11,ok,2246,562,0.7711487088156723,0.7384341637010676,30,29,0.09,0.5,344,13,134,71,0.8505338078291815,0.8702401442504712,0.9635854341736695,0.8289156626506025,0.8911917098445595,0.8262776731040979,0.6760599038126117,0.08843537414965986,0.1710843373493976,0.9115646258503401,0.944348823866896,0.9768923187070444,0.8965100430760834,0.11030825035794631
radio,random,logreg,108,22,ok,2246,562,0.7711487088156723,0.7384341637010676,30,29,0.1,0.5,344,13,134,71,0.8505338078291815,0.8702401442504712,0.9635854341736695,0.8289156626506025,0.8911917098445595,0.8262776731040979,0.6760599038126117,0.08843537414965986,0.1710843373493976,0.9115646258503401,0.944348823866896,0.9768923187070444,0.8965100430760834,0.11030825035794631
radio,random,tree,108,11,ok,2246,562,0.7711487088156723,0.7384341637010676,30,29,0.13,0.5,408,8,139,7,0.9733096085409253,0.9643553807064995,0.9807692307692307,0.983132530120482,0.9819494584837545,0.9653774596173039,0.9307651211724733,0.05442176870748299,0.016867469879518072,0.9455782312925171,0.96663388246865,0.9783124407427843,0.925306255997542,0.026502121211073735
radio,random,tree,108,22,ok,2246,562,0.7711487088156723,0.7384341637010676,30,29,0.12,0.5,409,7,140,6,0.9768683274021353,0.9689615605278256,0.9831730769230769,0.9855421686746988,0.9843561973525873,0.9699937983349967,0.9399978590660579,0.047619047619047616,0.014457831325301205,0.9523809523809523,0.9716990410622082,0.9814949103922556,0.9374364974084648,0.022943402349863768
radio,random,rf,108,11,ok,2246,562,0.7711487088156723,0.7384341637010676,30,29,1.26,0.5,414,6,141,1,0.9875444839857651,0.9783870174575855,0.9857142857142858,0.9975903614457832,0.9916167664670659,0.9836976565899342,0.9676610920668861,0.04081632653061224,0.0024096385542168677,0.9591836734693877,0.9978198508318991,0.9991373127356464,0.99594406269082,0.018220849584412207
radio,random,rf,108,22,ok,2246,562,0.7711487088156723,0.7384341637010676,30,29,1.28,0.5,415,7,140,0,0.9875444839857651,0.9761904761904762,0.9834123222748815,1.0,0.991636798088411,0.983623277092986,0.9677722687033947,0.047619047619047616,0.0,0.9523809523809523,0.9981313007130563,0.9992776798586971,0.9963159029121128,0.0183533792913745
radio,random,xgboost,108,11,ok,2246,562,0.7711487088156723,0.7384341637010676,30,29,1.38,0.5,409,2,145,6,0.9857651245551602,0.985968363248914,0.9951338199513382,0.9855421686746988,0.9903147699757869,0.9817345661959471,0.963632245731423,0.013605442176870748,0.014457831325301205,0.9863945578231292,0.9969182853864438,0.9986614556280193,0.9952564082040358,0.009916070848703384
radio,random,xgboost,108,22,ok,2246,562,0.7711487088156723,0.7384341637010676,30,29,1.26,0.5,411,2,145,4,0.9893238434163701,0.988378001803131,0.9951573849878934,0.9903614457831326,0.9927536231884058,0.9862416764590678,0.97252471055461,0.013605442176870748,0.00963855421686747,0.9863945578231292,0.9977378903368577,0.9990752931002188,0.9961506099145484,0.008707430213689804
radio,random,hgb,108,11,ok,2246,562,0.7711487088156723,0.7384341637010676,30,29,4.72,0.5,412,2,145,3,0.9911032028469751,0.9895828210802393,0.9951690821256038,0.9927710843373494,0.9939686369119421,0.9885097421847846,0.97702989777786,0.013605442176870748,0.007228915662650603,0.9863945578231292,0.9967051880993361,0.9984386552208586,0.9958847309308589,0.006113557566782313
radio,random,hgb,108,22,ok,2246,562,0.7711487088156723,0.7384341637010676,30,29,4.6,0.5,412,2,145,3,0.9911032028469751,0.9895828210802393,0.9951690821256038,0.9927710843373494,0.9939686369119421,0.9885097421847846,0.97702989777786,0.013605442176870748,0.007228915662650603,0.9863945578231292,0.9967051880993361,0.9984386552208586,0.9958847309308589,0.006113557566782313
radio,random,mlp,108,11,ok,2246,562,0.7711487088156723,0.7384341637010676,30,29,1.8,0.5,413,7,140,2,0.9839857651245552,0.9737808376362593,0.9833333333333333,0.9951807228915662,0.9892215568862276,0.9790398441870585,0.95834390570207,0.047619047619047616,0.004819277108433735,0.9523809523809523,0.9970822063765266,0.99897602445351,0.9922513420880721,0.018523050472140312
radio,random,mlp,108,22,ok,2246,562,0.7711487088156723,0.7384341637010676,30,29,2.06,0.5,413,9,138,2,0.9804270462633452,0.966978116547824,0.9786729857819905,0.9951807228915662,0.986857825567503,0.9742651497175494,0.9490497897012843,0.061224489795918366,0.004819277108433735,0.9387755102040817,0.9974756167527252,0.9990986737553806,0.9936096695224581,0.016835298389196396
radio,random,majority,109,11,ok,2246,562,0.7653606411398041,0.7615658362989324,30,29,0.03,0.5,428,134,0,0,0.7615658362989324,0.5,0.7615658362989324,1.0,0.8646464646464647,0.43232323232323233,0.0,1.0,0.0,0.0,0.5,0.7615658362989324,0.23843416370106763,0.23843416370106763
radio,random,majority,109,22,ok,2246,562,0.7653606411398041,0.7615658362989324,30,29,0.03,0.5,428,134,0,0,0.7615658362989324,0.5,0.7615658362989324,1.0,0.8646464646464647,0.43232323232323233,0.0,1.0,0.0,0.0,0.5,0.7615658362989324,0.23843416370106763,0.23843416370106763
radio,random,stratified,109,11,ok,2246,562,0.7653606411398041,0.7615658362989324,30,29,0.03,0.5,329,105,29,99,0.6370106761565836,0.49255474961640394,0.7580645161290323,0.7686915887850467,0.7633410672853829,0.4923575565434548,-0.015129819170257013,0.7835820895522388,0.23130841121495327,0.21641791044776118,0.49255474961640394,0.7588744009346866,0.23586492304934403,0.36298932384341637
radio,random,stratified,109,22,ok,2246,562,0.7653606411398041,0.7615658362989324,30,29,0.03,0.5,335,102,32,93,0.6530249110320284,0.5107581252615427,0.7665903890160183,0.7827102803738317,0.7745664739884393,0.5108353605463432,0.022046779118107228,0.7611940298507462,0.21728971962616822,0.23880597014925373,0.5107581252615427,0.7654986053648758,0.24262899027991713,0.3469750889679715
radio,random,logreg,109,11,ok,2246,562,0.7653606411398041,0.7615658362989324,30,29,0.08,0.5,364,14,120,64,0.8612099644128114,0.8729948388896638,0.9629629629629629,0.8504672897196262,0.9032258064516129,0.8289713937918441,0.6774110715970232,0.1044776119402985,0.14953271028037382,0.8955223880597015,0.9437857441763147,0.9793032196203494,0.888694956044639,0.09722797834549433
radio,random,logreg,109,22,ok,2246,562,0.7653606411398041,0.7615658362989324,30,29,0.09,0.5,364,14,120,64,0.8612099644128114,0.8729948388896638,0.9629629629629629,0.8504672897196262,0.9032258064516129,0.8289713937918441,0.6774110715970232,0.1044776119402985,0.14953271028037382,0.8955223880597015,0.9437857441763147,0.9793032196203494,0.888694956044639,0.09722797834549433
radio,random,tree,109,11,ok,2246,562,0.7653606411398041,0.7615658362989324,30,29,0.1,0.5,420,8,126,8,0.9715302491103203,0.9608034593388199,0.9813084112149533,0.9813084112149533,0.9813084112149533,0.9608034593388199,0.9216069186776399,0.05970149253731343,0.018691588785046728,0.9402985074626866,0.9629132375505649,0.9784811943399283,0.9112824341946884,0.028337282501590073
radio,random,tree,109,22,ok,2246,562,0.7653606411398041,0.7615658362989324,30,29,0.11,0.5,419,10,124,9,0.9661921708185054,0.9521725484725903,0.9766899766899767,0.9789719626168224,0.9778296382730455,0.9533342947919534,0.9066799363057475,0.07462686567164178,0.02102803738317757,0.9253731343283582,0.9540818105733018,0.973416108317816,0.8921832072235636,0.03367536079340502
radio,random,rf,109,11,ok,2246,562,0.7653606411398041,0.7615658362989324,30,29,1.23,0.5,427,9,125,1,0.9822064056939501,0.9652496861486958,0.9793577981651376,0.9976635514018691,0.9884259259259259,0.9749821937321937,0.9507401857469064,0.06716417910447761,0.002336448598130841,0.9328358208955224,0.9980994559910725,0.9993938566159777,0.9947519522012623,0.019496814637796837
radio,random,rf,109,22,ok,2246,562,0.7653606411398041,0.7615658362989324,30,29,1.23,0.5,427,8,126,1,0.9839857651245552,0.9689810294322778,0.9816091954022989,0.9976635514018691,0.9895712630359212,0.9775442522076159,0.9556812512011339,0.05970149253731343,0.002336448598130841,0.9402985074626866,0.9972102106290975,0.9990752703109832,0.993248495213483,0.019673767331704423
radio,random,xgboost,109,11,ok,2246,562,0.7653606411398041,0.7615658362989324,30,29,1.27,0.5,424,7,127,4,0.9804270462633452,0.9692076998186636,0.9837587006960556,0.9906542056074766,0.9871944121071012,0.9728424890724185,0.9457908906983349,0.05223880597014925,0.009345794392523364,0.9477611940298507,0.9970707211605525,0.9990356209454976,0.9928553325541496,0.014287197031080723
radio,random,xgboost,109,22,ok,2246,562,0.7653606411398041,0.7615658362989324,30,29,1.33,0.5,425,7,127,3,0.9822064056939501,0.9703759241177291,0.9837962962962963,0.9929906542056075,0.9883720930232558,0.975246652572234,0.9506831890760119,0.05223880597014925,0.007009345794392523,0.9477611940298507,0.9966522527549171,0.9988840230711034,0.9922085351193614,0.013922153040766716
radio,random,hgb,109,11,ok,2246,562,0.7653606411398041,0.7615658362989324,30,29,4.56,0.5,426,5,129,2,0.9875444839857651,0.9790068349839587,0.988399071925754,0.9953271028037384,0.9918509895227008,0.9827179475915391,0.965543193952607,0.03731343283582089,0.004672897196261682,0.9626865671641791,0.9993199888408425,0.9997872089029982,0.9979359599795146,0.009555616583396622
radio,random,hgb,109,22,ok,2246,562,0.7653606411398041,0.7615658362989324,30,29,4.62,0.5,426,5,129,2,0.9875444839857651,0.9790068349839587,0.988399071925754,0.9953271028037384,0.9918509895227008,0.9827179475915391,0.965543193952607,0.03731343283582089,0.004672897196261682,0.9626865671641791,0.9993199888408425,0.9997872089029982,0.9979359599795146,0.009555616583396622
radio,random,mlp,109,11,ok,2246,562,0.7653606411398041,0.7615658362989324,30,29,1.8,0.5,423,5,129,5,0.9822064056939501,0.9755021620867624,0.9883177570093458,0.9883177570093458,0.9883177570093458,0.9755021620867624,0.9510043241735249,0.03731343283582089,0.011682242990654205,0.9626865671641791,0.9967394336727576,0.9989791878327449,0.9905614112697678,0.016117224469780922
radio,random,mlp,109,22,ok,2246,562,0.7653606411398041,0.7615658362989324,30,29,1.48,0.5,426,8,126,2,0.9822064056939501,0.9678128051332124,0.9815668202764977,0.9953271028037384,0.988399071925754,0.9751155664972282,0.950662876669779,0.05970149253731343,0.004672897196261682,0.9402985074626866,0.9951178686009206,0.9983650209547721,0.9885484580582269,0.017901966348290443
radio,random,majority,110,11,ok,2246,562,0.7742653606411398,0.7259786476868327,30,29,0.03,0.5,408,154,0,0,0.7259786476868327,0.5,0.7259786476868327,1.0,0.8412371134020619,0.42061855670103093,0.0,1.0,0.0,0.0,0.5,0.7259786476868327,0.27402135231316727,0.27402135231316727
radio,random,majority,110,22,ok,2246,562,0.7742653606411398,0.7259786476868327,30,29,0.03,0.5,408,154,0,0,0.7259786476868327,0.5,0.7259786476868327,1.0,0.8412371134020619,0.42061855670103093,0.0,1.0,0.0,0.0,0.5,0.7259786476868327,0.27402135231316727,0.27402135231316727
radio,random,stratified,110,11,ok,2246,562,0.7742653606411398,0.7259786476868327,30,29,0.03,0.5,318,123,31,90,0.6209964412811388,0.49035523300229183,0.7210884353741497,0.7794117647058824,0.7491166077738516,0.4872855766141985,-0.02093149257618053,0.7987012987012987,0.22058823529411764,0.2012987012987013,0.4903552330022918,0.722167158678418,0.270433604512014,0.3790035587188612
radio,random,stratified,110,22,ok,2246,562,0.7742653606411398,0.7259786476868327,30,29,0.03,0.5,323,122,32,85,0.6316725978647687,0.4997294372294372,0.7258426966292135,0.7916666666666666,0.757327080890973,0.49674472125729463,-0.000594450283781574,0.7922077922077922,0.20833333333333334,0.2077922077922078,0.4997294372294372,0.7258710197662175,0.2739139073658647,0.3683274021352313
radio,random,logreg,110,11,ok,2246,562,0.7742653606411398,0.7259786476868327,30,29,0.1,0.5,344,15,139,64,0.8594306049822064,0.8728673287496818,0.958217270194986,0.8431372549019608,0.8970013037809648,0.8378563941874011,0.6924358196618353,0.09740259740259741,0.1568627450980392,0.9025974025974026,0.9534154570919277,0.9800062041193486,0.917343197896892,0.09510772250803977
radio,random,logreg,110,22,ok,2246,562,0.7742653606411398,0.7259786476868327,30,29,0.09,0.5,344,15,139,64,0.8594306049822064,0.8728673287496818,0.958217270194986,0.8431372549019608,0.8970013037809648,0.8378563941874011,0.6924358196618353,0.09740259740259741,0.1568627450980392,0.9025974025974026,0.9534154570919277,0.9800062041193486,0.917343197896892,0.09510772250803977
radio,random,tree,110,11,ok,2246,562,0.7742653606411398,0.7259786476868327,30,29,0.15,0.5,397,11,143,11,0.9608540925266904,0.9508053221288515,0.9730392156862745,0.9730392156862745,0.9730392156862745,0.9508053221288515,0.9016106442577031,0.07142857142857142,0.02696078431372549,0.9285714285714286,0.9540441176470589,0.9684677927507089,0.8980894108245405,0.038915509050825636
radio,random,tree,110,22,ok,2246,562,0.7742653606411398,0.7259786476868327,30,29,0.13,0.5,397,10,144,11,0.9626334519572953,0.9540520753756048,0.9754299754299754,0.9730392156862745,0.9742331288343559,0.9531359818929062,0.9062813627312754,0.06493506493506493,0.02696078431372549,0.935064935064935,0.957322701807996,0.9708157083222316,0.9028311137126395,0.03713614962022065
radio,random,rf,110,11,ok,2246,562,0.7742653606411398,0.7259786476868327,30,29,1.3,0.5,407,10,144,1,0.9804270462633452,0.966306977336389,0.9760191846522782,0.9975490196078431,0.9866666666666667,0.9749386845039019,0.950693058383203,0.06493506493506493,0.0024509803921568627,0.935064935064935,0.9984402852049911,0.9993993331412586,0.996382411399898,0.01883959260679136
radio,random,rf,110,22,ok,2246,562,0.7742653606411398,0.7259786476868327,30,29,1.34,0.5,407,8,146,1,0.9839857651245552,0.9728004838298956,0.980722891566265,0.9975490196078431,0.9890643985419199,0.9795820331580032,0.9596561132130741,0.05194805194805195,0.0024509803921568627,0.948051948051948,0.998472116119175,0.9994129758357402,0.9964336290743105,0.01766540467285216
radio,random,xgboost,110,11,ok,2246,562,0.7742653606411398,0.7259786476868327,30,29,1.38,0.5,405,6,148,3,0.9839857651245552,0.9768430099312453,0.9854014598540146,0.9926470588235294,0.989010989010989,0.9797513961448387,0.9595916797506812,0.03896103896103896,0.007352941176470588,0.961038961038961,0.9985516934046346,0.999445831676532,0.9965587915110767,0.011951475404202938
radio,random,xgboost,110,22,ok,2246,562,0.7742653606411398,0.7259786476868327,30,29,1.25,0.5,406,6,148,2,0.9857651245551602,0.9780685001273237,0.9854368932038835,0.9950980392156863,0.9902439024390244,0.9819640564826702,0.9640872272110504,0.03896103896103896,0.004901960784313725,0.961038961038961,0.9988700025464732,0.9995716224443979,0.997220116521419,0.010728045366704464
radio,random,hgb,110,11,ok,2246,562,0.7742653606411398,0.7259786476868327,30,29,4.25,0.5,407,4,150,1,0.9911032028469751,0.9857874968169086,0.9902676399026764,0.9975490196078431,0.9938949938949939,0.9887507756360215,0.977591430226963,0.025974025974025976,0.0024509803921568627,0.974025974025974,0.9996976063152534,0.9998873401878133,0.9992000060832777,0.008980510691942693
radio,random,hgb,110,22,ok,2246,562,0.7742653606411398,0.7259786476868327,30,29,4.42,0.5,407,4,150,1,0.9911032028469751,0.9857874968169086,0.9902676399026764,0.9975490196078431,0.9938949938949939,0.9887507756360215,0.977591430226963,0.025974025974025976,0.0024509803921568627,0.974025974025974,0.9996976063152534,0.9998873401878133,0.9992000060832777,0.008980510691942693
radio,random,mlp,110,11,ok,2246,562,0.7742653606411398,0.7259786476868327,30,29,1.2,0.5,403,11,143,5,0.9715302491103203,0.9581582633053222,0.9734299516908212,0.9877450980392157,0.9805352798053528,0.9637775736775108,0.9279080303670072,0.07142857142857142,0.012254901960784314,0.9285714285714286,0.9937133944486886,0.9971053253475723,0.9893307675798615,0.02264992706477642
radio,random,mlp,110,22,ok,2246,562,0.7742653606411398,0.7259786476868327,30,29,1.58,0.5,405,9,145,3,0.9786476868327402,0.9671027501909855,0.9782608695652174,0.9926470588235294,0.9854014598540146,0.9728331802581331,0.9460233016028519,0.05844155844155844,0.007352941176470588,0.9415584415584416,0.9951139546727782,0.9979643188286674,0.990441057931941,0.019278302788734436
radio,random,majority,111,11,ok,2246,562,0.7658058771148709,0.7597864768683275,30,29,0.03,0.5,427,135,0,0,0.7597864768683275,0.5,0.7597864768683275,1.0,0.8634984833164813,0.43174924165824063,0.0,1.0,0.0,0.0,0.5,0.7597864768683275,0.2402135231316726,0.2402135231316726
radio,random,majority,111,22,ok,2246,562,0.7658058771148709,0.7597864768683275,30,29,0.04,0.5,427,135,0,0,0.7597864768683275,0.5,0.7597864768683275,1.0,0.8634984833164813,0.43174924165824063,0.0,1.0,0.0,0.0,0.5,0.7597864768683275,0.2402135231316726,0.2402135231316726
radio,random,stratified,111,11,ok,2246,562,0.7658058771148709,0.7597864768683275,30,29,0.04,0.5,328,106,29,99,0.6352313167259787,0.491482348859398,0.7557603686635944,0.7681498829039812,0.7619047619047619,0.4912185406481984,-0.017353249718142432,0.7851851851851852,0.23185011709601874,0.21481481481481482,0.491482348859398,0.756693822322303,0.23728108112560958,0.36476868327402134
radio,random,stratified,111,22,ok,2246,562,0.7658058771148709,0.7597864768683275,30,29,0.04,0.5,333,104,31,94,0.6476868327402135,0.5047445572035736,0.7620137299771167,0.7798594847775175,0.7708333333333334,0.5046474358974359,0.00974789358759829,0.7703703703703704,0.22014051522248243,0.22962962962962963,0.5047445572035736,0.7615234213302169,0.2420015289310663,0.35231316725978645
radio,random,logreg,111,11,ok,2246,562,0.7658058771148709,0.7597864768683275,30,29,0.08,0.5,369,12,123,58,0.8754448398576512,0.887639864689045,0.968503937007874,0.8641686182669789,0.9133663366336634,0.8459236746459456,0.7088224684011732,0.08888888888888889,0.1358313817330211,0.9111111111111111,0.9578280856969381,0.985196958601319,0.9056287835688669,0.09019889987405309
radio,random,logreg,111,22,ok,2246,562,0.7658058771148709,0.7597864768683275,30,29,0.08,0.5,369,12,123,58,0.8754448398576512,0.887639864689045,0.968503937007874,0.8641686182669789,0.9133663366336634,0.8459236746459456,0.7088224684011732,0.08888888888888889,0.1358313817330211,0.9111111111111111,0.9578280856969381,0.985196958601319,0.9056287835688669,0.09019889987405309
radio,random,tree,111,11,ok,2246,562,0.7658058771148709,0.7597864768683275,30,29,0.12,0.5,418,11,124,9,0.9644128113879004,0.9487206175730766,0.9743589743589743,0.9789227166276346,0.9766355140186916,0.9510043241735249,0.9020536654139527,0.08148148148148149,0.02107728337236534,0.9185185185185185,0.9495619741521379,0.9703232096802986,0.8810034464196975,0.03553520718384602
radio,random,tree,111,22,ok,2246,562,0.7658058771148709,0.7597864768683275,30,29,0.11,0.5,420,11,124,7,0.9679715302491103,0.9510625379477838,0.974477958236659,0.9836065573770492,0.9790209790209791,0.955675903044324,0.9115348843053456,0.08148148148148149,0.01639344262295082,0.9185185185185185,0.9519559372018388,0.9714456145493225,0.8945593183545636,0.03197648832263606
radio,random,rf,111,11,ok,2246,562,0.7658058771148709,0.7597864768683275,30,29,1.2,0.5,425,9,126,2,0.9804270462633452,0.9643247462919594,0.9792626728110599,0.9953161592505855,0.9872241579558653,0.9726995314494156,0.9459818369771902,0.06666666666666667,0.00468384074941452,0.9333333333333333,0.9979529881169226,0.9993476348657306,0.9941895109213005,0.017989708326280603
radio,random,rf,111,22,ok,2246,562,0.7658058771148709,0.7597864768683275,30,29,1.19,0.5,424,7,128,3,0.9822064056939501,0.9705611935120132,0.9837587006960556,0.9929742388758782,0.9883449883449883,0.9753755016912911,0.9509389652221854,0.05185185185185185,0.00702576112412178,0.9481481481481482,0.998421372191864,0.9995022207163251,0.9953262639838857,0.016586791567477003
radio,random,xgboost,111,11,ok,2246,562,0.7658058771148709,0.7597864768683275,30,29,1.32,0.5,423,3,132,4,0.9875444839857651,0.9842050481394744,0.9929577464788732,0.990632318501171,0.9917936694021102,0.9829817055497636,0.9659749774077879,0.022222222222222223,0.00936768149882904,0.9777777777777777,0.999045884291786,0.9996998267119235,0.997128066275109,0.009074702858924866
radio,random,xgboost,111,22,ok,2246,562,0.7658058771148709,0.7597864768683275,30,29,1.6,0.5,425,3,132,2,0.9911032028469751,0.9865469685141817,0.9929906542056075,0.9953161592505855,0.9941520467836257,0.987782343094415,0.9755764424320648,0.022222222222222223,0.00468384074941452,0.9777777777777777,0.9988897562668053,0.9996455067518308,0.9968528177125222,0.008312258869409561
radio,random,hgb,111,11,ok,2246,562,0.7658058771148709,0.7597864768683275,30,29,5.4,0.5,425,3,132,2,0.9911032028469751,0.9865469685141817,0.9929906542056075,0.9953161592505855,0.9941520467836257,0.987782343094415,0.9755764424320648,0.022222222222222223,0.00468384074941452,0.9777777777777777,0.999583658600052,0.9998694653944955,0.9987051125133557,0.007408813961497569
radio,random,hgb,111,22,ok,2246,562,0.7658058771148709,0.7597864768683275,30,29,6.7,0.5,425,3,132,2,0.9911032028469751,0.9865469685141817,0.9929906542056075,0.9953161592505855,0.9941520467836257,0.987782343094415,0.9755764424320648,0.022222222222222223,0.00468384074941452,0.9777777777777777,0.999583658600052,0.9998694653944955,0.9987051125133557,0.007408813961497569
radio,random,mlp,111,11,ok,2246,562,0.7658058771148709,0.7597864768683275,30,29,1.98,0.5,418,6,129,9,0.9733096085409253,0.9672391360915951,0.9858490566037735,0.9789227166276346,0.982373678025852,0.9637143115403985,0.9275291304892479,0.044444444444444446,0.02107728337236534,0.9555555555555556,0.9965998785670918,0.998907773066829,0.9907958972015805,0.019915970042347908
radio,random,mlp,111,22,ok,2246,562,0.7658058771148709,0.7597864768683275,30,29,2.42,0.5,418,7,128,9,0.9715302491103203,0.9635354323878914,0.9835294117647059,0.9789227166276346,0.9812206572769953,0.9611985639326153,0.9224418663134879,0.05185185185185185,0.02107728337236534,0.9481481481481482,0.9971896955503513,0.9991107214359092,0.9919228215665833,0.01915675215423107
radio,random,majority,112,11,ok,2246,562,0.7631344612644702,0.7704626334519573,30,30,0.04,0.5,433,129,0,0,0.7704626334519573,0.5,0.7704626334519573,1.0,0.8703517587939699,0.43517587939698493,0.0,1.0,0.0,0.0,0.5,0.7704626334519573,0.22953736654804271,0.22953736654804271
radio,random,majority,112,22,ok,2246,562,0.7631344612644702,0.7704626334519573,30,30,0.03,0.5,433,129,0,0,0.7704626334519573,0.5,0.7704626334519573,1.0,0.8703517587939699,0.43517587939698493,0.0,1.0,0.0,0.0,0.5,0.7704626334519573,0.22953736654804271,0.22953736654804271
radio,random,stratified,112,11,ok,2246,562,0.7631344612644702,0.7704626334519573,30,30,0.03,0.5,331,100,29,102,0.6405693950177936,0.49462019084447784,0.7679814385150812,0.7644341801385681,0.7662037037037037,0.4946403133903134,-0.01070191225245392,0.7751937984496124,0.23556581986143188,0.2248062015503876,0.49462019084447784,0.7685659232346224,0.22770220141898098,0.3594306049822064
radio,random,stratified,112,22,ok,2246,562,0.7631344612644702,0.7704626334519573,30,30,0.03,0.5,337,100,29,96,0.6512455516014235,0.5015485973109906,0.7711670480549199,0.7782909930715936,0.774712643678161,0.5015295501855371,0.00313192659608327,0.7751937984496124,0.22170900692840648,0.2248062015503876,0.5015485973109906,0.7710108729928312,0.23009098182018817,0.3487544483985765
radio,random,logreg,112,11,ok,2246,562,0.7631344612644702,0.7704626334519573,30,30,0.11,0.5,374,14,115,59,0.8701067615658363,0.8776071038544856,0.9639175257731959,0.8637413394919169,0.9110840438489647,0.8350799757198619,0.6869394658546814,0.10852713178294573,0.13625866050808313,0.8914728682170543,0.953631594965716,0.9842792379903679,0.9005975259416836,0.09246626188342724
radio,random,logreg,112,22,ok,2246,562,0.7631344612644702,0.7704626334519573,30,30,0.11,0.5,374,14,115,59,0.8701067615658363,0.8776071038544856,0.9639175257731959,0.8637413394919169,0.9110840438489647,0.8350799757198619,0.6869394658546814,0.10852713178294573,0.13625866050808313,0.8914728682170543,0.953631594965716,0.9842792379903679,0.9005975259416836,0.09246626188342724
radio,random,tree,112,11,ok,2246,562,0.7631344612644702,0.7704626334519573,30,30,0.12,0.5,425,8,121,8,0.9715302491103203,0.959754372773332,0.9815242494226328,0.9815242494226328,0.9815242494226328,0.959754372773332,0.9195087455466638,0.06201550387596899,0.018475750577367205,0.937984496124031,0.9595395384642927,0.9776247276495026,0.8926991389821158,0.02847034949906351
radio,random,tree,112,22,ok,2246,562,0.7631344612644702,0.7704626334519573,30,30,0.12,0.5,423,7,122,10,0.9697508896797153,0.9613208729434091,0.9837209302325581,0.976905311778291,0.9803012746234068,0.9575835875032743,0.9152731256701737,0.05426356589147287,0.023094688221709007,0.9457364341085271,0.9610523300571101,0.9787957963577175,0.8849200204419627,0.030249708929668495
radio,random,rf,112,11,ok,2246,562,0.7631344612644702,0.7704626334519573,30,30,1.36,0.5,432,7,122,1,0.9857651245551602,0.9717134826431781,0.9840546697038725,0.9976905311778291,0.9908256880733946,0.9795398281636813,0.9595382080904515,0.05426356589147287,0.0023094688221709007,0.9457364341085271,0.9986035769912455,0.9995695171164314,0.9961973477391313,0.016160355697333283
radio,random,rf,112,22,ok,2246,562,0.7631344612644702,0.7704626334519573,30,30,1.38,0.5,432,6,123,1,0.9875444839857651,0.9755894516354262,0.9863013698630136,0.9976905311778291,0.9919632606199771,0.9821476382151269,0.9646130092808295,0.046511627906976744,0.0023094688221709007,0.9534883720930233,0.9988184113002846,0.9996447153419907,0.9964297969254927,0.015788143499843577
radio,random,xgboost,112,11,ok,2246,562,0.7631344612644702,0.7704626334519573,30,30,1.77,0.5,431,4,125,2,0.9893238434163701,0.9821866552088367,0.9908045977011494,0.9953810623556582,0.9930875576036866,0.9848250288018433,0.9697002261501689,0.031007751937984496,0.004618937644341801,0.9689922480620154,0.999373399931969,0.9998164663059645,0.997898312396839,0.007782031781971455
radio,random,xgboost,112,22,ok,2246,562,0.7631344612644702,0.7704626334519573,30,30,1.69,0.5,431,2,127,2,0.9928825622775801,0.9899385931933329,0.9953810623556582,0.9953810623556582,0.9953810623556582,0.9899385931933329,0.979877186386666,0.015503875968992248,0.004618937644341801,0.9844961240310077,0.9992301770592763,0.9997710891721548,0.9975605158665214,0.008033090271055698
radio,random,hgb,112,11,ok,2246,562,0.7631344612644702,0.7704626334519573,30,30,7.25,0.5,430,3,126,3,0.9893238434163701,0.9849078897899994,0.9930715935334873,0.9930715935334873,0.9930715935334873,0.9849078897899994,0.9698157795799989,0.023255813953488372,0.006928406466512702,0.9767441860465116,0.9996419428182681,0.9998939169897261,0.9988245838369095,0.007966888601149899
radio,random,hgb,112,22,ok,2246,562,0.7631344612644702,0.7704626334519573,30,30,6.7,0.5,430,3,126,3,0.9893238434163701,0.9849078897899994,0.9930715935334873,0.9930715935334873,0.9930715935334873,0.9849078897899994,0.9698157795799989,0.023255813953488372,0.006928406466512702,0.9767441860465116,0.9996419428182681,0.9998939169897261,0.9988245838369095,0.007966888601149899
radio,random,mlp,112,11,ok,2246,562,0.7631344612644702,0.7704626334519573,30,30,1.36,0.5,428,15,114,5,0.9644128113879004,0.9360867930608519,0.9661399548532731,0.9884526558891455,0.9771689497716894,0.9482618942406834,0.897772688447989,0.11627906976744186,0.011547344110854504,0.8837209302325582,0.9907621247113163,0.9970428327561955,0.9777363638960737,0.026613933965563774
radio,random,mlp,112,22,ok,2246,562,0.7631344612644702,0.7704626334519573,30,30,2.93,0.5,428,7,122,5,0.9786476868327402,0.9670945449988364,0.9839080459770115,0.9884526558891455,0.9861751152073732,0.9696500576036866,0.9393492769365653,0.05426356589147287,0.011547344110854504,0.9457364341085271,0.9957928281146499,0.9986595336595089,0.9898549391844433,0.015314298681914806
radio,random,majority,113,11,ok,2246,562,0.761353517364203,0.7775800711743772,30,29,0.04,0.5,437,125,0,0,0.7775800711743772,0.5,0.7775800711743772,1.0,0.8748748748748749,0.43743743743743746,0.0,1.0,0.0,0.0,0.5,0.7775800711743772,0.22241992882562278,0.22241992882562278
radio,random,majority,113,22,ok,2246,562,0.761353517364203,0.7775800711743772,30,29,0.04,0.5,437,125,0,0,0.7775800711743772,0.5,0.7775800711743772,1.0,0.8748748748748749,0.43743743743743746,0.0,1.0,0.0,0.0,0.5,0.7775800711743772,0.22241992882562278,0.22241992882562278
radio,random,stratified,113,11,ok,2246,562,0.761353517364203,0.7775800711743772,30,29,0.04,0.5,335,94,31,102,0.6512455516014235,0.5072951945080091,0.7808857808857809,0.7665903890160183,0.7736720554272517,0.5069910664733158,0.014276052284098529,0.752,0.2334096109839817,0.248,0.5072951945080092,0.7801141964680163,0.2250642977550638,0.3487544483985765
radio,random,stratified,113,22,ok,2246,562,0.761353517364203,0.7775800711743772,30,29,0.03,0.5,336,100,25,101,0.6423487544483986,0.4844393592677345,0.7706422018348624,0.7688787185354691,0.7697594501718213,0.48448131871140865,-0.03103306558082275,0.8,0.2311212814645309,0.2,0.4844393592677345,0.7722456910872446,0.2176184827430379,0.35765124555160144
radio,random,logreg,113,11,ok,2246,562,0.761353517364203,0.7775800711743772,30,29,0.1,0.5,387,23,102,50,0.8701067615658363,0.85079176201373,0.9439024390243902,0.88558352402746,0.9138134592680047,0.8251377765654103,0.6568427099027933,0.184,0.11441647597254005,0.816,0.9208970251716248,0.9713990755698548,0.8657324931371789,0.09503701812921649
radio,random,logreg,113,22,ok,2246,562,0.761353517364203,0.7775800711743772,30,29,0.09,0.5,387,23,102,50,0.8701067615658363,0.85079176201373,0.9439024390243902,0.88558352402746,0.9138134592680047,0.8251377765654103,0.6568427099027933,0.184,0.11441647597254005,0.816,0.9208970251716248,0.9713990755698548,0.8657324931371789,0.09503701812921649
radio,random,tree,113,11,ok,2246,562,0.761353517364203,0.7775800711743772,30,29,0.13,0.5,429,13,112,8,0.9626334519572953,0.9388466819221968,0.9705882352941176,0.9816933638443935,0.9761092150170648,0.9451974646513895,0.8907109307851389,0.104,0.018306636155606407,0.896,0.9375286041189931,0.967054905058516,0.850551280441002,0.03739455914997834
radio,random,tree,113,22,ok,2246,562,0.761353517364203,0.7775800711743772,30,29,0.12,0.5,428,14,111,9,0.9590747330960854,0.9337025171624713,0.9683257918552036,0.9794050343249427,0.9738339021615472,0.9399781755705695,0.8802700092287137,0.112,0.020594965675057208,0.888,0.9322196796338672,0.964397390285118,0.8364639732049404,0.04095327801118831
radio,random,rf,113,11,ok,2246,562,0.761353517364203,0.7775800711743772,30,29,1.51,0.5,436,15,110,1,0.9715302491103203,0.9388558352402746,0.9667405764966741,0.9977116704805492,0.9819819819819819,0.9570926859062452,0.9168490464474255,0.12,0.002288329519450801,0.88,0.9981693363844394,0.9994747328951445,0.9941666291124027,0.022514656136923675
radio,random,rf,113,22,ok,2246,562,0.761353517364203,0.7775800711743772,30,29,1.3,0.5,435,15,110,2,0.9697508896797153,0.9377116704805493,0.9666666666666667,0.9954233409610984,0.9808342728297632,0.954552157511928,0.9113780792124869,0.12,0.004576659038901602,0.88,0.9974736842105263,0.9992656514238087,0.9923936836487924,0.0221262821999852
radio,random,xgboost,113,11,ok,2246,562,0.761353517364203,0.7775800711743772,30,29,1.77,0.5,435,6,119,2,0.9857651245551602,0.9737116704805492,0.9863945578231292,0.9954233409610984,0.9908883826879271,0.9791840287423376,0.9585788113375932,0.048,0.004576659038901602,0.952,0.9985720823798626,0.9995895704565577,0.9954566993184146,0.01198362372815609
radio,random,xgboost,113,22,ok,2246,562,0.761353517364203,0.7775800711743772,30,29,1.72,0.5,435,7,118,2,0.9839857651245552,0.9697116704805492,0.9841628959276018,0.9954233409610984,0.9897610921501706,0.9765131991363099,0.9533564601236898,0.056,0.004576659038901602,0.944,0.9984439359267735,0.9995472912087071,0.995291523019412,0.012871572747826576
radio,random,hgb,113,11,ok,2246,562,0.761353517364203,0.7775800711743772,30,29,7.44,0.5,436,6,119,1,0.9875444839857651,0.9748558352402745,0.9864253393665159,0.9977116704805492,0.9920364050056882,0.9817324882171299,0.963797381680115,0.048,0.002288329519450801,0.952,0.9989748283752861,0.9997081541865287,0.9965854870390383,0.01316509590965504
radio,random,hgb,113,22,ok,2246,562,0.761353517364203,0.7775800711743772,30,29,8.25,0.5,436,6,119,1,0.9875444839857651,0.9748558352402745,0.9864253393665159,0.9977116704805492,0.9920364050056882,0.9817324882171299,0.963797381680115,0.048,0.002288329519450801,0.952,0.9989748283752861,0.9997081541865287,0.9965854870390383,0.01316509590965504
radio,random,mlp,113,11,ok,2246,562,0.761353517364203,0.7775800711743772,30,29,2.6,0.5,434,21,104,3,0.9572953736654805,0.9125675057208238,0.9538461538461539,0.9931350114416476,0.9730941704035875,0.9348229472707592,0.8740235869691387,0.168,0.006864988558352402,0.832,0.9924210526315789,0.9977666096656868,0.9789232030342507,0.027987608686089516
radio,random,mlp,113,22,ok,2246,562,0.761353517364203,0.7775800711743772,30,29,2.99,0.5,436,13,112,1,0.9750889679715302,0.9468558352402746,0.9710467706013363,0.9977116704805492,0.9841986455981941,0.9626875580932147,0.9273224243124674,0.104,0.002288329519450801,0.896,0.9948558352402747,0.9984850228407678,0.9857022916380407,0.021320734173059464
radio,random,majority,114,11,ok,2246,562,0.7662511130899377,0.7580071174377224,29,30,0.04,0.5,426,136,0,0,0.7580071174377224,0.5,0.7580071174377224,1.0,0.8623481781376519,0.4311740890688259,0.0,1.0,0.0,0.0,0.5,0.7580071174377224,0.24199288256227758,0.24199288256227758
radio,random,majority,114,22,ok,2246,562,0.7662511130899377,0.7580071174377224,29,30,0.03,0.5,426,136,0,0,0.7580071174377224,0.5,0.7580071174377224,1.0,0.8623481781376519,0.4311740890688259,0.0,1.0,0.0,0.0,0.5,0.7580071174377224,0.24199288256227758,0.24199288256227758
radio,random,stratified,114,11,ok,2246,562,0.7662511130899377,0.7580071174377224,29,30,0.04,0.5,328,106,30,98,0.6370106761565836,0.49527064346865507,0.7557603686635944,0.7699530516431925,0.7627906976744186,0.49503171247357297,-0.009659540220956624,0.7794117647058824,0.2300469483568075,0.22058823529411764,0.49527064346865507,0.7562772263628069,0.24031246729118694,0.36298932384341637
radio,random,stratified,114,22,ok,2246,562,0.7662511130899377,0.7580071174377224,29,30,0.04,0.5,334,104,32,92,0.6512455516014235,0.5096658381662524,0.7625570776255708,0.784037558685446,0.7731481481481481,0.5096509971509972,0.019966220872373142,0.7647058823529411,0.215962441314554,0.23529411764705882,0.5096658381662524,0.7615744571155191,0.24577444340151394,0.3487544483985765
radio,random,logreg,114,11,ok,2246,562,0.7662511130899377,0.7580071174377224,29,30,0.1,0.5,376,21,115,50,0.8736654804270463,0.8641086716376691,0.947103274559194,0.8826291079812206,0.913730255164034,0.8389249282464688,0.6848540780357678,0.15441176470588236,0.11737089201877934,0.8455882352941176,0.9382421982877658,0.9762199392729043,0.8897468310944485,0.08945331166494672
radio,random,logreg,114,22,ok,2246,562,0.7662511130899377,0.7580071174377224,29,30,0.09,0.5,376,21,115,50,0.8736654804270463,0.8641086716376691,0.947103274559194,0.8826291079812206,0.913730255164034,0.8389249282464688,0.6848540780357678,0.15441176470588236,0.11737089201877934,0.8455882352941176,0.9382421982877658,0.9762199392729043,0.8897468310944485,0.08945331166494672
radio,random,tree,114,11,ok,2246,562,0.7662511130899377,0.7580071174377224,29,30,0.16,0.5,417,10,126,9,0.9661921708185054,0.952671913835957,0.9765807962529274,0.9788732394366197,0.977725674091442,0.9538074864922155,0.9076261019452797,0.07352941176470588,0.02112676056338028,0.9264705882352942,0.945154998619166,0.9674543779806832,0.8951647346680642,0.03343189235668677
radio,random,tree,114,22,ok,2246,562,0.7662511130899377,0.7580071174377224,29,30,0.14,0.5,416,11,125,10,0.9626334519572953,0.9478217343275338,0.9742388758782201,0.9765258215962441,0.9753810082063306,0.9489451166492908,0.897901289368195,0.08088235294117647,0.023474178403755867,0.9191176470588235,0.9387772714719691,0.9635623516333305,0.8892695864250145,0.03693048369773404
radio,random,rf,114,11,ok,2246,562,0.7662511130899377,0.7580071174377224,29,30,1.49,0.5,425,7,129,1,0.9857651245551602,0.9730909969621651,0.9837962962962963,0.9976525821596244,0.9906759906759907,0.980300401353033,0.9610265439699435,0.051470588235294115,0.002347417840375587,0.9485294117647058,0.9993095829881248,0.9997831129918497,0.9978548589504993,0.016833032967778844
radio,random,rf,114,22,ok,2246,562,0.7662511130899377,0.7580071174377224,29,30,1.55,0.5,425,10,126,1,0.9804270462633452,0.9620615851974592,0.9770114942528736,0.9976525821596244,0.9872241579558653,0.9726995314494156,0.9463627207283853,0.07352941176470588,0.002347417840375587,0.9264705882352942,0.9992578017122342,0.9997650374168885,0.9977365177501131,0.017610088768261895
radio,random,xgboost,114,11,ok,2246,562,0.7662511130899377,0.7580071174377224,29,30,2.5,0.5,423,2,134,3,0.9911032028469751,0.9891259320629661,0.9952941176470588,0.9929577464788732,0.9941245593419507,0.9879047705134661,0.975821065705603,0.014705882352941176,0.007042253521126761,0.9852941176470589,0.9998101353217342,0.999939499467094,0.999420126871058,0.005821700673550367
radio,random,xgboost,114,22,ok,2246,562,0.7662511130899377,0.7580071174377224,29,30,2.12,0.5,424,4,132,2,0.9893238434163701,0.9829466998066833,0.9906542056074766,0.9953051643192489,0.9929742388758782,0.9853760083268279,0.9707986604328779,0.029411764705882353,0.004694835680751174,0.9705882352941176,0.9996547914940624,0.9998909624340763,0.9989247098606123,0.007672897074371576
radio,random,hgb,114,11,ok,2246,562,0.7662511130899377,0.7580071174377224,29,30,8.64,0.5,426,3,133,0,0.994661921708185,0.9889705882352942,0.993006993006993,1.0,0.9964912280701754,0.992669405856649,0.9854452937554574,0.022058823529411766,0.0,0.9779411764705882,0.9999136978735156,0.9999725507840145,0.9997327714529645,0.004182288979662496
radio,random,hgb,114,22,ok,2246,562,0.7662511130899377,0.7580071174377224,29,30,9.44,0.5,426,3,133,0,0.994661921708185,0.9889705882352942,0.993006993006993,1.0,0.9964912280701754,0.992669405856649,0.9854452937554574,0.022058823529411766,0.0,0.9779411764705882,0.9999136978735156,0.9999725507840145,0.9997327714529645,0.004182288979662496
radio,random,mlp,114,11,ok,2246,562,0.7662511130899377,0.7580071174377224,29,30,2.15,0.5,421,10,126,5,0.9733096085409253,0.9573667495167082,0.9767981438515081,0.9882629107981221,0.9824970828471412,0.9631586537831212,0.9266048195671748,0.07352941176470588,0.011737089201877934,0.9264705882352942,0.9938035073184204,0.9977937967755286,0.9864771711791228,0.02109931781888008
radio,random,mlp,114,22,ok,2246,562,0.7662511130899377,0.7580071174377224,29,30,2.1,0.5,423,15,121,3,0.9679715302491103,0.9413318144159072,0.9657534246575342,0.9929577464788732,0.9791666666666666,0.9549679487179488,0.9116362526530516,0.11029411764705882,0.007042253521126761,0.8897058823529411,0.9939761115713892,0.9979402233828926,0.9861744145736012,0.022745594382286072
radio,random,majority,115,11,ok,2246,562,0.7649154051647373,0.7633451957295374,30,29,0.04,0.5,429,133,0,0,0.7633451957295374,0.5,0.7633451957295374,1.0,0.8657921291624622,0.4328960645812311,0.0,1.0,0.0,0.0,0.5,0.7633451957295374,0.23665480427046262,0.23665480427046262
radio,random,majority,115,22,ok,2246,562,0.7649154051647373,0.7633451957295374,30,29,0.04,0.5,429,133,0,0,0.7633451957295374,0.5,0.7633451957295374,1.0,0.8657921291624622,0.4328960645812311,0.0,1.0,0.0,0.0,0.5,0.7633451957295374,0.23665480427046262,0.23665480427046262
radio,random,stratified,115,11,ok,2246,562,0.7649154051647373,0.7633451957295374,30,29,0.04,0.5,329,104,29,100,0.6370106761565836,0.49247243984086086,0.7598152424942263,0.7668997668997669,0.7633410672853829,0.4923575565434548,-0.015215978779878452,0.7819548872180451,0.2331002331002331,0.21804511278195488,0.49247243984086086,0.7606380754162102,0.23407127435405528,0.36298932384341637
radio,random,stratified,115,22,ok,2246,562,0.7649154051647373,0.7633451957295374,30,29,0.04,0.5,335,102,31,94,0.6512455516014235,0.5069842438263491,0.7665903890160183,0.7808857808857809,0.7736720554272517,0.5069910664733158,0.014276052284098529,0.7669172932330827,0.2191142191142191,0.23308270676691728,0.5069842438263491,0.7658793210231764,0.23929917319990368,0.3487544483985765
radio,random,logreg,115,11,ok,2246,562,0.7649154051647373,0.7633451957295374,30,29,0.11,0.5,370,23,110,59,0.8540925266903915,0.8447692658218974,0.9414758269720102,0.8624708624708625,0.9002433090024331,0.814360065097243,0.6391067122799476,0.17293233082706766,0.13752913752913754,0.8270676691729323,0.9383949383949384,0.9766006929101243,0.883547983783072,0.09237547254219629
radio,random,logreg,115,22,ok,2246,562,0.7649154051647373,0.7633451957295374,30,29,0.11,0.5,370,23,110,59,0.8540925266903915,0.8447692658218974,0.9414758269720102,0.8624708624708625,0.9002433090024331,0.814360065097243,0.6391067122799476,0.17293233082706766,0.13752913752913754,0.8270676691729323,0.9383949383949384,0.9766006929101243,0.883547983783072,0.09237547254219629
radio,random,tree,115,11,ok,2246,562,0.7649154051647373,0.7633451957295374,30,29,0.14,0.5,416,15,118,13,0.9501779359430605,0.9284575074048758,0.9651972157772621,0.9696969696969697,0.9674418604651163,0.930690627202255,0.8614259216962419,0.11278195488721804,0.030303030303030304,0.8872180451127819,0.9370103580629898,0.9643780072221532,0.8490269442502123,0.049224191923976056
radio,random,tree,115,22,ok,2246,562,0.7649154051647373,0.7633451957295374,30,29,0.15,0.5,417,14,119,12,0.9537366548042705,0.9333824070666176,0.9675174013921114,0.972027972027972,0.9697674418604652,0.9356412966878083,0.8713275715846367,0.10526315789473684,0.027972027972027972,0.8947368421052632,0.9421981527244685,0.9671861728305152,0.8621586272902096,0.04566547306276609
radio,random,rf,115,11,ok,2246,562,0.7649154051647373,0.7633451957295374,30,29,1.39,0.5,428,14,119,1,0.9733096085409253,0.9462029198871305,0.9683257918552036,0.9976689976689976,0.9827784156142365,0.9617449390324146,0.9255824523640057,0.10526315789473684,0.002331002331002331,0.8947368421052632,0.990185253343148,0.9964009260872357,0.9807024159253395,0.026149299961851964
radio,random,rf,115,22,ok,2246,562,0.7649154051647373,0.7633451957295374,30,29,1.41,0.5,428,14,119,1,0.9733096085409253,0.9462029198871305,0.9683257918552036,0.9976689976689976,0.9827784156142365,0.9617449390324146,0.9255824523640057,0.10526315789473684,0.002331002331002331,0.8947368421052632,0.990378043009622,0.9965801420701115,0.9800942023260949,0.02617407591459778
radio,random,xgboost,115,11,ok,2246,562,0.7649154051647373,0.7633451957295374,30,29,2.09,0.5,426,9,124,3,0.9786476868327402,0.9626689100373311,0.9793103448275862,0.993006993006993,0.9861111111111112,0.9699786324786326,0.9403906241327448,0.06766917293233082,0.006993006993006993,0.9323308270676691,0.9936554673396778,0.9977138207949248,0.9870334847181024,0.0173020176589489
radio,random,xgboost,115,22,ok,2246,562,0.7649154051647373,0.7633451957295374,30,29,2.16,0.5,425,9,124,4,0.9768683274021353,0.96150340887183,0.9792626728110599,0.9906759906759907,0.984936268829664,0.9675639198554451,0.9354261918034997,0.06766917293233082,0.009324009324009324,0.9323308270676691,0.9920780973412552,0.9967964768940738,0.9860223055642324,0.016810813918709755
radio,random,hgb,115,11,ok,2246,562,0.7649154051647373,0.7633451957295374,30,29,9.21,0.5,427,10,123,2,0.9786476868327402,0.9600750127065917,0.977116704805492,0.9953379953379954,0.9861431870669746,0.9698157795799989,0.9404103148901592,0.07518796992481203,0.004662004662004662,0.924812030075188,0.9931997826734669,0.9969339515868568,0.9894671567893739,0.01896655209511918
radio,random,hgb,115,22,ok,2246,562,0.7649154051647373,0.7633451957295374,30,29,8.9,0.5,427,10,123,2,0.9786476868327402,0.9600750127065917,0.977116704805492,0.9953379953379954,0.9861431870669746,0.9698157795799989,0.9404103148901592,0.07518796992481203,0.004662004662004662,0.924812030075188,0.9931997826734669,0.9969339515868568,0.9894671567893739,0.01896655209511918
radio,random,mlp,115,11,ok,2246,562,0.7649154051647373,0.7633451957295374,30,29,3.15,0.5,424,13,120,5,0.9679715302491103,0.9453003137213662,0.9702517162471396,0.9883449883449883,0.9792147806004619,0.9547236693699983,0.9102102845877876,0.09774436090225563,0.011655011655011656,0.9022556390977443,0.9918502550081497,0.997294820449538,0.9805932965395744,0.025471486151218414
radio,random,mlp,115,22,ok,2246,562,0.7649154051647373,0.7633451957295374,30,29,2.15,0.5,422,12,121,7,0.9661921708185054,0.9467287098866046,0.9723502304147466,0.9836829836829837,0.9779837775202781,0.9525934213271889,0.9054791965243584,0.09022556390977443,0.016317016317016316,0.9097744360902256,0.99109662267557,0.9970445078328706,0.9789805259709438,0.02592727541923523
radio,random,majority,116,11,ok,2246,562,0.7707034728406055,0.7402135231316725,30,30,0.04,0.5,416,146,0,0,0.7402135231316725,0.5,0.7402135231316725,1.0,0.8507157464212679,0.42535787321063395,0.0,1.0,0.0,0.0,0.5,0.7402135231316725,0.2597864768683274,0.2597864768683274
radio,random,majority,116,22,ok,2246,562,0.7707034728406055,0.7402135231316725,30,30,0.03,0.5,416,146,0,0,0.7402135231316725,0.5,0.7402135231316725,1.0,0.8507157464212679,0.42535787321063395,0.0,1.0,0.0,0.0,0.5,0.7402135231316725,0.2597864768683274,0.2597864768683274
radio,random,stratified,116,11,ok,2246,562,0.7707034728406055,0.7402135231316725,30,30,0.03,0.5,323,117,29,93,0.6263345195729537,0.48753622233930455,0.7340909090909091,0.7764423076923077,0.7546728971962616,0.4855454038220114,-0.02651529897376498,0.8013698630136986,0.22355769230769232,0.19863013698630136,0.4875362223393045,0.7354596665567529,0.2554004138119529,0.3736654804270463
radio,random,stratified,116,22,ok,2246,562,0.7707034728406055,0.7402135231316725,30,30,0.04,0.5,326,113,33,90,0.6387900355871886,0.50484062170706,0.7425968109339408,0.7836538461538461,0.7625730994152047,0.503963129633253,0.010267611247153913,0.773972602739726,0.21634615384615385,0.22602739726027396,0.50484062170706,0.7420811957844116,0.26170911248429013,0.3612099644128114
radio,random,logreg,116,11,ok,2246,562,0.7707034728406055,0.7402135231316725,30,30,0.1,0.5,369,20,126,47,0.8807829181494662,0.8750164646996839,0.9485861182519281,0.8870192307692307,0.9167701863354037,0.8533694191865107,0.7125339665511689,0.136986301369863,0.11298076923076923,0.863013698630137,0.9437236564805058,0.9754225829863548,0.9081950869367169,0.08652314395645191
radio,random,logreg,116,22,ok,2246,562,0.7707034728406055,0.7402135231316725,30,30,0.11,0.5,369,20,126,47,0.8807829181494662,0.8750164646996839,0.9485861182519281,0.8870192307692307,0.9167701863354037,0.8533694191865107,0.7125339665511689,0.136986301369863,0.11298076923076923,0.863013698630137,0.9437236564805058,0.9754225829863548,0.9081950869367169,0.08652314395645191
radio,random,tree,116,11,ok,2246,562,0.7707034728406055,0.7402135231316725,30,30,0.13,0.5,403,10,136,13,0.9590747330960854,0.9501284246575342,0.9757869249394673,0.96875,0.9722557297949337,0.9471448140500092,0.8943785345390248,0.0684931506849315,0.03125,0.9315068493150684,0.951371509483667,0.9697611552953321,0.874846220703295,0.04124768438789532
radio,random,tree,116,22,ok,2246,562,0.7707034728406055,0.7402135231316725,30,30,0.14,0.5,401,10,136,15,0.9555160142348754,0.9477245785036881,0.975669099756691,0.9639423076923077,0.969770253929867,0.9427975848773915,0.8858386816352608,0.0684931506849315,0.036057692307692304,0.9315068493150684,0.9486548340358272,0.9685125241077699,0.8618268946569019,0.04480640324910528
radio,random,rf,116,11,ok,2246,562,0.7707034728406055,0.7402135231316725,30,30,1.39,0.5,414,15,131,2,0.9697508896797153,0.9462262908324552,0.965034965034965,0.9951923076923077,0.9798816568047337,0.9594748785815783,0.9207755461394773,0.10273972602739725,0.004807692307692308,0.8972602739726028,0.9964765542676501,0.9987201760250042,0.9917747710797765,0.021770647464871857
radio,random,rf,116,22,ok,2246,562,0.7707034728406055,0.7402135231316725,30,30,1.34,0.5,413,15,131,3,0.9679715302491103,0.9450243677555321,0.9649532710280374,0.9927884615384616,0.9786729857819905,0.9571936357481381,0.9159306603001727,0.10273972602739725,0.007211538461538462,0.8972602739726028,0.9957027133825078,0.9983900465271547,0.9907538916517981,0.022224302765719114
radio,random,xgboost,116,11,ok,2246,562,0.7707034728406055,0.7402135231316725,30,30,2.08,0.5,411,5,141,5,0.9822064056939501,0.9768670969441517,0.9879807692307693,0.9879807692307693,0.9879807692307693,0.9768670969441517,0.9537341938883035,0.03424657534246575,0.01201923076923077,0.9657534246575342,0.9965424130663857,0.9986935347668052,0.9926965083762052,0.01495019905269146
radio,random,xgboost,116,22,ok,2246,562,0.7707034728406055,0.7402135231316725,30,30,2.21,0.5,412,9,137,4,0.9768683274021353,0.9643703898840885,0.9786223277909739,0.9903846153846154,0.984468339307049,0.9695860860298311,0.9394355792961545,0.06164383561643835,0.009615384615384616,0.9383561643835616,0.9962954425711275,0.9985354826967721,0.9927790077364782,0.015367677435278893
radio,random,hgb,116,11,ok,2246,562,0.7707034728406055,0.7402135231316725,30,30,8.58,0.5,413,6,140,3,0.9839857651245552,0.9758462855637513,0.9856801909307876,0.9927884615384616,0.9892215568862276,0.9790398441870585,0.9581747944926889,0.0410958904109589,0.007211538461538462,0.958904109589041,0.9984687829293994,0.9994508347384641,0.9962093987306794,0.013853417564231595
radio,random,hgb,116,22,ok,2246,562,0.7707034728406055,0.7402135231316725,30,30,6.7,0.5,413,6,140,3,0.9839857651245552,0.9758462855637513,0.9856801909307876,0.9927884615384616,0.9892215568862276,0.9790398441870585,0.9581747944926889,0.0410958904109589,0.007211538461538462,0.958904109589041,0.9984687829293994,0.9994508347384641,0.9962093987306794,0.013853417564231595
radio,random,mlp,116,11,ok,2246,562,0.7707034728406055,0.7402135231316725,30,30,2.28,0.5,409,10,136,7,0.9697508896797153,0.9573399631190727,0.9761336515513126,0.9831730769230769,0.9796407185628743,0.9604085945755547,0.9209100469403626,0.0684931506849315,0.016826923076923076,0.9315068493150684,0.9897918861959959,0.9956601099867719,0.983353512025894,0.021459370851516724
radio,random,mlp,116,22,ok,2246,562,0.7707034728406055,0.7402135231316725,30,30,2.27,0.5,406,7,139,10,0.9697508896797153,0.9640081664910432,0.9830508474576272,0.9759615384615384,0.9794933655006032,0.9609331234282676,0.921956759953868,0.04794520547945205,0.02403846153846154,0.952054794520548,0.9889027924130663,0.9951443299112634,0.9829631760233044,0.02168077789247036
radio,random,majority,117,11,ok,2246,562,0.7649154051647373,0.7633451957295374,30,29,0.05,0.5,429,133,0,0,0.7633451957295374,0.5,0.7633451957295374,1.0,0.8657921291624622,0.4328960645812311,0.0,1.0,0.0,0.0,0.5,0.7633451957295374,0.23665480427046262,0.23665480427046262
radio,random,majority,117,22,ok,2246,562,0.7649154051647373,0.7633451957295374,30,29,0.04,0.5,429,133,0,0,0.7633451957295374,0.5,0.7633451957295374,1.0,0.8657921291624622,0.4328960645812311,0.0,1.0,0.0,0.0,0.5,0.7633451957295374,0.23665480427046262,0.23665480427046262
radio,random,stratified,117,11,ok,2246,562,0.7649154051647373,0.7633451957295374,30,29,0.04,0.5,329,104,29,100,0.6370106761565836,0.49247243984086086,0.7598152424942263,0.7668997668997669,0.7633410672853829,0.4923575565434548,-0.015215978779878452,0.7819548872180451,0.2331002331002331,0.21804511278195488,0.49247243984086086,0.7606380754162102,0.23407127435405528,0.36298932384341637
radio,random,stratified,117,22,ok,2246,562,0.7649154051647373,0.7633451957295374,30,29,0.03,0.5,334,103,30,95,0.6476868327402135,0.5020593441646073,0.7643020594965675,0.7785547785547785,0.7713625866050808,0.5019603630699823,0.004209375516641348,0.7744360902255639,0.22144522144522144,0.22556390977443608,0.5020593441646073,0.7640901665877846,0.2374093596981778,0.35231316725978645
radio,random,logreg,117,11,ok,2246,562,0.7649154051647373,0.7633451957295374,30,29,0.09,0.5,386,19,114,43,0.8896797153024911,0.8784548784548785,0.9530864197530864,0.8997668997668997,0.9256594724220624,0.8559331844868933,0.7170034284148169,0.14285714285714285,0.10023310023310024,0.8571428571428571,0.9371330423962003,0.974585230273505,0.892090166297562,0.08599179841119109
radio,random,logreg,117,22,ok,2246,562,0.7649154051647373,0.7633451957295374,30,29,0.07,0.5,386,19,114,43,0.8896797153024911,0.8784548784548785,0.9530864197530864,0.8997668997668997,0.9256594724220624,0.8559331844868933,0.7170034284148169,0.14285714285714285,0.10023310023310024,0.8571428571428571,0.9371330423962003,0.974585230273505,0.892090166297562,0.08599179841119109
radio,random,tree,117,11,ok,2246,562,0.7649154051647373,0.7633451957295374,30,29,0.09,0.5,425,11,122,4,0.9733096085409253,0.9539846118793487,0.9747706422018348,0.9906759906759907,0.9826589595375722,0.9623719508112571,0.9253309265019211,0.08270676691729323,0.009324009324009324,0.9172932330827067,0.9531258215468741,0.9721567122864796,0.9187603160819118,0.026580535531043416
radio,random,tree,117,22,ok,2246,562,0.7649154051647373,0.7633451957295374,30,29,0.1,0.5,426,12,121,3,0.9733096085409253,0.9513907145486094,0.9726027397260274,0.993006993006993,0.9826989619377162,0.9621666015914262,0.9253141115998919,0.09022556390977443,0.006993006993006993,0.9097744360902256,0.950409239882924,0.9703636213211635,0.9211308814517702,0.026580535531043416
radio,random,rf,117,11,ok,2246,562,0.7649154051647373,0.7633451957295374,30,29,1.13,0.5,429,12,121,0,0.9786476868327402,0.9548872180451128,0.9727891156462585,1.0,0.9862068965517241,0.9694814010317676,0.9407543085852884,0.09022556390977443,0.0,0.9097744360902256,0.9935678356730988,0.9978843224195191,0.9848262720911158,0.02285134680041385
radio,random,rf,117,22,ok,2246,562,0.7649154051647373,0.7633451957295374,30,29,1.16,0.5,429,13,120,0,0.9768683274021353,0.9511278195488722,0.9705882352941176,1.0,0.9850746268656716,0.9668456138280928,0.9357984337110455,0.09774436090225563,0.0,0.9022556390977443,0.992901835007098,0.9976223843041894,0.9841048573289616,0.022675755289798843
radio,random,xgboost,117,11,ok,2246,562,0.7649154051647373,0.7633451957295374,30,29,2.21,0.5,428,11,122,1,0.9786476868327402,0.9574811153758522,0.9749430523917996,0.9976689976689976,0.9861751152073732,0.9696500576036866,0.9405303571650903,0.08270676691729323,0.002331002331002331,0.9172932330827067,0.9915172546751494,0.9965259564918946,0.9854391309840383,0.017459271475672722
radio,random,xgboost,117,22,ok,2246,562,0.7649154051647373,0.7633451957295374,30,29,2.53,0.5,427,11,122,2,0.9768683274021353,0.956315614210351,0.9748858447488584,0.9953379953379954,0.9850057670126874,0.9672110547125694,0.9354097538192501,0.08270676691729323,0.004662004662004662,0.9172932330827067,0.991114149008886,0.9958492641259167,0.9858951687803905,0.017977995797991753
radio,random,hgb,117,11,ok,2246,562,0.7649154051647373,0.7633451957295374,30,29,7.32,0.5,429,10,123,0,0.9822064056939501,0.9624060150375939,0.9772209567198178,1.0,0.988479262672811,0.9747083813364055,0.9506554038220537,0.07518796992481203,0.0,0.924812030075188,0.9917275706749391,0.99583286850642,0.988523898145278,0.015139235940729773
radio,random,hgb,117,22,ok,2246,562,0.7649154051647373,0.7633451957295374,30,29,9.79,0.5,429,10,123,0,0.9822064056939501,0.9624060150375939,0.9772209567198178,1.0,0.988479262672811,0.9747083813364055,0.9506554038220537,0.07518796992481203,0.0,0.924812030075188,0.9917275706749391,0.99583286850642,0.988523898145278,0.015139235940729773
radio,random,mlp,117,11,ok,2246,562,0.7649154051647373,0.7633451957295374,30,29,3.46,0.5,424,12,121,5,0.9697508896797153,0.949059712217607,0.9724770642201835,0.9883449883449883,0.9803468208092485,0.9573548775860914,0.9152927845744594,0.09022556390977443,0.011655011655011656,0.9097744360902256,0.9860315123473018,0.9945235226828865,0.9753853740423081,0.023863406851887703
radio,random,mlp,117,22,ok,2246,562,0.7649154051647373,0.7633451957295374,30,29,2.34,0.5,423,12,121,6,0.9679715302491103,0.9478942110521058,0.9724137931034482,0.986013986013986,0.9791666666666666,0.9549679487179488,0.9103605354480125,0.09022556390977443,0.013986013986013986,0.9097744360902256,0.987012987012987,0.9953051770003203,0.9755095756360426,0.024791540578007698
radio,random,majority,118,11,ok,2246,562,0.7631344612644702,0.7704626334519573,30,30,0.05,0.5,433,129,0,0,0.7704626334519573,0.5,0.7704626334519573,1.0,0.8703517587939699,0.43517587939698493,0.0,1.0,0.0,0.0,0.5,0.7704626334519573,0.22953736654804271,0.22953736654804271
radio,random,majority,118,22,ok,2246,562,0.7631344612644702,0.7704626334519573,30,30,0.04,0.5,433,129,0,0,0.7704626334519573,0.5,0.7704626334519573,1.0,0.8703517587939699,0.43517587939698493,0.0,1.0,0.0,0.0,0.5,0.7704626334519573,0.22953736654804271,0.22953736654804271
radio,random,stratified,118,11,ok,2246,562,0.7631344612644702,0.7704626334519573,30,30,0.05,0.5,332,99,30,101,0.6441281138790036,0.49965089424781134,0.7703016241299304,0.766743648960739,0.7685185185185185,0.4996438746438746,-0.0006944668516567435,0.7674418604651163,0.23325635103926096,0.23255813953488372,0.49965089424781134,0.7703391805768697,0.22941417283635518,0.35587188612099646
radio,random,stratified,118,22,ok,2246,562,0.7631344612644702,0.7704626334519573,30,30,0.05,0.5,338,99,30,95,0.6548042704626335,0.5065793007143241,0.7734553775743707,0.7806004618937644,0.7770114942528735,0.5066159833469092,0.01330616212786823,0.7674418604651163,0.21939953810623555,0.23255813953488372,0.506579300714324,0.7727987708962429,0.23197053711826535,0.34519572953736655
radio,random,logreg,118,11,ok,2246,562,0.7631344612644702,0.7704626334519573,30,30,0.12,0.5,384,16,113,49,0.8843416370106761,0.881402509980844,0.96,0.8868360277136259,0.921968787515006,0.8493005449602522,0.7082145465814885,0.12403100775193798,0.11316397228637413,0.875968992248062,0.9462019084447786,0.9791807584480926,0.9043715192582751,0.08417708979913731
radio,random,logreg,118,22,ok,2246,562,0.7631344612644702,0.7704626334519573,30,30,0.12,0.5,384,16,113,49,0.8843416370106761,0.881402509980844,0.96,0.8868360277136259,0.921968787515006,0.8493005449602522,0.7082145465814885,0.12403100775193798,0.11316397228637413,0.875968992248062,0.9462019084447786,0.9791807584480926,0.9043715192582751,0.08417708979913731
radio,random,tree,118,11,ok,2246,562,0.7631344612644702,0.7704626334519573,30,30,0.16,0.5,419,4,125,14,0.9679715302491103,0.9683298422758114,0.9905437352245863,0.9676674364896074,0.9789719626168224,0.9559038917561724,0.91294170582065,0.031007751937984496,0.03233256351039261,0.9689922480620154,0.9694398195391805,0.9843024514780983,0.8942405096638089,0.029796038874696
radio,random,tree,118,22,ok,2246,562,0.7631344612644702,0.7704626334519573,30,30,0.16,0.5,420,4,125,13,0.9697508896797153,0.9694845766868969,0.9905660377358491,0.9699769053117783,0.9801633605600933,0.9582464742875373,0.9174188454114797,0.031007751937984496,0.03002309468822171,0.9689922480620154,0.9707377768229586,0.9848352426014586,0.901631569744957,0.02801667944409102
radio,random,rf,118,11,ok,2246,562,0.7631344612644702,0.7704626334519573,30,30,1.43,0.5,433,10,119,0,0.9822064056939501,0.9612403100775193,0.9774266365688488,1.0,0.9885844748858448,0.9741309471203418,0.9495562805111055,0.07751937984496124,0.0,0.9224806201550387,0.9969207082371054,0.9990172647926201,0.9927464707123241,0.01650445501214131
radio,random,rf,118,22,ok,2246,562,0.7631344612644702,0.7704626334519573,30,30,1.45,0.5,433,9,120,0,0.9839857651245552,0.9651162790697674,0.9796380090497737,1.0,0.9897142857142858,0.9767848537005164,0.9546157191294787,0.06976744186046512,0.0,0.9302325581395349,0.9975473083051363,0.9992467578037323,0.9933447278080061,0.016472129713327812
radio,random,xgboost,118,11,ok,2246,562,0.7631344612644702,0.7704626334519573,30,30,2.67,0.5,432,6,123,1,0.9875444839857651,0.9755894516354262,0.9863013698630136,0.9976905311778291,0.9919632606199771,0.9821476382151269,0.9646130092808295,0.046511627906976744,0.0023094688221709007,0.9534883720930233,0.9977800454732622,0.9992852070969985,0.9948350138077279,0.010073146782815456
radio,random,xgboost,118,22,ok,2246,562,0.7631344612644702,0.7704626334519573,30,30,2.57,0.5,432,7,122,1,0.9857651245551602,0.9717134826431781,0.9840546697038725,0.9976905311778291,0.9908256880733946,0.9795398281636813,0.9595382080904515,0.05426356589147287,0.0023094688221709007,0.9457364341085271,0.9985140626958126,0.9995426930689464,0.9959406085955789,0.010265464894473553
radio,random,hgb,118,11,ok,2246,562,0.7631344612644702,0.7704626334519573,30,30,9.72,0.5,433,5,124,0,0.9911032028469751,0.9806201550387597,0.9885844748858448,1.0,0.9942594718714122,0.987248313010805,0.9748165197497891,0.03875968992248062,0.0,0.9612403100775194,0.9992659827774497,0.9997736509439509,0.9980172418360913,0.007281239782955296
radio,random,hgb,118,22,ok,2246,562,0.7631344612644702,0.7704626334519573,30,30,10.43,0.5,433,5,124,0,0.9911032028469751,0.9806201550387597,0.9885844748858448,1.0,0.9942594718714122,0.987248313010805,0.9748165197497891,0.03875968992248062,0.0,0.9612403100775194,0.9992659827774497,0.9997736509439509,0.9980172418360913,0.007281239782955296
radio,random,mlp,118,11,ok,2246,562,0.7631344612644702,0.7704626334519573,30,30,1.26,0.5,432,15,114,1,0.9715302491103203,0.9407057307051936,0.9664429530201343,0.9976905311778291,0.9818181818181818,0.9581222056631893,0.9187869438018379,0.11627906976744186,0.0023094688221709007,0.8837209302325582,0.9617594929910306,0.9843381547780574,0.9470456767182736,0.03571784496307373
radio,random,mlp,118,22,ok,2246,562,0.7631344612644702,0.7704626334519573,30,30,3.08,0.5,432,9,120,1,0.9822064056939501,0.963961544658682,0.9795918367346939,0.9976905311778291,0.988558352402746,0.9742791762013729,0.9493772156265395,0.06976744186046512,0.0023094688221709007,0.9302325581395349,0.9966879710689798,0.9989147026794967,0.99241688037479,0.014171061106026173
radio,random,majority,119,11,ok,2246,562,0.7662511130899377,0.7580071174377224,30,29,0.04,0.5,426,136,0,0,0.7580071174377224,0.5,0.7580071174377224,1.0,0.8623481781376519,0.4311740890688259,0.0,1.0,0.0,0.0,0.5,0.7580071174377224,0.24199288256227758,0.24199288256227758
radio,random,majority,119,22,ok,2246,562,0.7662511130899377,0.7580071174377224,30,29,0.04,0.5,426,136,0,0,0.7580071174377224,0.5,0.7580071174377224,1.0,0.8623481781376519,0.4311740890688259,0.0,1.0,0.0,0.0,0.5,0.7580071174377224,0.24199288256227758,0.24199288256227758
radio,random,stratified,119,11,ok,2246,562,0.7662511130899377,0.7580071174377224,30,29,0.04,0.5,327,107,29,99,0.6334519572953736,0.490420463960232,0.7534562211981567,0.7676056338028169,0.7604651162790698,0.49008104298801974,-0.01956585701690119,0.7867647058823529,0.2323943661971831,0.21323529411764705,0.490420463960232,0.7545138238453798,0.2387025803982625,0.3665480427046263
radio,random,stratified,119,22,ok,2246,562,0.7662511130899377,0.7580071174377224,30,29,0.04,0.5,332,106,30,94,0.6441281138790036,0.49996547914940626,0.7579908675799086,0.7793427230046949,0.7685185185185185,0.4996438746438746,-7.130793168704694e-05,0.7794117647058824,0.22065727699530516,0.22058823529411764,0.49996547914940626,0.7579944532292853,0.24198022108625336,0.35587188612099646
radio,random,logreg,119,11,ok,2246,562,0.7662511130899377,0.7580071174377224,30,29,0.09,0.5,370,26,110,56,0.8540925266903915,0.838684065175366,0.9343434343434344,0.8685446009389671,0.9002433090024331,0.814360065097243,0.6359125211111707,0.19117647058823528,0.13145539906103287,0.8088235294117647,0.9194973764153549,0.9703710292653649,0.843771234488606,0.10462092747808506
radio,random,logreg,119,22,ok,2246,562,0.7662511130899377,0.7580071174377224,30,29,0.1,0.5,370,26,110,56,0.8540925266903915,0.838684065175366,0.9343434343434344,0.8685446009389671,0.9002433090024331,0.814360065097243,0.6359125211111707,0.19117647058823528,0.13145539906103287,0.8088235294117647,0.9194973764153549,0.9703710292653649,0.843771234488606,0.10462092747808506
radio,random,tree,119,11,ok,2246,562,0.7662511130899377,0.7580071174377224,30,29,0.14,0.5,414,22,114,12,0.9395017793594306,0.9050331400165701,0.9495412844036697,0.971830985915493,0.9605568445475638,0.9153929260905758,0.8318907419053327,0.16176470588235295,0.028169014084507043,0.8382352941176471,0.9109534658933995,0.9483290838464661,0.8072609314845107,0.059656381969004316
radio,random,tree,119,22,ok,2246,562,0.7662511130899377,0.7580071174377224,30,29,0.14,0.5,416,24,112,10,0.9395017793594306,0.900027616680475,0.9454545454545454,0.9765258215962441,0.9607390300230947,0.9144780421433303,0.8311663847746347,0.17647058823529413,0.023474178403755867,0.8235294117647058,0.9044635459817729,0.9444160160332068,0.7997747990747669,0.05975646858766172
radio,random,rf,119,11,ok,2246,562,0.7662511130899377,0.7580071174377224,30,29,1.37,0.5,426,20,116,0,0.9644128113879004,0.9264705882352942,0.9551569506726457,1.0,0.9770642201834863,0.9488495704092035,0.9026032867327628,0.14705882352941177,0.0,0.8529411764705882,0.9930785694559514,0.9976247771478832,0.9845292762225261,0.028718108700985276
radio,random,rf,119,22,ok,2246,562,0.7662511130899377,0.7580071174377224,30,29,1.42,0.5,426,19,117,0,0.9661921708185054,0.9301470588235294,0.9573033707865168,1.0,0.9781859931113662,0.9515435894410587,0.9075034207601322,0.13970588235294118,0.0,0.8602941176470589,0.9924054128693731,0.9974096967992679,0.9826060168411492,0.02916405480757818
radio,random,xgboost,119,11,ok,2246,562,0.7662511130899377,0.7580071174377224,30,29,2.38,0.5,422,13,123,4,0.9697508896797153,0.94751104667219,0.9701149425287356,0.9906103286384976,0.9802555168408827,0.9578083667854604,0.916561309687144,0.09558823529411764,0.009389671361502348,0.9044117647058824,0.9887634631317316,0.9954654701636354,0.9807267466868769,0.022569552063941956
radio,random,xgboost,119,22,ok,2246,562,0.7662511130899377,0.7580071174377224,30,29,2.43,0.5,422,10,126,4,0.9750889679715302,0.958540458436896,0.9768518518518519,0.9906103286384976,0.9836829836829837,0.9655257023678077,0.9314689031743413,0.07352941176470588,0.009389671361502348,0.9264705882352942,0.9917149958574979,0.9971189715643698,0.9822859678908342,0.02254914678633213
radio,random,hgb,119,11,ok,2246,562,0.7662511130899377,0.7580071174377224,30,29,10.27,0.5,425,10,126,1,0.9804270462633452,0.9620615851974592,0.9770114942528736,0.9976525821596244,0.9872241579558653,0.9726995314494156,0.9463627207283853,0.07352941176470588,0.002347417840375587,0.9264705882352942,0.9914388290527479,0.9965967249298504,0.9859035340553516,0.019855666358473953
radio,random,hgb,119,22,ok,2246,562,0.7662511130899377,0.7580071174377224,30,29,9.55,0.5,425,10,126,1,0.9804270462633452,0.9620615851974592,0.9770114942528736,0.9976525821596244,0.9872241579558653,0.9726995314494156,0.9463627207283853,0.07352941176470588,0.002347417840375587,0.9264705882352942,0.9914388290527479,0.9965967249298504,0.9859035340553516,0.019855666358473953
radio,random,mlp,119,11,ok,2246,562,0.7662511130899377,0.7580071174377224,30,29,1.74,0.5,423,25,111,3,0.9501779359430605,0.9045671085335543,0.9441964285714286,0.9929577464788732,0.9679633867276888,0.9279816933638444,0.8617938455787502,0.18382352941176472,0.007042253521126761,0.8161764705882353,0.9827395747031207,0.9937208001694797,0.9644860146664725,0.03653367981314659
radio,random,mlp,119,22,ok,2246,562,0.7662511130899377,0.7580071174377224,30,29,2.29,0.5,425,18,118,1,0.9661921708185054,0.932649820491577,0.9593679458239278,0.9976525821596244,0.9781357882623706,0.951812992170401,0.9071214436544371,0.1323529411764706,0.002347417840375587,0.8676470588235294,0.9845519193592931,0.9943217351503348,0.9707195905146473,0.030005207285284996
radio,random,majority,120,11,ok,2246,562,0.7600178094390027,0.7829181494661922,30,30,0.04,0.5,440,122,0,0,0.7829181494661922,0.5,0.7829181494661922,1.0,0.8782435129740519,0.43912175648702595,0.0,1.0,0.0,0.0,0.5,0.7829181494661922,0.21708185053380782,0.21708185053380782
radio,random,majority,120,22,ok,2246,562,0.7600178094390027,0.7829181494661922,30,30,0.04,0.5,440,122,0,0,0.7829181494661922,0.5,0.7829181494661922,1.0,0.8782435129740519,0.43912175648702595,0.0,1.0,0.0,0.0,0.5,0.7829181494661922,0.21708185053380782,0.21708185053380782
radio,random,stratified,120,11,ok,2246,562,0.7600178094390027,0.7829181494661922,30,30,0.05,0.5,336,93,29,104,0.6494661921708185,0.5006706408345752,0.7832167832167832,0.7636363636363637,0.7733026467203682,0.5003768135562625,0.0013009834631853737,0.7622950819672131,0.23636363636363636,0.23770491803278687,0.5006706408345754,0.7831461970575526,0.21731082270754773,0.3505338078291815
radio,random,stratified,120,22,ok,2246,562,0.7600178094390027,0.7829181494661922,30,30,0.04,0.5,343,93,29,97,0.6619217081850534,0.5086251862891207,0.786697247706422,0.7795454545454545,0.7831050228310502,0.5084879952864928,0.017052035020620433,0.7622950819672131,0.22045454545454546,0.23770491803278687,0.5086251862891207,0.7858641283216441,0.22019028913317462,0.33807829181494664
radio,random,logreg,120,11,ok,2246,562,0.7600178094390027,0.7829181494661922,30,30,0.11,0.5,380,16,106,60,0.8647686832740213,0.8662444113263785,0.9595959595959596,0.8636363636363636,0.9090909090909091,0.8226010101010102,0.6619201753438524,0.13114754098360656,0.13636363636363635,0.8688524590163934,0.9393628912071534,0.9780211570549517,0.8910872340902842,0.09869543904242359
radio,random,logreg,120,22,ok,2246,562,0.7600178094390027,0.7829181494661922,30,30,0.11,0.5,380,16,106,60,0.8647686832740213,0.8662444113263785,0.9595959595959596,0.8636363636363636,0.9090909090909091,0.8226010101010102,0.6619201753438524,0.13114754098360656,0.13636363636363635,0.8688524590163934,0.9393628912071534,0.9780211570549517,0.8910872340902842,0.09869543904242359
radio,random,tree,120,11,ok,2246,562,0.7600178094390027,0.7829181494661922,30,30,0.15,0.5,426,11,111,14,0.9555160142348754,0.9390089418777943,0.9748283752860412,0.9681818181818181,0.9714937286202965,0.9351395768607556,0.8703899954117825,0.09016393442622951,0.031818181818181815,0.9098360655737705,0.9412164679582713,0.97013808787501,0.845623098384678,0.044425504954582674
radio,random,tree,120,22,ok,2246,562,0.7600178094390027,0.7829181494661922,30,30,0.14,0.5,426,11,111,14,0.9555160142348754,0.9390089418777943,0.9748283752860412,0.9681818181818181,0.9714937286202965,0.9351395768607556,0.8703899954117825,0.09016393442622951,0.031818181818181815,0.9098360655737705,0.9412164679582713,0.97013808787501,0.845623098384678,0.044425504954582674
radio,random,rf,120,11,ok,2246,562,0.7600178094390027,0.7829181494661922,30,30,1.44,0.5,438,8,114,2,0.9822064056939501,0.9649403874813711,0.9820627802690582,0.9954545454545455,0.9887133182844243,0.9733482557808677,0.9471899872908957,0.06557377049180328,0.004545454545454545,0.9344262295081968,0.9972429210134128,0.9992103495765234,0.992044347217558,0.01904036072547182
radio,random,rf,120,22,ok,2246,562,0.7600178094390027,0.7829181494661922,30,30,1.87,0.5,439,7,115,1,0.9857651245551602,0.9701751117734725,0.984304932735426,0.9977272727272727,0.9909706546275395,0.9786786046246941,0.9578543188250226,0.05737704918032787,0.0022727272727272726,0.9426229508196722,0.9971311475409835,0.9991801797284496,0.9916524512180318,0.019248454405623477
radio,random,xgboost,120,11,ok,2246,562,0.7600178094390027,0.7829181494661922,30,30,2.31,0.5,437,7,115,3,0.9822064056939501,0.9679023845007452,0.9842342342342343,0.9931818181818182,0.9886877828054299,0.9735105580693817,0.9472377967233977,0.05737704918032787,0.006818181818181818,0.9426229508196722,0.9980067064083458,0.9994438018491199,0.993565584809814,0.01364937238395214
radio,random,xgboost,120,22,ok,2246,562,0.7600178094390027,0.7829181494661922,30,30,2.36,0.5,434,5,117,6,0.9804270462633452,0.9726900149031297,0.9886104783599089,0.9863636363636363,0.987485779294653,0.9712939100554898,0.9426009253569251,0.040983606557377046,0.013636363636363636,0.9590163934426229,0.9977645305514158,0.9993712396608685,0.9930366906792839,0.013913624919950962
radio,random,hgb,120,11,ok,2246,562,0.7600178094390027,0.7829181494661922,30,30,8.57,0.5,439,7,115,1,0.9857651245551602,0.9701751117734725,0.984304932735426,0.9977272727272727,0.9909706546275395,0.9786786046246941,0.9578543188250226,0.05737704918032787,0.0022727272727272726,0.9426229508196722,0.9991989567809241,0.9997780178150804,0.997270529980469,0.011578535256790461
radio,random,hgb,120,22,ok,2246,562,0.7600178094390027,0.7829181494661922,30,30,9.13,0.5,439,7,115,1,0.9857651245551602,0.9701751117734725,0.984304932735426,0.9977272727272727,0.9909706546275395,0.9786786046246941,0.9578543188250226,0.05737704918032787,0.0022727272727272726,0.9426229508196722,0.9991989567809241,0.9997780178150804,0.997270529980469,0.011578535256790461
radio,random,mlp,120,11,ok,2246,562,0.7600178094390027,0.7829181494661922,30,30,3.82,0.5,428,6,116,12,0.9679715302491103,0.9617734724292102,0.9861751152073732,0.9727272727272728,0.9794050343249427,0.9537025171624713,0.9078526800448922,0.04918032786885246,0.02727272727272727,0.9508196721311475,0.9937593144560357,0.9981325279706525,0.9843633821737591,0.02366648241877556
radio,random,mlp,120,22,ok,2246,562,0.7600178094390027,0.7829181494661922,30,30,2.25,0.5,435,8,114,5,0.9768683274021353,0.9615312965722802,0.981941309255079,0.9886363636363636,0.9852774631936579,0.9656677772399824,0.9314553927417344,0.06557377049180328,0.011363636363636364,0.9344262295081968,0.9913189269746647,0.997274733810664,0.9812418650415751,0.02137044258415699
radio,group_disjoint,majority,101,11,ok,2219,589,0.7773771969355565,0.7164685908319185,21,9,0.06,0.5,422,167,0,0,0.7164685908319185,0.5,0.7164685908319185,1.0,0.8348170128585559,0.41740850642927796,0.0,1.0,0.0,0.0,0.5,0.7164685908319185,0.2835314091680815,0.2835314091680815
radio,group_disjoint,majority,101,22,ok,2219,589,0.7773771969355565,0.7164685908319185,21,9,0.05,0.5,422,167,0,0,0.7164685908319185,0.5,0.7164685908319185,1.0,0.8348170128585559,0.41740850642927796,0.0,1.0,0.0,0.0,0.5,0.7164685908319185,0.2835314091680815,0.2835314091680815
radio,group_disjoint,stratified,101,11,ok,2219,589,0.7773771969355565,0.7164685908319185,21,9,0.04,0.5,332,129,38,90,0.6281833616298812,0.5071373839997729,0.720173535791757,0.7867298578199052,0.7519818799546999,0.5048044992993839,0.015600124780247337,0.7724550898203593,0.2132701421800948,0.2275449101796407,0.507137383999773,0.7193833816534029,0.2865676753454043,0.37181663837011886
radio,group_disjoint,stratified,101,22,ok,2219,589,0.7773771969355565,0.7164685908319185,21,9,0.04,0.5,339,129,38,83,0.6400679117147708,0.5154312228623322,0.7243589743589743,0.8033175355450237,0.7617977528089888,0.5128433208489388,0.034429378928716205,0.7724550898203593,0.1966824644549763,0.2275449101796407,0.5154312228623322,0.722807074281378,0.2904756651509172,0.3599320882852292
radio,group_disjoint,logreg,101,11,ok,2219,589,0.7773771969355565,0.7164685908319185,21,9,0.11,0.5,363,3,164,59,0.8947368421052632,0.9211127508017141,0.9918032786885246,0.8601895734597157,0.9213197969543148,0.8811727189899778,0.782618075166766,0.017964071856287425,0.13981042654028436,0.9820359281437125,0.9738059426171354,0.9899792762656139,0.9154257478857496,0.09137710180111935
radio,group_disjoint,logreg,101,22,ok,2219,589,0.7773771969355565,0.7164685908319185,21,9,0.11,0.5,363,3,164,59,0.8947368421052632,0.9211127508017141,0.9918032786885246,0.8601895734597157,0.9213197969543148,0.8811727189899778,0.782618075166766,0.017964071856287425,0.13981042654028436,0.9820359281437125,0.9738059426171354,0.9899792762656139,0.9154257478857496,0.09137710180111935
radio,group_disjoint,tree,101,11,ok,2219,589,0.7773771969355565,0.7164685908319185,21,9,0.14,0.5,409,10,157,13,0.9609507640067911,0.9546570366376252,0.9761336515513126,0.9691943127962085,0.9726516052318668,0.9522011735358147,0.9044756960135403,0.059880239520958084,0.030805687203791468,0.9401197604790419,0.9517978261486505,0.9656700951343862,0.89034362333891,0.03924649864094216
radio,group_disjoint,tree,101,22,ok,2219,589,0.7773771969355565,0.7164685908319185,21,9,0.16,0.5,408,14,153,14,0.9524617996604414,0.9414961546102109,0.966824644549763,0.966824644549763,0.966824644549763,0.9414961546102109,0.8829923092204217,0.08383233532934131,0.03317535545023697,0.9161676646706587,0.9370193262763571,0.954878421740689,0.8681886947156274,0.0477354629872919
radio,group_disjoint,rf,101,11,ok,2219,589,0.7773771969355565,0.7164685908319185,21,9,1.41,0.5,418,4,163,4,0.9864176570458404,0.9832846156029174,0.990521327014218,0.990521327014218,0.990521327014218,0.9832846156029174,0.9665692312058348,0.023952095808383235,0.009478672985781991,0.9760479041916168,0.9991770014473423,0.9996828738380502,0.9978957196307057,0.021470273229491077
radio,group_disjoint,rf,101,22,ok,2219,589,0.7773771969355565,0.7164685908319185,21,9,1.35,0.5,418,5,162,4,0.9847198641765704,0.9802906036268695,0.9881796690307328,0.990521327014218,0.9893491124260355,0.9811610426995043,0.9623306522950382,0.029940119760479042,0.009478672985781991,0.9700598802395209,0.999404035530834,0.9997702204613849,0.9984695571911095,0.021649342654761143
radio,group_disjoint,xgboost,101,11,ok,2219,589,0.7773771969355565,0.7164685908319185,21,9,2.26,0.5,414,3,164,8,0.9813242784380306,0.9815392910860743,0.9928057553956835,0.981042654028436,0.9868891537544696,0.9772203880866743,0.9546494679303258,0.017964071856287425,0.018957345971563982,0.9820359281437125,0.9987087436501405,0.9995054830674392,0.9966805546981632,0.01342721562832594
radio,group_disjoint,xgboost,101,22,ok,2219,589,0.7773771969355565,0.7164685908319185,21,9,2.66,0.5,415,3,164,7,0.9830220713073005,0.9827241252092971,0.992822966507177,0.9834123222748815,0.9880952380952381,0.9792547196393351,0.9586437933772921,0.017964071856287425,0.016587677725118485,0.9820359281437125,0.9984675199364305,0.9994347775308252,0.9957625291458957,0.01125654112547636
radio,group_disjoint,hgb,101,11,ok,2219,589,0.7773771969355565,0.7164685908319185,21,9,9.36,0.5,416,2,165,6,0.9864176570458404,0.9869029713085677,0.9952153110047847,0.985781990521327,0.9904761904761905,0.983403775711468,0.9669425807536384,0.011976047904191617,0.014218009478672985,0.9880239520958084,0.9980276413996652,0.9992764042825542,0.9944782004395838,0.010924140574333037
radio,group_disjoint,hgb,101,22,ok,2219,589,0.7773771969355565,0.7164685908319185,21,9,8.11,0.5,416,2,165,6,0.9864176570458404,0.9869029713085677,0.9952153110047847,0.985781990521327,0.9904761904761905,0.983403775711468,0.9669425807536384,0.011976047904191617,0.014218009478672985,0.9880239520958084,0.9980276413996652,0.9992764042825542,0.9944782004395838,0.010924140574333037
radio,group_disjoint,mlp,101,11,ok,2219,589,0.7773771969355565,0.7164685908319185,21,9,1.64,0.5,408,6,161,14,0.966044142614601,0.9654482504185942,0.9855072463768116,0.966824644549763,0.9760765550239234,0.9587985114300903,0.9181141144405153,0.03592814371257485,0.03317535545023697,0.9640718562874252,0.9889888469506485,0.9963853222017938,0.9555781257086544,0.028225112706422806
radio,group_disjoint,mlp,101,22,ok,2219,589,0.7773771969355565,0.7164685908319185,21,9,2.12,0.5,404,5,162,18,0.9609507640067911,0.963702925901751,0.9877750611246944,0.957345971563981,0.9723225030084236,0.953020041129572,0.9073741162124106,0.029940119760479042,0.04265402843601896,0.9700598802395209,0.9887476232369385,0.9960792440176378,0.9641713152242112,0.032259080559015274
radio,group_disjoint,majority,102,11,ok,2158,650,0.7567191844300278,0.7907692307692308,19,11,0.04,0.5,514,136,0,0,0.7907692307692308,0.5,0.7907692307692308,1.0,0.8831615120274914,0.4415807560137457,0.0,1.0,0.0,0.0,0.5,0.7907692307692308,0.20923076923076922,0.20923076923076922
radio,group_disjoint,majority,102,22,ok,2158,650,0.7567191844300278,0.7907692307692308,19,11,0.04,0.5,514,136,0,0,0.7907692307692308,0.5,0.7907692307692308,1.0,0.8831615120274914,0.4415807560137457,0.0,1.0,0.0,0.0,0.5,0.7907692307692308,0.20923076923076922,0.20923076923076922
radio,group_disjoint,stratified,102,11,ok,2158,650,0.7567191844300278,0.7907692307692308,19,11,0.04,0.5,385,102,34,129,0.6446153846153846,0.4995136186770428,0.7905544147843943,0.7490272373540856,0.7692307692307693,0.4983277591973244,-0.000912850412645334,0.75,0.2509727626459144,0.25,0.4995136186770428,0.7906083277455692,0.2090703161868806,0.3553846153846154
radio,group_disjoint,stratified,102,22,ok,2158,650,0.7567191844300278,0.7907692307692308,19,11,0.04,0.5,404,102,34,110,0.6738461538461539,0.5179961089494163,0.7984189723320159,0.7859922178988327,0.792156862745098,0.5175070028011204,0.03525357127086416,0.75,0.2140077821011673,0.25,0.5179961089494163,0.7967818681065171,0.21595085470085468,0.3261538461538461
radio,group_disjoint,logreg,102,11,ok,2158,650,0.7567191844300278,0.7907692307692308,19,11,0.09,0.5,442,74,62,72,0.7753846153846153,0.6579022659647517,0.8565891472868217,0.8599221789883269,0.858252427184466,0.6587558432218626,0.31753538001088333,0.5441176470588235,0.14007782101167315,0.45588235294117646,0.7134355687800412,0.9077734675288142,0.42897642472023717,0.17638372602886568
radio,group_disjoint,logreg,102,22,ok,2158,650,0.7567191844300278,0.7907692307692308,19,11,0.09,0.5,442,74,62,72,0.7753846153846153,0.6579022659647517,0.8565891472868217,0.8599221789883269,0.858252427184466,0.6587558432218626,0.31753538001088333,0.5441176470588235,0.14007782101167315,0.45588235294117646,0.7134355687800412,0.9077734675288142,0.42897642472023717,0.17638372602886568
radio,group_disjoint,tree,102,11,ok,2158,650,0.7567191844300278,0.7907692307692308,19,11,0.12,0.5,441,82,54,73,0.7615384615384615,0.6275177386129549,0.8432122370936902,0.857976653696498,0.8505303760848602,0.6305883819587799,0.2616368470210528,0.6029411764705882,0.14202334630350194,0.39705882352941174,0.6304717898832685,0.8367010241040114,0.3058137274695867,0.2375715503901305
radio,group_disjoint,tree,102,22,ok,2158,650,0.7567191844300278,0.7907692307692308,19,11,0.12,0.5,455,82,54,59,0.7830769230769231,0.6411364156557564,0.8472998137802608,0.8852140077821011,0.8658420551855376,0.6497884974722868,0.3029658852175528,0.6029411764705882,0.11478599221789883,0.39705882352941174,0.643804360265507,0.841701417943837,0.3282677541745085,0.21613215957710255
radio,group_disjoint,rf,102,11,ok,2158,650,0.7567191844300278,0.7907692307692308,19,11,1.27,0.5,491,83,53,23,0.8369230769230769,0.6724794003204395,0.8554006968641115,0.9552529182879378,0.9025735294117647,0.7012867647058824,0.4366721561399081,0.6102941176470589,0.04474708171206226,0.3897058823529412,0.7441777294575418,0.9179863489068463,0.510582336067103,0.13695630856445928
radio,group_disjoint,rf,102,22,ok,2158,650,0.7567191844300278,0.7907692307692308,19,11,1.26,0.5,492,85,51,22,0.8353846153846154,0.6660992217898833,0.8526863084922011,0.9571984435797666,0.9019248395967002,0.694981558554331,0.4279561485805382,0.625,0.042801556420233464,0.375,0.7418173495078966,0.9167910491862196,0.49883585315791,0.13892477489486746
radio,group_disjoint,xgboost,102,11,ok,2158,650,0.7567191844300278,0.7907692307692308,19,11,1.56,0.5,471,81,55,43,0.8092307692307692,0.6603770885786221,0.8532608695652174,0.9163424124513618,0.8836772983114447,0.6768813841984573,0.3646202276144397,0.5955882352941176,0.08365758754863813,0.40441176470588236,0.7181205653467613,0.9015357333402281,0.4925939163516061,0.17093493044376373
radio,group_disjoint,xgboost,102,22,ok,2158,650,0.7567191844300278,0.7907692307692308,19,11,1.4,0.5,473,81,55,41,0.8123076923076923,0.6623226138704509,0.8537906137184116,0.9202334630350194,0.8857677902621723,0.6799528606483276,0.37219414586921507,0.5955882352941176,0.07976653696498054,0.40441176470588236,0.732776379034104,0.9079834487748931,0.5222085722922921,0.16968156397342682
radio,group_disjoint,hgb,102,11,ok,2158,650,0.7567191844300278,0.7907692307692308,19,11,5.59,0.5,482,78,58,32,0.8307692307692308,0.6821068894483864,0.8607142857142858,0.9377431906614786,0.8975791433891993,0.7054267398361926,0.42893562460328033,0.5735294117647058,0.0622568093385214,0.4264705882352941,0.7085574502174411,0.8847593307770832,0.5013541370963506,0.16441872473392166
radio,group_disjoint,hgb,102,22,ok,2158,650,0.7567191844300278,0.7907692307692308,19,11,6.62,0.5,482,78,58,32,0.8307692307692308,0.6821068894483864,0.8607142857142858,0.9377431906614786,0.8975791433891993,0.7054267398361926,0.42893562460328033,0.5735294117647058,0.0622568093385214,0.4264705882352941,0.7085574502174411,0.8847593307770832,0.5013541370963506,0.16441872473392166
radio,group_disjoint,mlp,102,11,ok,2158,650,0.7567191844300278,0.7907692307692308,19,11,1.58,0.5,488,77,59,26,0.8415384615384616,0.691619935912108,0.863716814159292,0.9494163424124513,0.9045412418906394,0.7192389467371749,0.46236825952519844,0.5661764705882353,0.05058365758754864,0.4338235294117647,0.7762216754406043,0.9283455558628755,0.5326714993612478,0.14432300627231598
radio,group_disjoint,mlp,102,22,ok,2158,650,0.7567191844300278,0.7907692307692308,19,11,2.24,0.5,478,79,57,36,0.823076923076923,0.6745393682764935,0.8581687612208259,0.9299610894941635,0.892623716153128,0.6952201550197954,0.4055135189571207,0.5808823529411765,0.07003891050583658,0.41911764705882354,0.7080567635614556,0.8974451568603147,0.47523572067322406,0.15834249556064606
radio,group_disjoint,majority,103,11,ok,2245,563,0.755456570155902,0.8010657193605684,21,9,0.03,0.5,451,112,0,0,0.8010657193605684,0.5,0.8010657193605684,1.0,0.8895463510848126,0.4447731755424063,0.0,1.0,0.0,0.0,0.5,0.8010657193605684,0.1989342806394316,0.1989342806394316
radio,group_disjoint,majority,103,22,ok,2245,563,0.755456570155902,0.8010657193605684,21,9,0.04,0.5,451,112,0,0,0.8010657193605684,0.5,0.8010657193605684,1.0,0.8895463510848126,0.4447731755424063,0.0,1.0,0.0,0.0,0.5,0.8010657193605684,0.1989342806394316,0.1989342806394316
radio,group_disjoint,stratified,103,11,ok,2245,563,0.755456570155902,0.8010657193605684,21,9,0.03,0.5,341,85,27,110,0.6536412078152753,0.4985844947735192,0.8004694835680751,0.7560975609756098,0.7776510832383124,0.4972592765589153,-0.002633744684197513,0.7589285714285714,0.24390243902439024,0.24107142857142858,0.4985844947735192,0.8006149069320978,0.19848733694253004,0.3463587921847247
radio,group_disjoint,stratified,103,22,ok,2245,563,0.755456570155902,0.8010657193605684,21,9,0.03,0.5,351,83,29,100,0.6749555950266429,0.5185995407031992,0.8087557603686636,0.7782705099778271,0.7932203389830509,0.5169421196989943,0.03533375374320186,0.7410714285714286,0.22172949002217296,0.25892857142857145,0.5185995407031992,0.807050651497689,0.20563326016101843,0.325044404973357
radio,group_disjoint,logreg,103,11,ok,2245,563,0.755456570155902,0.8010657193605684,21,9,0.09,0.5,400,1,111,51,0.9076376554174067,0.9389946943300602,0.9975062344139651,0.8869179600886918,0.9389671361502347,0.8745930571262123,0.7742065758809904,0.008928571428571428,0.1130820399113082,0.9910714285714286,0.9944567627494457,0.9983647990480292,0.9876118115448161,0.0753565788435296
radio,group_disjoint,logreg,103,22,ok,2245,563,0.755456570155902,0.8010657193605684,21,9,0.09,0.5,400,1,111,51,0.9076376554174067,0.9389946943300602,0.9975062344139651,0.8869179600886918,0.9389671361502347,0.8745930571262123,0.7742065758809904,0.008928571428571428,0.1130820399113082,0.9910714285714286,0.9944567627494457,0.9983647990480292,0.9876118115448161,0.0753565788435296
radio,group_disjoint,tree,103,11,ok,2245,563,0.755456570155902,0.8010657193605684,21,9,0.12,0.5,413,13,99,38,0.9094138543516874,0.8998356826100729,0.9694835680751174,0.9157427937915743,0.9418472063854048,0.8685139646384855,0.7439499932083227,0.11607142857142858,0.08425720620842572,0.8839285714285714,0.9204149509027557,0.9632019791333029,0.7774779014165842,0.08961969442132668
radio,group_disjoint,tree,103,22,ok,2245,563,0.755456570155902,0.8010657193605684,21,9,0.13,0.5,411,12,100,40,0.9076376554174067,0.9020826734241368,0.9716312056737588,0.9113082039911308,0.9405034324942791,0.8670771130725363,0.7426914688134699,0.10714285714285714,0.08869179600886919,0.8928571428571429,0.9228698131137156,0.9645079969671799,0.771614507259387,0.09139589335560731
radio,group_disjoint,rf,103,11,ok,2245,563,0.755456570155902,0.8010657193605684,21,9,1.38,0.5,432,2,110,19,0.9626998223801065,0.9700071270193221,0.9953917050691244,0.9578713968957872,0.976271186440678,0.9445671284900485,0.8928777515884568,0.017857142857142856,0.04212860310421286,0.9821428571428571,0.9920414950902756,0.99809961429116,0.9678676137505413,0.036910065403744335
radio,group_disjoint,rf,103,22,ok,2245,563,0.755456570155902,0.8010657193605684,21,9,1.51,0.5,432,2,110,19,0.9626998223801065,0.9700071270193221,0.9953917050691244,0.9578713968957872,0.976271186440678,0.9445671284900485,0.8928777515884568,0.017857142857142856,0.04212860310421286,0.9821428571428571,0.9924374406081724,0.9982051412006381,0.9685618975727415,0.037353440881094886
radio,group_disjoint,xgboost,103,11,ok,2245,563,0.755456570155902,0.8010657193605684,21,9,2.78,0.5,411,1,111,40,0.9271758436944938,0.9511898162812797,0.9975728155339806,0.9113082039911308,0.9524913093858632,0.8982988866320951,0.81311034212321,0.008928571428571428,0.08869179600886919,0.9910714285714286,0.9890323091542603,0.9973994521768147,0.9547817557017628,0.05578538775444031
radio,group_disjoint,xgboost,103,22,ok,2245,563,0.755456570155902,0.8010657193605684,21,9,2.31,0.5,414,1,111,37,0.9325044404973357,0.9545157586316123,0.9975903614457832,0.917960088691796,0.9561200923787528,0.9049831231124533,0.824368364601907,0.008928571428571428,0.082039911308204,0.9910714285714286,0.9903785239151093,0.9976714086118169,0.9630583836835035,0.05357123911380768
radio,group_disjoint,hgb,103,11,ok,2245,563,0.755456570155902,0.8010657193605684,21,9,6.56,0.5,417,2,110,34,0.9360568383658969,0.9533774152676591,0.9952267303102625,0.9246119733924612,0.9586206896551724,0.9089978448275862,0.82965761290043,0.017857142857142856,0.07538802660753881,0.9821428571428571,0.990418118466899,0.9976745355150612,0.96323317319973,0.05671056405889642
radio,group_disjoint,hgb,103,22,ok,2245,563,0.755456570155902,0.8010657193605684,21,9,9.81,0.5,417,2,110,34,0.9360568383658969,0.9533774152676591,0.9952267303102625,0.9246119733924612,0.9586206896551724,0.9089978448275862,0.82965761290043,0.017857142857142856,0.07538802660753881,0.9821428571428571,0.990418118466899,0.9976745355150612,0.96323317319973,0.05671056405889642
radio,group_disjoint,mlp,103,11,ok,2245,563,0.755456570155902,0.8010657193605684,21,9,1.81,0.5,434,1,111,17,0.9680284191829485,0.9766887076338295,0.9977011494252873,0.9623059866962306,0.9796839729119639,0.9523419864559819,0.908055783024048,0.008928571428571428,0.037694013303769404,0.9910714285714286,0.9987725688945202,0.9996970672547396,0.9952998371702892,0.02152293175458908
radio,group_disjoint,mlp,103,22,ok,2245,563,0.755456570155902,0.8010657193605684,21,9,2.2,0.5,424,1,111,27,0.9502664298401421,0.965602233132721,0.9976470588235294,0.9401330376940134,0.9680365296803652,0.9280182648401827,0.8641881848015995,0.008928571428571428,0.0598669623059867,0.9910714285714286,0.9970700031675641,0.9992677386370868,0.9895975858220042,0.032741937786340714
radio,group_disjoint,majority,104,11,ok,2231,577,0.7655759748991484,0.7608318890814558,19,11,0.04,0.5,439,138,0,0,0.7608318890814558,0.5,0.7608318890814558,1.0,0.8641732283464567,0.43208661417322836,0.0,1.0,0.0,0.0,0.5,0.7608318890814558,0.2391681109185442,0.2391681109185442
radio,group_disjoint,majority,104,22,ok,2231,577,0.7655759748991484,0.7608318890814558,19,11,0.05,0.5,439,138,0,0,0.7608318890814558,0.5,0.7608318890814558,1.0,0.8641732283464567,0.43208661417322836,0.0,1.0,0.0,0.0,0.5,0.7608318890814558,0.2391681109185442,0.2391681109185442
radio,group_disjoint,stratified,104,11,ok,2231,577,0.7655759748991484,0.7608318890814558,19,11,0.05,0.5,339,106,32,100,0.6429809358752167,0.502046812584596,0.7617977528089888,0.7722095671981777,0.7669683257918553,0.5020026814144462,0.004157314752453145,0.7681159420289855,0.22779043280182232,0.2318840579710145,0.502046812584596,0.7615777382924664,0.23992315590537278,0.35701906412478335
radio,group_disjoint,stratified,104,22,ok,2231,577,0.7655759748991484,0.7608318890814558,19,11,0.04,0.5,343,105,33,96,0.6516464471403813,0.5102258096464296,0.765625,0.7813211845102506,0.7733934611048479,0.5102922361704014,0.020939467872453283,0.7608695652173914,0.21867881548974943,0.2391304347826087,0.5102258096464296,0.7645768481818218,0.24314863848959,0.3483535528596187
radio,group_disjoint,logreg,104,11,ok,2231,577,0.7655759748991484,0.7608318890814558,19,11,0.11,0.5,426,20,118,13,0.9428076256499134,0.9127298537519395,0.9551569506726457,0.9703872437357631,0.9627118644067797,0.9200176422405646,0.840552037821738,0.14492753623188406,0.029612756264236904,0.855072463768116,0.9770228780825987,0.9920498067149061,0.9480323419480202,0.047466264567823664
radio,group_disjoint,logreg,104,22,ok,2231,577,0.7655759748991484,0.7608318890814558,19,11,0.1,0.5,426,20,118,13,0.9428076256499134,0.9127298537519395,0.9551569506726457,0.9703872437357631,0.9627118644067797,0.9200176422405646,0.840552037821738,0.14492753623188406,0.029612756264236904,0.855072463768116,0.9770228780825987,0.9920498067149061,0.9480323419480202,0.047466264567823664
radio,group_disjoint,tree,104,11,ok,2231,577,0.7655759748991484,0.7608318890814558,19,11,0.12,0.5,429,25,113,10,0.9393414211438474,0.8980307682149813,0.9449339207048458,0.9772209567198178,0.9608062709966405,0.9133533270692015,0.8291592721696062,0.18115942028985507,0.022779043280182234,0.8188405797101449,0.8980307682149813,0.9407402525585271,0.7955957311814847,0.060658578856152515
radio,group_disjoint,tree,104,22,ok,2231,577,0.7655759748991484,0.7608318890814558,19,11,0.11,0.5,425,24,114,14,0.9341421143847487,0.897098147964742,0.9465478841870824,0.9681093394077449,0.9572072072072072,0.9071750321750321,0.8154014984496801,0.17391304347826086,0.03189066059225513,0.8260869565217391,0.897098147964742,0.9406252784206159,0.7773281497249642,0.0658578856152513
radio,group_disjoint,rf,104,11,ok,2231,577,0.7655759748991484,0.7608318890814558,19,11,1.4,0.5,439,22,116,0,0.9618717504332756,0.9202898550724637,0.9522776572668112,1.0,0.9755555555555555,0.9444706911636045,0.8946872510116743,0.15942028985507245,0.0,0.8405797101449275,0.9791522234327028,0.9925844457236033,0.9606326163632718,0.037743360086627376
radio,group_disjoint,rf,104,22,ok,2231,577,0.7655759748991484,0.7608318890814558,19,11,1.37,0.5,439,22,116,0,0.9618717504332756,0.9202898550724637,0.9522776572668112,1.0,0.9755555555555555,0.9444706911636045,0.8946872510116743,0.15942028985507245,0.0,0.8405797101449275,0.976775279786075,0.9915172346723953,0.9588468608380087,0.03912037803518202
radio,group_disjoint,xgboost,104,11,ok,2231,577,0.7655759748991484,0.7608318890814558,19,11,2.23,0.5,439,21,117,0,0.9636048526863085,0.9239130434782609,0.9543478260869566,1.0,0.9766407119021134,0.9471438853628213,0.8995115246547803,0.15217391304347827,0.0,0.8478260869565217,0.9818923112475654,0.9936502242959417,0.9652688357900864,0.033628929406404495
radio,group_disjoint,xgboost,104,22,ok,2231,577,0.7655759748991484,0.7608318890814558,19,11,2.02,0.5,439,21,117,0,0.9636048526863085,0.9239130434782609,0.9543478260869566,1.0,0.9766407119021134,0.9471438853628213,0.8995115246547803,0.15217391304347827,0.0,0.8478260869565217,0.984780958040342,0.9947140357890597,0.9692806206634299,0.03300797939300537
radio,group_disjoint,hgb,104,11,ok,2231,577,0.7655759748991484,0.7608318890814558,19,11,8.24,0.5,439,21,117,0,0.9636048526863085,0.9239130434782609,0.9543478260869566,1.0,0.9766407119021134,0.9471438853628213,0.8995115246547803,0.15217391304347827,0.0,0.8478260869565217,0.997160872866528,0.9991122937180053,0.991593061273153,0.036054544067561395
radio,group_disjoint,hgb,104,22,ok,2231,577,0.7655759748991484,0.7608318890814558,19,11,3.68,0.5,439,21,117,0,0.9636048526863085,0.9239130434782609,0.9543478260869566,1.0,0.9766407119021134,0.9471438853628213,0.8995115246547803,0.15217391304347827,0.0,0.8478260869565217,0.997160872866528,0.9991122937180053,0.991593061273153,0.036054544067561395
radio,group_disjoint,mlp,104,11,ok,2231,577,0.7655759748991484,0.7608318890814558,19,11,1.38,0.5,439,15,123,0,0.9740034662045061,0.9456521739130435,0.9669603524229075,1.0,0.9832026875699889,0.9628657116010864,0.9283619802049106,0.10869565217391304,0.0,0.8913043478260869,0.9928361559539136,0.9975869191809732,0.9838421466451512,0.022963443771004677
radio,group_disjoint,mlp,104,22,ok,2231,577,0.7655759748991484,0.7608318890814558,19,11,0.85,0.5,439,20,118,0,0.9653379549393414,0.927536231884058,0.9564270152505446,1.0,0.977728285077951,0.9498016425389755,0.9043309152874675,0.14492753623188406,0.0,0.855072463768116,0.9878346703641345,0.9957432164853791,0.9760773611353573,0.026696790009737015
radio,group_disjoint,majority,105,11,ok,2195,613,0.7749430523917995,0.7275693311582382,20,10,0.02,0.5,446,167,0,0,0.7275693311582382,0.5,0.7275693311582382,1.0,0.842304060434372,0.421152030217186,0.0,1.0,0.0,0.0,0.5,0.7275693311582382,0.2724306688417618,0.2724306688417618
radio,group_disjoint,majority,105,22,ok,2195,613,0.7749430523917995,0.7275693311582382,20,10,0.02,0.5,446,167,0,0,0.7275693311582382,0.5,0.7275693311582382,1.0,0.842304060434372,0.421152030217186,0.0,1.0,0.0,0.0,0.5,0.7275693311582382,0.2724306688417618,0.2724306688417618
radio,group_disjoint,stratified,105,11,ok,2195,613,0.7749430523917995,0.7275693311582382,20,10,0.02,0.5,350,129,38,96,0.632952691680261,0.5061491367041702,0.7306889352818372,0.7847533632286996,0.7567567567567568,0.5046242255544582,0.013247979665846413,0.7724550898203593,0.21524663677130046,0.2275449101796407,0.5061491367041702,0.7300174509861747,0.27496811786570263,0.367047308319739
radio,group_disjoint,stratified,105,22,ok,2195,613,0.7749430523917995,0.7275693311582382,20,10,0.02,0.5,359,129,38,87,0.6476345840130505,0.5162388228028248,0.735655737704918,0.804932735426009,0.7687366167023555,0.5145052946525476,0.035887671914056056,0.7724550898203593,0.19506726457399104,0.2275449101796407,0.5162388228028248,0.734078344499624,0.2796141094645944,0.3523654159869494
radio,group_disjoint,logreg,105,11,ok,2195,613,0.7749430523917995,0.7275693311582382,20,10,0.06,0.5,307,43,124,139,0.7030995106035889,0.715427888617384,0.8771428571428571,0.6883408071748879,0.7713567839195979,0.6740504849830549,0.3875660164857221,0.25748502994011974,0.3116591928251121,0.7425149700598802,0.8282806584141135,0.9250174511112421,0.6526358993144591,0.18937164747103494
radio,group_disjoint,logreg,105,22,ok,2195,613,0.7749430523917995,0.7275693311582382,20,10,0.06,0.5,307,43,124,139,0.7030995106035889,0.715427888617384,0.8771428571428571,0.6883408071748879,0.7713567839195979,0.6740504849830549,0.3875660164857221,0.25748502994011974,0.3116591928251121,0.7425149700598802,0.8282806584141135,0.9250174511112421,0.6526358993144591,0.18937164747103494
radio,group_disjoint,tree,105,11,ok,2195,613,0.7749430523917995,0.7275693311582382,20,10,0.07,0.5,380,59,108,66,0.7960848287112561,0.7493622620230391,0.8656036446469249,0.852017937219731,0.8587570621468926,0.7460940735954404,0.4924696889141468,0.3532934131736527,0.14798206278026907,0.6467065868263473,0.7493622620230391,0.8451770422024107,0.49765204922326134,0.2039151712887439
radio,group_disjoint,tree,105,22,ok,2195,613,0.7749430523917995,0.7275693311582382,20,10,0.07,0.5,380,59,108,66,0.7960848287112561,0.7493622620230391,0.8656036446469249,0.852017937219731,0.8587570621468926,0.7460940735954404,0.4924696889141468,0.3532934131736527,0.14798206278026907,0.6467065868263473,0.7493622620230391,0.8451770422024107,0.49765204922326134,0.2039151712887439
radio,group_disjoint,rf,105,11,ok,2195,613,0.7749430523917995,0.7275693311582382,20,10,1.0,0.5,399,56,111,47,0.831973898858075,0.7796447463816761,0.8769230769230769,0.8946188340807175,0.8856825749167592,0.7843797489968412,0.5692828276193387,0.33532934131736525,0.10538116591928251,0.6646706586826348,0.8826830643645445,0.9481799211583279,0.8263278257746289,0.10956894874441542
radio,group_disjoint,rf,105,22,ok,2195,613,0.7749430523917995,0.7275693311582382,20,10,1.16,0.5,401,56,111,45,0.835236541598695,0.7818868988480439,0.8774617067833698,0.899103139013453,0.8881506090808416,0.7877285553144147,0.5762489581235125,0.33532934131736525,0.10089686098654709,0.6646706586826348,0.8704250691442228,0.9421888088804523,0.8139684427949114,0.11791241941183853
radio,group_disjoint,xgboost,105,11,ok,2195,613,0.7749430523917995,0.7275693311582382,20,10,0.6,0.5,406,55,112,40,0.8450244698205547,0.790486291990011,0.8806941431670282,0.9103139013452914,0.8952590959206174,0.7987267266436943,0.5989754835982972,0.32934131736526945,0.08968609865470852,0.6706586826347305,0.860771730082436,0.9288751784657423,0.8180057809366846,0.13843578100204468
radio,group_disjoint,xgboost,105,22,ok,2195,613,0.7749430523917995,0.7275693311582382,20,10,0.74,0.5,395,54,113,51,0.8287112561174551,0.7811484654010366,0.8797327394209354,0.8856502242152466,0.88268156424581,0.7827305102195817,0.565517805539609,0.32335329341317365,0.11434977578475336,0.6766467065868264,0.8574957707902581,0.9286571953591405,0.8132278553852897,0.14455311000347137
radio,group_disjoint,hgb,105,11,ok,2195,613,0.7749430523917995,0.7275693311582382,20,10,2.75,0.5,407,54,113,39,0.8482871125611745,0.7946013801992428,0.8828633405639913,0.9125560538116592,0.8974641675854466,0.8029640587143534,0.6074606927738786,0.32335329341317365,0.08744394618834081,0.6766467065868264,0.8527563706667383,0.921109257693193,0.8114986957062646,0.1449567758166859
radio,group_disjoint,hgb,105,22,ok,2195,613,0.7749430523917995,0.7275693311582382,20,10,3.16,0.5,407,54,113,39,0.8482871125611745,0.7946013801992428,0.8828633405639913,0.9125560538116592,0.8974641675854466,0.8029640587143534,0.6074606927738786,0.32335329341317365,0.08744394618834081,0.6766467065868264,0.8527563706667383,0.921109257693193,0.8114986957062646,0.1449567758166859
radio,group_disjoint,mlp,105,11,ok,2195,613,0.7749430523917995,0.7275693311582382,20,10,2.35,0.5,407,60,107,39,0.8384991843393148,0.7766373083429554,0.8715203426124197,0.9125560538116592,0.891566265060241,0.7876361676738904,0.5782711724603592,0.3592814371257485,0.08744394618834081,0.6407185628742516,0.8265084181412958,0.9127704008769576,0.7762705026241814,0.13533569872379303
radio,group_disjoint,mlp,105,22,ok,2195,613,0.7749430523917995,0.7275693311582382,20,10,1.51,0.5,417,56,111,29,0.8613376835236541,0.7998241185789856,0.8816067653276956,0.9349775784753364,0.9075081610446137,0.8153175984376163,0.635956833102463,0.33532934131736525,0.06502242152466367,0.6646706586826348,0.8530920222335598,0.9291616991538049,0.7898840277909427,0.11826055496931076
radio,group_disjoint,majority,106,11,ok,2228,580,0.7630161579892281,0.7706896551724138,20,10,0.03,0.5,447,133,0,0,0.7706896551724138,0.5,0.7706896551724138,1.0,0.8704965920155794,0.4352482960077897,0.0,1.0,0.0,0.0,0.5,0.7706896551724138,0.2293103448275862,0.2293103448275862
radio,group_disjoint,majority,106,22,ok,2228,580,0.7630161579892281,0.7706896551724138,20,10,0.03,0.5,447,133,0,0,0.7706896551724138,0.5,0.7706896551724138,1.0,0.8704965920155794,0.4352482960077897,0.0,1.0,0.0,0.0,0.5,0.7706896551724138,0.2293103448275862,0.2293103448275862
radio,group_disjoint,stratified,106,11,ok,2228,580,0.7630161579892281,0.7706896551724138,20,10,0.04,0.5,343,102,31,104,0.6448275862068965,0.5002102571865906,0.7707865168539326,0.767337807606264,0.7690582959641256,0.5002007897731076,0.00041832472755833625,0.7669172932330827,0.232662192393736,0.23308270676691728,0.5002102571865906,0.7707639808027515,0.22938476459347604,0.35517241379310344
radio,group_disjoint,stratified,106,22,ok,2228,580,0.7630161579892281,0.7706896551724138,20,10,0.03,0.5,350,101,32,97,0.6586206896551724,0.5117996333114666,0.7760532150776053,0.7829977628635347,0.779510022271715,0.5118924157160102,0.02385585370859506,0.7593984962406015,0.21700223713646533,0.24060150375939848,0.5117996333114666,0.7748893105791632,0.23382202499030252,0.3413793103448276
radio,group_disjoint,logreg,106,11,ok,2228,580,0.7630161579892281,0.7706896551724138,20,10,0.1,0.5,364,19,114,83,0.8241379310344827,0.8357302652604666,0.9503916449086162,0.814317673378076,0.8771084337349397,0.7840087623220153,0.5960292473621456,0.14285714285714285,0.18568232662192394,0.8571428571428571,0.900556761030092,0.9615462044221633,0.7680117146312307,0.12786682178671763
radio,group_disjoint,logreg,106,22,ok,2228,580,0.7630161579892281,0.7706896551724138,20,10,0.1,0.5,364,19,114,83,0.8241379310344827,0.8357302652604666,0.9503916449086162,0.814317673378076,0.8771084337349397,0.7840087623220153,0.5960292473621456,0.14285714285714285,0.18568232662192394,0.8571428571428571,0.900556761030092,0.9615462044221633,0.7680117146312307,0.12786682178671763
radio,group_disjoint,tree,106,11,ok,2228,580,0.7630161579892281,0.7706896551724138,20,10,0.1,0.5,426,23,110,21,0.9241379310344827,0.8900439017005601,0.9487750556792873,0.9530201342281879,0.9508928571428571,0.8921130952380952,0.7842675600924224,0.17293233082706766,0.04697986577181208,0.8270676691729323,0.8900439017005601,0.9404086274675549,0.7341394747727439,0.07586206896551724
radio,group_disjoint,tree,106,22,ok,2228,580,0.7630161579892281,0.7706896551724138,20,10,0.12,0.5,410,24,109,37,0.8948275862068965,0.8683874114817245,0.9447004608294931,0.9172259507829977,0.9307604994324631,0.856061253300461,0.7136628108510147,0.18045112781954886,0.08277404921700224,0.8195488721804511,0.8683874114817245,0.9302968818377438,0.6532342902603698,0.10517241379310345
radio,group_disjoint,rf,106,11,ok,2228,580,0.7630161579892281,0.7706896551724138,20,10,1.4,0.5,445,31,102,2,0.9431034482758621,0.881221510151217,0.9348739495798319,0.9955257270693513,0.9642470205850487,0.9125032571279674,0.8355391983292378,0.23308270676691728,0.0044742729306487695,0.7669172932330827,0.9590082589022892,0.986221476146226,0.9208768523853432,0.055357187490811935
radio,group_disjoint,rf,106,22,ok,2228,580,0.7630161579892281,0.7706896551724138,20,10,1.3,0.5,445,29,104,2,0.946551724137931,0.8887403071436981,0.9388185654008439,0.9955257270693513,0.9663409337676439,0.9183169103984663,0.8457208696607101,0.21804511278195488,0.0044742729306487695,0.7819548872180451,0.9581672301559268,0.9856598463160662,0.9206071735692722,0.054031232301107755
radio,group_disjoint,xgboost,106,11,ok,2228,580,0.7630161579892281,0.7706896551724138,20,10,1.74,0.5,445,29,104,2,0.946551724137931,0.8887403071436981,0.9388185654008439,0.9955257270693513,0.9663409337676439,0.9183169103984663,0.8457208696607101,0.21804511278195488,0.0044742729306487695,0.7819548872180451,0.964491766328573,0.9884202672975447,0.9265178987370746,0.05036606267094612
radio,group_disjoint,xgboost,106,22,ok,2228,580,0.7630161579892281,0.7706896551724138,20,10,3.21,0.5,445,30,103,2,0.9448275862068966,0.8849809086474576,0.9368421052631579,0.9955257270693513,0.96529284164859,0.9154195300679925,0.8406347069386139,0.22556390977443608,0.0044742729306487695,0.7744360902255639,0.9687137306353131,0.9899196386918466,0.9326831467962949,0.04987866058945656
radio,group_disjoint,hgb,106,11,ok,2228,580,0.7630161579892281,0.7706896551724138,20,10,7.57,0.5,444,29,104,3,0.9448275862068966,0.8876217389110359,0.9386892177589852,0.9932885906040269,0.9652173913043478,0.9159420289855073,0.8402243125058608,0.21804511278195488,0.006711409395973154,0.7819548872180451,0.9785874081176095,0.9933554973011702,0.9475411023418211,0.05362868825221753
radio,group_disjoint,hgb,106,22,ok,2228,580,0.7630161579892281,0.7706896551724138,20,10,8.81,0.5,444,29,104,3,0.9448275862068966,0.8876217389110359,0.9386892177589852,0.9932885906040269,0.9652173913043478,0.9159420289855073,0.8402243125058608,0.21804511278195488,0.006711409395973154,0.7819548872180451,0.9785874081176095,0.9933554973011702,0.9475411023418211,0.05362868825221753
radio,group_disjoint,mlp,106,11,ok,2228,580,0.7630161579892281,0.7706896551724138,20,10,2.63,0.5,425,28,105,22,0.9137931034482759,0.8701283409866949,0.9381898454746137,0.9507829977628636,0.9444444444444444,0.8760683760683761,0.752507714977326,0.21052631578947367,0.049217002237136466,0.7894736842105263,0.933525087887504,0.974266402868722,0.8384603312208445,0.06994698196649551
radio,group_disjoint,mlp,106,22,ok,2228,580,0.7630161579892281,0.7706896551724138,20,10,1.93,0.5,429,28,105,18,0.9206896551724137,0.8746026139173437,0.9387308533916849,0.959731543624161,0.9491150442477876,0.8847137721238938,0.7704948237668733,0.21052631578947367,0.040268456375838924,0.7894736842105263,0.9403206001581134,0.9777694861609405,0.8483000551088645,0.0678003579378128
radio,group_disjoint,majority,107,11,ok,2237,571,0.7639696021457308,0.7670753064798599,21,9,0.03,0.5,438,133,0,0,0.7670753064798599,0.5,0.7670753064798599,1.0,0.8681863230921705,0.43409316154608524,0.0,1.0,0.0,0.0,0.5,0.7670753064798599,0.2329246935201401,0.2329246935201401
radio,group_disjoint,majority,107,22,ok,2237,571,0.7639696021457308,0.7670753064798599,21,9,0.03,0.5,438,133,0,0,0.7670753064798599,0.5,0.7670753064798599,1.0,0.8681863230921705,0.43409316154608524,0.0,1.0,0.0,0.0,0.5,0.7670753064798599,0.2329246935201401,0.2329246935201401
radio,group_disjoint,stratified,107,11,ok,2237,571,0.7639696021457308,0.7670753064798599,21,9,0.03,0.5,335,102,31,103,0.6409807355516638,0.4989614447076596,0.7665903890160183,0.7648401826484018,0.7657142857142857,0.4989620117710005,-0.002071711977540872,0.7669172932330827,0.23515981735159816,0.23308270676691728,0.4989614447076596,0.766704422118246,0.23255609421127119,0.35901926444833626
radio,group_disjoint,stratified,107,22,ok,2237,571,0.7639696021457308,0.7670753064798599,21,9,0.04,0.5,343,101,32,95,0.6567425569176882,0.5118532632952244,0.7725225225225225,0.7831050228310502,0.7777777777777778,0.5119658119658119,0.024095584035051746,0.7593984962406015,0.21689497716894976,0.24060150375939848,0.5118532632952244,0.7713410487233149,0.2375066629437474,0.3432574430823117
radio,group_disjoint,logreg,107,11,ok,2237,571,0.7639696021457308,0.7670753064798599,21,9,0.1,0.5,368,19,114,70,0.8441330998248686,0.8486627527723418,0.9509043927648578,0.8401826484018264,0.8921212121212121,0.805682057164707,0.6307162668744357,0.14285714285714285,0.1598173515981735,0.8571428571428571,0.9284855975555326,0.9705941116505479,0.8721089137929307,0.11098389230326104
radio,group_disjoint,logreg,107,22,ok,2237,571,0.7639696021457308,0.7670753064798599,21,9,0.1,0.5,368,19,114,70,0.8441330998248686,0.8486627527723418,0.9509043927648578,0.8401826484018264,0.8921212121212121,0.805682057164707,0.6307162668744357,0.14285714285714285,0.1598173515981735,0.8571428571428571,0.9284855975555326,0.9705941116505479,0.8721089137929307,0.11098389230326104
radio,group_disjoint,tree,107,11,ok,2237,571,0.7639696021457308,0.7670753064798599,21,9,0.12,0.5,412,57,76,26,0.8546409807355516,0.756033920417482,0.8784648187633263,0.9406392694063926,0.9084895259095921,0.7776490182739451,0.5650721071776524,0.42857142857142855,0.0593607305936073,0.5714285714285714,0.756033920417482,0.8718526559337141,0.5255951767747379,0.14535901926444833
radio,group_disjoint,tree,107,22,ok,2237,571,0.7639696021457308,0.7670753064798599,21,9,0.12,0.5,412,58,75,26,0.8528896672504378,0.7522745219212414,0.8765957446808511,0.9406392694063926,0.9074889867841409,0.7742573139048909,0.5589290049181828,0.43609022556390975,0.0593607305936073,0.5639097744360902,0.7522745219212414,0.8700945314543083,0.5203210641436001,0.14711033274956217
radio,group_disjoint,rf,107,11,ok,2237,571,0.7639696021457308,0.7670753064798599,21,9,1.39,0.5,420,29,104,18,0.9176882661996497,0.870429498403543,0.9354120267260579,0.958904109589041,0.9470124013528749,0.8813493379313394,0.7640035017058925,0.21804511278195488,0.0410958904109589,0.7819548872180451,0.9535997528066742,0.9854766047177739,0.8765316071626826,0.0686588181136758
radio,group_disjoint,rf,107,22,ok,2237,571,0.7639696021457308,0.7670753064798599,21,9,1.4,0.5,419,29,104,19,0.9159369527145359,0.8692879458921275,0.9352678571428571,0.95662100456621,0.945823927765237,0.8791619638826185,0.7593927394655102,0.21804511278195488,0.04337899543378995,0.7819548872180451,0.9572389878806605,0.986938775457829,0.879957138212352,0.06692281614485943
radio,group_disjoint,xgboost,107,11,ok,2237,571,0.7639696021457308,0.7670753064798599,21,9,2.18,0.5,405,28,105,33,0.8931698774080561,0.8570656092285509,0.9353348729792148,0.9246575342465754,0.9299655568312285,0.8524366529543597,0.7051108591878189,0.21052631578947367,0.07534246575342465,0.7894736842105263,0.9504583376248842,0.9847725079438547,0.8680947889583831,0.08619970828294754
radio,group_disjoint,xgboost,107,22,ok,2237,571,0.7639696021457308,0.7670753064798599,21,9,1.96,0.5,407,28,105,31,0.8966725043782837,0.8593487142513818,0.9356321839080459,0.9292237442922374,0.9324169530355098,0.8565430490084611,0.7131729854809639,0.21052631578947367,0.07077625570776255,0.7894736842105263,0.9477460775225736,0.9841047136123666,0.8547974322343029,0.0874100923538208
radio,group_disjoint,hgb,107,11,ok,2237,571,0.7639696021457308,0.7670753064798599,21,9,8.48,0.5,415,28,105,23,0.9106830122591943,0.8684811343427061,0.9367945823927766,0.9474885844748858,0.94211123723042,0.8733544691899227,0.7469667683893132,0.21052631578947367,0.05251141552511415,0.7894736842105263,0.9547670546228586,0.9863072739972607,0.8698332885416996,0.08537493154433339
radio,group_disjoint,hgb,107,22,ok,2237,571,0.7639696021457308,0.7670753064798599,21,9,8.27,0.5,415,28,105,23,0.9106830122591943,0.8684811343427061,0.9367945823927766,0.9474885844748858,0.94211123723042,0.8733544691899227,0.7469667683893132,0.21052631578947367,0.05251141552511415,0.7894736842105263,0.9547670546228586,0.9863072739972607,0.8698332885416996,0.08537493154433339
radio,group_disjoint,mlp,107,11,ok,2237,571,0.7639696021457308,0.7670753064798599,21,9,1.77,0.5,404,19,114,34,0.9071803852889667,0.8897586431833007,0.9550827423167849,0.9223744292237442,0.9384436701509872,0.8749157852534295,0.7519476125566864,0.14285714285714285,0.0776255707762557,0.8571428571428571,0.9523122875682357,0.977503949581155,0.9253849726277092,0.06100960820913315
radio,group_disjoint,mlp,107,22,ok,2237,571,0.7639696021457308,0.7670753064798599,21,9,2.52,0.5,392,17,116,46,0.8896672504378283,0.8835788100387956,0.9584352078239609,0.8949771689497716,0.9256198347107438,0.8560302563384228,0.7193302393599778,0.12781954887218044,0.1050228310502283,0.8721804511278195,0.9601744086243005,0.9866410521864839,0.9103699201834476,0.07622615247964859
radio,group_disjoint,majority,108,11,ok,2218,590,0.7646528403967539,0.764406779661017,23,7,0.04,0.5,451,139,0,0,0.764406779661017,0.5,0.764406779661017,1.0,0.866474543707973,0.4332372718539865,0.0,1.0,0.0,0.0,0.5,0.764406779661017,0.23559322033898306,0.23559322033898306
radio,group_disjoint,majority,108,22,ok,2218,590,0.7646528403967539,0.764406779661017,23,7,0.04,0.5,451,139,0,0,0.764406779661017,0.5,0.764406779661017,1.0,0.866474543707973,0.4332372718539865,0.0,1.0,0.0,0.0,0.5,0.764406779661017,0.23559322033898306,0.23559322033898306
radio,group_disjoint,stratified,108,11,ok,2218,590,0.7646528403967539,0.764406779661017,23,7,0.04,0.5,346,107,32,105,0.6406779661016949,0.49869993140742397,0.7637969094922737,0.7671840354767184,0.7654867256637168,0.49868539181736565,-0.0026132595655211045,0.7697841726618705,0.2328159645232816,0.2302158273381295,0.49869993140742397,0.7639388970038437,0.23512897216558065,0.3593220338983051
radio,group_disjoint,stratified,108,22,ok,2218,590,0.7646528403967539,0.764406779661017,23,7,0.03,0.5,354,106,33,97,0.6559322033898305,0.5111662333104692,0.7695652173913043,0.7849223946784922,0.7771679473106476,0.5112605535809744,0.022865556339414304,0.762589928057554,0.21507760532150777,0.23741007194244604,0.5111662333104691,0.7684557529570741,0.23992665059608115,0.3440677966101695
radio,group_disjoint,logreg,108,11,ok,2218,590,0.7646528403967539,0.764406779661017,23,7,0.1,0.5,162,6,133,289,0.5,0.6580181531050104,0.9642857142857143,0.35920177383592017,0.5234248788368336,0.49878908825977153,0.2971815078433598,0.04316546762589928,0.6407982261640798,0.9568345323741008,0.8903954441768094,0.9483851808389804,0.8753677207592756,0.39251108632839704
radio,group_disjoint,logreg,108,22,ok,2218,590,0.7646528403967539,0.764406779661017,23,7,0.12,0.5,162,6,133,289,0.5,0.6580181531050104,0.9642857142857143,0.35920177383592017,0.5234248788368336,0.49878908825977153,0.2971815078433598,0.04316546762589928,0.6407982261640798,0.9568345323741008,0.8903954441768094,0.9483851808389804,0.8753677207592756,0.39251108632839704
radio,group_disjoint,tree,108,11,ok,2218,590,0.7646528403967539,0.764406779661017,23,7,0.15,0.5,294,9,130,157,0.7186440677966102,0.7935682496131697,0.9702970297029703,0.6518847006651884,0.7798408488063661,0.6950847436520093,0.49850840781594896,0.06474820143884892,0.34811529933481156,0.935251798561151,0.7935682496131697,0.8986234836794965,0.43888745614858726,0.28135593220338984
radio,group_disjoint,tree,108,22,ok,2218,590,0.7646528403967539,0.764406779661017,23,7,0.16,0.5,290,9,130,161,0.711864406779661,0.7891336598127263,0.9698996655518395,0.6430155210643016,0.7733333333333333,0.6889922480620154,0.49084258152344,0.06474820143884892,0.35698447893569846,0.935251798561151,0.7891336598127263,0.8965418947571113,0.43306431911957766,0.288135593220339
radio,group_disjoint,rf,108,11,ok,2218,590,0.7646528403967539,0.764406779661017,23,7,1.62,0.5,339,21,118,112,0.7745762711864407,0.8002919172422595,0.9416666666666667,0.7516629711751663,0.8360049321824907,0.7377856639232236,0.5225816323021609,0.1510791366906475,0.24833702882483372,0.8489208633093526,0.929604874858428,0.9719123497705795,0.9011290713366343,0.14007559177855447
radio,group_disjoint,rf,108,22,ok,2218,590,0.7646528403967539,0.764406779661017,23,7,1.48,0.5,337,21,118,114,0.7711864406779662,0.7980746223420376,0.9413407821229051,0.7472283813747228,0.8331273176761433,0.7346229580294463,0.5179229590754167,0.1510791366906475,0.25277161862527714,0.8489208633093526,0.9326038060903827,0.9732750814422325,0.9027226276398036,0.14439464677288988
radio,group_disjoint,xgboost,108,11,ok,2218,590,0.7646528403967539,0.764406779661017,23,7,1.73,0.5,321,17,122,130,0.7508474576271187,0.794724752348897,0.9497041420118343,0.7117516629711752,0.8136882129277566,0.7188645668219346,0.5056891757048124,0.1223021582733813,0.28824833702882485,0.8776978417266187,0.942493898451084,0.9789742412821839,0.9088647845153963,0.20483814179897308
radio,group_disjoint,xgboost,108,22,ok,2218,590,0.7646528403967539,0.764406779661017,23,7,1.67,0.5,318,18,121,133,0.7440677966101695,0.787801687696406,0.9464285714285714,0.70509977827051,0.8081321473951716,0.711954114410054,0.4933242974542077,0.12949640287769784,0.29490022172949004,0.8705035971223022,0.9346456316100112,0.9749500209073336,0.9037673864181804,0.21848273277282715
radio,group_disjoint,hgb,108,11,ok,2218,590,0.7646528403967539,0.764406779661017,23,7,8.17,0.5,330,20,119,121,0.7610169491525424,0.7939112124934199,0.9428571428571428,0.7317073170731707,0.8239700374531835,0.7259691875920271,0.5078110864612126,0.14388489208633093,0.2682926829268293,0.8561151079136691,0.9435148112108982,0.9795108931544411,0.9093503852164359,0.22066053931217636
radio,group_disjoint,hgb,108,22,ok,2218,590,0.7646528403967539,0.764406779661017,23,7,7.22,0.5,330,20,119,121,0.7610169491525424,0.7939112124934199,0.9428571428571428,0.7317073170731707,0.8239700374531835,0.7259691875920271,0.5078110864612126,0.14388489208633093,0.2682926829268293,0.8561151079136691,0.9435148112108982,0.9795108931544411,0.9093503852164359,0.22066053931217636
radio,group_disjoint,mlp,108,11,ok,2218,590,0.7646528403967539,0.764406779661017,23,7,2.05,0.5,405,10,129,46,0.9050847457627119,0.9130309942733175,0.9759036144578314,0.8980044345898004,0.9353348729792148,0.8784954619673144,0.7674767659392865,0.07194244604316546,0.10199556541019955,0.9280575539568345,0.9706487581553382,0.987799361531533,0.9512209967593248,0.07071240991353989
radio,group_disjoint,mlp,108,22,ok,2218,590,0.7646528403967539,0.764406779661017,23,7,2.06,0.5,390,9,130,61,0.8813559322033898,0.8999984048238128,0.9774436090225563,0.8647450110864745,0.9176470588235294,0.8527629233511587,0.7255724674613167,0.06474820143884892,0.1352549889135255,0.935251798561151,0.9718132367720015,0.989360271567429,0.949015673765248,0.0867249146103859
radio,group_disjoint,majority,109,11,ok,2175,633,0.7572413793103449,0.7898894154818326,19,11,0.04,0.5,500,133,0,0,0.7898894154818326,0.5,0.7898894154818326,1.0,0.8826125330979699,0.44130626654898497,0.0,1.0,0.0,0.0,0.5,0.7898894154818326,0.21011058451816747,0.21011058451816747
radio,group_disjoint,majority,109,22,ok,2175,633,0.7572413793103449,0.7898894154818326,19,11,0.04,0.5,500,133,0,0,0.7898894154818326,0.5,0.7898894154818326,1.0,0.8826125330979699,0.44130626654898497,0.0,1.0,0.0,0.0,0.5,0.7898894154818326,0.21011058451816747,0.21011058451816747
radio,group_disjoint,stratified,109,11,ok,2175,633,0.7572413793103449,0.7898894154818326,19,11,0.04,0.5,373,100,33,127,0.641390205371248,0.49706015037593987,0.7885835095137421,0.746,0.7667009249743063,0.49597844883527603,-0.005511570577201332,0.7518796992481203,0.254,0.24812030075187969,0.49706015037593987,0.7889152096296371,0.2091526951264417,0.358609794628752
radio,group_disjoint,stratified,109,22,ok,2175,633,0.7572413793103449,0.7898894154818326,19,11,0.04,0.5,395,100,33,105,0.6761453396524486,0.5190601503759399,0.797979797979798,0.79,0.7939698492462312,0.5187561423352927,0.03761187623444491,0.7518796992481203,0.21,0.24812030075187969,0.5190601503759399,0.7962808176552252,0.21731099849355512,0.32385466034755134
radio,group_disjoint,logreg,109,11,ok,2175,633,0.7572413793103449,0.7898894154818326,19,11,0.1,0.5,306,18,115,194,0.665086887835703,0.7383308270676692,0.9444444444444444,0.612,0.7427184466019418,0.631540218776084,0.3884805622383501,0.13533834586466165,0.388,0.8646616541353384,0.6990977443609022,0.9179748771201827,0.2860599626300773,0.29119052513283433
radio,group_disjoint,logreg,109,22,ok,2175,633,0.7572413793103449,0.7898894154818326,19,11,0.12,0.5,306,18,115,194,0.665086887835703,0.7383308270676692,0.9444444444444444,0.612,0.7427184466019418,0.631540218776084,0.3884805622383501,0.13533834586466165,0.388,0.8646616541353384,0.6990977443609022,0.9179748771201827,0.2860599626300773,0.29119052513283433
radio,group_disjoint,tree,109,11,ok,2175,633,0.7572413793103449,0.7898894154818326,19,11,0.11,0.5,482,28,105,18,0.9273301737756714,0.8767368421052631,0.9450980392156862,0.964,0.9544554455445544,0.8873839727722772,0.7757848026071427,0.21052631578947367,0.036,0.7894736842105263,0.8767368421052631,0.9395105287612675,0.7181747572027978,0.07266982622432859
radio,group_disjoint,tree,109,22,ok,2175,633,0.7572413793103449,0.7898894154818326,19,11,0.11,0.5,482,28,105,18,0.9273301737756714,0.8767368421052631,0.9450980392156862,0.964,0.9544554455445544,0.8873839727722772,0.7757848026071427,0.21052631578947367,0.036,0.7894736842105263,0.8767368421052631,0.9395105287612675,0.7181747572027978,0.07266982622432859
radio,group_disjoint,rf,109,11,ok,2175,633,0.7572413793103449,0.7898894154818326,19,11,1.47,0.5,500,27,106,0,0.957345971563981,0.8984962406015038,0.9487666034155597,1.0,0.9737098344693281,0.9303695615861285,0.8695745220156331,0.20300751879699247,0.0,0.7969924812030075,0.9605112781954886,0.9873888462953088,0.9284940478459836,0.053194680499651974
radio,group_disjoint,rf,109,22,ok,2175,633,0.7572413793103449,0.7898894154818326,19,11,1.49,0.5,500,26,107,0,0.9589257503949447,0.9022556390977443,0.9505703422053232,1.0,0.9746588693957114,0.9331627680311891,0.8744967472908791,0.19548872180451127,0.0,0.8045112781954887,0.9577142857142857,0.9861116681874136,0.9270323882404541,0.05278052185179474
radio,group_disjoint,xgboost,109,11,ok,2175,633,0.7572413793103449,0.7898894154818326,19,11,1.84,0.5,496,25,108,4,0.9541864139020537,0.9020150375939849,0.9520153550863724,0.992,0.9715964740450539,0.9266145635531392,0.8583318808608101,0.18796992481203006,0.008,0.8120300751879699,0.9576992481203008,0.986256884369868,0.9234726341909526,0.04032115638256073
radio,group_disjoint,xgboost,109,22,ok,2175,633,0.7572413793103449,0.7898894154818326,19,11,1.9,0.5,497,28,105,3,0.9510268562401264,0.8917368421052632,0.9466666666666667,0.994,0.9697560975609756,0.9205626960833924,0.8484840971744224,0.21052631578947367,0.006,0.7894736842105263,0.9574887218045113,0.9859117147189336,0.9250448502455313,0.04073547199368477
radio,group_disjoint,hgb,109,11,ok,2175,633,0.7572413793103449,0.7898894154818326,19,11,6.93,0.5,500,31,102,0,0.9510268562401264,0.8834586466165413,0.9416195856873822,1.0,0.9699321047526673,0.919008605567823,0.849790764783087,0.23308270676691728,0.0,0.7669172932330827,0.9726165413533835,0.9913117209514791,0.9447198586387183,0.04573015735912222
radio,group_disjoint,hgb,109,22,ok,2175,633,0.7572413793103449,0.7898894154818326,19,11,5.51,0.5,500,31,102,0,0.9510268562401264,0.8834586466165413,0.9416195856873822,1.0,0.9699321047526673,0.919008605567823,0.849790764783087,0.23308270676691728,0.0,0.7669172932330827,0.9726165413533835,0.9913117209514791,0.9447198586387183,0.04573015735912222
radio,group_disjoint,mlp,109,11,ok,2175,633,0.7572413793103449,0.7898894154818326,19,11,1.62,0.5,355,20,113,145,0.7393364928909952,0.779812030075188,0.9466666666666667,0.71,0.8114285714285714,0.6947168432590427,0.463961254268601,0.15037593984962405,0.29,0.849624060150376,0.7668120300751881,0.9375155041364166,0.3390331811373151,0.23880380392074585
radio,group_disjoint,mlp,109,22,ok,2175,633,0.7572413793103449,0.7898894154818326,19,11,2.0,0.5,498,25,108,2,0.957345971563981,0.9040150375939849,0.9521988527724665,0.996,0.9736070381231672,0.931247963506028,0.8687426861200768,0.18796992481203006,0.004,0.8120300751879699,0.9837142857142858,0.9951768743889162,0.9621163898410656,0.032876815646886826
radio,group_disjoint,majority,110,11,ok,2186,622,0.7598353156450137,0.7813504823151125,21,9,0.03,0.5,486,136,0,0,0.7813504823151125,0.5,0.7813504823151125,1.0,0.8772563176895307,0.43862815884476536,0.0,1.0,0.0,0.0,0.5,0.7813504823151125,0.21864951768488747,0.21864951768488747
radio,group_disjoint,majority,110,22,ok,2186,622,0.7598353156450137,0.7813504823151125,21,9,0.04,0.5,486,136,0,0,0.7813504823151125,0.5,0.7813504823151125,1.0,0.8772563176895307,0.43862815884476536,0.0,1.0,0.0,0.0,0.5,0.7813504823151125,0.21864951768488747,0.21864951768488747
radio,group_disjoint,stratified,110,11,ok,2186,622,0.7598353156450137,0.7813504823151125,21,9,0.04,0.5,363,104,32,123,0.635048231511254,0.4911038489469862,0.7773019271948608,0.7469135802469136,0.7618048268625394,0.4908680491701013,-0.01700182115916722,0.7647058823529411,0.25308641975308643,0.23529411764705882,0.4911038489469862,0.7783265615154183,0.21577942244214354,0.364951768488746
radio,group_disjoint,stratified,110,22,ok,2186,622,0.7598353156450137,0.7813504823151125,21,9,0.04,0.5,383,102,34,103,0.6704180064308681,0.5190329218106996,0.7896907216494845,0.7880658436213992,0.7888774459320288,0.518980847508139,0.03796574225854851,0.75,0.21193415637860083,0.25,0.5190329218106996,0.7879231400621588,0.22603093388410356,0.3295819935691318
radio,group_disjoint,logreg,110,11,ok,2186,622,0.7598353156450137,0.7813504823151125,21,9,0.1,0.5,442,78,58,44,0.8038585209003215,0.6679678044057129,0.85,0.9094650205761317,0.878727634194831,0.6830612960890121,0.3750091567019042,0.5735294117647058,0.09053497942386832,0.4264705882352941,0.7604696199467441,0.9190406789308139,0.5729318416766678,0.1494855647456124
radio,group_disjoint,logreg,110,22,ok,2186,622,0.7598353156450137,0.7813504823151125,21,9,0.09,0.5,442,78,58,44,0.8038585209003215,0.6679678044057129,0.85,0.9094650205761317,0.878727634194831,0.6830612960890121,0.3750091567019042,0.5735294117647058,0.09053497942386832,0.4264705882352941,0.7604696199467441,0.9190406789308139,0.5729318416766678,0.1494855647456124
radio,group_disjoint,tree,110,11,ok,2186,622,0.7598353156450137,0.7813504823151125,21,9,0.14,0.5,453,118,18,33,0.7572347266881029,0.5322258533042847,0.7933450087565674,0.9320987654320988,0.8571428571428571,0.5248281130634072,0.09709991910989149,0.8676470588235294,0.06790123456790123,0.1323529411764706,0.5322258533042847,0.7925305656031354,0.236423413700642,0.2427652733118971
radio,group_disjoint,tree,110,22,ok,2186,622,0.7598353156450137,0.7813504823151125,21,9,0.12,0.5,452,118,18,34,0.7556270096463023,0.5311970467199225,0.7929824561403509,0.9300411522633745,0.8560606060606061,0.5237749838813669,0.09317340525181346,0.8676470588235294,0.06995884773662552,0.1323529411764706,0.5311970467199225,0.7921686966546346,0.23552509057048496,0.24437299035369775
radio,group_disjoint,rf,110,11,ok,2186,622,0.7598353156450137,0.7813504823151125,21,9,1.24,0.5,469,91,45,17,0.8263665594855305,0.6479514645364318,0.8375,0.9650205761316872,0.8967495219885278,0.6756474882669912,0.4082695543362246,0.6691176470588235,0.03497942386831276,0.33088235294117646,0.8849400871459696,0.9658007021707555,0.6527076213502885,0.1307909385278722
radio,group_disjoint,rf,110,22,ok,2186,622,0.7598353156450137,0.7813504823151125,21,9,1.24,0.5,469,89,47,17,0.8295819935691319,0.6553044057129025,0.8405017921146953,0.9650205761316872,0.8984674329501916,0.6842337164750958,0.42256573111768664,0.6544117647058824,0.03497942386831276,0.34558823529411764,0.8790698378116679,0.9642155445058822,0.642648693153394,0.1339575669744874
radio,group_disjoint,xgboost,110,11,ok,2186,622,0.7598353156450137,0.7813504823151125,21,9,1.24,0.5,466,82,54,20,0.8360128617363344,0.677953280077463,0.8503649635036497,0.9588477366255144,0.9013539651837524,0.7078198397347333,0.45437815400040876,0.6029411764705882,0.0411522633744856,0.39705882352941174,0.8054496489954005,0.9251105533602776,0.5931655763821613,0.15264831483364105
radio,group_disjoint,xgboost,110,22,ok,2186,622,0.7598353156450137,0.7813504823151125,21,9,1.32,0.5,463,81,55,23,0.8327974276527331,0.678543330912612,0.8511029411764706,0.9526748971193416,0.8990291262135922,0.7065239089011885,0.4456710931136934,0.5955882352941176,0.047325102880658436,0.40441176470588236,0.7773844105543453,0.9073296235697399,0.578905206130568,0.15372031927108765
radio,group_disjoint,hgb,110,11,ok,2186,622,0.7598353156450137,0.7813504823151125,21,9,4.17,0.5,465,89,47,21,0.8231511254019293,0.6511891793754538,0.8393501805054152,0.9567901234567902,0.8942307692307693,0.6775075414781297,0.4005243788227048,0.6544117647058824,0.043209876543209874,0.34558823529411764,0.7535705640280803,0.8835018061976037,0.5528170101164424,0.16910128316266915
radio,group_disjoint,hgb,110,22,ok,2186,622,0.7598353156450137,0.7813504823151125,21,9,5.21,0.5,465,89,47,21,0.8231511254019293,0.6511891793754538,0.8393501805054152,0.9567901234567902,0.8942307692307693,0.6775075414781297,0.4005243788227048,0.6544117647058824,0.043209876543209874,0.34558823529411764,0.7535705640280803,0.8835018061976037,0.5528170101164424,0.16910128316266915
radio,group_disjoint,mlp,110,11,ok,2186,622,0.7598353156450137,0.7813504823151125,21,9,1.52,0.5,474,73,63,12,0.8633440514469454,0.7192719680464779,0.8665447897623401,0.9753086419753086,0.9177153920619555,0.7574358950831104,0.5566425541838734,0.5367647058823529,0.024691358024691357,0.4632352941176471,0.7845104091019125,0.9220050059564644,0.6660949839629042,0.12308715283870697
radio,group_disjoint,mlp,110,22,ok,2186,622,0.7598353156450137,0.7813504823151125,21,9,1.83,0.5,474,75,61,12,0.860128617363344,0.7119190268700073,0.8633879781420765,0.9753086419753086,0.9159420289855073,0.7498370432008876,0.5443020038951619,0.5514705882352942,0.024691358024691357,0.4485294117647059,0.7704853546356814,0.9088590958202026,0.6619171566635706,0.12517794966697693
radio,group_disjoint,majority,111,11,ok,2228,580,0.7540394973070018,0.8051724137931034,23,7,0.04,0.5,467,113,0,0,0.8051724137931034,0.5,0.8051724137931034,1.0,0.89207258834766,0.44603629417383,0.0,1.0,0.0,0.0,0.5,0.8051724137931034,0.19482758620689655,0.19482758620689655
radio,group_disjoint,majority,111,22,ok,2228,580,0.7540394973070018,0.8051724137931034,23,7,0.04,0.5,467,113,0,0,0.8051724137931034,0.5,0.8051724137931034,1.0,0.89207258834766,0.44603629417383,0.0,1.0,0.0,0.0,0.5,0.8051724137931034,0.19482758620689655,0.19482758620689655
radio,group_disjoint,stratified,111,11,ok,2228,580,0.7540394973070018,0.8051724137931034,23,7,0.03,0.5,351,86,27,116,0.6517241379310345,0.49527202440734497,0.8032036613272311,0.7516059957173448,0.7765486725663717,0.49374308628318586,-0.008689487171202161,0.7610619469026548,0.24839400428265523,0.23893805309734514,0.49527202440734497,0.8036926876356705,0.1933900399265062,0.3482758620689655
radio,group_disjoint,stratified,111,22,ok,2228,580,0.7540394973070018,0.8051724137931034,23,7,0.04,0.5,363,84,29,104,0.6758620689655173,0.5169695476682269,0.8120805369127517,0.7773019271948608,0.7943107221006565,0.5150415399121169,0.03197557344382199,0.7433628318584071,0.22269807280513917,0.25663716814159293,0.5169695476682269,0.8105421112073055,0.20078606647837172,0.32413793103448274
radio,group_disjoint,logreg,111,11,ok,2228,580,0.7540394973070018,0.8051724137931034,23,7,0.12,0.5,375,0,113,92,0.8413793103448276,0.9014989293361884,1.0,0.8029978586723768,0.8907363420427553,0.8007140829710632,0.6653030046160283,0.0,0.19700214132762311,1.0,0.9821682363419302,0.9960379071030782,0.9012429426424978,0.10200319499950669
radio,group_disjoint,logreg,111,22,ok,2228,580,0.7540394973070018,0.8051724137931034,23,7,0.11,0.5,375,0,113,92,0.8413793103448276,0.9014989293361884,1.0,0.8029978586723768,0.8907363420427553,0.8007140829710632,0.6653030046160283,0.0,0.19700214132762311,1.0,0.9821682363419302,0.9960379071030782,0.9012429426424978,0.10200319499950669
radio,group_disjoint,tree,111,11,ok,2228,580,0.7540394973070018,0.8051724137931034,23,7,0.1,0.5,417,38,75,50,0.8482758620689655,0.7783252165014876,0.9164835164835164,0.892933618843683,0.9045553145336226,0.7674037076869793,0.5361909856473239,0.336283185840708,0.10706638115631692,0.6637168141592921,0.7818783043717193,0.9057673265868419,0.48034025022886784,0.15078586801720076
radio,group_disjoint,tree,111,22,ok,2228,580,0.7540394973070018,0.8051724137931034,23,7,0.11,0.5,416,38,75,51,0.846551724137931,0.7772545526899244,0.9162995594713657,0.8907922912205567,0.9033659066232356,0.7654904846923709,0.5325901682166589,0.336283185840708,0.10920770877944326,0.6637168141592921,0.7800970229861098,0.9051217183278508,0.47353987303461287,0.15269765993100198
radio,group_disjoint,rf,111,11,ok,2228,580,0.7540394973070018,0.8051724137931034,23,7,1.34,0.5,447,2,111,20,0.9620689655172414,0.9697371662466128,0.9955456570155902,0.9571734475374732,0.9759825327510917,0.942909299162431,0.8898642569463944,0.017699115044247787,0.042826552462526764,0.9823008849557522,0.9903735005969188,0.9978244217562328,0.9565500625331058,0.042996010335046755
radio,group_disjoint,rf,111,22,ok,2228,580,0.7540394973070018,0.8051724137931034,23,7,1.3,0.5,447,2,111,20,0.9620689655172414,0.9697371662466128,0.9955456570155902,0.9571734475374732,0.9759825327510917,0.942909299162431,0.8898642569463944,0.017699115044247787,0.042826552462526764,0.9823008849557522,0.9892933618843683,0.9975672332702795,0.9527108366050099,0.04394285059959637
radio,group_disjoint,xgboost,111,11,ok,2228,580,0.7540394973070018,0.8051724137931034,23,7,1.52,0.5,417,0,113,50,0.9137931034482759,0.9464668094218416,1.0,0.892933618843683,0.9434389140271493,0.881139746868647,0.7867830709881051,0.0,0.10706638115631692,1.0,0.9932538704970533,0.9984104574505325,0.9729397603330046,0.06929945945739746
radio,group_disjoint,xgboost,111,22,ok,2228,580,0.7540394973070018,0.8051724137931034,23,7,1.62,0.5,414,0,113,53,0.9086206896551724,0.943254817987152,1.0,0.8865096359743041,0.9398410896708286,0.8749384659823677,0.7768316437953499,0.0,0.11349036402569593,1.0,0.994504557427375,0.9987091367686609,0.9775878163382614,0.06852136552333832
radio,group_disjoint,hgb,111,11,ok,2228,580,0.7540394973070018,0.8051724137931034,23,7,6.4,0.5,423,0,113,44,0.9241379310344827,0.9528907922912205,1.0,0.9057815845824411,0.950561797752809,0.8937994173949231,0.8074230418566961,0.0,0.09421841541755889,1.0,0.9952625495063577,0.9988542184246696,0.982606943265208,0.06678110849504867
radio,group_disjoint,hgb,111,22,ok,2228,580,0.7540394973070018,0.8051724137931034,23,7,5.96,0.5,423,0,113,44,0.9241379310344827,0.9528907922912205,1.0,0.9057815845824411,0.950561797752809,0.8937994173949231,0.8074230418566961,0.0,0.09421841541755889,1.0,0.9952625495063577,0.9988542184246696,0.982606943265208,0.06678110849504867
radio,group_disjoint,mlp,111,11,ok,2228,580,0.7540394973070018,0.8051724137931034,23,7,1.74,0.5,446,1,112,21,0.9620689655172414,0.9730912811961114,0.9977628635346756,0.9550321199143469,0.975929978118162,0.9432495419046094,0.8914418523860838,0.008849557522123894,0.044967880085653104,0.9911504424778761,0.9974228269314586,0.9993700230201037,0.9908011195297847,0.032710060477256775
radio,group_disjoint,mlp,111,22,ok,2228,580,0.7540394973070018,0.8051724137931034,23,7,3.18,0.5,439,1,112,28,0.95,0.9655966345151693,0.9977272727272727,0.9400428265524625,0.9680264608599779,0.9267009774655621,0.8618806569853888,0.008849557522123894,0.059957173447537475,0.9911504424778761,0.9984840158420345,0.9996313297860702,0.9943558601835776,0.0322323776781559
radio,group_disjoint,majority,112,11,ok,2210,598,0.7687782805429865,0.7491638795986622,24,6,0.03,0.5,448,150,0,0,0.7491638795986622,0.5,0.7491638795986622,1.0,0.8565965583173997,0.42829827915869984,0.0,1.0,0.0,0.0,0.5,0.7491638795986622,0.2508361204013378,0.2508361204013378
radio,group_disjoint,majority,112,22,ok,2210,598,0.7687782805429865,0.7491638795986622,24,6,0.03,0.5,448,150,0,0,0.7491638795986622,0.5,0.7491638795986622,1.0,0.8565965583173997,0.42829827915869984,0.0,1.0,0.0,0.0,0.5,0.7491638795986622,0.2508361204013378,0.2508361204013378
radio,group_disjoint,stratified,112,11,ok,2210,598,0.7687782805429865,0.7491638795986622,24,6,0.03,0.5,349,116,34,99,0.6404682274247492,0.5028422619047619,0.7505376344086021,0.7790178571428571,0.764512595837897,0.5023976406751323,0.005925519469934238,0.7733333333333333,0.22098214285714285,0.22666666666666666,0.5028422619047619,0.7502340591269413,0.25192479526575634,0.3595317725752508
radio,group_disjoint,stratified,112,22,ok,2210,598,0.7687782805429865,0.7491638795986622,24,6,0.03,0.5,353,115,35,95,0.6488294314381271,0.510639880952381,0.7542735042735043,0.7879464285714286,0.7707423580786026,0.5103711790393013,0.02236437667173722,0.7666666666666667,0.21205357142857142,0.23333333333333334,0.5106398809523809,0.7531899901125445,0.2551282051282051,0.3511705685618729
radio,group_disjoint,logreg,112,11,ok,2210,598,0.7687782805429865,0.7491638795986622,24,6,0.12,0.5,328,2,148,120,0.7959866220735786,0.8594047619047619,0.9939393939393939,0.7321428571428571,0.8431876606683805,0.7756608159801233,0.6265764851892557,0.013333333333333334,0.26785714285714285,0.9866666666666667,0.9679910714285715,0.9894855877890689,0.9023862091803737,0.13256844950809005
radio,group_disjoint,logreg,112,22,ok,2210,598,0.7687782805429865,0.7491638795986622,24,6,0.11,0.5,328,2,148,120,0.7959866220735786,0.8594047619047619,0.9939393939393939,0.7321428571428571,0.8431876606683805,0.7756608159801233,0.6265764851892557,0.013333333333333334,0.26785714285714285,0.9866666666666667,0.9679910714285715,0.9894855877890689,0.9023862091803737,0.13256844950809005
radio,group_disjoint,tree,112,11,ok,2210,598,0.7687782805429865,0.7491638795986622,24,6,0.11,0.5,373,6,144,75,0.8645484949832776,0.8962946428571428,0.9841688654353562,0.8325892857142857,0.9020556227327691,0.8412717138054089,0.7131668887358652,0.04,0.16741071428571427,0.96,0.8962946428571428,0.944826512895731,0.6412663215283823,0.1354515050167224
radio,group_disjoint,tree,112,22,ok,2210,598,0.7687782805429865,0.7491638795986622,24,6,0.1,0.5,376,5,145,72,0.8712374581939799,0.9029761904761905,0.9868766404199475,0.8392857142857143,0.9071170084439083,0.8486538720693656,0.7266104915926458,0.03333333333333333,0.16071428571428573,0.9666666666666667,0.9029761904761905,0.9486728038593837,0.6542905434911045,0.12876254180602006
radio,group_disjoint,rf,112,11,ok,2210,598,0.7687782805429865,0.7491638795986622,24,6,1.31,0.5,426,2,148,22,0.959866220735786,0.9687797619047619,0.9953271028037384,0.9508928571428571,0.9726027397260274,0.9488013698630138,0.9010256223029335,0.013333333333333334,0.049107142857142856,0.9866666666666667,0.9933184523809524,0.9978623937957372,0.979788391632219,0.047928206140525044
radio,group_disjoint,rf,112,22,ok,2210,598,0.7687782805429865,0.7491638795986622,24,6,1.34,0.5,427,3,147,21,0.959866220735786,0.9665625,0.9930232558139535,0.953125,0.9726651480637813,0.9485967249752869,0.8999856668755316,0.02,0.046875,0.98,0.9929910714285713,0.9977572966503048,0.9788144437987163,0.04717706089631452
radio,group_disjoint,xgboost,112,11,ok,2210,598,0.7687782805429865,0.7491638795986622,24,6,1.41,0.5,390,0,150,58,0.903010033444816,0.9352678571428572,1.0,0.8705357142857143,0.9307875894988067,0.8843882081572245,0.7923321138079843,0.0,0.12946428571428573,1.0,0.9922767857142858,0.9975028104416698,0.9772262467166686,0.07123854011297226
radio,group_disjoint,xgboost,112,22,ok,2210,598,0.7687782805429865,0.7491638795986622,24,6,1.3,0.5,393,1,149,55,0.9063545150501672,0.9352827380952381,0.9974619289340102,0.8772321428571429,0.9334916864608076,0.8876497980326636,0.79601798899198,0.006666666666666667,0.12276785714285714,0.9933333333333333,0.9905208333333333,0.9968815218541994,0.9736239120514555,0.07444805651903152
radio,group_disjoint,hgb,112,11,ok,2210,598,0.7687782805429865,0.7491638795986622,24,6,5.03,0.5,402,2,148,46,0.919732441471572,0.9419940476190476,0.995049504950495,0.8973214285714286,0.9436619718309859,0.9020635440550278,0.8185392427395973,0.013333333333333334,0.10267857142857142,0.9866666666666667,0.9914136904761905,0.9972389443686399,0.9743924576586831,0.0662720357303548
radio,group_disjoint,hgb,112,22,ok,2210,598,0.7687782805429865,0.7491638795986622,24,6,5.09,0.5,402,2,148,46,0.919732441471572,0.9419940476190476,0.995049504950495,0.8973214285714286,0.9436619718309859,0.9020635440550278,0.8185392427395973,0.013333333333333334,0.10267857142857142,0.9866666666666667,0.9914136904761905,0.9972389443686399,0.9743924576586831,0.0662720357303548
radio,group_disjoint,mlp,112,11,ok,2210,598,0.7687782805429865,0.7491638795986622,24,6,1.4,0.5,421,4,146,27,0.9481605351170569,0.9565327380952382,0.9905882352941177,0.9397321428571429,0.9644902634593356,0.9342575156305966,0.8729091421564577,0.02666666666666667,0.060267857142857144,0.9733333333333334,0.9895684523809524,0.9967405332748895,0.9654313761105904,0.04700127989053726
radio,group_disjoint,mlp,112,22,ok,2210,598,0.7687782805429865,0.7491638795986622,24,6,1.96,0.5,403,6,144,45,0.9147157190635451,0.9297767857142857,0.9853300733496333,0.8995535714285714,0.94049008168028,0.8950238019020869,0.8014289558898877,0.04,0.10044642857142858,0.96,0.9751190476190477,0.9918720449931209,0.9286213870441279,0.0683642104268074
radio,group_disjoint,majority,113,11,ok,2196,612,0.7745901639344263,0.7287581699346405,20,10,0.04,0.5,446,166,0,0,0.7287581699346405,0.5,0.7287581699346405,1.0,0.8431001890359168,0.4215500945179584,0.0,1.0,0.0,0.0,0.5,0.7287581699346405,0.27124183006535946,0.27124183006535946
radio,group_disjoint,majority,113,22,ok,2196,612,0.7745901639344263,0.7287581699346405,20,10,0.04,0.5,446,166,0,0,0.7287581699346405,0.5,0.7287581699346405,1.0,0.8431001890359168,0.4215500945179584,0.0,1.0,0.0,0.0,0.5,0.7287581699346405,0.27124183006535946,0.27124183006535946
radio,group_disjoint,stratified,113,11,ok,2196,612,0.7745901639344263,0.7287581699346405,20,10,0.04,0.5,350,128,38,96,0.6339869281045751,0.506834512939651,0.7322175732217573,0.7847533632286996,0.7575757575757576,0.5054545454545455,0.014695781685299931,0.7710843373493976,0.21524663677130046,0.2289156626506024,0.506834512939651,0.7314729482989698,0.2740667087430788,0.3660130718954248
radio,group_disjoint,stratified,113,22,ok,2196,612,0.7745901639344263,0.7287581699346405,20,10,0.03,0.5,360,128,38,86,0.6503267973856209,0.5180452752714896,0.7377049180327869,0.8071748878923767,0.7708779443254818,0.5164734549213617,0.039920339572062584,0.7710843373493976,0.19282511210762332,0.2289156626506024,0.5180452752714895,0.7359797603277631,0.27930190083547346,0.34967320261437906
radio,group_disjoint,logreg,113,11,ok,2196,612,0.7745901639344263,0.7287581699346405,20,10,0.09,0.5,319,3,163,127,0.7875816993464052,0.848587173807337,0.9906832298136646,0.7152466367713004,0.8307291666666666,0.7728207236842105,0.6207774570427015,0.018072289156626505,0.28475336322869954,0.9819277108433735,0.9669079907072234,0.9878126873548205,0.8970497926687504,0.13785225827873634
radio,group_disjoint,logreg,113,22,ok,2196,612,0.7745901639344263,0.7287581699346405,20,10,0.09,0.5,319,3,163,127,0.7875816993464052,0.848587173807337,0.9906832298136646,0.7152466367713004,0.8307291666666666,0.7728207236842105,0.6207774570427015,0.018072289156626505,0.28475336322869954,0.9819277108433735,0.9669079907072234,0.9878126873548205,0.8970497926687504,0.13785225827873634
radio,group_disjoint,tree,113,11,ok,2196,612,0.7745901639344263,0.7287581699346405,20,10,0.11,0.5,408,12,154,38,0.9183006535947712,0.9212545248257604,0.9714285714285714,0.9147982062780269,0.9422632794457275,0.9012992374882269,0.8072736709289423,0.07228915662650602,0.08520179372197309,0.927710843373494,0.9353827867523907,0.9575712520828629,0.8313548310890622,0.08178589209996513
radio,group_disjoint,tree,113,22,ok,2196,612,0.7745901639344263,0.7287581699346405,20,10,0.12,0.5,410,14,152,36,0.9183006535947712,0.917472580906586,0.9669811320754716,0.9192825112107623,0.9425287356321839,0.9006428988895383,0.8046695605645555,0.08433734939759036,0.08071748878923767,0.9156626506024096,0.9309660165324977,0.9541282854693061,0.8320660663630354,0.08178589209996513
radio,group_disjoint,rf,113,11,ok,2196,612,0.7745901639344263,0.7287581699346405,20,10,1.29,0.5,423,2,164,23,0.9591503267973857,0.968191150251229,0.9952941176470588,0.9484304932735426,0.9712973593570609,0.9502379148060092,0.9037730799205608,0.012048192771084338,0.0515695067264574,0.9879518072289156,0.9920444108271651,0.9972383887726979,0.9770194833727486,0.04958414300447243
radio,group_disjoint,rf,113,22,ok,2196,612,0.7745901639344263,0.7287581699346405,20,10,1.25,0.5,426,1,165,20,0.9656862745098039,0.9745664271435518,0.9976580796252927,0.9551569506726457,0.9759450171821306,0.9580579786765353,0.9188585873229445,0.006024096385542169,0.04484304932735426,0.9939759036144579,0.9940299313847317,0.9978865962945794,0.9836403677930148,0.044551792280218015
radio,group_disjoint,xgboost,113,11,ok,2196,612,0.7745901639344263,0.7287581699346405,20,10,2.26,0.5,401,0,166,45,0.9264705882352942,0.9495515695067265,1.0,0.899103139013453,0.9468713105076741,0.9137539576411049,0.8410417853599691,0.0,0.10089686098654709,1.0,0.9911799665027824,0.9968792746512436,0.9760725023087065,0.05697118118405342
radio,group_disjoint,xgboost,113,22,ok,2196,612,0.7745901639344263,0.7287581699346405,20,10,1.35,0.5,400,1,165,46,0.923202614379085,0.9454184450807716,0.9975062344139651,0.8968609865470852,0.9445100354191264,0.9099208002029319,0.8333093457866089,0.006024096385542169,0.1031390134529148,0.9939759036144579,0.9906667026851801,0.9967091237723664,0.9744767705156976,0.05977322533726692
radio,group_disjoint,hgb,113,11,ok,2196,612,0.7745901639344263,0.7287581699346405,20,10,4.86,0.5,408,2,164,38,0.934640522875817,0.9513750067534712,0.9951219512195122,0.9147982062780269,0.9532710280373832,0.922287687931735,0.8535350578258735,0.012048192771084338,0.08520179372197309,0.9879518072289156,0.9929358690366848,0.9975442247693758,0.9795799625583277,0.053730543480207706
radio,group_disjoint,hgb,113,22,ok,2196,612,0.7745901639344263,0.7287581699346405,20,10,5.07,0.5,408,2,164,38,0.934640522875817,0.9513750067534712,0.9951219512195122,0.9147982062780269,0.9532710280373832,0.922287687931735,0.8535350578258735,0.012048192771084338,0.08520179372197309,0.9879518072289156,0.9929358690366848,0.9975442247693758,0.9795799625583277,0.053730543480207706
radio,group_disjoint,mlp,113,11,ok,2196,612,0.7745901639344263,0.7287581699346405,20,10,1.47,0.5,404,5,161,42,0.923202614379085,0.9378545572424226,0.9877750611246944,0.905829596412556,0.9450292397660819,0.9088289830266724,0.8269355645921919,0.030120481927710843,0.09417040358744394,0.9698795180722891,0.9846696201847751,0.9947080686677735,0.9471322595241329,0.051667965948581696
radio,group_disjoint,mlp,113,22,ok,2196,612,0.7745901639344263,0.7287581699346405,20,10,1.23,0.5,414,5,161,32,0.9395424836601307,0.9490653195742611,0.9880668257756563,0.9282511210762332,0.9572254335260115,0.9270806833368219,0.8593603654279969,0.030120481927710843,0.07174887892376682,0.9698795180722891,0.9858177103030957,0.9952114801699959,0.9439897084597553,0.04579302296042442
radio,group_disjoint,majority,114,11,ok,2171,637,0.7627821280515892,0.7708006279434851,26,4,0.03,0.5,491,146,0,0,0.7708006279434851,0.5,0.7708006279434851,1.0,0.8705673758865248,0.4352836879432624,0.0,1.0,0.0,0.0,0.5,0.7708006279434851,0.22919937205651492,0.22919937205651492
radio,group_disjoint,majority,114,22,ok,2171,637,0.7627821280515892,0.7708006279434851,26,4,0.03,0.5,491,146,0,0,0.7708006279434851,0.5,0.7708006279434851,1.0,0.8705673758865248,0.4352836879432624,0.0,1.0,0.0,0.0,0.5,0.7708006279434851,0.22919937205651492,0.22919937205651492
radio,group_disjoint,stratified,114,11,ok,2171,637,0.7627821280515892,0.7708006279434851,26,4,0.03,0.5,377,104,42,114,0.6577708006279435,0.5277460034037329,0.7837837837837838,0.7678207739307535,0.7757201646090535,0.5269329299866459,0.054239136578473825,0.7123287671232876,0.23217922606924643,0.2876712328767123,0.5277460034037329,0.7807693647088468,0.24071525343540998,0.34222919937205654
radio,group_disjoint,stratified,114,22,ok,2171,637,0.7627821280515892,0.7708006279434851,26,4,0.04,0.5,381,117,29,110,0.6436420722135008,0.4872987752141283,0.7650602409638554,0.7759674134419552,0.7704752275025278,0.4869919997161762,-0.025850604326456347,0.8013698630136986,0.2240325865580448,0.19863013698630136,0.4872987752141283,0.766346274706746,0.22511428933453742,0.3563579277864992
radio,group_disjoint,logreg,114,11,ok,2171,637,0.7627821280515892,0.7708006279434851,26,4,0.07,0.5,400,127,19,91,0.6577708006279435,0.4724004687107664,0.7590132827324478,0.814663951120163,0.7858546168958742,0.4671460584479371,-0.0613828750609671,0.8698630136986302,0.18533604887983707,0.13013698630136986,0.39811120720921794,0.7670284518572958,0.20337751225526401,0.29520414523685556
radio,group_disjoint,logreg,114,22,ok,2171,637,0.7627821280515892,0.7708006279434851,26,4,0.07,0.5,400,127,19,91,0.6577708006279435,0.4724004687107664,0.7590132827324478,0.814663951120163,0.7858546168958742,0.4671460584479371,-0.0613828750609671,0.8698630136986302,0.18533604887983707,0.13013698630136986,0.39811120720921794,0.7670284518572958,0.20337751225526401,0.29520414523685556
radio,group_disjoint,tree,114,11,ok,2171,637,0.7627821280515892,0.7708006279434851,26,4,0.1,0.5,469,123,23,22,0.7723704866562009,0.5563638646318667,0.7922297297297297,0.955193482688391,0.866112650046168,0.5534751731906232,0.18491869613681464,0.8424657534246576,0.04480651731160896,0.15753424657534246,0.5563638646318667,0.7912695663095721,0.27361012546922525,0.22762951334379905
radio,group_disjoint,tree,114,22,ok,2171,637,0.7627821280515892,0.7708006279434851,26,4,0.09,0.5,470,123,23,21,0.7739403453689168,0.557382194570767,0.7925801011804384,0.9572301425661914,0.8671586715867159,0.5546319673723054,0.1902263340295967,0.8424657534246576,0.04276985743380855,0.15753424657534246,0.5573821945707669,0.7916485962151104,0.2754400687375247,0.2260596546310832
radio,group_disjoint,rf,114,11,ok,2171,637,0.7627821280515892,0.7708006279434851,26,4,1.2,0.5,420,125,21,71,0.6923076923076923,0.49961638255726365,0.7706422018348624,0.8553971486761711,0.8108108108108109,0.4936406995230525,-0.0009173886247014312,0.8561643835616438,0.1446028513238289,0.14383561643835616,0.4100870462851881,0.7212113687799961,0.24272676286953518,0.23332750317947085
radio,group_disjoint,rf,114,22,ok,2171,637,0.7627821280515892,0.7708006279434851,26,4,1.24,0.5,433,123,23,58,0.7158555729984302,0.5197039868314595,0.7787769784172662,0.8818737270875764,0.8271251193887297,0.5148841455974486,0.04971888413200534,0.8424657534246576,0.11812627291242363,0.15753424657534246,0.42773344865106155,0.7309387165141754,0.2806768716974486,0.23121844815632756
radio,group_disjoint,xgboost,114,11,ok,2171,637,0.7627821280515892,0.7708006279434851,26,4,1.02,0.5,414,123,23,77,0.6860282574568289,0.5003557179923556,0.770949720670391,0.8431771894093686,0.8054474708171206,0.4962196703679099,0.0008219887227572845,0.8424657534246576,0.15682281059063136,0.15753424657534246,0.26212928605306474,0.6458691126744847,0.19301693885549487,0.27165359258651733
radio,group_disjoint,xgboost,114,22,ok,2171,637,0.7627821280515892,0.7708006279434851,26,4,0.89,0.5,424,123,23,67,0.7017268445839875,0.5105390173813577,0.7751371115173674,0.8635437881873728,0.8169556840077071,0.5059354691224976,0.025435036927897604,0.8424657534246576,0.1364562118126273,0.15753424657534246,0.27254973077030387,0.648802380822477,0.2183469892191431,0.2592094838619232
radio,group_disjoint,hgb,114,11,ok,2171,637,0.7627821280515892,0.7708006279434851,26,4,3.35,0.5,459,128,18,32,0.7488226059654631,0.5290572775716318,0.7819420783645656,0.9348268839103869,0.8515769944341373,0.5176252319109462,0.09082345919566708,0.8767123287671232,0.06517311608961303,0.1232876712328767,0.309642050051614,0.6618572760576584,0.25450452266057744,0.23686735669241996
radio,group_disjoint,hgb,114,22,ok,2171,637,0.7627821280515892,0.7708006279434851,26,4,4.2,0.5,459,128,18,32,0.7488226059654631,0.5290572775716318,0.7819420783645656,0.9348268839103869,0.8515769944341373,0.5176252319109462,0.09082345919566708,0.8767123287671232,0.06517311608961303,0.1232876712328767,0.309642050051614,0.6618572760576584,0.25450452266057744,0.23686735669241996
radio,group_disjoint,mlp,114,11,ok,2171,637,0.7627821280515892,0.7708006279434851,26,4,1.43,0.5,447,127,19,44,0.7315541601255887,0.520261975839076,0.7787456445993032,0.9103869653767821,0.8394366197183099,0.5106274007682459,0.05705618660083716,0.8698630136986302,0.08961303462321792,0.13013698630136986,0.4220907848115392,0.7721508352881636,0.24443787117349192,0.24069321155548096
radio,group_disjoint,mlp,114,22,ok,2171,637,0.7627821280515892,0.7708006279434851,26,4,0.87,0.5,410,130,16,81,0.6687598116169545,0.47230979549702873,0.7592592592592593,0.835030549898167,0.7953443258971872,0.4635157843477705,-0.06478740511004681,0.8904109589041096,0.164969450101833,0.1095890410958904,0.3588427307982033,0.7551072912762078,0.17800688603954995,0.29339781403541565
radio,group_disjoint,majority,115,11,ok,2215,593,0.7521444695259594,0.8111298482293423,21,9,0.03,0.5,481,112,0,0,0.8111298482293423,0.5,0.8111298482293423,1.0,0.8957169459962756,0.4478584729981378,0.0,1.0,0.0,0.0,0.5,0.8111298482293423,0.18887015177065766,0.18887015177065766
radio,group_disjoint,majority,115,22,ok,2215,593,0.7521444695259594,0.8111298482293423,21,9,0.04,0.5,481,112,0,0,0.8111298482293423,0.5,0.8111298482293423,1.0,0.8957169459962756,0.4478584729981378,0.0,1.0,0.0,0.0,0.5,0.8111298482293423,0.18887015177065766,0.18887015177065766
radio,group_disjoint,stratified,115,11,ok,2215,593,0.7521444695259594,0.8111298482293423,21,9,0.03,0.5,359,85,27,122,0.6509274873524452,0.4937165874665875,0.8085585585585585,0.7463617463617463,0.7762162162162162,0.49155638397017704,-0.011340246633002746,0.7589285714285714,0.25363825363825365,0.24107142857142858,0.4937165874665874,0.8092107359802543,0.1870230388408065,0.3490725126475548
radio,group_disjoint,stratified,115,22,ok,2215,593,0.7521444695259594,0.8111298482293423,21,9,0.04,0.5,375,83,29,106,0.6812816188870152,0.5192771755271756,0.8187772925764192,0.7796257796257796,0.7987220447284346,0.5167699292468084,0.035987802114287246,0.7410714285714286,0.2203742203742204,0.25892857142857145,0.5192771755271754,0.8170919929905769,0.19558796630887693,0.31871838111298484
radio,group_disjoint,logreg,115,11,ok,2215,593,0.7521444695259594,0.8111298482293423,21,9,0.09,0.5,423,2,110,58,0.8988195615514334,0.9307803682803683,0.9952941176470588,0.8794178794178794,0.9337748344370861,0.8597445600756859,0.7483733997627183,0.017857142857142856,0.12058212058212059,0.9821428571428571,0.9903846153846154,0.9977942555808144,0.9610344129792101,0.07057947504674417
radio,group_disjoint,logreg,115,22,ok,2215,593,0.7521444695259594,0.8111298482293423,21,9,0.08,0.5,423,2,110,58,0.8988195615514334,0.9307803682803683,0.9952941176470588,0.8794178794178794,0.9337748344370861,0.8597445600756859,0.7483733997627183,0.017857142857142856,0.12058212058212059,0.9821428571428571,0.9903846153846154,0.9977942555808144,0.9610344129792101,0.07057947504674417
radio,group_disjoint,tree,115,11,ok,2215,593,0.7521444695259594,0.8111298482293423,21,9,0.11,0.5,443,3,109,38,0.9308600337268128,0.9471061033561033,0.9932735426008968,0.920997920997921,0.9557713052858684,0.898735073492355,0.8105803041184603,0.026785714285714284,0.079002079002079,0.9732142857142857,0.952572765072765,0.98073124537704,0.7627758586571223,0.0692664657248661
radio,group_disjoint,tree,115,22,ok,2215,593,0.7521444695259594,0.8111298482293423,21,9,0.13,0.5,445,3,109,36,0.9342327150084317,0.9491851054351055,0.9933035714285714,0.9251559251559252,0.9580193756727664,0.9031342014550603,0.8181141120659998,0.026785714285714284,0.07484407484407485,0.9732142857142857,0.9546517671517671,0.9815203655268839,0.7737572620880597,0.06589378444324721
radio,group_disjoint,rf,115,11,ok,2215,593,0.7521444695259594,0.8111298482293423,21,9,1.17,0.5,476,0,112,5,0.9915682967959528,0.9948024948024948,1.0,0.9896049896049897,0.9947753396029259,0.9864706392337773,0.973300661709119,0.0,0.010395010395010396,1.0,0.9998700623700624,0.9999698693127547,0.9994496141569365,0.023785945563623977
radio,group_disjoint,rf,115,22,ok,2215,593,0.7521444695259594,0.8111298482293423,21,9,1.23,0.5,477,0,112,4,0.9932546374367622,0.9958419958419958,1.0,0.9916839916839917,0.9958246346555324,0.9891403875032048,0.9785131537034903,0.0,0.008316008316008316,1.0,0.9998143748143749,0.9999569204235053,0.9992201141012433,0.021079351551111472
radio,group_disjoint,xgboost,115,11,ok,2215,593,0.7521444695259594,0.8111298482293423,21,9,1.42,0.5,473,0,112,8,0.9865092748735245,0.9916839916839917,1.0,0.9833679833679834,0.9916142557651991,0.9785657485722548,0.9580240695358953,0.0,0.016632016632016633,1.0,0.9998143748143749,0.9999570535340419,0.9992095972333027,0.014056216925382614
radio,group_disjoint,xgboost,115,22,ok,2215,593,0.7521444695259594,0.8111298482293423,21,9,1.32,0.5,470,0,112,11,0.9814502529510961,0.9885654885654886,1.0,0.9771309771309772,0.9884332281808622,0.9708123587712822,0.9432631022091251,0.0,0.02286902286902287,1.0,0.9997586872586872,0.999944122246407,0.9989793317846597,0.015737658366560936
radio,group_disjoint,hgb,115,11,ok,2215,593,0.7521444695259594,0.8111298482293423,21,9,5.05,0.5,475,0,112,6,0.9898819561551433,0.9937629937629937,1.0,0.9875259875259875,0.9937238493723849,0.9838184464253229,0.968149162949378,0.0,0.012474012474012475,1.0,0.9997958122958123,0.9999528014040086,0.9991288973500101,0.010476583249713746
radio,group_disjoint,hgb,115,22,ok,2215,593,0.7521444695259594,0.8111298482293423,21,9,5.05,0.5,475,0,112,6,0.9898819561551433,0.9937629937629937,1.0,0.9875259875259875,0.9937238493723849,0.9838184464253229,0.968149162949378,0.0,0.012474012474012475,1.0,0.9997958122958123,0.9999528014040086,0.9991288973500101,0.010476583249713746
radio,group_disjoint,mlp,115,11,ok,2215,593,0.7521444695259594,0.8111298482293423,21,9,1.73,0.5,466,3,109,15,0.96964586846543,0.9710146272646273,0.9936034115138592,0.9688149688149689,0.9810526315789474,0.9523907225691347,0.9066688090414018,0.026785714285714284,0.031185031185031187,0.9732142857142857,0.9960647460647462,0.9991040013740233,0.9833575566133657,0.02385842613875866
radio,group_disjoint,mlp,115,22,ok,2215,593,0.7521444695259594,0.8111298482293423,21,9,2.34,0.5,463,1,111,18,0.9679595278246206,0.9768246955746955,0.9978448275862069,0.9625779625779626,0.9798941798941799,0.9505280028101605,0.9047246848542319,0.008928571428571428,0.037422037422037424,0.9910714285714286,0.9967701217701217,0.9992687759047143,0.9859632985379996,0.027661073952913284
radio,group_disjoint,majority,116,11,ok,2225,583,0.7644943820224719,0.7650085763293311,21,9,0.11,0.5,446,137,0,0,0.7650085763293311,0.5,0.7650085763293311,1.0,0.8668610301263362,0.4334305150631681,0.0,1.0,0.0,0.0,0.5,0.7650085763293311,0.23499142367066894,0.23499142367066894
radio,group_disjoint,majority,116,22,ok,2225,583,0.7644943820224719,0.7650085763293311,21,9,0.06,0.5,446,137,0,0,0.7650085763293311,0.5,0.7650085763293311,1.0,0.8668610301263362,0.4334305150631681,0.0,1.0,0.0,0.0,0.5,0.7650085763293311,0.23499142367066894,0.23499142367066894
radio,group_disjoint,stratified,116,11,ok,2225,583,0.7644943820224719,0.7650085763293311,21,9,0.03,0.5,343,105,32,103,0.6432246998284734,0.501317469149946,0.765625,0.7690582959641256,0.767337807606264,0.5013159626266614,0.002648453009705829,0.7664233576642335,0.23094170403587444,0.23357664233576642,0.501317469149946,0.7654826420670876,0.23546923117230237,0.3567753001715266
radio,group_disjoint,stratified,116,22,ok,2225,583,0.7644943820224719,0.7650085763293311,21,9,0.03,0.5,350,104,33,96,0.6569468267581475,0.5128146378187294,0.7709251101321586,0.7847533632286996,0.7777777777777778,0.5129490392648287,0.026178289321843105,0.7591240875912408,0.21524663677130046,0.24087591240875914,0.5128146378187294,0.7696515961297563,0.24000706953916678,0.34305317324185247
radio,group_disjoint,logreg,116,11,ok,2225,583,0.7644943820224719,0.7650085763293311,21,9,0.09,0.5,372,19,118,74,0.8404802744425386,0.8476972930509639,0.9514066496163683,0.8340807174887892,0.8888888888888888,0.8031070584262073,0.6273646227921567,0.1386861313868613,0.16591928251121077,0.8613138686131386,0.9283656836110111,0.9668915647472703,0.8957659089920894,0.1073539165041808
radio,group_disjoint,logreg,116,22,ok,2225,583,0.7644943820224719,0.7650085763293311,21,9,0.09,0.5,372,19,118,74,0.8404802744425386,0.8476972930509639,0.9514066496163683,0.8340807174887892,0.8888888888888888,0.8031070584262073,0.6273646227921567,0.1386861313868613,0.16591928251121077,0.8613138686131386,0.9283656836110111,0.9668915647472703,0.8957659089920894,0.1073539165041808
radio,group_disjoint,tree,116,11,ok,2225,583,0.7644943820224719,0.7650085763293311,21,9,0.1,0.5,408,29,108,38,0.8850771869639794,0.8515596870806192,0.9336384439359268,0.9147982062780269,0.9241223103057757,0.8436865968490009,0.6880811039886241,0.2116788321167883,0.08520179372197309,0.7883211678832117,0.8515596870806194,0.9192708767407459,0.6328843959514855,0.11492281303602059
radio,group_disjoint,tree,116,22,ok,2225,583,0.7644943820224719,0.7650085763293311,21,9,0.1,0.5,408,26,111,38,0.8902229845626072,0.8625085921901083,0.9400921658986175,0.9147982062780269,0.9272727272727272,0.8517482517482518,0.7047547543117695,0.1897810218978102,0.08520179372197309,0.8102189781021898,0.8625085921901083,0.9251747300160326,0.6481828626512601,0.1097770154373928
radio,group_disjoint,rf,116,11,ok,2225,583,0.7644943820224719,0.7650085763293311,21,9,1.25,0.5,427,27,110,19,0.9210977701543739,0.8801594055841053,0.9405286343612335,0.9573991031390134,0.9488888888888889,0.8879782790309105,0.7766058665548308,0.19708029197080293,0.042600896860986545,0.8029197080291971,0.9631763281070996,0.9880495737401884,0.914499861282076,0.06083538147355431
radio,group_disjoint,rf,116,22,ok,2225,583,0.7644943820224719,0.7650085763293311,21,9,1.28,0.5,430,30,107,16,0.9210977701543739,0.8725737291741678,0.9347826086956522,0.9641255605381166,0.9492273730684326,0.8861521480726778,0.7743520738645526,0.21897810218978103,0.03587443946188341,0.781021897810219,0.9657949003305948,0.98920057986591,0.9131247980610147,0.06049467120837369
radio,group_disjoint,xgboost,116,11,ok,2225,583,0.7644943820224719,0.7650085763293311,21,9,1.31,0.5,410,26,111,36,0.8936535162950258,0.8647507446564761,0.9403669724770642,0.9192825112107623,0.9297052154195011,0.8556976781322858,0.7122820234770338,0.1897810218978102,0.08071748878923767,0.8102189781021898,0.9535039769565643,0.9852957231191322,0.886134708681633,0.08732328563928604
radio,group_disjoint,xgboost,116,22,ok,2225,583,0.7644943820224719,0.7650085763293311,21,9,1.37,0.5,409,26,111,37,0.8919382504288165,0.8636296684232923,0.9402298850574713,0.9170403587443946,0.9284903518728718,0.8537188601469622,0.7085027371002816,0.1897810218978102,0.08295964125560538,0.8102189781021898,0.9495761186213219,0.9838518906271096,0.8809628226238778,0.08898192644119263
radio,group_disjoint,hgb,116,11,ok,2225,583,0.7644943820224719,0.7650085763293311,21,9,6.3,0.5,419,28,109,27,0.9056603773584906,0.8675411606821382,0.9373601789709173,0.9394618834080718,0.9384098544232923,0.8684723264790455,0.7369541610258341,0.20437956204379562,0.06053811659192825,0.7956204379562044,0.9533403161925958,0.9848862403518466,0.8950866556659771,0.08663438972557463
radio,group_disjoint,hgb,116,22,ok,2225,583,0.7644943820224719,0.7650085763293311,21,9,5.06,0.5,419,28,109,27,0.9056603773584906,0.8675411606821382,0.9373601789709173,0.9394618834080718,0.9384098544232923,0.8684723264790455,0.7369541610258341,0.20437956204379562,0.06053811659192825,0.7956204379562044,0.9533403161925958,0.9848862403518466,0.8950866556659771,0.08663438972557463
radio,group_disjoint,mlp,116,11,ok,2225,583,0.7644943820224719,0.7650085763293311,21,9,1.89,0.5,434,26,111,12,0.934819897084048,0.8916565742528886,0.9434782608695652,0.9730941704035875,0.9580573951434879,0.9059517744948209,0.8140135945377821,0.1897810218978102,0.026905829596412557,0.8102189781021898,0.9546332362279468,0.9754715380231614,0.9364991534295022,0.04647177830338478
radio,group_disjoint,mlp,116,22,ok,2225,583,0.7644943820224719,0.7650085763293311,21,9,1.7,0.5,434,20,117,12,0.9451114922813036,0.9135543844718668,0.9559471365638766,0.9730941704035875,0.9644444444444444,0.9220718462823726,0.8448265553941934,0.145985401459854,0.026905829596412557,0.8540145985401459,0.9661385879349285,0.9850805893526446,0.9494583230506353,0.03986195847392082
radio,group_disjoint,majority,117,11,ok,2183,625,0.7585890975721484,0.7856,22,8,0.03,0.5,491,134,0,0,0.7856,0.5,0.7856,1.0,0.8799283154121864,0.4399641577060932,0.0,1.0,0.0,0.0,0.5,0.7856,0.2144,0.2144
radio,group_disjoint,majority,117,22,ok,2183,625,0.7585890975721484,0.7856,22,8,0.03,0.5,491,134,0,0,0.7856,0.5,0.7856,1.0,0.8799283154121864,0.4399641577060932,0.0,1.0,0.0,0.0,0.5,0.7856,0.2144,0.2144
radio,group_disjoint,stratified,117,11,ok,2183,625,0.7585890975721484,0.7856,22,8,0.03,0.5,366,101,33,125,0.6384,0.4958430859956835,0.7837259100642399,0.745417515274949,0.7640918580375783,0.49505962764892614,-0.007850678586383065,0.753731343283582,0.2545824847250509,0.2462686567164179,0.4958430859956835,0.7842030205366839,0.21303585868127717,0.3616
radio,group_disjoint,stratified,117,22,ok,2183,625,0.7585890975721484,0.7856,22,8,0.04,0.5,388,100,34,103,0.6752,0.52197768793507,0.7950819672131147,0.790224032586558,0.7926455566905005,0.5217840329577964,0.04360486525502376,0.746268656716418,0.20977596741344195,0.2537313432835821,0.52197768793507,0.7930928783680011,0.222969822420743,0.3248
radio,group_disjoint,logreg,117,11,ok,2183,625,0.7585890975721484,0.7856,22,8,0.11,0.5,409,68,66,82,0.76,0.6627656017266013,0.8574423480083857,0.8329938900203666,0.8450413223140496,0.6565632143485142,0.3142647871533932,0.5074626865671642,0.1670061099796334,0.4925373134328358,0.7935374046265616,0.9373452191353271,0.5213047594139943,0.16667696967419973
radio,group_disjoint,logreg,117,22,ok,2183,625,0.7585890975721484,0.7856,22,8,0.09,0.5,409,68,66,82,0.76,0.6627656017266013,0.8574423480083857,0.8329938900203666,0.8450413223140496,0.6565632143485142,0.3142647871533932,0.5074626865671642,0.1670061099796334,0.4925373134328358,0.7935374046265616,0.9373452191353271,0.5213047594139943,0.16667696967419973
radio,group_disjoint,tree,117,11,ok,2183,625,0.7585890975721484,0.7856,22,8,0.18,0.5,433,77,57,58,0.784,0.6536234307079674,0.8490196078431372,0.8818737270875764,0.8651348651348651,0.6614830952180349,0.3254217619693319,0.5746268656716418,0.11812627291242363,0.4253731343283582,0.6601513815849469,0.8436762400999661,0.3658729986431479,0.21277459344366328
radio,group_disjoint,tree,117,22,ok,2183,625,0.7585890975721484,0.7856,22,8,0.14,0.5,437,77,57,54,0.7904,0.6576967504635681,0.8501945525291829,0.890020366598778,0.8696517412935323,0.667478931871256,0.3386903604542711,0.5746268656716418,0.109979633401222,0.4253731343283582,0.6642550992491716,0.8452753341565706,0.37618088042325504,0.2063745934436633
radio,group_disjoint,rf,117,11,ok,2183,625,0.7585890975721484,0.7856,22,8,1.42,0.5,486,78,56,5,0.8672,0.7038635741860959,0.8617021276595744,0.9898167006109979,0.9213270142180094,0.7478429942884919,0.5638431459134663,0.582089552238806,0.010183299389002037,0.417910447761194,0.8418700793385414,0.948741875170984,0.684001957227413,0.10927788758100161
radio,group_disjoint,rf,117,22,ok,2183,625,0.7585890975721484,0.7856,22,8,1.31,0.5,480,78,56,11,0.8576,0.6977535945526947,0.8602150537634409,0.9775967413441955,0.9151572926596759,0.7361856115039673,0.5246782078744453,0.582089552238806,0.02240325865580448,0.417910447761194,0.8667811654558166,0.9604628531397337,0.7036985997475226,0.10759863280025415
radio,group_disjoint,xgboost,117,11,ok,2183,625,0.7585890975721484,0.7856,22,8,1.28,0.5,484,78,56,7,0.864,0.7018269143082956,0.8612099644128114,0.9857433808553971,0.9192782526115859,0.743903085696656,0.5502547355326859,0.582089552238806,0.014256619144602852,0.417910447761194,0.8109554062680489,0.9345706793964502,0.6584504348140421,0.12803205847740173
radio,group_disjoint,xgboost,117,22,ok,2183,625,0.7585890975721484,0.7856,22,8,2.31,0.5,483,77,57,8,0.864,0.7045399276529775,0.8625,0.9837067209775967,0.9191246431969553,0.7459944824024978,0.5499846228010165,0.5746268656716418,0.016293279022403257,0.4253731343283582,0.8438763413077179,0.9528754609172988,0.6778153398984925,0.12730173766613007
radio,group_disjoint,hgb,117,11,ok,2183,625,0.7585890975721484,0.7856,22,8,4.74,0.5,486,78,56,5,0.8672,0.7038635741860959,0.8617021276595744,0.9898167006109979,0.9213270142180094,0.7478429942884919,0.5638431459134663,0.582089552238806,0.010183299389002037,0.417910447761194,0.8192844332309938,0.9277222136701384,0.6793506416612739,0.1318585818217513
radio,group_disjoint,hgb,117,22,ok,2183,625,0.7585890975721484,0.7856,22,8,4.71,0.5,486,78,56,5,0.8672,0.7038635741860959,0.8617021276595744,0.9898167006109979,0.9213270142180094,0.7478429942884919,0.5638431459134663,0.582089552238806,0.010183299389002037,0.417910447761194,0.8192844332309938,0.9277222136701384,0.6793506416612739,0.1318585818217513
radio,group_disjoint,mlp,117,11,ok,2183,625,0.7585890975721484,0.7856,22,8,1.25,0.5,473,71,63,18,0.8576,0.716744687965468,0.8694852941176471,0.9633401221995926,0.9140096618357488,0.7500280867318279,0.5296995989229067,0.5298507462686567,0.03665987780040733,0.4701492537313433,0.804450253822537,0.9338778427990831,0.620138669400501,0.12919896841049194
radio,group_disjoint,mlp,117,22,ok,2183,625,0.7585890975721484,0.7856,22,8,1.53,0.5,473,71,63,18,0.8576,0.716744687965468,0.8694852941176471,0.9633401221995926,0.9140096618357488,0.7500280867318279,0.5296995989229067,0.5298507462686567,0.03665987780040733,0.4701492537313433,0.7572878985925768,0.9130305584763985,0.6026340331746921,0.13415102660655975
radio,group_disjoint,majority,118,11,ok,2196,612,0.7768670309653917,0.7205882352941176,21,9,0.04,0.5,441,171,0,0,0.7205882352941176,0.5,0.7205882352941176,1.0,0.8376068376068376,0.4188034188034188,0.0,1.0,0.0,0.0,0.5,0.7205882352941176,0.27941176470588236,0.27941176470588236
radio,group_disjoint,majority,118,22,ok,2196,612,0.7768670309653917,0.7205882352941176,21,9,0.03,0.5,441,171,0,0,0.7205882352941176,0.5,0.7205882352941176,1.0,0.8376068376068376,0.4188034188034188,0.0,1.0,0.0,0.0,0.5,0.7205882352941176,0.27941176470588236,0.27941176470588236
radio,group_disjoint,stratified,118,11,ok,2196,612,0.7768670309653917,0.7205882352941176,21,9,0.04,0.5,346,132,39,95,0.6290849673202614,0.5063253371524048,0.7238493723849372,0.7845804988662132,0.7529923830250272,0.50436504397153,0.013726653699131333,0.7719298245614035,0.21541950113378686,0.22807017543859648,0.5063253371524048,0.723146859859704,0.28206490765984316,0.3709150326797386
radio,group_disjoint,stratified,118,22,ok,2196,612,0.7768670309653917,0.7205882352941176,21,9,0.03,0.5,356,133,38,85,0.6437908496732027,0.5147392290249433,0.7280163599182005,0.8072562358276644,0.7655913978494624,0.5120473996050033,0.03300768966747291,0.7777777777777778,0.1927437641723356,0.2222222222222222,0.5147392290249433,0.7265846352174135,0.28597428131144054,0.3562091503267974
radio,group_disjoint,logreg,118,11,ok,2196,612,0.7768670309653917,0.7205882352941176,21,9,0.09,0.5,402,57,114,39,0.8431372549019608,0.7891156462585034,0.8758169934640523,0.9115646258503401,0.8933333333333333,0.7985185185185185,0.5991932091484722,0.3333333333333333,0.08843537414965986,0.6666666666666666,0.8544907241649096,0.9284595675985678,0.8132553623650881,0.11747351976329685
radio,group_disjoint,logreg,118,22,ok,2196,612,0.7768670309653917,0.7205882352941176,21,9,0.1,0.5,402,57,114,39,0.8431372549019608,0.7891156462585034,0.8758169934640523,0.9115646258503401,0.8933333333333333,0.7985185185185185,0.5991932091484722,0.3333333333333333,0.08843537414965986,0.6666666666666666,0.8544907241649096,0.9284595675985678,0.8132553623650881,0.11747351976329685
radio,group_disjoint,tree,118,11,ok,2196,612,0.7768670309653917,0.7205882352941176,21,9,0.13,0.5,438,63,108,3,0.8921568627450981,0.8123881131399928,0.874251497005988,0.9931972789115646,0.9299363057324841,0.8479468762704974,0.7275477353174266,0.3684210526315789,0.006802721088435374,0.631578947368421,0.8123881131399928,0.8732061686950229,0.7174504225587817,0.10784313725490197
radio,group_disjoint,tree,118,22,ok,2196,612,0.7768670309653917,0.7205882352941176,21,9,0.12,0.5,438,63,108,3,0.8921568627450981,0.8123881131399928,0.874251497005988,0.9931972789115646,0.9299363057324841,0.8479468762704974,0.7275477353174266,0.3684210526315789,0.006802721088435374,0.631578947368421,0.8123881131399928,0.8732061686950229,0.7174504225587817,0.10784313725490197
radio,group_disjoint,rf,118,11,ok,2196,612,0.7768670309653917,0.7205882352941176,21,9,1.25,0.5,441,65,106,0,0.8937908496732027,0.8099415204678362,0.8715415019762845,1.0,0.9313621964097148,0.8483525783492618,0.7350195892265068,0.38011695906432746,0.0,0.6198830409356725,0.9477264590046545,0.9759099690100665,0.9178027501302815,0.08700998911561977
radio,group_disjoint,rf,118,22,ok,2196,612,0.7768670309653917,0.7205882352941176,21,9,1.26,0.5,441,60,111,0,0.9019607843137255,0.8245614035087719,0.8802395209580839,1.0,0.9363057324840764,0.8617698875186339,0.7558991656908277,0.3508771929824561,0.0,0.6491228070175439,0.9532826775934545,0.9791285665770528,0.9212197807510738,0.0848296211961566
radio,group_disjoint,xgboost,118,11,ok,2196,612,0.7768670309653917,0.7205882352941176,21,9,1.52,0.5,441,58,113,0,0.9052287581699346,0.8304093567251463,0.8837675350701403,1.0,0.9382978723404255,0.8670362601138748,0.7642055518734382,0.3391812865497076,0.0,0.6608187134502924,0.9382318229436024,0.9685628046105741,0.905700600771387,0.09049304574728012
radio,group_disjoint,xgboost,118,22,ok,2196,612,0.7768670309653917,0.7205882352941176,21,9,1.41,0.5,441,58,113,0,0.9052287581699346,0.8304093567251463,0.8837675350701403,1.0,0.9382978723404255,0.8670362601138748,0.7642055518734382,0.3391812865497076,0.0,0.6608187134502924,0.9561337205447482,0.9798368282607771,0.9244519793229773,0.08734767138957977
radio,group_disjoint,hgb,118,11,ok,2196,612,0.7768670309653917,0.7205882352941176,21,9,5.44,0.5,441,65,106,0,0.8937908496732027,0.8099415204678362,0.8715415019762845,1.0,0.9313621964097148,0.8483525783492618,0.7350195892265068,0.38011695906432746,0.0,0.6198830409356725,0.9418122024638315,0.9712386600178388,0.9115298350685771,0.10213649337839137
radio,group_disjoint,hgb,118,22,ok,2196,612,0.7768670309653917,0.7205882352941176,21,9,6.23,0.5,441,65,106,0,0.8937908496732027,0.8099415204678362,0.8715415019762845,1.0,0.9313621964097148,0.8483525783492618,0.7350195892265068,0.38011695906432746,0.0,0.6198830409356725,0.9418122024638315,0.9712386600178388,0.9115298350685771,0.10213649337839137
radio,group_disjoint,mlp,118,11,ok,2196,612,0.7768670309653917,0.7205882352941176,21,9,1.64,0.5,440,60,111,1,0.9003267973856209,0.8234276166606993,0.88,0.9977324263038548,0.9351753453772582,0.8598138210985231,0.7506378035831766,0.3508771929824561,0.0022675736961451248,0.6491228070175439,0.883876357560568,0.9254578098286953,0.8638667469534976,0.09141720831394196
radio,group_disjoint,mlp,118,22,ok,2196,612,0.7768670309653917,0.7205882352941176,21,9,2.1,0.5,439,62,109,2,0.8954248366013072,0.8164458765962526,0.8762475049900199,0.9954648526077098,0.9320594479830149,0.852554546686543,0.7369982121085603,0.36257309941520466,0.0045351473922902496,0.6374269005847953,0.8496969938072694,0.9057293719210359,0.827517963707663,0.10137009620666504
radio,group_disjoint,majority,119,11,ok,2198,610,0.7752502274795269,0.7262295081967213,20,10,0.04,0.5,443,167,0,0,0.7262295081967213,0.5,0.7262295081967213,1.0,0.8414055080721747,0.42070275403608737,0.0,1.0,0.0,0.0,0.5,0.7262295081967213,0.27377049180327867,0.27377049180327867
radio,group_disjoint,majority,119,22,ok,2198,610,0.7752502274795269,0.7262295081967213,20,10,0.04,0.5,443,167,0,0,0.7262295081967213,0.5,0.7262295081967213,1.0,0.8414055080721747,0.42070275403608737,0.0,1.0,0.0,0.0,0.5,0.7262295081967213,0.27377049180327867,0.27377049180327867
radio,group_disjoint,stratified,119,11,ok,2198,610,0.7752502274795269,0.7262295081967213,20,10,0.04,0.5,348,129,38,95,0.6327868852459017,0.5065489787918519,0.7295597484276729,0.7855530474040632,0.7565217391304347,0.504927536231884,0.014144209109152065,0.7724550898203593,0.2144469525959368,0.2275449101796407,0.5065489787918519,0.7288455885587328,0.2764882413159629,0.36721311475409835
radio,group_disjoint,stratified,119,22,ok,2198,610,0.7752502274795269,0.7262295081967213,20,10,0.03,0.5,357,129,38,86,0.6475409836065574,0.51670699233587,0.7345679012345679,0.8058690744920993,0.7685683530678149,0.51486836897377,0.03702195857383106,0.7724550898203593,0.19413092550790068,0.2275449101796407,0.51670699233587,0.7329491612768821,0.2812069145685361,0.3524590163934426
radio,group_disjoint,logreg,119,11,ok,2198,610,0.7752502274795269,0.7262295081967213,20,10,0.11,0.5,364,52,115,79,0.7852459016393443,0.7551465916924616,0.875,0.8216704288939052,0.8474970896391153,0.7423081016062613,0.48857623149342666,0.31137724550898205,0.17832957110609482,0.688622754491018,0.856111704356524,0.9399300282275357,0.7324662995831268,0.15408552034532055
radio,group_disjoint,logreg,119,22,ok,2198,610,0.7752502274795269,0.7262295081967213,20,10,0.1,0.5,364,52,115,79,0.7852459016393443,0.7551465916924616,0.875,0.8216704288939052,0.8474970896391153,0.7423081016062613,0.48857623149342666,0.31137724550898205,0.17832957110609482,0.688622754491018,0.856111704356524,0.9399300282275357,0.7324662995831268,0.15408552034532055
radio,group_disjoint,tree,119,11,ok,2198,610,0.7752502274795269,0.7262295081967213,20,10,0.11,0.5,420,59,108,23,0.8655737704918033,0.7973939254673497,0.8768267223382046,0.9480812641083521,0.911062906724512,0.8179475607448063,0.6458308451231726,0.3532934131736527,0.05191873589164785,0.6467065868263473,0.7973939254673498,0.8690079053511749,0.6298839937444596,0.13442622950819672
radio,group_disjoint,tree,119,22,ok,2198,610,0.7752502274795269,0.7262295081967213,20,10,0.14,0.5,423,59,108,20,0.8704918032786885,0.8007799299820224,0.8775933609958506,0.9548532731376975,0.9145945945945946,0.8233989922125515,0.6587345529321027,0.3532934131736527,0.045146726862302484,0.6467065868263473,0.8007799299820224,0.8707597784767026,0.6423799941101404,0.12950819672131147
radio,group_disjoint,rf,119,11,ok,2198,610,0.7752502274795269,0.7262295081967213,20,10,1.3,0.5,438,56,111,5,0.9,0.8266919884835295,0.8866396761133604,0.9887133182844243,0.9348986125933831,0.8596754547065856,0.7423968313915785,0.33532934131736525,0.011286681715575621,0.6646706586826348,0.9172760573660805,0.9631530247854901,0.8706628032423628,0.0809909216703464
radio,group_disjoint,rf,119,22,ok,2198,610,0.7752502274795269,0.7262295081967213,20,10,1.22,0.5,439,56,111,4,0.9016393442622951,0.8278206566550872,0.8868686868686869,0.9909706546275395,0.9360341151385928,0.8616340788458922,0.747437512670246,0.33532934131736525,0.009029345372460496,0.6646706586826348,0.9087333234208783,0.9601212907927961,0.8577740705152909,0.08302578866759656
radio,group_disjoint,xgboost,119,11,ok,2198,610,0.7752502274795269,0.7262295081967213,20,10,1.47,0.5,428,56,111,15,0.8836065573770492,0.8154053067679539,0.8842975206611571,0.9661399548532731,0.9234088457389428,0.8405440133131574,0.6947861253257214,0.33532934131736525,0.033860045146726865,0.6646706586826348,0.8423581730444303,0.9058394456661655,0.8204116155802921,0.10345402359962463
radio,group_disjoint,xgboost,119,22,ok,2198,610,0.7752502274795269,0.7262295081967213,20,10,1.45,0.5,429,56,111,14,0.8852459016393442,0.8165339749395115,0.8845360824742268,0.9683972911963883,0.9245689655172413,0.8424214690599905,0.6993338501313451,0.33532934131736525,0.03160270880361174,0.6646706586826348,0.8478257931090415,0.9135187445214048,0.8235675658882025,0.10113605111837387
radio,group_disjoint,hgb,119,11,ok,2198,610,0.7752502274795269,0.7262295081967213,20,10,4.86,0.5,433,54,113,10,0.8950819672131147,0.8270366715778376,0.8891170431211499,0.9774266365688488,0.9311827956989247,0.8552465702632555,0.7268913689716209,0.32335329341317365,0.022573363431151242,0.6766467065868264,0.8649518119517172,0.9218824338181946,0.835569816166362,0.10209952332384403
radio,group_disjoint,hgb,119,22,ok,2198,610,0.7752502274795269,0.7262295081967213,20,10,5.15,0.5,433,54,113,10,0.8950819672131147,0.8270366715778376,0.8891170431211499,0.9774266365688488,0.9311827956989247,0.8552465702632555,0.7268913689716209,0.32335329341317365,0.022573363431151242,0.6766467065868264,0.8649518119517172,0.9218824338181946,0.835569816166362,0.10209952332384403
radio,group_disjoint,mlp,119,11,ok,2198,610,0.7752502274795269,0.7262295081967213,20,10,2.73,0.5,420,57,110,23,0.8688524590163934,0.8033819494194455,0.8805031446540881,0.9480812641083521,0.9130434782608695,0.8231884057971014,0.6552315817344965,0.3413173652694611,0.05191873589164785,0.6586826347305389,0.8439058677227937,0.9192317015116103,0.7494990870500131,0.12231575697660446
radio,group_disjoint,mlp,119,22,ok,2198,610,0.7752502274795269,0.7262295081967213,20,10,1.4,0.5,422,56,111,21,0.8737704918032787,0.8086332977386086,0.8828451882845189,0.9525959367945824,0.9163952225841476,0.8294350694860537,0.6683931028069535,0.33532934131736525,0.04740406320541761,0.6646706586826348,0.8577202254632946,0.9297028640135683,0.7930323555601692,0.11116603016853333
radio,group_disjoint,majority,120,11,ok,2187,621,0.7594878829446731,0.782608695652174,20,10,0.03,0.5,486,135,0,0,0.782608695652174,0.5,0.782608695652174,1.0,0.8780487804878049,0.43902439024390244,0.0,1.0,0.0,0.0,0.5,0.782608695652174,0.21739130434782608,0.21739130434782608
radio,group_disjoint,majority,120,22,ok,2187,621,0.7594878829446731,0.782608695652174,20,10,0.04,0.5,486,135,0,0,0.782608695652174,0.5,0.782608695652174,1.0,0.8780487804878049,0.43902439024390244,0.0,1.0,0.0,0.0,0.5,0.782608695652174,0.21739130434782608,0.21739130434782608
radio,group_disjoint,stratified,120,11,ok,2187,621,0.7594878829446731,0.782608695652174,20,10,0.04,0.5,363,102,33,123,0.6376811594202898,0.495679012345679,0.7806451612903226,0.7469135802469136,0.7634069400630915,0.49510553188721584,-0.008218816126224047,0.7555555555555555,0.25308641975308643,0.24444444444444444,0.495679012345679,0.7811421051720256,0.2159606094388703,0.36231884057971014
radio,group_disjoint,stratified,120,22,ok,2187,621,0.7594878829446731,0.782608695652174,20,10,0.04,0.5,383,101,34,103,0.6714975845410628,0.5199588477366255,0.7913223140495868,0.7880658436213992,0.7896907216494845,0.5198453608247422,0.039707040162844716,0.7481481481481481,0.21193415637860083,0.2518518518518518,0.5199588477366255,0.789475600685526,0.22514428106303702,0.3285024154589372
radio,group_disjoint,logreg,120,11,ok,2187,621,0.7594878829446731,0.782608695652174,20,10,0.09,0.5,396,18,117,90,0.8260869565217391,0.8407407407407408,0.9565217391304348,0.8148148148148148,0.88,0.7821052631578947,0.5962847939999439,0.13333333333333333,0.18518518518518517,0.8666666666666667,0.9333485749123609,0.978021408271192,0.8507849292861814,0.12097997283986876
radio,group_disjoint,logreg,120,22,ok,2187,621,0.7594878829446731,0.782608695652174,20,10,0.1,0.5,396,18,117,90,0.8260869565217391,0.8407407407407408,0.9565217391304348,0.8148148148148148,0.88,0.7821052631578947,0.5962847939999439,0.13333333333333333,0.18518518518518517,0.8666666666666667,0.9333485749123609,0.978021408271192,0.8507849292861814,0.12097997283986876
radio,group_disjoint,tree,120,11,ok,2187,621,0.7594878829446731,0.782608695652174,20,10,0.1,0.5,454,96,39,32,0.7938808373590982,0.6115226337448559,0.8254545454545454,0.934156378600823,0.8764478764478765,0.6275443265734528,0.2891129284364542,0.7111111111111111,0.06584362139917696,0.28888888888888886,0.6121170553269318,0.822812342425869,0.3178743961352657,0.20475627003007982
radio,group_disjoint,tree,120,22,ok,2187,621,0.7594878829446731,0.782608695652174,20,10,0.11,0.5,453,96,39,33,0.7922705314009661,0.6104938271604938,0.825136612021858,0.9320987654320988,0.8753623188405797,0.6260869565217391,0.2847086162282845,0.7111111111111111,0.06790123456790123,0.28888888888888886,0.6110882487425697,0.8224265379852815,0.31554175293305725,0.20636657598821184
radio,group_disjoint,rf,120,11,ok,2187,621,0.7594878829446731,0.782608695652174,20,10,1.39,0.5,469,30,105,17,0.9243156199677939,0.8713991769547325,0.9398797595190381,0.9650205761316872,0.9522842639593908,0.884702443263742,0.7711267402859595,0.2222222222222222,0.03497942386831276,0.7777777777777778,0.9584971803078799,0.9883854432548563,0.8595686993178193,0.06517813846453757
radio,group_disjoint,rf,120,22,ok,2187,621,0.7594878829446731,0.782608695652174,20,10,1.23,0.5,468,33,102,18,0.9178743961352657,0.8592592592592592,0.9341317365269461,0.9629629629629629,0.9483282674772037,0.8741641337386019,0.7506085355581128,0.24444444444444444,0.037037037037037035,0.7555555555555555,0.9561804602956867,0.9879224261743728,0.840243745873585,0.06823329196743837
radio,group_disjoint,xgboost,120,11,ok,2187,621,0.7594878829446731,0.782608695652174,20,10,1.24,0.5,462,27,108,24,0.9178743961352657,0.8753086419753087,0.9447852760736196,0.9506172839506173,0.9476923076923077,0.8783405358686258,0.756766997188508,0.2,0.04938271604938271,0.8,0.9576588934613626,0.9877234203383926,0.8861611438451236,0.07065345346927643
radio,group_disjoint,xgboost,120,22,ok,2187,621,0.7594878829446731,0.782608695652174,20,10,1.33,0.5,461,28,107,25,0.9146537842190016,0.8705761316872428,0.9427402862985685,0.948559670781893,0.9456410256410256,0.8735695764909248,0.7472244308862407,0.2074074074074074,0.051440329218107,0.7925925925925926,0.9539704313366864,0.986705489838422,0.8686156875710989,0.07033249735832214
radio,group_disjoint,hgb,120,11,ok,2187,621,0.7594878829446731,0.782608695652174,20,10,4.91,0.5,464,28,107,22,0.9194847020933977,0.8736625514403292,0.943089430894309,0.9547325102880658,0.9488752556237219,0.8797406581148912,0.7598313057708361,0.2074074074074074,0.04526748971193416,0.7925925925925926,0.9566529492455418,0.9871804313928263,0.8894228017679654,0.07558725201351847
radio,group_disjoint,hgb,120,22,ok,2187,621,0.7594878829446731,0.782608695652174,20,10,4.96,0.5,464,28,107,22,0.9194847020933977,0.8736625514403292,0.943089430894309,0.9547325102880658,0.9488752556237219,0.8797406581148912,0.7598313057708361,0.2074074074074074,0.04526748971193416,0.7925925925925926,0.9566529492455418,0.9871804313928263,0.8894228017679654,0.07558725201351847
radio,group_disjoint,mlp,120,11,ok,2187,621,0.7594878829446731,0.782608695652174,20,10,1.59,0.5,454,15,120,32,0.9243156199677939,0.9115226337448559,0.9680170575692963,0.934156378600823,0.9507853403141361,0.8935111370560227,0.7895879749522243,0.1111111111111111,0.06584362139917696,0.8888888888888888,0.9620332266422801,0.9872077213756001,0.9272118508894107,0.059997670352458954
radio,group_disjoint,mlp,120,22,ok,2187,621,0.7594878829446731,0.782608695652174,20,10,1.32,0.5,457,22,113,29,0.9178743961352657,0.8886831275720164,0.954070981210856,0.9403292181069959,0.9471502590673575,0.8815173678008268,0.7634819504272341,0.16296296296296298,0.059670781893004114,0.837037037037037,0.9560890108215211,0.9855993588337184,0.9083716648311411,0.06227749586105347
