model,split_seed,domain,tau,tp,fp,fn,tn
majority,101,source_heldout,0.05,142326,6754,0,0
majority,101,source_heldout,0.1,142326,6754,0,0
majority,101,source_heldout,0.15,142326,6754,0,0
majority,101,source_heldout,0.2,142326,6754,0,0
majority,101,source_heldout,0.25,142326,6754,0,0
majority,101,source_heldout,0.3,142326,6754,0,0
majority,101,source_heldout,0.35,142326,6754,0,0
majority,101,source_heldout,0.4,142326,6754,0,0
majority,101,source_heldout,0.45,142326,6754,0,0
majority,101,source_heldout,0.5,142326,6754,0,0
majority,101,source_heldout,0.55,142326,6754,0,0
majority,101,source_heldout,0.6,142326,6754,0,0
majority,101,source_heldout,0.65,142326,6754,0,0
majority,101,source_heldout,0.7,142326,6754,0,0
majority,101,source_heldout,0.75,142326,6754,0,0
majority,101,source_heldout,0.8,142326,6754,0,0
majority,101,source_heldout,0.85,142326,6754,0,0
majority,101,source_heldout,0.9,142326,6754,0,0
majority,101,source_heldout,0.95,142326,6754,0,0
majority,101,source_heldout,0.975,142326,6754,0,0
majority,101,source_heldout,0.99,142326,6754,0,0
majority,101,source_heldout,0.995,142326,6754,0,0
majority,101,source_heldout,0.999,142326,6754,0,0
majority,101,target,0.05,738153,477736,0,0
majority,101,target,0.1,738153,477736,0,0
majority,101,target,0.15,738153,477736,0,0
majority,101,target,0.2,738153,477736,0,0
majority,101,target,0.25,738153,477736,0,0
majority,101,target,0.3,738153,477736,0,0
majority,101,target,0.35,738153,477736,0,0
majority,101,target,0.4,738153,477736,0,0
majority,101,target,0.45,738153,477736,0,0
majority,101,target,0.5,738153,477736,0,0
majority,101,target,0.55,738153,477736,0,0
majority,101,target,0.6,738153,477736,0,0
majority,101,target,0.65,738153,477736,0,0
majority,101,target,0.7,738153,477736,0,0
majority,101,target,0.75,738153,477736,0,0
majority,101,target,0.8,738153,477736,0,0
majority,101,target,0.85,738153,477736,0,0
majority,101,target,0.9,738153,477736,0,0
majority,101,target,0.95,738153,477736,0,0
majority,101,target,0.975,738153,477736,0,0
majority,101,target,0.99,738153,477736,0,0
majority,101,target,0.995,738153,477736,0,0
majority,101,target,0.999,738153,477736,0,0
stratified,101,source_heldout,0.05,133581,6350,8745,404
stratified,101,source_heldout,0.1,133581,6350,8745,404
stratified,101,source_heldout,0.15,133581,6350,8745,404
stratified,101,source_heldout,0.2,133581,6350,8745,404
stratified,101,source_heldout,0.25,133581,6350,8745,404
stratified,101,source_heldout,0.3,133581,6350,8745,404
stratified,101,source_heldout,0.35,133581,6350,8745,404
stratified,101,source_heldout,0.4,133581,6350,8745,404
stratified,101,source_heldout,0.45,133581,6350,8745,404
stratified,101,source_heldout,0.5,133581,6350,8745,404
stratified,101,source_heldout,0.55,133581,6350,8745,404
stratified,101,source_heldout,0.6,133581,6350,8745,404
stratified,101,source_heldout,0.65,133581,6350,8745,404
stratified,101,source_heldout,0.7,133581,6350,8745,404
stratified,101,source_heldout,0.75,133581,6350,8745,404
stratified,101,source_heldout,0.8,133581,6350,8745,404
stratified,101,source_heldout,0.85,133581,6350,8745,404
stratified,101,source_heldout,0.9,133581,6350,8745,404
stratified,101,source_heldout,0.95,133581,6350,8745,404
stratified,101,source_heldout,0.975,133581,6350,8745,404
stratified,101,source_heldout,0.99,133581,6350,8745,404
stratified,101,source_heldout,0.995,133581,6350,8745,404
stratified,101,source_heldout,0.999,133581,6350,8745,404
stratified,101,target,0.05,692686,448250,45467,29486
stratified,101,target,0.1,692686,448250,45467,29486
stratified,101,target,0.15,692686,448250,45467,29486
stratified,101,target,0.2,692686,448250,45467,29486
stratified,101,target,0.25,692686,448250,45467,29486
stratified,101,target,0.3,692686,448250,45467,29486
stratified,101,target,0.35,692686,448250,45467,29486
stratified,101,target,0.4,692686,448250,45467,29486
stratified,101,target,0.45,692686,448250,45467,29486
stratified,101,target,0.5,692686,448250,45467,29486
stratified,101,target,0.55,692686,448250,45467,29486
stratified,101,target,0.6,692686,448250,45467,29486
stratified,101,target,0.65,692686,448250,45467,29486
stratified,101,target,0.7,692686,448250,45467,29486
stratified,101,target,0.75,692686,448250,45467,29486
stratified,101,target,0.8,692686,448250,45467,29486
stratified,101,target,0.85,692686,448250,45467,29486
stratified,101,target,0.9,692686,448250,45467,29486
stratified,101,target,0.95,692686,448250,45467,29486
stratified,101,target,0.975,692686,448250,45467,29486
stratified,101,target,0.99,692686,448250,45467,29486
stratified,101,target,0.995,692686,448250,45467,29486
stratified,101,target,0.999,692686,448250,45467,29486
logreg,101,source_heldout,0.05,138824,3533,3502,3221
logreg,101,source_heldout,0.1,136671,2920,5655,3834
logreg,101,source_heldout,0.15,135151,2610,7175,4144
logreg,101,source_heldout,0.2,134016,2363,8310,4391
logreg,101,source_heldout,0.25,132504,2250,9822,4504
logreg,101,source_heldout,0.3,129373,2120,12953,4634
logreg,101,source_heldout,0.35,128731,2015,13595,4739
logreg,101,source_heldout,0.4,128128,1937,14198,4817
logreg,101,source_heldout,0.45,126794,1883,15532,4871
logreg,101,source_heldout,0.5,125952,1814,16374,4940
logreg,101,source_heldout,0.55,125302,1766,17024,4988
logreg,101,source_heldout,0.6,124021,1729,18305,5025
logreg,101,source_heldout,0.65,123081,1689,19245,5065
logreg,101,source_heldout,0.7,120998,1664,21328,5090
logreg,101,source_heldout,0.75,120026,1629,22300,5125
logreg,101,source_heldout,0.8,118316,1558,24010,5196
logreg,101,source_heldout,0.85,115062,1465,27264,5289
logreg,101,source_heldout,0.9,99623,1400,42703,5354
logreg,101,source_heldout,0.95,96136,1084,46190,5670
logreg,101,source_heldout,0.975,91544,782,50782,5972
logreg,101,source_heldout,0.99,34419,765,107907,5989
logreg,101,source_heldout,0.995,20213,752,122113,6002
logreg,101,source_heldout,0.999,7098,12,135228,6742
logreg,101,target,0.05,413502,280701,324651,197035
logreg,101,target,0.1,408528,164581,329625,313155
logreg,101,target,0.15,180474,21025,557679,456711
logreg,101,target,0.2,179745,19300,558408,458436
logreg,101,target,0.25,175420,17854,562733,459882
logreg,101,target,0.3,173329,16566,564824,461170
logreg,101,target,0.35,169332,15117,568821,462619
logreg,101,target,0.4,163979,14338,574174,463398
logreg,101,target,0.45,158029,13529,580124,464207
logreg,101,target,0.5,143128,10129,595025,467607
logreg,101,target,0.55,125023,9462,613130,468274
logreg,101,target,0.6,113762,8920,624391,468816
logreg,101,target,0.65,110161,8058,627992,469678
logreg,101,target,0.7,106417,7092,631736,470644
logreg,101,target,0.75,68966,2683,669187,475053
logreg,101,target,0.8,46751,2047,691402,475689
logreg,101,target,0.85,41036,1393,697117,476343
logreg,101,target,0.9,34059,1002,704094,476734
logreg,101,target,0.95,50,178,738103,477558
logreg,101,target,0.975,14,64,738139,477672
logreg,101,target,0.99,11,34,738142,477702
logreg,101,target,0.995,11,17,738142,477719
logreg,101,target,0.999,1,5,738152,477731
tree,101,source_heldout,0.05,124650,1703,17676,5051
tree,101,source_heldout,0.1,121692,1235,20634,5519
tree,101,source_heldout,0.15,121684,1234,20642,5520
tree,101,source_heldout,0.2,121599,1210,20727,5544
tree,101,source_heldout,0.25,121455,1209,20871,5545
tree,101,source_heldout,0.3,121455,1209,20871,5545
tree,101,source_heldout,0.35,121408,1209,20918,5545
tree,101,source_heldout,0.4,121401,1209,20925,5545
tree,101,source_heldout,0.45,121401,1209,20925,5545
tree,101,source_heldout,0.5,121374,1201,20952,5553
tree,101,source_heldout,0.55,121340,1201,20986,5553
tree,101,source_heldout,0.6,121340,1201,20986,5553
tree,101,source_heldout,0.65,121340,1201,20986,5553
tree,101,source_heldout,0.7,121340,1201,20986,5553
tree,101,source_heldout,0.75,121227,1198,21099,5556
tree,101,source_heldout,0.8,121227,1198,21099,5556
tree,101,source_heldout,0.85,121227,1198,21099,5556
tree,101,source_heldout,0.9,121169,1149,21157,5605
tree,101,source_heldout,0.95,119457,1127,22869,5627
tree,101,source_heldout,0.975,119457,1127,22869,5627
tree,101,source_heldout,0.99,119457,1127,22869,5627
tree,101,source_heldout,0.995,119457,1127,22869,5627
tree,101,source_heldout,0.999,100591,1116,41735,5638
tree,101,target,0.05,599128,312308,139025,165428
tree,101,target,0.1,598779,306858,139374,170878
tree,101,target,0.15,598777,306797,139376,170939
tree,101,target,0.2,598762,306789,139391,170947
tree,101,target,0.25,598762,306789,139391,170947
tree,101,target,0.3,598762,306789,139391,170947
tree,101,target,0.35,598762,306789,139391,170947
tree,101,target,0.4,598762,306789,139391,170947
tree,101,target,0.45,598762,306789,139391,170947
tree,101,target,0.5,598762,306789,139391,170947
tree,101,target,0.55,598762,306789,139391,170947
tree,101,target,0.6,598762,306789,139391,170947
tree,101,target,0.65,598762,306789,139391,170947
tree,101,target,0.7,598762,306789,139391,170947
tree,101,target,0.75,598762,306789,139391,170947
tree,101,target,0.8,598762,306789,139391,170947
tree,101,target,0.85,598762,306789,139391,170947
tree,101,target,0.9,597311,306781,140842,170955
tree,101,target,0.95,597292,306768,140861,170968
tree,101,target,0.975,597292,306768,140861,170968
tree,101,target,0.99,597292,306768,140861,170968
tree,101,target,0.995,597292,306768,140861,170968
tree,101,target,0.999,575918,306578,162235,171158
rf,101,source_heldout,0.05,137814,3368,4512,3386
rf,101,source_heldout,0.1,136538,2802,5788,3952
rf,101,source_heldout,0.15,134096,2394,8230,4360
rf,101,source_heldout,0.2,133438,2180,8888,4574
rf,101,source_heldout,0.25,132927,1961,9399,4793
rf,101,source_heldout,0.3,132148,1821,10178,4933
rf,101,source_heldout,0.35,131265,1610,11061,5144
rf,101,source_heldout,0.4,130518,1469,11808,5285
rf,101,source_heldout,0.45,129926,1372,12400,5382
rf,101,source_heldout,0.5,129185,1247,13141,5507
rf,101,source_heldout,0.55,128544,1142,13782,5612
rf,101,source_heldout,0.6,126273,361,16053,6393
rf,101,source_heldout,0.65,125723,286,16603,6468
rf,101,source_heldout,0.7,124962,231,17364,6523
rf,101,source_heldout,0.75,124337,175,17989,6579
rf,101,source_heldout,0.8,118287,144,24039,6610
rf,101,source_heldout,0.85,117433,92,24893,6662
rf,101,source_heldout,0.9,116519,45,25807,6709
rf,101,source_heldout,0.95,114433,35,27893,6719
rf,101,source_heldout,0.975,107752,27,34574,6727
rf,101,source_heldout,0.99,99884,21,42442,6733
rf,101,source_heldout,0.995,96986,19,45340,6735
rf,101,source_heldout,0.999,88791,17,53535,6737
rf,101,target,0.05,700310,475547,37843,2189
rf,101,target,0.1,681108,346892,57045,130844
rf,101,target,0.15,636147,342436,102006,135300
rf,101,target,0.2,632580,338123,105573,139613
rf,101,target,0.25,632002,333999,106151,143737
rf,101,target,0.3,628770,331941,109383,145795
rf,101,target,0.35,626697,330089,111456,147647
rf,101,target,0.4,612998,327614,125155,150122
rf,101,target,0.45,588187,322785,149966,154951
rf,101,target,0.5,583985,312370,154168,165366
rf,101,target,0.55,577170,300445,160983,177291
rf,101,target,0.6,325458,153068,412695,324668
rf,101,target,0.65,291785,150027,446368,327709
rf,101,target,0.7,56525,5704,681628,472032
rf,101,target,0.75,40679,5175,697474,472561
rf,101,target,0.8,30803,4441,707350,473295
rf,101,target,0.85,21699,4244,716454,473492
rf,101,target,0.9,10972,4138,727181,473598
rf,101,target,0.95,33,4123,738120,473613
rf,101,target,0.975,32,16,738121,477720
rf,101,target,0.99,16,8,738137,477728
rf,101,target,0.995,0,0,738153,477736
rf,101,target,0.999,0,0,738153,477736
xgboost,101,source_heldout,0.05,132754,2047,9572,4707
xgboost,101,source_heldout,0.1,129721,1423,12605,5331
xgboost,101,source_heldout,0.15,127373,980,14953,5774
xgboost,101,source_heldout,0.2,126177,447,16149,6307
xgboost,101,source_heldout,0.25,125823,386,16503,6368
xgboost,101,source_heldout,0.3,125480,312,16846,6442
xgboost,101,source_heldout,0.35,125251,281,17075,6473
xgboost,101,source_heldout,0.4,124983,239,17343,6515
xgboost,101,source_heldout,0.45,124752,223,17574,6531
xgboost,101,source_heldout,0.5,124417,194,17909,6560
xgboost,101,source_heldout,0.55,124218,177,18108,6577
xgboost,101,source_heldout,0.6,123928,155,18398,6599
xgboost,101,source_heldout,0.65,123537,135,18789,6619
xgboost,101,source_heldout,0.7,123228,119,19098,6635
xgboost,101,source_heldout,0.75,122867,106,19459,6648
xgboost,101,source_heldout,0.8,122587,91,19739,6663
xgboost,101,source_heldout,0.85,122350,84,19976,6670
xgboost,101,source_heldout,0.9,121742,65,20584,6689
xgboost,101,source_heldout,0.95,115145,35,27181,6719
xgboost,101,source_heldout,0.975,114635,32,27691,6722
xgboost,101,source_heldout,0.99,113198,22,29128,6732
xgboost,101,source_heldout,0.995,111336,19,30990,6735
xgboost,101,source_heldout,0.999,100484,17,41842,6737
xgboost,101,target,0.05,584790,414198,153363,63538
xgboost,101,target,0.1,577219,403538,160934,74198
xgboost,101,target,0.15,569252,297037,168901,180699
xgboost,101,target,0.2,560723,291668,177430,186068
xgboost,101,target,0.25,555564,289718,182589,188018
xgboost,101,target,0.3,552650,288526,185503,189210
xgboost,101,target,0.35,551084,287701,187069,190035
xgboost,101,target,0.4,549736,287436,188417,190300
xgboost,101,target,0.45,537584,277943,200569,199793
xgboost,101,target,0.5,361690,147183,376463,330553
xgboost,101,target,0.55,359911,146999,378242,330737
xgboost,101,target,0.6,291226,146648,446927,331088
xgboost,101,target,0.65,288530,146591,449623,331145
xgboost,101,target,0.7,287397,146450,450756,331286
xgboost,101,target,0.75,286014,146134,452139,331602
xgboost,101,target,0.8,254783,145513,483370,332223
xgboost,101,target,0.85,19218,2861,718935,474875
xgboost,101,target,0.9,13653,281,724500,477455
xgboost,101,target,0.95,4432,85,733721,477651
xgboost,101,target,0.975,3501,64,734652,477672
xgboost,101,target,0.99,840,0,737313,477736
xgboost,101,target,0.995,2,0,738151,477736
xgboost,101,target,0.999,0,0,738153,477736
hgb,101,source_heldout,0.05,132632,1776,9694,4978
hgb,101,source_heldout,0.1,128537,739,13789,6015
hgb,101,source_heldout,0.15,126827,577,15499,6177
hgb,101,source_heldout,0.2,126370,526,15956,6228
hgb,101,source_heldout,0.25,126021,487,16305,6267
hgb,101,source_heldout,0.3,125755,444,16571,6310
hgb,101,source_heldout,0.35,125522,397,16804,6357
hgb,101,source_heldout,0.4,125295,362,17031,6392
hgb,101,source_heldout,0.45,125023,332,17303,6422
hgb,101,source_heldout,0.5,124430,302,17896,6452
hgb,101,source_heldout,0.55,124277,270,18049,6484
hgb,101,source_heldout,0.6,123969,237,18357,6517
hgb,101,source_heldout,0.65,123815,212,18511,6542
hgb,101,source_heldout,0.7,123604,196,18722,6558
hgb,101,source_heldout,0.75,123359,180,18967,6574
hgb,101,source_heldout,0.8,122571,157,19755,6597
hgb,101,source_heldout,0.85,122136,142,20190,6612
hgb,101,source_heldout,0.9,121097,104,21229,6650
hgb,101,source_heldout,0.95,119384,56,22942,6698
hgb,101,source_heldout,0.975,113879,38,28447,6716
hgb,101,source_heldout,0.99,112823,25,29503,6729
hgb,101,source_heldout,0.995,111633,21,30693,6733
hgb,101,source_heldout,0.999,101847,12,40479,6742
hgb,101,target,0.05,628255,421227,109898,56509
hgb,101,target,0.1,599084,309706,139069,168030
hgb,101,target,0.15,588248,307975,149905,169761
hgb,101,target,0.2,581561,307096,156592,170640
hgb,101,target,0.25,577049,306387,161104,171349
hgb,101,target,0.3,570044,305217,168109,172519
hgb,101,target,0.35,536055,304322,202098,173414
hgb,101,target,0.4,533145,299512,205008,178224
hgb,101,target,0.45,531433,299112,206720,178624
hgb,101,target,0.5,528794,297625,209359,180111
hgb,101,target,0.55,525937,295229,212216,182507
hgb,101,target,0.6,522601,293774,215552,183962
hgb,101,target,0.65,521263,293249,216890,184487
hgb,101,target,0.7,503125,292872,235028,184864
hgb,101,target,0.75,500206,292646,237947,185090
hgb,101,target,0.8,496483,291714,241670,186022
hgb,101,target,0.85,493295,291533,244858,186203
hgb,101,target,0.9,308348,150091,429805,327645
hgb,101,target,0.95,303047,146608,435106,331128
hgb,101,target,0.975,73339,4207,664814,473529
hgb,101,target,0.99,40866,4096,697287,473640
hgb,101,target,0.995,3258,4071,734895,473665
hgb,101,target,0.999,3,0,738150,477736
mlp,101,source_heldout,0.05,130786,1984,11540,4770
mlp,101,source_heldout,0.1,128416,1378,13910,5376
mlp,101,source_heldout,0.15,127723,1269,14603,5485
mlp,101,source_heldout,0.2,127277,1227,15049,5527
mlp,101,source_heldout,0.25,127016,1192,15310,5562
mlp,101,source_heldout,0.3,126596,1147,15730,5607
mlp,101,source_heldout,0.35,126218,1108,16108,5646
mlp,101,source_heldout,0.4,125863,1058,16463,5696
mlp,101,source_heldout,0.45,125588,1025,16738,5729
mlp,101,source_heldout,0.5,125257,990,17069,5764
mlp,101,source_heldout,0.55,124959,970,17367,5784
mlp,101,source_heldout,0.6,124667,939,17659,5815
mlp,101,source_heldout,0.65,124354,918,17972,5836
mlp,101,source_heldout,0.7,124044,911,18282,5843
mlp,101,source_heldout,0.75,123727,891,18599,5863
mlp,101,source_heldout,0.8,123566,881,18760,5873
mlp,101,source_heldout,0.85,123010,855,19316,5899
mlp,101,source_heldout,0.9,122710,846,19616,5908
mlp,101,source_heldout,0.95,121786,814,20540,5940
mlp,101,source_heldout,0.975,120273,781,22053,5973
mlp,101,source_heldout,0.99,114518,752,27808,6002
mlp,101,source_heldout,0.995,113097,744,29229,6010
mlp,101,source_heldout,0.999,108044,17,34282,6737
mlp,101,target,0.05,594506,406574,143647,71162
mlp,101,target,0.1,593763,404029,144390,73707
mlp,101,target,0.15,591162,403803,146991,73933
mlp,101,target,0.2,587134,403659,151019,74077
mlp,101,target,0.25,584055,403490,154098,74246
mlp,101,target,0.3,583522,403288,154631,74448
mlp,101,target,0.35,583351,298560,154802,179176
mlp,101,target,0.4,583295,298382,154858,179354
mlp,101,target,0.45,583243,298305,154910,179431
mlp,101,target,0.5,583184,297664,154969,180072
mlp,101,target,0.55,583123,295312,155030,182424
mlp,101,target,0.6,582635,290920,155518,186816
mlp,101,target,0.65,579487,290893,158666,186843
mlp,101,target,0.7,578459,290865,159694,186871
mlp,101,target,0.75,544857,290425,193296,187311
mlp,101,target,0.8,537467,290127,200686,187609
mlp,101,target,0.85,530613,289927,207540,187809
mlp,101,target,0.9,527026,289695,211127,188041
mlp,101,target,0.95,453409,289240,284744,188496
mlp,101,target,0.975,267419,145108,470734,332628
mlp,101,target,0.99,37667,689,700486,477047
mlp,101,target,0.995,9931,99,728222,477637
mlp,101,target,0.999,91,47,738062,477689
majority,102,source_heldout,0.05,149939,7237,0,0
majority,102,source_heldout,0.1,149939,7237,0,0
majority,102,source_heldout,0.15,149939,7237,0,0
majority,102,source_heldout,0.2,149939,7237,0,0
majority,102,source_heldout,0.25,149939,7237,0,0
majority,102,source_heldout,0.3,149939,7237,0,0
majority,102,source_heldout,0.35,149939,7237,0,0
majority,102,source_heldout,0.4,149939,7237,0,0
majority,102,source_heldout,0.45,149939,7237,0,0
majority,102,source_heldout,0.5,149939,7237,0,0
majority,102,source_heldout,0.55,149939,7237,0,0
majority,102,source_heldout,0.6,149939,7237,0,0
majority,102,source_heldout,0.65,149939,7237,0,0
majority,102,source_heldout,0.7,149939,7237,0,0
majority,102,source_heldout,0.75,149939,7237,0,0
majority,102,source_heldout,0.8,149939,7237,0,0
majority,102,source_heldout,0.85,149939,7237,0,0
majority,102,source_heldout,0.9,149939,7237,0,0
majority,102,source_heldout,0.95,149939,7237,0,0
majority,102,source_heldout,0.975,149939,7237,0,0
majority,102,source_heldout,0.99,149939,7237,0,0
majority,102,source_heldout,0.995,149939,7237,0,0
majority,102,source_heldout,0.999,149939,7237,0,0
majority,102,target,0.05,738153,477736,0,0
majority,102,target,0.1,738153,477736,0,0
majority,102,target,0.15,738153,477736,0,0
majority,102,target,0.2,738153,477736,0,0
majority,102,target,0.25,738153,477736,0,0
majority,102,target,0.3,738153,477736,0,0
majority,102,target,0.35,738153,477736,0,0
majority,102,target,0.4,738153,477736,0,0
majority,102,target,0.45,738153,477736,0,0
majority,102,target,0.5,738153,477736,0,0
majority,102,target,0.55,738153,477736,0,0
majority,102,target,0.6,738153,477736,0,0
majority,102,target,0.65,738153,477736,0,0
majority,102,target,0.7,738153,477736,0,0
majority,102,target,0.75,738153,477736,0,0
majority,102,target,0.8,738153,477736,0,0
majority,102,target,0.85,738153,477736,0,0
majority,102,target,0.9,738153,477736,0,0
majority,102,target,0.95,738153,477736,0,0
majority,102,target,0.975,738153,477736,0,0
majority,102,target,0.99,738153,477736,0,0
majority,102,target,0.995,738153,477736,0,0
majority,102,target,0.999,738153,477736,0,0
stratified,102,source_heldout,0.05,140786,6754,9153,483
stratified,102,source_heldout,0.1,140786,6754,9153,483
stratified,102,source_heldout,0.15,140786,6754,9153,483
stratified,102,source_heldout,0.2,140786,6754,9153,483
stratified,102,source_heldout,0.25,140786,6754,9153,483
stratified,102,source_heldout,0.3,140786,6754,9153,483
stratified,102,source_heldout,0.35,140786,6754,9153,483
stratified,102,source_heldout,0.4,140786,6754,9153,483
stratified,102,source_heldout,0.45,140786,6754,9153,483
stratified,102,source_heldout,0.5,140786,6754,9153,483
stratified,102,source_heldout,0.55,140786,6754,9153,483
stratified,102,source_heldout,0.6,140786,6754,9153,483
stratified,102,source_heldout,0.65,140786,6754,9153,483
stratified,102,source_heldout,0.7,140786,6754,9153,483
stratified,102,source_heldout,0.75,140786,6754,9153,483
stratified,102,source_heldout,0.8,140786,6754,9153,483
stratified,102,source_heldout,0.85,140786,6754,9153,483
stratified,102,source_heldout,0.9,140786,6754,9153,483
stratified,102,source_heldout,0.95,140786,6754,9153,483
stratified,102,source_heldout,0.975,140786,6754,9153,483
stratified,102,source_heldout,0.99,140786,6754,9153,483
stratified,102,source_heldout,0.995,140786,6754,9153,483
stratified,102,source_heldout,0.999,140786,6754,9153,483
stratified,102,target,0.05,692974,448418,45179,29318
stratified,102,target,0.1,692974,448418,45179,29318
stratified,102,target,0.15,692974,448418,45179,29318
stratified,102,target,0.2,692974,448418,45179,29318
stratified,102,target,0.25,692974,448418,45179,29318
stratified,102,target,0.3,692974,448418,45179,29318
stratified,102,target,0.35,692974,448418,45179,29318
stratified,102,target,0.4,692974,448418,45179,29318
stratified,102,target,0.45,692974,448418,45179,29318
stratified,102,target,0.5,692974,448418,45179,29318
stratified,102,target,0.55,692974,448418,45179,29318
stratified,102,target,0.6,692974,448418,45179,29318
stratified,102,target,0.65,692974,448418,45179,29318
stratified,102,target,0.7,692974,448418,45179,29318
stratified,102,target,0.75,692974,448418,45179,29318
stratified,102,target,0.8,692974,448418,45179,29318
stratified,102,target,0.85,692974,448418,45179,29318
stratified,102,target,0.9,692974,448418,45179,29318
stratified,102,target,0.95,692974,448418,45179,29318
stratified,102,target,0.975,692974,448418,45179,29318
stratified,102,target,0.99,692974,448418,45179,29318
stratified,102,target,0.995,692974,448418,45179,29318
stratified,102,target,0.999,692974,448418,45179,29318
logreg,102,source_heldout,0.05,148583,4524,1356,2713
logreg,102,source_heldout,0.1,147849,4213,2090,3024
logreg,102,source_heldout,0.15,144190,3833,5749,3404
logreg,102,source_heldout,0.2,142625,3204,7314,4033
logreg,102,source_heldout,0.25,142153,2928,7786,4309
logreg,102,source_heldout,0.3,140641,2766,9298,4471
logreg,102,source_heldout,0.35,140136,2589,9803,4648
logreg,102,source_heldout,0.4,137659,1560,12280,5677
logreg,102,source_heldout,0.45,135812,1470,14127,5767
logreg,102,source_heldout,0.5,133974,1415,15965,5822
logreg,102,source_heldout,0.55,103671,1372,46268,5865
logreg,102,source_heldout,0.6,101397,1306,48542,5931
logreg,102,source_heldout,0.65,98918,1211,51021,6026
logreg,102,source_heldout,0.7,98041,1091,51898,6146
logreg,102,source_heldout,0.75,94242,973,55697,6264
logreg,102,source_heldout,0.8,82535,843,67404,6394
logreg,102,source_heldout,0.85,81594,815,68345,6422
logreg,102,source_heldout,0.9,80016,745,69923,6492
logreg,102,source_heldout,0.95,76044,22,73895,7215
logreg,102,source_heldout,0.975,22867,11,127072,7226
logreg,102,source_heldout,0.99,14331,9,135608,7228
logreg,102,source_heldout,0.995,7277,8,142662,7229
logreg,102,source_heldout,0.999,5890,8,144049,7229
logreg,102,target,0.05,480439,211273,257714,266463
logreg,102,target,0.1,231828,36509,506325,441227
logreg,102,target,0.15,225786,27853,512367,449883
logreg,102,target,0.2,219800,24589,518353,453147
logreg,102,target,0.25,219100,22832,519053,454904
logreg,102,target,0.3,218526,19209,519627,458527
logreg,102,target,0.35,218132,15206,520021,462530
logreg,102,target,0.4,213225,12628,524928,465108
logreg,102,target,0.45,206004,11229,532149,466507
logreg,102,target,0.5,126104,6687,612049,471049
logreg,102,target,0.55,105229,5865,632924,471871
logreg,102,target,0.6,102753,4709,635400,473027
logreg,102,target,0.65,67638,3353,670515,474383
logreg,102,target,0.7,60627,2712,677526,475024
logreg,102,target,0.75,55455,2357,682698,475379
logreg,102,target,0.8,51080,2086,687073,475650
logreg,102,target,0.85,45023,1610,693130,476126
logreg,102,target,0.9,34882,799,703271,476937
logreg,102,target,0.95,33762,559,704391,477177
logreg,102,target,0.975,7,38,738146,477698
logreg,102,target,0.99,0,17,738153,477719
logreg,102,target,0.995,0,7,738153,477729
logreg,102,target,0.999,0,1,738153,477735
tree,102,source_heldout,0.05,115369,3741,34570,3496
tree,102,source_heldout,0.1,113213,3261,36726,3976
tree,102,source_heldout,0.15,111555,2621,38384,4616
tree,102,source_heldout,0.2,108718,2459,41221,4778
tree,102,source_heldout,0.25,108128,2437,41811,4800
tree,102,source_heldout,0.3,108101,2437,41838,4800
tree,102,source_heldout,0.35,108079,2429,41860,4808
tree,102,source_heldout,0.4,108052,2424,41887,4813
tree,102,source_heldout,0.45,108052,2424,41887,4813
tree,102,source_heldout,0.5,108052,2424,41887,4813
tree,102,source_heldout,0.55,108043,2418,41896,4819
tree,102,source_heldout,0.6,107938,2397,42001,4840
tree,102,source_heldout,0.65,107938,2397,42001,4840
tree,102,source_heldout,0.7,107932,2397,42007,4840
tree,102,source_heldout,0.75,107932,2397,42007,4840
tree,102,source_heldout,0.8,107754,2389,42185,4848
tree,102,source_heldout,0.85,107754,2389,42185,4848
tree,102,source_heldout,0.9,107754,2389,42185,4848
tree,102,source_heldout,0.95,105886,2313,44053,4924
tree,102,source_heldout,0.975,105886,2313,44053,4924
tree,102,source_heldout,0.99,105886,2313,44053,4924
tree,102,source_heldout,0.995,105886,2313,44053,4924
tree,102,source_heldout,0.999,102981,2266,46958,4971
tree,102,target,0.05,621939,440749,116214,36987
tree,102,target,0.1,615051,332732,123102,145004
tree,102,target,0.15,547221,305492,190932,172244
tree,102,target,0.2,542974,305492,195179,172244
tree,102,target,0.25,539517,305492,198636,172244
tree,102,target,0.3,539517,305492,198636,172244
tree,102,target,0.35,539513,305492,198640,172244
tree,102,target,0.4,539513,305483,198640,172253
tree,102,target,0.45,539513,305483,198640,172253
tree,102,target,0.5,538330,305483,199823,172253
tree,102,target,0.55,538186,305482,199967,172254
tree,102,target,0.6,538180,305482,199973,172254
tree,102,target,0.65,538180,305482,199973,172254
tree,102,target,0.7,538180,305482,199973,172254
tree,102,target,0.75,538180,305482,199973,172254
tree,102,target,0.8,538179,305455,199974,172281
tree,102,target,0.85,538179,305455,199974,172281
tree,102,target,0.9,538179,305455,199974,172281
tree,102,target,0.95,303647,163114,434506,314622
tree,102,target,0.975,303647,163114,434506,314622
tree,102,target,0.99,303647,163114,434506,314622
tree,102,target,0.995,303647,163114,434506,314622
tree,102,target,0.999,291421,161171,446732,316565
rf,102,source_heldout,0.05,149783,4645,156,2592
rf,102,source_heldout,0.1,149595,4419,344,2818
rf,102,source_heldout,0.15,149353,4163,586,3074
rf,102,source_heldout,0.2,149014,3932,925,3305
rf,102,source_heldout,0.25,147725,3654,2214,3583
rf,102,source_heldout,0.3,147294,3473,2645,3764
rf,102,source_heldout,0.35,146832,3292,3107,3945
rf,102,source_heldout,0.4,146437,3164,3502,4073
rf,102,source_heldout,0.45,145969,2977,3970,4260
rf,102,source_heldout,0.5,145580,2865,4359,4372
rf,102,source_heldout,0.55,144923,2741,5016,4496
rf,102,source_heldout,0.6,144019,2596,5920,4641
rf,102,source_heldout,0.65,141533,2428,8406,4809
rf,102,source_heldout,0.7,137692,1523,12247,5714
rf,102,source_heldout,0.75,133329,622,16610,6615
rf,102,source_heldout,0.8,114916,498,35023,6739
rf,102,source_heldout,0.85,100621,373,49318,6864
rf,102,source_heldout,0.9,94450,262,55489,6975
rf,102,source_heldout,0.95,92106,181,57833,7056
rf,102,source_heldout,0.975,90904,121,59035,7116
rf,102,source_heldout,0.99,86969,74,62970,7163
rf,102,source_heldout,0.995,85821,58,64118,7179
rf,102,source_heldout,0.999,82508,20,67431,7217
rf,102,target,0.05,738153,477057,0,679
rf,102,target,0.1,701857,476401,36296,1335
rf,102,target,0.15,676651,475411,61502,2325
rf,102,target,0.2,674862,367586,63291,110150
rf,102,target,0.25,670061,364385,68092,113351
rf,102,target,0.3,656020,362961,82133,114775
rf,102,target,0.35,653575,360842,84578,116894
rf,102,target,0.4,632107,329010,106046,148726
rf,102,target,0.45,629241,326359,108912,151377
rf,102,target,0.5,628200,320884,109953,156852
rf,102,target,0.55,626146,316086,112007,161650
rf,102,target,0.6,619004,307328,119149,170408
rf,102,target,0.65,607791,299832,130362,177904
rf,102,target,0.7,536581,295237,201572,182499
rf,102,target,0.75,339263,156640,398890,321096
rf,102,target,0.8,290369,147675,447784,330061
rf,102,target,0.85,34139,5323,704014,472413
rf,102,target,0.9,15928,4653,722225,473083
rf,102,target,0.95,41,4076,738112,473660
rf,102,target,0.975,32,4071,738121,473665
rf,102,target,0.99,16,9,738137,477727
rf,102,target,0.995,16,7,738137,477729
rf,102,target,0.999,0,0,738153,477736
xgboost,102,source_heldout,0.05,149544,4051,395,3186
xgboost,102,source_heldout,0.1,148174,3169,1765,4068
xgboost,102,source_heldout,0.15,147379,2709,2560,4528
xgboost,102,source_heldout,0.2,144416,2439,5523,4798
xgboost,102,source_heldout,0.25,142659,2306,7280,4931
xgboost,102,source_heldout,0.3,142311,2184,7628,5053
xgboost,102,source_heldout,0.35,141620,2145,8319,5092
xgboost,102,source_heldout,0.4,141296,2120,8643,5117
xgboost,102,source_heldout,0.45,140790,2059,9149,5178
xgboost,102,source_heldout,0.5,139279,2004,10660,5233
xgboost,102,source_heldout,0.55,138743,1908,11196,5329
xgboost,102,source_heldout,0.6,136770,1234,13169,6003
xgboost,102,source_heldout,0.65,135075,383,14864,6854
xgboost,102,source_heldout,0.7,133979,281,15960,6956
xgboost,102,source_heldout,0.75,133345,251,16594,6986
xgboost,102,source_heldout,0.8,127597,226,22342,7011
xgboost,102,source_heldout,0.85,126918,199,23021,7038
xgboost,102,source_heldout,0.9,125921,148,24018,7089
xgboost,102,source_heldout,0.95,123468,86,26471,7151
xgboost,102,source_heldout,0.975,118784,44,31155,7193
xgboost,102,source_heldout,0.99,83153,14,66786,7223
xgboost,102,source_heldout,0.995,80592,4,69347,7233
xgboost,102,source_heldout,0.999,73415,1,76524,7236
xgboost,102,target,0.05,707874,434965,30279,42771
xgboost,102,target,0.1,646639,312723,91514,165013
xgboost,102,target,0.15,618509,306597,119644,171139
xgboost,102,target,0.2,609255,305042,128898,172694
xgboost,102,target,0.25,600715,299602,137438,178134
xgboost,102,target,0.3,594692,298074,143461,179662
xgboost,102,target,0.35,570599,296459,167554,181277
xgboost,102,target,0.4,565433,295199,172720,182537
xgboost,102,target,0.45,562578,294075,175575,183661
xgboost,102,target,0.5,559598,293052,178555,184684
xgboost,102,target,0.55,556092,292521,182061,185215
xgboost,102,target,0.6,551961,287953,186192,189783
xgboost,102,target,0.65,318411,145660,419742,332076
xgboost,102,target,0.7,280097,142645,458056,335091
xgboost,102,target,0.75,240096,141670,498057,336066
xgboost,102,target,0.8,25140,12175,713013,465561
xgboost,102,target,0.85,8357,1306,729796,476430
xgboost,102,target,0.9,4957,1006,733196,476730
xgboost,102,target,0.95,3495,396,734658,477340
xgboost,102,target,0.975,1075,175,737078,477561
xgboost,102,target,0.99,619,1,737534,477735
xgboost,102,target,0.995,1,0,738152,477736
xgboost,102,target,0.999,0,0,738153,477736
hgb,102,source_heldout,0.05,149609,4198,330,3039
hgb,102,source_heldout,0.1,149040,3589,899,3648
hgb,102,source_heldout,0.15,147157,2783,2782,4454
hgb,102,source_heldout,0.2,142314,1660,7625,5577
hgb,102,source_heldout,0.25,140250,1478,9689,5759
hgb,102,source_heldout,0.3,137497,710,12442,6527
hgb,102,source_heldout,0.35,136488,590,13451,6647
hgb,102,source_heldout,0.4,134682,534,15257,6703
hgb,102,source_heldout,0.45,132915,494,17024,6743
hgb,102,source_heldout,0.5,132376,451,17563,6786
hgb,102,source_heldout,0.55,131855,415,18084,6822
hgb,102,source_heldout,0.6,129829,348,20110,6889
hgb,102,source_heldout,0.65,129120,330,20819,6907
hgb,102,source_heldout,0.7,126243,296,23696,6941
hgb,102,source_heldout,0.75,123135,272,26804,6965
hgb,102,source_heldout,0.8,122156,223,27783,7014
hgb,102,source_heldout,0.85,117879,162,32060,7075
hgb,102,source_heldout,0.9,97166,108,52773,7129
hgb,102,source_heldout,0.95,83153,51,66786,7186
hgb,102,source_heldout,0.975,81317,32,68622,7205
hgb,102,source_heldout,0.99,79609,7,70330,7230
hgb,102,source_heldout,0.995,77257,6,72682,7231
hgb,102,source_heldout,0.999,68945,1,80994,7236
hgb,102,target,0.05,701562,436925,36591,40811
hgb,102,target,0.1,624871,322601,113282,155135
hgb,102,target,0.15,593579,318422,144574,159314
hgb,102,target,0.2,587363,312047,150790,165689
hgb,102,target,0.25,551216,304388,186937,173348
hgb,102,target,0.3,546835,301044,191318,176692
hgb,102,target,0.35,543820,297480,194333,180256
hgb,102,target,0.4,540908,293684,197245,184052
hgb,102,target,0.45,538246,293070,199907,184666
hgb,102,target,0.5,533263,292670,204890,185066
hgb,102,target,0.55,530903,288438,207250,189298
hgb,102,target,0.6,527294,287751,210859,189985
hgb,102,target,0.65,515508,287464,222645,190272
hgb,102,target,0.7,463958,287335,274195,190401
hgb,102,target,0.75,270862,161335,467291,316401
hgb,102,target,0.8,248858,146705,489295,331031
hgb,102,target,0.85,248523,146635,489630,331101
hgb,102,target,0.9,2945,4771,735208,472965
hgb,102,target,0.95,1242,393,736911,477343
hgb,102,target,0.975,1174,342,736979,477394
hgb,102,target,0.99,1099,0,737054,477736
hgb,102,target,0.995,334,0,737819,477736
hgb,102,target,0.999,0,0,738153,477736
mlp,102,source_heldout,0.05,149183,4085,756,3152
mlp,102,source_heldout,0.1,146230,2087,3709,5150
mlp,102,source_heldout,0.15,145607,1675,4332,5562
mlp,102,source_heldout,0.2,142430,1500,7509,5737
mlp,102,source_heldout,0.25,140348,1400,9591,5837
mlp,102,source_heldout,0.3,140141,1361,9798,5876
mlp,102,source_heldout,0.35,139768,1315,10171,5922
mlp,102,source_heldout,0.4,137020,1298,12919,5939
mlp,102,source_heldout,0.45,136777,1219,13162,6018
mlp,102,source_heldout,0.5,136633,1203,13306,6034
mlp,102,source_heldout,0.55,136159,1127,13780,6110
mlp,102,source_heldout,0.6,135779,1069,14160,6168
mlp,102,source_heldout,0.65,135522,1057,14417,6180
mlp,102,source_heldout,0.7,130925,1006,19014,6231
mlp,102,source_heldout,0.75,130229,991,19710,6246
mlp,102,source_heldout,0.8,129358,974,20581,6263
mlp,102,source_heldout,0.85,127004,928,22935,6309
mlp,102,source_heldout,0.9,125004,873,24935,6364
mlp,102,source_heldout,0.95,122409,834,27530,6403
mlp,102,source_heldout,0.975,117776,804,32163,6433
mlp,102,source_heldout,0.99,89616,775,60323,6462
mlp,102,source_heldout,0.995,81351,45,68588,7192
mlp,102,source_heldout,0.999,77886,4,72053,7233
mlp,102,target,0.05,672496,447218,65657,30518
mlp,102,target,0.1,646171,430547,91982,47189
mlp,102,target,0.15,600954,421744,137199,55992
mlp,102,target,0.2,598284,420786,139869,56950
mlp,102,target,0.25,596169,420391,141984,57345
mlp,102,target,0.3,595869,315648,142284,162088
mlp,102,target,0.35,594360,315427,143793,162309
mlp,102,target,0.4,593754,315122,144399,162614
mlp,102,target,0.45,593194,314658,144959,163078
mlp,102,target,0.5,592673,314511,145480,163225
mlp,102,target,0.55,590637,291602,147516,186134
mlp,102,target,0.6,587431,291521,150722,186215
mlp,102,target,0.65,584465,291397,153688,186339
mlp,102,target,0.7,581631,291332,156522,186404
mlp,102,target,0.75,575574,291204,162579,186532
mlp,102,target,0.8,565599,291123,172554,186613
mlp,102,target,0.85,559899,291079,178254,186657
mlp,102,target,0.9,551130,290893,187023,186843
mlp,102,target,0.95,537613,286102,200540,191634
mlp,102,target,0.975,465509,282372,272644,195364
mlp,102,target,0.99,240236,142173,497917,335563
mlp,102,target,0.995,232300,142052,505853,335684
mlp,102,target,0.999,13,118,738140,477618
majority,103,source_heldout,0.05,85029,4350,0,0
majority,103,source_heldout,0.1,85029,4350,0,0
majority,103,source_heldout,0.15,85029,4350,0,0
majority,103,source_heldout,0.2,85029,4350,0,0
majority,103,source_heldout,0.25,85029,4350,0,0
majority,103,source_heldout,0.3,85029,4350,0,0
majority,103,source_heldout,0.35,85029,4350,0,0
majority,103,source_heldout,0.4,85029,4350,0,0
majority,103,source_heldout,0.45,85029,4350,0,0
majority,103,source_heldout,0.5,85029,4350,0,0
majority,103,source_heldout,0.55,85029,4350,0,0
majority,103,source_heldout,0.6,85029,4350,0,0
majority,103,source_heldout,0.65,85029,4350,0,0
majority,103,source_heldout,0.7,85029,4350,0,0
majority,103,source_heldout,0.75,85029,4350,0,0
majority,103,source_heldout,0.8,85029,4350,0,0
majority,103,source_heldout,0.85,85029,4350,0,0
majority,103,source_heldout,0.9,85029,4350,0,0
majority,103,source_heldout,0.95,85029,4350,0,0
majority,103,source_heldout,0.975,85029,4350,0,0
majority,103,source_heldout,0.99,85029,4350,0,0
majority,103,source_heldout,0.995,85029,4350,0,0
majority,103,source_heldout,0.999,85029,4350,0,0
majority,103,target,0.05,738153,477736,0,0
majority,103,target,0.1,738153,477736,0,0
majority,103,target,0.15,738153,477736,0,0
majority,103,target,0.2,738153,477736,0,0
majority,103,target,0.25,738153,477736,0,0
majority,103,target,0.3,738153,477736,0,0
majority,103,target,0.35,738153,477736,0,0
majority,103,target,0.4,738153,477736,0,0
majority,103,target,0.45,738153,477736,0,0
majority,103,target,0.5,738153,477736,0,0
majority,103,target,0.55,738153,477736,0,0
majority,103,target,0.6,738153,477736,0,0
majority,103,target,0.65,738153,477736,0,0
majority,103,target,0.7,738153,477736,0,0
majority,103,target,0.75,738153,477736,0,0
majority,103,target,0.8,738153,477736,0,0
majority,103,target,0.85,738153,477736,0,0
majority,103,target,0.9,738153,477736,0,0
majority,103,target,0.95,738153,477736,0,0
majority,103,target,0.975,738153,477736,0,0
majority,103,target,0.99,738153,477736,0,0
majority,103,target,0.995,738153,477736,0,0
majority,103,target,0.999,738153,477736,0,0
stratified,103,source_heldout,0.05,80265,4108,4764,242
stratified,103,source_heldout,0.1,80265,4108,4764,242
stratified,103,source_heldout,0.15,80265,4108,4764,242
stratified,103,source_heldout,0.2,80265,4108,4764,242
stratified,103,source_heldout,0.25,80265,4108,4764,242
stratified,103,source_heldout,0.3,80265,4108,4764,242
stratified,103,source_heldout,0.35,80265,4108,4764,242
stratified,103,source_heldout,0.4,80265,4108,4764,242
stratified,103,source_heldout,0.45,80265,4108,4764,242
stratified,103,source_heldout,0.5,80265,4108,4764,242
stratified,103,source_heldout,0.55,80265,4108,4764,242
stratified,103,source_heldout,0.6,80265,4108,4764,242
stratified,103,source_heldout,0.65,80265,4108,4764,242
stratified,103,source_heldout,0.7,80265,4108,4764,242
stratified,103,source_heldout,0.75,80265,4108,4764,242
stratified,103,source_heldout,0.8,80265,4108,4764,242
stratified,103,source_heldout,0.85,80265,4108,4764,242
stratified,103,source_heldout,0.9,80265,4108,4764,242
stratified,103,source_heldout,0.95,80265,4108,4764,242
stratified,103,source_heldout,0.975,80265,4108,4764,242
stratified,103,source_heldout,0.99,80265,4108,4764,242
stratified,103,source_heldout,0.995,80265,4108,4764,242
stratified,103,source_heldout,0.999,80265,4108,4764,242
stratified,103,target,0.05,697000,451056,41153,26680
stratified,103,target,0.1,697000,451056,41153,26680
stratified,103,target,0.15,697000,451056,41153,26680
stratified,103,target,0.2,697000,451056,41153,26680
stratified,103,target,0.25,697000,451056,41153,26680
stratified,103,target,0.3,697000,451056,41153,26680
stratified,103,target,0.35,697000,451056,41153,26680
stratified,103,target,0.4,697000,451056,41153,26680
stratified,103,target,0.45,697000,451056,41153,26680
stratified,103,target,0.5,697000,451056,41153,26680
stratified,103,target,0.55,697000,451056,41153,26680
stratified,103,target,0.6,697000,451056,41153,26680
stratified,103,target,0.65,697000,451056,41153,26680
stratified,103,target,0.7,697000,451056,41153,26680
stratified,103,target,0.75,697000,451056,41153,26680
stratified,103,target,0.8,697000,451056,41153,26680
stratified,103,target,0.85,697000,451056,41153,26680
stratified,103,target,0.9,697000,451056,41153,26680
stratified,103,target,0.95,697000,451056,41153,26680
stratified,103,target,0.975,697000,451056,41153,26680
stratified,103,target,0.99,697000,451056,41153,26680
stratified,103,target,0.995,697000,451056,41153,26680
stratified,103,target,0.999,697000,451056,41153,26680
logreg,103,source_heldout,0.05,84163,2020,866,2330
logreg,103,source_heldout,0.1,83009,1730,2020,2620
logreg,103,source_heldout,0.15,81906,1560,3123,2790
logreg,103,source_heldout,0.2,81198,1164,3831,3186
logreg,103,source_heldout,0.25,80447,1072,4582,3278
logreg,103,source_heldout,0.3,80353,1010,4676,3340
logreg,103,source_heldout,0.35,80224,969,4805,3381
logreg,103,source_heldout,0.4,79800,894,5229,3456
logreg,103,source_heldout,0.45,79208,860,5821,3490
logreg,103,source_heldout,0.5,78793,847,6236,3503
logreg,103,source_heldout,0.55,78282,697,6747,3653
logreg,103,source_heldout,0.6,73112,675,11917,3675
logreg,103,source_heldout,0.65,58028,662,27001,3688
logreg,103,source_heldout,0.7,57811,653,27218,3697
logreg,103,source_heldout,0.75,57288,452,27741,3898
logreg,103,source_heldout,0.8,55399,212,29630,4138
logreg,103,source_heldout,0.85,52532,96,32497,4254
logreg,103,source_heldout,0.9,47703,45,37326,4305
logreg,103,source_heldout,0.95,12712,23,72317,4327
logreg,103,source_heldout,0.975,11847,14,73182,4336
logreg,103,source_heldout,0.99,5927,13,79102,4337
logreg,103,source_heldout,0.995,3080,12,81949,4338
logreg,103,source_heldout,0.999,2824,6,82205,4344
logreg,103,target,0.05,518660,187307,219493,290429
logreg,103,target,0.1,257571,20522,480582,457214
logreg,103,target,0.15,243314,19376,494839,458360
logreg,103,target,0.2,232797,18747,505356,458989
logreg,103,target,0.25,230312,18066,507841,459670
logreg,103,target,0.3,225478,12458,512675,465278
logreg,103,target,0.35,223342,12122,514811,465614
logreg,103,target,0.4,219476,11731,518677,466005
logreg,103,target,0.45,217259,11271,520894,466465
logreg,103,target,0.5,195666,7217,542487,470519
logreg,103,target,0.55,176342,6668,561811,471068
logreg,103,target,0.6,151955,5275,586198,472461
logreg,103,target,0.65,106716,3817,631437,473919
logreg,103,target,0.7,89196,3606,648957,474130
logreg,103,target,0.75,74405,2632,663748,475104
logreg,103,target,0.8,50946,2027,687207,475709
logreg,103,target,0.85,47848,1618,690305,476118
logreg,103,target,0.9,36558,580,701595,477156
logreg,103,target,0.95,14,22,738139,477714
logreg,103,target,0.975,11,10,738142,477726
logreg,103,target,0.99,0,4,738153,477732
logreg,103,target,0.995,0,2,738153,477734
logreg,103,target,0.999,0,0,738153,477736
tree,103,source_heldout,0.05,83269,1230,1760,3120
tree,103,source_heldout,0.1,82593,986,2436,3364
tree,103,source_heldout,0.15,79848,501,5181,3849
tree,103,source_heldout,0.2,79416,434,5613,3916
tree,103,source_heldout,0.25,79358,408,5671,3942
tree,103,source_heldout,0.3,79278,401,5751,3949
tree,103,source_heldout,0.35,79219,389,5810,3961
tree,103,source_heldout,0.4,79219,389,5810,3961
tree,103,source_heldout,0.45,78828,327,6201,4023
tree,103,source_heldout,0.5,78803,326,6226,4024
tree,103,source_heldout,0.55,78685,314,6344,4036
tree,103,source_heldout,0.6,78685,314,6344,4036
tree,103,source_heldout,0.65,78360,239,6669,4111
tree,103,source_heldout,0.7,77944,228,7085,4122
tree,103,source_heldout,0.75,77942,228,7087,4122
tree,103,source_heldout,0.8,77942,228,7087,4122
tree,103,source_heldout,0.85,77942,228,7087,4122
tree,103,source_heldout,0.9,77920,228,7109,4122
tree,103,source_heldout,0.95,77920,228,7109,4122
tree,103,source_heldout,0.975,77067,219,7962,4131
tree,103,source_heldout,0.99,77067,219,7962,4131
tree,103,source_heldout,0.995,77067,219,7962,4131
tree,103,source_heldout,0.999,77067,219,7962,4131
tree,103,target,0.05,631464,461063,106689,16673
tree,103,target,0.1,611227,339103,126926,138633
tree,103,target,0.15,543953,297821,194200,179915
tree,103,target,0.2,543943,297694,194210,180042
tree,103,target,0.25,543943,297680,194210,180056
tree,103,target,0.3,543941,296769,194212,180967
tree,103,target,0.35,543941,296765,194212,180971
tree,103,target,0.4,543941,296765,194212,180971
tree,103,target,0.45,543940,296765,194213,180971
tree,103,target,0.5,543890,296764,194263,180972
tree,103,target,0.55,543853,296753,194300,180983
tree,103,target,0.6,543853,296753,194300,180983
tree,103,target,0.65,543817,296750,194336,180986
tree,103,target,0.7,543816,296724,194337,181012
tree,103,target,0.75,543816,296724,194337,181012
tree,103,target,0.8,543816,296724,194337,181012
tree,103,target,0.85,543816,296724,194337,181012
tree,103,target,0.9,543816,296724,194337,181012
tree,103,target,0.95,543816,296724,194337,181012
tree,103,target,0.975,541855,296603,196298,181133
tree,103,target,0.99,541399,296214,196754,181522
tree,103,target,0.995,541399,296214,196754,181522
tree,103,target,0.999,541399,296214,196754,181522
rf,103,source_heldout,0.05,84751,3632,278,718
rf,103,source_heldout,0.1,84448,3365,581,985
rf,103,source_heldout,0.15,83456,3180,1573,1170
rf,103,source_heldout,0.2,83359,3010,1670,1340
rf,103,source_heldout,0.25,83245,2846,1784,1504
rf,103,source_heldout,0.3,83100,2729,1929,1621
rf,103,source_heldout,0.35,82791,2585,2238,1765
rf,103,source_heldout,0.4,82582,2481,2447,1869
rf,103,source_heldout,0.45,82153,594,2876,3756
rf,103,source_heldout,0.5,81937,524,3092,3826
rf,103,source_heldout,0.55,81763,481,3266,3869
rf,103,source_heldout,0.6,81659,439,3370,3911
rf,103,source_heldout,0.65,81484,402,3545,3948
rf,103,source_heldout,0.7,80936,371,4093,3979
rf,103,source_heldout,0.75,79769,325,5260,4025
rf,103,source_heldout,0.8,78379,275,6650,4075
rf,103,source_heldout,0.85,77612,237,7417,4113
rf,103,source_heldout,0.9,76149,199,8880,4151
rf,103,source_heldout,0.95,74755,78,10274,4272
rf,103,source_heldout,0.975,73343,29,11686,4321
rf,103,source_heldout,0.99,71555,15,13474,4335
rf,103,source_heldout,0.995,70636,11,14393,4339
rf,103,source_heldout,0.999,67672,0,17357,4350
rf,103,target,0.05,738106,476916,47,820
rf,103,target,0.1,737950,371498,203,106238
rf,103,target,0.15,699182,370466,38971,107270
rf,103,target,0.2,672213,368520,65940,109216
rf,103,target,0.25,661725,339378,76428,138358
rf,103,target,0.3,655391,331674,82762,146062
rf,103,target,0.35,633116,325218,105037,152518
rf,103,target,0.4,615021,323830,123132,153906
rf,103,target,0.45,613146,322591,125007,155145
rf,103,target,0.5,609505,316924,128648,160812
rf,103,target,0.55,601901,309429,136252,168307
rf,103,target,0.6,595167,295643,142986,182093
rf,103,target,0.65,556059,290654,182094,187082
rf,103,target,0.7,552120,284843,186033,192893
rf,103,target,0.75,510798,284172,227355,193564
rf,103,target,0.8,288471,143289,449682,334447
rf,103,target,0.85,52461,1026,685692,476710
rf,103,target,0.9,41274,660,696879,477076
rf,103,target,0.95,3594,383,734559,477353
rf,103,target,0.975,292,2,737861,477734
rf,103,target,0.99,0,1,738153,477735
rf,103,target,0.995,0,1,738153,477735
rf,103,target,0.999,0,1,738153,477735
xgboost,103,source_heldout,0.05,84877,3157,152,1193
xgboost,103,source_heldout,0.1,83034,885,1995,3465
xgboost,103,source_heldout,0.15,82028,554,3001,3796
xgboost,103,source_heldout,0.2,81264,434,3765,3916
xgboost,103,source_heldout,0.25,80641,387,4388,3963
xgboost,103,source_heldout,0.3,79855,337,5174,4013
xgboost,103,source_heldout,0.35,79296,308,5733,4042
xgboost,103,source_heldout,0.4,78323,278,6706,4072
xgboost,103,source_heldout,0.45,78164,262,6865,4088
xgboost,103,source_heldout,0.5,77956,239,7073,4111
xgboost,103,source_heldout,0.55,77426,217,7603,4133
xgboost,103,source_heldout,0.6,77001,180,8028,4170
xgboost,103,source_heldout,0.65,76663,133,8366,4217
xgboost,103,source_heldout,0.7,75943,110,9086,4240
xgboost,103,source_heldout,0.75,75678,99,9351,4251
xgboost,103,source_heldout,0.8,75287,94,9742,4256
xgboost,103,source_heldout,0.85,75056,85,9973,4265
xgboost,103,source_heldout,0.9,74675,77,10354,4273
xgboost,103,source_heldout,0.95,74142,74,10887,4276
xgboost,103,source_heldout,0.975,73117,68,11912,4282
xgboost,103,source_heldout,0.99,71461,64,13568,4286
xgboost,103,source_heldout,0.995,70653,62,14376,4288
xgboost,103,source_heldout,0.999,59666,52,25363,4298
xgboost,103,target,0.05,707989,428709,30164,49027
xgboost,103,target,0.1,701499,311589,36654,166147
xgboost,103,target,0.15,635744,297177,102409,180559
xgboost,103,target,0.2,608900,292287,129253,185449
xgboost,103,target,0.25,601737,291228,136416,186508
xgboost,103,target,0.3,598424,290396,139729,187340
xgboost,103,target,0.35,596403,289660,141750,188076
xgboost,103,target,0.4,576312,288935,161841,188801
xgboost,103,target,0.45,573024,288664,165129,189072
xgboost,103,target,0.5,567825,288293,170328,189443
xgboost,103,target,0.55,556885,287831,181268,189905
xgboost,103,target,0.6,553372,287445,184781,190291
xgboost,103,target,0.65,552096,286537,186057,191199
xgboost,103,target,0.7,546234,283125,191919,194611
xgboost,103,target,0.75,503733,282807,234420,194929
xgboost,103,target,0.8,410766,272009,327387,205727
xgboost,103,target,0.85,256562,160472,481591,317264
xgboost,103,target,0.9,241698,150335,496455,327401
xgboost,103,target,0.95,229474,141610,508679,336126
xgboost,103,target,0.975,226414,141587,511739,336149
xgboost,103,target,0.99,0,0,738153,477736
xgboost,103,target,0.995,0,0,738153,477736
xgboost,103,target,0.999,0,0,738153,477736
hgb,103,source_heldout,0.05,84708,1443,321,2907
hgb,103,source_heldout,0.1,81478,846,3551,3504
hgb,103,source_heldout,0.15,80485,586,4544,3764
hgb,103,source_heldout,0.2,78918,505,6111,3845
hgb,103,source_heldout,0.25,78753,428,6276,3922
hgb,103,source_heldout,0.3,78561,380,6468,3970
hgb,103,source_heldout,0.35,78383,335,6646,4015
hgb,103,source_heldout,0.4,78285,326,6744,4024
hgb,103,source_heldout,0.45,78114,290,6915,4060
hgb,103,source_heldout,0.5,77862,236,7167,4114
hgb,103,source_heldout,0.55,77549,204,7480,4146
hgb,103,source_heldout,0.6,77279,175,7750,4175
hgb,103,source_heldout,0.65,76880,110,8149,4240
hgb,103,source_heldout,0.7,76387,103,8642,4247
hgb,103,source_heldout,0.75,76190,96,8839,4254
hgb,103,source_heldout,0.8,75247,87,9782,4263
hgb,103,source_heldout,0.85,74943,78,10086,4272
hgb,103,source_heldout,0.9,74314,72,10715,4278
hgb,103,source_heldout,0.95,73322,72,11707,4278
hgb,103,source_heldout,0.975,71773,70,13256,4280
hgb,103,source_heldout,0.99,70529,65,14500,4285
hgb,103,source_heldout,0.995,68905,62,16124,4288
hgb,103,source_heldout,0.999,52832,53,32197,4297
hgb,103,target,0.05,708252,435618,29901,42118
hgb,103,target,0.1,669051,323160,69102,154576
hgb,103,target,0.15,642637,314043,95516,163693
hgb,103,target,0.2,614686,306929,123467,170807
hgb,103,target,0.25,612310,299974,125843,177762
hgb,103,target,0.3,602344,298298,135809,179438
hgb,103,target,0.35,591304,297388,146849,180348
hgb,103,target,0.4,584497,296240,153656,181496
hgb,103,target,0.45,578888,294816,159265,182920
hgb,103,target,0.5,575590,293156,162563,184580
hgb,103,target,0.55,538126,292011,200027,185725
hgb,103,target,0.6,419087,176701,319066,301035
hgb,103,target,0.65,387116,176326,351037,301410
hgb,103,target,0.7,331503,164396,406650,313340
hgb,103,target,0.75,327989,163546,410164,314190
hgb,103,target,0.8,273726,161915,464427,315821
hgb,103,target,0.85,250426,142475,487727,335261
hgb,103,target,0.9,242557,142030,495596,335706
hgb,103,target,0.95,231509,141739,506644,335997
hgb,103,target,0.975,227489,141598,510664,336138
hgb,103,target,0.99,226395,141588,511758,336148
hgb,103,target,0.995,226395,141587,511758,336149
hgb,103,target,0.999,0,0,738153,477736
mlp,103,source_heldout,0.05,84751,1549,278,2801
mlp,103,source_heldout,0.1,84058,1091,971,3259
mlp,103,source_heldout,0.15,82737,735,2292,3615
mlp,103,source_heldout,0.2,80130,601,4899,3749
mlp,103,source_heldout,0.25,79928,542,5101,3808
mlp,103,source_heldout,0.3,79790,484,5239,3866
mlp,103,source_heldout,0.35,79569,431,5460,3919
mlp,103,source_heldout,0.4,79324,374,5705,3976
mlp,103,source_heldout,0.45,79084,344,5945,4006
mlp,103,source_heldout,0.5,78834,314,6195,4036
mlp,103,source_heldout,0.55,78535,267,6494,4083
mlp,103,source_heldout,0.6,78358,247,6671,4103
mlp,103,source_heldout,0.65,77903,154,7126,4196
mlp,103,source_heldout,0.7,77792,136,7237,4214
mlp,103,source_heldout,0.75,77538,124,7491,4226
mlp,103,source_heldout,0.8,77065,117,7964,4233
mlp,103,source_heldout,0.85,76285,109,8744,4241
mlp,103,source_heldout,0.9,75694,102,9335,4248
mlp,103,source_heldout,0.95,74613,91,10416,4259
mlp,103,source_heldout,0.975,68922,85,16107,4265
mlp,103,source_heldout,0.99,63309,71,21720,4279
mlp,103,source_heldout,0.995,58284,65,26745,4285
mlp,103,source_heldout,0.999,33433,59,51596,4291
mlp,103,target,0.05,692065,451574,46088,26162
mlp,103,target,0.1,655370,438655,82783,39081
mlp,103,target,0.15,616703,403549,121450,74187
mlp,103,target,0.2,616330,401374,121823,76362
mlp,103,target,0.25,596315,397677,141838,80059
mlp,103,target,0.3,596096,292678,142057,185058
mlp,103,target,0.35,593939,292610,144214,185126
mlp,103,target,0.4,591213,292537,146940,185199
mlp,103,target,0.45,587051,292482,151102,185254
mlp,103,target,0.5,583600,292420,154553,185316
mlp,103,target,0.55,579239,292146,158914,185590
mlp,103,target,0.6,573149,291490,165004,186246
mlp,103,target,0.65,572209,291359,165944,186377
mlp,103,target,0.7,570334,291182,167819,186554
mlp,103,target,0.75,566662,291021,171491,186715
mlp,103,target,0.8,558018,290887,180135,186849
mlp,103,target,0.85,467759,289975,270394,187761
mlp,103,target,0.9,423503,289199,314650,188537
mlp,103,target,0.95,227260,148704,510893,329032
mlp,103,target,0.975,226523,144436,511630,333300
mlp,103,target,0.99,226491,144321,511662,333415
mlp,103,target,0.995,226491,141588,511662,336148
mlp,103,target,0.999,226475,141587,511678,336149
majority,104,source_heldout,0.05,97763,1227,0,0
majority,104,source_heldout,0.1,97763,1227,0,0
majority,104,source_heldout,0.15,97763,1227,0,0
majority,104,source_heldout,0.2,97763,1227,0,0
majority,104,source_heldout,0.25,97763,1227,0,0
majority,104,source_heldout,0.3,97763,1227,0,0
majority,104,source_heldout,0.35,97763,1227,0,0
majority,104,source_heldout,0.4,97763,1227,0,0
majority,104,source_heldout,0.45,97763,1227,0,0
majority,104,source_heldout,0.5,97763,1227,0,0
majority,104,source_heldout,0.55,97763,1227,0,0
majority,104,source_heldout,0.6,97763,1227,0,0
majority,104,source_heldout,0.65,97763,1227,0,0
majority,104,source_heldout,0.7,97763,1227,0,0
majority,104,source_heldout,0.75,97763,1227,0,0
majority,104,source_heldout,0.8,97763,1227,0,0
majority,104,source_heldout,0.85,97763,1227,0,0
majority,104,source_heldout,0.9,97763,1227,0,0
majority,104,source_heldout,0.95,97763,1227,0,0
majority,104,source_heldout,0.975,97763,1227,0,0
majority,104,source_heldout,0.99,97763,1227,0,0
majority,104,source_heldout,0.995,97763,1227,0,0
majority,104,source_heldout,0.999,97763,1227,0,0
majority,104,target,0.05,738153,477736,0,0
majority,104,target,0.1,738153,477736,0,0
majority,104,target,0.15,738153,477736,0,0
majority,104,target,0.2,738153,477736,0,0
majority,104,target,0.25,738153,477736,0,0
majority,104,target,0.3,738153,477736,0,0
majority,104,target,0.35,738153,477736,0,0
majority,104,target,0.4,738153,477736,0,0
majority,104,target,0.45,738153,477736,0,0
majority,104,target,0.5,738153,477736,0,0
majority,104,target,0.55,738153,477736,0,0
majority,104,target,0.6,738153,477736,0,0
majority,104,target,0.65,738153,477736,0,0
majority,104,target,0.7,738153,477736,0,0
majority,104,target,0.75,738153,477736,0,0
majority,104,target,0.8,738153,477736,0,0
majority,104,target,0.85,738153,477736,0,0
majority,104,target,0.9,738153,477736,0,0
majority,104,target,0.95,738153,477736,0,0
majority,104,target,0.975,738153,477736,0,0
majority,104,target,0.99,738153,477736,0,0
majority,104,target,0.995,738153,477736,0,0
majority,104,target,0.999,738153,477736,0,0
stratified,104,source_heldout,0.05,90480,1138,7283,89
stratified,104,source_heldout,0.1,90480,1138,7283,89
stratified,104,source_heldout,0.15,90480,1138,7283,89
stratified,104,source_heldout,0.2,90480,1138,7283,89
stratified,104,source_heldout,0.25,90480,1138,7283,89
stratified,104,source_heldout,0.3,90480,1138,7283,89
stratified,104,source_heldout,0.35,90480,1138,7283,89
stratified,104,source_heldout,0.4,90480,1138,7283,89
stratified,104,source_heldout,0.45,90480,1138,7283,89
stratified,104,source_heldout,0.5,90480,1138,7283,89
stratified,104,source_heldout,0.55,90480,1138,7283,89
stratified,104,source_heldout,0.6,90480,1138,7283,89
stratified,104,source_heldout,0.65,90480,1138,7283,89
stratified,104,source_heldout,0.7,90480,1138,7283,89
stratified,104,source_heldout,0.75,90480,1138,7283,89
stratified,104,source_heldout,0.8,90480,1138,7283,89
stratified,104,source_heldout,0.85,90480,1138,7283,89
stratified,104,source_heldout,0.9,90480,1138,7283,89
stratified,104,source_heldout,0.95,90480,1138,7283,89
stratified,104,source_heldout,0.975,90480,1138,7283,89
stratified,104,source_heldout,0.99,90480,1138,7283,89
stratified,104,source_heldout,0.995,90480,1138,7283,89
stratified,104,source_heldout,0.999,90480,1138,7283,89
stratified,104,target,0.05,683410,442292,54743,35444
stratified,104,target,0.1,683410,442292,54743,35444
stratified,104,target,0.15,683410,442292,54743,35444
stratified,104,target,0.2,683410,442292,54743,35444
stratified,104,target,0.25,683410,442292,54743,35444
stratified,104,target,0.3,683410,442292,54743,35444
stratified,104,target,0.35,683410,442292,54743,35444
stratified,104,target,0.4,683410,442292,54743,35444
stratified,104,target,0.45,683410,442292,54743,35444
stratified,104,target,0.5,683410,442292,54743,35444
stratified,104,target,0.55,683410,442292,54743,35444
stratified,104,target,0.6,683410,442292,54743,35444
stratified,104,target,0.65,683410,442292,54743,35444
stratified,104,target,0.7,683410,442292,54743,35444
stratified,104,target,0.75,683410,442292,54743,35444
stratified,104,target,0.8,683410,442292,54743,35444
stratified,104,target,0.85,683410,442292,54743,35444
stratified,104,target,0.9,683410,442292,54743,35444
stratified,104,target,0.95,683410,442292,54743,35444
stratified,104,target,0.975,683410,442292,54743,35444
stratified,104,target,0.99,683410,442292,54743,35444
stratified,104,target,0.995,683410,442292,54743,35444
stratified,104,target,0.999,683410,442292,54743,35444
logreg,104,source_heldout,0.05,96835,1036,928,191
logreg,104,source_heldout,0.1,95484,882,2279,345
logreg,104,source_heldout,0.15,95159,814,2604,413
logreg,104,source_heldout,0.2,93293,517,4470,710
logreg,104,source_heldout,0.25,91673,450,6090,777
logreg,104,source_heldout,0.3,91247,422,6516,805
logreg,104,source_heldout,0.35,90771,401,6992,826
logreg,104,source_heldout,0.4,89115,334,8648,893
logreg,104,source_heldout,0.45,85954,311,11809,916
logreg,104,source_heldout,0.5,85353,286,12410,941
logreg,104,source_heldout,0.55,84885,246,12878,981
logreg,104,source_heldout,0.6,84524,240,13239,987
logreg,104,source_heldout,0.65,81275,229,16488,998
logreg,104,source_heldout,0.7,80472,208,17291,1019
logreg,104,source_heldout,0.75,78201,159,19562,1068
logreg,104,source_heldout,0.8,56189,110,41574,1117
logreg,104,source_heldout,0.85,55104,99,42659,1128
logreg,104,source_heldout,0.9,51103,78,46660,1149
logreg,104,source_heldout,0.95,4725,20,93038,1207
logreg,104,source_heldout,0.975,3056,14,94707,1213
logreg,104,source_heldout,0.99,1392,10,96371,1217
logreg,104,source_heldout,0.995,1187,9,96576,1218
logreg,104,source_heldout,0.999,754,8,97009,1219
logreg,104,target,0.05,516889,310363,221264,167373
logreg,104,target,0.1,483959,189405,254194,288331
logreg,104,target,0.15,248695,24364,489458,453372
logreg,104,target,0.2,237698,23522,500455,454214
logreg,104,target,0.25,232061,22427,506092,455309
logreg,104,target,0.3,226394,17622,511759,460114
logreg,104,target,0.35,223887,17026,514266,460710
logreg,104,target,0.4,220497,16745,517656,460991
logreg,104,target,0.45,219435,16515,518718,461221
logreg,104,target,0.5,218028,15938,520125,461798
logreg,104,target,0.55,216183,15494,521970,462242
logreg,104,target,0.6,213789,15302,524364,462434
logreg,104,target,0.65,172164,14774,565989,462962
logreg,104,target,0.7,167169,14161,570984,463575
logreg,104,target,0.75,110168,7833,627985,469903
logreg,104,target,0.8,57263,7225,680890,470511
logreg,104,target,0.85,47533,6647,690620,471089
logreg,104,target,0.9,41491,5266,696662,472470
logreg,104,target,0.95,18,4668,738135,473068
logreg,104,target,0.975,13,4558,738140,473178
logreg,104,target,0.99,11,4548,738142,473188
logreg,104,target,0.995,0,4547,738153,473189
logreg,104,target,0.999,0,4543,738153,473193
tree,104,source_heldout,0.05,75412,421,22351,806
tree,104,source_heldout,0.1,74092,289,23671,938
tree,104,source_heldout,0.15,73733,250,24030,977
tree,104,source_heldout,0.2,73725,248,24038,979
tree,104,source_heldout,0.25,73640,245,24123,982
tree,104,source_heldout,0.3,72493,175,25270,1052
tree,104,source_heldout,0.35,72475,175,25288,1052
tree,104,source_heldout,0.4,71627,172,26136,1055
tree,104,source_heldout,0.45,71623,168,26140,1059
tree,104,source_heldout,0.5,71621,168,26142,1059
tree,104,source_heldout,0.55,71270,136,26493,1091
tree,104,source_heldout,0.6,71270,136,26493,1091
tree,104,source_heldout,0.65,71217,136,26546,1091
tree,104,source_heldout,0.7,71217,136,26546,1091
tree,104,source_heldout,0.75,71217,136,26546,1091
tree,104,source_heldout,0.8,71170,124,26593,1103
tree,104,source_heldout,0.85,71170,124,26593,1103
tree,104,source_heldout,0.9,71170,124,26593,1103
tree,104,source_heldout,0.95,69206,117,28557,1110
tree,104,source_heldout,0.975,69009,117,28754,1110
tree,104,source_heldout,0.99,69009,117,28754,1110
tree,104,source_heldout,0.995,69009,117,28754,1110
tree,104,source_heldout,0.999,68204,117,29559,1110
tree,104,target,0.05,399821,287794,338332,189942
tree,104,target,0.1,377980,175143,360173,302593
tree,104,target,0.15,340879,169738,397274,307998
tree,104,target,0.2,340862,169698,397291,308038
tree,104,target,0.25,307982,168857,430171,308879
tree,104,target,0.3,307980,168855,430173,308881
tree,104,target,0.35,307977,168848,430176,308888
tree,104,target,0.4,307977,168826,430176,308910
tree,104,target,0.45,307977,168826,430176,308910
tree,104,target,0.5,307977,168826,430176,308910
tree,104,target,0.55,307949,168812,430204,308924
tree,104,target,0.6,307949,168812,430204,308924
tree,104,target,0.65,307948,168753,430205,308983
tree,104,target,0.7,307948,168753,430205,308983
tree,104,target,0.75,307948,168753,430205,308983
tree,104,target,0.8,307948,168753,430205,308983
tree,104,target,0.85,307948,168753,430205,308983
tree,104,target,0.9,307948,168753,430205,308983
tree,104,target,0.95,307943,168753,430210,308983
tree,104,target,0.975,307943,168595,430210,309141
tree,104,target,0.99,307943,168595,430210,309141
tree,104,target,0.995,307943,168595,430210,309141
tree,104,target,0.999,307943,168595,430210,309141
rf,104,source_heldout,0.05,94571,743,3192,484
rf,104,source_heldout,0.1,94414,623,3349,604
rf,104,source_heldout,0.15,93634,497,4129,730
rf,104,source_heldout,0.2,93429,409,4334,818
rf,104,source_heldout,0.25,79619,353,18144,874
rf,104,source_heldout,0.3,76617,305,21146,922
rf,104,source_heldout,0.35,76305,259,21458,968
rf,104,source_heldout,0.4,74998,225,22765,1002
rf,104,source_heldout,0.45,74270,203,23493,1024
rf,104,source_heldout,0.5,73105,188,24658,1039
rf,104,source_heldout,0.55,69861,150,27902,1077
rf,104,source_heldout,0.6,68487,118,29276,1109
rf,104,source_heldout,0.65,67935,83,29828,1144
rf,104,source_heldout,0.7,66268,63,31495,1164
rf,104,source_heldout,0.75,57994,54,39769,1173
rf,104,source_heldout,0.8,55961,31,41802,1196
rf,104,source_heldout,0.85,48349,21,49414,1206
rf,104,source_heldout,0.9,44131,8,53632,1219
rf,104,source_heldout,0.95,16035,3,81728,1224
rf,104,source_heldout,0.975,13535,2,84228,1225
rf,104,source_heldout,0.99,11126,0,86637,1227
rf,104,source_heldout,0.995,9675,0,88088,1227
rf,104,source_heldout,0.999,7234,0,90529,1227
rf,104,target,0.05,682023,476706,56130,1030
rf,104,target,0.1,681878,370824,56275,106912
rf,104,target,0.15,678075,365733,60078,112003
rf,104,target,0.2,630576,359951,107577,117785
rf,104,target,0.25,625471,334423,112682,143313
rf,104,target,0.3,596517,325821,141636,151915
rf,104,target,0.35,593195,322797,144958,154939
rf,104,target,0.4,552765,313265,185388,164471
rf,104,target,0.45,314211,167797,423942,309939
rf,104,target,0.5,299450,164215,438703,313521
rf,104,target,0.55,282237,157726,455916,320010
rf,104,target,0.6,240648,147616,497505,330120
rf,104,target,0.65,22830,1686,715323,476050
rf,104,target,0.7,9918,420,728235,477316
rf,104,target,0.75,3784,237,734369,477499
rf,104,target,0.8,1932,48,736221,477688
rf,104,target,0.85,1121,31,737032,477705
rf,104,target,0.9,588,14,737565,477722
rf,104,target,0.95,0,1,738153,477735
rf,104,target,0.975,0,1,738153,477735
rf,104,target,0.99,0,1,738153,477735
rf,104,target,0.995,0,0,738153,477736
rf,104,target,0.999,0,0,738153,477736
xgboost,104,source_heldout,0.05,92564,348,5199,879
xgboost,104,source_heldout,0.1,91362,253,6401,974
xgboost,104,source_heldout,0.15,88415,187,9348,1040
xgboost,104,source_heldout,0.2,78166,149,19597,1078
xgboost,104,source_heldout,0.25,74851,125,22912,1102
xgboost,104,source_heldout,0.3,74258,116,23505,1111
xgboost,104,source_heldout,0.35,73936,109,23827,1118
xgboost,104,source_heldout,0.4,73398,80,24365,1147
xgboost,104,source_heldout,0.45,72521,64,25242,1163
xgboost,104,source_heldout,0.5,72266,53,25497,1174
xgboost,104,source_heldout,0.55,72041,48,25722,1179
xgboost,104,source_heldout,0.6,71848,44,25915,1183
xgboost,104,source_heldout,0.65,71411,37,26352,1190
xgboost,104,source_heldout,0.7,68589,35,29174,1192
xgboost,104,source_heldout,0.75,64688,27,33075,1200
xgboost,104,source_heldout,0.8,64172,20,33591,1207
xgboost,104,source_heldout,0.85,62302,17,35461,1210
xgboost,104,source_heldout,0.9,57060,9,40703,1218
xgboost,104,source_heldout,0.95,28966,6,68797,1221
xgboost,104,source_heldout,0.975,23744,1,74019,1226
xgboost,104,source_heldout,0.99,21617,0,76146,1227
xgboost,104,source_heldout,0.995,15110,0,82653,1227
xgboost,104,source_heldout,0.999,11758,0,86005,1227
xgboost,104,target,0.05,557555,450815,180598,26921
xgboost,104,target,0.1,338896,186985,399257,290751
xgboost,104,target,0.15,324455,170561,413698,307175
xgboost,104,target,0.2,303226,156264,434927,321472
xgboost,104,target,0.25,289909,151244,448244,326492
xgboost,104,target,0.3,55006,7691,683147,470045
xgboost,104,target,0.35,52614,5917,685539,471819
xgboost,104,target,0.4,15649,4843,722504,472893
xgboost,104,target,0.45,14299,3548,723854,474188
xgboost,104,target,0.5,13119,2113,725034,475623
xgboost,104,target,0.55,10840,1240,727313,476496
xgboost,104,target,0.6,8220,615,729933,477121
xgboost,104,target,0.65,6596,536,731557,477200
xgboost,104,target,0.7,5049,387,733104,477349
xgboost,104,target,0.75,3324,284,734829,477452
xgboost,104,target,0.8,2294,111,735859,477625
xgboost,104,target,0.85,852,46,737301,477690
xgboost,104,target,0.9,21,12,738132,477724
xgboost,104,target,0.95,0,3,738153,477733
xgboost,104,target,0.975,0,0,738153,477736
xgboost,104,target,0.99,0,0,738153,477736
xgboost,104,target,0.995,0,0,738153,477736
xgboost,104,target,0.999,0,0,738153,477736
hgb,104,source_heldout,0.05,92632,391,5131,836
hgb,104,source_heldout,0.1,76311,272,21452,955
hgb,104,source_heldout,0.15,75510,213,22253,1014
hgb,104,source_heldout,0.2,75164,183,22599,1044
hgb,104,source_heldout,0.25,74960,164,22803,1063
hgb,104,source_heldout,0.3,74294,131,23469,1096
hgb,104,source_heldout,0.35,73354,119,24409,1108
hgb,104,source_heldout,0.4,73140,103,24623,1124
hgb,104,source_heldout,0.45,72844,92,24919,1135
hgb,104,source_heldout,0.5,72380,77,25383,1150
hgb,104,source_heldout,0.55,72074,63,25689,1164
hgb,104,source_heldout,0.6,71563,48,26200,1179
hgb,104,source_heldout,0.65,66354,34,31409,1193
hgb,104,source_heldout,0.7,50530,31,47233,1196
hgb,104,source_heldout,0.75,45191,23,52572,1204
hgb,104,source_heldout,0.8,44502,19,53261,1208
hgb,104,source_heldout,0.85,43277,13,54486,1214
hgb,104,source_heldout,0.9,39823,7,57940,1220
hgb,104,source_heldout,0.95,33179,5,64584,1222
hgb,104,source_heldout,0.975,32256,3,65507,1224
hgb,104,source_heldout,0.99,25156,1,72607,1226
hgb,104,source_heldout,0.995,20891,0,76872,1227
hgb,104,source_heldout,0.999,15740,0,82023,1227
hgb,104,target,0.05,637297,456289,100856,21447
hgb,104,target,0.1,514460,336803,223693,140933
hgb,104,target,0.15,260552,164344,477601,313392
hgb,104,target,0.2,95945,39544,642208,438192
hgb,104,target,0.25,88953,36019,649200,441717
hgb,104,target,0.3,83911,35209,654242,442527
hgb,104,target,0.35,34509,17840,703644,459896
hgb,104,target,0.4,32637,16892,705516,460844
hgb,104,target,0.45,30838,14718,707315,463018
hgb,104,target,0.5,22630,10952,715523,466784
hgb,104,target,0.55,13069,9335,725084,468401
hgb,104,target,0.6,10040,7173,728113,470563
hgb,104,target,0.65,7914,5730,730239,472006
hgb,104,target,0.7,4072,4153,734081,473583
hgb,104,target,0.75,3450,3136,734703,474600
hgb,104,target,0.8,2714,2309,735439,475427
hgb,104,target,0.85,1996,1317,736157,476419
hgb,104,target,0.9,670,217,737483,477519
hgb,104,target,0.95,49,38,738104,477698
hgb,104,target,0.975,0,11,738153,477725
hgb,104,target,0.99,0,8,738153,477728
hgb,104,target,0.995,0,0,738153,477736
hgb,104,target,0.999,0,0,738153,477736
mlp,104,source_heldout,0.05,96071,698,1692,529
mlp,104,source_heldout,0.1,95127,535,2636,692
mlp,104,source_heldout,0.15,94831,416,2932,811
mlp,104,source_heldout,0.2,94658,356,3105,871
mlp,104,source_heldout,0.25,94419,332,3344,895
mlp,104,source_heldout,0.3,93247,282,4516,945
mlp,104,source_heldout,0.35,90953,167,6810,1060
mlp,104,source_heldout,0.4,89938,139,7825,1088
mlp,104,source_heldout,0.45,89087,118,8676,1109
mlp,104,source_heldout,0.5,88209,108,9554,1119
mlp,104,source_heldout,0.55,87880,94,9883,1133
mlp,104,source_heldout,0.6,87472,81,10291,1146
mlp,104,source_heldout,0.65,87044,78,10719,1149
mlp,104,source_heldout,0.7,77563,61,20200,1166
mlp,104,source_heldout,0.75,71825,42,25938,1185
mlp,104,source_heldout,0.8,69862,36,27901,1191
mlp,104,source_heldout,0.85,65178,32,32585,1195
mlp,104,source_heldout,0.9,61869,28,35894,1199
mlp,104,source_heldout,0.95,60184,18,37579,1209
mlp,104,source_heldout,0.975,58497,10,39266,1217
mlp,104,source_heldout,0.99,45521,9,52242,1218
mlp,104,source_heldout,0.995,9408,9,88355,1218
mlp,104,source_heldout,0.999,1404,9,96359,1218
mlp,104,target,0.05,650705,458807,87448,18929
mlp,104,target,0.1,600462,439381,137691,38355
mlp,104,target,0.15,571995,431719,166158,46017
mlp,104,target,0.2,561140,405597,177013,72139
mlp,104,target,0.25,340948,260936,397205,216800
mlp,104,target,0.3,296286,259852,441867,217884
mlp,104,target,0.35,259173,258824,478980,218912
mlp,104,target,0.4,256256,258611,481897,219125
mlp,104,target,0.45,250293,153902,487860,323834
mlp,104,target,0.5,19265,5406,718888,472330
mlp,104,target,0.55,16232,5297,721921,472439
mlp,104,target,0.6,10060,5257,728093,472479
mlp,104,target,0.65,6709,5015,731444,472721
mlp,104,target,0.7,4686,4746,733467,472990
mlp,104,target,0.75,2917,4693,735236,473043
mlp,104,target,0.8,1468,4679,736685,473057
mlp,104,target,0.85,623,4658,737530,473078
mlp,104,target,0.9,100,4635,738053,473101
mlp,104,target,0.95,11,4601,738142,473135
mlp,104,target,0.975,10,4582,738143,473154
mlp,104,target,0.99,0,4551,738153,473185
mlp,104,target,0.995,0,4545,738153,473191
mlp,104,target,0.999,0,4543,738153,473193
majority,105,source_heldout,0.05,89098,99,0,0
majority,105,source_heldout,0.1,89098,99,0,0
majority,105,source_heldout,0.15,89098,99,0,0
majority,105,source_heldout,0.2,89098,99,0,0
majority,105,source_heldout,0.25,89098,99,0,0
majority,105,source_heldout,0.3,89098,99,0,0
majority,105,source_heldout,0.35,89098,99,0,0
majority,105,source_heldout,0.4,89098,99,0,0
majority,105,source_heldout,0.45,89098,99,0,0
majority,105,source_heldout,0.5,89098,99,0,0
majority,105,source_heldout,0.55,89098,99,0,0
majority,105,source_heldout,0.6,89098,99,0,0
majority,105,source_heldout,0.65,89098,99,0,0
majority,105,source_heldout,0.7,89098,99,0,0
majority,105,source_heldout,0.75,89098,99,0,0
majority,105,source_heldout,0.8,89098,99,0,0
majority,105,source_heldout,0.85,89098,99,0,0
majority,105,source_heldout,0.9,89098,99,0,0
majority,105,source_heldout,0.95,89098,99,0,0
majority,105,source_heldout,0.975,89098,99,0,0
majority,105,source_heldout,0.99,89098,99,0,0
majority,105,source_heldout,0.995,89098,99,0,0
majority,105,source_heldout,0.999,89098,99,0,0
majority,105,target,0.05,738153,477736,0,0
majority,105,target,0.1,738153,477736,0,0
majority,105,target,0.15,738153,477736,0,0
majority,105,target,0.2,738153,477736,0,0
majority,105,target,0.25,738153,477736,0,0
majority,105,target,0.3,738153,477736,0,0
majority,105,target,0.35,738153,477736,0,0
majority,105,target,0.4,738153,477736,0,0
majority,105,target,0.45,738153,477736,0,0
majority,105,target,0.5,738153,477736,0,0
majority,105,target,0.55,738153,477736,0,0
majority,105,target,0.6,738153,477736,0,0
majority,105,target,0.65,738153,477736,0,0
majority,105,target,0.7,738153,477736,0,0
majority,105,target,0.75,738153,477736,0,0
majority,105,target,0.8,738153,477736,0,0
majority,105,target,0.85,738153,477736,0,0
majority,105,target,0.9,738153,477736,0,0
majority,105,target,0.95,738153,477736,0,0
majority,105,target,0.975,738153,477736,0,0
majority,105,target,0.99,738153,477736,0,0
majority,105,target,0.995,738153,477736,0,0
majority,105,target,0.999,738153,477736,0,0
stratified,105,source_heldout,0.05,82315,91,6783,8
stratified,105,source_heldout,0.1,82315,91,6783,8
stratified,105,source_heldout,0.15,82315,91,6783,8
stratified,105,source_heldout,0.2,82315,91,6783,8
stratified,105,source_heldout,0.25,82315,91,6783,8
stratified,105,source_heldout,0.3,82315,91,6783,8
stratified,105,source_heldout,0.35,82315,91,6783,8
stratified,105,source_heldout,0.4,82315,91,6783,8
stratified,105,source_heldout,0.45,82315,91,6783,8
stratified,105,source_heldout,0.5,82315,91,6783,8
stratified,105,source_heldout,0.55,82315,91,6783,8
stratified,105,source_heldout,0.6,82315,91,6783,8
stratified,105,source_heldout,0.65,82315,91,6783,8
stratified,105,source_heldout,0.7,82315,91,6783,8
stratified,105,source_heldout,0.75,82315,91,6783,8
stratified,105,source_heldout,0.8,82315,91,6783,8
stratified,105,source_heldout,0.85,82315,91,6783,8
stratified,105,source_heldout,0.9,82315,91,6783,8
stratified,105,source_heldout,0.95,82315,91,6783,8
stratified,105,source_heldout,0.975,82315,91,6783,8
stratified,105,source_heldout,0.99,82315,91,6783,8
stratified,105,source_heldout,0.995,82315,91,6783,8
stratified,105,source_heldout,0.999,82315,91,6783,8
stratified,105,target,0.05,682265,441555,55888,36181
stratified,105,target,0.1,682265,441555,55888,36181
stratified,105,target,0.15,682265,441555,55888,36181
stratified,105,target,0.2,682265,441555,55888,36181
stratified,105,target,0.25,682265,441555,55888,36181
stratified,105,target,0.3,682265,441555,55888,36181
stratified,105,target,0.35,682265,441555,55888,36181
stratified,105,target,0.4,682265,441555,55888,36181
stratified,105,target,0.45,682265,441555,55888,36181
stratified,105,target,0.5,682265,441555,55888,36181
stratified,105,target,0.55,682265,441555,55888,36181
stratified,105,target,0.6,682265,441555,55888,36181
stratified,105,target,0.65,682265,441555,55888,36181
stratified,105,target,0.7,682265,441555,55888,36181
stratified,105,target,0.75,682265,441555,55888,36181
stratified,105,target,0.8,682265,441555,55888,36181
stratified,105,target,0.85,682265,441555,55888,36181
stratified,105,target,0.9,682265,441555,55888,36181
stratified,105,target,0.95,682265,441555,55888,36181
stratified,105,target,0.975,682265,441555,55888,36181
stratified,105,target,0.99,682265,441555,55888,36181
stratified,105,target,0.995,682265,441555,55888,36181
stratified,105,target,0.999,682265,441555,55888,36181
logreg,105,source_heldout,0.05,88981,58,117,41
logreg,105,source_heldout,0.1,88337,38,761,61
logreg,105,source_heldout,0.15,88304,28,794,71
logreg,105,source_heldout,0.2,87610,24,1488,75
logreg,105,source_heldout,0.25,86872,24,2226,75
logreg,105,source_heldout,0.3,86402,22,2696,77
logreg,105,source_heldout,0.35,86306,21,2792,78
logreg,105,source_heldout,0.4,86219,21,2879,78
logreg,105,source_heldout,0.45,86080,18,3018,81
logreg,105,source_heldout,0.5,82885,17,6213,82
logreg,105,source_heldout,0.55,82658,16,6440,83
logreg,105,source_heldout,0.6,82469,14,6629,85
logreg,105,source_heldout,0.65,82232,13,6866,86
logreg,105,source_heldout,0.7,81826,13,7272,86
logreg,105,source_heldout,0.75,59465,12,29633,87
logreg,105,source_heldout,0.8,58496,12,30602,87
logreg,105,source_heldout,0.85,54585,12,34513,87
logreg,105,source_heldout,0.9,50459,12,38639,87
logreg,105,source_heldout,0.95,3476,11,85622,88
logreg,105,source_heldout,0.975,2937,10,86161,89
logreg,105,source_heldout,0.99,1275,8,87823,91
logreg,105,source_heldout,0.995,915,8,88183,91
logreg,105,source_heldout,0.999,503,4,88595,95
logreg,105,target,0.05,700959,449322,37194,28414
logreg,105,target,0.1,513707,167476,224446,310260
logreg,105,target,0.15,243953,24215,494200,453521
logreg,105,target,0.2,233030,21980,505123,455756
logreg,105,target,0.25,230256,17937,507897,459799
logreg,105,target,0.3,224034,17730,514119,460006
logreg,105,target,0.35,220267,16809,517886,460927
logreg,105,target,0.4,218591,16545,519562,461191
logreg,105,target,0.45,218053,15870,520100,461866
logreg,105,target,0.5,215970,15403,522183,462333
logreg,105,target,0.55,213850,14917,524303,462819
logreg,105,target,0.6,188771,11181,549382,466555
logreg,105,target,0.65,168056,10432,570097,467304
logreg,105,target,0.7,135476,7988,602677,469748
logreg,105,target,0.75,107495,7351,630658,470385
logreg,105,target,0.8,49627,6654,688526,471082
logreg,105,target,0.85,44959,5266,693194,472470
logreg,105,target,0.9,46,4388,738107,473348
logreg,105,target,0.95,13,3518,738140,474218
logreg,105,target,0.975,11,2158,738142,475578
logreg,105,target,0.99,0,2,738153,477734
logreg,105,target,0.995,0,1,738153,477735
logreg,105,target,0.999,0,0,738153,477736
tree,105,source_heldout,0.05,72542,91,16556,8
tree,105,source_heldout,0.1,72063,60,17035,39
tree,105,source_heldout,0.15,67627,37,21471,62
tree,105,source_heldout,0.2,67602,34,21496,65
tree,105,source_heldout,0.25,64850,30,24248,69
tree,105,source_heldout,0.3,64698,30,24400,69
tree,105,source_heldout,0.35,64698,30,24400,69
tree,105,source_heldout,0.4,64695,27,24403,72
tree,105,source_heldout,0.45,64695,27,24403,72
tree,105,source_heldout,0.5,64695,27,24403,72
tree,105,source_heldout,0.55,64695,27,24403,72
tree,105,source_heldout,0.6,64256,27,24842,72
tree,105,source_heldout,0.65,64256,27,24842,72
tree,105,source_heldout,0.7,64256,27,24842,72
tree,105,source_heldout,0.75,64256,27,24842,72
tree,105,source_heldout,0.8,64256,27,24842,72
tree,105,source_heldout,0.85,63167,27,25931,72
tree,105,source_heldout,0.9,62954,27,26144,72
tree,105,source_heldout,0.95,62952,27,26146,72
tree,105,source_heldout,0.975,62952,27,26146,72
tree,105,source_heldout,0.99,61223,27,27875,72
tree,105,source_heldout,0.995,57222,27,31876,72
tree,105,source_heldout,0.999,57222,27,31876,72
tree,105,target,0.05,653601,446346,84552,31390
tree,105,target,0.1,644486,340635,93667,137101
tree,105,target,0.15,575637,326610,162516,151126
tree,105,target,0.2,555799,300240,182354,177496
tree,105,target,0.25,555112,299449,183041,178287
tree,105,target,0.3,555112,299449,183041,178287
tree,105,target,0.35,555111,299449,183042,178287
tree,105,target,0.4,555111,299388,183042,178348
tree,105,target,0.45,555111,299388,183042,178348
tree,105,target,0.5,555108,299385,183045,178351
tree,105,target,0.55,554999,299383,183154,178353
tree,105,target,0.6,554999,299383,183154,178353
tree,105,target,0.65,554999,299383,183154,178353
tree,105,target,0.7,554999,299383,183154,178353
tree,105,target,0.75,554999,299383,183154,178353
tree,105,target,0.8,554999,299383,183154,178353
tree,105,target,0.85,554999,299383,183154,178353
tree,105,target,0.9,554998,299181,183155,178555
tree,105,target,0.95,554998,299181,183155,178555
tree,105,target,0.975,554998,299181,183155,178555
tree,105,target,0.99,554998,299130,183155,178606
tree,105,target,0.995,554998,299130,183155,178606
tree,105,target,0.999,554998,299130,183155,178606
rf,105,source_heldout,0.05,89096,89,2,10
rf,105,source_heldout,0.1,89066,78,32,21
rf,105,source_heldout,0.15,89022,72,76,27
rf,105,source_heldout,0.2,88990,69,108,30
rf,105,source_heldout,0.25,88888,63,210,36
rf,105,source_heldout,0.3,74926,56,14172,43
rf,105,source_heldout,0.35,73175,54,15923,45
rf,105,source_heldout,0.4,72266,50,16832,49
rf,105,source_heldout,0.45,72198,49,16900,50
rf,105,source_heldout,0.5,72040,45,17058,54
rf,105,source_heldout,0.55,71776,41,17322,58
rf,105,source_heldout,0.6,71424,37,17674,62
rf,105,source_heldout,0.65,71042,35,18056,64
rf,105,source_heldout,0.7,69783,25,19315,74
rf,105,source_heldout,0.75,65858,17,23240,82
rf,105,source_heldout,0.8,59250,10,29848,89
rf,105,source_heldout,0.85,58827,9,30271,90
rf,105,source_heldout,0.9,52427,5,36671,94
rf,105,source_heldout,0.95,46508,2,42590,97
rf,105,source_heldout,0.975,30666,0,58432,99
rf,105,source_heldout,0.99,7849,0,81249,99
rf,105,source_heldout,0.995,7050,0,82048,99
rf,105,source_heldout,0.999,6059,0,83039,99
rf,105,target,0.05,738128,477320,25,416
rf,105,target,0.1,737743,476406,410,1330
rf,105,target,0.15,733707,475181,4446,2555
rf,105,target,0.2,704084,450685,34069,27051
rf,105,target,0.25,696920,344101,41233,133635
rf,105,target,0.3,618822,337144,119331,140592
rf,105,target,0.35,615514,330979,122639,146757
rf,105,target,0.4,610648,327368,127505,150368
rf,105,target,0.45,605059,317801,133094,159935
rf,105,target,0.5,593582,308183,144571,169553
rf,105,target,0.55,585272,297883,152881,179853
rf,105,target,0.6,578697,293829,159456,183907
rf,105,target,0.65,536381,291116,201772,186620
rf,105,target,0.7,519630,285541,218523,192195
rf,105,target,0.75,497547,282725,240606,195011
rf,105,target,0.8,454186,281734,283967,196002
rf,105,target,0.85,229209,141666,508944,336070
rf,105,target,0.9,14,40,738139,477696
rf,105,target,0.95,0,9,738153,477727
rf,105,target,0.975,0,3,738153,477733
rf,105,target,0.99,0,1,738153,477735
rf,105,target,0.995,0,1,738153,477735
rf,105,target,0.999,0,1,738153,477735
xgboost,105,source_heldout,0.05,89080,98,18,1
xgboost,105,source_heldout,0.1,88903,73,195,26
xgboost,105,source_heldout,0.15,87468,54,1630,45
xgboost,105,source_heldout,0.2,86689,43,2409,56
xgboost,105,source_heldout,0.25,85984,39,3114,60
xgboost,105,source_heldout,0.3,81680,29,7418,70
xgboost,105,source_heldout,0.35,78749,27,10349,72
xgboost,105,source_heldout,0.4,72755,26,16343,73
xgboost,105,source_heldout,0.45,72719,24,16379,75
xgboost,105,source_heldout,0.5,71989,23,17109,76
xgboost,105,source_heldout,0.55,71826,20,17272,79
xgboost,105,source_heldout,0.6,71603,16,17495,83
xgboost,105,source_heldout,0.65,71295,13,17803,86
xgboost,105,source_heldout,0.7,70939,13,18159,86
xgboost,105,source_heldout,0.75,70081,12,19017,87
xgboost,105,source_heldout,0.8,69006,10,20092,89
xgboost,105,source_heldout,0.85,66082,9,23016,90
xgboost,105,source_heldout,0.9,65615,6,23483,93
xgboost,105,source_heldout,0.95,64873,2,24225,97
xgboost,105,source_heldout,0.975,61656,0,27442,99
xgboost,105,source_heldout,0.99,29682,0,59416,99
xgboost,105,source_heldout,0.995,16329,0,72769,99
xgboost,105,source_heldout,0.999,11269,0,77829,99
xgboost,105,target,0.05,705575,465724,32578,12012
xgboost,105,target,0.1,700503,422830,37650,54906
xgboost,105,target,0.15,658427,299551,79726,178185
xgboost,105,target,0.2,582519,292227,155634,185509
xgboost,105,target,0.25,540415,289282,197738,188454
xgboost,105,target,0.3,525047,285262,213106,192474
xgboost,105,target,0.35,519023,284599,219130,193137
xgboost,105,target,0.4,518327,284163,219826,193573
xgboost,105,target,0.45,516436,283752,221717,193984
xgboost,105,target,0.5,514964,283522,223189,194214
xgboost,105,target,0.55,513187,283262,224966,194474
xgboost,105,target,0.6,478890,282999,259263,194737
xgboost,105,target,0.65,475467,282450,262686,195286
xgboost,105,target,0.7,474794,282174,263359,195562
xgboost,105,target,0.75,473796,282028,264357,195708
xgboost,105,target,0.8,246651,140324,491502,337412
xgboost,105,target,0.85,164768,101683,573385,376053
xgboost,105,target,0.9,49689,19774,688464,457962
xgboost,105,target,0.95,0,3,738153,477733
xgboost,105,target,0.975,0,0,738153,477736
xgboost,105,target,0.99,0,0,738153,477736
xgboost,105,target,0.995,0,0,738153,477736
xgboost,105,target,0.999,0,0,738153,477736
hgb,105,source_heldout,0.05,88626,97,472,2
hgb,105,source_heldout,0.1,74653,84,14445,15
hgb,105,source_heldout,0.15,72579,41,16519,58
hgb,105,source_heldout,0.2,72458,38,16640,61
hgb,105,source_heldout,0.25,72229,34,16869,65
hgb,105,source_heldout,0.3,72052,32,17046,67
hgb,105,source_heldout,0.35,71898,31,17200,68
hgb,105,source_heldout,0.4,71738,25,17360,74
hgb,105,source_heldout,0.45,71411,24,17687,75
hgb,105,source_heldout,0.5,71251,24,17847,75
hgb,105,source_heldout,0.55,71075,24,18023,75
hgb,105,source_heldout,0.6,70742,21,18356,78
hgb,105,source_heldout,0.65,70457,20,18641,79
hgb,105,source_heldout,0.7,69591,17,19507,82
hgb,105,source_heldout,0.75,69211,11,19887,88
hgb,105,source_heldout,0.8,68947,7,20151,92
hgb,105,source_heldout,0.85,67561,5,21537,94
hgb,105,source_heldout,0.9,66760,3,22338,96
hgb,105,source_heldout,0.95,62329,0,26769,99
hgb,105,source_heldout,0.975,59647,0,29451,99
hgb,105,source_heldout,0.99,27748,0,61350,99
hgb,105,source_heldout,0.995,24493,0,64605,99
hgb,105,source_heldout,0.999,12972,0,76126,99
hgb,105,target,0.05,705018,466949,33135,10787
hgb,105,target,0.1,693117,430333,45036,47403
hgb,105,target,0.15,589503,417611,148650,60125
hgb,105,target,0.2,571437,306087,166716,171649
hgb,105,target,0.25,541130,299414,197023,178322
hgb,105,target,0.3,539839,294807,198314,182929
hgb,105,target,0.35,534813,292426,203340,185310
hgb,105,target,0.4,532190,288594,205963,189142
hgb,105,target,0.45,530917,287535,207236,190201
hgb,105,target,0.5,529221,285901,208932,191835
hgb,105,target,0.55,526943,285264,211210,192472
hgb,105,target,0.6,524898,284761,213255,192975
hgb,105,target,0.65,524344,284382,213809,193354
hgb,105,target,0.7,518399,283848,219754,193888
hgb,105,target,0.75,511059,283246,227094,194490
hgb,105,target,0.8,508229,282662,229924,195074
hgb,105,target,0.85,309058,160127,429095,317609
hgb,105,target,0.9,144,245,738009,477491
hgb,105,target,0.95,16,5,738137,477731
hgb,105,target,0.975,16,0,738137,477736
hgb,105,target,0.99,16,0,738137,477736
hgb,105,target,0.995,0,0,738153,477736
hgb,105,target,0.999,0,0,738153,477736
mlp,105,source_heldout,0.05,89044,90,54,9
mlp,105,source_heldout,0.1,88957,67,141,32
mlp,105,source_heldout,0.15,88221,49,877,50
mlp,105,source_heldout,0.2,88152,38,946,61
mlp,105,source_heldout,0.25,88102,34,996,65
mlp,105,source_heldout,0.3,88028,31,1070,68
mlp,105,source_heldout,0.35,87911,30,1187,69
mlp,105,source_heldout,0.4,87701,23,1397,76
mlp,105,source_heldout,0.45,87540,16,1558,83
mlp,105,source_heldout,0.5,87377,16,1721,83
mlp,105,source_heldout,0.55,87217,16,1881,83
mlp,105,source_heldout,0.6,86938,16,2160,83
mlp,105,source_heldout,0.65,86504,16,2594,83
mlp,105,source_heldout,0.7,85153,15,3945,84
mlp,105,source_heldout,0.75,84336,11,4762,88
mlp,105,source_heldout,0.8,83618,11,5480,88
mlp,105,source_heldout,0.85,69511,11,19587,88
mlp,105,source_heldout,0.9,65927,10,23171,89
mlp,105,source_heldout,0.95,63999,9,25099,90
mlp,105,source_heldout,0.975,62872,9,26226,90
mlp,105,source_heldout,0.99,61606,8,27492,91
mlp,105,source_heldout,0.995,58278,7,30820,92
mlp,105,source_heldout,0.999,17383,7,71715,92
mlp,105,target,0.05,691541,451297,46612,26439
mlp,105,target,0.1,670464,333662,67689,144074
mlp,105,target,0.15,581928,297464,156225,180272
mlp,105,target,0.2,561829,291838,176324,185898
mlp,105,target,0.25,557444,291288,180709,186448
mlp,105,target,0.3,556272,288230,181881,189506
mlp,105,target,0.35,554993,288029,183160,189707
mlp,105,target,0.4,552867,287757,185286,189979
mlp,105,target,0.45,544742,287238,193411,190498
mlp,105,target,0.5,477886,287130,260267,190606
mlp,105,target,0.55,457009,270768,281144,206968
mlp,105,target,0.6,280550,147074,457603,330662
mlp,105,target,0.65,269226,147028,468927,330708
mlp,105,target,0.7,257221,146771,480932,330965
mlp,105,target,0.75,250835,146637,487318,331099
mlp,105,target,0.8,17466,4995,720687,472741
mlp,105,target,0.85,12514,4971,725639,472765
mlp,105,target,0.9,5972,4615,732181,473121
mlp,105,target,0.95,1640,4548,736513,473188
mlp,105,target,0.975,1,4543,738152,473193
mlp,105,target,0.99,0,4543,738153,473193
mlp,105,target,0.995,0,4543,738153,473193
mlp,105,target,0.999,0,4543,738153,473193
majority,106,source_heldout,0.05,84344,3451,0,0
majority,106,source_heldout,0.1,84344,3451,0,0
majority,106,source_heldout,0.15,84344,3451,0,0
majority,106,source_heldout,0.2,84344,3451,0,0
majority,106,source_heldout,0.25,84344,3451,0,0
majority,106,source_heldout,0.3,84344,3451,0,0
majority,106,source_heldout,0.35,84344,3451,0,0
majority,106,source_heldout,0.4,84344,3451,0,0
majority,106,source_heldout,0.45,84344,3451,0,0
majority,106,source_heldout,0.5,84344,3451,0,0
majority,106,source_heldout,0.55,84344,3451,0,0
majority,106,source_heldout,0.6,84344,3451,0,0
majority,106,source_heldout,0.65,84344,3451,0,0
majority,106,source_heldout,0.7,84344,3451,0,0
majority,106,source_heldout,0.75,84344,3451,0,0
majority,106,source_heldout,0.8,84344,3451,0,0
majority,106,source_heldout,0.85,84344,3451,0,0
majority,106,source_heldout,0.9,84344,3451,0,0
majority,106,source_heldout,0.95,84344,3451,0,0
majority,106,source_heldout,0.975,84344,3451,0,0
majority,106,source_heldout,0.99,84344,3451,0,0
majority,106,source_heldout,0.995,84344,3451,0,0
majority,106,source_heldout,0.999,84344,3451,0,0
majority,106,target,0.05,738153,477736,0,0
majority,106,target,0.1,738153,477736,0,0
majority,106,target,0.15,738153,477736,0,0
majority,106,target,0.2,738153,477736,0,0
majority,106,target,0.25,738153,477736,0,0
majority,106,target,0.3,738153,477736,0,0
majority,106,target,0.35,738153,477736,0,0
majority,106,target,0.4,738153,477736,0,0
majority,106,target,0.45,738153,477736,0,0
majority,106,target,0.5,738153,477736,0,0
majority,106,target,0.55,738153,477736,0,0
majority,106,target,0.6,738153,477736,0,0
majority,106,target,0.65,738153,477736,0,0
majority,106,target,0.7,738153,477736,0,0
majority,106,target,0.75,738153,477736,0,0
majority,106,target,0.8,738153,477736,0,0
majority,106,target,0.85,738153,477736,0,0
majority,106,target,0.9,738153,477736,0,0
majority,106,target,0.95,738153,477736,0,0
majority,106,target,0.975,738153,477736,0,0
majority,106,target,0.99,738153,477736,0,0
majority,106,target,0.995,738153,477736,0,0
majority,106,target,0.999,738153,477736,0,0
stratified,106,source_heldout,0.05,79262,3263,5082,188
stratified,106,source_heldout,0.1,79262,3263,5082,188
stratified,106,source_heldout,0.15,79262,3263,5082,188
stratified,106,source_heldout,0.2,79262,3263,5082,188
stratified,106,source_heldout,0.25,79262,3263,5082,188
stratified,106,source_heldout,0.3,79262,3263,5082,188
stratified,106,source_heldout,0.35,79262,3263,5082,188
stratified,106,source_heldout,0.4,79262,3263,5082,188
stratified,106,source_heldout,0.45,79262,3263,5082,188
stratified,106,source_heldout,0.5,79262,3263,5082,188
stratified,106,source_heldout,0.55,79262,3263,5082,188
stratified,106,source_heldout,0.6,79262,3263,5082,188
stratified,106,source_heldout,0.65,79262,3263,5082,188
stratified,106,source_heldout,0.7,79262,3263,5082,188
stratified,106,source_heldout,0.75,79262,3263,5082,188
stratified,106,source_heldout,0.8,79262,3263,5082,188
stratified,106,source_heldout,0.85,79262,3263,5082,188
stratified,106,source_heldout,0.9,79262,3263,5082,188
stratified,106,source_heldout,0.95,79262,3263,5082,188
stratified,106,source_heldout,0.975,79262,3263,5082,188
stratified,106,source_heldout,0.99,79262,3263,5082,188
stratified,106,source_heldout,0.995,79262,3263,5082,188
stratified,106,source_heldout,0.999,79262,3263,5082,188
stratified,106,target,0.05,693937,449038,44216,28698
stratified,106,target,0.1,693937,449038,44216,28698
stratified,106,target,0.15,693937,449038,44216,28698
stratified,106,target,0.2,693937,449038,44216,28698
stratified,106,target,0.25,693937,449038,44216,28698
stratified,106,target,0.3,693937,449038,44216,28698
stratified,106,target,0.35,693937,449038,44216,28698
stratified,106,target,0.4,693937,449038,44216,28698
stratified,106,target,0.45,693937,449038,44216,28698
stratified,106,target,0.5,693937,449038,44216,28698
stratified,106,target,0.55,693937,449038,44216,28698
stratified,106,target,0.6,693937,449038,44216,28698
stratified,106,target,0.65,693937,449038,44216,28698
stratified,106,target,0.7,693937,449038,44216,28698
stratified,106,target,0.75,693937,449038,44216,28698
stratified,106,target,0.8,693937,449038,44216,28698
stratified,106,target,0.85,693937,449038,44216,28698
stratified,106,target,0.9,693937,449038,44216,28698
stratified,106,target,0.95,693937,449038,44216,28698
stratified,106,target,0.975,693937,449038,44216,28698
stratified,106,target,0.99,693937,449038,44216,28698
stratified,106,target,0.995,693937,449038,44216,28698
stratified,106,target,0.999,693937,449038,44216,28698
logreg,106,source_heldout,0.05,83349,3102,995,349
logreg,106,source_heldout,0.1,82188,2830,2156,621
logreg,106,source_heldout,0.15,81671,2519,2673,932
logreg,106,source_heldout,0.2,80203,2100,4141,1351
logreg,106,source_heldout,0.25,79737,1904,4607,1547
logreg,106,source_heldout,0.3,77956,1054,6388,2397
logreg,106,source_heldout,0.35,77295,785,7049,2666
logreg,106,source_heldout,0.4,76822,754,7522,2697
logreg,106,source_heldout,0.45,76552,724,7792,2727
logreg,106,source_heldout,0.5,76215,703,8129,2748
logreg,106,source_heldout,0.55,75747,669,8597,2782
logreg,106,source_heldout,0.6,69763,509,14581,2942
logreg,106,source_heldout,0.65,55477,487,28867,2964
logreg,106,source_heldout,0.7,55147,460,29197,2991
logreg,106,source_heldout,0.75,54602,164,29742,3287
logreg,106,source_heldout,0.8,54103,150,30241,3301
logreg,106,source_heldout,0.85,52647,69,31697,3382
logreg,106,source_heldout,0.9,47100,37,37244,3414
logreg,106,source_heldout,0.95,12561,25,71783,3426
logreg,106,source_heldout,0.975,9093,14,75251,3437
logreg,106,source_heldout,0.99,3223,11,81121,3440
logreg,106,source_heldout,0.995,3160,10,81184,3441
logreg,106,source_heldout,0.999,2882,6,81462,3445
logreg,106,target,0.05,561794,283258,176359,194478
logreg,106,target,0.1,257539,21198,480614,456538
logreg,106,target,0.15,244380,20296,493773,457440
logreg,106,target,0.2,233874,15234,504279,462502
logreg,106,target,0.25,230686,13994,507467,463742
logreg,106,target,0.3,230100,13638,508053,464098
logreg,106,target,0.35,224172,12992,513981,464744
logreg,106,target,0.4,221249,12056,516904,465680
logreg,106,target,0.45,218563,11741,519590,465995
logreg,106,target,0.5,217095,11111,521058,466625
logreg,106,target,0.55,216267,10982,521886,466754
logreg,106,target,0.6,178060,10428,560093,467308
logreg,106,target,0.65,130788,6097,607365,471639
logreg,106,target,0.7,90312,3860,647841,473876
logreg,106,target,0.75,70942,2842,667211,474894
logreg,106,target,0.8,51368,2497,686785,475239
logreg,106,target,0.85,48296,1859,689857,475877
logreg,106,target,0.9,46178,1169,691975,476567
logreg,106,target,0.95,42,36,738111,477700
logreg,106,target,0.975,11,12,738142,477724
logreg,106,target,0.99,0,4,738153,477732
logreg,106,target,0.995,0,2,738153,477734
logreg,106,target,0.999,0,0,738153,477736
tree,106,source_heldout,0.05,82726,2391,1618,1060
tree,106,source_heldout,0.1,81542,1656,2802,1795
tree,106,source_heldout,0.15,79066,1301,5278,2150
tree,106,source_heldout,0.2,78734,1139,5610,2312
tree,106,source_heldout,0.25,78599,1136,5745,2315
tree,106,source_heldout,0.3,78550,1130,5794,2321
tree,106,source_heldout,0.35,78453,1111,5891,2340
tree,106,source_heldout,0.4,76921,1097,7423,2354
tree,106,source_heldout,0.45,76909,1097,7435,2354
tree,106,source_heldout,0.5,76653,1087,7691,2364
tree,106,source_heldout,0.55,76591,1083,7753,2368
tree,106,source_heldout,0.6,76591,1083,7753,2368
tree,106,source_heldout,0.65,76551,1083,7793,2368
tree,106,source_heldout,0.7,76389,1051,7955,2400
tree,106,source_heldout,0.75,76264,1037,8080,2414
tree,106,source_heldout,0.8,76254,1037,8090,2414
tree,106,source_heldout,0.85,76254,1037,8090,2414
tree,106,source_heldout,0.9,76254,1037,8090,2414
tree,106,source_heldout,0.95,76254,1037,8090,2414
tree,106,source_heldout,0.975,76254,1037,8090,2414
tree,106,source_heldout,0.99,76254,1037,8090,2414
tree,106,source_heldout,0.995,55059,1024,29285,2427
tree,106,source_heldout,0.999,55059,1024,29285,2427
tree,106,target,0.05,645047,346054,93106,131682
tree,106,target,0.1,600777,337754,137376,139982
tree,106,target,0.15,575981,326416,162172,151320
tree,106,target,0.2,541919,325042,196234,152694
tree,106,target,0.25,541919,325042,196234,152694
tree,106,target,0.3,541918,325042,196235,152694
tree,106,target,0.35,541918,324959,196235,152777
tree,106,target,0.4,511927,324948,226226,152788
tree,106,target,0.45,511927,324948,226226,152788
tree,106,target,0.5,511927,324948,226226,152788
tree,106,target,0.55,511927,324948,226226,152788
tree,106,target,0.6,511927,324948,226226,152788
tree,106,target,0.65,511927,324948,226226,152788
tree,106,target,0.7,511847,302105,226306,175631
tree,106,target,0.75,511847,302105,226306,175631
tree,106,target,0.8,511847,302105,226306,175631
tree,106,target,0.85,511847,302105,226306,175631
tree,106,target,0.9,511847,302105,226306,175631
tree,106,target,0.95,511847,302105,226306,175631
tree,106,target,0.975,511847,302105,226306,175631
tree,106,target,0.99,511847,302105,226306,175631
tree,106,target,0.995,511847,302105,226306,175631
tree,106,target,0.999,511847,302105,226306,175631
rf,106,source_heldout,0.05,84213,2866,131,585
rf,106,source_heldout,0.1,84069,2628,275,823
rf,106,source_heldout,0.15,83878,2384,466,1067
rf,106,source_heldout,0.2,82804,2146,1540,1305
rf,106,source_heldout,0.25,82160,1970,2184,1481
rf,106,source_heldout,0.3,81981,1872,2363,1579
rf,106,source_heldout,0.35,81792,1744,2552,1707
rf,106,source_heldout,0.4,81584,1626,2760,1825
rf,106,source_heldout,0.45,81357,1545,2987,1906
rf,106,source_heldout,0.5,81068,1491,3276,1960
rf,106,source_heldout,0.55,80721,1402,3623,2049
rf,106,source_heldout,0.6,80222,1305,4122,2146
rf,106,source_heldout,0.65,79385,1213,4959,2238
rf,106,source_heldout,0.7,77807,1126,6537,2325
rf,106,source_heldout,0.75,75780,249,8564,3202
rf,106,source_heldout,0.8,75348,162,8996,3289
rf,106,source_heldout,0.85,74821,101,9523,3350
rf,106,source_heldout,0.9,74242,78,10102,3373
rf,106,source_heldout,0.95,72730,60,11614,3391
rf,106,source_heldout,0.975,68229,48,16115,3403
rf,106,source_heldout,0.99,61301,44,23043,3407
rf,106,source_heldout,0.995,60746,27,23598,3424
rf,106,source_heldout,0.999,59518,11,24826,3440
rf,106,target,0.05,738106,477130,47,606
rf,106,target,0.1,701867,371766,36286,105970
rf,106,target,0.15,681924,369981,56229,107755
rf,106,target,0.2,677299,368240,60854,109496
rf,106,target,0.25,660227,344372,77926,133364
rf,106,target,0.3,654958,342572,83195,135164
rf,106,target,0.35,653695,340944,84458,136792
rf,106,target,0.4,633371,336133,104782,141603
rf,106,target,0.45,631682,329701,106471,148035
rf,106,target,0.5,628597,322913,109556,154823
rf,106,target,0.55,622782,318453,115371,159283
rf,106,target,0.6,617144,305867,121009,171869
rf,106,target,0.65,578332,298400,159821,179336
rf,106,target,0.7,571805,292834,166348,184902
rf,106,target,0.75,563111,289953,175042,187783
rf,106,target,0.8,546543,287757,191610,189979
rf,106,target,0.85,527700,286791,210453,190945
rf,106,target,0.9,507005,286198,231148,191538
rf,106,target,0.95,186030,144080,552123,333656
rf,106,target,0.975,32,4070,738121,473666
rf,106,target,0.99,16,9,738137,477727
rf,106,target,0.995,0,6,738153,477730
rf,106,target,0.999,0,0,738153,477736
xgboost,106,source_heldout,0.05,83847,2294,497,1157
xgboost,106,source_heldout,0.1,82878,1661,1466,1790
xgboost,106,source_heldout,0.15,82114,1395,2230,2056
xgboost,106,source_heldout,0.2,81412,1295,2932,2156
xgboost,106,source_heldout,0.25,80052,1233,4292,2218
xgboost,106,source_heldout,0.3,79548,1168,4796,2283
xgboost,106,source_heldout,0.35,79133,859,5211,2592
xgboost,106,source_heldout,0.4,77525,826,6819,2625
xgboost,106,source_heldout,0.45,76907,784,7437,2667
xgboost,106,source_heldout,0.5,76500,745,7844,2706
xgboost,106,source_heldout,0.55,75212,211,9132,3240
xgboost,106,source_heldout,0.6,74800,163,9544,3288
xgboost,106,source_heldout,0.65,74629,152,9715,3299
xgboost,106,source_heldout,0.7,74130,114,10214,3337
xgboost,106,source_heldout,0.75,72895,84,11449,3367
xgboost,106,source_heldout,0.8,72708,75,11636,3376
xgboost,106,source_heldout,0.85,72157,61,12187,3390
xgboost,106,source_heldout,0.9,71717,41,12627,3410
xgboost,106,source_heldout,0.95,71089,34,13255,3417
xgboost,106,source_heldout,0.975,70218,33,14126,3418
xgboost,106,source_heldout,0.99,67138,32,17206,3419
xgboost,106,source_heldout,0.995,65519,31,18825,3420
xgboost,106,source_heldout,0.999,48369,14,35975,3437
xgboost,106,target,0.05,694370,460339,43783,17397
xgboost,106,target,0.1,667970,425320,70183,52416
xgboost,106,target,0.15,622104,415087,116049,62649
xgboost,106,target,0.2,618027,304587,120126,173149
xgboost,106,target,0.25,614408,303151,123745,174585
xgboost,106,target,0.3,609758,301827,128395,175909
xgboost,106,target,0.35,606772,301013,131381,176723
xgboost,106,target,0.4,600966,297255,137187,180481
xgboost,106,target,0.45,594500,296558,143653,181178
xgboost,106,target,0.5,589811,296126,148342,181610
xgboost,106,target,0.55,585617,294773,152536,182963
xgboost,106,target,0.6,579043,293261,159110,184475
xgboost,106,target,0.65,543230,292037,194923,185699
xgboost,106,target,0.7,540002,291672,198151,186064
xgboost,106,target,0.75,534936,291307,203217,186429
xgboost,106,target,0.8,507483,290915,230670,186821
xgboost,106,target,0.85,501739,290630,236414,187106
xgboost,106,target,0.9,492763,289973,245390,187763
xgboost,106,target,0.95,253349,141082,484804,336654
xgboost,106,target,0.975,217224,140003,520929,337733
xgboost,106,target,0.99,0,0,738153,477736
xgboost,106,target,0.995,0,0,738153,477736
xgboost,106,target,0.999,0,0,738153,477736
hgb,106,source_heldout,0.05,84116,2557,228,894
hgb,106,source_heldout,0.1,82884,1747,1460,1704
hgb,106,source_heldout,0.15,82326,1476,2018,1975
hgb,106,source_heldout,0.2,81693,1337,2651,2114
hgb,106,source_heldout,0.25,81252,1248,3092,2203
hgb,106,source_heldout,0.3,80224,1170,4120,2281
hgb,106,source_heldout,0.35,77731,622,6613,2829
hgb,106,source_heldout,0.4,77151,324,7193,3127
hgb,106,source_heldout,0.45,76775,300,7569,3151
hgb,106,source_heldout,0.5,76015,241,8329,3210
hgb,106,source_heldout,0.55,75657,176,8687,3275
hgb,106,source_heldout,0.6,75501,165,8843,3286
hgb,106,source_heldout,0.65,75364,147,8980,3304
hgb,106,source_heldout,0.7,75032,135,9312,3316
hgb,106,source_heldout,0.75,74876,110,9468,3341
hgb,106,source_heldout,0.8,73461,89,10883,3362
hgb,106,source_heldout,0.85,72630,72,11714,3379
hgb,106,source_heldout,0.9,72000,49,12344,3402
hgb,106,source_heldout,0.95,70800,29,13544,3422
hgb,106,source_heldout,0.975,69151,27,15193,3424
hgb,106,source_heldout,0.99,61238,20,23106,3431
hgb,106,source_heldout,0.995,54349,19,29995,3432
hgb,106,source_heldout,0.999,39634,10,44710,3441
hgb,106,target,0.05,683708,461477,54445,16259
hgb,106,target,0.1,643789,323184,94364,154552
hgb,106,target,0.15,614756,312270,123397,165466
hgb,106,target,0.2,603216,308059,134937,169677
hgb,106,target,0.25,594095,305032,144058,172704
hgb,106,target,0.3,591076,303657,147077,174079
hgb,106,target,0.35,589571,302070,148582,175666
hgb,106,target,0.4,583812,297530,154341,180206
hgb,106,target,0.45,581027,296735,157126,181001
hgb,106,target,0.5,577769,296211,160384,181525
hgb,106,target,0.55,574734,296005,163419,181731
hgb,106,target,0.6,572195,295436,165958,182300
hgb,106,target,0.65,570219,294250,167934,183486
hgb,106,target,0.7,566565,293879,171588,183857
hgb,106,target,0.75,562101,292554,176052,185182
hgb,106,target,0.8,525224,291431,212929,186305
hgb,106,target,0.85,513937,291124,224216,186612
hgb,106,target,0.9,501709,290801,236444,186935
hgb,106,target,0.95,246726,140923,491427,336813
hgb,106,target,0.975,174446,131309,563707,346427
hgb,106,target,0.99,3,111,738150,477625
hgb,106,target,0.995,0,0,738153,477736
hgb,106,target,0.999,0,0,738153,477736
mlp,106,source_heldout,0.05,83753,2370,591,1081
mlp,106,source_heldout,0.1,82507,1801,1837,1650
mlp,106,source_heldout,0.15,81656,1336,2688,2115
mlp,106,source_heldout,0.2,81099,1262,3245,2189
mlp,106,source_heldout,0.25,79547,966,4797,2485
mlp,106,source_heldout,0.3,77003,344,7341,3107
mlp,106,source_heldout,0.35,76907,326,7437,3125
mlp,106,source_heldout,0.4,76778,289,7566,3162
mlp,106,source_heldout,0.45,76596,264,7748,3187
mlp,106,source_heldout,0.5,76483,254,7861,3197
mlp,106,source_heldout,0.55,76132,211,8212,3240
mlp,106,source_heldout,0.6,75500,156,8844,3295
mlp,106,source_heldout,0.65,75079,130,9265,3321
mlp,106,source_heldout,0.7,74522,119,9822,3332
mlp,106,source_heldout,0.75,74067,114,10277,3337
mlp,106,source_heldout,0.8,73697,97,10647,3354
mlp,106,source_heldout,0.85,73187,74,11157,3377
mlp,106,source_heldout,0.9,72784,57,11560,3394
mlp,106,source_heldout,0.95,71819,38,12525,3413
mlp,106,source_heldout,0.975,71008,27,13336,3424
mlp,106,source_heldout,0.99,66734,20,17610,3431
mlp,106,source_heldout,0.995,66243,18,18101,3433
mlp,106,source_heldout,0.999,60880,11,23464,3440
mlp,106,target,0.05,692992,443789,45161,33947
mlp,106,target,0.1,691215,441737,46938,35999
mlp,106,target,0.15,632917,409237,105236,68499
mlp,106,target,0.2,596056,408637,142097,69099
mlp,106,target,0.25,594296,299828,143857,177908
mlp,106,target,0.3,593437,295521,144716,182215
mlp,106,target,0.35,592598,294479,145555,183257
mlp,106,target,0.4,590402,291855,147751,185881
mlp,106,target,0.45,586534,291715,151619,186021
mlp,106,target,0.5,584188,291307,153965,186429
mlp,106,target,0.55,550090,290998,188063,186738
mlp,106,target,0.6,548728,290938,189425,186798
mlp,106,target,0.65,547138,290845,191015,186891
mlp,106,target,0.7,546164,290248,191989,187488
mlp,106,target,0.75,544298,290194,193855,187542
mlp,106,target,0.8,538411,290135,199742,187601
mlp,106,target,0.85,523495,289927,214658,187809
mlp,106,target,0.9,514963,289487,223190,188249
mlp,106,target,0.95,513886,288932,224267,188804
mlp,106,target,0.975,498132,288540,240021,189196
mlp,106,target,0.99,450577,288353,287576,189383
mlp,106,target,0.995,231874,148384,506279,329352
mlp,106,target,0.999,0,1,738153,477735
majority,107,source_heldout,0.05,88603,19,0,0
majority,107,source_heldout,0.1,88603,19,0,0
majority,107,source_heldout,0.15,88603,19,0,0
majority,107,source_heldout,0.2,88603,19,0,0
majority,107,source_heldout,0.25,88603,19,0,0
majority,107,source_heldout,0.3,88603,19,0,0
majority,107,source_heldout,0.35,88603,19,0,0
majority,107,source_heldout,0.4,88603,19,0,0
majority,107,source_heldout,0.45,88603,19,0,0
majority,107,source_heldout,0.5,88603,19,0,0
majority,107,source_heldout,0.55,88603,19,0,0
majority,107,source_heldout,0.6,88603,19,0,0
majority,107,source_heldout,0.65,88603,19,0,0
majority,107,source_heldout,0.7,88603,19,0,0
majority,107,source_heldout,0.75,88603,19,0,0
majority,107,source_heldout,0.8,88603,19,0,0
majority,107,source_heldout,0.85,88603,19,0,0
majority,107,source_heldout,0.9,88603,19,0,0
majority,107,source_heldout,0.95,88603,19,0,0
majority,107,source_heldout,0.975,88603,19,0,0
majority,107,source_heldout,0.99,88603,19,0,0
majority,107,source_heldout,0.995,88603,19,0,0
majority,107,source_heldout,0.999,88603,19,0,0
majority,107,target,0.05,738153,477736,0,0
majority,107,target,0.1,738153,477736,0,0
majority,107,target,0.15,738153,477736,0,0
majority,107,target,0.2,738153,477736,0,0
majority,107,target,0.25,738153,477736,0,0
majority,107,target,0.3,738153,477736,0,0
majority,107,target,0.35,738153,477736,0,0
majority,107,target,0.4,738153,477736,0,0
majority,107,target,0.45,738153,477736,0,0
majority,107,target,0.5,738153,477736,0,0
majority,107,target,0.55,738153,477736,0,0
majority,107,target,0.6,738153,477736,0,0
majority,107,target,0.65,738153,477736,0,0
majority,107,target,0.7,738153,477736,0,0
majority,107,target,0.75,738153,477736,0,0
majority,107,target,0.8,738153,477736,0,0
majority,107,target,0.85,738153,477736,0,0
majority,107,target,0.9,738153,477736,0,0
majority,107,target,0.95,738153,477736,0,0
majority,107,target,0.975,738153,477736,0,0
majority,107,target,0.99,738153,477736,0,0
majority,107,target,0.995,738153,477736,0,0
majority,107,target,0.999,738153,477736,0,0
stratified,107,source_heldout,0.05,81888,18,6715,1
stratified,107,source_heldout,0.1,81888,18,6715,1
stratified,107,source_heldout,0.15,81888,18,6715,1
stratified,107,source_heldout,0.2,81888,18,6715,1
stratified,107,source_heldout,0.25,81888,18,6715,1
stratified,107,source_heldout,0.3,81888,18,6715,1
stratified,107,source_heldout,0.35,81888,18,6715,1
stratified,107,source_heldout,0.4,81888,18,6715,1
stratified,107,source_heldout,0.45,81888,18,6715,1
stratified,107,source_heldout,0.5,81888,18,6715,1
stratified,107,source_heldout,0.55,81888,18,6715,1
stratified,107,source_heldout,0.6,81888,18,6715,1
stratified,107,source_heldout,0.65,81888,18,6715,1
stratified,107,source_heldout,0.7,81888,18,6715,1
stratified,107,source_heldout,0.75,81888,18,6715,1
stratified,107,source_heldout,0.8,81888,18,6715,1
stratified,107,source_heldout,0.85,81888,18,6715,1
stratified,107,source_heldout,0.9,81888,18,6715,1
stratified,107,source_heldout,0.95,81888,18,6715,1
stratified,107,source_heldout,0.975,81888,18,6715,1
stratified,107,source_heldout,0.99,81888,18,6715,1
stratified,107,source_heldout,0.995,81888,18,6715,1
stratified,107,source_heldout,0.999,81888,18,6715,1
stratified,107,target,0.05,682424,441667,55729,36069
stratified,107,target,0.1,682424,441667,55729,36069
stratified,107,target,0.15,682424,441667,55729,36069
stratified,107,target,0.2,682424,441667,55729,36069
stratified,107,target,0.25,682424,441667,55729,36069
stratified,107,target,0.3,682424,441667,55729,36069
stratified,107,target,0.35,682424,441667,55729,36069
stratified,107,target,0.4,682424,441667,55729,36069
stratified,107,target,0.45,682424,441667,55729,36069
stratified,107,target,0.5,682424,441667,55729,36069
stratified,107,target,0.55,682424,441667,55729,36069
stratified,107,target,0.6,682424,441667,55729,36069
stratified,107,target,0.65,682424,441667,55729,36069
stratified,107,target,0.7,682424,441667,55729,36069
stratified,107,target,0.75,682424,441667,55729,36069
stratified,107,target,0.8,682424,441667,55729,36069
stratified,107,target,0.85,682424,441667,55729,36069
stratified,107,target,0.9,682424,441667,55729,36069
stratified,107,target,0.95,682424,441667,55729,36069
stratified,107,target,0.975,682424,441667,55729,36069
stratified,107,target,0.99,682424,441667,55729,36069
stratified,107,target,0.995,682424,441667,55729,36069
stratified,107,target,0.999,682424,441667,55729,36069
logreg,107,source_heldout,0.05,88580,10,23,9
logreg,107,source_heldout,0.1,87959,6,644,13
logreg,107,source_heldout,0.15,87941,4,662,15
logreg,107,source_heldout,0.2,87322,4,1281,15
logreg,107,source_heldout,0.25,86814,3,1789,16
logreg,107,source_heldout,0.3,86210,3,2393,16
logreg,107,source_heldout,0.35,86073,3,2530,16
logreg,107,source_heldout,0.4,85988,3,2615,16
logreg,107,source_heldout,0.45,85790,3,2813,16
logreg,107,source_heldout,0.5,82704,3,5899,16
logreg,107,source_heldout,0.55,82463,3,6140,16
logreg,107,source_heldout,0.6,82315,3,6288,16
logreg,107,source_heldout,0.65,82081,3,6522,16
logreg,107,source_heldout,0.7,80389,3,8214,16
logreg,107,source_heldout,0.75,59496,3,29107,16
logreg,107,source_heldout,0.8,58417,2,30186,17
logreg,107,source_heldout,0.85,54523,2,34080,17
logreg,107,source_heldout,0.9,49499,0,39104,19
logreg,107,source_heldout,0.95,3451,0,85152,19
logreg,107,source_heldout,0.975,2547,0,86056,19
logreg,107,source_heldout,0.99,1241,0,87362,19
logreg,107,source_heldout,0.995,870,0,87733,19
logreg,107,source_heldout,0.999,501,0,88102,19
logreg,107,target,0.05,700845,448340,37308,29396
logreg,107,target,0.1,512667,163139,225486,314597
logreg,107,target,0.15,241577,19735,496576,458001
logreg,107,target,0.2,232359,19048,505794,458688
logreg,107,target,0.25,229738,15619,508415,462117
logreg,107,target,0.3,224052,13109,514101,464627
logreg,107,target,0.35,220290,12336,517863,465400
logreg,107,target,0.4,218668,11989,519485,465747
logreg,107,target,0.45,218105,11364,520048,466372
logreg,107,target,0.5,217206,10990,520947,466746
logreg,107,target,0.55,213958,10372,524195,467364
logreg,107,target,0.6,188184,6611,549969,471125
logreg,107,target,0.65,131410,5918,606743,471818
logreg,107,target,0.7,95230,3571,642923,474165
logreg,107,target,0.75,68344,2648,669809,475088
logreg,107,target,0.8,48707,2255,689446,475481
logreg,107,target,0.85,45237,984,692916,476752
logreg,107,target,0.9,46,141,738107,477595
logreg,107,target,0.95,13,8,738140,477728
logreg,107,target,0.975,11,5,738142,477731
logreg,107,target,0.99,0,2,738153,477734
logreg,107,target,0.995,0,1,738153,477735
logreg,107,target,0.999,0,0,738153,477736
tree,107,source_heldout,0.05,72240,15,16363,4
tree,107,source_heldout,0.1,72162,14,16441,5
tree,107,source_heldout,0.15,71619,12,16984,7
tree,107,source_heldout,0.2,71116,8,17487,11
tree,107,source_heldout,0.25,71107,7,17496,12
tree,107,source_heldout,0.3,71106,7,17497,12
tree,107,source_heldout,0.35,71106,7,17497,12
tree,107,source_heldout,0.4,71106,7,17497,12
tree,107,source_heldout,0.45,70500,7,18103,12
tree,107,source_heldout,0.5,70500,7,18103,12
tree,107,source_heldout,0.55,70500,7,18103,12
tree,107,source_heldout,0.6,70494,7,18109,12
tree,107,source_heldout,0.65,70468,7,18135,12
tree,107,source_heldout,0.7,70464,7,18139,12
tree,107,source_heldout,0.75,70460,7,18143,12
tree,107,source_heldout,0.8,70460,7,18143,12
tree,107,source_heldout,0.85,70459,7,18144,12
tree,107,source_heldout,0.9,70310,7,18293,12
tree,107,source_heldout,0.95,70107,7,18496,12
tree,107,source_heldout,0.975,70107,7,18496,12
tree,107,source_heldout,0.99,68708,7,19895,12
tree,107,source_heldout,0.995,68708,7,19895,12
tree,107,source_heldout,0.999,55980,7,32623,12
tree,107,target,0.05,623667,454115,114486,23621
tree,107,target,0.1,598250,344059,139903,133677
tree,107,target,0.15,575987,327541,162166,150195
tree,107,target,0.2,575865,326836,162288,150900
tree,107,target,0.25,542976,303769,195177,173967
tree,107,target,0.3,542976,303722,195177,174014
tree,107,target,0.35,542976,303721,195177,174015
tree,107,target,0.4,542976,303718,195177,174018
tree,107,target,0.45,542976,303718,195177,174018
tree,107,target,0.5,542976,303715,195177,174021
tree,107,target,0.55,542976,303714,195177,174022
tree,107,target,0.6,542975,303714,195178,174022
tree,107,target,0.65,542975,303713,195178,174023
tree,107,target,0.7,542975,303712,195178,174024
tree,107,target,0.75,542974,303650,195179,174086
tree,107,target,0.8,542974,303650,195179,174086
tree,107,target,0.85,542974,303646,195179,174090
tree,107,target,0.9,542974,303088,195179,174648
tree,107,target,0.95,542974,303088,195179,174648
tree,107,target,0.975,542974,303088,195179,174648
tree,107,target,0.99,542974,303088,195179,174648
tree,107,target,0.995,542974,303088,195179,174648
tree,107,target,0.999,542974,303088,195179,174648
rf,107,source_heldout,0.05,88603,19,0,0
rf,107,source_heldout,0.1,88603,19,0,0
rf,107,source_heldout,0.15,88596,17,7,2
rf,107,source_heldout,0.2,88596,17,7,2
rf,107,source_heldout,0.25,88591,17,12,2
rf,107,source_heldout,0.3,88554,17,49,2
rf,107,source_heldout,0.35,88159,16,444,3
rf,107,source_heldout,0.4,76532,15,12071,4
rf,107,source_heldout,0.45,73337,15,15266,4
rf,107,source_heldout,0.5,72135,12,16468,7
rf,107,source_heldout,0.55,70943,11,17660,8
rf,107,source_heldout,0.6,70350,10,18253,9
rf,107,source_heldout,0.65,69496,9,19107,10
rf,107,source_heldout,0.7,68713,7,19890,12
rf,107,source_heldout,0.75,68408,3,20195,16
rf,107,source_heldout,0.8,65240,0,23363,19
rf,107,source_heldout,0.85,61620,0,26983,19
rf,107,source_heldout,0.9,47608,0,40995,19
rf,107,source_heldout,0.95,41207,0,47396,19
rf,107,source_heldout,0.975,38593,0,50010,19
rf,107,source_heldout,0.99,12096,0,76507,19
rf,107,source_heldout,0.995,8737,0,79866,19
rf,107,source_heldout,0.999,7503,0,81100,19
rf,107,target,0.05,701962,477454,36191,282
rf,107,target,0.1,701896,476081,36257,1655
rf,107,target,0.15,696013,368953,42140,108783
rf,107,target,0.2,656502,367341,81651,110395
rf,107,target,0.25,653850,341650,84303,136086
rf,107,target,0.3,652969,339221,85184,138515
rf,107,target,0.35,629007,332838,109146,144898
rf,107,target,0.4,624583,326637,113570,151099
rf,107,target,0.45,619043,319871,119110,157865
rf,107,target,0.5,606550,309900,131603,167836
rf,107,target,0.55,596776,301368,141377,176368
rf,107,target,0.6,589599,293465,148554,184271
rf,107,target,0.65,553207,290670,184946,187066
rf,107,target,0.7,542240,289223,195913,188513
rf,107,target,0.75,494704,287341,243449,190395
rf,107,target,0.8,482669,283066,255484,194670
rf,107,target,0.85,218678,139990,519475,337746
rf,107,target,0.9,3395,3254,734758,474482
rf,107,target,0.95,0,4,738153,477732
rf,107,target,0.975,0,0,738153,477736
rf,107,target,0.99,0,0,738153,477736
rf,107,target,0.995,0,0,738153,477736
rf,107,target,0.999,0,0,738153,477736
xgboost,107,source_heldout,0.05,88498,18,105,1
xgboost,107,source_heldout,0.1,87953,18,650,1
xgboost,107,source_heldout,0.15,77810,16,10793,3
xgboost,107,source_heldout,0.2,73199,15,15404,4
xgboost,107,source_heldout,0.25,72134,13,16469,6
xgboost,107,source_heldout,0.3,71892,11,16711,8
xgboost,107,source_heldout,0.35,71708,10,16895,9
xgboost,107,source_heldout,0.4,71659,10,16944,9
xgboost,107,source_heldout,0.45,71604,10,16999,9
xgboost,107,source_heldout,0.5,71563,7,17040,12
xgboost,107,source_heldout,0.55,71469,7,17134,12
xgboost,107,source_heldout,0.6,71362,7,17241,12
xgboost,107,source_heldout,0.65,71268,7,17335,12
xgboost,107,source_heldout,0.7,70676,7,17927,12
xgboost,107,source_heldout,0.75,70112,5,18491,14
xgboost,107,source_heldout,0.8,69453,5,19150,14
xgboost,107,source_heldout,0.85,67621,3,20982,16
xgboost,107,source_heldout,0.9,64867,3,23736,16
xgboost,107,source_heldout,0.95,61018,0,27585,19
xgboost,107,source_heldout,0.975,50478,0,38125,19
xgboost,107,source_heldout,0.99,21995,0,66608,19
xgboost,107,source_heldout,0.995,15064,0,73539,19
xgboost,107,source_heldout,0.999,8564,0,80039,19
xgboost,107,target,0.05,663697,450892,74456,26844
xgboost,107,target,0.1,649564,439413,88589,38323
xgboost,107,target,0.15,634354,308703,103799,169033
xgboost,107,target,0.2,577384,297733,160769,180003
xgboost,107,target,0.25,551329,291271,186824,186465
xgboost,107,target,0.3,541000,288702,197153,189034
xgboost,107,target,0.35,531206,286484,206947,191252
xgboost,107,target,0.4,495893,284465,242260,193271
xgboost,107,target,0.45,491561,283876,246592,193860
xgboost,107,target,0.5,456542,283096,281611,194640
xgboost,107,target,0.55,453057,282993,285096,194743
xgboost,107,target,0.6,439920,273190,298233,204546
xgboost,107,target,0.65,359697,196348,378456,281388
xgboost,107,target,0.7,13605,10994,724548,466742
xgboost,107,target,0.75,11296,9059,726857,468677
xgboost,107,target,0.8,1802,87,736351,477649
xgboost,107,target,0.85,703,48,737450,477688
xgboost,107,target,0.9,18,19,738135,477717
xgboost,107,target,0.95,18,1,738135,477735
xgboost,107,target,0.975,0,0,738153,477736
xgboost,107,target,0.99,0,0,738153,477736
xgboost,107,target,0.995,0,0,738153,477736
xgboost,107,target,0.999,0,0,738153,477736
hgb,107,source_heldout,0.05,88598,19,5,0
hgb,107,source_heldout,0.1,88507,18,96,1
hgb,107,source_heldout,0.15,87947,16,656,3
hgb,107,source_heldout,0.2,86982,16,1621,3
hgb,107,source_heldout,0.25,85529,13,3074,6
hgb,107,source_heldout,0.3,85486,11,3117,8
hgb,107,source_heldout,0.35,79531,10,9072,9
hgb,107,source_heldout,0.4,72073,7,16530,12
hgb,107,source_heldout,0.45,71903,7,16700,12
hgb,107,source_heldout,0.5,71495,7,17108,12
hgb,107,source_heldout,0.55,71082,7,17521,12
hgb,107,source_heldout,0.6,70930,7,17673,12
hgb,107,source_heldout,0.65,70170,5,18433,14
hgb,107,source_heldout,0.7,70067,5,18536,14
hgb,107,source_heldout,0.75,69908,5,18695,14
hgb,107,source_heldout,0.8,69089,5,19514,14
hgb,107,source_heldout,0.85,68680,5,19923,14
hgb,107,source_heldout,0.9,68186,3,20417,16
hgb,107,source_heldout,0.95,63707,0,24896,19
hgb,107,source_heldout,0.975,49960,0,38643,19
hgb,107,source_heldout,0.99,27552,0,61051,19
hgb,107,source_heldout,0.995,26429,0,62174,19
hgb,107,source_heldout,0.999,19509,0,69094,19
hgb,107,target,0.05,705500,466805,32653,10931
hgb,107,target,0.1,658259,449150,79894,28586
hgb,107,target,0.15,618069,331977,120084,145759
hgb,107,target,0.2,574924,295308,163229,182428
hgb,107,target,0.25,548001,292476,190152,185260
hgb,107,target,0.3,545185,289270,192968,188466
hgb,107,target,0.35,542188,288432,195965,189304
hgb,107,target,0.4,537330,287186,200823,190550
hgb,107,target,0.45,534690,286740,203463,190996
hgb,107,target,0.5,525291,286141,212862,191595
hgb,107,target,0.55,523245,285880,214908,191856
hgb,107,target,0.6,520475,284916,217678,192820
hgb,107,target,0.65,292942,142188,445211,335548
hgb,107,target,0.7,215066,141729,523087,336007
hgb,107,target,0.75,211307,141284,526846,336452
hgb,107,target,0.8,57427,22600,680726,455136
hgb,107,target,0.85,43561,9138,694592,468598
hgb,107,target,0.9,825,289,737328,477447
hgb,107,target,0.95,628,158,737525,477578
hgb,107,target,0.975,16,0,738137,477736
hgb,107,target,0.99,0,0,738153,477736
hgb,107,target,0.995,0,0,738153,477736
hgb,107,target,0.999,0,0,738153,477736
mlp,107,source_heldout,0.05,88562,18,41,1
mlp,107,source_heldout,0.1,88540,18,63,1
mlp,107,source_heldout,0.15,87864,5,739,14
mlp,107,source_heldout,0.2,87693,2,910,17
mlp,107,source_heldout,0.25,86799,0,1804,19
mlp,107,source_heldout,0.3,86740,0,1863,19
mlp,107,source_heldout,0.35,86654,0,1949,19
mlp,107,source_heldout,0.4,82562,0,6041,19
mlp,107,source_heldout,0.45,82343,0,6260,19
mlp,107,source_heldout,0.5,82144,0,6459,19
mlp,107,source_heldout,0.55,81976,0,6627,19
mlp,107,source_heldout,0.6,81865,0,6738,19
mlp,107,source_heldout,0.65,81620,0,6983,19
mlp,107,source_heldout,0.7,81230,0,7373,19
mlp,107,source_heldout,0.75,80376,0,8227,19
mlp,107,source_heldout,0.8,79338,0,9265,19
mlp,107,source_heldout,0.85,71459,0,17144,19
mlp,107,source_heldout,0.9,62032,0,26571,19
mlp,107,source_heldout,0.95,59559,0,29044,19
mlp,107,source_heldout,0.975,58481,0,30122,19
mlp,107,source_heldout,0.99,57604,0,30999,19
mlp,107,source_heldout,0.995,50573,0,38030,19
mlp,107,source_heldout,0.999,15341,0,73262,19
mlp,107,target,0.05,692048,452411,46105,25325
mlp,107,target,0.1,668059,314074,70094,163662
mlp,107,target,0.15,571450,301575,166703,176161
mlp,107,target,0.2,566316,293478,171837,184258
mlp,107,target,0.25,510344,284623,227809,193113
mlp,107,target,0.3,326180,143997,411973,333739
mlp,107,target,0.35,324559,143764,413594,333972
mlp,107,target,0.4,318340,143497,419813,334239
mlp,107,target,0.45,279900,142697,458253,335039
mlp,107,target,0.5,270540,142048,467613,335688
mlp,107,target,0.55,262070,141999,476083,335737
mlp,107,target,0.6,253059,141935,485094,335801
mlp,107,target,0.65,247863,141893,490290,335843
mlp,107,target,0.7,240110,141867,498043,335869
mlp,107,target,0.75,10535,201,727618,477535
mlp,107,target,0.8,7385,168,730768,477568
mlp,107,target,0.85,3525,156,734628,477580
mlp,107,target,0.9,1852,141,736301,477595
mlp,107,target,0.95,207,50,737946,477686
mlp,107,target,0.975,23,23,738130,477713
mlp,107,target,0.99,0,1,738153,477735
mlp,107,target,0.995,0,0,738153,477736
mlp,107,target,0.999,0,0,738153,477736
majority,108,source_heldout,0.05,98247,3958,0,0
majority,108,source_heldout,0.1,98247,3958,0,0
majority,108,source_heldout,0.15,98247,3958,0,0
majority,108,source_heldout,0.2,98247,3958,0,0
majority,108,source_heldout,0.25,98247,3958,0,0
majority,108,source_heldout,0.3,98247,3958,0,0
majority,108,source_heldout,0.35,98247,3958,0,0
majority,108,source_heldout,0.4,98247,3958,0,0
majority,108,source_heldout,0.45,98247,3958,0,0
majority,108,source_heldout,0.5,98247,3958,0,0
majority,108,source_heldout,0.55,98247,3958,0,0
majority,108,source_heldout,0.6,98247,3958,0,0
majority,108,source_heldout,0.65,98247,3958,0,0
majority,108,source_heldout,0.7,98247,3958,0,0
majority,108,source_heldout,0.75,98247,3958,0,0
majority,108,source_heldout,0.8,98247,3958,0,0
majority,108,source_heldout,0.85,98247,3958,0,0
majority,108,source_heldout,0.9,98247,3958,0,0
majority,108,source_heldout,0.95,98247,3958,0,0
majority,108,source_heldout,0.975,98247,3958,0,0
majority,108,source_heldout,0.99,98247,3958,0,0
majority,108,source_heldout,0.995,98247,3958,0,0
majority,108,source_heldout,0.999,98247,3958,0,0
majority,108,target,0.05,738153,477736,0,0
majority,108,target,0.1,738153,477736,0,0
majority,108,target,0.15,738153,477736,0,0
majority,108,target,0.2,738153,477736,0,0
majority,108,target,0.25,738153,477736,0,0
majority,108,target,0.3,738153,477736,0,0
majority,108,target,0.35,738153,477736,0,0
majority,108,target,0.4,738153,477736,0,0
majority,108,target,0.45,738153,477736,0,0
majority,108,target,0.5,738153,477736,0,0
majority,108,target,0.55,738153,477736,0,0
majority,108,target,0.6,738153,477736,0,0
majority,108,target,0.65,738153,477736,0,0
majority,108,target,0.7,738153,477736,0,0
majority,108,target,0.75,738153,477736,0,0
majority,108,target,0.8,738153,477736,0,0
majority,108,target,0.85,738153,477736,0,0
majority,108,target,0.9,738153,477736,0,0
majority,108,target,0.95,738153,477736,0,0
majority,108,target,0.975,738153,477736,0,0
majority,108,target,0.99,738153,477736,0,0
majority,108,target,0.995,738153,477736,0,0
majority,108,target,0.999,738153,477736,0,0
stratified,108,source_heldout,0.05,92220,3700,6027,258
stratified,108,source_heldout,0.1,92220,3700,6027,258
stratified,108,source_heldout,0.15,92220,3700,6027,258
stratified,108,source_heldout,0.2,92220,3700,6027,258
stratified,108,source_heldout,0.25,92220,3700,6027,258
stratified,108,source_heldout,0.3,92220,3700,6027,258
stratified,108,source_heldout,0.35,92220,3700,6027,258
stratified,108,source_heldout,0.4,92220,3700,6027,258
stratified,108,source_heldout,0.45,92220,3700,6027,258
stratified,108,source_heldout,0.5,92220,3700,6027,258
stratified,108,source_heldout,0.55,92220,3700,6027,258
stratified,108,source_heldout,0.6,92220,3700,6027,258
stratified,108,source_heldout,0.65,92220,3700,6027,258
stratified,108,source_heldout,0.7,92220,3700,6027,258
stratified,108,source_heldout,0.75,92220,3700,6027,258
stratified,108,source_heldout,0.8,92220,3700,6027,258
stratified,108,source_heldout,0.85,92220,3700,6027,258
stratified,108,source_heldout,0.9,92220,3700,6027,258
stratified,108,source_heldout,0.95,92220,3700,6027,258
stratified,108,source_heldout,0.975,92220,3700,6027,258
stratified,108,source_heldout,0.99,92220,3700,6027,258
stratified,108,source_heldout,0.995,92220,3700,6027,258
stratified,108,source_heldout,0.999,92220,3700,6027,258
stratified,108,target,0.05,692975,448418,45178,29318
stratified,108,target,0.1,692975,448418,45178,29318
stratified,108,target,0.15,692975,448418,45178,29318
stratified,108,target,0.2,692975,448418,45178,29318
stratified,108,target,0.25,692975,448418,45178,29318
stratified,108,target,0.3,692975,448418,45178,29318
stratified,108,target,0.35,692975,448418,45178,29318
stratified,108,target,0.4,692975,448418,45178,29318
stratified,108,target,0.45,692975,448418,45178,29318
stratified,108,target,0.5,692975,448418,45178,29318
stratified,108,target,0.55,692975,448418,45178,29318
stratified,108,target,0.6,692975,448418,45178,29318
stratified,108,target,0.65,692975,448418,45178,29318
stratified,108,target,0.7,692975,448418,45178,29318
stratified,108,target,0.75,692975,448418,45178,29318
stratified,108,target,0.8,692975,448418,45178,29318
stratified,108,target,0.85,692975,448418,45178,29318
stratified,108,target,0.9,692975,448418,45178,29318
stratified,108,target,0.95,692975,448418,45178,29318
stratified,108,target,0.975,692975,448418,45178,29318
stratified,108,target,0.99,692975,448418,45178,29318
stratified,108,target,0.995,692975,448418,45178,29318
stratified,108,target,0.999,692975,448418,45178,29318
logreg,108,source_heldout,0.05,97359,1789,888,2169
logreg,108,source_heldout,0.1,97105,1630,1142,2328
logreg,108,source_heldout,0.15,95657,1456,2590,2502
logreg,108,source_heldout,0.2,94790,1059,3457,2899
logreg,108,source_heldout,0.25,94700,950,3547,3008
logreg,108,source_heldout,0.3,93978,886,4269,3072
logreg,108,source_heldout,0.35,93849,833,4398,3125
logreg,108,source_heldout,0.4,93507,785,4740,3173
logreg,108,source_heldout,0.45,93030,762,5217,3196
logreg,108,source_heldout,0.5,92693,752,5554,3206
logreg,108,source_heldout,0.55,92162,592,6085,3366
logreg,108,source_heldout,0.6,86297,548,11950,3410
logreg,108,source_heldout,0.65,70920,537,27327,3421
logreg,108,source_heldout,0.7,69211,473,29036,3485
logreg,108,source_heldout,0.75,68576,247,29671,3711
logreg,108,source_heldout,0.8,67587,104,30660,3854
logreg,108,source_heldout,0.85,66852,77,31395,3881
logreg,108,source_heldout,0.9,61121,15,37126,3943
logreg,108,source_heldout,0.95,13588,3,84659,3955
logreg,108,source_heldout,0.975,6059,2,92188,3956
logreg,108,source_heldout,0.99,2919,1,95328,3957
logreg,108,source_heldout,0.995,2841,1,95406,3957
logreg,108,source_heldout,0.999,1375,1,96872,3957
logreg,108,target,0.05,701631,439811,36522,37925
logreg,108,target,0.1,513814,162118,224339,315618
logreg,108,target,0.15,244880,19500,493273,458236
logreg,108,target,0.2,234003,18854,504150,458882
logreg,108,target,0.25,230616,14165,507537,463571
logreg,108,target,0.3,229189,12675,508964,465061
logreg,108,target,0.35,223795,12475,514358,465261
logreg,108,target,0.4,219972,12213,518181,465523
logreg,108,target,0.45,218197,11619,519956,466117
logreg,108,target,0.5,215831,11358,522322,466378
logreg,108,target,0.55,213535,10700,524618,467036
logreg,108,target,0.6,210826,10317,527327,467419
logreg,108,target,0.65,203632,9751,534521,467985
logreg,108,target,0.7,145889,5860,592264,471876
logreg,108,target,0.75,74391,2980,663762,474756
logreg,108,target,0.8,51271,2332,686882,475404
logreg,108,target,0.85,48208,1839,689945,475897
logreg,108,target,0.9,33065,651,705088,477085
logreg,108,target,0.95,13,18,738140,477718
logreg,108,target,0.975,11,7,738142,477729
logreg,108,target,0.99,0,4,738153,477732
logreg,108,target,0.995,0,2,738153,477734
logreg,108,target,0.999,0,0,738153,477736
tree,108,source_heldout,0.05,98033,1114,214,2844
tree,108,source_heldout,0.1,97650,857,597,3101
tree,108,source_heldout,0.15,96670,370,1577,3588
tree,108,source_heldout,0.2,93681,220,4566,3738
tree,108,source_heldout,0.25,93654,220,4593,3738
tree,108,source_heldout,0.3,93172,177,5075,3781
tree,108,source_heldout,0.35,92967,154,5280,3804
tree,108,source_heldout,0.4,92927,148,5320,3810
tree,108,source_heldout,0.45,92653,129,5594,3829
tree,108,source_heldout,0.5,92622,123,5625,3835
tree,108,source_heldout,0.55,92622,123,5625,3835
tree,108,source_heldout,0.6,92596,123,5651,3835
tree,108,source_heldout,0.65,92595,123,5652,3835
tree,108,source_heldout,0.7,92563,123,5684,3835
tree,108,source_heldout,0.75,92563,123,5684,3835
tree,108,source_heldout,0.8,92562,122,5685,3836
tree,108,source_heldout,0.85,91994,98,6253,3860
tree,108,source_heldout,0.9,91984,97,6263,3861
tree,108,source_heldout,0.95,91850,95,6397,3863
tree,108,source_heldout,0.975,91850,95,6397,3863
tree,108,source_heldout,0.99,89576,91,8671,3867
tree,108,source_heldout,0.995,89576,91,8671,3867
tree,108,source_heldout,0.999,60954,91,37293,3867
tree,108,target,0.05,689038,454446,49115,23290
tree,108,target,0.1,666213,344266,71940,133470
tree,108,target,0.15,600504,325702,137649,152034
tree,108,target,0.2,600504,325696,137649,152040
tree,108,target,0.25,600504,302711,137649,175025
tree,108,target,0.3,600504,302667,137649,175069
tree,108,target,0.35,600488,302667,137665,175069
tree,108,target,0.4,600488,302667,137665,175069
tree,108,target,0.45,600488,302667,137665,175069
tree,108,target,0.5,600461,302666,137692,175070
tree,108,target,0.55,600460,302666,137693,175070
tree,108,target,0.6,600460,302666,137693,175070
tree,108,target,0.65,600460,302666,137693,175070
tree,108,target,0.7,600455,302645,137698,175091
tree,108,target,0.75,600455,302645,137698,175091
tree,108,target,0.8,600455,302645,137698,175091
tree,108,target,0.85,598468,302464,139685,175272
tree,108,target,0.9,598468,302438,139685,175298
tree,108,target,0.95,598468,302438,139685,175298
tree,108,target,0.975,598468,302438,139685,175298
tree,108,target,0.99,598468,302366,139685,175370
tree,108,target,0.995,598468,302366,139685,175370
tree,108,target,0.999,598468,301840,139685,175896
rf,108,source_heldout,0.05,98183,1424,64,2534
rf,108,source_heldout,0.1,98053,1230,194,2728
rf,108,source_heldout,0.15,97878,1084,369,2874
rf,108,source_heldout,0.2,97716,958,531,3000
rf,108,source_heldout,0.25,97559,844,688,3114
rf,108,source_heldout,0.3,97328,743,919,3215
rf,108,source_heldout,0.35,97145,638,1102,3320
rf,108,source_heldout,0.4,96849,545,1398,3413
rf,108,source_heldout,0.45,96604,484,1643,3474
rf,108,source_heldout,0.5,96364,416,1883,3542
rf,108,source_heldout,0.55,96113,360,2134,3598
rf,108,source_heldout,0.6,95887,312,2360,3646
rf,108,source_heldout,0.65,95622,258,2625,3700
rf,108,source_heldout,0.7,95290,206,2957,3752
rf,108,source_heldout,0.75,94948,166,3299,3792
rf,108,source_heldout,0.8,94651,132,3596,3826
rf,108,source_heldout,0.85,94261,85,3986,3873
rf,108,source_heldout,0.9,93693,60,4554,3898
rf,108,source_heldout,0.95,92442,19,5805,3939
rf,108,source_heldout,0.975,91662,6,6585,3952
rf,108,source_heldout,0.99,90412,3,7835,3955
rf,108,source_heldout,0.995,89956,3,8291,3955
rf,108,source_heldout,0.999,88411,2,9836,3956
rf,108,target,0.05,701898,372681,36255,105055
rf,108,target,0.1,701748,371674,36405,106062
rf,108,target,0.15,701322,368725,36831,109011
rf,108,target,0.2,692696,366071,45457,111665
rf,108,target,0.25,657816,339582,80337,138154
rf,108,target,0.3,653775,337651,84378,140085
rf,108,target,0.35,652895,336045,85258,141691
rf,108,target,0.4,652136,329681,86017,148055
rf,108,target,0.45,630013,318957,108140,158779
rf,108,target,0.5,628445,315893,109708,161843
rf,108,target,0.55,624834,304026,113319,173710
rf,108,target,0.6,621217,294649,116936,183087
rf,108,target,0.65,618378,286490,119775,191246
rf,108,target,0.7,612045,284449,126108,193287
rf,108,target,0.75,548279,282964,189874,194772
rf,108,target,0.8,532004,282382,206149,195354
rf,108,target,0.85,263292,140295,474861,337441
rf,108,target,0.9,22587,208,715566,477528
rf,108,target,0.95,908,14,737245,477722
rf,108,target,0.975,16,10,738137,477726
rf,108,target,0.99,16,9,738137,477727
rf,108,target,0.995,0,3,738153,477733
rf,108,target,0.999,0,0,738153,477736
xgboost,108,source_heldout,0.05,98030,1060,217,2898
xgboost,108,source_heldout,0.1,97638,707,609,3251
xgboost,108,source_heldout,0.15,97006,439,1241,3519
xgboost,108,source_heldout,0.2,94657,233,3590,3725
xgboost,108,source_heldout,0.25,94094,178,4153,3780
xgboost,108,source_heldout,0.3,93722,144,4525,3814
xgboost,108,source_heldout,0.35,93518,116,4729,3842
xgboost,108,source_heldout,0.4,93266,81,4981,3877
xgboost,108,source_heldout,0.45,93146,66,5101,3892
xgboost,108,source_heldout,0.5,93025,57,5222,3901
xgboost,108,source_heldout,0.55,92905,49,5342,3909
xgboost,108,source_heldout,0.6,92796,43,5451,3915
xgboost,108,source_heldout,0.65,92644,38,5603,3920
xgboost,108,source_heldout,0.7,92518,32,5729,3926
xgboost,108,source_heldout,0.75,92314,29,5933,3929
xgboost,108,source_heldout,0.8,92060,24,6187,3934
xgboost,108,source_heldout,0.85,91817,21,6430,3937
xgboost,108,source_heldout,0.9,91532,7,6715,3951
xgboost,108,source_heldout,0.95,90951,6,7296,3952
xgboost,108,source_heldout,0.975,89456,3,8791,3955
xgboost,108,source_heldout,0.99,88312,2,9935,3956
xgboost,108,source_heldout,0.995,86695,2,11552,3956
xgboost,108,source_heldout,0.999,75197,0,23050,3958
xgboost,108,target,0.05,706369,452753,31784,24983
xgboost,108,target,0.1,658716,416664,79437,61072
xgboost,108,target,0.15,654053,307469,84100,170267
xgboost,108,target,0.2,611277,301025,126876,176711
xgboost,108,target,0.25,592079,290166,146074,187570
xgboost,108,target,0.3,588343,288267,149810,189469
xgboost,108,target,0.35,581538,286001,156615,191735
xgboost,108,target,0.4,569090,284776,169063,192960
xgboost,108,target,0.45,561225,284086,176928,193650
xgboost,108,target,0.5,553395,283541,184758,194195
xgboost,108,target,0.55,547239,283353,190914,194383
xgboost,108,target,0.6,543631,283079,194522,194657
xgboost,108,target,0.65,537443,282893,200710,194843
xgboost,108,target,0.7,498801,282218,239352,195518
xgboost,108,target,0.75,488986,282065,249167,195671
xgboost,108,target,0.8,422932,281949,315221,195787
xgboost,108,target,0.85,29567,18708,708586,459028
xgboost,108,target,0.9,8125,96,730028,477640
xgboost,108,target,0.95,416,13,737737,477723
xgboost,108,target,0.975,8,0,738145,477736
xgboost,108,target,0.99,0,0,738153,477736
xgboost,108,target,0.995,0,0,738153,477736
xgboost,108,target,0.999,0,0,738153,477736
hgb,108,source_heldout,0.05,98080,1116,167,2842
hgb,108,source_heldout,0.1,97728,774,519,3184
hgb,108,source_heldout,0.15,97147,468,1100,3490
hgb,108,source_heldout,0.2,95088,308,3159,3650
hgb,108,source_heldout,0.25,94026,210,4221,3748
hgb,108,source_heldout,0.3,93748,180,4499,3778
hgb,108,source_heldout,0.35,93586,150,4661,3808
hgb,108,source_heldout,0.4,93415,117,4832,3841
hgb,108,source_heldout,0.45,93333,110,4914,3848
hgb,108,source_heldout,0.5,93193,86,5054,3872
hgb,108,source_heldout,0.55,93036,74,5211,3884
hgb,108,source_heldout,0.6,92938,66,5309,3892
hgb,108,source_heldout,0.65,92849,62,5398,3896
hgb,108,source_heldout,0.7,92710,58,5537,3900
hgb,108,source_heldout,0.75,92597,50,5650,3908
hgb,108,source_heldout,0.8,92437,43,5810,3915
hgb,108,source_heldout,0.85,92040,32,6207,3926
hgb,108,source_heldout,0.9,91686,14,6561,3944
hgb,108,source_heldout,0.95,90912,7,7335,3951
hgb,108,source_heldout,0.975,90220,6,8027,3952
hgb,108,source_heldout,0.99,88409,1,9838,3957
hgb,108,source_heldout,0.995,87267,1,10980,3957
hgb,108,source_heldout,0.999,77609,1,20638,3957
hgb,108,target,0.05,709692,458729,28461,19007
hgb,108,target,0.1,704018,421068,34135,56668
hgb,108,target,0.15,666616,410041,71537,67695
hgb,108,target,0.2,660673,404812,77480,72924
hgb,108,target,0.25,617766,402377,120387,75359
hgb,108,target,0.3,614435,296604,123718,181132
hgb,108,target,0.35,588369,292140,149784,185596
hgb,108,target,0.4,584562,290600,153591,187136
hgb,108,target,0.45,580464,289386,157689,188350
hgb,108,target,0.5,576221,288450,161932,189286
hgb,108,target,0.55,571112,285801,167041,191935
hgb,108,target,0.6,565895,285088,172258,192648
hgb,108,target,0.65,560439,284470,177714,193266
hgb,108,target,0.7,552284,284060,185869,193676
hgb,108,target,0.75,544178,283681,193975,194055
hgb,108,target,0.8,537034,283388,201119,194348
hgb,108,target,0.85,530668,283173,207485,194563
hgb,108,target,0.9,300341,141371,437812,336365
hgb,108,target,0.95,116011,18880,622142,458856
hgb,108,target,0.975,32986,179,705167,477557
hgb,108,target,0.99,32901,102,705252,477634
hgb,108,target,0.995,0,12,738153,477724
hgb,108,target,0.999,0,0,738153,477736
mlp,108,source_heldout,0.05,98032,1189,215,2769
mlp,108,source_heldout,0.1,97692,954,555,3004
mlp,108,source_heldout,0.15,96487,439,1760,3519
mlp,108,source_heldout,0.2,96018,385,2229,3573
mlp,108,source_heldout,0.25,95621,308,2626,3650
mlp,108,source_heldout,0.3,93058,195,5189,3763
mlp,108,source_heldout,0.35,92941,184,5306,3774
mlp,108,source_heldout,0.4,92731,160,5516,3798
mlp,108,source_heldout,0.45,92591,134,5656,3824
mlp,108,source_heldout,0.5,92330,110,5917,3848
mlp,108,source_heldout,0.55,92223,104,6024,3854
mlp,108,source_heldout,0.6,92083,90,6164,3868
mlp,108,source_heldout,0.65,91910,75,6337,3883
mlp,108,source_heldout,0.7,91615,66,6632,3892
mlp,108,source_heldout,0.75,91252,59,6995,3899
mlp,108,source_heldout,0.8,90644,57,7603,3901
mlp,108,source_heldout,0.85,90183,36,8064,3922
mlp,108,source_heldout,0.9,89516,25,8731,3933
mlp,108,source_heldout,0.95,85186,14,13061,3944
mlp,108,source_heldout,0.975,84601,4,13646,3954
mlp,108,source_heldout,0.99,82997,1,15250,3957
mlp,108,source_heldout,0.995,80689,1,17558,3957
mlp,108,source_heldout,0.999,50939,0,47308,3958
mlp,108,target,0.05,692680,442480,45473,35256
mlp,108,target,0.1,651024,433281,87129,44455
mlp,108,target,0.15,627957,424454,110196,53282
mlp,108,target,0.2,624276,423835,113877,53901
mlp,108,target,0.25,622895,399751,115258,77985
mlp,108,target,0.3,620611,291405,117542,186331
mlp,108,target,0.35,583878,290261,154275,187475
mlp,108,target,0.4,577132,289756,161021,187980
mlp,108,target,0.45,538551,289669,199602,188067
mlp,108,target,0.5,534186,289604,203967,188132
mlp,108,target,0.55,530480,289562,207673,188174
mlp,108,target,0.6,527370,289448,210783,188288
mlp,108,target,0.65,523884,289319,214269,188417
mlp,108,target,0.7,521266,289233,216887,188503
mlp,108,target,0.75,518085,289201,220068,188535
mlp,108,target,0.8,512867,289179,225286,188557
mlp,108,target,0.85,509854,289114,228299,188622
mlp,108,target,0.9,439034,289006,299119,188730
mlp,108,target,0.95,236657,144780,501496,332956
mlp,108,target,0.975,226513,141617,511640,336119
mlp,108,target,0.99,226411,141587,511742,336149
mlp,108,target,0.995,0,0,738153,477736
mlp,108,target,0.999,0,0,738153,477736
majority,109,source_heldout,0.05,106972,5167,0,0
majority,109,source_heldout,0.1,106972,5167,0,0
majority,109,source_heldout,0.15,106972,5167,0,0
majority,109,source_heldout,0.2,106972,5167,0,0
majority,109,source_heldout,0.25,106972,5167,0,0
majority,109,source_heldout,0.3,106972,5167,0,0
majority,109,source_heldout,0.35,106972,5167,0,0
majority,109,source_heldout,0.4,106972,5167,0,0
majority,109,source_heldout,0.45,106972,5167,0,0
majority,109,source_heldout,0.5,106972,5167,0,0
majority,109,source_heldout,0.55,106972,5167,0,0
majority,109,source_heldout,0.6,106972,5167,0,0
majority,109,source_heldout,0.65,106972,5167,0,0
majority,109,source_heldout,0.7,106972,5167,0,0
majority,109,source_heldout,0.75,106972,5167,0,0
majority,109,source_heldout,0.8,106972,5167,0,0
majority,109,source_heldout,0.85,106972,5167,0,0
majority,109,source_heldout,0.9,106972,5167,0,0
majority,109,source_heldout,0.95,106972,5167,0,0
majority,109,source_heldout,0.975,106972,5167,0,0
majority,109,source_heldout,0.99,106972,5167,0,0
majority,109,source_heldout,0.995,106972,5167,0,0
majority,109,source_heldout,0.999,106972,5167,0,0
majority,109,target,0.05,738153,477736,0,0
majority,109,target,0.1,738153,477736,0,0
majority,109,target,0.15,738153,477736,0,0
majority,109,target,0.2,738153,477736,0,0
majority,109,target,0.25,738153,477736,0,0
majority,109,target,0.3,738153,477736,0,0
majority,109,target,0.35,738153,477736,0,0
majority,109,target,0.4,738153,477736,0,0
majority,109,target,0.45,738153,477736,0,0
majority,109,target,0.5,738153,477736,0,0
majority,109,target,0.55,738153,477736,0,0
majority,109,target,0.6,738153,477736,0,0
majority,109,target,0.65,738153,477736,0,0
majority,109,target,0.7,738153,477736,0,0
majority,109,target,0.75,738153,477736,0,0
majority,109,target,0.8,738153,477736,0,0
majority,109,target,0.85,738153,477736,0,0
majority,109,target,0.9,738153,477736,0,0
majority,109,target,0.95,738153,477736,0,0
majority,109,target,0.975,738153,477736,0,0
majority,109,target,0.99,738153,477736,0,0
majority,109,target,0.995,738153,477736,0,0
majority,109,target,0.999,738153,477736,0,0
stratified,109,source_heldout,0.05,100724,4855,6248,312
stratified,109,source_heldout,0.1,100724,4855,6248,312
stratified,109,source_heldout,0.15,100724,4855,6248,312
stratified,109,source_heldout,0.2,100724,4855,6248,312
stratified,109,source_heldout,0.25,100724,4855,6248,312
stratified,109,source_heldout,0.3,100724,4855,6248,312
stratified,109,source_heldout,0.35,100724,4855,6248,312
stratified,109,source_heldout,0.4,100724,4855,6248,312
stratified,109,source_heldout,0.45,100724,4855,6248,312
stratified,109,source_heldout,0.5,100724,4855,6248,312
stratified,109,source_heldout,0.55,100724,4855,6248,312
stratified,109,source_heldout,0.6,100724,4855,6248,312
stratified,109,source_heldout,0.65,100724,4855,6248,312
stratified,109,source_heldout,0.7,100724,4855,6248,312
stratified,109,source_heldout,0.75,100724,4855,6248,312
stratified,109,source_heldout,0.8,100724,4855,6248,312
stratified,109,source_heldout,0.85,100724,4855,6248,312
stratified,109,source_heldout,0.9,100724,4855,6248,312
stratified,109,source_heldout,0.95,100724,4855,6248,312
stratified,109,source_heldout,0.975,100724,4855,6248,312
stratified,109,source_heldout,0.99,100724,4855,6248,312
stratified,109,source_heldout,0.995,100724,4855,6248,312
stratified,109,source_heldout,0.999,100724,4855,6248,312
stratified,109,target,0.05,695034,449777,43119,27959
stratified,109,target,0.1,695034,449777,43119,27959
stratified,109,target,0.15,695034,449777,43119,27959
stratified,109,target,0.2,695034,449777,43119,27959
stratified,109,target,0.25,695034,449777,43119,27959
stratified,109,target,0.3,695034,449777,43119,27959
stratified,109,target,0.35,695034,449777,43119,27959
stratified,109,target,0.4,695034,449777,43119,27959
stratified,109,target,0.45,695034,449777,43119,27959
stratified,109,target,0.5,695034,449777,43119,27959
stratified,109,target,0.55,695034,449777,43119,27959
stratified,109,target,0.6,695034,449777,43119,27959
stratified,109,target,0.65,695034,449777,43119,27959
stratified,109,target,0.7,695034,449777,43119,27959
stratified,109,target,0.75,695034,449777,43119,27959
stratified,109,target,0.8,695034,449777,43119,27959
stratified,109,target,0.85,695034,449777,43119,27959
stratified,109,target,0.9,695034,449777,43119,27959
stratified,109,target,0.95,695034,449777,43119,27959
stratified,109,target,0.975,695034,449777,43119,27959
stratified,109,target,0.99,695034,449777,43119,27959
stratified,109,target,0.995,695034,449777,43119,27959
stratified,109,target,0.999,695034,449777,43119,27959
logreg,109,source_heldout,0.05,104735,2739,2237,2428
logreg,109,source_heldout,0.1,103889,2465,3083,2702
logreg,109,source_heldout,0.15,101547,1918,5425,3249
logreg,109,source_heldout,0.2,100859,1681,6113,3486
logreg,109,source_heldout,0.25,99927,1379,7045,3788
logreg,109,source_heldout,0.3,99107,1305,7865,3862
logreg,109,source_heldout,0.35,98818,1240,8154,3927
logreg,109,source_heldout,0.4,98422,1172,8550,3995
logreg,109,source_heldout,0.45,97082,1087,9890,4080
logreg,109,source_heldout,0.5,95692,881,11280,4286
logreg,109,source_heldout,0.55,93801,812,13171,4355
logreg,109,source_heldout,0.6,92407,802,14565,4365
logreg,109,source_heldout,0.65,75919,729,31053,4438
logreg,109,source_heldout,0.7,71282,666,35690,4501
logreg,109,source_heldout,0.75,70707,482,36265,4685
logreg,109,source_heldout,0.8,69744,328,37228,4839
logreg,109,source_heldout,0.85,68180,172,38792,4995
logreg,109,source_heldout,0.9,64779,102,42193,5065
logreg,109,source_heldout,0.95,17264,23,89708,5144
logreg,109,source_heldout,0.975,12909,16,94063,5151
logreg,109,source_heldout,0.99,8893,9,98079,5158
logreg,109,source_heldout,0.995,5811,7,101161,5160
logreg,109,source_heldout,0.999,2869,3,104103,5164
logreg,109,target,0.05,517367,279667,220786,198069
logreg,109,target,0.1,483717,163912,254436,313824
logreg,109,target,0.15,247178,15881,490975,461855
logreg,109,target,0.2,235798,14425,502355,463311
logreg,109,target,0.25,231550,13337,506603,464399
logreg,109,target,0.3,228983,13070,509170,464666
logreg,109,target,0.35,223620,12814,514533,464922
logreg,109,target,0.4,222063,12414,516090,465322
logreg,109,target,0.45,218920,12008,519233,465728
logreg,109,target,0.5,217684,11668,520469,466068
logreg,109,target,0.55,181084,11373,557069,466363
logreg,109,target,0.6,180232,10969,557921,466767
logreg,109,target,0.65,177641,10488,560512,467248
logreg,109,target,0.7,170725,9962,567428,467774
logreg,109,target,0.75,145671,9602,592482,468134
logreg,109,target,0.8,83525,2876,654628,474860
logreg,109,target,0.85,50663,2335,687490,475401
logreg,109,target,0.9,47879,1863,690274,475873
logreg,109,target,0.95,30,179,738123,477557
logreg,109,target,0.975,13,50,738140,477686
logreg,109,target,0.99,11,21,738142,477715
logreg,109,target,0.995,7,11,738146,477725
logreg,109,target,0.999,0,2,738153,477734
tree,109,source_heldout,0.05,101926,1249,5046,3918
tree,109,source_heldout,0.1,99401,852,7571,4315
tree,109,source_heldout,0.15,98660,553,8312,4614
tree,109,source_heldout,0.2,95820,398,11152,4769
tree,109,source_heldout,0.25,95770,389,11202,4778
tree,109,source_heldout,0.3,95424,363,11548,4804
tree,109,source_heldout,0.35,95424,363,11548,4804
tree,109,source_heldout,0.4,95317,345,11655,4822
tree,109,source_heldout,0.45,95214,338,11758,4829
tree,109,source_heldout,0.5,95193,334,11779,4833
tree,109,source_heldout,0.55,95193,334,11779,4833
tree,109,source_heldout,0.6,95193,334,11779,4833
tree,109,source_heldout,0.65,95172,333,11800,4834
tree,109,source_heldout,0.7,95055,329,11917,4838
tree,109,source_heldout,0.75,94921,328,12051,4839
tree,109,source_heldout,0.8,94784,316,12188,4851
tree,109,source_heldout,0.85,94770,315,12202,4852
tree,109,source_heldout,0.9,94769,315,12203,4852
tree,109,source_heldout,0.95,94300,311,12672,4856
tree,109,source_heldout,0.975,94300,311,12672,4856
tree,109,source_heldout,0.99,91769,308,15203,4859
tree,109,source_heldout,0.995,89207,308,17765,4859
tree,109,source_heldout,0.999,85536,307,21436,4860
tree,109,target,0.05,371680,314250,366473,163486
tree,109,target,0.1,360447,208160,377706,269576
tree,109,target,0.15,360255,207281,377898,270455
tree,109,target,0.2,344216,206256,393937,271480
tree,109,target,0.25,344216,206247,393937,271489
tree,109,target,0.3,324378,179566,413775,298170
tree,109,target,0.35,324378,179566,413775,298170
tree,109,target,0.4,324185,179382,413968,298354
tree,109,target,0.45,324185,179382,413968,298354
tree,109,target,0.5,324185,179382,413968,298354
tree,109,target,0.55,324185,179382,413968,298354
tree,109,target,0.6,324185,179382,413968,298354
tree,109,target,0.65,324184,179379,413969,298357
tree,109,target,0.7,324184,179379,413969,298357
tree,109,target,0.75,324184,179379,413969,298357
tree,109,target,0.8,324183,179372,413970,298364
tree,109,target,0.85,324183,179372,413970,298364
tree,109,target,0.9,324183,179372,413970,298364
tree,109,target,0.95,324183,179372,413970,298364
tree,109,target,0.975,324183,179346,413970,298390
tree,109,target,0.99,324183,179316,413970,298420
tree,109,target,0.995,324183,179316,413970,298420
tree,109,target,0.999,324183,177430,413970,300306
rf,109,source_heldout,0.05,102909,2098,4063,3069
rf,109,source_heldout,0.1,102186,1743,4786,3424
rf,109,source_heldout,0.15,101665,1529,5307,3638
rf,109,source_heldout,0.2,101290,1302,5682,3865
rf,109,source_heldout,0.25,100956,1140,6016,4027
rf,109,source_heldout,0.3,100521,1004,6451,4163
rf,109,source_heldout,0.35,100162,881,6810,4286
rf,109,source_heldout,0.4,99594,791,7378,4376
rf,109,source_heldout,0.45,99006,678,7966,4489
rf,109,source_heldout,0.5,98677,590,8295,4577
rf,109,source_heldout,0.55,98371,509,8601,4658
rf,109,source_heldout,0.6,97879,428,9093,4739
rf,109,source_heldout,0.65,97355,354,9617,4813
rf,109,source_heldout,0.7,96880,282,10092,4885
rf,109,source_heldout,0.75,96249,219,10723,4948
rf,109,source_heldout,0.8,95574,156,11398,5011
rf,109,source_heldout,0.85,94879,126,12093,5041
rf,109,source_heldout,0.9,93857,71,13115,5096
rf,109,source_heldout,0.95,92407,37,14565,5130
rf,109,source_heldout,0.975,91280,29,15692,5138
rf,109,source_heldout,0.99,90245,8,16727,5159
rf,109,source_heldout,0.995,89575,5,17397,5162
rf,109,source_heldout,0.999,83966,2,23006,5165
rf,109,target,0.05,718180,370983,19973,106753
rf,109,target,0.1,711023,370191,27130,107545
rf,109,target,0.15,656508,367652,81645,110084
rf,109,target,0.2,655165,365560,82988,112176
rf,109,target,0.25,648745,362442,89408,115294
rf,109,target,0.3,617306,356144,120847,121592
rf,109,target,0.35,615310,332151,122843,145585
rf,109,target,0.4,384454,182476,353699,295260
rf,109,target,0.45,380983,173062,357170,304674
rf,109,target,0.5,347300,167543,390853,310193
rf,109,target,0.55,315281,163713,422872,314023
rf,109,target,0.6,279240,157010,458913,320726
rf,109,target,0.65,74274,8593,663879,469143
rf,109,target,0.7,66597,2815,671556,474921
rf,109,target,0.75,53977,1399,684176,476337
rf,109,target,0.8,44292,939,693861,476797
rf,109,target,0.85,38422,792,699731,476944
rf,109,target,0.9,2571,49,735582,477687
rf,109,target,0.95,16,11,738137,477725
rf,109,target,0.975,16,10,738137,477726
rf,109,target,0.99,0,5,738153,477731
rf,109,target,0.995,0,2,738153,477734
rf,109,target,0.999,0,2,738153,477734
xgboost,109,source_heldout,0.05,101171,1404,5801,3763
xgboost,109,source_heldout,0.1,99977,929,6995,4238
xgboost,109,source_heldout,0.15,98766,561,8206,4606
xgboost,109,source_heldout,0.2,96934,407,10038,4760
xgboost,109,source_heldout,0.25,96183,330,10789,4837
xgboost,109,source_heldout,0.3,95330,258,11642,4909
xgboost,109,source_heldout,0.35,94998,226,11974,4941
xgboost,109,source_heldout,0.4,94714,198,12258,4969
xgboost,109,source_heldout,0.45,94440,176,12532,4991
xgboost,109,source_heldout,0.5,94284,159,12688,5008
xgboost,109,source_heldout,0.55,93997,144,12975,5023
xgboost,109,source_heldout,0.6,93773,124,13199,5043
xgboost,109,source_heldout,0.65,93554,116,13418,5051
xgboost,109,source_heldout,0.7,93216,91,13756,5076
xgboost,109,source_heldout,0.75,92966,71,14006,5096
xgboost,109,source_heldout,0.8,92711,62,14261,5105
xgboost,109,source_heldout,0.85,92306,57,14666,5110
xgboost,109,source_heldout,0.9,91790,42,15182,5125
xgboost,109,source_heldout,0.95,91057,32,15915,5135
xgboost,109,source_heldout,0.975,89873,20,17099,5147
xgboost,109,source_heldout,0.99,88348,5,18624,5162
xgboost,109,source_heldout,0.995,86398,5,20574,5162
xgboost,109,source_heldout,0.999,79709,3,27263,5164
xgboost,109,target,0.05,629560,451064,108593,26672
xgboost,109,target,0.1,545178,304988,192975,172748
xgboost,109,target,0.15,162976,36839,575177,440897
xgboost,109,target,0.2,117519,20210,620634,457526
xgboost,109,target,0.25,105640,10220,632513,467516
xgboost,109,target,0.3,101737,8706,636416,469030
xgboost,109,target,0.35,99686,7793,638467,469943
xgboost,109,target,0.4,97169,5373,640984,472363
xgboost,109,target,0.45,91509,2798,646644,474938
xgboost,109,target,0.5,84210,2430,653943,475306
xgboost,109,target,0.55,78088,2103,660065,475633
xgboost,109,target,0.6,74165,1924,663988,475812
xgboost,109,target,0.65,64908,1668,673245,476068
xgboost,109,target,0.7,60270,1518,677883,476218
xgboost,109,target,0.75,58717,1091,679436,476645
xgboost,109,target,0.8,56236,924,681917,476812
xgboost,109,target,0.85,53479,560,684674,477176
xgboost,109,target,0.9,11203,288,726950,477448
xgboost,109,target,0.95,5732,31,732421,477705
xgboost,109,target,0.975,1487,11,736666,477725
xgboost,109,target,0.99,158,1,737995,477735
xgboost,109,target,0.995,0,0,738153,477736
xgboost,109,target,0.999,0,0,738153,477736
hgb,109,source_heldout,0.05,101487,1482,5485,3685
hgb,109,source_heldout,0.1,100251,975,6721,4192
hgb,109,source_heldout,0.15,99037,638,7935,4529
hgb,109,source_heldout,0.2,97603,477,9369,4690
hgb,109,source_heldout,0.25,95731,350,11241,4817
hgb,109,source_heldout,0.3,95333,290,11639,4877
hgb,109,source_heldout,0.35,95008,260,11964,4907
hgb,109,source_heldout,0.4,94560,217,12412,4950
hgb,109,source_heldout,0.45,94269,181,12703,4986
hgb,109,source_heldout,0.5,94040,168,12932,4999
hgb,109,source_heldout,0.55,93755,152,13217,5015
hgb,109,source_heldout,0.6,93424,135,13548,5032
hgb,109,source_heldout,0.65,93080,129,13892,5038
hgb,109,source_heldout,0.7,92894,122,14078,5045
hgb,109,source_heldout,0.75,92607,110,14365,5057
hgb,109,source_heldout,0.8,92179,86,14793,5081
hgb,109,source_heldout,0.85,91743,70,15229,5097
hgb,109,source_heldout,0.9,91145,47,15827,5120
hgb,109,source_heldout,0.95,89829,24,17143,5143
hgb,109,source_heldout,0.975,88442,21,18530,5146
hgb,109,source_heldout,0.99,86293,5,20679,5162
hgb,109,source_heldout,0.995,85274,3,21698,5164
hgb,109,source_heldout,0.999,71736,3,35236,5164
hgb,109,target,0.05,628052,456683,110101,21053
hgb,109,target,0.1,396889,173995,341264,303741
hgb,109,target,0.15,352328,160971,385825,316765
hgb,109,target,0.2,316031,157338,422122,320398
hgb,109,target,0.25,312232,154585,425921,323151
hgb,109,target,0.3,307634,152737,430519,324999
hgb,109,target,0.35,135748,31652,602405,446084
hgb,109,target,0.4,87116,28732,651037,449004
hgb,109,target,0.45,72484,20362,665669,457374
hgb,109,target,0.5,60485,8723,677668,469013
hgb,109,target,0.55,59314,8336,678839,469400
hgb,109,target,0.6,58810,8024,679343,469712
hgb,109,target,0.65,56889,7531,681264,470205
hgb,109,target,0.7,56292,5660,681861,472076
hgb,109,target,0.75,47627,4623,690526,473113
hgb,109,target,0.8,47070,3252,691083,474484
hgb,109,target,0.85,44232,2107,693921,475629
hgb,109,target,0.9,9834,1057,728319,476679
hgb,109,target,0.95,7965,379,730188,477357
hgb,109,target,0.975,2543,144,735610,477592
hgb,109,target,0.99,1430,11,736723,477725
hgb,109,target,0.995,1091,0,737062,477736
hgb,109,target,0.999,161,0,737992,477736
mlp,109,source_heldout,0.05,101425,1378,5547,3789
mlp,109,source_heldout,0.1,99417,826,7555,4341
mlp,109,source_heldout,0.15,96635,485,10337,4682
mlp,109,source_heldout,0.2,95734,390,11238,4777
mlp,109,source_heldout,0.25,94931,294,12041,4873
mlp,109,source_heldout,0.3,94501,271,12471,4896
mlp,109,source_heldout,0.35,93945,246,13027,4921
mlp,109,source_heldout,0.4,93614,194,13358,4973
mlp,109,source_heldout,0.45,93281,161,13691,5006
mlp,109,source_heldout,0.5,92901,139,14071,5028
mlp,109,source_heldout,0.55,92658,126,14314,5041
mlp,109,source_heldout,0.6,92332,101,14640,5066
mlp,109,source_heldout,0.65,92076,97,14896,5070
mlp,109,source_heldout,0.7,91862,83,15110,5084
mlp,109,source_heldout,0.75,91611,73,15361,5094
mlp,109,source_heldout,0.8,91327,60,15645,5107
mlp,109,source_heldout,0.85,90690,56,16282,5111
mlp,109,source_heldout,0.9,90139,50,16833,5117
mlp,109,source_heldout,0.95,86000,18,20972,5149
mlp,109,source_heldout,0.975,84934,12,22038,5155
mlp,109,source_heldout,0.99,83408,6,23564,5161
mlp,109,source_heldout,0.995,82033,4,24939,5163
mlp,109,source_heldout,0.999,60123,2,46849,5165
mlp,109,target,0.05,596901,442646,141252,35090
mlp,109,target,0.1,593566,435205,144587,42531
mlp,109,target,0.15,592977,403094,145176,74642
mlp,109,target,0.2,592600,397502,145553,80234
mlp,109,target,0.25,592451,396458,145702,81278
mlp,109,target,0.3,592346,291629,145807,186107
mlp,109,target,0.35,557920,291262,180233,186474
mlp,109,target,0.4,557189,290975,180964,186761
mlp,109,target,0.45,556682,290929,181471,186807
mlp,109,target,0.5,555839,290791,182314,186945
mlp,109,target,0.55,555183,290695,182970,187041
mlp,109,target,0.6,554174,290661,183979,187075
mlp,109,target,0.65,552368,290518,185785,187218
mlp,109,target,0.7,485302,290392,252851,187344
mlp,109,target,0.75,481917,290313,256236,187423
mlp,109,target,0.8,68592,8706,669561,469030
mlp,109,target,0.85,60616,8611,677537,469125
mlp,109,target,0.9,54236,4496,683917,473240
mlp,109,target,0.95,37985,1430,700168,476306
mlp,109,target,0.975,24986,907,713167,476829
mlp,109,target,0.99,106,94,738047,477642
mlp,109,target,0.995,30,81,738123,477655
mlp,109,target,0.999,0,5,738153,477731
majority,110,source_heldout,0.05,88648,15,0,0
majority,110,source_heldout,0.1,88648,15,0,0
majority,110,source_heldout,0.15,88648,15,0,0
majority,110,source_heldout,0.2,88648,15,0,0
majority,110,source_heldout,0.25,88648,15,0,0
majority,110,source_heldout,0.3,88648,15,0,0
majority,110,source_heldout,0.35,88648,15,0,0
majority,110,source_heldout,0.4,88648,15,0,0
majority,110,source_heldout,0.45,88648,15,0,0
majority,110,source_heldout,0.5,88648,15,0,0
majority,110,source_heldout,0.55,88648,15,0,0
majority,110,source_heldout,0.6,88648,15,0,0
majority,110,source_heldout,0.65,88648,15,0,0
majority,110,source_heldout,0.7,88648,15,0,0
majority,110,source_heldout,0.75,88648,15,0,0
majority,110,source_heldout,0.8,88648,15,0,0
majority,110,source_heldout,0.85,88648,15,0,0
majority,110,source_heldout,0.9,88648,15,0,0
majority,110,source_heldout,0.95,88648,15,0,0
majority,110,source_heldout,0.975,88648,15,0,0
majority,110,source_heldout,0.99,88648,15,0,0
majority,110,source_heldout,0.995,88648,15,0,0
majority,110,source_heldout,0.999,88648,15,0,0
majority,110,target,0.05,738153,477736,0,0
majority,110,target,0.1,738153,477736,0,0
majority,110,target,0.15,738153,477736,0,0
majority,110,target,0.2,738153,477736,0,0
majority,110,target,0.25,738153,477736,0,0
majority,110,target,0.3,738153,477736,0,0
majority,110,target,0.35,738153,477736,0,0
majority,110,target,0.4,738153,477736,0,0
majority,110,target,0.45,738153,477736,0,0
majority,110,target,0.5,738153,477736,0,0
majority,110,target,0.55,738153,477736,0,0
majority,110,target,0.6,738153,477736,0,0
majority,110,target,0.65,738153,477736,0,0
majority,110,target,0.7,738153,477736,0,0
majority,110,target,0.75,738153,477736,0,0
majority,110,target,0.8,738153,477736,0,0
majority,110,target,0.85,738153,477736,0,0
majority,110,target,0.9,738153,477736,0,0
majority,110,target,0.95,738153,477736,0,0
majority,110,target,0.975,738153,477736,0,0
majority,110,target,0.99,738153,477736,0,0
majority,110,target,0.995,738153,477736,0,0
majority,110,target,0.999,738153,477736,0,0
stratified,110,source_heldout,0.05,81833,13,6815,2
stratified,110,source_heldout,0.1,81833,13,6815,2
stratified,110,source_heldout,0.15,81833,13,6815,2
stratified,110,source_heldout,0.2,81833,13,6815,2
stratified,110,source_heldout,0.25,81833,13,6815,2
stratified,110,source_heldout,0.3,81833,13,6815,2
stratified,110,source_heldout,0.35,81833,13,6815,2
stratified,110,source_heldout,0.4,81833,13,6815,2
stratified,110,source_heldout,0.45,81833,13,6815,2
stratified,110,source_heldout,0.5,81833,13,6815,2
stratified,110,source_heldout,0.55,81833,13,6815,2
stratified,110,source_heldout,0.6,81833,13,6815,2
stratified,110,source_heldout,0.65,81833,13,6815,2
stratified,110,source_heldout,0.7,81833,13,6815,2
stratified,110,source_heldout,0.75,81833,13,6815,2
stratified,110,source_heldout,0.8,81833,13,6815,2
stratified,110,source_heldout,0.85,81833,13,6815,2
stratified,110,source_heldout,0.9,81833,13,6815,2
stratified,110,source_heldout,0.95,81833,13,6815,2
stratified,110,source_heldout,0.975,81833,13,6815,2
stratified,110,source_heldout,0.99,81833,13,6815,2
stratified,110,source_heldout,0.995,81833,13,6815,2
stratified,110,source_heldout,0.999,81833,13,6815,2
stratified,110,target,0.05,681655,441163,56498,36573
stratified,110,target,0.1,681655,441163,56498,36573
stratified,110,target,0.15,681655,441163,56498,36573
stratified,110,target,0.2,681655,441163,56498,36573
stratified,110,target,0.25,681655,441163,56498,36573
stratified,110,target,0.3,681655,441163,56498,36573
stratified,110,target,0.35,681655,441163,56498,36573
stratified,110,target,0.4,681655,441163,56498,36573
stratified,110,target,0.45,681655,441163,56498,36573
stratified,110,target,0.5,681655,441163,56498,36573
stratified,110,target,0.55,681655,441163,56498,36573
stratified,110,target,0.6,681655,441163,56498,36573
stratified,110,target,0.65,681655,441163,56498,36573
stratified,110,target,0.7,681655,441163,56498,36573
stratified,110,target,0.75,681655,441163,56498,36573
stratified,110,target,0.8,681655,441163,56498,36573
stratified,110,target,0.85,681655,441163,56498,36573
stratified,110,target,0.9,681655,441163,56498,36573
stratified,110,target,0.95,681655,441163,56498,36573
stratified,110,target,0.975,681655,441163,56498,36573
stratified,110,target,0.99,681655,441163,56498,36573
stratified,110,target,0.995,681655,441163,56498,36573
stratified,110,target,0.999,681655,441163,56498,36573
logreg,110,source_heldout,0.05,88634,11,14,4
logreg,110,source_heldout,0.1,88026,9,622,6
logreg,110,source_heldout,0.15,88013,4,635,11
logreg,110,source_heldout,0.2,87329,4,1319,11
logreg,110,source_heldout,0.25,86758,4,1890,11
logreg,110,source_heldout,0.3,86264,4,2384,11
logreg,110,source_heldout,0.35,86156,4,2492,11
logreg,110,source_heldout,0.4,86100,4,2548,11
logreg,110,source_heldout,0.45,85993,3,2655,12
logreg,110,source_heldout,0.5,82650,3,5998,12
logreg,110,source_heldout,0.55,82408,3,6240,12
logreg,110,source_heldout,0.6,82220,3,6428,12
logreg,110,source_heldout,0.65,82015,3,6633,12
logreg,110,source_heldout,0.7,79364,3,9284,12
logreg,110,source_heldout,0.75,59275,3,29373,12
logreg,110,source_heldout,0.8,58237,3,30411,12
logreg,110,source_heldout,0.85,54315,2,34333,13
logreg,110,source_heldout,0.9,49264,2,39384,13
logreg,110,source_heldout,0.95,3165,2,85483,13
logreg,110,source_heldout,0.975,2154,2,86494,13
logreg,110,source_heldout,0.99,1082,2,87566,13
logreg,110,source_heldout,0.995,844,2,87804,13
logreg,110,source_heldout,0.999,469,2,88179,13
logreg,110,target,0.05,701163,449500,36990,28236
logreg,110,target,0.1,514023,189634,224130,288102
logreg,110,target,0.15,244079,22958,494074,454778
logreg,110,target,0.2,232871,21946,505282,455790
logreg,110,target,0.25,230216,19720,507937,458016
logreg,110,target,0.3,224186,16139,513967,461597
logreg,110,target,0.35,220361,12388,517792,465348
logreg,110,target,0.4,218679,11999,519474,465737
logreg,110,target,0.45,218097,11342,520056,466394
logreg,110,target,0.5,217226,10919,520927,466817
logreg,110,target,0.55,215101,10453,523052,467283
logreg,110,target,0.6,188452,6587,549701,471149
logreg,110,target,0.65,146539,5920,591614,471816
logreg,110,target,0.7,96976,3476,641177,474260
logreg,110,target,0.75,69697,2659,668456,475077
logreg,110,target,0.8,48937,2256,689216,475480
logreg,110,target,0.85,43361,859,694792,476877
logreg,110,target,0.9,43,147,738110,477589
logreg,110,target,0.95,13,8,738140,477728
logreg,110,target,0.975,11,5,738142,477731
logreg,110,target,0.99,0,2,738153,477734
logreg,110,target,0.995,0,1,738153,477735
logreg,110,target,0.999,0,0,738153,477736
tree,110,source_heldout,0.05,81883,12,6765,3
tree,110,source_heldout,0.1,65369,11,23279,4
tree,110,source_heldout,0.15,60097,10,28551,5
tree,110,source_heldout,0.2,60021,9,28627,6
tree,110,source_heldout,0.25,60016,9,28632,6
tree,110,source_heldout,0.3,59995,9,28653,6
tree,110,source_heldout,0.35,59995,9,28653,6
tree,110,source_heldout,0.4,59979,9,28669,6
tree,110,source_heldout,0.45,59969,8,28679,7
tree,110,source_heldout,0.5,59969,8,28679,7
tree,110,source_heldout,0.55,59833,8,28815,7
tree,110,source_heldout,0.6,59833,8,28815,7
tree,110,source_heldout,0.65,59833,8,28815,7
tree,110,source_heldout,0.7,59833,8,28815,7
tree,110,source_heldout,0.75,59826,8,28822,7
tree,110,source_heldout,0.8,59823,8,28825,7
tree,110,source_heldout,0.85,59823,8,28825,7
tree,110,source_heldout,0.9,57976,7,30672,8
tree,110,source_heldout,0.95,57976,7,30672,8
tree,110,source_heldout,0.975,57976,7,30672,8
tree,110,source_heldout,0.99,57976,7,30672,8
tree,110,source_heldout,0.995,57566,7,31082,8
tree,110,source_heldout,0.999,56667,7,31981,8
tree,110,target,0.05,449365,319001,288788,158735
tree,110,target,0.1,399359,311027,338794,166709
tree,110,target,0.15,361291,267731,376862,210005
tree,110,target,0.2,360248,267698,377905,210038
tree,110,target,0.25,360233,266443,377920,211293
tree,110,target,0.3,360233,266443,377920,211293
tree,110,target,0.35,360233,266443,377920,211293
tree,110,target,0.4,360233,266443,377920,211293
tree,110,target,0.45,360169,262305,377984,215431
tree,110,target,0.5,360169,262305,377984,215431
tree,110,target,0.55,360158,262284,377995,215452
tree,110,target,0.6,360158,262284,377995,215452
tree,110,target,0.65,360158,262284,377995,215452
tree,110,target,0.7,360158,262212,377995,215524
tree,110,target,0.75,360158,262212,377995,215524
tree,110,target,0.8,360158,262212,377995,215524
tree,110,target,0.85,360158,262212,377995,215524
tree,110,target,0.9,360158,262132,377995,215604
tree,110,target,0.95,360158,262132,377995,215604
tree,110,target,0.975,360158,262132,377995,215604
tree,110,target,0.99,360158,262112,377995,215624
tree,110,target,0.995,360158,262097,377995,215639
tree,110,target,0.999,360158,262097,377995,215639
rf,110,source_heldout,0.05,88648,15,0,0
rf,110,source_heldout,0.1,88646,13,2,2
rf,110,source_heldout,0.15,88641,13,7,2
rf,110,source_heldout,0.2,88631,13,17,2
rf,110,source_heldout,0.25,88584,13,64,2
rf,110,source_heldout,0.3,77939,13,10709,2
rf,110,source_heldout,0.35,74932,13,13716,2
rf,110,source_heldout,0.4,74519,13,14129,2
rf,110,source_heldout,0.45,73556,11,15092,4
rf,110,source_heldout,0.5,72312,11,16336,4
rf,110,source_heldout,0.55,72010,10,16638,5
rf,110,source_heldout,0.6,71761,10,16887,5
rf,110,source_heldout,0.65,68081,9,20567,6
rf,110,source_heldout,0.7,64311,9,24337,6
rf,110,source_heldout,0.75,61115,1,27533,14
rf,110,source_heldout,0.8,53759,0,34889,15
rf,110,source_heldout,0.85,49564,0,39084,15
rf,110,source_heldout,0.9,47976,0,40672,15
rf,110,source_heldout,0.95,38534,0,50114,15
rf,110,source_heldout,0.975,37642,0,51006,15
rf,110,source_heldout,0.99,33422,0,55226,15
rf,110,source_heldout,0.995,8240,0,80408,15
rf,110,source_heldout,0.999,7074,0,81574,15
rf,110,target,0.05,738152,477212,1,524
rf,110,target,0.1,700400,371939,37753,105797
rf,110,target,0.15,686001,370552,52152,107184
rf,110,target,0.2,655640,368893,82513,108843
rf,110,target,0.25,653927,367512,84226,110224
rf,110,target,0.3,633474,362477,104679,115259
rf,110,target,0.35,631192,358417,106961,119319
rf,110,target,0.4,628119,349617,110034,128119
rf,110,target,0.45,394762,180437,343391,297299
rf,110,target,0.5,384537,175126,353616,302610
rf,110,target,0.55,373841,168432,364312,309304
rf,110,target,0.6,346671,159305,391482,318431
rf,110,target,0.65,333745,148779,404408,328957
rf,110,target,0.7,280280,146343,457873,331393
rf,110,target,0.75,264616,145203,473537,332533
rf,110,target,0.8,222285,140857,515868,336879
rf,110,target,0.85,17410,13512,720743,464224
rf,110,target,0.9,2031,229,736122,477507
rf,110,target,0.95,0,3,738153,477733
rf,110,target,0.975,0,1,738153,477735
rf,110,target,0.99,0,1,738153,477735
rf,110,target,0.995,0,1,738153,477735
rf,110,target,0.999,0,0,738153,477736
xgboost,110,source_heldout,0.05,88643,15,5,0
xgboost,110,source_heldout,0.1,88605,13,43,2
xgboost,110,source_heldout,0.15,87678,12,970,3
xgboost,110,source_heldout,0.2,86844,12,1804,3
xgboost,110,source_heldout,0.25,81838,12,6810,3
xgboost,110,source_heldout,0.3,73705,12,14943,3
xgboost,110,source_heldout,0.35,72131,10,16517,5
xgboost,110,source_heldout,0.4,71695,8,16953,7
xgboost,110,source_heldout,0.45,71484,6,17164,9
xgboost,110,source_heldout,0.5,71197,4,17451,11
xgboost,110,source_heldout,0.55,70996,4,17652,11
xgboost,110,source_heldout,0.6,70791,4,17857,11
xgboost,110,source_heldout,0.65,70647,4,18001,11
xgboost,110,source_heldout,0.7,68700,4,19948,11
xgboost,110,source_heldout,0.75,67257,4,21391,11
xgboost,110,source_heldout,0.8,66968,4,21680,11
xgboost,110,source_heldout,0.85,66067,3,22581,12
xgboost,110,source_heldout,0.9,60245,0,28403,15
xgboost,110,source_heldout,0.95,51409,0,37239,15
xgboost,110,source_heldout,0.975,47033,0,41615,15
xgboost,110,source_heldout,0.99,25237,0,63411,15
xgboost,110,source_heldout,0.995,20909,0,67739,15
xgboost,110,source_heldout,0.999,10159,0,78489,15
xgboost,110,target,0.05,704418,467147,33735,10589
xgboost,110,target,0.1,657794,454359,80359,23377
xgboost,110,target,0.15,651336,332341,86817,145395
xgboost,110,target,0.2,575016,316459,163137,161277
xgboost,110,target,0.25,550119,288700,188034,189036
xgboost,110,target,0.3,306058,144811,432095,332925
xgboost,110,target,0.35,297149,143201,441004,334535
xgboost,110,target,0.4,261901,142482,476252,335254
xgboost,110,target,0.45,260381,141985,477772,335751
xgboost,110,target,0.5,215978,141691,522175,336045
xgboost,110,target,0.55,95747,21921,642406,455815
xgboost,110,target,0.6,63121,21418,675032,456318
xgboost,110,target,0.65,18528,10243,719625,467493
xgboost,110,target,0.7,13887,7564,724266,470172
xgboost,110,target,0.75,8651,4161,729502,473575
xgboost,110,target,0.8,1988,406,736165,477330
xgboost,110,target,0.85,1599,44,736554,477692
xgboost,110,target,0.9,260,17,737893,477719
xgboost,110,target,0.95,0,4,738153,477732
xgboost,110,target,0.975,0,0,738153,477736
xgboost,110,target,0.99,0,0,738153,477736
xgboost,110,target,0.995,0,0,738153,477736
xgboost,110,target,0.999,0,0,738153,477736
hgb,110,source_heldout,0.05,88640,15,8,0
hgb,110,source_heldout,0.1,88320,15,328,0
hgb,110,source_heldout,0.15,87321,13,1327,2
hgb,110,source_heldout,0.2,72073,10,16575,5
hgb,110,source_heldout,0.25,72003,10,16645,5
hgb,110,source_heldout,0.3,71844,10,16804,5
hgb,110,source_heldout,0.35,71520,9,17128,6
hgb,110,source_heldout,0.4,70390,8,18258,7
hgb,110,source_heldout,0.45,67836,8,20812,7
hgb,110,source_heldout,0.5,67625,7,21023,8
hgb,110,source_heldout,0.55,67037,5,21611,10
hgb,110,source_heldout,0.6,66770,4,21878,11
hgb,110,source_heldout,0.65,66690,4,21958,11
hgb,110,source_heldout,0.7,66638,0,22010,15
hgb,110,source_heldout,0.75,66512,0,22136,15
hgb,110,source_heldout,0.8,66314,0,22334,15
hgb,110,source_heldout,0.85,65947,0,22701,15
hgb,110,source_heldout,0.9,62803,0,25845,15
hgb,110,source_heldout,0.95,55558,0,33090,15
hgb,110,source_heldout,0.975,31438,0,57210,15
hgb,110,source_heldout,0.99,21994,0,66654,15
hgb,110,source_heldout,0.995,20706,0,67942,15
hgb,110,source_heldout,0.999,11346,0,77302,15
hgb,110,target,0.05,695503,464748,42650,12988
hgb,110,target,0.1,655377,445656,82776,32080
hgb,110,target,0.15,629694,329860,108459,147876
hgb,110,target,0.2,604704,298194,133449,179542
hgb,110,target,0.25,326075,147665,412078,330071
hgb,110,target,0.3,315391,146134,422762,331602
hgb,110,target,0.35,202405,41104,535748,436632
hgb,110,target,0.4,177364,24299,560789,453437
hgb,110,target,0.45,121433,23590,616720,454146
hgb,110,target,0.5,113200,22754,624953,454982
hgb,110,target,0.55,105414,22536,632739,455200
hgb,110,target,0.6,100936,22400,637217,455336
hgb,110,target,0.65,93684,21687,644469,456049
hgb,110,target,0.7,59590,21339,678563,456397
hgb,110,target,0.75,57218,21095,680935,456641
hgb,110,target,0.8,39344,3240,698809,474496
hgb,110,target,0.85,36755,1283,701398,476453
hgb,110,target,0.9,35505,805,702648,476931
hgb,110,target,0.95,533,233,737620,477503
hgb,110,target,0.975,0,0,738153,477736
hgb,110,target,0.99,0,0,738153,477736
hgb,110,target,0.995,0,0,738153,477736
hgb,110,target,0.999,0,0,738153,477736
mlp,110,source_heldout,0.05,88620,15,28,0
mlp,110,source_heldout,0.1,88601,14,47,1
mlp,110,source_heldout,0.15,87934,12,714,3
mlp,110,source_heldout,0.2,87780,11,868,4
mlp,110,source_heldout,0.25,87614,11,1034,4
mlp,110,source_heldout,0.3,87488,10,1160,5
mlp,110,source_heldout,0.35,87393,10,1255,5
mlp,110,source_heldout,0.4,87257,9,1391,6
mlp,110,source_heldout,0.45,87104,9,1544,6
mlp,110,source_heldout,0.5,86365,9,2283,6
mlp,110,source_heldout,0.55,82344,9,6304,6
mlp,110,source_heldout,0.6,76445,9,12203,6
mlp,110,source_heldout,0.65,69437,9,19211,6
mlp,110,source_heldout,0.7,67768,9,20880,6
mlp,110,source_heldout,0.75,67538,9,21110,6
mlp,110,source_heldout,0.8,66513,9,22135,6
mlp,110,source_heldout,0.85,65665,9,22983,6
mlp,110,source_heldout,0.9,62047,8,26601,7
mlp,110,source_heldout,0.95,58648,8,30000,7
mlp,110,source_heldout,0.975,57904,8,30744,7
mlp,110,source_heldout,0.99,49727,8,38921,7
mlp,110,source_heldout,0.995,40420,8,48228,7
mlp,110,source_heldout,0.999,10609,8,78039,7
mlp,110,target,0.05,693550,445694,44603,32042
mlp,110,target,0.1,687360,337565,50793,140171
mlp,110,target,0.15,669613,323790,68540,153946
mlp,110,target,0.2,639116,295679,99037,182057
mlp,110,target,0.25,614139,291680,124014,186056
mlp,110,target,0.3,390667,147900,347486,329836
mlp,110,target,0.35,324442,147791,413711,329945
mlp,110,target,0.4,320347,147719,417806,330017
mlp,110,target,0.45,316844,147661,421309,330075
mlp,110,target,0.5,313858,147593,424295,330143
mlp,110,target,0.55,311182,147548,426971,330188
mlp,110,target,0.6,81321,5726,656832,472010
mlp,110,target,0.65,43458,5440,694695,472296
mlp,110,target,0.7,24670,4997,713483,472739
mlp,110,target,0.75,20809,4750,717344,472986
mlp,110,target,0.8,13318,4675,724835,473061
mlp,110,target,0.85,8954,4621,729199,473115
mlp,110,target,0.9,4042,4608,734111,473128
mlp,110,target,0.95,505,4557,737648,473179
mlp,110,target,0.975,0,4543,738153,473193
mlp,110,target,0.99,0,4543,738153,473193
mlp,110,target,0.995,0,4543,738153,473193
mlp,110,target,0.999,0,4543,738153,473193
