protocol,direction,train_frac,rep,model,n_train_sessions,n_test_sessions,n_train,n_test,train_prevalence,test_prevalence,f1_macro,recall,fpr,precision,pr_auc,brier,ece,alerts_per_hour,false_alerts_per_hour,ppv_deploy
temporal,forward,0.4,0,logreg,12,18,1041,1767,0.505283381364073,0.9173740803621958,0.40914491488552435,0.7075879086983343,0.9383561643835616,0.8933021806853583,0.908291010906928,0.31436830089818457,0.3277033448901747,225545.80229391373,225205.4794520548,0.0015088857269683791
temporal,forward,0.4,0,tree,12,18,1041,1767,0.505283381364073,0.9173740803621958,0.4424832962138085,0.6107341147439852,0.5684931506849316,0.9226467847157502,0.9205943007878705,0.40407470288624786,0.38822863610639496,136732.09601917028,136438.3561643836,0.0021482875150652487
temporal,forward,0.4,0,rf,12,18,1041,1767,0.505283381364073,0.9173740803621958,0.4976375820754078,0.8710672424429364,0.8698630136986302,0.917478882391163,0.9313840098730326,0.16978470801021334,0.24080376570206868,209186.0734643973,208767.12328767125,0.0020027632326937166
temporal,forward,0.4,0,xgboost,12,18,1041,1767,0.505283381364073,0.9173740803621958,0.45314620587049476,0.8143121529919802,0.9246575342465754,0.9072164948453608,0.8890064557412456,0.2112191766500473,0.22466196737030278,222309.46135889366,221917.80821917808,0.0017617475087274926
temporal,forward,0.4,0,hgb,12,18,1041,1767,0.505283381364073,0.9173740803621958,0.4331138712088025,0.7779148673658236,0.9452054794520548,0.9013581129378128,0.8849956833887447,0.26772706511340505,0.2714384496731268,227223.46249969114,226849.31506849316,0.0016466056237414296
temporal,forward,0.4,0,mlp,12,18,1041,1767,0.505283381364073,0.9173740803621958,0.44382548036862285,0.8204811844540407,0.958904109589041,0.9047619047619048,0.9028982122071053,0.23790046572685242,0.2381952466635671,230531.6065103257,230136.98630136985,0.0017117835377518
temporal,forward,0.4,0,stratified,12,18,1041,1767,0.505283381364073,0.9173740803621958,0.41152247573135065,0.5157310302282542,0.4452054794520548,0.9278579356270811,0.922780929838719,0.4810413129598189,0.47198641765704585,107097.36205697968,106849.31506849315,0.0023160886853082815
temporal,forward,0.4,0,majority,12,18,1041,1767,0.505283381364073,0.9173740803621958,0.4784533648170012,1.0,1.0,0.9173740803621958,0.9173740803621958,0.08262591963780419,0.08262591963780419,240480.9619238477,240000.0,0.002
temporal,reverse,0.4,0,logreg,18,12,1767,1041,0.9173740803621958,0.505283381364073,0.567173786927313,0.34980988593155893,0.16116504854368932,0.6891385767790262,0.6845722994674082,0.34904210609857195,0.31523768104967065,38847.85688620402,38679.611650485436,0.0043308756056073235
temporal,reverse,0.4,0,tree,18,12,1767,1041,0.9173740803621958,0.505283381364073,0.3880009668938336,0.6939163498098859,0.8349514563106796,0.4591194968553459,0.48096158089007807,0.5655009937763937,0.5018641459459492,200722.09685715704,200388.3495145631,0.001662733440013049
temporal,reverse,0.4,0,rf,18,12,1767,1041,0.9173740803621958,0.505283381364073,0.3356732610082961,1.0,1.0,0.505283381364073,0.6253556267761768,0.3302280205931831,0.2954154127559981,240480.9619238477,240000.0,0.002
temporal,reverse,0.4,0,xgboost,18,12,1767,1041,0.9173740803621958,0.505283381364073,0.42004076940169455,0.8669201520912547,0.8718446601941747,0.5038674033149171,0.5685554124492058,0.3689122200012207,0.3216920297800435,209659.6740307741,209242.71844660194,0.0019887257103669126
temporal,reverse,0.4,0,hgb,18,12,1767,1041,0.9173740803621958,0.505283381364073,0.4948442466418164,0.94106463878327,0.8116504854368932,0.5421686746987951,0.6289161102885732,0.3862865917469028,0.3771343122572951,195248.7327639886,194796.11650485438,0.002318152096184657
temporal,reverse,0.4,0,mlp,18,12,1767,1041,0.9173740803621958,0.505283381364073,0.5059617891477921,0.8498098859315589,0.7514563106796116,0.5359712230215827,0.6483814643720072,0.26910659670829773,0.1593941048245723,180758.2407607492,180349.5145631068,0.0022611760101351134
temporal,reverse,0.4,0,stratified,18,12,1767,1041,0.9173740803621958,0.505283381364073,0.39365448475326714,0.9049429657794676,0.916504854368932,0.5021097046413502,0.5024113849381869,0.5014409221902018,0.5014409221902016,220396.4081583374,219961.16504854368,0.0019748194329965857
temporal,reverse,0.4,0,majority,18,12,1767,1041,0.9173740803621958,0.505283381364073,0.3356732610082961,1.0,1.0,0.505283381364073,0.505283381364073,0.494716618635927,0.494716618635927,240480.9619238477,240000.0,0.002
random_sessions,n/a,0.4,0,logreg,12,18,957,1851,0.6624869383490073,0.8173960021609941,0.6676142817272557,0.8235294117647058,0.4378698224852071,0.8938307030129125,0.9029381507165942,0.20287901088125862,0.1919572749133019,105484.84368667722,105088.75739644971,0.0037549118563801756
random_sessions,n/a,0.4,0,tree,12,18,957,1851,0.6624869383490073,0.8173960021609941,0.7306265007640254,0.9140779907468606,0.46745562130177515,0.8974691758598313,0.8905891278883517,0.15559157212317667,0.14046461372231228,112628.98582140247,112189.34911242603,0.003903406443467268
random_sessions,n/a,0.4,0,rf,12,18,957,1851,0.6624869383490073,0.8173960021609941,0.7540146822971845,0.9411764705882353,0.47337278106508873,0.898989898989899,0.950719854232511,0.09535950491526826,0.048622829974218934,114062.1375015956,113609.4674556213,0.003968626714258877
random_sessions,n/a,0.4,0,xgboost,12,18,957,1851,0.6624869383490073,0.8173960021609941,0.8041388434166621,0.9755452742894911,0.4437869822485207,0.9077490774907749,0.9115133394792767,0.09325055778026581,0.08066538302036029,106978.07587156777,106508.87573964497,0.004385946635328329
random_sessions,n/a,0.4,0,hgb,12,18,957,1851,0.6624869383490073,0.8173960021609941,0.8108471955640861,0.9722405816259088,0.42011834319526625,0.911965282083075,0.924414032115296,0.09505614752255412,0.08851556177900527,101296.0130674455,100828.4023668639,0.004616279421286326
random_sessions,n/a,0.4,0,mlp,12,18,957,1851,0.6624869383490073,0.8173960021609941,0.7263431559891381,0.9107732980832782,0.47041420118343197,0.896551724137931,0.9435159802198139,0.12222544103860855,0.11467808327144027,113337.4555616589,112899.40828402367,0.003864982458485963
random_sessions,n/a,0.4,0,stratified,12,18,957,1851,0.6624869383490073,0.8173960021609941,0.4981263677025538,0.6649041639127561,0.6272189349112426,0.825944170771757,0.8230797150641187,0.38843868179362506,0.3646677471636953,150852.33796454803,150532.54437869822,0.002119911366073608
random_sessions,n/a,0.4,0,majority,12,18,957,1851,0.6624869383490073,0.8173960021609941,0.44976218787158145,1.0,1.0,0.8173960021609941,0.8173960021609941,0.18260399783900594,0.18260399783900594,240480.9619238477,240000.0,0.002
random_sessions,n/a,0.4,1,logreg,12,18,860,1948,0.7127906976744186,0.7874743326488707,0.7400540459654774,0.8298565840938722,0.28502415458937197,0.9151689432063264,0.9021492133804153,0.17009565447379693,0.18932361744886889,68804.92652065275,68405.79710144928,0.00580088431725396
random_sessions,n/a,0.4,1,tree,12,18,860,1948,0.7127906976744186,0.7874743326488707,0.849331079714882,0.9348109517601043,0.23429951690821257,0.9366427171783148,0.9269185721633576,0.10112936344969199,0.09086242299794663,56681.49253176345,56231.884057971016,0.007932191862105276
random_sessions,n/a,0.4,1,rf,12,18,860,1948,0.7127906976744186,0.7874743326488707,0.7914123567833815,0.9028683181225554,0.30917874396135264,0.9153998678122934,0.9438891904018528,0.10192667076096147,0.10978495959344332,74637.14383398999,74202.89855072464,0.00581808548611155
random_sessions,n/a,0.4,1,xgboost,12,18,860,1948,0.7127906976744186,0.7874743326488707,0.7986175396717243,0.9119947848761408,0.3115942028985507,0.9155759162303665,0.9092529607847704,0.1145683154463768,0.12309020787539092,75221.24346192527,74782.60869565218,0.0058312618362273885
random_sessions,n/a,0.4,1,hgb,12,18,860,1948,0.7127906976744186,0.7874743326488707,0.824418145764413,0.9387222946544981,0.30917874396135264,0.9183673469387755,0.909061165647032,0.1043031704412042,0.10977940215437629,74654.3882315204,74202.89855072464,0.006047731305433479
random_sessions,n/a,0.4,1,mlp,12,18,860,1948,0.7127906976744186,0.7874743326488707,0.7780368429237543,0.8767926988265972,0.28502415458937197,0.9193438140806562,0.9169389673663488,0.13072644174098969,0.1491623596809294,68827.50100469253,68405.79710144928,0.006126968102684742
random_sessions,n/a,0.4,1,stratified,12,18,860,1948,0.7127906976744186,0.7874743326488707,0.49928331008134547,0.7066492829204694,0.6980676328502415,0.7895120174799709,0.7889142611735855,0.37936344969199176,0.3690965092402464,167876.10328265702,167536.23188405798,0.002024537095829379
random_sessions,n/a,0.4,1,majority,12,18,860,1948,0.7127906976744186,0.7874743326488707,0.44055140723721997,1.0,1.0,0.7874743326488707,0.7874743326488707,0.21252566735112938,0.21252566735112935,240480.9619238477,240000.0,0.002
random_sessions,n/a,0.4,2,logreg,12,18,1298,1510,0.911402157164869,0.6384105960264901,0.8433018867924529,0.9968879668049793,0.35714285714285715,0.8313148788927336,0.8981585224264781,0.1251066726019341,0.1283403059605704,86193.75086866085,85714.28571428571,0.005562644037915617
random_sessions,n/a,0.4,2,tree,12,18,1298,1510,0.911402157164869,0.6384105960264901,0.8158788340101317,0.9854771784232366,0.3974358974358974,0.8140531276778064,0.8115023025293432,0.15298013245033112,0.15298013245033112,95858.59238425782,95384.61538461538,0.004944543706029595
random_sessions,n/a,0.4,2,rf,12,18,1298,1510,0.911402157164869,0.6384105960264901,0.7931776622489344,1.0,0.4597069597069597,0.7934156378600823,0.9055056851414005,0.145634081601625,0.18131638967285424,110810.63225351802,110329.67032967032,0.004340395087245121
random_sessions,n/a,0.4,2,xgboost,12,18,1298,1510,0.911402157164869,0.6384105960264901,0.831820060502761,0.995850622406639,0.3791208791208791,0.8226221079691517,0.9054226229194379,0.13017721474170685,0.13393590792239524,91467.97722022861,90989.01098901099,0.005236436245489598
random_sessions,n/a,0.4,2,hgb,12,18,1298,1510,0.911402157164869,0.6384105960264901,0.8198552443560654,1.0,0.4084249084249084,0.8121314237573716,0.877249859332327,0.14544769877750566,0.1523146722366193,98502.93994582572,98021.97802197802,0.004882716435795856
random_sessions,n/a,0.4,2,mlp,12,18,1298,1510,0.911402157164869,0.6384105960264901,0.7621250209485504,1.0,0.5164835164835165,0.7736757624398074,0.9098310112283413,0.16418515145778656,0.20233859877465973,124437.00587989167,123956.04395604397,0.003865103635745837
random_sessions,n/a,0.4,2,stratified,12,18,1298,1510,0.911402157164869,0.6384105960264901,0.4450922808061788,0.9045643153526971,0.9102564102564102,0.6369612856099343,0.6370996015418048,0.39006622516556294,0.37682119205298026,218896.5994548945,218461.53846153847,0.0019875182823278835
random_sessions,n/a,0.4,2,majority,12,18,1298,1510,0.911402157164869,0.6384105960264901,0.3896523848019402,1.0,1.0,0.6384105960264901,0.6384105960264901,0.3615894039735099,0.36158940397350997,240480.9619238477,240000.0,0.002
random_sessions,n/a,0.4,3,logreg,12,18,1132,1676,0.6969964664310954,0.8102625298329356,0.6172744979515078,0.5640648011782032,0.009433962264150943,0.9960988296488946,0.9844973790030199,0.25321877534487985,0.3362261212782747,2535.444635345663,2264.1509433962265,0.10700044014664527
random_sessions,n/a,0.4,3,tree,12,18,1132,1676,0.6969964664310954,0.8102625298329356,0.7315645767339696,0.7245949926362297,0.012578616352201259,0.9959514170040485,0.9448117676653178,0.22553699284009546,0.22553699284009548,3367.37052619703,3018.867924528302,0.10349398706126714
random_sessions,n/a,0.4,3,rf,12,18,1132,1676,0.6969964664310954,0.8102625298329356,0.7970313494129215,0.8026509572901326,0.0,1.0,0.9969709932933478,0.12548399922253978,0.23347657535677438,386.04454859645654,0.0,1.0
random_sessions,n/a,0.4,3,xgboost,12,18,1132,1676,0.6969964664310954,0.8102625298329356,0.7308005084199143,0.7201767304860088,0.0031446540880503146,0.9989785495403473,0.9948025589605203,0.1704731583595276,0.23838065022462435,1101.0945669369694,754.7169811320755,0.3145756924116418
random_sessions,n/a,0.4,3,hgb,12,18,1132,1676,0.6969964664310954,0.8102625298329356,0.789082782665553,0.7930780559646539,0.0,1.0,0.9970976714531887,0.14390706235776082,0.17159487040141147,381.44034755815017,0.0,1.0
random_sessions,n/a,0.4,3,mlp,12,18,1132,1676,0.6969964664310954,0.8102625298329356,0.7525261509076182,0.7496318114874816,0.006289308176100629,0.9980392156862745,0.9894727118807116,0.15042519569396973,0.2204371924973572,1869.978320494603,1509.433962264151,0.19280670491147156
random_sessions,n/a,0.4,3,stratified,12,18,1132,1676,0.6969964664310954,0.8102625298329356,0.4896494390882899,0.6899852724594993,0.6918238993710691,0.8098530682800346,0.8099800073917955,0.38245823389021477,0.3717183770883055,166369.5924931253,166037.7358490566,0.0019946952991569656
random_sessions,n/a,0.4,3,majority,12,18,1132,1676,0.6969964664310954,0.8102625298329356,0.4475939353988134,1.0,1.0,0.8102625298329356,0.8102625298329356,0.18973747016706444,0.18973747016706444,240480.9619238477,240000.0,0.002
random_sessions,n/a,0.4,4,logreg,12,18,1221,1587,0.7567567567567568,0.7706364209199748,0.7531249428085138,0.7457072771872445,0.07967032967032966,0.9691817215727949,0.9654106971065026,0.1620648289289681,0.1667184439332617,19479.53592754232,19120.87912087912,0.018411979012092128
random_sessions,n/a,0.4,4,tree,12,18,1221,1587,0.7567567567567568,0.7706364209199748,0.8325844456978129,0.883892068683565,0.16483516483516483,0.9474145486415425,0.9268892059297987,0.12728418399495905,0.12602394454946442,39985.55799026733,39560.43956043956,0.01063179935943979
random_sessions,n/a,0.4,4,rf,12,18,1221,1587,0.7567567567567568,0.7706364209199748,0.9258480515839642,0.9615699100572364,0.10164835164835165,0.9694971145919209,0.9906630061869302,0.0716394824535727,0.14832362661273835,24858.08290945958,24395.604395604394,0.018604753855704242
random_sessions,n/a,0.4,4,xgboost,12,18,1221,1587,0.7567567567567568,0.7706364209199748,0.888506107269905,0.9010629599345871,0.04395604395604396,0.9856887298747764,0.9947266981071514,0.06666286289691925,0.0963563566217824,10982.827524168588,10549.45054945055,0.03945950837927276
random_sessions,n/a,0.4,4,hgb,12,18,1221,1587,0.7567567567567568,0.7706364209199748,0.8489461234475635,0.8699918233851186,0.08241758241758242,0.9725776965265083,0.9907825167490731,0.08555779253951934,0.08085688535138619,20198.652721326853,19780.21978021978,0.02071588372155468
random_sessions,n/a,0.4,4,mlp,12,18,1221,1587,0.7567567567567568,0.7706364209199748,0.8701695371708913,0.8863450531479967,0.06043956043956044,0.9801084990958409,0.9879376688685616,0.07382849603891373,0.07509663561212339,14931.792727449454,14505.494505494506,0.028549701280762802
random_sessions,n/a,0.4,4,stratified,12,18,1221,1587,0.7567567567567568,0.7706364209199748,0.4970512499232167,0.7473426001635323,0.7527472527472527,0.7693602693602694,0.7696826984951417,0.3673597983616887,0.3534971644612477,181018.78399408865,180659.34065934067,0.0019856687069543535
random_sessions,n/a,0.4,4,majority,12,18,1221,1587,0.7567567567567568,0.7706364209199748,0.43523131672597865,1.0,1.0,0.7706364209199748,0.7706364209199748,0.2293635790800252,0.2293635790800252,240480.9619238477,240000.0,0.002
random_sessions,n/a,0.4,5,logreg,12,18,1024,1784,0.830078125,0.727017937219731,0.7982609365150399,0.8989976869699307,0.31006160164271046,0.8853454821564161,0.9081050593458587,0.13399753964006694,0.10306170896436095,74847.1680513102,74414.78439425051,0.0057768873334429005
random_sessions,n/a,0.4,5,tree,12,18,1024,1784,0.830078125,0.727017937219731,0.7255994665481218,0.9267540478026214,0.5154004106776181,0.8272539573296628,0.8199120745922353,0.19394618834080718,0.1771300448430493,124141.83197239313,123696.09856262835,0.0035905174161108785
random_sessions,n/a,0.4,5,rf,12,18,1024,1784,0.830078125,0.727017937219731,0.7754336497067043,0.9668465690053971,0.47638603696098564,0.8438761776581427,0.9132863904141926,0.12872581415140477,0.08517291827045204,114797.66525653093,114332.64887063655,0.0040507477643838595
random_sessions,n/a,0.4,5,xgboost,12,18,1024,1784,0.830078125,0.727017937219731,0.7729371262878029,0.9444872783346183,0.4455852156057495,0.8495145631067961,0.8317741076313212,0.1486644148826599,0.1288955048224659,107394.71416381736,106940.45174537988,0.004229839633862897
random_sessions,n/a,0.4,5,hgb,12,18,1024,1784,0.830078125,0.727017937219731,0.7544838493052893,0.9599074787972244,0.5071868583162218,0.8344504021447721,0.8478148916324708,0.16604718032501198,0.13465432132907748,122186.52494361134,121724.84599589324,0.0037784767831900217
random_sessions,n/a,0.4,5,mlp,12,18,1024,1784,0.830078125,0.727017937219731,0.7709576994403,0.9144178874325366,0.4004106776180698,0.8587979724837075,0.9143285331873203,0.14356036484241486,0.12092555100578531,96538.36281467706,96098.56262833676,0.004555703800204014
random_sessions,n/a,0.4,5,stratified,12,18,1024,1784,0.830078125,0.727017937219731,0.483931534363811,0.8249807247494217,0.839835728952772,0.7234617985125085,0.7240841913317371,0.35650224215246634,0.30829596412556054,201957.35926517803,201560.57494866528,0.001964693527170527
random_sessions,n/a,0.4,5,majority,12,18,1024,1784,0.830078125,0.727017937219731,0.4209672184355729,1.0,1.0,0.727017937219731,0.727017937219731,0.27298206278026904,0.27298206278026904,240480.9619238477,240000.0,0.002
random_sessions,n/a,0.4,6,logreg,12,18,872,1936,0.6284403669724771,0.8259297520661157,0.7682884495335982,0.9418386491557224,0.4391691394658754,0.9105199516324063,0.9213321706788655,0.10427361012857875,0.09610464902854854,105853.58200046213,105400.59347181009,0.0042793878118368555
random_sessions,n/a,0.4,6,tree,12,18,872,1936,0.6284403669724771,0.8259297520661157,0.6740306678072809,0.8230143839899937,0.4094955489614243,0.9050894085281981,0.8910792879661159,0.21745867768595042,0.2040289256198347,98674.77033221998,98278.93175074183,0.004011548039538748
random_sessions,n/a,0.4,6,rf,12,18,872,1936,0.6284403669724771,0.8259297520661157,0.7135943647748024,0.9024390243902439,0.47774480712166173,0.8996259351620948,0.9592347712034025,0.11180650235955603,0.08007173965708606,115092.79251852479,114658.75370919882,0.0037712075606829007
random_sessions,n/a,0.4,6,xgboost,12,18,872,1936,0.6284403669724771,0.8259297520661157,0.7267556168250373,0.908692933083177,0.4599406528189911,0.9036069651741293,0.9416793406782199,0.1350039392709732,0.12658013544179905,110822.80337784036,110385.75667655787,0.003943653182932204
random_sessions,n/a,0.4,6,hgb,12,18,872,1936,0.6284403669724771,0.8259297520661157,0.7349111061465396,0.9199499687304565,0.4658753709198813,0.9035626535626535,0.9460966457681714,0.13487231152380866,0.12440175313574205,112252.54992757575,111810.08902077151,0.003941655731559765
random_sessions,n/a,0.4,6,mlp,12,18,872,1936,0.6284403669724771,0.8259297520661157,0.7776553412917049,0.9505941213258287,0.4391691394658754,0.9112709832134293,0.9172720562546282,0.10278312861919403,0.09045403458935465,105857.79304920127,105400.59347181009,0.004318997819826831
random_sessions,n/a,0.4,6,stratified,12,18,872,1936,0.6284403669724771,0.8259297520661157,0.49018612043751,0.6347717323327079,0.5934718100890207,0.8353909465020576,0.8319354508481551,0.4049586776859504,0.387396694214876,142738.53545495184,142433.23442136496,0.0021388830466403815
random_sessions,n/a,0.4,6,majority,12,18,872,1936,0.6284403669724771,0.8259297520661157,0.45233380480905233,1.0,1.0,0.8259297520661157,0.8259297520661157,0.1740702479338843,0.17407024793388431,240480.9619238477,240000.0,0.002
random_sessions,n/a,0.4,7,logreg,12,18,1212,1596,0.8118811881188119,0.7286967418546366,0.5772044593625676,0.46775580395528804,0.11316397228637413,0.9173693086003373,0.8878993166935712,0.3720256165775427,0.3733291767649235,27384.326080091054,27159.353348729794,0.008215383161275618
random_sessions,n/a,0.4,7,tree,12,18,1212,1596,0.8118811881188119,0.7286967418546366,0.5613801122200005,0.6440240756663801,0.48498845265588914,0.781021897810219,0.7623954020530297,0.39097744360902253,0.39097744360902253,116706.97969585014,116397.2286374134,0.0026540919767093422
random_sessions,n/a,0.4,7,rf,12,18,1212,1596,0.8118811881188119,0.7286967418546366,0.7654574054761059,0.7773000859845228,0.16628175519630484,0.9262295081967213,0.9411773431772656,0.14413849448933458,0.13117732674519436,40281.47299187526,39907.62124711316,0.009280984953988668
random_sessions,n/a,0.4,7,xgboost,12,18,1212,1596,0.8118811881188119,0.7286967418546366,0.6910548572283101,0.646603611349957,0.12702078521939955,0.9318463444857497,0.9195784300822414,0.24657373130321503,0.2753205857344554,30795.980169537637,30484.988452655893,0.010098451654068981
random_sessions,n/a,0.4,7,hgb,12,18,1212,1596,0.8118811881188119,0.7286967418546366,0.7226563305362554,0.6861564918314703,0.11085450346420324,0.9432624113475178,0.9259491597253947,0.23506349397393606,0.2427975786736683,26935.095977780627,26605.080831408777,0.012252235768682111
random_sessions,n/a,0.4,7,mlp,12,18,1212,1596,0.8118811881188119,0.7286967418546366,0.7230537687613392,0.7136715391229579,0.16397228637413394,0.9211986681465039,0.9508944176669547,0.18291477859020233,0.18656684748109467,39696.59756624407,39353.348729792146,0.008646807472079287
random_sessions,n/a,0.4,7,stratified,12,18,1212,1596,0.8118811881188119,0.7286967418546366,0.49199648934474205,0.8065348237317282,0.812933025404157,0.7271317829457364,0.7274345479968993,0.36152882205513787,0.3615288220551378,195491.83863746986,195103.9260969977,0.0019842902045212178
random_sessions,n/a,0.4,7,majority,12,18,1212,1596,0.8118811881188119,0.7286967418546366,0.4215295396882929,1.0,1.0,0.7286967418546366,0.7286967418546366,0.27130325814536344,0.2713032581453634,240480.9619238477,240000.0,0.002
random_sessions,n/a,0.4,8,logreg,12,18,956,1852,0.7792887029288703,0.7570194384449244,0.7743700099273723,0.8987161198288159,0.35777777777777775,0.8866995073891626,0.9342059928534279,0.135973951548535,0.11440518561954974,86298.91490065245,85866.66666666666,0.005008733128144295
random_sessions,n/a,0.4,8,tree,12,18,956,1852,0.7792887029288703,0.7570194384449244,0.795733587346151,0.9293865905848787,0.36666666666666664,0.8876021798365122,0.8783812872560792,0.14254859611231102,0.14254859611231102,88446.99956260595,88000.0,0.005053869151203387
random_sessions,n/a,0.4,8,rf,12,18,956,1852,0.7792887029288703,0.7570194384449244,0.8214017010851151,0.9600570613409415,0.3688888888888889,0.8902116402116402,0.9257839220787805,0.10047667171276407,0.06710876620196825,88995.08422455944,88533.33333333333,0.005188498839564866
random_sessions,n/a,0.4,8,xgboost,12,18,956,1852,0.7792887029288703,0.7570194384449244,0.8451991261896855,0.9878744650499287,0.37333333333333335,0.8918222794591114,0.905326745054968,0.09832467138767242,0.08590166507555082,90075.13000323043,89600.0,0.005274818956280016
random_sessions,n/a,0.4,8,hgb,12,18,956,1852,0.7792887029288703,0.7570194384449244,0.8416932382562508,0.9957203994293866,0.3977777777777778,0.8863492063492063,0.9076442672402245,0.0999529010703935,0.10658075671979304,95945.57026559062,95466.66666666667,0.004991409166658575
random_sessions,n/a,0.4,8,mlp,12,18,956,1852,0.7792887029288703,0.7570194384449244,0.7298117307416312,0.8673323823109843,0.4066666666666667,0.8691922802001429,0.9332535662327685,0.13677918910980225,0.13382768192978226,98017.1538512117,97600.0,0.004255926996665584
random_sessions,n/a,0.4,8,stratified,12,18,956,1852,0.7792887029288703,0.7570194384449244,0.4917629495556127,0.7710413694721826,0.7866666666666666,0.7533101045296168,0.754159388543036,0.3644708423326134,0.3363930885529157,189170.8415404275,188800.0,0.001960352543804963
random_sessions,n/a,0.4,8,majority,12,18,956,1852,0.7792887029288703,0.7570194384449244,0.4308543331284573,1.0,1.0,0.7570194384449244,0.7570194384449244,0.24298056155507558,0.24298056155507558,240480.9619238477,240000.0,0.002
random_sessions,n/a,0.4,9,logreg,12,18,1543,1265,0.7692806221646143,0.758893280632411,0.7468780681121878,0.8177083333333334,0.26885245901639343,0.9054209919261822,0.948430158119009,0.14602526870490992,0.12095274652381073,64917.87673708072,64524.59016393442,0.006058216825838507
random_sessions,n/a,0.4,9,tree,12,18,1543,1265,0.7692806221646143,0.758893280632411,0.7641589071830535,0.8458333333333333,0.2786885245901639,0.9052396878483835,0.8826779500692544,0.1841897233201581,0.1841897233201581,67292.05952889385,66885.24590163934,0.006045492292888309
random_sessions,n/a,0.4,9,rf,12,18,1543,1265,0.7692806221646143,0.758893280632411,0.8728820200221075,0.9760416666666667,0.2819672131147541,0.9159335288367546,0.9685771760505937,0.07688010259433452,0.03630748115275064,68141.57002529649,67672.13114754097,0.00688917026099104
random_sessions,n/a,0.4,9,xgboost,12,18,1543,1265,0.7692806221646143,0.758893280632411,0.8465594891221162,0.9375,0.25901639344262295,0.9193054136874361,0.9343184742259713,0.09719575941562653,0.09222553840667201,62614.83622983672,62163.934426229505,0.007201197523732472
random_sessions,n/a,0.4,9,hgb,12,18,1543,1265,0.7692806221646143,0.758893280632411,0.8577807404023798,0.95,0.25901639344262295,0.9202825428859738,0.9338933718653494,0.09367310031805695,0.07833716393421968,62620.84825388482,62163.934426229505,0.007296512908973011
random_sessions,n/a,0.4,9,mlp,12,18,1543,1265,0.7692806221646143,0.758893280632411,0.8647955366494945,0.95625,0.25573770491803277,0.9216867469879518,0.9624464203372626,0.08408768475055695,0.07658740560291337,61836.96902000722,61377.049180327864,0.007437619388016134
random_sessions,n/a,0.4,9,stratified,12,18,1543,1265,0.7692806221646143,0.758893280632411,0.4884061393152302,0.7572916666666667,0.780327868852459,0.7533678756476684,0.7547089374825069,0.3723320158102767,0.3549407114624506,187642.91698150398,187278.68852459016,0.0019410722385526005
random_sessions,n/a,0.4,9,majority,12,18,1543,1265,0.7692806221646143,0.758893280632411,0.4314606741573034,1.0,1.0,0.758893280632411,0.758893280632411,0.24110671936758893,0.24110671936758893,240480.9619238477,240000.0,0.002
random_sessions,n/a,0.4,10,logreg,12,18,1054,1754,0.5578747628083491,0.8888255416191562,0.6109861770167113,0.6747915330339962,0.046153846153846156,0.9915174363807728,0.99395487895763,0.22680381026180788,0.2985232838435642,11401.472110847244,11076.923076923078,0.028465537675208964
random_sessions,n/a,0.4,10,tree,12,18,1054,1754,0.5578747628083491,0.8888255416191562,0.6636223151154,0.737010904425914,0.020512820512820513,0.9965307892454467,0.9682054835836256,0.23603192702394526,0.2360319270239453,5277.55110556634,4923.076923076923,0.06716641400507642
random_sessions,n/a,0.4,10,rf,12,18,1054,1754,0.5578747628083491,0.8888255416191562,0.7067317441062109,0.7947402180885182,0.046153846153846156,0.9927884615384616,0.9959553009977271,0.13071271015877145,0.235171848997118,11459.162861174069,11076.923076923078,0.03335669358065373
random_sessions,n/a,0.4,10,xgboost,12,18,1054,1754,0.5578747628083491,0.8888255416191562,0.7161864616808915,0.8011545862732521,0.03076923076923077,0.9952191235059761,0.9967365235721901,0.15376853942871094,0.1868687836479403,7769.940235728773,7384.615384615385,0.0495917393729151
random_sessions,n/a,0.4,10,hgb,12,18,1054,1754,0.5578747628083491,0.8888255416191562,0.7368719459059974,0.8357921744708147,0.08205128205128205,0.9878695981804397,0.9966494546721353,0.14161510066080044,0.14321449766551345,20094.291904478025,19692.30769230769,0.020004895623157007
random_sessions,n/a,0.4,10,mlp,12,18,1054,1754,0.5578747628083491,0.8888255416191562,0.6299785901330631,0.6991661321359846,0.041025641025641026,0.9927140255009107,0.9939605413270102,0.22506143152713776,0.290797054450055,10182.426134155121,9846.153846153846,0.03302477067555738
random_sessions,n/a,0.4,10,stratified,12,18,1054,1754,0.5578747628083491,0.8888255416191562,0.4403548198160299,0.5625400898011546,0.5282051282051282,0.8948979591836734,0.8922415199412099,0.4475484606613455,0.43728620296465226,127039.79113306299,126769.23076923077,0.002129729287328806
random_sessions,n/a,0.4,10,majority,12,18,1054,1754,0.5578747628083491,0.8888255416191562,0.4705704799275581,1.0,1.0,0.8888255416191562,0.8888255416191562,0.11117445838084379,0.11117445838084379,240480.9619238477,240000.0,0.002
random_sessions,n/a,0.4,11,logreg,12,18,1544,1264,0.8892487046632125,0.6123417721518988,0.6337851310062688,0.6679586563307494,0.39183673469387753,0.7291960507757405,0.7453788840927721,0.33611098238727777,0.31981624777122003,94362.07900693016,94040.8163265306,0.003404573996043099
random_sessions,n/a,0.4,11,tree,12,18,1544,1264,0.8892487046632125,0.6123417721518988,0.8437690000007144,0.9922480620155039,0.3408163265306122,0.8213903743315508,0.8197698425317086,0.13686708860759494,0.12895569620253164,82273.15190418807,81795.91836734694,0.0058005986861533
random_sessions,n/a,0.4,11,rf,12,18,1544,1264,0.8892487046632125,0.6123417721518988,0.7933553889002833,0.9987080103359173,0.44693877551020406,0.7792338709677419,0.8684632195618063,0.15861113836266538,0.15502318967460596,107745.64664846225,107265.30612244898,0.004458096832259555
random_sessions,n/a,0.4,11,xgboost,12,18,1544,1264,0.8892487046632125,0.6123417721518988,0.8031191889842888,0.9987080103359173,0.42857142857142855,0.7863682604272635,0.840614392797473,0.15957587957382202,0.1474738988102137,103337.48338315613,102857.14285714286,0.004648270020591209
random_sessions,n/a,0.4,11,hgb,12,18,1544,1264,0.8892487046632125,0.6123417721518988,0.777060174852203,0.962532299741602,0.43673469387755104,0.7768508863399375,0.8108785190857892,0.18511945566437943,0.15190857991913126,105279.26791726152,104816.32653061225,0.0043972701920105585
random_sessions,n/a,0.4,11,mlp,12,18,1544,1264,0.8892487046632125,0.6123417721518988,0.7632979909221427,0.9780361757105943,0.47959183673469385,0.7631048387096774,0.9204080890096886,0.18083888292312622,0.1929570390530449,115572.43897698894,115102.04081632652,0.0040701586366630954
random_sessions,n/a,0.4,11,stratified,12,18,1544,1264,0.8892487046632125,0.6123417721518988,0.447471644926669,0.8824289405684754,0.8877551020408163,0.610912343470483,0.6110804029149388,0.4161392405063291,0.4161392405063291,213485.63921071062,213061.22448979592,0.001988024686268474
random_sessions,n/a,0.4,11,majority,12,18,1544,1264,0.8892487046632125,0.6123417721518988,0.37978410206084395,1.0,1.0,0.6123417721518988,0.6123417721518988,0.3876582278481013,0.3876582278481012,240480.9619238477,240000.0,0.002
random_sessions,n/a,0.4,12,logreg,12,18,1173,1635,0.835464620630861,0.7137614678899082,0.7547063377281156,0.8663239074550129,0.3611111111111111,0.8567796610169491,0.8555260020454373,0.16946979138454213,0.14536378665821126,87083.33547987149,86666.66666666667,0.004784713526517654
random_sessions,n/a,0.4,12,tree,12,18,1173,1635,0.835464620630861,0.7137614678899082,0.7843033982146885,0.9434447300771208,0.4188034188034188,0.848882035466461,0.8412402552950364,0.1602446483180428,0.1602446483180428,100966.58150524237,100512.82051282052,0.004494170107148786
random_sessions,n/a,0.4,12,rf,12,18,1173,1635,0.835464620630861,0.7137614678899082,0.7914341836163231,0.9648671808054842,0.43803418803418803,0.8459804658151766,0.9104701903197728,0.12858153702307248,0.09520062696054458,105592.26950374283,105128.20512820513,0.0043948707392945895
random_sessions,n/a,0.4,12,xgboost,12,18,1173,1635,0.835464620630861,0.7137614678899082,0.7670904826685478,0.9160239931448158,0.41239316239316237,0.847068145800317,0.8113273637198513,0.146786168217659,0.12999556667184944,99414.93163639255,98974.35897435897,0.004431654830734697
random_sessions,n/a,0.4,12,hgb,12,18,1173,1635,0.835464620630861,0.7137614678899082,0.8035442472095113,0.9777206512425022,0.4337606837606838,0.8489583333333334,0.8280374322214875,0.13985912958292088,0.14070026374038427,104572.81050797133,104102.56410256411,0.004496832428266521
random_sessions,n/a,0.4,12,mlp,12,18,1173,1635,0.835464620630861,0.7137614678899082,0.8163107287449393,0.9631533847472151,0.38247863247863245,0.8626247122026094,0.8955003186033591,0.1266242265701294,0.10778279699846555,92258.11189976022,91794.87179487178,0.005021131425188468
random_sessions,n/a,0.4,12,stratified,12,18,1173,1635,0.835464620630861,0.7137614678899082,0.475645267928467,0.8260497000856898,0.8504273504273504,0.7077826725403817,0.7088226857845582,0.3675840978593272,0.3003058103975535,204499.86255551112,204102.5641025641,0.0019427810267558453
random_sessions,n/a,0.4,12,majority,12,18,1173,1635,0.835464620630861,0.7137614678899082,0.4164882226980728,1.0,1.0,0.7137614678899082,0.7137614678899082,0.28623853211009176,0.28623853211009176,240480.9619238477,240000.0,0.002
random_sessions,n/a,0.4,13,logreg,12,18,968,1840,0.8254132231404959,0.7326086956521739,0.7796575111314326,0.9028189910979229,0.3597560975609756,0.8730272596843616,0.9143964395239659,0.14380569647624789,0.13002581838211716,86775.68497347883,86341.46341463414,0.005003954264116764
random_sessions,n/a,0.4,13,tree,12,18,968,1840,0.8254132231404959,0.7326086956521739,0.7833878759544959,0.9547477744807121,0.4410569105691057,0.855718085106383,0.8501471112512593,0.15108695652173912,0.1315217391304348,106312.85586298892,105853.65853658537,0.0043193019571907765
random_sessions,n/a,0.4,13,rf,12,18,968,1840,0.8254132231404959,0.7326086956521739,0.6272679891853155,0.9770029673590505,0.7459349593495935,0.7820665083135392,0.898286953056038,0.1618933790154678,0.1168744183921585,179494.29147068836,179024.39024390245,0.0026179173885463175
random_sessions,n/a,0.4,13,xgboost,12,18,968,1840,0.8254132231404959,0.7326086956521739,0.7563942681667075,0.9124629080118695,0.42886178861788615,0.8535739070090215,0.9053032384143316,0.15637095272541046,0.12455102810319818,103365.68918396972,102926.82926829267,0.0042457020229988585
random_sessions,n/a,0.4,13,hgb,12,18,968,1840,0.8254132231404959,0.7326086956521739,0.7534002415628134,0.9146884272997032,0.43902439024390244,0.8509316770186336,0.9144941551823955,0.16518646593299463,0.15415512735359008,105805.78396425187,105365.85365853658,0.0041579041261480135
random_sessions,n/a,0.4,13,mlp,12,18,968,1840,0.8254132231404959,0.7326086956521739,0.7511887008554441,0.9992581602373887,0.573170731707317,0.8268876611418048,0.8979954641153491,0.1378769874572754,0.14831277606806353,138041.58073692437,137560.97560975607,0.003481596810197403
random_sessions,n/a,0.4,13,stratified,12,18,968,1840,0.8254132231404959,0.7326086956521739,0.488916055559461,0.8227002967359051,0.8313008130081301,0.730566534914361,0.7309286094071927,0.3521739130434783,0.31630434782608696,199907.8826394194,199512.19512195123,0.001979349249483502
random_sessions,n/a,0.4,13,majority,12,18,968,1840,0.8254132231404959,0.7326086956521739,0.4228356336260979,1.0,1.0,0.7326086956521739,0.7326086956521739,0.2673913043478261,0.2673913043478261,240480.9619238477,240000.0,0.002
random_sessions,n/a,0.4,14,logreg,12,18,1318,1490,0.9408194233687405,0.6087248322147651,0.7262767051772494,0.7364939360529217,0.27101200686106347,0.8087167070217918,0.7685758463830051,0.26103218581413506,0.2653177993615303,65397.10718704141,65042.88164665523,0.005416532253835922
random_sessions,n/a,0.4,14,tree,12,18,1318,1490,0.9408194233687405,0.6087248322147651,0.8356017381447194,0.9680264608599779,0.3259005145797599,0.8220973782771536,0.8152751028242216,0.14697986577181207,0.12818791946308727,78681.70736809306,78216.12349914237,0.005917307650335686
random_sessions,n/a,0.4,14,rf,12,18,1318,1490,0.9408194233687405,0.6087248322147651,0.7836153423629811,1.0,0.4648370497427101,0.7699490662139219,0.8625956748486561,0.15576256375911757,0.17899304283815928,112041.85386209813,111560.89193825042,0.00429269873059818
random_sessions,n/a,0.4,14,xgboost,12,18,1318,1490,0.9408194233687405,0.6087248322147651,0.8261838332269513,0.9746416758544653,0.35334476843910806,0.8110091743119267,0.7866354765921427,0.13477756083011627,0.10948692892378056,85271.50996086703,84802.74442538593,0.005497328893275519
random_sessions,n/a,0.4,14,hgb,12,18,1318,1490,0.9408194233687405,0.6087248322147651,0.8255713651972463,0.9834619625137817,0.3653516295025729,0.8072398190045249,0.7662172961621496,0.15196473526637183,0.1337073114577509,88157.39883813915,87684.3910806175,0.005365491311626849
random_sessions,n/a,0.4,14,mlp,12,18,1318,1490,0.9408194233687405,0.6087248322147651,0.7779707235304338,1.0,0.4751286449399657,0.7660472972972973,0.9283452284949838,0.16227634251117706,0.20025214335362385,114511.83670943948,114030.87478559178,0.004200106623632983
random_sessions,n/a,0.4,14,stratified,12,18,1318,1490,0.9408194233687405,0.6087248322147651,0.4221861348836454,0.9470782800441014,0.9416809605488851,0.6100852272727273,0.6100132328264404,0.4006711409395973,0.33624161073825504,226458.9391233368,226003.43053173242,0.002011440101979339
random_sessions,n/a,0.4,14,majority,12,18,1318,1490,0.9408194233687405,0.6087248322147651,0.378389653733834,1.0,1.0,0.6087248322147651,0.6087248322147651,0.3912751677852349,0.3912751677852349,240480.9619238477,240000.0,0.002
random_sessions,n/a,0.4,15,logreg,12,18,1035,1773,0.8328502415458937,0.7247602932882121,0.7766439909297052,0.9214007782101167,0.39959016393442626,0.8585931834662799,0.9149463174618826,0.1389904601908056,0.12230148237951893,96344.79803518501,95901.63934426231,0.004599715811961745
random_sessions,n/a,0.4,15,tree,12,18,1035,1773,0.8328502415458937,0.7247602932882121,0.7605140363471493,0.9727626459143969,0.514344262295082,0.832778147901399,0.8298360273477324,0.16130851663846588,0.1613085166384659,123910.48474444584,123442.62295081968,0.003775804723797873
random_sessions,n/a,0.4,15,rf,12,18,1035,1773,0.8328502415458937,0.7247602932882121,0.7563004294396481,0.9618677042801557,0.5061475409836066,0.8334457181389077,0.9208692378924546,0.13241602280296907,0.09638894410420841,121938.03157760312,121475.40983606558,0.003793908557914769
random_sessions,n/a,0.4,15,xgboost,12,18,1035,1773,0.8328502415458937,0.7247602932882121,0.7344311765360636,0.9439688715953307,0.5225409836065574,0.8262942779291553,0.9176405909109218,0.15845325589179993,0.16141185280302245,125863.84915010861,125409.83606557378,0.0036071762273324425
random_sessions,n/a,0.4,15,hgb,12,18,1035,1773,0.8328502415458937,0.7247602932882121,0.7708187913784715,0.9750972762645914,0.4979508196721312,0.8375668449197861,0.8598961382465935,0.15080888836309103,0.11666905615941972,119977.18138324235,119508.19672131148,0.003908948822799819
random_sessions,n/a,0.4,15,mlp,12,18,1035,1773,0.8328502415458937,0.7247602932882121,0.7713185870714243,0.9431906614785992,0.44672131147540983,0.8475524475524475,0.9067346615526588,0.13898716866970062,0.11903066988532772,107666.7535491983,107213.11475409837,0.0042133600219740755
random_sessions,n/a,0.4,15,stratified,12,18,1035,1773,0.8328502415458937,0.7247602932882121,0.48732090179025805,0.8280155642023346,0.8360655737704918,0.7228260869565217,0.7231587403411938,0.3547659334461365,0.30513254371122395,201053.98166365264,200655.73770491805,0.0019807812580445202
random_sessions,n/a,0.4,15,majority,12,18,1035,1773,0.8328502415458937,0.7247602932882121,0.42020928711576194,1.0,1.0,0.7247602932882121,0.7247602932882121,0.27523970671178793,0.27523970671178793,240480.9619238477,240000.0,0.002
random_sessions,n/a,0.4,16,logreg,12,18,871,1937,0.5005740528128588,0.8833247289623128,0.5807851266606694,0.6136762127410871,0.01327433628318584,0.9971509971509972,0.9855077693127883,0.2963844658837553,0.3687015128921591,3480.9955998641226,3185.8407079646017,0.08479036627079964
random_sessions,n/a,0.4,16,tree,12,18,871,1937,0.5005740528128588,0.8833247289623128,0.6843775388943456,0.7486849795441263,0.0,1.0,0.9706777518724691,0.2219927723283428,0.22199277232834277,360.08896811741545,0.0,1.0
random_sessions,n/a,0.4,16,rf,12,18,871,1937,0.5005740528128588,0.8833247289623128,0.7010765192233349,0.7685563997662186,0.0,1.0,0.9989428406694523,0.15214971181574316,0.27532731753781947,369.64636461701895,0.0,1.0
random_sessions,n/a,0.4,16,xgboost,12,18,871,1937,0.5005740528128588,0.8833247289623128,0.7020800347271018,0.7697253068381064,0.0,1.0,0.9989647840017699,0.1754065603017807,0.21593957158953467,370.2085644111133,0.0,1.0
random_sessions,n/a,0.4,16,hgb,12,18,871,1937,0.5005740528128588,0.8833247289623128,0.693135535868094,0.7592051431911163,0.0,1.0,0.9986588128835764,0.1807329233921591,0.2034196858275692,365.1487662642644,0.0,1.0
random_sessions,n/a,0.4,16,mlp,12,18,871,1937,0.5005740528128588,0.8833247289623128,0.6709807430768892,0.7358270017533606,0.01327433628318584,0.9976228209191759,0.9941999553404965,0.1928965151309967,0.23077813184145388,3539.7454783469793,3185.8407079646017,0.0999802874379678
random_sessions,n/a,0.4,16,stratified,12,18,871,1937,0.5005740528128588,0.8833247289623128,0.4196833061315563,0.5055523085914669,0.48672566371681414,0.8871794871794871,0.8852735108780672,0.4935467217346412,0.4935467217346412,117057.31070298118,116814.15929203539,0.0020771997023130246
random_sessions,n/a,0.4,16,majority,12,18,871,1937,0.5005740528128588,0.8833247289623128,0.46902412280701755,1.0,1.0,0.8833247289623128,0.8833247289623128,0.11667527103768714,0.11667527103768714,240480.9619238477,240000.0,0.002
random_sessions,n/a,0.4,17,logreg,12,18,1147,1661,0.6442894507410637,0.847682119205298,0.5584931610212509,0.6015625,0.233201581027668,0.934878587196468,0.952947158037303,0.3207748311626117,0.3345285481975708,56257.70810395495,55968.37944664032,0.005142915825507816
random_sessions,n/a,0.4,17,tree,12,18,1147,1661,0.6442894507410637,0.847682119205298,0.6061807081950451,0.6654829545454546,0.2134387351778656,0.9455095862764884,0.9127846310275319,0.3160746538229982,0.31607465382299815,51545.36840479377,51225.296442687744,0.0062095193421153865
random_sessions,n/a,0.4,17,rf,12,18,1147,1661,0.6442894507410637,0.847682119205298,0.6584894185105254,0.7286931818181818,0.1857707509881423,0.9561975768872321,0.9733596626274963,0.1737651459255076,0.2438133377093391,44935.45391177612,44584.98023715415,0.007799491139225445
random_sessions,n/a,0.4,17,xgboost,12,18,1147,1661,0.6442894507410637,0.847682119205298,0.6354913656526129,0.7088068181818182,0.21739130434782608,0.9477682811016145,0.9664966165083203,0.2418432980775833,0.24260461014657406,52514.822134387345,52173.91304347826,0.006491673722833758
random_sessions,n/a,0.4,17,hgb,12,18,1147,1661,0.6442894507410637,0.847682119205298,0.6452350394605777,0.7223011363636364,0.21739130434782608,0.9486940298507462,0.9630172139803481,0.25574173685478,0.26224124974526836,52521.31238762109,52173.91304347826,0.0066144452289945204
random_sessions,n/a,0.4,17,mlp,12,18,1147,1661,0.6442894507410637,0.847682119205298,0.6151964108127657,0.6981534090909091,0.2648221343873518,0.9361904761904762,0.96068101901588,0.24145665764808655,0.24907539520583838,63893.09745974162,63557.31225296443,0.0052554222619863675
random_sessions,n/a,0.4,17,stratified,12,18,1147,1661,0.6442894507410637,0.847682119205298,0.478965695867388,0.6491477272727273,0.6324110671936759,0.851024208566108,0.8498516289182102,0.3937387116195063,0.38169777242624925,152090.87146625266,151778.6561264822,0.0020528210323242655
random_sessions,n/a,0.4,17,majority,12,18,1147,1661,0.6442894507410637,0.847682119205298,0.45878136200716846,1.0,1.0,0.847682119205298,0.847682119205298,0.152317880794702,0.152317880794702,240480.9619238477,240000.0,0.002
random_sessions,n/a,0.4,18,logreg,12,18,1411,1397,0.9220411055988661,0.6055833929849678,0.6687299242193157,0.7139479905437353,0.3720508166969147,0.7466007416563659,0.74972683692592,0.30725031565261274,0.3058371833609644,89635.57780631863,89292.19600725952,0.0038308650143481903
random_sessions,n/a,0.4,18,tree,12,18,1411,1397,0.9220411055988661,0.6055833929849678,0.7938173829178035,1.0,0.44464609800362975,0.775435380384968,0.775435380384968,0.17537580529706515,0.17537580529706515,107196.02544471885,106715.06352087115,0.0044867514616549675
random_sessions,n/a,0.4,18,rf,12,18,1411,1397,0.9220411055988661,0.6055833929849678,0.7908834109949541,1.0,0.4500907441016334,0.773308957952468,0.8620652450102179,0.1602062295000744,0.17484734931316037,108502.74050823972,108021.77858439201,0.004432716829038719
random_sessions,n/a,0.4,18,xgboost,12,18,1411,1397,0.9220411055988661,0.6055833929849678,0.8205650901320832,1.0,0.3938294010889292,0.7958607714016933,0.8917121002332515,0.15098854899406433,0.15891008270266432,95000.01818519071,94519.05626134301,0.005062756124005366
random_sessions,n/a,0.4,18,hgb,12,18,1411,1397,0.9220411055988661,0.6055833929849678,0.8196287697519604,1.0,0.3956442831215971,0.7951127819548872,0.856889518278265,0.15230498870115755,0.15493749091748604,95435.58987303101,94954.62794918331,0.005039649511126558
random_sessions,n/a,0.4,18,mlp,12,18,1411,1397,0.9220411055988661,0.6055833929849678,0.7899504759756797,0.9692671394799054,0.41742286751361163,0.780952380952381,0.9132621875183149,0.16961413621902466,0.1704935308295164,100647.6687913934,100181.4882032668,0.004631807112123316
random_sessions,n/a,0.4,18,stratified,12,18,1411,1397,0.9220411055988661,0.6055833929849678,0.4342006480164375,0.9184397163120568,0.9165154264972777,0.6060842433697348,0.606043393870268,0.4108804581245526,0.3750894774516822,220405.43689224223,219963.70235934664,0.002004190727434485
random_sessions,n/a,0.4,18,majority,12,18,1411,1397,0.9220411055988661,0.6055833929849678,0.37717342844404816,1.0,1.0,0.6055833929849678,0.6055833929849678,0.39441660701503223,0.39441660701503223,240480.9619238477,240000.0,0.002
random_sessions,n/a,0.4,19,logreg,12,18,1169,1639,0.6971770744225834,0.8126906650396584,0.576516468656428,0.5427927927927928,0.10749185667752444,0.9563492063492064,0.9080339571224103,0.3602388719935477,0.3518922239670452,26059.10826847815,25798.045602605864,0.010018096674016817
random_sessions,n/a,0.4,19,tree,12,18,1169,1639,0.6971770744225834,0.8126906650396584,0.5224948062065832,0.5225225225225225,0.2671009771986971,0.8946015424164524,0.8554909433086137,0.438071995118975,0.43807199511897493,64355.54796537348,64104.234527687295,0.0039050780489259833
random_sessions,n/a,0.4,19,rf,12,18,1169,1639,0.6971770744225834,0.8126906650396584,0.5742652632366552,0.6028528528528528,0.2671009771986971,0.9073446327683616,0.9105288372163756,0.28608070106345235,0.3258339637033336,64394.18379559247,64104.234527687295,0.004502724482471437
random_sessions,n/a,0.4,19,xgboost,12,18,1169,1639,0.6971770744225834,0.8126906650396584,0.515018190637885,0.5135135135135135,0.2736156351791531,0.890625,0.9169157242851587,0.3635764718055725,0.39159106771543567,65914.732890378,65667.75244299675,0.003746968796672501
random_sessions,n/a,0.4,19,hgb,12,18,1169,1639,0.6971770744225834,0.8126906650396584,0.5322930968695068,0.5337837837837838,0.25732899022801303,0.9,0.9253942584394437,0.39239228807960524,0.40282726015951875,62015.68733029048,61758.957654723126,0.004139753772300058
random_sessions,n/a,0.4,19,mlp,12,18,1169,1639,0.6971770744225834,0.8126906650396584,0.6028906535476662,0.6493993993993994,0.2736156351791531,0.9114857744994731,0.9113097236092135,0.308308869600296,0.3085602721752233,65980.08882747742,65667.75244299675,0.004733797574861714
random_sessions,n/a,0.4,19,stratified,12,18,1169,1639,0.6971770744225834,0.8126906650396584,0.48721061652807196,0.68993993993994,0.6970684039087948,0.8111209179170344,0.8116076338041543,0.3825503355704698,0.3715680292861501,167628.25177896363,167296.41693811075,0.001979587792220358
random_sessions,n/a,0.4,19,majority,12,18,1169,1639,0.6971770744225834,0.8126906650396584,0.4483338943116796,1.0,1.0,0.8126906650396584,0.8126906650396584,0.18730933496034166,0.1873093349603417,240480.9619238477,240000.0,0.002
temporal,forward,0.5,0,logreg,15,15,1231,1577,0.5816409423233144,0.9074191502853519,0.390117112243639,0.6359189378057303,0.8972602739726028,0.8741594620557157,0.9045843579144155,0.38012868877919503,0.39255313142628534,215648.3185491629,215342.46575342468,0.0014182943683305348
temporal,forward,0.5,0,tree,15,15,1231,1577,0.5816409423233144,0.9074191502853519,0.487657850025256,0.6547868623340322,0.4931506849315068,0.9286422200198216,0.9213157375258816,0.3589093214965124,0.3500317057704503,118671.09193258002,118356.16438356164,0.0026537848762467806
temporal,forward,0.5,0,rf,15,15,1231,1577,0.5816409423233144,0.9074191502853519,0.5010919704453607,0.9203354297693921,0.9178082191780822,0.9076498966230186,0.9287809564903478,0.13613591975448713,0.19378052466012474,220716.61890162682,220273.97260273973,0.002005496011536718
temporal,forward,0.5,0,xgboost,15,15,1231,1577,0.5816409423233144,0.9074191502853519,0.47615447320154886,0.8658280922431866,0.9178082191780822,0.9024034959941734,0.8815247166036396,0.1799750030040741,0.17685314455806622,220690.4029477064,220273.97260273973,0.0018869436069919995
temporal,forward,0.5,0,hgb,15,15,1231,1577,0.5816409423233144,0.9074191502853519,0.4605274773780622,0.8343815513626834,0.9246575342465754,0.8984198645598194,0.8889163035180536,0.2261380472613437,0.22767805208002218,222319.11397534452,221917.80821917808,0.0018050888607397304
temporal,forward,0.5,0,mlp,15,15,1231,1577,0.5816409423233144,0.9074191502853519,0.46033170311089555,0.827393431167016,0.9178082191780822,0.8983308042488619,0.9007287613392978,0.2376544326543808,0.23311107960658628,220671.91733917277,220273.97260273973,0.0018033320289749088
temporal,forward,0.5,0,stratified,15,15,1231,1577,0.5816409423233144,0.9074191502853519,0.4214697100785451,0.5800139762403913,0.6232876712328768,0.9011943539630836,0.9038086814191865,0.43880786303107167,0.424857324032974,149868.00573376156,149589.04109589042,0.0018614022152713963
temporal,forward,0.5,0,majority,15,15,1231,1577,0.5816409423233144,0.9074191502853519,0.4757313829787234,1.0,1.0,0.9074191502853519,0.9074191502853519,0.09258084971464807,0.09258084971464807,240480.9619238477,240000.0,0.002
temporal,reverse,0.5,0,logreg,15,15,1577,1231,0.9074191502853519,0.5816409423233144,0.5519112917246175,0.3407821229050279,0.12427184466019417,0.7922077922077922,0.7682414818816438,0.3586443249866194,0.3493888586383023,29989.145943891905,29825.2427184466,0.005465418246720271
temporal,reverse,0.5,0,tree,15,15,1577,1231,0.9074191502853519,0.5816409423233144,0.2995117496223963,0.6885474860335196,0.9825242718446602,0.4934934934934935,0.512921811057925,0.5898412335797912,0.5811788667547955,236136.99036626163,235805.82524271845,0.0014024279848299929
temporal,reverse,0.5,0,rf,15,15,1577,1231,0.9074191502853519,0.5816409423233144,0.3756274269052852,0.9357541899441341,0.9766990291262136,0.5711849957374254,0.6413763042168288,0.27462994038203203,0.1824874250768499,234857.82912573536,234407.76699029127,0.0019163173615265074
temporal,reverse,0.5,0,xgboost,15,15,1577,1231,0.9074191502853519,0.5816409423233144,0.44725721199078594,0.5432960893854749,0.6485436893203883,0.5380359612724758,0.5961350039955431,0.3785560429096222,0.3603762729104025,155911.79016926294,155650.48543689318,0.0016759780135042165
temporal,reverse,0.5,0,hgb,15,15,1577,1231,0.9074191502853519,0.5816409423233144,0.5247592007076152,0.6745810055865922,0.6213592233009708,0.6014943960149439,0.6179375059599999,0.41104783987638444,0.4227436529883873,149450.66137047103,149126.213592233,0.002170935713919469
temporal,reverse,0.5,0,mlp,15,15,1577,1231,0.9074191502853519,0.5816409423233144,0.6869478313540307,0.61731843575419,0.21553398058252426,0.7992766726943942,0.765416873639805,0.20772993564605713,0.1129420553035217,52025.06200229281,51728.155339805824,0.005706992958007433
temporal,reverse,0.5,0,stratified,15,15,1577,1231,0.9074191502853519,0.5816409423233144,0.4283005278578278,0.8952513966480447,0.9048543689320389,0.5790424570912376,0.5793146447901283,0.4394800974817222,0.4394800974817222,217595.63037774852,217165.04854368934,0.0019788165475183705
temporal,reverse,0.5,0,majority,15,15,1577,1231,0.9074191502853519,0.5816409423233144,0.3677452491011813,1.0,1.0,0.5816409423233144,0.5816409423233144,0.41835905767668563,0.4183590576766857,240480.9619238477,240000.0,0.002
random_sessions,n/a,0.5,0,logreg,15,15,1230,1578,0.7178861788617886,0.8010139416983524,0.697720101143084,0.8401898734177216,0.40764331210191085,0.892436974789916,0.883991718643353,0.1833138289983233,0.1845876733287831,98238.49424237495,97834.3949044586,0.004113452074289141
random_sessions,n/a,0.5,0,tree,15,15,1230,1578,0.7178861788617886,0.8010139416983524,0.7158192013315688,0.9200949367088608,0.5191082802547771,0.8770739064856712,0.8709963301854187,0.16730038022813687,0.14575411913814956,125028.51789202851,124585.9872611465,0.0035394375486733
random_sessions,n/a,0.5,0,rf,15,15,1230,1578,0.7178861788617886,0.8010139416983524,0.787843284667327,0.9485759493670886,0.4171974522292994,0.9015037593984963,0.9455542582166727,0.09937593215406658,0.08866853846097204,100583.61744855509,100127.38853503185,0.004535817313953674
random_sessions,n/a,0.5,0,xgboost,15,15,1230,1578,0.7178861788617886,0.8010139416983524,0.7993871308595799,0.9572784810126582,0.410828025477707,0.9036594473487677,0.907470878762494,0.10654877871274948,0.11294661262646494,99059.14061453554,98598.72611464969,0.004647874966707396
random_sessions,n/a,0.5,0,hgb,15,15,1230,1578,0.7178861788617886,0.8010139416983524,0.8062010688966874,0.9651898734177216,0.4140127388535032,0.9037037037037037,0.892320279749425,0.10508882292467575,0.10688156902678436,99827.27690323807,99363.05732484077,0.004650227801438137
random_sessions,n/a,0.5,0,mlp,15,15,1230,1578,0.7178861788617886,0.8010139416983524,0.7496453155206533,0.9153481012658228,0.43312101910828027,0.8948182521268369,0.9090117352597207,0.12309108674526215,0.12778260736137215,104389.29216976241,103949.04458598727,0.004217363434739987
random_sessions,n/a,0.5,0,stratified,15,15,1230,1578,0.7178861788617886,0.8010139416983524,0.5061178287269682,0.7175632911392406,0.6910828025477707,0.8069395017793595,0.8052659060919232,0.3637515842839037,0.33840304182509506,166204.99323245377,165859.87261146496,0.002076475647793135
random_sessions,n/a,0.5,0,majority,15,15,1230,1578,0.7178861788617886,0.8010139416983524,0.44475721323011963,1.0,1.0,0.8010139416983524,0.8010139416983524,0.19898605830164764,0.19898605830164767,240480.9619238477,240000.0,0.002
random_sessions,n/a,0.5,1,logreg,15,15,1072,1736,0.7154850746268657,0.7949308755760369,0.7066962890040376,0.8065217391304348,0.3202247191011236,0.9070904645476773,0.8871820230769569,0.19427141188448477,0.21444827457501664,77241.83883154683,76853.93258426967,0.005021970646285751
random_sessions,n/a,0.5,1,tree,15,15,1072,1736,0.7154850746268657,0.7949308755760369,0.8088298220443505,0.9340579710144927,0.3342696629213483,0.9154829545454546,0.9075335058597901,0.12096774193548387,0.10483870967741934,80673.96541984798,80224.71910112358,0.0055686653852505255
random_sessions,n/a,0.5,1,rf,15,15,1072,1736,0.7154850746268657,0.7949308755760369,0.7581320918827363,0.8905797101449275,0.36235955056179775,0.9050073637702504,0.9297782174104574,0.11502331742687309,0.12696430566713793,87394.62706556248,86966.29213483146,0.004901158630835453
random_sessions,n/a,0.5,1,xgboost,15,15,1072,1736,0.7154850746268657,0.7949308755760369,0.7738479075069207,0.9072463768115943,0.3595505617977528,0.9072463768115943,0.8885077280821264,0.12549065053462982,0.13950803275097126,86728.48579425583,86292.13483146067,0.005031230037041138
random_sessions,n/a,0.5,1,hgb,15,15,1072,1736,0.7154850746268657,0.7949308755760369,0.7999737987268707,0.9318840579710145,0.351123595505618,0.9114103472714387,0.893297884318889,0.115666201291782,0.1171527754313914,84717.86367067306,84269.66292134832,0.005290510524050088
random_sessions,n/a,0.5,1,mlp,15,15,1072,1736,0.7154850746268657,0.7949308755760369,0.729133727219772,0.8528985507246377,0.35674157303370785,0.9026073619631901,0.911091914256174,0.14818798005580902,0.169329562088451,86028.18925589332,85617.97752808989,0.004768340835156328
random_sessions,n/a,0.5,1,stratified,15,15,1072,1736,0.7154850746268657,0.7949308755760369,0.5115527720972506,0.7152173913043478,0.6769662921348315,0.8037459283387622,0.8012355546172035,0.3652073732718894,0.34907834101382484,162815.90244485062,162471.91011235956,0.002112768638232908
random_sessions,n/a,0.5,1,majority,15,15,1072,1736,0.7154850746268657,0.7949308755760369,0.4428754813863928,1.0,1.0,0.7949308755760369,0.7949308755760369,0.20506912442396313,0.20506912442396313,240480.9619238477,240000.0,0.002
random_sessions,n/a,0.5,2,logreg,15,15,1641,1167,0.837903717245582,0.6615252784918595,0.7938398012862149,0.9455958549222798,0.3949367088607595,0.8239277652370203,0.8727763077519395,0.1537301597626541,0.12625281993650084,95239.6057281481,94784.81012658228,0.00477527807983576
random_sessions,n/a,0.5,2,tree,15,15,1641,1167,0.837903717245582,0.6615252784918595,0.7717852615070844,0.9857512953367875,0.4911392405063291,0.7968586387434555,0.7949303136621504,0.17566409597257926,0.15681233933161953,118347.52656095952,117873.41772151898,0.004006073073241043
random_sessions,n/a,0.5,2,rf,15,15,1641,1167,0.837903717245582,0.6615252784918595,0.8171692372928263,1.0,0.42278481012658226,0.8221512247071352,0.9147144497144268,0.12585496825636278,0.13304270058452564,101949.31635422744,101468.35443037974,0.004717657175616281
random_sessions,n/a,0.5,2,xgboost,15,15,1641,1167,0.837903717245582,0.6615252784918595,0.8323376882186372,1.0,0.3924050632911392,0.8327939590075513,0.8246665647753618,0.12629865109920502,0.1299832917184714,94658.17711372112,94177.21518987342,0.005081039361975816
random_sessions,n/a,0.5,2,hgb,15,15,1641,1167,0.837903717245582,0.6615252784918595,0.8339094014313597,0.9987046632124352,0.38734177215189874,0.8344155844155844,0.8559047552781951,0.1300414278403309,0.13132672962669384,93442.36423263,92962.02531645569,0.005140483335572363
random_sessions,n/a,0.5,2,mlp,15,15,1641,1167,0.837903717245582,0.6615252784918595,0.8123292473149366,0.9676165803108808,0.38734177215189874,0.83,0.8500367608767168,0.14167486131191254,0.1261751824152363,93427.41204846895,92962.02531645569,0.004981265367511332
random_sessions,n/a,0.5,2,stratified,15,15,1641,1167,0.837903717245582,0.6615252784918595,0.470942508249095,0.8264248704663213,0.8430379746835444,0.6570545829042225,0.6578305844699522,0.4001713796058269,0.33504712939160236,202726.5928196657,202329.11392405065,0.0019606648051774807
random_sessions,n/a,0.5,2,majority,15,15,1641,1167,0.837903717245582,0.6615252784918595,0.39814337287261475,1.0,1.0,0.6615252784918595,0.6615252784918595,0.3384747215081405,0.3384747215081405,240480.9619238477,240000.0,0.002
random_sessions,n/a,0.5,3,logreg,15,15,1265,1543,0.68300395256917,0.83149708360337,0.6048305984466091,0.5752143413873734,0.019230769230769232,0.9932705248990579,0.9732189773621626,0.2756970983643904,0.3503030238925605,4892.040811643072,4615.384615384615,0.056552307495067
random_sessions,n/a,0.5,3,tree,15,15,1265,1543,0.68300395256917,0.83149708360337,0.7324086738321886,0.7825409197194076,0.11538461538461539,0.9709864603481625,0.9406532287723268,0.20025923525599482,0.19507453013609852,28068.680078545487,27692.307692307695,0.013408980585641233
random_sessions,n/a,0.5,3,rf,15,15,1265,1543,0.68300395256917,0.83149708360337,0.8367431347087962,0.8628215120810601,0.0,1.0,0.9974772938681238,0.1044191132095429,0.2119710630158102,414.9842943876842,0.0,1.0
random_sessions,n/a,0.5,3,xgboost,15,15,1265,1543,0.68300395256917,0.83149708360337,0.8130376832666909,0.8378799688230709,0.0,1.0,0.9986345702201833,0.11172851920127869,0.16823589836045214,402.9883617585912,0.0,1.0
random_sessions,n/a,0.5,3,hgb,15,15,1265,1543,0.68300395256917,0.83149708360337,0.8359824710698784,0.8620420888542478,0.0,1.0,0.998305266870978,0.10110954618253679,0.11915937310664772,414.609421493025,0.0,1.0
random_sessions,n/a,0.5,3,mlp,15,15,1265,1543,0.68300395256917,0.83149708360337,0.8278174540323393,0.8581449727201871,0.015384615384615385,0.9963800904977376,0.9972526407236615,0.08962933719158173,0.16210349132451732,4105.042749327422,3692.3076923076924,0.1005434248126533
random_sessions,n/a,0.5,3,stratified,15,15,1265,1543,0.68300395256917,0.83149708360337,0.4888536597145869,0.6812159002338269,0.6692307692307692,0.833969465648855,0.8331813095642071,0.3778353856124433,0.36228127025275436,160943.0235253167,160615.3846153846,0.0020357447173257734
random_sessions,n/a,0.5,3,majority,15,15,1265,1543,0.68300395256917,0.83149708360337,0.45399858457183295,1.0,1.0,0.83149708360337,0.83149708360337,0.16850291639662995,0.16850291639662995,240480.9619238477,240000.0,0.002
random_sessions,n/a,0.5,4,logreg,15,15,1402,1406,0.7282453637660485,0.8008534850640113,0.7060325919852414,0.6962699822380106,0.05357142857142857,0.981226533166458,0.9637354183380089,0.1988092045645354,0.23068671856579828,13192.022207317452,12857.142857142857,0.025384989875838815
random_sessions,n/a,0.5,4,tree,15,15,1402,1406,0.7282453637660485,0.8008534850640113,0.8126859305543059,0.866785079928952,0.14642857142857144,0.95968534906588,0.9385265749981355,0.13584637268847796,0.13584637268847793,35559.747762462255,35142.857142857145,0.01172366638790355
random_sessions,n/a,0.5,4,rf,15,15,1402,1406,0.7282453637660485,0.8008534850640113,0.9141211157428333,0.9262877442273535,0.007142857142857143,0.9980861244019139,0.9983700633037875,0.06509243419309031,0.15241517013970826,2159.7948497858442,1714.2857142857142,0.206273820656765
random_sessions,n/a,0.5,4,xgboost,15,15,1402,1406,0.7282453637660485,0.8008534850640113,0.825738483784342,0.8294849023090586,0.0,1.0,0.998513104692218,0.09352782368659973,0.13168423574924643,398.9506544171825,0.0,1.0
random_sessions,n/a,0.5,4,hgb,15,15,1402,1406,0.7282453637660485,0.8008534850640113,0.8341690500068095,0.8392539964476021,0.0,1.0,0.9975001378116817,0.11454080651409146,0.12703846545187678,403.64921672830565,0.0,1.0
random_sessions,n/a,0.5,4,mlp,15,15,1402,1406,0.7282453637660485,0.8008534850640113,0.8131816026552869,0.8490230905861457,0.09642857142857143,0.9725330620549338,0.9874838772284005,0.09847371280193329,0.0955633832778574,23551.204921896573,23142.857142857145,0.01733872132630336
random_sessions,n/a,0.5,4,stratified,15,15,1402,1406,0.7282453637660485,0.8008534850640113,0.49988827873376995,0.7238010657193605,0.7142857142857143,0.8029556650246306,0.8023750451598415,0.3634423897581792,0.3477951635846373,171776.6921816228,171428.57142857142,0.0020265889896361553
random_sessions,n/a,0.5,4,majority,15,15,1402,1406,0.7282453637660485,0.8008534850640113,0.44470774091627174,1.0,1.0,0.8008534850640113,0.8008534850640113,0.19914651493598862,0.19914651493598862,240480.9619238477,240000.0,0.002
random_sessions,n/a,0.5,5,logreg,15,15,1627,1181,0.8598647818070068,0.6333615580016935,0.8071023284560159,0.9371657754010695,0.3510392609699769,0.8218053927315357,0.8787613831208418,0.15174511958445536,0.12107638752579758,84700.16368709557,84249.42263279445,0.0053216078302548535
random_sessions,n/a,0.5,5,tree,15,15,1627,1181,0.8598647818070068,0.6333615580016935,0.7517247969421883,0.9986631016042781,0.5311778290993071,0.7645854657113613,0.7644100326796639,0.1955969517358171,0.1955969517358171,127962.997910457,127482.6789838337,0.0037535766937830464
random_sessions,n/a,0.5,5,rf,15,15,1627,1181,0.8598647818070068,0.6333615580016935,0.738362542457795,0.9986631016042781,0.5542725173210161,0.756838905775076,0.8336752810959427,0.17050533488274666,0.15954759740261118,133505.72308366717,133025.40415704387,0.003597740347972104
random_sessions,n/a,0.5,5,xgboost,15,15,1627,1181,0.8598647818070068,0.6333615580016935,0.7496811917123858,0.963903743315508,0.49653579676674364,0.7702991452991453,0.783933162048994,0.18025027215480804,0.1707348473309748,119632.1922228075,119168.59122401847,0.0038752194553585873
random_sessions,n/a,0.5,5,hgb,15,15,1627,1181,0.8598647818070068,0.6333615580016935,0.7720406765296568,1.0,0.49653579676674364,0.7767393561786086,0.7730699821424276,0.18100316287830628,0.18292483926152492,119649.55314786617,119168.59122401847,0.00401975528695297
random_sessions,n/a,0.5,5,mlp,15,15,1627,1181,0.8598647818070068,0.6333615580016935,0.7834757785941441,0.9652406417112299,0.4341801385681293,0.7934065934065934,0.8803588596652303,0.17057420313358307,0.1465685716827237,104667.47725236446,104203.23325635104,0.004435417841342209
random_sessions,n/a,0.5,5,stratified,15,15,1627,1181,0.8598647818070068,0.6333615580016935,0.46231759576075887,0.8489304812834224,0.859122401847575,0.6305858987090367,0.6310052162224995,0.4106689246401355,0.36663844199830653,206597.67968090903,206189.376443418,0.0019763205381669864
random_sessions,n/a,0.5,5,majority,15,15,1627,1181,0.8598647818070068,0.6333615580016935,0.3877656817003629,1.0,1.0,0.6333615580016935,0.6333615580016935,0.36663844199830653,0.36663844199830653,240480.9619238477,240000.0,0.002
random_sessions,n/a,0.5,6,logreg,15,15,988,1820,0.5931174089068826,0.8576923076923076,0.7087614905759614,0.9103139013452914,0.4826254826254826,0.9191461836998707,0.9114751250331095,0.1113378021545169,0.10368669438993021,116267.94215541217,115830.11583011583,0.0037656667623058313
random_sessions,n/a,0.5,6,tree,15,15,988,1820,0.5931174089068826,0.8576923076923076,0.6525385209628867,0.8872517616912236,0.5675675675675675,0.9040469973890339,0.898820587788378,0.17747252747252748,0.16318681318681316,136642.9505304565,136216.2162162162,0.0031229881423348845
random_sessions,n/a,0.5,6,rf,15,15,988,1820,0.5931174089068826,0.8576923076923076,0.7070280339838633,0.9147982062780269,0.4980694980694981,0.9171483622350675,0.9645647793774177,0.10449306681867944,0.08491946531279693,119976.66264190344,119536.67953667954,0.003667239074128328
random_sessions,n/a,0.5,6,xgboost,15,15,988,1820,0.5931174089068826,0.8576923076923076,0.6940314587373411,0.9000640614990391,0.4942084942084942,0.9165035877364645,0.9401528131112074,0.12959159910678864,0.13459328037850882,119042.93515264336,118610.03861003861,0.003636474033924522
random_sessions,n/a,0.5,6,hgb,15,15,988,1820,0.5931174089068826,0.8576923076923076,0.7465187913600579,0.9506726457399103,0.4980694980694981,0.9200247985120893,0.9451040025259516,0.1065809993749352,0.10583665113867234,119993.91688132398,119536.67953667954,0.003810504369956198
random_sessions,n/a,0.5,6,mlp,15,15,988,1820,0.5931174089068826,0.8576923076923076,0.7234075970391171,0.928891736066624,0.4942084942084942,0.9188846641318125,0.9213129713400509,0.10906922817230225,0.11612305818029665,119056.80016646344,118610.03861003861,0.003752507675329539
random_sessions,n/a,0.5,6,stratified,15,15,988,1820,0.5931174089068826,0.8576923076923076,0.4709707657156248,0.5932094811018578,0.5366795366795367,0.8694835680751174,0.8646869951455312,0.42527472527472526,0.41648351648351645,129088.39997636426,128803.08880308882,0.00221019993529769
random_sessions,n/a,0.5,6,majority,15,15,988,1820,0.5931174089068826,0.8576923076923076,0.4616977225672878,1.0,1.0,0.8576923076923076,0.8576923076923076,0.1423076923076923,0.1423076923076923,240480.9619238477,240000.0,0.002
random_sessions,n/a,0.5,7,logreg,15,15,1459,1349,0.8053461274845785,0.720533728687917,0.672271141690235,0.6162551440329218,0.13527851458885942,0.9215384615384615,0.9263132651205646,0.2738275174032263,0.2720402082464252,32763.238760981374,32466.84350132626,0.009046579973897385
random_sessions,n/a,0.5,7,tree,15,15,1459,1349,0.8053461274845785,0.720533728687917,0.7745027024015155,0.7757201646090535,0.14588859416445624,0.9320148331273177,0.8845838858353533,0.20237212750185324,0.2023721275018532,35386.35446220732,35013.2625994695,0.010543382284159393
random_sessions,n/a,0.5,7,rf,15,15,1459,1349,0.8053461274845785,0.720533728687917,0.8343226757276785,0.8693415637860082,0.16445623342175067,0.9316427783902976,0.9652756614776731,0.10846602689732776,0.10020723595932786,39887.616212219444,39469.49602122016,0.010482456228386814
random_sessions,n/a,0.5,7,xgboost,15,15,1459,1349,0.8053461274845785,0.720533728687917,0.7894526914539401,0.7973251028806584,0.14588859416445624,0.9337349397590361,0.9565213562100205,0.14618271589279175,0.14548562351893232,35396.74561488304,35013.2625994695,0.010833849517858006
random_sessions,n/a,0.5,7,hgb,15,15,1459,1349,0.8053461274845785,0.720533728687917,0.8036472288145069,0.8148148148148148,0.14058355437665782,0.9372781065088758,0.9664335922156302,0.15476051665399337,0.154027013788268,34131.94795131081,33740.05305039787,0.01148176193963423
random_sessions,n/a,0.5,7,mlp,15,15,1459,1349,0.8053461274845785,0.720533728687917,0.8288268239308632,0.8672839506172839,0.17506631299734748,0.9273927392739274,0.9647948856652979,0.1083831936120987,0.09570501976270397,42433.04567677451,42015.915119363395,0.009830323295398815
random_sessions,n/a,0.5,7,stratified,15,15,1459,1349,0.8053461274845785,0.720533728687917,0.4885220964684247,0.7993827160493827,0.8116710875331565,0.7174515235457064,0.7180698671699153,0.3713862120088955,0.36693847294292065,195185.53365695928,194801.06100795756,0.0019697804534910975
random_sessions,n/a,0.5,7,majority,15,15,1459,1349,0.8053461274845785,0.720533728687917,0.4187850064627316,1.0,1.0,0.720533728687917,0.720533728687917,0.279466271312083,0.279466271312083,240480.9619238477,240000.0,0.002
random_sessions,n/a,0.5,8,logreg,15,15,1215,1593,0.660082304526749,0.8443188951663528,0.5736475672215109,0.5680297397769517,0.0846774193548387,0.9732484076433121,0.9499132433117081,0.3242859537240397,0.36421009396457715,20595.781321607115,20322.580645161288,0.013264885278191052
random_sessions,n/a,0.5,8,tree,15,15,1215,1593,0.660082304526749,0.8443188951663528,0.8192124388729998,0.8899628252788104,0.125,0.9747557003257329,0.9618608858107138,0.11175190484070799,0.11205406761549551,30428.03823259903,30000.0,0.014067230668208147
random_sessions,n/a,0.5,8,rf,15,15,1215,1593,0.660082304526749,0.8443188951663528,0.8423232407426702,0.9078066914498141,0.11290322580645161,0.977582065652522,0.9904717565220496,0.08092019937118647,0.16190706989623652,27533.3946463499,27096.774193548386,0.01585785038167811
random_sessions,n/a,0.5,8,xgboost,15,15,1215,1593,0.660082304526749,0.8443188951663528,0.8169677665521989,0.8773234200743495,0.08870967741935484,0.9816971713810316,0.9913747349921326,0.09158942103385925,0.10835490948893488,21712.281740600763,21290.322580645163,0.01943412327625423
random_sessions,n/a,0.5,8,hgb,15,15,1215,1593,0.660082304526749,0.8443188951663528,0.8481944814124744,0.9130111524163569,0.11290322580645161,0.9777070063694268,0.9919449599109134,0.08344167909785437,0.08614904902819144,27535.89779390896,27096.774193548386,0.015947313708351583
random_sessions,n/a,0.5,8,mlp,15,15,1215,1593,0.660082304526749,0.8443188951663528,0.7139707194812748,0.7657992565055762,0.0967741935483871,0.9772296015180265,0.972036061815158,0.1863655298948288,0.20736271151425095,23594.126735302958,23225.8064516129,0.015610676666365179
random_sessions,n/a,0.5,8,stratified,15,15,1215,1593,0.660082304526749,0.8443188951663528,0.4806966888650864,0.6624535315985131,0.6532258064516129,0.8461538461538461,0.845534464928328,0.386691776522285,0.31136220966729444,157092.8084734044,156774.1935483871,0.002028195485926792
random_sessions,n/a,0.5,8,majority,15,15,1215,1593,0.660082304526749,0.8443188951663528,0.45779441797140913,1.0,1.0,0.8443188951663528,0.8443188951663528,0.1556811048336472,0.1556811048336472,240480.9619238477,240000.0,0.002
random_sessions,n/a,0.5,9,logreg,15,15,1667,1141,0.752249550089982,0.782646801051709,0.7101752870460354,0.8219484882418813,0.3548387096774194,0.8929440389294404,0.9397153059024788,0.15720605240886812,0.15347240605950058,85556.61624878917,85161.29032258065,0.0046206353586840795
random_sessions,n/a,0.5,9,tree,15,15,1667,1141,0.752249550089982,0.782646801051709,0.7321554327923755,0.8409854423292273,0.3346774193548387,0.9004796163069544,0.8817424833100396,0.1971954425942156,0.1971954425942156,80727.06262143186,80322.58064516129,0.005010487971888453
random_sessions,n/a,0.5,9,rf,15,15,1667,1141,0.752249550089982,0.782646801051709,0.8491033609903631,0.9720044792833147,0.33064516129032256,0.9136842105263158,0.9733422432301803,0.07949984583228233,0.021339858233578864,79822.3358540221,79354.83870967741,0.005856720920816352
random_sessions,n/a,0.5,9,xgboost,15,15,1667,1141,0.752249550089982,0.782646801051709,0.8189294649191591,0.9361702127659575,0.3185483870967742,0.9136612021857924,0.9387090208240597,0.10177810490131378,0.0952098639789066,76901.87512980662,76451.6129032258,0.005855022726309346
random_sessions,n/a,0.5,9,hgb,15,15,1667,1141,0.752249550089982,0.782646801051709,0.8284931441996437,0.9462486002239642,0.3185483870967742,0.9145021645021645,0.9218062054283745,0.10471805032272798,0.10700823710149907,76906.72245042771,76451.6129032258,0.005917682261069697
random_sessions,n/a,0.5,9,mlp,15,15,1667,1141,0.752249550089982,0.782646801051709,0.8221451371246173,0.9361702127659575,0.31048387096774194,0.9156626506024096,0.9501999544684819,0.098625548183918,0.09674215458561493,74966.39125883888,74516.12903225806,0.0060061878265713275
random_sessions,n/a,0.5,9,stratified,15,15,1667,1141,0.752249550089982,0.782646801051709,0.4996894512151747,0.7435610302351624,0.7419354838709677,0.7830188679245284,0.7829234554789789,0.3619631901840491,0.34268185801928136,178422.14067263235,178064.51612903227,0.002004373124612629
random_sessions,n/a,0.5,9,majority,15,15,1667,1141,0.752249550089982,0.782646801051709,0.4390363815142576,1.0,1.0,0.782646801051709,0.782646801051709,0.21735319894829097,0.217353198948291,240480.9619238477,240000.0,0.002
random_sessions,n/a,0.5,10,logreg,15,15,1295,1513,0.6216216216216216,0.8869795109054858,0.5797793444153572,0.6147540983606558,0.0,1.0,0.9995032510604025,0.2720188652490534,0.34817534280569057,295.67331384079637,0.0,1.0
random_sessions,n/a,0.5,10,tree,15,15,1295,1513,0.6216216216216216,0.8869795109054858,0.6577235849205224,0.7421758569299552,0.07602339181286549,0.9871159563924677,0.9612983631447064,0.23727693324520818,0.2372769332452082,18602.57236307006,18245.614035087718,0.019188654182632242
random_sessions,n/a,0.5,10,rf,15,15,1295,1513,0.6216216216216216,0.8869795109054858,0.6733397855866587,0.7406855439642325,0.0,1.0,0.9985172235052155,0.145868855986377,0.2597438287133221,356.241544191214,0.0,1.0
random_sessions,n/a,0.5,10,xgboost,15,15,1295,1513,0.6216216216216216,0.8869795109054858,0.685614372956947,0.7555886736214605,0.0,1.0,0.9995369581732794,0.18460728228092194,0.224206148829397,363.4093821025061,0.0,1.0
random_sessions,n/a,0.5,10,hgb,15,15,1295,1513,0.6216216216216216,0.8869795109054858,0.7180342155364278,0.7928464977645305,0.0,1.0,0.9992680389162657,0.16797766708720596,0.18480272589092325,381.32897688073615,0.0,1.0
random_sessions,n/a,0.5,10,mlp,15,15,1295,1513,0.6216216216216216,0.8869795109054858,0.6065840691373015,0.6527570789865872,0.0,1.0,0.9975362154544394,0.24060891568660736,0.32401606697257995,313.951300514591,0.0,1.0
random_sessions,n/a,0.5,10,stratified,15,15,1295,1513,0.6216216216216216,0.8869795109054858,0.46693859213544253,0.6296572280178837,0.5789473684210527,0.8951271186440678,0.8921097110091385,0.3939193654990086,0.38202247191011235,139250.20957280474,138947.36842105264,0.0021747985348183818
random_sessions,n/a,0.5,10,majority,15,15,1295,1513,0.6216216216216216,0.8869795109054858,0.47005253940455344,1.0,1.0,0.8869795109054858,0.8869795109054858,0.1130204890945142,0.1130204890945142,240480.9619238477,240000.0,0.002
random_sessions,n/a,0.5,11,logreg,15,15,1812,996,0.9056291390728477,0.5080321285140562,0.8063536928017125,0.9861660079051383,0.3653061224489796,0.7359882005899705,0.8186765007402278,0.17249162826954484,0.1635588137655531,88147.77768815037,87673.4693877551,0.00538083106386717
random_sessions,n/a,0.5,11,tree,15,15,1812,996,0.9056291390728477,0.5080321285140562,0.8236859752668868,0.9920948616600791,0.33877551020408164,0.7514970059880239,0.7495723824506803,0.1706827309236948,0.1706827309236948,81783.28230228304,81306.1224489796,0.005834442441913641
random_sessions,n/a,0.5,11,rf,15,15,1812,996,0.9056291390728477,0.5080321285140562,0.7659774436090225,1.0,0.4489795918367347,0.696969696969697,0.8669458526619769,0.2013395832052799,0.22994010512987076,108236.06396466403,107755.10204081633,0.0044436383422508385
random_sessions,n/a,0.5,11,xgboost,15,15,1812,996,0.9056291390728477,0.5080321285140562,0.7802471964460738,0.9980237154150198,0.42244897959183675,0.7092696629213483,0.7944303875916352,0.19801262021064758,0.1927750748834067,101867.76650825245,101387.75510204081,0.00471210298080646
random_sessions,n/a,0.5,11,hgb,15,15,1812,996,0.9056291390728477,0.5080321285140562,0.76500945862648,0.9881422924901185,0.44081632653061226,0.6983240223463687,0.7604392445437451,0.2172939113155139,0.20842762391995573,106271.17718537826,105795.91836734694,0.004472132807960557
random_sessions,n/a,0.5,11,mlp,15,15,1812,996,0.9056291390728477,0.5080321285140562,0.7540740740740741,1.0,0.46938775510204084,0.6875,0.8033571010142636,0.21353919804096222,0.24908648361451927,113134.02314833751,112653.06122448981,0.0042512580253340265
random_sessions,n/a,0.5,11,stratified,15,15,1812,996,0.9056291390728477,0.5080321285140562,0.4069645684554542,0.8972332015810277,0.9,0.5072625698324023,0.5073416549143114,0.49497991967871485,0.49497991967871496,216431.53500677244,216000.0,0.0019938638182228612
random_sessions,n/a,0.5,11,majority,15,15,1812,996,0.9056291390728477,0.5080321285140562,0.33688415446071907,1.0,1.0,0.5080321285140562,0.5080321285140562,0.4919678714859438,0.49196787148594373,240480.9619238477,240000.0,0.002
random_sessions,n/a,0.5,12,logreg,15,15,1588,1220,0.8419395465994962,0.6639344262295082,0.7320691851326634,0.8654320987654321,0.4170731707317073,0.8038990825688074,0.8142908612553184,0.21271070394842415,0.2027984188102787,100513.80086279153,100097.56097560975,0.004141121752523994
random_sessions,n/a,0.5,12,tree,15,15,1588,1220,0.8419395465994962,0.6639344262295082,0.765122475290073,0.9666666666666667,0.48048780487804876,0.7989795918367347,0.7944780863164937,0.18360655737704917,0.17704918032786887,115782.00303045115,115317.0731707317,0.004015562415146337
random_sessions,n/a,0.5,12,rf,15,15,1588,1220,0.8419395465994962,0.6639344262295082,0.7742738794917488,0.9938271604938271,0.4975609756097561,0.7978196233894945,0.8788868068734637,0.1490091618159322,0.13227242750980767,119892.62716942467,119414.63414634146,0.00398684251374135
random_sessions,n/a,0.5,12,xgboost,15,15,1588,1220,0.8419395465994962,0.6639344262295082,0.8003103921378751,0.9851851851851852,0.43658536585365854,0.8167860798362334,0.7898565656831167,0.15373928844928741,0.1394059323306867,105254.32436689097,104780.48780487805,0.00450182512559993
random_sessions,n/a,0.5,12,hgb,15,15,1588,1220,0.8419395465994962,0.6639344262295082,0.7569123186371842,0.9679012345679012,0.4975609756097561,0.7935222672064778,0.7984029581155715,0.18352098690278382,0.16914561485227375,119880.1577862138,119414.63414634146,0.0038832418013873557
random_sessions,n/a,0.5,12,mlp,15,15,1588,1220,0.8419395465994962,0.6639344262295082,0.7923050732039496,0.9753086419753086,0.43902439024390244,0.8144329896907216,0.8674572374785198,0.15785576403141022,0.15501377835075877,105834.93997932631,105365.85365853658,0.004432244407011129
random_sessions,n/a,0.5,12,stratified,15,15,1588,1220,0.8419395465994962,0.6639344262295082,0.48256664800513593,0.8345679012345679,0.8317073170731707,0.6647000983284169,0.6645734315861282,0.38934426229508196,0.3221311475409836,200011.15148092026,199609.75609756095,0.0020068650192116995
random_sessions,n/a,0.5,12,majority,15,15,1588,1220,0.8419395465994962,0.6639344262295082,0.39901477832512317,1.0,1.0,0.6639344262295082,0.6639344262295082,0.3360655737704918,0.33606557377049184,240480.9619238477,240000.0,0.002
random_sessions,n/a,0.5,13,logreg,15,15,1319,1489,0.8718726307808946,0.6695768972464742,0.8090301786630384,0.9578736208625878,0.3821138211382114,0.8355205599300087,0.9054578076703985,0.13632996703564892,0.11676387214062786,92168.01781266376,91707.31707317074,0.004998488091926053
random_sessions,n/a,0.5,13,tree,15,15,1319,1489,0.8718726307808946,0.6695768972464742,0.7873625067975452,0.9638916750250752,0.4349593495934959,0.8178723404255319,0.812517640370922,0.16789791806581597,0.167897918065816,104853.83909683986,104390.24390243902,0.004421346880515029
random_sessions,n/a,0.5,13,rf,15,15,1319,1489,0.8718726307808946,0.6695768972464742,0.6709331843396635,0.9949849548645938,0.6747967479674797,0.7492447129909365,0.9327153429792483,0.1629358965557141,0.16417062356505407,162429.7693902863,161951.21951219512,0.0029461956381981163
random_sessions,n/a,0.5,13,xgboost,15,15,1319,1489,0.8718726307808946,0.6695768972464742,0.7443695762474631,0.9017051153460381,0.43902439024390244,0.8062780269058296,0.8908388622696364,0.17547065019607544,0.1534382295186517,105799.53948555671,105365.85365853658,0.004099127738446759
random_sessions,n/a,0.5,13,hgb,15,15,1319,1489,0.8718726307808946,0.6695768972464742,0.7829194918195913,0.970912738214644,0.4532520325203252,0.8127623845507976,0.8975195902829106,0.16507119211380747,0.16137347754489714,109247.45986333801,108780.48780487805,0.004274443168235701
random_sessions,n/a,0.5,13,mlp,15,15,1319,1489,0.8718726307808946,0.6695768972464742,0.705904835193023,0.9989969909729187,0.6239837398373984,0.7643898695318496,0.9020842447908362,0.18114766478538513,0.20052952958612416,150236.57707567202,149756.0975609756,0.0031981527005529625
random_sessions,n/a,0.5,13,stratified,15,15,1319,1489,0.8718726307808946,0.6695768972464742,0.4661662612749569,0.8635907723169508,0.8739837398373984,0.6669248644461657,0.6672866261922459,0.3801208865010074,0.34922766957689727,210171.4518402463,209756.0975609756,0.0019762640246040325
random_sessions,n/a,0.5,13,majority,15,15,1319,1489,0.8718726307808946,0.6695768972464742,0.4010458567980692,1.0,1.0,0.6695768972464742,0.6695768972464742,0.3304231027535259,0.3304231027535259,240480.9619238477,240000.0,0.002
random_sessions,n/a,0.5,14,logreg,15,15,1751,1057,0.8720731010850943,0.586565752128666,0.8282896486255675,0.8080645161290323,0.13729977116704806,0.893048128342246,0.938329663351511,0.12610109273834258,0.0854364882197032,33340.593344362016,32951.94508009154,0.01165690904946651
random_sessions,n/a,0.5,14,tree,15,15,1751,1057,0.8720731010850943,0.586565752128666,0.8533945524547433,0.9516129032258065,0.2631578947368421,0.8368794326241135,0.8276117089833196,0.1371079854900351,0.1239721246359306,63615.58430953587,63157.8947368421,0.007194613987459166
random_sessions,n/a,0.5,14,rf,15,15,1751,1057,0.8720731010850943,0.586565752128666,0.902582889795166,0.9967741935483871,0.2151029748283753,0.8679775280898876,0.9379957217714961,0.08907839653560007,0.11929314734155645,52104.12439258084,51624.71395881007,0.009201007393553496
random_sessions,n/a,0.5,14,xgboost,15,15,1751,1057,0.8720731010850943,0.586565752128666,0.9193474089376602,0.9774193548387097,0.15331807780320367,0.9004457652303121,0.9187928930409524,0.06740846484899521,0.04933643819160263,37266.44016607808,36796.33867276888,0.012614606901388738
random_sessions,n/a,0.5,14,hgb,15,15,1751,1057,0.8720731010850943,0.586565752128666,0.9157807271154416,0.9870967741935484,0.17391304347826086,0.8895348837209303,0.9242452014937195,0.07494814190864357,0.07115946280207561,42213.88639832259,41739.13043478261,0.011246440544712513
random_sessions,n/a,0.5,14,mlp,15,15,1751,1057,0.8720731010850943,0.586565752128666,0.8888389613369536,0.9790322580645161,0.2219679633867277,0.8622159090909091,0.9662734974419226,0.09847584366798401,0.11258728514613128,53743.18845116231,53272.311212814646,0.00876161708893696
random_sessions,n/a,0.5,14,stratified,15,15,1751,1057,0.8720731010850943,0.586565752128666,0.45170759142389477,0.8612903225806452,0.8627002288329519,0.5861690450054885,0.5862240721225744,0.4380321665089877,0.43424787133396403,207462.30277044827,207048.05491990846,0.0019967379374851726
random_sessions,n/a,0.5,14,majority,15,15,1751,1057,0.8720731010850943,0.586565752128666,0.3697078115682767,1.0,1.0,0.586565752128666,0.586565752128666,0.413434247871334,0.4134342478713339,240480.9619238477,240000.0,0.002
random_sessions,n/a,0.5,15,logreg,15,15,1334,1474,0.7188905547226386,0.8059701492537313,0.670223898272913,0.6952861952861953,0.16433566433566432,0.9461626575028637,0.9598071086448965,0.2119833387791406,0.22983676753907414,39774.96562666903,39440.55944055944,0.008407453805198873
random_sessions,n/a,0.5,15,tree,15,15,1334,1474,0.7188905547226386,0.8059701492537313,0.7457689894706607,0.8712121212121212,0.34265734265734266,0.913503971756399,0.8996549188583282,0.17028493894165536,0.17028493894165536,82656.78209565984,82237.76223776223,0.005069394758347548
random_sessions,n/a,0.5,15,rf,15,15,1334,1474,0.7188905547226386,0.8059701492537313,0.8134141274047656,0.8998316498316499,0.22727272727272727,0.9426807760141094,0.9763704919206678,0.09041637414576344,0.11650656510967046,54978.23930689662,54545.454545454544,0.0078719283647155
random_sessions,n/a,0.5,15,xgboost,15,15,1334,1474,0.7188905547226386,0.8059701492537313,0.7826858798937685,0.877104377104377,0.25524475524475526,0.9345291479820628,0.9752709161906902,0.11077959835529327,0.10215489769775538,61680.59506736862,61258.74125874126,0.006839327801014236
random_sessions,n/a,0.5,15,hgb,15,15,1334,1474,0.7188905547226386,0.8059701492537313,0.8123517100904288,0.9065656565656566,0.24825174825174826,0.9381533101045296,0.975383272550512,0.11277407753838103,0.09986232721843097,60016.44314269565,59580.419580419584,0.007265068362004953
random_sessions,n/a,0.5,15,mlp,15,15,1334,1474,0.7188905547226386,0.8059701492537313,0.7867916513675601,0.8653198653198653,0.21328671328671328,0.9439853076216712,0.9729376613178993,0.10412196069955826,0.12563988408365218,51604.99709597906,51188.81118881119,0.00806483733336552
random_sessions,n/a,0.5,15,stratified,15,15,1334,1474,0.7188905547226386,0.8059701492537313,0.4981083535108959,0.7154882154882155,0.7062937062937062,0.8079847908745247,0.807411601591841,0.36635006784260515,0.3541383989145183,169854.61209910107,169510.4895104895,0.0020259831885565136
random_sessions,n/a,0.5,15,majority,15,15,1334,1474,0.7188905547226386,0.8059701492537313,0.4462809917355372,1.0,1.0,0.8059701492537313,0.8059701492537313,0.19402985074626866,0.19402985074626866,240480.9619238477,240000.0,0.002
random_sessions,n/a,0.5,16,logreg,15,15,1096,1712,0.5018248175182481,0.9328271028037384,0.5018741598884363,0.5967438948027551,0.02608695652173913,0.9968619246861925,0.9892772751925589,0.32914431025221,0.39422287141814005,6547.880656906091,6260.869565217391,0.04383266994733441
random_sessions,n/a,0.5,16,tree,15,15,1096,1712,0.5018248175182481,0.9328271028037384,0.540096901165433,0.6505948653725736,0.0,1.0,0.9765294448118259,0.32593457943925236,0.3259345794392523,312.9113580950254,0.0,1.0
random_sessions,n/a,0.5,16,rf,15,15,1096,1712,0.5018248175182481,0.9328271028037384,0.6246017931140704,0.7664370695053225,0.0,1.0,0.9990775133295211,0.1644704426681522,0.29319366755816867,368.62704745746976,0.0,1.0
random_sessions,n/a,0.5,16,xgboost,15,15,1096,1712,0.5018248175182481,0.9328271028037384,0.6282429777014135,0.7708202880400752,0.0,1.0,0.9993898917264017,0.18848775327205658,0.23948341477356713,370.73520867658925,0.0,1.0
random_sessions,n/a,0.5,16,hgb,15,15,1096,1712,0.5018248175182481,0.9328271028037384,0.6235696967742503,0.765184721352536,0.0,1.0,0.9987854270427678,0.19536137224047673,0.21594114161567915,368.0247156805784,0.0,1.0
random_sessions,n/a,0.5,16,mlp,15,15,1096,1712,0.5018248175182481,0.9328271028037384,0.6041307471264368,0.7426424546023794,0.008695652173913044,0.9991575400168492,0.9982686752184884,0.20206895470619202,0.24213616277490055,2444.139265435666,2086.9565217391305,0.14613845812622617
random_sessions,n/a,0.5,16,stratified,15,15,1096,1712,0.5018248175182481,0.9328271028037384,0.3875887510765412,0.5084533500313086,0.5130434782608696,0.9322617680826636,0.932539656470919,0.4929906542056075,0.4824766355140187,123374.98148402656,123130.4347826087,0.0019821417476729307
random_sessions,n/a,0.5,16,majority,15,15,1096,1712,0.5018248175182481,0.9328271028037384,0.48262314898760955,1.0,1.0,0.9328271028037384,0.9328271028037384,0.06717289719626168,0.06717289719626168,240480.9619238477,240000.0,0.002
random_sessions,n/a,0.5,17,logreg,15,15,1604,1204,0.7082294264339152,0.8397009966777409,0.6572195691658043,0.8051434223541049,0.39896373056994816,0.9135802469135802,0.957888510261927,0.16412092251668856,0.16039581135986233,96138.5386661763,95751.29533678756,0.004027971870192247
random_sessions,n/a,0.5,17,tree,15,15,1604,1204,0.7082294264339152,0.8397009966777409,0.739237514155059,0.9050445103857567,0.40932642487046633,0.920523138832998,0.9128486327529736,0.14534883720930233,0.14534883720930233,98673.63391779485,98238.34196891192,0.004411431216221057
random_sessions,n/a,0.5,17,rf,15,15,1604,1204,0.7082294264339152,0.8397009966777409,0.7955197771776974,0.9624134520276953,0.42487046632124353,0.9222748815165877,0.9661442844132618,0.08739154929641077,0.06442095305545532,102431.7961425226,101968.91191709845,0.004518950588156137
random_sessions,n/a,0.5,17,xgboost,15,15,1604,1204,0.7082294264339152,0.8397009966777409,0.7603135496616357,0.9198813056379822,0.39378238341968913,0.9244532803180915,0.9682780972774527,0.10717474669218063,0.10454336156269174,94950.19990319657,94507.77202072539,0.004659578209653449
random_sessions,n/a,0.5,17,hgb,15,15,1604,1204,0.7082294264339152,0.8397009966777409,0.7797895192157502,0.9416419386745796,0.40414507772020725,0.9242718446601942,0.9632737191322641,0.10626741231641326,0.09391976870804986,97447.71257125035,96994.81865284975,0.004647558228413615
random_sessions,n/a,0.5,17,mlp,15,15,1604,1204,0.7082294264339152,0.8397009966777409,0.617769396726369,0.7438180019782393,0.38341968911917096,0.910411622276029,0.9364283705793459,0.23238420486450195,0.23137985124200777,92378.47352582503,92020.72538860103,0.0038726352966201804
random_sessions,n/a,0.5,17,stratified,15,15,1604,1204,0.7082294264339152,0.8397009966777409,0.5062475472882819,0.7131552917903067,0.6632124352331606,0.8492343934040048,0.8464997890018123,0.34717607973421927,0.3471760797342193,159513.9849971002,159170.98445595856,0.002150285074677721
random_sessions,n/a,0.5,17,majority,15,15,1604,1204,0.7082294264339152,0.8397009966777409,0.4564334085778781,1.0,1.0,0.8397009966777409,0.8397009966777409,0.16029900332225913,0.16029900332225916,240480.9619238477,240000.0,0.002
random_sessions,n/a,0.5,18,logreg,15,15,1610,1198,0.8944099378881988,0.5901502504173622,0.7322219459049784,0.8387553041018387,0.38289205702647655,0.7592829705505761,0.73908555328629,0.23010568204084714,0.20148785338659736,92297.50305105266,91894.09368635438,0.004370750576807487
random_sessions,n/a,0.5,18,tree,15,15,1610,1198,0.8944099378881988,0.5901502504173622,0.7494103618204337,1.0,0.5173116089613035,0.7356919875130072,0.7356919875130072,0.21202003338898165,0.21202003338898165,124635.74807456053,124154.78615071283,0.0038589404025558605
random_sessions,n/a,0.5,18,rf,15,15,1610,1198,0.8944099378881988,0.5901502504173622,0.7703079047851166,1.0,0.48065173116089616,0.7497348886532343,0.8458892771398296,0.1732844872976865,0.1798189968533228,115837.37740246278,115356.41547861508,0.00415204431102279
random_sessions,n/a,0.5,18,xgboost,15,15,1610,1198,0.8944099378881988,0.5901502504173622,0.7916463294903082,1.0,0.4419551934826884,0.7651515151515151,0.8660397097484491,0.174950510263443,0.18148998201132646,106550.20835969292,106069.24643584521,0.004513946347472741
random_sessions,n/a,0.5,18,hgb,15,15,1610,1198,0.8944099378881988,0.5901502504173622,0.7894330482295449,1.0,0.4460285132382892,0.7634989200863931,0.8591719981824111,0.18005744455758216,0.18189695490896923,107527.80510103711,107046.84317718941,0.004472907480960536
random_sessions,n/a,0.5,18,mlp,15,15,1610,1198,0.8944099378881988,0.5901502504173622,0.7987876858171976,0.9971711456859972,0.4256619144602851,0.7713347921225383,0.8211806095950347,0.17088909447193146,0.1703542403982022,102638.46082310297,102158.85947046842,0.004672725494794188
random_sessions,n/a,0.5,18,stratified,15,15,1610,1198,0.8944099378881988,0.5901502504173622,0.4429526300494042,0.8939179632248939,0.890020366598778,0.5912067352666043,0.5910946612019746,0.4273789649415693,0.4273789649415693,214034.82848706137,213604.88798370672,0.0020087408502333943
random_sessions,n/a,0.5,18,majority,15,15,1610,1198,0.8944099378881988,0.5901502504173622,0.3711286089238845,1.0,1.0,0.5901502504173622,0.5901502504173622,0.40984974958263776,0.40984974958263776,240480.9619238477,240000.0,0.002
random_sessions,n/a,0.5,19,logreg,15,15,1326,1482,0.6923076923076923,0.8292847503373819,0.6157898598576564,0.6517493897477624,0.19367588932806323,0.9423529411764706,0.9438138272764445,0.2773723205405998,0.26866995087748635,46795.68007909482,46482.213438735176,0.0066986234590419216
random_sessions,n/a,0.5,19,tree,15,15,1326,1482,0.6923076923076923,0.8292847503373819,0.5105777746018054,0.5378356387306753,0.31225296442687744,0.8932432432432432,0.8636839072216571,0.4365721997300945,0.4365721997300945,75199.38992596835,74940.71146245059,0.003439901091916054
random_sessions,n/a,0.5,19,rf,15,15,1326,1482,0.6923076923076923,0.8292847503373819,0.5773215801747689,0.6476810414971521,0.3241106719367589,0.9066059225512528,0.9322487907957846,0.2603556813236311,0.2768819122166678,78098.07118458029,77786.56126482214,0.003988701833902064
random_sessions,n/a,0.5,19,xgboost,15,15,1326,1482,0.6923076923076923,0.8292847503373819,0.5275074478649453,0.5711960943856794,0.32806324110671936,0.8942675159235669,0.9182728188500311,0.3476294279098511,0.36229129039012237,79009.90143806266,78735.17786561264,0.003477077776959222
random_sessions,n/a,0.5,19,hgb,15,15,1326,1482,0.6923076923076923,0.8292847503373819,0.544449173964719,0.5980471928397071,0.32806324110671936,0.8985330073349633,0.9236012653882972,0.3649196710573223,0.3681169350536872,79022.81579403253,78735.17786561264,0.0036399351950404733
random_sessions,n/a,0.5,19,mlp,15,15,1326,1482,0.6923076923076923,0.8292847503373819,0.655810629745422,0.7575264442636289,0.31225296442687744,0.9217821782178218,0.944883897075828,0.209586039185524,0.21187614613949782,75305.05283844913,74940.71146245059,0.004838206232723259
random_sessions,n/a,0.5,19,stratified,15,15,1326,1482,0.6923076923076923,0.8292847503373819,0.4940296697522131,0.6916192026037429,0.6719367588932806,0.8333333333333334,0.8320848280807169,0.37044534412955465,0.35829959514170046,161597.46463664167,161264.82213438736,0.0020584636213338194
random_sessions,n/a,0.5,19,majority,15,15,1326,1482,0.6923076923076923,0.8292847503373819,0.4533382515676872,1.0,1.0,0.8292847503373819,0.8292847503373819,0.17071524966261808,0.17071524966261808,240480.9619238477,240000.0,0.002
temporal,forward,0.6,0,logreg,18,12,1425,1383,0.6385964912280702,0.8944323933477947,0.4570786556771351,0.7388843977364592,0.815068493150685,0.8848015488867377,0.9155667137909637,0.27596402782985097,0.28705906657792885,195971.81361760077,195616.4383561644,0.0018133998705028873
temporal,forward,0.6,0,tree,18,12,1425,1383,0.6385964912280702,0.8944323933477947,0.48494138643392376,0.7089733225545675,0.6643835616438356,0.9004106776180698,0.8986708374100674,0.3304410701373825,0.3188720173535791,159793.04396769308,159452.05479452055,0.002133942534078508
temporal,forward,0.6,0,rf,18,12,1425,1383,0.6385964912280702,0.8944323933477947,0.5346574805058559,0.9151172190784155,0.8493150684931506,0.9012738853503185,0.9385119400398171,0.12512554324609187,0.15016298780857545,204275.75297659024,203835.61643835614,0.002154619585637003
temporal,forward,0.6,0,xgboost,18,12,1425,1383,0.6385964912280702,0.8944323933477947,0.47011494252873565,0.8601455133387227,0.9246575342465754,0.8874061718098415,0.884283300073015,0.20085178315639496,0.2013380326194634,222331.50546006244,221917.80821917808,0.0018607225279580015
temporal,forward,0.6,0,hgb,18,12,1425,1383,0.6385964912280702,0.8944323933477947,0.46186463402805905,0.8326596604688763,0.9178082191780822,0.8848797250859106,0.8844780356452007,0.23560760517980434,0.2396305441204956,220674.4501949492,220273.97260273973,0.0018147891242311373
temporal,forward,0.6,0,mlp,18,12,1425,1383,0.6385964912280702,0.8944323933477947,0.5408000296788196,0.9603880355699272,0.8904109589041096,0.9013657056145675,0.9064134103491983,0.11121576279401779,0.11071558549746989,214160.5402142143,213698.6301369863,0.002156840269295152
temporal,forward,0.6,0,stratified,18,12,1425,1383,0.6385964912280702,0.8944323933477947,0.44536378411465477,0.6329830234438156,0.6643835616438356,0.8897727272727273,0.89148290382736,0.39840925524222703,0.38394793926247284,159756.49552723902,159452.05479452055,0.001905654801163063
temporal,forward,0.6,0,majority,18,12,1425,1383,0.6385964912280702,0.8944323933477947,0.4721374045801527,1.0,1.0,0.8944323933477947,0.8944323933477947,0.10556760665220535,0.10556760665220535,240480.9619238477,240000.0,0.002
temporal,reverse,0.6,0,logreg,12,18,1383,1425,0.8944323933477947,0.6385964912280702,0.5437288445704876,0.35274725274725277,0.10679611650485436,0.8537234042553191,0.8384504045721166,0.3685187884492187,0.3685092216107245,25800.725958478357,25631.06796116505,0.006575706341997589
temporal,reverse,0.6,0,tree,12,18,1383,1425,0.8944323933477947,0.6385964912280702,0.36217990069344486,0.8824175824175824,0.9980582524271845,0.6097190584662111,0.6131145368239242,0.4357894736842105,0.407719298245614,239958.38984060087,239533.98058252427,0.0017686785544715421
temporal,reverse,0.6,0,rf,12,18,1383,1425,0.8944323933477947,0.6385964912280702,0.383271904841682,0.9494505494505494,0.9941747572815534,0.627906976744186,0.7016680132582863,0.2570601949725454,0.1637444272841562,239058.59131043477,238601.9417475728,0.001910199337989888
temporal,reverse,0.6,0,xgboost,12,18,1383,1425,0.8944323933477947,0.6385964912280702,0.4205719733970209,0.5307692307692308,0.6912621359223301,0.5756853396901073,0.5892686563155196,0.4106203317642212,0.3914669251170728,166158.19241170917,165902.91262135922,0.001536365957312503
temporal,reverse,0.6,0,hgb,12,18,1383,1425,0.8944323933477947,0.6385964912280702,0.5341864874794737,0.7032967032967034,0.6349514563106796,0.6618407445708376,0.6799118069904111,0.36448800493937555,0.374623901285785,152726.6084500164,152388.3495145631,0.0022148002819300998
temporal,reverse,0.6,0,mlp,12,18,1383,1425,0.8944323933477947,0.6385964912280702,0.6968896549520256,0.6406593406593407,0.19223300970873786,0.8548387096774194,0.8326484577807397,0.19608326256275177,0.12884103784435674,46444.0550791116,46135.922330097084,0.006634492799770546
temporal,reverse,0.6,0,stratified,12,18,1383,1425,0.8944323933477947,0.6385964912280702,0.45333382833382835,0.8934065934065935,0.8951456310679612,0.6381475667189953,0.638195419111721,0.391578947368421,0.38736842105263164,215264.64601025375,214834.9514563107,0.001996122270456725
temporal,reverse,0.6,0,majority,12,18,1383,1425,0.8944323933477947,0.6385964912280702,0.3897216274089936,1.0,1.0,0.6385964912280702,0.6385964912280702,0.36140350877192984,0.36140350877192984,240480.9619238477,240000.0,0.002
random_sessions,n/a,0.6,0,logreg,18,12,1677,1131,0.793082886106142,0.7223695844385499,0.6935226523357261,0.806609547123623,0.40764331210191085,0.8373570520965693,0.8250825905905477,0.23152598715236083,0.21825331474662923,98222.3433840371,97834.3949044586,0.00394969684302548
random_sessions,n/a,0.6,0,tree,18,12,1677,1131,0.793082886106142,0.7223695844385499,0.7981589952451699,0.9828641370869033,0.4554140127388535,0.8488372093023255,0.846670077419715,0.138815207780725,0.11405835543766579,109772.08328357906,109299.36305732484,0.0043063792916549016
random_sessions,n/a,0.6,0,rf,18,12,1677,1131,0.793082886106142,0.7223695844385499,0.8026841299819567,1.0,0.4745222929936306,0.8457556935817805,0.9101731897280735,0.11716651948780889,0.10822496875590049,114366.31224231904,113885.35031847133,0.0042054510145315745
random_sessions,n/a,0.6,0,xgboost,18,12,1677,1131,0.793082886106142,0.7223695844385499,0.8126645178619394,0.981640146878825,0.42356687898089174,0.8577540106951872,0.8128584758946127,0.12263475358486176,0.11145842534161683,102128.18248898299,101656.05095541402,0.004622930929177211
random_sessions,n/a,0.6,0,hgb,18,12,1677,1131,0.793082886106142,0.7223695844385499,0.8181755546369023,0.9975520195838433,0.4394904458598726,0.8551941238195173,0.8261102349118485,0.12325001205958207,0.12139598146183006,105957.49154484662,105477.70700636943,0.004528085097919951
random_sessions,n/a,0.6,0,mlp,18,12,1677,1131,0.793082886106142,0.7223695844385499,0.7624924715250425,0.9290085679314566,0.4426751592356688,0.8452115812917594,0.8384673191875143,0.15307064354419708,0.14788849508924248,106688.85596466382,106242.03821656051,0.004188045171759039
random_sessions,n/a,0.6,0,stratified,18,12,1677,1131,0.793082886106142,0.7223695844385499,0.48671296271921743,0.7796817625458996,0.7993630573248408,0.7173423423423423,0.7184499354602338,0.381078691423519,0.3687002652519894,192222.13099846483,191847.1337579618,0.0019508536220838838
random_sessions,n/a,0.6,0,majority,18,12,1677,1131,0.793082886106142,0.7223695844385499,0.41940451745379875,1.0,1.0,0.7223695844385499,0.7223695844385499,0.27763041556145,0.2776304155614501,240480.9619238477,240000.0,0.002
random_sessions,n/a,0.6,1,logreg,18,12,1409,1399,0.71611071682044,0.8134381701215153,0.6210685486020914,0.773286467486819,0.47126436781609193,0.8773678963110668,0.8513898016258313,0.23300249723573133,0.24689235870286333,113475.3696229499,113103.44827586206,0.003277551316410335
random_sessions,n/a,0.6,1,tree,18,12,1409,1399,0.71611071682044,0.8134381701215153,0.7726259577432087,0.9630931458699473,0.4827586206896552,0.8968903436988543,0.8938103865017997,0.12008577555396711,0.09864188706218728,116325.28009779939,115862.06896551725,0.003982033242410408
random_sessions,n/a,0.6,1,rf,18,12,1409,1399,0.71611071682044,0.8134381701215153,0.726172415045244,0.9173989455184535,0.48659003831417624,0.8915456874466268,0.9154629190227648,0.11987586018618075,0.11463293465645527,117222.8431571747,116781.6091954023,0.0037640612519591193
random_sessions,n/a,0.6,1,xgboost,18,12,1409,1399,0.71611071682044,0.8134381701215153,0.7295215041090739,0.9173989455184535,0.4789272030651341,0.893071000855432,0.8596020995802887,0.13452959060668945,0.15043285717543242,115383.76269740459,114942.52873563218,0.0038240559282985446
random_sessions,n/a,0.6,1,hgb,18,12,1409,1399,0.71611071682044,0.8134381701215153,0.7776223553909491,0.9727592267135325,0.4942528735632184,0.8956310679611651,0.8602972722545941,0.10697608398710033,0.10840834951132358,119088.54980429316,118620.68965517242,0.003928674502205339
random_sessions,n/a,0.6,1,mlp,18,12,1409,1399,0.71611071682044,0.8134381701215153,0.6936585275122358,0.8875219683655536,0.5019157088122606,0.8851884312007011,0.886487451786021,0.15414240956306458,0.1727467552702002,120886.63438830472,120459.77011494253,0.003531112231903509
random_sessions,n/a,0.6,1,stratified,18,12,1409,1399,0.71611071682044,0.8134381701215153,0.49146412528146466,0.7126537785588752,0.7164750957854407,0.812625250501002,0.8128588398822918,0.3674052894924946,0.3402430307362402,172296.78232087876,171954.02298850575,0.001989354227954557
random_sessions,n/a,0.6,1,majority,18,12,1409,1399,0.71611071682044,0.8134381701215153,0.44856129286558927,1.0,1.0,0.8134381701215153,0.8134381701215153,0.18656182987848463,0.18656182987848463,240480.9619238477,240000.0,0.002
random_sessions,n/a,0.6,2,logreg,18,12,1812,996,0.7588300220750552,0.7751004016064257,0.6767328968164371,0.9481865284974094,0.6428571428571429,0.8356164383561644,0.8763798443398928,0.16663376321347148,0.14242573541930148,154741.75590262687,154285.7142857143,0.002947114140281253
random_sessions,n/a,0.6,2,tree,18,12,1812,996,0.7588300220750552,0.7751004016064257,0.7187095353211685,0.966321243523316,0.59375,0.8486916951080774,0.8462132318554311,0.15963855421686746,0.15963855421686746,142964.76372433986,142500.0,0.003250897019883964
random_sessions,n/a,0.6,2,rf,18,12,1812,996,0.7588300220750552,0.7751004016064257,0.684091225901077,1.0,0.7008928571428571,0.8310010764262648,0.9259923452490199,0.1322631711933147,0.12743336038130787,168695.2476381334,168214.2857142857,0.0028510697875698448
random_sessions,n/a,0.6,2,xgboost,18,12,1812,996,0.7588300220750552,0.7751004016064257,0.6927477704862863,1.0,0.6875,0.8336933045356372,0.8346637336208391,0.1478155255317688,0.1500042430076963,165480.9619238477,165000.0,0.0029064486830154405
random_sessions,n/a,0.6,2,hgb,18,12,1812,996,0.7588300220750552,0.7751004016064257,0.6927477704862863,1.0,0.6875,0.8336933045356372,0.8728422109135755,0.1523190325640478,0.15312416116017208,165480.9619238477,165000.0,0.0029064486830154405
random_sessions,n/a,0.6,2,mlp,18,12,1812,996,0.7588300220750552,0.7751004016064257,0.6642327793210603,0.9689119170984456,0.6919642857142857,0.8283499446290143,0.8614995858586942,0.1588723361492157,0.1369113008375747,166537.4383111152,166071.42857142858,0.0027982281006151653
random_sessions,n/a,0.6,2,stratified,18,12,1812,996,0.7588300220750552,0.7751004016064257,0.5025419962547693,0.7435233160621761,0.7366071428571429,0.7767253044654939,0.776308554768479,0.3644578313253012,0.3142570281124498,177143.32069023317,176785.7142857143,0.0020187405493217615
random_sessions,n/a,0.6,2,majority,18,12,1812,996,0.7588300220750552,0.7751004016064257,0.43665158371040724,1.0,1.0,0.7751004016064257,0.7751004016064257,0.2248995983935743,0.22489959839357432,240480.9619238477,240000.0,0.002
random_sessions,n/a,0.6,3,logreg,18,12,1669,1139,0.6692630317555422,0.9043020193151887,0.46609297613198075,0.47766990291262135,0.009174311926605505,0.9979716024340771,0.9803532663696111,0.3853386228129449,0.47400006937716116,2431.5758978543176,2201.8348623853212,0.0944823625171336
random_sessions,n/a,0.6,3,tree,18,12,1669,1139,0.6692630317555422,0.9043020193151887,0.5658374792703151,0.6262135922330098,0.0,1.0,0.9642293955692696,0.33801580333625986,0.3380158033362599,301.1848940599646,0.0,1.0
random_sessions,n/a,0.6,3,rf,18,12,1669,1139,0.6692630317555422,0.9043020193151887,0.7369683951042405,0.8359223300970874,0.0,1.0,0.9992991379078182,0.12903046271232205,0.26438637128710984,402.04681207074344,0.0,1.0
random_sessions,n/a,0.6,3,xgboost,18,12,1669,1139,0.6692630317555422,0.9043020193151887,0.6566070328969347,0.7485436893203884,0.0,1.0,0.9977592339016924,0.1747482419013977,0.24771346611710174,360.0210128995856,0.0,1.0
random_sessions,n/a,0.6,3,hgb,18,12,1669,1139,0.6692630317555422,0.9043020193151887,0.7452082126268373,0.8436893203883495,0.0,1.0,0.9981533273375841,0.12793616090391108,0.15206297800399804,405.78243866373526,0.0,1.0
random_sessions,n/a,0.6,3,mlp,18,12,1669,1139,0.6692630317555422,0.9043020193151887,0.6690649997287408,0.7679611650485437,0.01834862385321101,0.9974779319041615,0.9879101583518711,0.18923473358154297,0.2508485389305771,4773.029804152708,4403.6697247706425,0.0773848256846644
random_sessions,n/a,0.6,3,stratified,18,12,1669,1139,0.6692630317555422,0.9043020193151887,0.46267697826375315,0.6728155339805825,0.6605504587155964,0.9058823529411765,0.9053652923276252,0.35908691834942935,0.34328358208955223,158855.70874536104,158532.11009174312,0.002037060274217972
random_sessions,n/a,0.6,3,majority,18,12,1669,1139,0.6692630317555422,0.9043020193151887,0.47487321346242506,1.0,1.0,0.9043020193151887,0.9043020193151887,0.09569798068481124,0.09569798068481124,240480.9619238477,240000.0,0.002
random_sessions,n/a,0.6,4,logreg,18,12,1690,1118,0.7088757396449704,0.8488372093023255,0.7000280694802192,0.7312961011591148,0.029585798816568046,0.9928469241773963,0.9821222713568312,0.1647817130986435,0.22032446481364384,7452.317295692138,7100.591715976331,0.04719680681324774
random_sessions,n/a,0.6,4,tree,18,12,1690,1118,0.7088757396449704,0.8488372093023255,0.8374679676719889,0.8756585879873551,0.0,1.0,0.9812042051608793,0.10554561717352415,0.10554561717352415,421.1584391121548,0.0,1.0
random_sessions,n/a,0.6,4,rf,18,12,1690,1118,0.7088757396449704,0.8488372093023255,0.8810518006155075,0.9146469968387777,0.0,1.0,0.9997102850294121,0.0685006317609986,0.16963806086376074,439.9103792410955,0.0,1.0
random_sessions,n/a,0.6,4,xgboost,18,12,1690,1118,0.7088757396449704,0.8488372093023255,0.7993445588125606,0.8377239199157007,0.0,1.0,0.999948757691461,0.08688244968652725,0.13348679160346255,402.9133081758881,0.0,1.0
random_sessions,n/a,0.6,4,hgb,18,12,1690,1118,0.7088757396449704,0.8488372093023255,0.8044268182581304,0.8429926238145417,0.0,1.0,0.9997989529948166,0.11503854367392259,0.1297332034129221,405.4473541392585,0.0,1.0
random_sessions,n/a,0.6,4,mlp,18,12,1690,1118,0.7088757396449704,0.8488372093023255,0.7828710079349466,0.8640674394099052,0.14792899408284024,0.9704142011834319,0.9892517367933318,0.0940329059958458,0.08872668663782132,35918.54211787439,35502.958579881655,0.011570167203026047
random_sessions,n/a,0.6,4,stratified,18,12,1690,1118,0.7088757396449704,0.8488372093023255,0.5005086330144067,0.7070600632244468,0.6627218934911243,0.8569604086845466,0.8545807991711035,0.3488372093023256,0.3488372093023256,159393.32340615412,159053.25443786982,0.002133520783789449
random_sessions,n/a,0.6,4,majority,18,12,1690,1118,0.7088757396449704,0.8488372093023255,0.4591194968553459,1.0,1.0,0.8488372093023255,0.8488372093023255,0.1511627906976744,0.1511627906976744,240480.9619238477,240000.0,0.002
random_sessions,n/a,0.6,5,logreg,18,12,1985,823,0.856926952141058,0.5419198055893074,0.7721308126999977,0.8609865470852018,0.3209549071618037,0.7603960396039604,0.8453433159341295,0.20614865623533096,0.19510440160679052,77443.27946492597,77029.17771883289,0.00534716180608841
random_sessions,n/a,0.6,5,tree,18,12,1985,823,0.856926952141058,0.5419198055893074,0.7867957355161604,0.9103139013452914,0.3421750663129973,0.7588785046728972,0.7398261396444652,0.20532850704455483,0.17646635443680744,82559.84224041569,82122.01591511935,0.005303139073611293
random_sessions,n/a,0.6,5,rf,18,12,1985,823,0.856926952141058,0.5419198055893074,0.7931544848642812,0.9439461883408071,0.363395225464191,0.7544802867383512,0.7737796992713653,0.16544446543533417,0.13408227980053916,87668.85628615895,87214.85411140585,0.005178602687266618
random_sessions,n/a,0.6,5,xgboost,18,12,1985,823,0.856926952141058,0.5419198055893074,0.7981937883715873,0.9349775784753364,0.3448275862068966,0.7623400365630713,0.7262273064675199,0.17814387381076813,0.16544466576815375,83208.30930455313,82758.62068965517,0.00540437149434246
random_sessions,n/a,0.6,5,hgb,18,12,1985,823,0.856926952141058,0.5419198055893074,0.7980109208636017,0.9641255605381166,0.3740053050397878,0.7530647985989493,0.6947307839360419,0.17469660005729537,0.16891301730093777,90224.98089397622,89761.27320954906,0.005139460045683527
random_sessions,n/a,0.6,5,mlp,18,12,1985,823,0.856926952141058,0.5419198055893074,0.781320411313423,0.9103139013452914,0.35278514588859416,0.7532467532467533,0.8411731825884963,0.18975968658924103,0.15527116648291542,85106.26133855894,84668.4350132626,0.005144466675073734
random_sessions,n/a,0.6,5,stratified,18,12,1985,823,0.856926952141058,0.5419198055893074,0.44396539715264816,0.8475336322869955,0.8488063660477454,0.5415472779369628,0.5416040758749884,0.47144592952612396,0.4374240583232078,204121.1592577693,203713.5278514589,0.001997007109858765
random_sessions,n/a,0.6,5,majority,18,12,1985,823,0.856926952141058,0.5419198055893074,0.35145784081954295,1.0,1.0,0.5419198055893074,0.5419198055893074,0.4580801944106926,0.4580801944106926,240480.9619238477,240000.0,0.002
random_sessions,n/a,0.6,6,logreg,18,12,1177,1631,0.6584536958368734,0.8412017167381974,0.7236258023937695,0.9278425655976676,0.5019305019305019,0.9073414112615823,0.9172338879090691,0.11616597055036659,0.11590905419520085,120909.5774086981,120463.32046332046,0.0036908320659264212
random_sessions,n/a,0.6,6,tree,18,12,1177,1631,0.6584536958368734,0.8412017167381974,0.6956937139994991,0.8615160349854227,0.416988416988417,0.9162790697674419,0.9058820602371529,0.18270999386879216,0.18270999386879216,100491.5764868323,100077.22007722007,0.004123294947676751
random_sessions,n/a,0.6,6,rf,18,12,1177,1631,0.6584536958368734,0.8412017167381974,0.6916415100955136,0.8943148688046647,0.5019305019305019,0.9042004421518055,0.9594818508530556,0.11073305899146778,0.07962584897694867,120893.45186314634,120463.32046332046,0.003557937946157809
random_sessions,n/a,0.6,6,xgboost,18,12,1177,1631,0.6584536958368734,0.8412017167381974,0.6800806822510428,0.8811953352769679,0.5019305019305019,0.9029126213592233,0.9271212260291735,0.13969042897224426,0.1513108173027933,120887.14186706088,120463.32046332046,0.003505926248190235
random_sessions,n/a,0.6,6,hgb,18,12,1177,1631,0.6584536958368734,0.8412017167381974,0.7357269841414739,0.9395043731778425,0.5019305019305019,0.9083861874559549,0.9481972568734092,0.11859185904576235,0.11981493150843894,120915.18629410739,120463.32046332046,0.0037370477988417842
random_sessions,n/a,0.6,6,mlp,18,12,1177,1631,0.6584536958368734,0.8412017167381974,0.7358828372349249,0.9380466472303207,0.4980694980694981,0.9088983050847458,0.9152798161539094,0.11505033075809479,0.12410355887788613,119987.84425679031,119536.67953667954,0.0037600868896787713
random_sessions,n/a,0.6,6,stratified,18,12,1177,1631,0.6584536958368734,0.8412017167381974,0.48067873269133854,0.6603498542274052,0.6525096525096525,0.8427906976744186,0.8422510000678012,0.3893316983445739,0.36358062538320046,156919.91973861837,156602.3166023166,0.002023982275996507
random_sessions,n/a,0.6,6,majority,18,12,1177,1631,0.6584536958368734,0.8412017167381974,0.4568764568764569,1.0,1.0,0.8412017167381974,0.8412017167381974,0.15879828326180256,0.15879828326180256,240480.9619238477,240000.0,0.002
random_sessions,n/a,0.6,7,logreg,18,12,1705,1103,0.7982404692082111,0.7126019945602902,0.6430465954363596,0.573791348600509,0.15141955835962145,0.9038076152304609,0.9080638639778864,0.2853729540494409,0.2783792925585432,36616.66579721921,36340.694006309146,0.007536780995800623
random_sessions,n/a,0.6,7,tree,18,12,1705,1103,0.7982404692082111,0.7126019945602902,0.7452398481370808,0.7480916030534351,0.1829652996845426,0.9102167182662538,0.8604359100044462,0.23209428830462375,0.23209428830462375,44271.4755009091,43911.67192429022,0.008127209959638644
random_sessions,n/a,0.6,7,rf,18,12,1705,1103,0.7982404692082111,0.7126019945602902,0.8156161491691861,0.8524173027989822,0.1861198738170347,0.9190672153635117,0.9585543974126977,0.10905472172243519,0.12421914550792879,45078.74998196359,44668.76971608833,0.009094756754331003
random_sessions,n/a,0.6,7,xgboost,18,12,1705,1103,0.7982404692082111,0.7126019945602902,0.7631531023010512,0.7646310432569975,0.1640378548895899,0.9203675344563553,0.9498039978730126,0.17217165231704712,0.181881234656571,39736.843591100136,39369.08517350158,0.009254847249138902
random_sessions,n/a,0.6,7,hgb,18,12,1705,1103,0.7982404692082111,0.7126019945602902,0.769660600786194,0.7862595419847328,0.1861198738170347,0.912850812407681,0.9467338669546194,0.19150746047778183,0.19620982350027108,45046.93061804492,44668.76971608833,0.008394820618590627
random_sessions,n/a,0.6,7,mlp,18,12,1705,1103,0.7982404692082111,0.7126019945602902,0.856930475734355,0.9134860050890585,0.19558359621451105,0.9205128205128205,0.9608107963190103,0.08977900445461273,0.06869286601035217,47379.41507789824,46940.063091482654,0.009273056361992323
random_sessions,n/a,0.6,7,stratified,18,12,1705,1103,0.7982404692082111,0.7126019945602902,0.47914294540800567,0.7837150127226463,0.8138801261829653,0.7048054919908466,0.7064917584498865,0.38803263825929285,0.38440616500453306,195708.1673641791,195331.2302839117,0.0019260160950053263
random_sessions,n/a,0.6,7,majority,18,12,1705,1103,0.7982404692082111,0.7126019945602902,0.41609317098994175,1.0,1.0,0.7126019945602902,0.7126019945602902,0.2873980054397099,0.2873980054397099,240480.9619238477,240000.0,0.002
random_sessions,n/a,0.6,8,logreg,18,12,1423,1385,0.6317638791286015,0.9010830324909748,0.5929036321646022,0.7131410256410257,0.19708029197080293,0.9705561613958561,0.9814956403302317,0.22540397297842546,0.2757889142112094,47642.26375265973,47299.2700729927,0.007199357306943208
random_sessions,n/a,0.6,8,tree,18,12,1423,1385,0.6317638791286015,0.9010830324909748,0.7355327749266233,0.8814102564102564,0.21897810218978103,0.9734513274336283,0.9648070697857781,0.12898166094763272,0.1295200057850734,52978.66929816961,52554.744525547445,0.008001801068959915
random_sessions,n/a,0.6,8,rf,18,12,1423,1385,0.6317638791286015,0.9010830324909748,0.7370253164556962,0.8774038461538461,0.19708029197080293,0.9759358288770054,0.9902637833304754,0.0938499474546515,0.16019566253349973,47721.26791483022,47299.2700729927,0.008842972122842067
random_sessions,n/a,0.6,8,xgboost,18,12,1423,1385,0.6317638791286015,0.9010830324909748,0.7316259880345883,0.8637820512820513,0.16058394160583941,0.98,0.9913875258019795,0.11475451290607452,0.13009661482876106,38955.59226257118,38540.14598540146,0.01066461201178779
random_sessions,n/a,0.6,8,hgb,18,12,1423,1385,0.6317638791286015,0.9010830324909748,0.7650245104373004,0.9006410256410257,0.19708029197080293,0.9765421372719374,0.992422301991718,0.09717441307163965,0.10362288766989286,47732.44411338117,47299.2700729927,0.009075044205981368
random_sessions,n/a,0.6,8,mlp,18,12,1423,1385,0.6317638791286015,0.9010830324909748,0.7818634944458341,0.9118589743589743,0.1897810218978102,0.9776632302405498,0.9895597958402811,0.08139650523662567,0.10162079896904681,45986.014702059925,45547.44525547445,0.009537017926579168
random_sessions,n/a,0.6,8,stratified,18,12,1423,1385,0.6317638791286015,0.9010830324909748,0.45853575435303784,0.6354166666666666,0.5985401459854015,0.9062857142857143,0.9043889032147154,0.3877256317689531,0.37617328519855603,143955.24625894125,143649.63503649636,0.0021229599503110007
random_sessions,n/a,0.6,8,majority,18,12,1423,1385,0.6317638791286015,0.9010830324909748,0.4739840486137486,1.0,1.0,0.9010830324909748,0.9010830324909748,0.09891696750902527,0.09891696750902526,240480.9619238477,240000.0,0.002
random_sessions,n/a,0.6,9,logreg,18,12,1850,958,0.7464864864864865,0.7995824634655533,0.8312171524128046,0.8733681462140992,0.109375,0.9695652173913043,0.9848062270064314,0.09687369382553736,0.12356432829054681,26670.05682383043,26250.0,0.015750128565721545
random_sessions,n/a,0.6,9,tree,18,12,1850,958,0.7464864864864865,0.7995824634655533,0.9048602697280871,0.9516971279373369,0.11979166666666667,0.9694148936170213,0.9612114994713238,0.06263048016701461,0.06263048016701463,29207.730081573067,28750.0,0.01567153901705789
random_sessions,n/a,0.6,9,rf,18,12,1850,958,0.7464864864864865,0.7995824634655533,0.959128821007274,0.9986945169712794,0.11979166666666667,0.9708121827411168,0.9940390146444295,0.03539207795415972,0.06330706211611224,29230.33403621865,28750.0,0.016432724840690506
random_sessions,n/a,0.6,9,xgboost,18,12,1850,958,0.7464864864864865,0.7995824634655533,0.9486082630326628,0.9856396866840731,0.10416666666666667,0.9741935483870968,0.996293924510718,0.027269111946225166,0.017285573683925293,25474.05515992821,25000.0,0.018609332395335344
random_sessions,n/a,0.6,9,hgb,18,12,1850,958,0.7464864864864865,0.7995824634655533,0.9529125940905516,0.9921671018276762,0.11458333333333333,0.9718670076726342,0.9977820655880657,0.026968741522623216,0.022575425160936278,27977.19459807343,27500.0,0.01705655641778651
random_sessions,n/a,0.6,9,mlp,18,12,1850,958,0.7464864864864865,0.7995824634655533,0.9326490438695163,0.9673629242819843,0.08854166666666667,0.9775725593667546,0.9915227881247607,0.037328969687223434,0.03596730174940069,21715.264733121596,21250.0,0.021425699333609428
random_sessions,n/a,0.6,9,stratified,18,12,1850,958,0.7464864864864865,0.7995824634655533,0.4968693006818371,0.7297650130548303,0.7291666666666666,0.7997138769670958,0.799678364441222,0.36221294363256784,0.3413361169102297,175350.9891846356,175000.0,0.002001637893619272
random_sessions,n/a,0.6,9,majority,18,12,1850,958,0.7464864864864865,0.7995824634655533,0.4443155452436195,1.0,1.0,0.7995824634655533,0.7995824634655533,0.20041753653444677,0.20041753653444677,240480.9619238477,240000.0,0.002
random_sessions,n/a,0.6,10,logreg,18,12,1736,1072,0.717741935483871,0.8404850746268657,0.5103027783172539,0.4439511653718091,0.0,1.0,0.9990425683087657,0.3633053612422022,0.4457990202613255,213.52360659165168,0.0,1.0
random_sessions,n/a,0.6,10,tree,18,12,1736,1072,0.717741935483871,0.8404850746268657,0.6997470601669317,0.7114317425083241,0.0,1.0,0.9539690559411599,0.24253731343283583,0.2425373134328358,342.17157956312184,0.0,1.0
random_sessions,n/a,0.6,10,rf,18,12,1736,1072,0.717741935483871,0.8404850746268657,0.6431666671725434,0.634850166481687,0.0,1.0,0.9978999031614516,0.1774380004106439,0.30745295467572914,305.3387574260619,0.0,1.0
random_sessions,n/a,0.6,10,xgboost,18,12,1736,1072,0.717741935483871,0.8404850746268657,0.6487463366981439,0.6426193118756937,0.0,1.0,0.9980133903328819,0.2517358660697937,0.3076168876443411,309.0754205414158,0.0,1.0
random_sessions,n/a,0.6,10,hgb,18,12,1736,1072,0.717741935483871,0.8404850746268657,0.6963524700974648,0.7069922308546059,0.0,1.0,0.9978192835046529,0.2294470426930942,0.25299834166542046,340.0363434972053,0.0,1.0
random_sessions,n/a,0.6,10,mlp,18,12,1736,1072,0.717741935483871,0.8404850746268657,0.6211057813683414,0.6037735849056604,0.0,1.0,0.9953460858441785,0.25031718611717224,0.3323456119361701,290.39210496464625,0.0,1.0
random_sessions,n/a,0.6,10,stratified,18,12,1736,1072,0.717741935483871,0.8404850746268657,0.49977909822434685,0.7114317425083241,0.6783625730994152,0.8467635402906208,0.8449517743943097,0.35074626865671643,0.3507462686567164,163149.18912342275,162807.01754385963,0.002097292554143608
random_sessions,n/a,0.6,10,majority,18,12,1736,1072,0.717741935483871,0.8404850746268657,0.45666497719209326,1.0,1.0,0.8404850746268657,0.8404850746268657,0.15951492537313433,0.15951492537313433,240480.9619238477,240000.0,0.002
random_sessions,n/a,0.6,11,logreg,18,12,1974,834,0.9012158054711246,0.4412470023980815,0.7719606262951877,0.9103260869565217,0.3369098712446352,0.6808943089430894,0.6979793749075794,0.18855942503618864,0.1651362308525099,81296.2012848238,80858.36909871244,0.005385641385350766
random_sessions,n/a,0.6,11,tree,18,12,1974,834,0.9012158054711246,0.4412470023980815,0.7796443835361888,0.9972826086956522,0.388412017167382,0.6697080291970803,0.6690872111894743,0.2182254196642686,0.21822541966426862,93698.5390822698,93218.88412017169,0.00511912957017355
random_sessions,n/a,0.6,11,rf,18,12,1974,834,0.9012158054711246,0.4412470023980815,0.7493946519321544,0.9891304347826086,0.4334763948497854,0.6431095406360424,0.7764269306517148,0.21423635441181435,0.24689121466697636,104510.06884079785,104034.3347639485,0.004552040603609644
random_sessions,n/a,0.6,11,xgboost,18,12,1974,834,0.9012158054711246,0.4412470023980815,0.7716316516160626,0.9755434782608695,0.38626609442060084,0.6660482374768089,0.7018555852217417,0.21891729533672333,0.20223400663308508,93173.06192904562,92703.8626609442,0.00503578242881758
random_sessions,n/a,0.6,11,hgb,18,12,1974,834,0.9012158054711246,0.4412470023980815,0.7361816482770229,0.9456521739130435,0.4248927038626609,0.6373626373626373,0.6608030589231038,0.25538861016482356,0.21361242622486654,102429.0716158946,101974.24892703863,0.004440367189517658
random_sessions,n/a,0.6,11,mlp,18,12,1974,834,0.9012158054711246,0.4412470023980815,0.6568317196119886,0.9836956521739131,0.5772532188841202,0.5736925515055468,0.6386838922661726,0.2692153751850128,0.2944945777024922,139013.892685539,138540.77253218883,0.0034034019493318977
random_sessions,n/a,0.6,11,stratified,18,12,1974,834,0.9012158054711246,0.4412470023980815,0.3991889463587577,0.907608695652174,0.8819742489270386,0.4483221476510067,0.4476684657526386,0.5335731414868106,0.5335731414868106,212110.34496685103,211673.81974248926,0.0020580100627811807
random_sessions,n/a,0.6,11,majority,18,12,1974,834,0.9012158054711246,0.4412470023980815,0.30615640599001664,1.0,1.0,0.4412470023980815,0.4412470023980815,0.5587529976019184,0.5587529976019185,240480.9619238477,240000.0,0.002
random_sessions,n/a,0.6,12,logreg,18,12,1838,970,0.8329706202393906,0.6350515463917525,0.6757695910121171,0.8068181818181818,0.4632768361581921,0.7518910741301059,0.7559783314245621,0.2682884537355625,0.23896584644581112,111574.48950288868,111186.44067796611,0.003477935024856428
random_sessions,n/a,0.6,12,tree,18,12,1838,970,0.8329706202393906,0.6350515463917525,0.7454690228652605,0.9545454545454546,0.4943502824858757,0.7706422018348624,0.764478990223812,0.20927835051546392,0.20927835051546392,119103.16781482843,118644.06779661016,0.0038546415401144053
random_sessions,n/a,0.6,12,rf,18,12,1838,970,0.8329706202393906,0.6350515463917525,0.7459883891917154,0.9886363636363636,0.5310734463276836,0.7641154328732748,0.8091134501042516,0.17556688098911905,0.1432169324510236,127933.12356608441,127457.62711864407,0.003716757898080363
random_sessions,n/a,0.6,12,xgboost,18,12,1838,970,0.8329706202393906,0.6350515463917525,0.7523109136407742,0.9707792207792207,0.5,0.7716129032258064,0.7449045843181821,0.1935250163078308,0.17721352760431588,120466.90784165735,120000.0,0.0038758182643074727
random_sessions,n/a,0.6,12,hgb,18,12,1838,970,0.8329706202393906,0.6350515463917525,0.7307275562588669,0.935064935064935,0.5,0.7649402390438247,0.785927119586544,0.22063935748009286,0.20192021304529137,120449.73063009135,120000.0,0.003733762024528742
random_sessions,n/a,0.6,12,mlp,18,12,1838,970,0.8329706202393906,0.6350515463917525,0.7648653976270771,0.9935064935064936,0.5028248587570622,0.7746835443037975,0.8419995714606593,0.1831100732088089,0.16888664295061578,121155.80489616698,120677.96610169492,0.003944002475833318
random_sessions,n/a,0.6,12,stratified,18,12,1838,970,0.8329706202393906,0.6350515463917525,0.47832914741772925,0.823051948051948,0.8220338983050848,0.6353383458646616,0.6352875972566306,0.41237113402061853,0.36701030927835054,197683.99224158202,197288.13559322036,0.0020024719446069114
random_sessions,n/a,0.6,12,majority,18,12,1838,970,0.8329706202393906,0.6350515463917525,0.3883984867591425,1.0,1.0,0.6350515463917525,0.6350515463917525,0.3649484536082474,0.36494845360824746,240480.9619238477,240000.0,0.002
random_sessions,n/a,0.6,13,logreg,18,12,1737,1071,0.8186528497409327,0.676937441643324,0.7707875832806044,0.7655172413793103,0.17341040462427745,0.9024390243902439,0.9410477479449093,0.1582039926926744,0.11129498942080804,41986.68175497896,41618.49710982659,0.00876908176028254
random_sessions,n/a,0.6,13,tree,18,12,1737,1071,0.8186528497409327,0.676937441643324,0.8344616526013169,0.8193103448275862,0.09826589595375723,0.945859872611465,0.8972683712917043,0.15406162464985995,0.15406162464985995,23977.87210857833,23583.815028901736,0.016434197242032024
random_sessions,n/a,0.6,13,rf,18,12,1737,1071,0.8186528497409327,0.676937441643324,0.6836097792631552,0.9006896551724138,0.5578034682080925,0.7718676122931442,0.9386416947498737,0.1411226005472243,0.07800911331784544,134306.02979928363,133872.8323699422,0.0032254503389672244
random_sessions,n/a,0.6,13,xgboost,18,12,1737,1071,0.8186528497409327,0.676937441643324,0.7766810460383613,0.7158620689655173,0.07225433526011561,0.9540441176470589,0.9578058704015023,0.15273793041706085,0.13905700609115335,17685.342860326993,17341.040462427747,0.01946823426712355
random_sessions,n/a,0.6,13,hgb,18,12,1737,1071,0.8186528497409327,0.676937441643324,0.8237677942752182,0.84,0.16184971098265896,0.9157894736842105,0.957573334576071,0.14339895995469162,0.11376245721873778,39247.938651870216,38843.93063583815,0.010293738471607925
random_sessions,n/a,0.6,13,mlp,18,12,1737,1071,0.8186528497409327,0.676937441643324,0.779188780925941,0.8813793103448276,0.3352601156069364,0.8463576158940397,0.9550239686511995,0.1284257173538208,0.07251294012408421,80886.33763440774,80462.42774566474,0.005240809525324322
random_sessions,n/a,0.6,13,stratified,18,12,1737,1071,0.8186528497409327,0.676937441643324,0.47523560065574366,0.8041379310344827,0.8265895953757225,0.6708860759493671,0.6720713089542525,0.3996265172735761,0.3996265172735761,198768.26261652267,198381.5028901734,0.001945782094475583
random_sessions,n/a,0.6,13,majority,18,12,1737,1071,0.8186528497409327,0.676937441643324,0.4036748329621381,1.0,1.0,0.676937441643324,0.676937441643324,0.323062558356676,0.3230625583566761,240480.9619238477,240000.0,0.002
random_sessions,n/a,0.6,14,logreg,18,12,2032,776,0.843011811023622,0.5592783505154639,0.8216980546652646,0.8248847926267281,0.1783625730994152,0.8544152744630071,0.9330891050253862,0.12530657383822746,0.0806391508884271,43203.755720674104,42807.01754385965,0.009182955745317509
random_sessions,n/a,0.6,14,tree,18,12,2032,776,0.843011811023622,0.5592783505154639,0.8449338465745357,0.967741935483871,0.29239766081871343,0.8076923076923077,0.8037268305059809,0.146781759590434,0.12635160787960065,70640.88561956964,70175.43859649122,0.006588918287138124
random_sessions,n/a,0.6,14,rf,18,12,2032,776,0.843011811023622,0.5592783505154639,0.8761416155822743,0.9953917050691244,0.260233918128655,0.8291746641074856,0.884145356324332,0.09982754415434948,0.11707155084326107,62934.88586032928,62456.1403508772,0.007606997341896491
random_sessions,n/a,0.6,14,xgboost,18,12,2032,776,0.843011811023622,0.5592783505154639,0.9050996698055522,0.9815668202764977,0.18421052631578946,0.8711656441717791,0.9058252470445931,0.08414976298809052,0.0698121948055617,44682.622582054726,44210.52631578947,0.010565545148973662
random_sessions,n/a,0.6,14,hgb,18,12,2032,776,0.843011811023622,0.5592783505154639,0.9076787792577266,0.9861751152073732,0.18421052631578946,0.8716904276985743,0.9389268807793012,0.08376995218501233,0.07528576777631091,44684.83899645034,44210.52631578947,0.010614622124934572
random_sessions,n/a,0.6,14,mlp,18,12,2032,776,0.843011811023622,0.5592783505154639,0.8957958888544572,0.9723502304147466,0.19298245614035087,0.8647540983606558,0.971085934646473,0.08561140298843384,0.08036233022894237,46783.45291115823,46315.789473684206,0.009996342902737838
random_sessions,n/a,0.6,14,stratified,18,12,2032,776,0.843011811023622,0.5592783505154639,0.43675455116133083,0.8179723502304147,0.8508771929824561,0.5495356037151703,0.551309053017528,0.47680412371134023,0.4536082474226804,204603.93987101052,204210.52631578947,0.0019228053744667027
random_sessions,n/a,0.6,14,majority,18,12,2032,776,0.843011811023622,0.5592783505154639,0.3586776859504132,1.0,1.0,0.5592783505154639,0.5592783505154639,0.44072164948453607,0.44072164948453607,240480.9619238477,240000.0,0.002
random_sessions,n/a,0.6,15,logreg,18,12,1546,1262,0.6959896507115135,0.8486529318541997,0.6050253001940118,0.6956115779645191,0.2931937172774869,0.9300873907615481,0.9581670553317556,0.23933818578094493,0.2397390411441234,70701.0548293854,70366.49214659685,0.00473207484097525
random_sessions,n/a,0.6,15,tree,18,12,1546,1262,0.6959896507115135,0.8486529318541997,0.751496534341525,0.9084967320261438,0.3769633507853403,0.9311004784688995,0.9238651670931243,0.1341134469597702,0.13439477040519932,90908.1565245263,90471.20418848167,0.004806525099062503
random_sessions,n/a,0.6,15,rf,18,12,1546,1262,0.6959896507115135,0.8486529318541997,0.7107976917147559,0.876750700280112,0.4031413612565445,0.9242125984251969,0.9672082771805341,0.10664837620710768,0.12330242042826617,97175.61040511221,96753.92670157067,0.0043393985567324305
random_sessions,n/a,0.6,15,xgboost,18,12,1546,1262,0.6959896507115135,0.8486529318541997,0.7504519774011299,0.9131652661064426,0.39267015706806285,0.9287749287749287,0.9627503007939495,0.1112106591463089,0.10327101936928686,94680.03541951254,94240.83769633509,0.004638757487060819
random_sessions,n/a,0.6,15,hgb,18,12,1546,1262,0.6959896507115135,0.8486529318541997,0.771735570318878,0.930905695611578,0.387434554973822,0.930905695611578,0.9702722263243735,0.10821208653752165,0.10085436670998828,93432.0233879994,92984.29319371728,0.0047920421505034975
random_sessions,n/a,0.6,15,mlp,18,12,1546,1262,0.6959896507115135,0.8486529318541997,0.6942051636196223,0.8394024276377218,0.35602094240837695,0.9296794208893485,0.9646626227970646,0.12785254418849945,0.1435735861035787,85848.74678448953,85445.02617801046,0.004702696563440174
random_sessions,n/a,0.6,15,stratified,18,12,1546,1262,0.6959896507115135,0.8486529318541997,0.5037217115896653,0.6984126984126984,0.6387434554973822,0.8597701149425288,0.8564173136936675,0.3526148969889065,0.33993660855784463,153634.33923443998,153298.42931937173,0.002186424706495117
random_sessions,n/a,0.6,15,majority,18,12,1546,1262,0.6959896507115135,0.8486529318541997,0.45906558079725673,1.0,1.0,0.8486529318541997,0.8486529318541997,0.15134706814580032,0.15134706814580032,240480.9619238477,240000.0,0.002
random_sessions,n/a,0.6,16,logreg,18,12,1324,1484,0.5876132930513596,0.9225067385444744,0.5725625816384715,0.6778670562454346,0.017391304347826087,0.9978494623655914,0.9971089956034274,0.2200126161191591,0.30592154927458165,4499.94128696304,4173.913043478261,0.07245166607602808
random_sessions,n/a,0.6,16,tree,18,12,1324,1484,0.5876132930513596,0.9225067385444744,0.677361620145804,0.8049671292914536,0.0,1.0,0.9848862667577609,0.17991913746630728,0.17991913746630728,387.1585391381741,0.0,1.0
random_sessions,n/a,0.6,16,rf,18,12,1324,1484,0.5876132930513596,0.9225067385444744,0.7339501270279183,0.8590211833455077,0.0,1.0,0.9991175237392798,0.11132633858709995,0.22227224910154453,413.15648096777926,0.0,1.0
random_sessions,n/a,0.6,16,xgboost,18,12,1324,1484,0.5876132930513596,0.9225067385444744,0.6705465217952324,0.7976625273922571,0.0,1.0,0.9993444969460916,0.1440325677394867,0.18630082161194447,383.645303755795,0.0,1.0
random_sessions,n/a,0.6,16,hgb,18,12,1324,1484,0.5876132930513596,0.9225067385444744,0.697383430984334,0.8254200146092038,0.0,1.0,0.999052457892318,0.13921640078763767,0.1544757099015812,396.9955982088355,0.0,1.0
random_sessions,n/a,0.6,16,mlp,18,12,1324,1484,0.5876132930513596,0.9225067385444744,0.6797878473423268,0.8093498904309715,0.008695652173913044,0.9990982867448152,0.9994902280307976,0.12026576697826385,0.18602276562938705,2476.223002106732,2086.9565217391305,0.15720170599999259
random_sessions,n/a,0.6,16,stratified,18,12,1324,1484,0.5876132930513596,0.9225067385444744,0.4313758615201929,0.5887509130752374,0.5478260869565217,0.9275028768699655,0.9254482195454574,0.42183288409703507,0.4097035040431267,131761.42764138497,131478.26086956522,0.00214908700435797
random_sessions,n/a,0.6,16,majority,18,12,1324,1484,0.5876132930513596,0.9225067385444744,0.4798457763757448,1.0,1.0,0.9225067385444744,0.9225067385444744,0.07749326145552561,0.07749326145552561,240480.9619238477,240000.0,0.002
random_sessions,n/a,0.6,17,logreg,18,12,1959,849,0.7611026033690659,0.7726737338044759,0.5495950735909735,0.6067073170731707,0.41968911917098445,0.8308977035490606,0.8771869672207795,0.31345559217293834,0.3159092162920209,101017.19171946825,100725.38860103626,0.002888648095092006
random_sessions,n/a,0.6,17,tree,18,12,1959,849,0.7611026033690659,0.7726737338044759,0.7492246344705361,0.9054878048780488,0.42487046632124353,0.878698224852071,0.8686776174664752,0.1696113074204947,0.16254416961130744,102404.41707375323,101968.91191709845,0.004252796599009157
random_sessions,n/a,0.6,17,rf,18,12,1959,849,0.7611026033690659,0.7726737338044759,0.8025899229104437,0.9664634146341463,0.42487046632124353,0.8854748603351955,0.9322931910971264,0.10692250697796671,0.05823018746534242,102433.7440203293,101968.91191709845,0.004537880633735306
random_sessions,n/a,0.6,17,xgboost,18,12,1959,849,0.7611026033690659,0.7726737338044759,0.7863120958889334,0.9359756097560976,0.39896373056994816,0.8885672937771346,0.9140389056153089,0.12734054028987885,0.10783448070767626,96201.46396673037,95751.29533678756,0.004679436376337221
random_sessions,n/a,0.6,17,hgb,18,12,1959,849,0.7611026033690659,0.7726737338044759,0.7869964764731872,0.9573170731707317,0.44041450777202074,0.8807854137447405,0.8984533059221983,0.1276123197854955,0.11461081355221038,106159.91492652943,105699.48186528498,0.004337164941805898
random_sessions,n/a,0.6,17,mlp,18,12,1959,849,0.7611026033690659,0.7726737338044759,0.6032331771779154,0.6707317073170732,0.37823834196891193,0.8576998050682261,0.8649676979255855,0.31782475113868713,0.32074886682336823,91099.79848487573,90777.20207253886,0.003541132007996987
random_sessions,n/a,0.6,17,stratified,18,12,1959,849,0.7611026033690659,0.7726737338044759,0.504731656728027,0.7515243902439024,0.7409326424870466,0.7751572327044025,0.7745401438009146,0.36042402826855124,0.33451118963486454,178185.28881344135,177823.83419689117,0.0020285323157548307
random_sessions,n/a,0.6,17,majority,18,12,1959,849,0.7611026033690659,0.7726737338044759,0.43588039867109635,1.0,1.0,0.7726737338044759,0.7726737338044759,0.22732626619552415,0.22732626619552415,240480.9619238477,240000.0,0.002
random_sessions,n/a,0.6,18,logreg,18,12,1817,991,0.8238855255916345,0.6559031281533805,0.6379602341365485,0.7938461538461539,0.5249266862170088,0.7424460431654676,0.7089269303916439,0.29278193797555807,0.2685854622111117,126364.21446547506,125982.40469208211,0.003021502369226985
random_sessions,n/a,0.6,18,tree,18,12,1817,991,0.8238855255916345,0.6559031281533805,0.7003729840706094,0.9507692307692308,0.5777126099706745,0.758282208588957,0.7532420077059747,0.23107971745711403,0.1846619576185671,139108.31019132785,138651.02639296188,0.003287250040899931
random_sessions,n/a,0.6,18,rf,18,12,1817,991,0.8238855255916345,0.6559031281533805,0.6817714367010141,0.96,0.6187683284457478,0.7473053892215569,0.8332159922115456,0.19169715525580175,0.15914407680954404,148966.12227387328,148504.39882697948,0.003099519809241674
random_sessions,n/a,0.6,18,xgboost,18,12,1817,991,0.8238855255916345,0.6559031281533805,0.7134257674710998,1.0,0.6070381231671554,0.7584597432905484,0.8308472634713965,0.209445983171463,0.1916979727469839,146170.111483965,145689.1495601173,0.003290425921994712
random_sessions,n/a,0.6,18,hgb,18,12,1817,991,0.8238855255916345,0.6559031281533805,0.6862192706134511,0.9615384615384616,0.6129032258064516,0.749400479616307,0.8291421837051082,0.22142193647243116,0.19343346094176417,147559.23758186348,147096.7741935484,0.003134086322847287
random_sessions,n/a,0.6,18,mlp,18,12,1817,991,0.8238855255916345,0.6559031281533805,0.715593112244898,0.9646153846153847,0.5659824046920822,0.7646341463414634,0.838456658461887,0.20180898904800415,0.18615615091781865,136299.72039725742,135835.7771260997,0.00340384609598242
random_sessions,n/a,0.6,18,stratified,18,12,1817,991,0.8238855255916345,0.6559031281533805,0.4973940347837711,0.8246153846153846,0.8005865102639296,0.6625463535228677,0.6613812339965269,0.3905146316851665,0.35620585267406657,192537.37106516212,192140.7624633431,0.0020599045246379464
random_sessions,n/a,0.6,18,majority,18,12,1817,991,0.8238855255916345,0.6559031281533805,0.39609993906154783,1.0,1.0,0.6559031281533805,0.6559031281533805,0.3440968718466196,0.3440968718466195,240480.9619238477,240000.0,0.002
random_sessions,n/a,0.6,19,logreg,18,12,1624,1184,0.7339901477832512,0.8065878378378378,0.7285026370098602,0.806282722513089,0.24017467248908297,0.9333333333333333,0.9663620404109137,0.1297359359883911,0.14693208650278103,58029.712686764964,57641.92139737991,0.006682633282682059
random_sessions,n/a,0.6,19,tree,18,12,1624,1184,0.7339901477832512,0.8065878378378378,0.8083014611352186,0.8994764397905759,0.24017467248908297,0.9398249452954048,0.9264314769017646,0.12753378378378377,0.1275337837837838,58074.53531631726,57641.92139737991,0.007449287653891898
random_sessions,n/a,0.6,19,rf,18,12,1624,1184,0.7339901477832512,0.8065878378378378,0.8837933995828733,0.9790575916230366,0.26200873362445415,0.9396984924623115,0.9838468109924793,0.06273068344545542,0.061637459823902244,63352.985492693704,62882.096069868996,0.007432789775613861
random_sessions,n/a,0.6,19,xgboost,18,12,1624,1184,0.7339901477832512,0.8065878378378378,0.8270403259908508,0.9172774869109948,0.23580786026200873,0.9419354838709677,0.9636542233307963,0.09185788780450821,0.10107576314151849,57035.06200768899,56593.886462882096,0.00773516376202792
random_sessions,n/a,0.6,19,hgb,18,12,1624,1184,0.7339901477832512,0.8065878378378378,0.8354245418948011,0.9319371727748691,0.25327510917030566,0.9388185654008439,0.9805832059013662,0.09259090191958014,0.0900385241853019,61234.25249639634,60786.026200873355,0.007319862287032269
random_sessions,n/a,0.6,19,mlp,18,12,1624,1184,0.7339901477832512,0.8065878378378378,0.8793384579548102,0.9738219895287958,0.2576419213973799,0.9403437815975733,0.9679533666882342,0.05945922061800957,0.040803316577571296,62302.43243294014,61834.06113537118,0.007517704835571166
random_sessions,n/a,0.6,19,stratified,18,12,1624,1184,0.7339901477832512,0.8065878378378378,0.5015641958756305,0.7298429319371728,0.7161572052401747,0.8095238095238095,0.8087306360212119,0.3564189189189189,0.3361486486486487,172228.75591829306,171877.7292576419,0.0020381419977142236
random_sessions,n/a,0.6,19,majority,18,12,1624,1184,0.7339901477832512,0.8065878378378378,0.44647031323048153,1.0,1.0,0.8065878378378378,0.8065878378378378,0.19341216216216217,0.19341216216216217,240480.9619238477,240000.0,0.002
temporal,forward,0.7,0,logreg,21,9,1568,1240,0.6715561224489796,0.882258064516129,0.5624079730338172,0.9223034734917733,0.8082191780821918,0.8952972493345164,0.9240982430728872,0.14515019317734337,0.14278283180219284,194416.19559270804,193972.60273972602,0.0022816661525016132
temporal,forward,0.7,0,tree,21,9,1568,1240,0.6715561224489796,0.882258064516129,0.5477404671361472,0.8409506398537477,0.7191780821917808,0.8975609756097561,0.8951270573919398,0.225,0.2024193548387097,173007.2049636324,172602.7397260274,0.0023378519853553556
temporal,forward,0.7,0,rf,21,9,1568,1240,0.6715561224489796,0.882258064516129,0.5439522792309862,0.9881170018281535,0.910958904109589,0.8904448105436573,0.9226343943998059,0.12176335447669864,0.11495292492413924,219105.38364048724,218630.13698630137,0.002169032299843806
temporal,forward,0.7,0,xgboost,21,9,1568,1240,0.6715561224489796,0.882258064516129,0.462180993609565,0.8875685557586838,0.958904109589041,0.873987398739874,0.8838986102655988,0.18239915370941162,0.17019988606466102,230563.87298149426,230136.98630136985,0.0018514898913008816
temporal,forward,0.7,0,hgb,21,9,1568,1240,0.6715561224489796,0.882258064516129,0.4502054780922633,0.8857404021937842,0.9794520547945206,0.8714028776978417,0.8979253401585746,0.17750805315969126,0.18504115179008265,235494.50055855367,235068.49315068492,0.0018089908972750337
temporal,forward,0.7,0,mlp,21,9,1568,1240,0.6715561224489796,0.882258064516129,0.5581760852800204,0.9853747714808044,0.8904109589041096,0.8923841059602649,0.9056892791427135,0.10522685199975967,0.087149625032391,214172.55788278868,213698.6301369863,0.002212831328567126
temporal,forward,0.7,0,stratified,21,9,1568,1240,0.6715561224489796,0.882258064516129,0.4575150690258604,0.6654478976234004,0.6986301369863014,0.8771084337349397,0.87883125353925,0.3774193548387097,0.35967741935483866,167991.2879777737,167671.23287671234,0.0019051886851638414
temporal,forward,0.7,0,majority,21,9,1568,1240,0.6715561224489796,0.882258064516129,0.46872322193658955,1.0,1.0,0.882258064516129,0.882258064516129,0.11774193548387096,0.11774193548387096,240480.9619238477,240000.0,0.002
temporal,reverse,0.7,0,logreg,9,21,1240,1568,0.882258064516129,0.6715561224489796,0.548510134997349,0.37037037037037035,0.08349514563106795,0.9006928406466512,0.8760424681397915,0.3630553642333233,0.3683285872478057,20216.968997325825,20038.83495145631,0.008811115350331657
temporal,reverse,0.7,0,tree,9,21,1240,1568,0.882258064516129,0.6715561224489796,0.3781334975982583,0.7435897435897436,0.9359223300970874,0.6189723320158103,0.6291391606924501,0.47876519023009395,0.4791108163000075,224978.99757693132,224621.35922330097,0.001589652178568551
temporal,reverse,0.7,0,rf,9,21,1240,1568,0.882258064516129,0.6715561224489796,0.39686416900478627,0.9420702754036088,0.9902912621359223,0.6604527296937417,0.759528452444232,0.2362165338113374,0.15848178045926697,238123.0028446792,237669.90291262136,0.0019027978256825192
temporal,reverse,0.7,0,xgboost,9,21,1240,1568,0.882258064516129,0.6715561224489796,0.43848290112392946,0.5897435897435898,0.7145631067961165,0.627906976744186,0.6887191424750814,0.3734760582447052,0.3581315794308095,171778.78984256787,171495.14563106795,0.001651217893430718
temporal,reverse,0.7,0,hgb,9,21,1240,1568,0.882258064516129,0.6715561224489796,0.5190281229393624,0.6790123456790124,0.6407766990291263,0.6842105263157895,0.7047740654333603,0.383890026695015,0.39556563591423205,154112.98685108442,153786.4077669903,0.0021190886684305165
temporal,reverse,0.7,0,mlp,9,21,1240,1568,0.882258064516129,0.6715561224489796,0.7185838144308565,0.6856600189933523,0.1825242718446602,0.8848039215686274,0.882167844879463,0.17609140276908875,0.12229727302696936,44135.60160455894,43805.82524271845,0.00747189003551333
temporal,reverse,0.7,0,stratified,9,21,1240,1568,0.882258064516129,0.6715561224489796,0.4677491472889994,0.8803418803418803,0.8815533980582524,0.6712527154236061,0.6712890205377534,0.36989795918367346,0.36862244897959184,211996.2264583935,211572.81553398058,0.0019972568921929716
temporal,reverse,0.7,0,majority,9,21,1240,1568,0.882258064516129,0.6715561224489796,0.401755055322396,1.0,1.0,0.6715561224489796,0.6715561224489796,0.3284438775510204,0.3284438775510204,240480.9619238477,240000.0,0.002
random_sessions,n/a,0.7,0,logreg,21,9,2065,743,0.7612590799031477,0.7738896366083445,0.7182303548701576,0.671304347826087,0.011904761904761904,0.9948453608247423,0.9396184419510688,0.2501982646663758,0.31285104496107774,3180.014687760614,2857.142857142857,0.10153155325365042
random_sessions,n/a,0.7,0,tree,21,9,2065,743,0.7612590799031477,0.7738896366083445,0.8490447053111798,0.9408695652173913,0.25595238095238093,0.9263698630136986,0.9180321099911135,0.10320537383787974,0.092996571178371,61881.09386474812,61428.57142857142,0.007312773707035101
random_sessions,n/a,0.7,0,rf,21,9,2065,743,0.7612590799031477,0.7738896366083445,0.9922428013614248,1.0,0.023809523809523808,0.9930915371329879,0.9999969806763285,0.023978902912705793,0.08143597076927248,6195.247638133409,5714.285714285714,0.07763401109057302
random_sessions,n/a,0.7,0,xgboost,21,9,2065,743,0.7612590799031477,0.7738896366083445,0.9866793018222797,0.9895652173913043,0.005952380952380952,0.9982456140350877,0.9999249703879013,0.008761433884501457,0.02161552557614562,1904.514619300713,1428.5714285714284,0.24990261870714245
random_sessions,n/a,0.7,0,hgb,21,9,2065,743,0.7612590799031477,0.7738896366083445,0.9903242357708967,0.9982608695652174,0.023809523809523808,0.9930795847750865,0.9998694073162058,0.006306723197208046,0.004319652292116947,6194.411182613674,5714.285714285714,0.07750946041095319
random_sessions,n/a,0.7,0,mlp,21,9,2065,743,0.7612590799031477,0.7738896366083445,0.742249738801097,0.7147826086956521,0.03571428571428571,0.9856115107913669,0.94168300913083,0.21431763470172882,0.21052496979914664,8915.211790039706,8571.42857142857,0.03856141914600597
random_sessions,n/a,0.7,0,stratified,21,9,2065,743,0.7612590799031477,0.7738896366083445,0.5002687842699944,0.7513043478260869,0.75,0.7741935483870968,0.7741179668490766,0.3620457604306864,0.33243606998654107,180361.34878452556,180000.0,0.002003471292273766
random_sessions,n/a,0.7,0,majority,21,9,2065,743,0.7612590799031477,0.7738896366083445,0.4362670713201821,1.0,1.0,0.7738896366083445,0.7738896366083445,0.22611036339165544,0.22611036339165544,240480.9619238477,240000.0,0.002
random_sessions,n/a,0.7,1,logreg,21,9,1606,1202,0.660024906600249,0.9043261231281198,0.49960682732781353,0.5289788408463661,0.008695652173913044,0.9982638888888888,0.9843077165136858,0.3367956349942741,0.43264041296012923,2341.375202707323,2086.9565217391305,0.10866207204808902
random_sessions,n/a,0.7,1,tree,21,9,1606,1202,0.660024906600249,0.9043261231281198,0.7550582645580957,0.8675252989880404,0.06956521739130435,0.9915878023133544,0.9800278374534889,0.1264559068219634,0.1264559068219634,17112.898810700877,16695.652173913044,0.024381996376144428
random_sessions,n/a,0.7,1,rf,21,9,1606,1202,0.660024906600249,0.9043261231281198,0.7808416051309277,0.874885004599816,0.0,1.0,0.9996705092061198,0.08786413343058336,0.1940611349643764,420.7863749578273,0.0,1.0
random_sessions,n/a,0.7,1,xgboost,21,9,1606,1202,0.660024906600249,0.9043261231281198,0.760315959424429,0.8574057037718491,0.0,1.0,0.9993630787341479,0.09586439281702042,0.13979888792655792,412.37949680409577,0.0,1.0
random_sessions,n/a,0.7,1,hgb,21,9,1606,1202,0.660024906600249,0.9043261231281198,0.8078630911711742,0.8960441582336707,0.0,1.0,0.999621376013038,0.07667886163038962,0.09393279451936945,430.96312219655505,0.0,1.0
random_sessions,n/a,0.7,1,mlp,21,9,1606,1202,0.660024906600249,0.9043261231281198,0.6573283049037708,0.7516099356025759,0.008695652173913044,0.9987775061124694,0.9912409131498965,0.1876460611820221,0.26560951356491924,2448.4522823495877,2086.9565217391305,0.14764255902245244
random_sessions,n/a,0.7,1,stratified,21,9,1606,1202,0.660024906600249,0.9043261231281198,0.4567530262498931,0.6614535418583257,0.6608695652173913,0.9044025157232705,0.904376653280754,0.36938435940099834,0.3544093178036605,158926.82962020196,158608.6956521739,0.0020017637600165963
random_sessions,n/a,0.7,1,majority,21,9,1606,1202,0.660024906600249,0.9043261231281198,0.4748798602009611,1.0,1.0,0.9043261231281198,0.9043261231281198,0.0956738768718802,0.09567387687188018,240480.9619238477,240000.0,0.002
random_sessions,n/a,0.7,2,logreg,21,9,2075,733,0.7633734939759036,0.7680763983628922,0.5606242248863167,0.9378330373001776,0.8176470588235294,0.7916041979010495,0.8459618122697066,0.2194823757064567,0.19498683933607427,196686.35609951487,196235.29411764705,0.0022933059049586686
random_sessions,n/a,0.7,2,tree,21,9,2075,733,0.7633734939759036,0.7680763983628922,0.6006948327675341,0.9698046181172292,0.788235294117647,0.8029411764705883,0.8018884211813683,0.20600272851296045,0.15961800818553887,189642.90968312134,189176.4705882353,0.0024595651673211816
random_sessions,n/a,0.7,2,rf,21,9,2075,733,0.7633734939759036,0.7680763983628922,0.5258652553763441,1.0,0.9058823529411765,0.7852161785216178,0.8900185585105264,0.17502001680706786,0.16582541274484022,217892.72662973005,217411.76470588235,0.0022073335410823726
random_sessions,n/a,0.7,2,xgboost,21,9,2075,733,0.7633734939759036,0.7680763983628922,0.545496355610307,0.9982238010657194,0.8823529411764706,0.7893258426966292,0.7937478219175507,0.19860148429870605,0.19965818755158402,212244.81352214405,211764.70588235292,0.002262046510460604
random_sessions,n/a,0.7,2,hgb,21,9,2075,733,0.7633734939759036,0.7680763983628922,0.5404388714733542,0.9982238010657194,0.888235294117647,0.788218793828892,0.773137157686699,0.20583845660816644,0.2071278472070893,213656.5782280264,213176.47058823527,0.0022470997325377434
random_sessions,n/a,0.7,2,mlp,21,9,2075,733,0.7633734939759036,0.7680763983628922,0.5507660878447396,0.9573712255772646,0.8470588235294118,0.7891654465592972,0.8221198440438635,0.20793919265270233,0.18843895519637638,203754.5767535489,203294.11764705883,0.0022598712324730496
random_sessions,n/a,0.7,2,stratified,21,9,2075,733,0.7633734939759036,0.7680763983628922,0.511072823872694,0.7637655417406749,0.7411764705882353,0.7733812949640287,0.7721280955893375,0.3533424283765348,0.29604365620736695,178249.69508550066,177882.35294117648,0.0020608290193594443
random_sessions,n/a,0.7,2,majority,21,9,2075,733,0.7633734939759036,0.7680763983628922,0.43441358024691357,1.0,1.0,0.7680763983628922,0.7680763983628922,0.23192360163710776,0.2319236016371078,240480.9619238477,240000.0,0.002
random_sessions,n/a,0.7,3,logreg,21,9,1775,1033,0.6580281690140845,0.9477250726040658,0.41552747172400606,0.48621041879468846,0.0,1.0,0.9892822108172168,0.38627353001395404,0.48152846807189836,233.84869841828703,0.0,1.0
random_sessions,n/a,0.7,3,tree,21,9,1775,1033,0.6580281690140845,0.9477250726040658,0.6014753460029105,0.7824310520939735,0.037037037037037035,0.9973958333333334,0.987757730227743,0.19550728425747207,0.20051756813874538,9265.208432982183,8888.888888888889,0.04061641427878469
random_sessions,n/a,0.7,3,rf,21,9,1775,1033,0.6580281690140845,0.9477250726040658,0.6723114494794111,0.8508682328907048,0.0,1.0,0.9999731988289873,0.12110516450642607,0.264443602900137,409.2352222320023,0.0,1.0
random_sessions,n/a,0.7,3,xgboost,21,9,1775,1033,0.6580281690140845,0.9477250726040658,0.6229143617708339,0.8008171603677222,0.0,1.0,0.999711971718773,0.1595948487520218,0.22573649269775325,385.1625621007081,0.0,1.0
random_sessions,n/a,0.7,3,hgb,21,9,1775,1033,0.6580281690140845,0.9477250726040658,0.6804156752942957,0.8580183861082737,0.0,1.0,0.999802351166073,0.12895220088111808,0.14897712287072012,412.67417367933007,0.0,1.0
random_sessions,n/a,0.7,3,mlp,21,9,1775,1033,0.6580281690140845,0.9477250726040658,0.5694151361208806,0.7405515832482125,0.037037037037037035,0.9972489683631361,0.9920589540800111,0.2180061787366867,0.2800666428613833,9245.066003076407,8888.888888888889,0.03852618402821514
random_sessions,n/a,0.7,3,stratified,21,9,1775,1033,0.6580281690140845,0.9477250726040658,0.4260506953948369,0.6496424923391215,0.6851851851851852,0.9450222882615156,0.9459692290475163,0.36786060019361083,0.35043562439496617,164756.8977473731,164444.44444444447,0.0018964505110294686
random_sessions,n/a,0.7,3,majority,21,9,1775,1033,0.6580281690140845,0.9477250726040658,0.4865805168986084,1.0,1.0,0.9477250726040658,0.9477250726040658,0.05227492739593417,0.052274927395934166,240480.9619238477,240000.0,0.002
random_sessions,n/a,0.7,4,logreg,21,9,1906,902,0.683105981112277,0.9368070953436807,0.6087179919137466,0.7562130177514793,0.0,1.0,0.9979429675012033,0.15285488655412016,0.24004921056231185,363.7096678564229,0.0,1.0
random_sessions,n/a,0.7,4,tree,21,9,1906,902,0.683105981112277,0.9368070953436807,0.7012593603838666,0.8544378698224852,0.0,1.0,0.9908015061861215,0.13636363636363635,0.13636363636363638,410.95208167814917,0.0,1.0
random_sessions,n/a,0.7,4,rf,21,9,1906,902,0.683105981112277,0.9368070953436807,0.8298962782184258,0.9396449704142011,0.0,1.0,0.9999999999999999,0.06239318099261193,0.1752633846620844,451.93345270422503,0.0,1.0
random_sessions,n/a,0.7,4,xgboost,21,9,1906,902,0.683105981112277,0.9368070953436807,0.716724429938199,0.8674556213017751,0.0,1.0,0.9999999999999999,0.09873050451278687,0.1516965596796996,417.21312447379967,0.0,1.0
random_sessions,n/a,0.7,4,hgb,21,9,1906,902,0.683105981112277,0.9368070953436807,0.6707563263086538,0.8260355029585799,0.0,1.0,0.9999999999999999,0.13275925572397845,0.15532425795756255,397.29162466945724,0.0,1.0
random_sessions,n/a,0.7,4,mlp,21,9,1906,902,0.683105981112277,0.9368070953436807,0.7512867647058823,0.893491124260355,0.0,1.0,0.9996908643039879,0.07196609675884247,0.11781886086100715,429.73521006510066,0.0,1.0
random_sessions,n/a,0.7,4,stratified,21,9,1906,902,0.683105981112277,0.9368070953436807,0.44345057968166635,0.6745562130177515,0.6842105263157895,0.9359605911330049,0.9362360806690238,0.34811529933481156,0.3259423503325943,164534.9621697459,164210.52631578947,0.001971835345376155
random_sessions,n/a,0.7,4,majority,21,9,1906,902,0.683105981112277,0.9368070953436807,0.48368631940469375,1.0,1.0,0.9368070953436807,0.9368070953436807,0.06319290465631928,0.0631929046563193,240480.9619238477,240000.0,0.002
random_sessions,n/a,0.7,5,logreg,21,9,2081,727,0.8361364728495916,0.5598349381017882,0.7485816030306564,0.8624078624078624,0.371875,0.7468085106382979,0.8553602022514524,0.22046679252244128,0.21229515693635567,89664.78534464506,89250.0,0.004625955920719056
random_sessions,n/a,0.7,5,tree,21,9,2081,727,0.8361364728495916,0.5598349381017882,0.7763728551843274,0.9459459459459459,0.403125,0.7490272373540856,0.7388006265836912,0.2077028885832187,0.19119669876203577,97204.96398201809,96750.0,0.004680460373425516
random_sessions,n/a,0.7,5,rf,21,9,2081,727,0.8361364728495916,0.5598349381017882,0.7861073146303039,0.9926289926289926,0.43125,0.7453874538745388,0.7677543415526416,0.17904490489369915,0.1678156540272863,103977.41674996183,103500.0,0.004591542710759021
random_sessions,n/a,0.7,5,xgboost,21,9,2081,727,0.8361364728495916,0.5598349381017882,0.8010300557324841,0.995085995085995,0.40625,0.7570093457943925,0.7047244214356221,0.1830788105726242,0.17038280405599765,97978.59847459046,97500.0,0.0048847246443781
random_sessions,n/a,0.7,5,hgb,21,9,2081,727,0.8361364728495916,0.5598349381017882,0.7986145390093079,1.0,0.415625,0.7537037037037037,0.6766357131677417,0.18030959638766986,0.1847288162113653,100230.9619238477,99750.0,0.004798536446383853
random_sessions,n/a,0.7,5,mlp,21,9,2081,727,0.8361364728495916,0.5598349381017882,0.7563306191834269,0.9017199017199017,0.396875,0.742914979757085,0.849807374695961,0.21118386089801788,0.19640578223154015,95683.69293870295,95250.0,0.004532568982060421
random_sessions,n/a,0.7,5,stratified,21,9,2081,727,0.8361364728495916,0.5598349381017882,0.4812237980554812,0.8476658476658476,0.80625,0.572139303482587,0.5702649284122934,0.4401650618982118,0.3796423658872077,193907.69499687335,193500.0,0.0021025209797884887
random_sessions,n/a,0.7,5,majority,21,9,2081,727,0.8361364728495916,0.5598349381017882,0.35890652557319225,1.0,1.0,0.5598349381017882,0.5598349381017882,0.4401650618982118,0.4401650618982118,240480.9619238477,240000.0,0.002
random_sessions,n/a,0.7,6,logreg,21,9,1566,1242,0.6500638569604087,0.9090177133655395,0.5865541778216148,0.6651904340124003,0.0,1.0,0.9987522537606869,0.22723129756146723,0.34286143431004146,319.93127086768754,0.0,1.0
random_sessions,n/a,0.7,6,tree,21,9,1566,1242,0.6500638569604087,0.9090177133655395,0.7025580475742268,0.8104517271922055,0.008849557522123894,0.9989082969432315,0.9818658284669852,0.17357888718284142,0.1743395144401253,2513.690227205785,2123.8938053097345,0.15506939466019565
random_sessions,n/a,0.7,6,rf,21,9,1566,1242,0.6500638569604087,0.9090177133655395,0.7284604763346713,0.8343666961913198,0.0,1.0,0.9998056321850513,0.09972264699305146,0.20900807567824162,401.29861139462275,0.0,1.0
random_sessions,n/a,0.7,6,xgboost,21,9,1566,1242,0.6500638569604087,0.9090177133655395,0.6977134788099916,0.8033658104517272,0.0,1.0,0.9994158230513124,0.14481404423713684,0.18398548907233106,386.3883657483257,0.0,1.0
random_sessions,n/a,0.7,6,hgb,21,9,1566,1242,0.6500638569604087,0.9090177133655395,0.7202458387154604,0.8263950398582817,0.0,1.0,0.9997384498401228,0.13858243735184075,0.15505891454514442,397.4645482284321,0.0,1.0
random_sessions,n/a,0.7,6,mlp,21,9,1566,1242,0.6500638569604087,0.9090177133655395,0.8492178631913124,0.9309123117803366,0.017699115044247787,0.9981006647673314,0.9993556941085999,0.04924920201301575,0.08942520685786143,4695.520987026845,4247.787610619469,0.09535329043239489
random_sessions,n/a,0.7,6,stratified,21,9,1566,1242,0.6500638569604087,0.9090177133655395,0.4549233204252038,0.6519043401240036,0.6371681415929203,0.9108910891089109,0.9102389751433264,0.3743961352657005,0.35990338164251207,153233.89514789157,152920.35398230088,0.00204616064408004
random_sessions,n/a,0.7,6,majority,21,9,1566,1242,0.6500638569604087,0.9090177133655395,0.47617039223956137,1.0,1.0,0.9090177133655395,0.9090177133655395,0.09098228663446055,0.09098228663446055,240480.9619238477,240000.0,0.002
random_sessions,n/a,0.7,7,logreg,21,9,2215,593,0.8446952595936794,0.4654300168634064,0.8716099184101371,0.8913043478260869,0.14511041009463724,0.8424657534246576,0.9374455701597476,0.09080488569259909,0.043919068119151895,35255.18187657719,34826.49842271294,0.012159445251622956
random_sessions,n/a,0.7,7,tree,21,9,2215,593,0.8446952595936794,0.4654300168634064,0.8851246638406491,0.9963768115942029,0.2113564668769716,0.804093567251462,0.8028665254022298,0.11467116357504216,0.11467116357504215,51204.77135865476,50725.55205047318,0.009358879953295245
random_sessions,n/a,0.7,7,rf,21,9,2215,593,0.8446952595936794,0.4654300168634064,0.8867975599262621,1.0,0.2113564668769716,0.8046647230320699,0.9733908151859404,0.0975118533127574,0.13743277299076134,51206.51397432088,50725.55205047318,0.009392592592592593
random_sessions,n/a,0.7,7,xgboost,21,9,2215,593,0.8446952595936794,0.4654300168634064,0.8953155964556616,1.0,0.19558359621451105,0.8165680473372781,0.9530454821069735,0.09274675697088242,0.10024959335855914,47421.02501533035,46940.063091482654,0.010142377219644855
random_sessions,n/a,0.7,7,hgb,21,9,2215,593,0.8446952595936794,0.4654300168634064,0.8953155964556616,1.0,0.19558359621451105,0.8165680473372781,0.9638039178531436,0.10118102854477593,0.1063664431258499,47421.02501533035,46940.063091482654,0.010142377219644855
random_sessions,n/a,0.7,7,mlp,21,9,2215,593,0.8446952595936794,0.4654300168634064,0.8834515898402896,0.9927536231884058,0.2113564668769716,0.8035190615835777,0.902200577534648,0.10325883328914642,0.1153861864989606,51203.02874298865,50725.55205047318,0.009325165019283115
random_sessions,n/a,0.7,7,stratified,21,9,2215,593,0.8446952595936794,0.4654300168634064,0.41594371178723255,0.8405797101449275,0.8485804416403786,0.4630738522954092,0.46344947273378556,0.5278246205733558,0.5143338954468802,204063.5928282295,203659.30599369085,0.0019811806159805824
random_sessions,n/a,0.7,7,majority,21,9,2215,593,0.8446952595936794,0.4654300168634064,0.3176064441887227,1.0,1.0,0.4654300168634064,0.4654300168634064,0.5345699831365935,0.5345699831365937,240480.9619238477,240000.0,0.002
random_sessions,n/a,0.7,8,logreg,21,9,1740,1068,0.6850574712643678,0.8941947565543071,0.5687314644824177,0.6209424083769634,0.035398230088495575,0.9932998324958124,0.9917958042450606,0.28367628543575985,0.350460277476491,8794.224876570544,8495.575221238938,0.033959747393686054
random_sessions,n/a,0.7,8,tree,21,9,1740,1068,0.6850574712643678,0.8941947565543071,0.6198120614238274,0.7026178010471205,0.07079646017699115,0.9882179675994109,0.9619272451150043,0.2699550387722979,0.27122105208411046,17329.082851799136,16991.150442477876,0.01950088254590898
random_sessions,n/a,0.7,8,rf,21,9,1740,1068,0.6850574712643678,0.8941947565543071,0.7283172890037272,0.8136125654450261,0.0,1.0,0.9989147071074771,0.10078925995528308,0.20488073815461616,391.3166647430987,0.0,1.0
random_sessions,n/a,0.7,8,xgboost,21,9,1740,1068,0.6850574712643678,0.8941947565543071,0.7039422206381785,0.787434554973822,0.0,1.0,0.9973973861040302,0.1556161791086197,0.19585665449992126,378.7260384643633,0.0,1.0
random_sessions,n/a,0.7,8,hgb,21,9,1740,1068,0.6850574712643678,0.8941947565543071,0.7354694702978664,0.8230366492146597,0.008849557522123894,0.9987293519695044,0.9980912308931494,0.13967368307716993,0.15668953354162707,2519.743095513178,2123.8938053097345,0.15709906732488685
random_sessions,n/a,0.7,8,mlp,21,9,1740,1068,0.6850574712643678,0.8941947565543071,0.6348141718614377,0.7225130890052356,0.07079646017699115,0.9885386819484241,0.9950126624683906,0.17607419192790985,0.24364704452662148,17338.651727770975,16991.150442477876,0.02004200157827228
random_sessions,n/a,0.7,8,stratified,21,9,1740,1068,0.6850574712643678,0.8941947565543071,0.4708207948531701,0.6774869109947644,0.6548672566371682,0.897364771151179,0.8963423999513502,0.35767790262172283,0.3389513108614232,157493.98700101403,157168.14159292035,0.002068938721397512
random_sessions,n/a,0.7,8,majority,21,9,1740,1068,0.6850574712643678,0.8941947565543071,0.472071181413742,1.0,1.0,0.8941947565543071,0.8941947565543071,0.10580524344569288,0.10580524344569288,240480.9619238477,240000.0,0.002
random_sessions,n/a,0.7,9,logreg,21,9,2108,700,0.7253320683111955,0.8828571428571429,0.7683251643000111,0.8915857605177994,0.2073170731707317,0.9700704225352113,0.9860143869380721,0.08876435874722811,0.12857303577466175,50184.916363629454,49756.097560975606,0.008544774679840446
random_sessions,n/a,0.7,9,tree,21,9,2108,700,0.7253320683111955,0.8828571428571429,0.8082717063818132,0.9352750809061489,0.25609756097560976,0.9649415692821369,0.9571292865586789,0.08681016429572751,0.08873644696371383,61913.246336385775,61463.41463414634,0.007265516329016476
random_sessions,n/a,0.7,9,rf,21,9,2108,700,0.7253320683111955,0.8828571428571429,0.9005920779532892,0.9935275080906149,0.2682926829268293,0.9654088050314465,0.9932568106989258,0.03583561737777068,0.054506812647410766,64868.092804125896,64390.243902439026,0.007366470648825297
random_sessions,n/a,0.7,9,xgboost,21,9,2108,700,0.7253320683111955,0.8828571428571429,0.8892965587044535,0.9854368932038835,0.25609756097560976,0.9666666666666667,0.9948151725230601,0.03575414419174194,0.020464024167990164,61937.37225813218,61463.41463414634,0.007652207491311624
random_sessions,n/a,0.7,9,hgb,21,9,2108,700,0.7253320683111955,0.8828571428571429,0.8923642225038309,0.9870550161812298,0.25609756097560976,0.9667194928684627,0.9958690226152167,0.038093219560453105,0.03440111999243552,61938.150513672386,61463.41463414634,0.007664676384246378
random_sessions,n/a,0.7,9,mlp,21,9,2108,700,0.7253320683111955,0.8828571428571429,0.8740625710173472,0.9627831715210357,0.18292682926829268,0.9754098360655737,0.9923512594890597,0.043134015053510666,0.040881739443002316,44365.50107081319,43902.439024390245,0.010437435287473366
random_sessions,n/a,0.7,9,stratified,21,9,2108,700,0.7253320683111955,0.8828571428571429,0.49177373559269294,0.7297734627831716,0.6951219512195121,0.8877952755905512,0.8864608610816852,0.32,0.3028571428571429,167180.2615413161,166829.26829268291,0.0020994897686916585
random_sessions,n/a,0.7,9,majority,21,9,2108,700,0.7253320683111955,0.8828571428571429,0.46889226100151743,1.0,1.0,0.8828571428571429,0.8828571428571429,0.11714285714285715,0.11714285714285715,240480.9619238477,240000.0,0.002
random_sessions,n/a,0.7,10,logreg,21,9,2182,626,0.775435380384968,0.7268370607028753,0.7774400421204612,0.7120879120879121,0.0,1.0,0.9881453251230458,0.140624673512055,0.19621218453501574,342.4871721464908,0.0,1.0
random_sessions,n/a,0.7,10,tree,21,9,2182,626,0.775435380384968,0.7268370607028753,0.9201763334304868,0.9164835164835164,0.023391812865497075,0.9904988123515439,0.9647837203581975,0.06741937329148226,0.0708011807673706,6054.828762981911,5614.035087719298,0.07280035365451508
random_sessions,n/a,0.7,10,rf,21,9,2182,626,0.775435380384968,0.7268370607028753,0.9420863708692595,0.9406593406593406,0.017543859649122806,0.9930394431554525,0.9985387950414302,0.04093557541333885,0.08881630128726653,4662.947641958294,4210.526315789473,0.09702474934477671
random_sessions,n/a,0.7,10,xgboost,21,9,2182,626,0.775435380384968,0.7268370607028753,0.980239898989899,0.978021978021978,0.0,1.0,0.9997802164513705,0.015276877209544182,0.034889507198328014,470.391332114779,0.0,1.0
random_sessions,n/a,0.7,10,hgb,21,9,2182,626,0.775435380384968,0.7268370607028753,0.9684924439746831,0.9692307692307692,0.011695906432748537,0.9954853273137697,0.9995080733634694,0.02080485338717629,0.024077926336926632,3273.1806392812614,2807.017543859649,0.14241899448726256
random_sessions,n/a,0.7,10,mlp,21,9,2182,626,0.775435380384968,0.7268370607028753,0.9000035497497427,0.8835164835164835,0.005847953216374269,0.9975186104218362,0.9944632106666887,0.0664878562092781,0.0877532039650161,1828.446559593063,1403.5087719298244,0.23240372294928446
random_sessions,n/a,0.7,10,stratified,21,9,2182,626,0.775435380384968,0.7268370607028753,0.500531914893617,0.7758241758241758,0.7719298245614035,0.7278350515463917,0.7276113261265266,0.3738019169329074,0.34824281150159747,185636.29978290878,185263.15789473683,0.0020100696286680826
random_sessions,n/a,0.7,10,majority,21,9,2182,626,0.775435380384968,0.7268370607028753,0.42090656799259946,1.0,1.0,0.7268370607028753,0.7268370607028753,0.2731629392971246,0.2731629392971246,240480.9619238477,240000.0,0.002
random_sessions,n/a,0.7,11,logreg,21,9,2177,631,0.8847037207165824,0.3502377179080824,0.6779649085757529,0.9230769230769231,0.45365853658536587,0.5230769230769231,0.5635667049773359,0.26909994691714334,0.2797996756727952,109322.0136332703,108878.0487804878,0.00406107459995939
random_sessions,n/a,0.7,11,tree,21,9,2177,631,0.8847037207165824,0.3502377179080824,0.7916285638805909,0.9819004524886877,0.3073170731707317,0.6326530612244898,0.627541471300211,0.20602218700475436,0.19334389857369255,74228.35429163149,73756.09756097561,0.006362214751528233
random_sessions,n/a,0.7,11,rf,21,9,2177,631,0.8847037207165824,0.3502377179080824,0.76599974268221,1.0,0.35853658536585364,0.6005434782608695,0.7431454087399706,0.2182628129155118,0.26627397685672555,86529.74241165258,86048.78048780488,0.005558342258313789
random_sessions,n/a,0.7,11,xgboost,21,9,2177,631,0.8847037207165824,0.3502377179080824,0.7921607378129117,1.0,0.3170731707317073,0.6296296296296297,0.6164095053525591,0.19836148619651794,0.20457079992822383,76578.52289945746,76097.56097560975,0.00628063725490196
random_sessions,n/a,0.7,11,hgb,21,9,2177,631,0.8847037207165824,0.3502377179080824,0.782937736498108,1.0,0.33170731707317075,0.6190476190476191,0.63450721538883,0.21133426297015936,0.21568090559361716,80090.71802140868,79609.75609756098,0.006005214283621876
random_sessions,n/a,0.7,11,mlp,21,9,2177,631,0.8847037207165824,0.3502377179080824,0.5931471101904878,1.0,0.6195121951219512,0.4652631578947368,0.5670395297187475,0.30538997054100037,0.3753633086943022,149163.88875311599,148682.92682926828,0.003224385793828054
random_sessions,n/a,0.7,11,stratified,21,9,2177,631,0.8847037207165824,0.3502377179080824,0.35849536154530437,0.8823529411764706,0.8731707317073171,0.352622061482821,0.3523415504740282,0.6085578446909667,0.6085578446909667,209985.353777857,209560.9756097561,0.0020209893712389883
random_sessions,n/a,0.7,11,majority,21,9,2177,631,0.8847037207165824,0.3502377179080824,0.25938967136150237,1.0,1.0,0.3502377179080824,0.3502377179080824,0.6497622820919176,0.6497622820919176,240480.9619238477,240000.0,0.002
random_sessions,n/a,0.7,12,logreg,21,9,2073,735,0.7814761215629522,0.7170068027210884,0.5796416879314309,0.523719165085389,0.2403846153846154,0.8466257668711656,0.8537816282169755,0.3182448290401885,0.30023946906262816,57944.19666950307,57692.307692307695,0.004347095855553564
random_sessions,n/a,0.7,12,tree,21,9,2073,735,0.7814761215629522,0.7170068027210884,0.7675212519277794,0.8311195445920304,0.2692307692307692,0.8866396761133604,0.8574202843402259,0.19744788545307232,0.19810938693487945,65015.12147049901,64615.38461538461,0.006148367427042127
random_sessions,n/a,0.7,12,rf,21,9,2073,735,0.7814761215629522,0.7170068027210884,0.8544453749633161,0.9487666034155597,0.2692307692307692,0.8992805755395683,0.9210085268384658,0.10276406103446635,0.10702119750621328,65071.7052262458,64615.38461538461,0.00701258110994055
random_sessions,n/a,0.7,12,xgboost,21,9,2073,735,0.7814761215629522,0.7170068027210884,0.8318785682916118,0.9070208728652751,0.24519230769230768,0.9035916824196597,0.9061676694330936,0.1269197016954422,0.12686942350250024,59282.39635013714,58846.153846153844,0.0073587191281327055
random_sessions,n/a,0.7,12,hgb,21,9,2073,735,0.7814761215629522,0.7170068027210884,0.8212647053425588,0.9032258064516129,0.2644230769230769,0.896421845574388,0.9064507039449994,0.13835917523413802,0.13358898247532275,63895.95568307831,63461.53846153846,0.00679882187997231
random_sessions,n/a,0.7,12,mlp,21,9,2073,735,0.7814761215629522,0.7170068027210884,0.6283921488704596,0.6166982922201139,0.2692307692307692,0.8530183727034121,0.8293624728222384,0.31778204441070557,0.3164418400728488,64911.993012444385,64615.38461538461,0.004569392854767391
random_sessions,n/a,0.7,12,stratified,21,9,2073,735,0.7814761215629522,0.7170068027210884,0.5033491979552265,0.7798861480075902,0.7692307692307693,0.7197898423817863,0.7191772568018224,0.37551020408163266,0.364625850340136,184990.48015751253,184615.38461538462,0.0020276478108955612
random_sessions,n/a,0.7,12,majority,21,9,2073,735,0.7814761215629522,0.7170068027210884,0.41759112519809827,1.0,1.0,0.7170068027210884,0.7170068027210884,0.2829931972789116,0.28299319727891153,240480.9619238477,240000.0,0.002
random_sessions,n/a,0.7,13,logreg,21,9,1870,938,0.818716577540107,0.6567164179104478,0.8447732119131713,0.797077922077922,0.046583850931677016,0.9703557312252964,0.9655921113258196,0.11369194784365794,0.09995075765875815,11563.488354461606,11180.124223602485,0.033152982829027136
random_sessions,n/a,0.7,13,tree,21,9,1870,938,0.818716577540107,0.6567164179104478,0.8810788142990194,0.875,0.08385093167701864,0.9522968197879859,0.9249941554030009,0.10999894558313544,0.11040134293019481,20545.065285851208,20124.223602484475,0.020483832857740053
random_sessions,n/a,0.7,13,rf,21,9,1870,938,0.818716577540107,0.6567164179104478,0.7414865214021187,0.952922077922078,0.5062111801242236,0.7826666666666666,0.9691796949738993,0.11325777651905042,0.11689383325005077,121949.00246568801,121490.68322981367,0.0037582860589884725
random_sessions,n/a,0.7,13,xgboost,21,9,1870,938,0.818716577540107,0.6567164179104478,0.8266376567471458,0.7613636363636364,0.034161490683229816,0.9770833333333333,0.9803470396423097,0.1127091646194458,0.12626668169964422,8564.944683268288,8198.757763975156,0.042754148781425506
random_sessions,n/a,0.7,13,hgb,21,9,1870,938,0.818716577540107,0.6567164179104478,0.9148661642921622,0.9074675324675324,0.052795031055900624,0.9704861111111112,0.9866516693050029,0.06947544925884057,0.049351970059222296,13107.264783661056,12670.80745341615,0.03329888710182875
random_sessions,n/a,0.7,13,mlp,21,9,1870,938,0.818716577540107,0.6567164179104478,0.8379334037842594,0.952922077922078,0.3105590062111801,0.8544395924308588,0.9669074024645095,0.10175224393606186,0.06474588121189971,74992.48072655757,74534.16149068323,0.0061115358691159905
random_sessions,n/a,0.7,13,stratified,21,9,1870,938,0.818716577540107,0.6567164179104478,0.46897134865227913,0.801948051948052,0.8291925465838509,0.6491458607095927,0.6506452243110608,0.4147121535181237,0.4147121535181237,199391.91765801504,199006.2111801242,0.0019344138038352543
random_sessions,n/a,0.7,13,majority,21,9,1870,938,0.818716577540107,0.6567164179104478,0.3963963963963964,1.0,1.0,0.6567164179104478,0.6567164179104478,0.34328358208955223,0.34328358208955223,240480.9619238477,240000.0,0.002
random_sessions,n/a,0.7,14,logreg,21,9,2183,625,0.8030233623453963,0.6304,0.8161074984951182,0.8350253807106599,0.19047619047619047,0.8820375335120644,0.9583844461290297,0.11040298062955589,0.0698417905082495,46115.90112785396,45714.28571428571,0.008708827188582853
random_sessions,n/a,0.7,14,tree,21,9,2183,625,0.8030233623453963,0.6304,0.8855232731185749,0.9695431472081218,0.22510822510822512,0.880184331797235,0.872576687173969,0.1024,0.10239999999999999,54492.2873633086,54025.97402597403,0.00855741903850693
random_sessions,n/a,0.7,14,rf,21,9,2183,625,0.8030233623453963,0.6304,0.8911149825783973,0.9898477157360406,0.24242424242424243,0.874439461883408,0.9212970535497902,0.08580150941346595,0.04796384307369202,58657.89724349484,58181.818181818184,0.008116197205303842
random_sessions,n/a,0.7,14,xgboost,21,9,2183,625,0.8030233623453963,0.6304,0.8924268502581756,0.9771573604060914,0.22077922077922077,0.8830275229357798,0.9189141255967983,0.09041900187730789,0.07682429867363536,53456.98847097583,52987.01298701298,0.008791656571114553
random_sessions,n/a,0.7,14,hgb,21,9,2183,625,0.8030233623453963,0.6304,0.8938424290579541,0.9822335025380711,0.22510822510822512,0.8815489749430524,0.9235731309737192,0.09150588854804997,0.0846491585263658,54498.3909410224,54025.97402597403,0.008668456203773349
random_sessions,n/a,0.7,14,mlp,21,9,2183,625,0.8030233623453963,0.6304,0.8797348566439491,0.9695431472081218,0.23809523809523808,0.8741418764302059,0.9693604698667138,0.09230826050043106,0.08195806589188286,57609.17048019171,57142.85714285714,0.008094428950246809
random_sessions,n/a,0.7,14,stratified,21,9,2183,625,0.8030233623453963,0.6304,0.481562476434658,0.799492385786802,0.8008658008658008,0.63,0.6300802030456852,0.4224,0.42240000000000005,192592.3176037618,192207.7922077922,0.001996577022146461
random_sessions,n/a,0.7,14,majority,21,9,2183,625,0.8030233623453963,0.6304,0.38665358194308147,1.0,1.0,0.6304,0.6304,0.3696,0.36960000000000004,240480.9619238477,240000.0,0.002
random_sessions,n/a,0.7,15,logreg,21,9,2213,595,0.7618617261635788,0.7747899159663866,0.7360248447204969,0.9436008676789588,0.5223880597014925,0.8613861386138614,0.9534558587428504,0.11527665160906095,0.06211750130844061,125826.97041702142,125373.1343283582,0.0036068267968234684
random_sessions,n/a,0.7,15,tree,21,9,2213,595,0.7618617261635788,0.7747899159663866,0.6266012034405108,0.8394793926247288,0.5895522388059702,0.8304721030042919,0.8197001188917796,0.2572430090682916,0.2527775880291183,141896.29493714013,141492.53731343284,0.0028454416226029616
random_sessions,n/a,0.7,15,rf,21,9,2213,595,0.7618617261635788,0.7747899159663866,0.7041076815966582,0.9414316702819957,0.582089552238806,0.84765625,0.9420673466826684,0.12806101123429306,0.11762646695535942,140154.2853246234,139701.49253731343,0.0032306738695946796
random_sessions,n/a,0.7,15,xgboost,21,9,2213,595,0.7618617261635788,0.7747899159663866,0.7515865063460254,0.9956616052060737,0.582089552238806,0.8547486033519553,0.8996973668611601,0.1292300671339035,0.11763953758122891,140180.36785845464,139701.49253731343,0.003416136856087695
random_sessions,n/a,0.7,15,hgb,21,9,2213,595,0.7618617261635788,0.7747899159663866,0.7355555555555555,0.9783080260303688,0.582089552238806,0.8525519848771267,0.9117278144029277,0.13903381938162682,0.12158840024228826,140172.02144762865,139701.49253731343,0.0033567962097985965
random_sessions,n/a,0.7,15,mlp,21,9,2213,595,0.7618617261635788,0.7747899159663866,0.7700038654812524,0.9978308026030369,0.5522388059701493,0.8614232209737828,0.9604693529670201,0.10989461839199066,0.09364851398301552,133017.23205533027,132537.31343283583,0.0036079432347142677
random_sessions,n/a,0.7,15,stratified,21,9,2213,595,0.7618617261635788,0.7747899159663866,0.4952510068816795,0.7592190889370932,0.7686567164179104,0.7726269315673289,0.7731477369215489,0.3596638655462185,0.31932773109243695,184842.7674139356,184477.61194029852,0.0019754923535598894
random_sessions,n/a,0.7,15,majority,21,9,2213,595,0.7618617261635788,0.7747899159663866,0.4365530303030303,1.0,1.0,0.7747899159663866,0.7747899159663866,0.22521008403361345,0.22521008403361345,240480.9619238477,240000.0,0.002
random_sessions,n/a,0.7,16,logreg,21,9,1550,1258,0.6090322580645161,0.9562798092209857,0.5012147385688241,0.6625103906899418,0.03636363636363636,0.9974968710888611,0.9979032448502712,0.2504151449501976,0.33684141703650294,9045.91499934805,8727.272727272726,0.03522499073872434
random_sessions,n/a,0.7,16,tree,21,9,1550,1258,0.6090322580645161,0.9562798092209857,0.6936212886357939,0.8869492934330839,0.0,1.0,0.995057401541192,0.10810810810810811,0.10810810810810811,426.58883852493017,0.0,1.0
random_sessions,n/a,0.7,16,rf,21,9,1550,1258,0.6090322580645161,0.9562798092209857,0.6519337275664624,0.8528678304239401,0.0,1.0,0.9990855501985302,0.12186695954145102,0.23610564677312915,410.1969525085083,0.0,1.0
random_sessions,n/a,0.7,16,xgboost,21,9,1550,1258,0.6090322580645161,0.9562798092209857,0.6280334335763686,0.829592684954281,0.0,1.0,0.9994182663777411,0.1374276578426361,0.17972397660221742,399.00249376558605,0.0,1.0
random_sessions,n/a,0.7,16,hgb,21,9,1550,1258,0.6090322580645161,0.9562798092209857,0.6256402332595098,0.8270989193682461,0.0,1.0,0.9979459282878184,0.14020556825095373,0.16206224301989505,397.80308747170153,0.0,1.0
random_sessions,n/a,0.7,16,mlp,21,9,1550,1258,0.6090322580645161,0.9562798092209857,0.6603082145543618,0.8603491271820449,0.0,1.0,0.999748621259727,0.10341770201921463,0.15111577441600516,413.7951713901619,0.0,1.0
random_sessions,n/a,0.7,16,stratified,21,9,1550,1258,0.6090322580645161,0.9562798092209857,0.4066586516230463,0.6051537822111388,0.6363636363636364,0.9541284403669725,0.9549779002220484,0.40540540540540543,0.40540540540540543,153018.32865458872,152727.27272727274,0.0019020984601980906
random_sessions,n/a,0.7,16,majority,21,9,1550,1258,0.6090322580645161,0.9562798092209857,0.4888256806176351,1.0,1.0,0.9562798092209857,0.9562798092209857,0.04372019077901431,0.04372019077901431,240480.9619238477,240000.0,0.002
random_sessions,n/a,0.7,17,logreg,21,9,2245,563,0.7915367483296214,0.6571936056838366,0.6981233243967828,0.8027027027027027,0.40932642487046633,0.7898936170212766,0.8979113509659209,0.19708343878522105,0.16600275231071926,98624.41140508156,98238.34196891192,0.003914542359942993
random_sessions,n/a,0.7,17,tree,21,9,2245,563,0.7915367483296214,0.6571936056838366,0.6485305416826739,0.9,0.616580310880829,0.7367256637168141,0.7287724579135164,0.27708703374777977,0.27708703374777977,148412.14034286188,147979.27461139896,0.0029166463771960905
random_sessions,n/a,0.7,17,rf,21,9,2245,563,0.7915367483296214,0.6571936056838366,0.7721215517778193,0.9513513513513514,0.44559585492227977,0.8036529680365296,0.9371586115801045,0.14436433346015898,0.08688695922312527,107400.5689575482,106943.00518134715,0.004260347786257168
random_sessions,n/a,0.7,17,xgboost,21,9,2245,563,0.7915367483296214,0.6571936056838366,0.7692041535504883,0.918918918918919,0.40932642487046633,0.8114558472553699,0.8809856443043586,0.17725224792957306,0.17365956301887753,98680.3069800152,98238.34196891192,0.0044787559405626365
random_sessions,n/a,0.7,17,hgb,21,9,2245,563,0.7915367483296214,0.6571936056838366,0.7424240074441687,0.9297297297297298,0.47668393782383417,0.7889908256880734,0.87924057231207,0.20019586429779496,0.20180857002004982,114851.3096771894,114404.1450777202,0.0038934218575830486
random_sessions,n/a,0.7,17,mlp,21,9,2245,563,0.7915367483296214,0.6571936056838366,0.7774271989497553,0.9162162162162162,0.38860103626943004,0.8188405797101449,0.9057476413287844,0.14866696298122406,0.1283188886360677,93704.91381867502,93264.24870466322,0.004702689496780526
random_sessions,n/a,0.7,17,stratified,21,9,2245,563,0.7915367483296214,0.6571936056838366,0.5046692837275364,0.8,0.772020725388601,0.6651685393258427,0.6635735525974414,0.3960923623445826,0.3818827708703375,185669.74363234238,185284.97409326423,0.0020723330121038214
random_sessions,n/a,0.7,17,majority,21,9,2245,563,0.7915367483296214,0.6571936056838366,0.3965702036441586,1.0,1.0,0.6571936056838366,0.6571936056838366,0.3428063943161634,0.34280639431616344,240480.9619238477,240000.0,0.002
random_sessions,n/a,0.7,18,logreg,21,9,2193,615,0.8540811673506612,0.44552845528455287,0.6819992078859356,1.0,0.5513196480938416,0.5930735930735931,0.7790267490536803,0.29150556383216264,0.3035634621073968,132797.6774663697,132316.715542522,0.003621764574681635
random_sessions,n/a,0.7,18,tree,21,9,2193,615,0.8540811673506612,0.44552845528455287,0.7119281045751633,1.0,0.5043988269794721,0.6143497757847534,0.6143497757847534,0.27967479674796747,0.27967479674796747,121536.68039892102,121055.71847507331,0.003957339646508605
random_sessions,n/a,0.7,18,rf,21,9,2193,615,0.8540811673506612,0.44552845528455287,0.6349944008958567,1.0,0.6217008797653959,0.5637860082304527,0.7721628024034364,0.29820514966603034,0.31951034797790107,149689.17306754272,149208.21114369502,0.00321307088543188
random_sessions,n/a,0.7,18,xgboost,21,9,2193,615,0.8540811673506612,0.44552845528455287,0.6450191704426629,1.0,0.6070381231671554,0.5696465696465697,0.7349243367560723,0.3253341615200043,0.33303757298040215,146170.111483965,145689.1495601173,0.003290425921994712
random_sessions,n/a,0.7,18,hgb,21,9,2193,615,0.8540811673506612,0.44552845528455287,0.6370098100920587,1.0,0.6187683284457478,0.5649484536082474,0.7425065145837337,0.3366606417294291,0.3399970457693182,148985.36075082718,148504.39882697948,0.0032282495503171446
random_sessions,n/a,0.7,18,mlp,21,9,2193,615,0.8540811673506612,0.44552845528455287,0.6470086708423423,1.0,0.6041055718475073,0.5708333333333333,0.7922056334780609,0.320107102394104,0.3336122394069968,145466.29916724947,144985.33724340177,0.0033063460512919958
random_sessions,n/a,0.7,18,stratified,21,9,2193,615,0.8540811673506612,0.44552845528455287,0.4149208414660594,0.8503649635036497,0.844574780058651,0.4472168905950096,0.4469642415157076,0.5349593495934959,0.5154471544715448,203106.94038289567,202697.94721407627,0.002013683865496471
random_sessions,n/a,0.7,18,majority,21,9,2193,615,0.8540811673506612,0.44552845528455287,0.30821147356580425,1.0,1.0,0.44552845528455287,0.44552845528455287,0.5544715447154471,0.5544715447154471,240480.9619238477,240000.0,0.002
random_sessions,n/a,0.7,19,logreg,21,9,1834,974,0.7339149400218102,0.8223819301848049,0.8256294756294756,0.846441947565543,0.005780346820809248,0.9985272459499264,0.9955934820603485,0.1002155015825561,0.1715129905012654,1794.3895845207333,1387.2832369942196,0.22687734650179014
random_sessions,n/a,0.7,19,tree,21,9,1834,974,0.7339149400218102,0.8223819301848049,0.8989528286594262,0.9275905118601748,0.03468208092485549,0.9919893190921228,0.9797081348766117,0.06570841889117043,0.06570841889117043,8769.835139092454,8323.699421965317,0.05087161959732193
random_sessions,n/a,0.7,19,rf,21,9,1834,974,0.7339149400218102,0.8223819301848049,0.959627779735135,0.9725343320848939,0.011560693641618497,0.9974391805377721,0.999798012876598,0.03494780288373746,0.10153075276078855,3242.3184573559233,2774.566473988439,0.14426466416532413
random_sessions,n/a,0.7,19,xgboost,21,9,1834,974,0.7339149400218102,0.8223819301848049,0.9080418936975428,0.9263420724094882,0.0,1.0,0.9996278307411758,0.0505555123090744,0.08789085465602531,445.5352652871286,0.0,1.0
random_sessions,n/a,0.7,19,hgb,21,9,1834,974,0.7339149400218102,0.8223819301848049,0.8886293969396657,0.9101123595505618,0.005780346820809248,0.9986301369863013,0.9993516097236776,0.059528077101492625,0.06976679425380573,1825.0126283612233,1387.2832369942196,0.23985006161851297
random_sessions,n/a,0.7,19,mlp,21,9,1834,974,0.7339149400218102,0.8223819301848049,0.9483922354191914,0.9650436953807741,0.017341040462427744,0.9961340206185567,0.9996616108734875,0.02456141635775566,0.06210717463917748,4625.998983310084,4161.8497109826585,0.10033492743989089
random_sessions,n/a,0.7,19,stratified,21,9,1834,974,0.7339149400218102,0.8223819301848049,0.49428868120456904,0.7166042446941323,0.7109826589595376,0.8235294117647058,0.8232042203556703,0.3593429158110883,0.34086242299794667,170980.49750645453,170635.83815028903,0.0020157816896778165
random_sessions,n/a,0.7,19,majority,21,9,1834,974,0.7339149400218102,0.8223819301848049,0.4512676056338028,1.0,1.0,0.8223819301848049,0.8223819301848049,0.17761806981519507,0.17761806981519507,240480.9619238477,240000.0,0.002
