direction,model,level,split_seed,model_seed,domain,n_train,threshold,tp,fp,tn,fn,accuracy,balanced_accuracy,precision,recall,f1,f1_macro,mcc,fpr,fnr,tnr,roc_auc,pr_auc,pr_auc_benign,brier
a_to_b,majority,1,101,11,source_heldout,150920,0.5,142326,6754,0,0,0.9546954655218675,0.5,0.9546954655218675,1.0,0.9768227147004523,0.48841135735022617,0.0,1.0,0.0,0.0,0.5,0.9546954655218675,0.04530453447813255,0.04530453447813255
a_to_b,majority,1,101,11,target,150920,0.5,738153,477736,0,0,0.6070891339587742,0.5,0.6070891339587742,1.0,0.7555139551759891,0.37775697758799454,0.0,1.0,0.0,0.0,0.5,0.6070891339587742,0.3929108660412258,0.3929108660412258
a_to_b,stratified,1,101,11,source_heldout,150920,0.5,133581,6350,404,8745,0.8987456399248726,0.4991864791791587,0.9546204915279674,0.9385565532650394,0.9465203697339658,0.49866419668865175,-0.0014098650205466698,0.940183594906722,0.061443446734960584,0.059816405093278055,0.4991864791791587,0.954625098188568,0.04523594282569819,0.10125436007512745
a_to_b,stratified,1,101,11,target,150920,0.5,692686,448250,29486,45467,0.5939456644479882,0.5000623246995405,0.6071208200985857,0.9384043687419816,0.7372572560426888,0.42197870374204804,0.00025312335390421096,0.9382797193429007,0.06159563125801833,0.06172028065709932,0.5000623246995405,0.6071188683708019,0.3929406354006656,0.40605433555201176
a_to_b,logreg,2,101,11,source_heldout,150920,0.5,125952,1814,4940,16374,0.8779983901261068,0.8081863393266434,0.9858021695912841,0.8849542599384511,0.9326599825244731,0.6423311313505934,0.3662063747971169,0.26858158128516435,0.11504574006154884,0.7314184187148357,0.8411695266358331,0.9856086474956434,0.4382991049123335,0.09262054539987807
a_to_b,logreg,2,101,11,target,150920,0.5,143128,10129,467607,595025,0.5022950285757992,0.5863490470389191,0.9339084022263258,0.1939001805858677,0.32112720297057473,0.4641319695635648,0.2541283511595092,0.02120208650802954,0.8060998194141323,0.9787979134919704,0.5966832433030951,0.7268726401526824,0.4657442687219766,0.4291236921544342
a_to_b,tree,2,101,11,source_heldout,150920,0.5,121374,1201,5553,20952,0.8514019318486719,0.8374840587419513,0.990201917193555,0.8527886682686228,0.9163725316250222,0.625148591799462,0.3671479046764612,0.17782055078472017,0.14721133173137727,0.8221794492152799,0.8581824317868618,0.987698317243395,0.3731949858176612,0.1403472128618519
a_to_b,tree,2,101,11,target,150920,0.5,598762,306789,170947,139391,0.6330421609209393,0.5844948955398375,0.6612128968992359,0.8111624554800969,0.728552099404759,0.5811934965411281,0.18930135053616154,0.642172664400422,0.18883754451990306,0.357827335599578,0.5558632064040537,0.6437118132991709,0.41774187398838686,0.36614399020311705
a_to_b,rf,2,101,11,source_heldout,150920,0.5,129185,1247,5507,13141,0.9034880601019587,0.8615191932108168,0.9904394627085378,0.9076697160041033,0.9472499431730692,0.6904189248185636,0.4545438622352622,0.18463132958246964,0.09233028399589674,0.8153686704175304,0.9541864153885354,0.9976440035816381,0.5371788754826122,0.07627344412885477
a_to_b,rf,2,101,11,target,150920,0.5,583985,312370,165366,154168,0.61629885622783,0.568644360901668,0.6515108411287939,0.7911435705063855,0.7145697665597232,0.5647001880072438,0.1523363269750464,0.6538548487030493,0.20885642949361446,0.3461451512969506,0.5803917818236817,0.6605209788537837,0.49883778303267606,0.2605915578875025
a_to_b,xgboost,2,101,11,source_heldout,150920,0.5,124417,194,6560,17909,0.8785685537966192,0.9227227208314556,0.9984431550986671,0.8741691609403763,0.9321824999906345,0.6761927777152673,0.4747029558093019,0.028723719277465205,0.12583083905962367,0.9712762807225348,0.958468867081983,0.9979532407444678,0.6057486740393568,0.10505769401788712
a_to_b,xgboost,2,101,11,target,150920,0.5,361690,147183,330553,376463,0.5693307530539383,0.5909544428232886,0.7107667335464841,0.48999326697852613,0.5800841361767918,0.5690481385571522,0.18009504625935108,0.30808438133194904,0.5100067330214738,0.691915618668051,0.55511911780899,0.6465624035393643,0.4290040419408571,0.31828656792640686
a_to_b,hgb,2,101,11,source_heldout,150920,0.5,124430,302,6452,17896,0.877931312047223,0.9147731285648498,0.997578808966424,0.8742605005410115,0.9318574991200413,0.6733752160251998,0.4667052310508685,0.04471424341131182,0.12573949945898852,0.9552857565886882,0.9613642191344648,0.9980953881074065,0.6139003246386598,0.10549830656021358
a_to_b,hgb,2,101,11,target,150920,0.5,528794,297625,180111,209359,0.5830343065855518,0.5466919982999747,0.6398618618400593,0.71637451856187,0.6759599430387352,0.545671108342683,0.09774678542920015,0.6229905219619204,0.28362548143813004,0.3770094780380796,0.5764877676218036,0.6731872497620274,0.454732921320528,0.3567699480571476
a_to_b,mlp,3,101,11,source_heldout,150920,0.5,135259,2304,4450,7067,0.9371411322779716,0.80460760317402,0.9832513103087313,0.9503463878701011,0.9665188699805994,0.7268147959448178,0.47454006181380926,0.341131181522061,0.049653612129898966,0.658868818477939,0.9544529118486695,0.9974099159087888,0.5632133728436594,0.045642055571079254
a_to_b,mlp,3,101,11,target,150920,0.5,600925,427673,50063,137228,0.5354008466233349,0.4594424643850584,0.5842175466022683,0.814092742290555,0.6802599800424621,0.4154096403211437,-0.10974568180335417,0.8952078135204381,0.18590725770944505,0.10479218647956193,0.5655142077530729,0.6923953264577305,0.4268881422057108,0.43840813636779785
a_to_b,majority,1,102,11,source_heldout,142824,0.5,149939,7237,0,0,0.9539560747187866,0.5,0.9539560747187866,1.0,0.9764355371766277,0.48821776858831384,0.0,1.0,0.0,0.0,0.5,0.9539560747187866,0.04604392528121342,0.04604392528121342
a_to_b,majority,1,102,11,target,142824,0.5,738153,477736,0,0,0.6070891339587742,0.5,0.6070891339587742,1.0,0.7555139551759891,0.37775697758799454,0.0,1.0,0.0,0.0,0.5,0.6070891339587742,0.3929108660412258,0.3929108660412258
a_to_b,stratified,1,102,11,source_heldout,142824,0.5,140786,6754,483,9153,0.8987949814221,0.5028477685665037,0.9542225837061136,0.9389551751045425,0.9465273178947086,0.5018892738350447,0.004975858180081041,0.9332596379715352,0.061044824895457483,0.06674036202846484,0.5028477685665036,0.9542063147116492,0.0463162665177445,0.10120501857789993
a_to_b,stratified,1,102,11,target,142824,0.5,692974,448418,29318,45179,0.5940443576675174,0.5000815768787009,0.6071305914181981,0.9387945317569664,0.7373848458004464,0.4217823324130556,0.0003322595364846139,0.9386313779995646,0.06120546824303363,0.061368622000435386,0.5000815768787008,0.6071280539949819,0.3929498463339479,0.40595564233248266
a_to_b,logreg,2,102,11,source_heldout,142824,0.5,133974,1415,5822,15965,0.8894233216267114,0.8490001796990736,0.9895486339362873,0.8935233661689087,0.9390876464980654,0.6701364362589555,0.42335220940384366,0.19552300677076137,0.10647663383109131,0.8044769932292386,0.8932104504682717,0.9933089452104479,0.5020011460908784,0.120245018763422
a_to_b,logreg,2,102,11,target,142824,0.5,126104,6687,471049,612049,0.491124601012099,0.5784199703983315,0.9496426715665971,0.1708372112556611,0.2895800418855862,0.4465831648645683,0.24558715671432654,0.013997270458998276,0.8291627887443389,0.9860027295410018,0.6384071691306688,0.7589684796454403,0.4811700316440626,0.4198883444904012
a_to_b,tree,2,102,11,source_heldout,142824,0.5,108052,2424,4813,41887,0.7180803685040973,0.6928471537247864,0.9780585828596257,0.7206397268222411,0.8298446710058944,0.5041560711575072,0.17688353517852143,0.33494541937266825,0.27936027317775897,0.6650545806273318,0.6768557041947462,0.9728214260921713,0.07263171743587357,0.2696022974683891
a_to_b,tree,2,102,11,target,142824,0.5,538330,305483,172253,199823,0.5844143667719669,0.5449271562581783,0.6379731054155364,0.7292932495024744,0.6805835270795959,0.5429871832326241,0.09522854964530027,0.6394389369861179,0.2707067504975256,0.36056106301388213,0.5473649233130402,0.6361620499488255,0.44350294971944626,0.37514969272029586
a_to_b,rf,2,102,11,source_heldout,142824,0.5,145580,2865,4372,4359,0.9540387845472591,0.787522952899653,0.9806999225302301,0.9709281774588333,0.9757895865730066,0.761692388476884,0.5261678714350252,0.39588227165952744,0.02907182254116674,0.6041177283404726,0.9456563581768797,0.9969301054161394,0.6400180373947837,0.0434764348063145
a_to_b,rf,2,102,11,target,142824,0.5,628200,320884,156852,109953,0.645660911481229,0.5896833346910526,0.661901370163231,0.8510430764353731,0.7446493883194832,0.582994086443041,0.21167014870910217,0.6716764070532679,0.14895692356462684,0.3283235929467321,0.5883367646136753,0.654531375747255,0.5058028474622547,0.2540232349242146
a_to_b,xgboost,2,102,11,source_heldout,142824,0.5,139279,2004,5233,10660,0.91942790247875,0.8259970495873241,0.9858157032339347,0.92890442113126,0.9565142743336699,0.7045001116588366,0.45324431008014315,0.27691032195661186,0.07109557886873995,0.7230896780433882,0.9662205861925465,0.9982719471134646,0.7016986919513158,0.054640285670757294
a_to_b,xgboost,2,102,11,target,142824,0.5,559598,293052,184684,178555,0.6121298901462222,0.5723437073868325,0.6563044625579078,0.7581057043729417,0.7035415447418694,0.5713777761463145,0.1543889814501209,0.6134182895992766,0.24189429562705836,0.3865817104007234,0.5709266094425268,0.6312699671009697,0.5147043419307438,0.2719469666481018
a_to_b,hgb,2,102,11,source_heldout,142824,0.5,132376,451,6786,17563,0.8853896269150506,0.9102735291984518,0.9966046059912518,0.8828656987174784,0.9362936138008106,0.6829888255162477,0.4752874397015123,0.062318640320574825,0.11713430128252156,0.9376813596794252,0.965249015185387,0.9981442475867168,0.7127173488811464,0.07803978302730867
a_to_b,hgb,2,102,11,target,142824,0.5,533263,292670,185066,204890,0.5907850140925693,0.5549050670804816,0.6456492233631541,0.7224288189575874,0.6818844999571635,0.5542276092996312,0.11490247630503783,0.6126186847966241,0.27757118104241263,0.38738131520337593,0.5620260213899553,0.6316111906840419,0.5058828103652467,0.31244731640130446
a_to_b,mlp,3,102,11,source_heldout,142824,0.5,148996,3862,3375,943,0.9694291749376495,0.730032118547241,0.9747347211137134,0.9937107757154576,0.9841312826745311,0.7841469914021726,0.5898881348153698,0.5336465386209756,0.0062892242845423805,0.46635346137902445,0.9609934012840962,0.9978895010851089,0.7026099331839709,0.024393649771809578
a_to_b,mlp,3,102,11,target,142824,0.5,694397,441768,35968,43756,0.6006839440113365,0.5080053801014301,0.6111761935986411,0.9407223163761442,0.7409596450548946,0.4350010437809902,0.03159103746538493,0.924711556173284,0.059277683623855756,0.07528844382671601,0.5679560725002915,0.6379779263264376,0.4908030811056034,0.3331136703491211
a_to_b,majority,1,103,11,source_heldout,210621,0.5,85029,4350,0,0,0.9513308495284127,0.5,0.9513308495284127,1.0,0.9750584835558002,0.4875292417779001,0.0,1.0,0.0,0.0,0.5,0.9513308495284127,0.048669150471587284,0.048669150471587284
a_to_b,majority,1,103,11,target,210621,0.5,738153,477736,0,0,0.6070891339587742,0.5,0.6070891339587742,1.0,0.7555139551759891,0.37775697758799454,0.0,1.0,0.0,0.0,0.5,0.6070891339587742,0.3929108660412258,0.3929108660412258
a_to_b,stratified,1,103,11,source_heldout,210621,0.5,80265,4108,242,4764,0.9007373096588684,0.49980212025025134,0.9513114384933569,0.9439720565924566,0.947627536864972,0.4996795230284672,-0.0003703499957874423,0.944367816091954,0.05602794340754331,0.05563218390804598,0.49980212025025134,0.9513125260537305,0.04865094979850508,0.09926269034113158
a_to_b,stratified,1,103,11,target,210621,0.5,697000,451056,26680,41153,0.5951859092400704,0.5000477146894512,0.6071132418627663,0.9442486855706066,0.7390485359787807,0.4184273398281495,0.00020307068212258145,0.9441532561917042,0.055751314429393364,0.055846743808295796,0.5000477146894512,0.6071118978154305,0.39293365263224067,0.4048140907599296
a_to_b,logreg,2,103,11,source_heldout,210621,0.5,78793,847,3503,6236,0.920753197059712,0.865973836107032,0.9893646408839779,0.926660315892225,0.9569864394634084,0.7271269055859167,0.5054583665855271,0.1947126436781609,0.073339684107775,0.8052873563218391,0.9287963051956717,0.9949759192808723,0.6688616779526211,0.09224166241325707
a_to_b,logreg,2,103,11,target,210621,0.5,195666,7217,470519,542487,0.5478995204331975,0.6249842284544267,0.9644277736429371,0.2650751267013749,0.41585231595815675,0.5235535435360694,0.3274338317624434,0.015106669792521392,0.7349248732986251,0.9848933302074786,0.7505272300224376,0.8175259878647775,0.629239926394192,0.40445366912556924
a_to_b,tree,2,103,11,source_heldout,210621,0.5,78803,326,4024,6226,0.9266941899103817,0.9259176970453489,0.9958801450795537,0.9267779228263299,0.9600872330315915,0.7556600548719601,0.5752466180660579,0.07494252873563219,0.07322207717367016,0.9250574712643678,0.9592399199029188,0.9964635617659641,0.7824648780260486,0.059581285804432796
a_to_b,tree,2,103,11,target,210621,0.5,543890,296764,180972,194263,0.5961580374524319,0.5578186459587334,0.646984371691564,0.7368255632639845,0.6889885844184881,0.556660942658087,0.12226573964645786,0.6211882713465178,0.2631744367360154,0.3788117286534823,0.5481487346016806,0.6391473275945991,0.4284748361772577,0.38818212372647426
a_to_b,rf,2,103,11,source_heldout,210621,0.5,81937,524,3826,3092,0.9595430694010897,0.9215880829299212,0.9936454808939984,0.963635935974785,0.9784106513821721,0.8287509415945294,0.6789408012936426,0.12045977011494254,0.03636406402521493,0.8795402298850574,0.9708729759948025,0.9985126253323134,0.5884685796450767,0.0343366362169139
a_to_b,rf,2,103,11,target,210621,0.5,609505,316924,160812,128648,0.6335422065665534,0.5811645193162256,0.6579079454550754,0.8257163487786408,0.7323219883430194,0.5757710547036292,0.1861500023923304,0.6633873101461896,0.17428365122135925,0.3366126898538105,0.5939592590857191,0.6764378709906779,0.581214354552363,0.25179827377347036
a_to_b,xgboost,2,103,11,source_heldout,210621,0.5,77956,239,4111,7073,0.9181910739659204,0.9309370433860091,0.9969435385894239,0.9168166155076504,0.9552026662745675,0.742246627330666,0.5605107113689594,0.054942528735632185,0.08318338449234967,0.9450574712643678,0.9782634443988885,0.9985246069929399,0.8112305538364196,0.057022470980882645
a_to_b,xgboost,2,103,11,target,210621,0.5,567825,288293,189443,170328,0.6228101413862615,0.5828971846771891,0.6632555325317304,0.769251090221133,0.7123318432060798,0.5823646280019118,0.17740140921503536,0.6034567208667548,0.23074890977886697,0.39654327913324516,0.5649870048218296,0.6310190195418748,0.532809794066205,0.31077656149864197
a_to_b,hgb,2,103,11,source_heldout,210621,0.5,77862,236,4114,7167,0.9171729377146757,0.9307291183819233,0.9969781556505929,0.9157111103270649,0.9546181809265174,0.7405040236089308,0.558172757605375,0.05425287356321839,0.08428888967293512,0.9457471264367816,0.9739682336911964,0.9981284431518611,0.8329425601545007,0.06461506668891955
a_to_b,hgb,2,103,11,target,210621,0.5,575590,293156,184580,162563,0.6251968724118732,0.5830673032563589,0.6625526908900875,0.7797705895661198,0.7163984793070379,0.5819653920225331,0.17964977230513982,0.6136359830534018,0.22022941043388025,0.3863640169465981,0.5964926184990983,0.6460684402680056,0.5440824829357159,0.300082543926883
a_to_b,mlp,3,103,11,source_heldout,210621,0.5,84804,1435,2915,225,0.9814274046476241,0.8337343932556884,0.9833601966627628,0.9973538439826413,0.9903075881075274,0.8843393748281295,0.7800859310311112,0.32988505747126434,0.0026461560173587835,0.6701149425287356,0.9704601959331524,0.9970280236489415,0.8051022385334158,0.02256801910698414
a_to_b,mlp,3,103,11,target,210621,0.5,693464,444198,33538,44689,0.5979180665340339,0.5048301516591719,0.6095518704149387,0.9394583507755168,0.7393735522959354,0.4300109344102981,0.01922972077444236,0.929798047457173,0.06054164922448327,0.070201952542827,0.5694788093116749,0.6369816820311984,0.5068952068488057,0.3099798858165741
a_to_b,majority,1,104,11,source_heldout,201010,0.5,97763,1227,0,0,0.9876048085665219,0.5,0.9876048085665219,1.0,0.9937637545552037,0.49688187727760186,0.0,1.0,0.0,0.0,0.5,0.9876048085665219,0.012395191433478128,0.012395191433478128
a_to_b,majority,1,104,11,target,201010,0.5,738153,477736,0,0,0.6070891339587742,0.5,0.6070891339587742,1.0,0.7555139551759891,0.37775697758799454,0.0,1.0,0.0,0.0,0.5,0.6070891339587742,0.3929108660412258,0.3929108660412258
a_to_b,stratified,1,104,11,source_heldout,201010,0.5,90480,1138,89,7283,0.9149308010910193,0.49901907546301394,0.9875788600493353,0.9255035135992145,0.9555340820884883,0.4881170817466514,-0.0008267840093886178,0.9274653626731867,0.07449648640078557,0.07253463732681337,0.49901907546301383,0.987580793122693,0.012371800181369722,0.08506919890898071
a_to_b,stratified,1,104,11,target,201010,0.5,683410,442292,35444,54743,0.5912167969280091,0.5000147360159736,0.6070967271977842,0.9258378683010162,0.7333295776763751,0.4290746577816887,5.4927972562882935e-05,0.9258083962690691,0.07416213169898382,0.0741916037309309,0.5000147360159736,0.6070961640669927,0.3929178977572939,0.40878320307199095
a_to_b,logreg,2,104,11,source_heldout,201010,0.5,85353,286,941,12410,0.8717446206687545,0.8199857628515832,0.9966604000513785,0.8730603602589937,0.9307750188111362,0.5299368303000667,0.20728959405730915,0.2330888345558272,0.1269396397410063,0.7669111654441728,0.8926338258563713,0.9974627333679453,0.11081043445890126,0.09394981411650236
a_to_b,logreg,2,104,11,target,201010,0.5,218028,15938,461798,520125,0.5591184721631662,0.6310040686455034,0.9318789909644991,0.2953696591357076,0.44856236736448934,0.5406550764887152,0.32461371665876737,0.03336152184470084,0.7046303408642923,0.9666384781552991,0.647370263469071,0.7488566664028662,0.4939740899498926,0.3831029762366248
a_to_b,tree,2,104,11,source_heldout,201010,0.5,71621,168,1059,26142,0.7342155773310436,0.7978394534139458,0.9976598086057753,0.7325982222313145,0.8448263659526281,0.4596651880417425,0.14763875564812212,0.13691931540342298,0.2674017777686855,0.863080684596577,0.823935554074058,0.9967538604623465,0.05419074633430039,0.24870478642179303
a_to_b,tree,2,104,11,target,201010,0.5,307977,168826,308910,430176,0.5073547009636571,0.5319194324459966,0.645920852008062,0.417226509951189,0.5069763843299675,0.5073544108888398,0.06386094749406121,0.3533876450591959,0.5827734900488111,0.6466123549408042,0.519332704432285,0.6315833854403817,0.40406706844176693,0.470102824074708
a_to_b,rf,2,104,11,source_heldout,201010,0.5,73105,188,1039,24658,0.7490049499949489,0.7972792776196507,0.9974349528604369,0.7477777891431319,0.854749321859508,0.46596476641185175,0.1500485187729761,0.1532192339038305,0.25222221085686813,0.8467807660961695,0.8954764037284219,0.9984402255217086,0.11054923955525071,0.17579185205422096
a_to_b,rf,2,104,11,target,201010,0.5,299450,164215,313521,438703,0.5041340122330246,0.5309694167190886,0.6458326593553535,0.4056747042957219,0.4983283658590569,0.5040675944225851,0.06228083846650252,0.34373587085754476,0.5943252957042781,0.6562641291424552,0.5731149759317875,0.679009248278547,0.48771760189965885,0.2875105355093072
a_to_b,xgboost,2,104,11,source_heldout,201010,0.5,72266,53,1174,25497,0.741893120517224,0.8480005131248957,0.9992671358840692,0.7391958102758712,0.8497783422114039,0.46697104077377855,0.17356956120820818,0.04319478402607987,0.2608041897241288,0.9568052159739201,0.9365426847978023,0.9990891784215752,0.16755444357265725,0.1959831863641739
a_to_b,xgboost,2,104,11,target,201010,0.5,13119,2113,475623,725034,0.40196267915903505,0.5066748966410514,0.8612788865546218,0.017772738172167558,0.03482681497507914,0.30079340251850073,0.058621074653976556,0.0044229448900648055,0.9822272618278325,0.9955770551099352,0.5249120377431266,0.6510431465280206,0.40611015178874077,0.45223113894462585
a_to_b,hgb,2,104,11,source_heldout,201010,0.5,72380,77,1150,25383,0.7428023032629558,0.8388036046890539,0.9989373007438895,0.7403618956046766,0.8504288567735871,0.46664094135509326,0.16925994935466349,0.06275468622656886,0.25963810439532337,0.9372453137734311,0.9062382880755625,0.9986420539013826,0.14423298793018824,0.24832484817163633
a_to_b,hgb,2,104,11,target,201010,0.5,22630,10952,466784,715523,0.402515361188398,0.5038664027555371,0.6738729081055327,0.030657600795499035,0.05864707444913086,0.31051143416458443,0.023045485257269974,0.02292479528442487,0.9693423992045009,0.9770752047155751,0.4832005716955577,0.6197596199902802,0.3808299911488373,0.4631548483495149
a_to_b,mlp,3,104,11,source_heldout,201010,0.5,89843,213,1014,7920,0.9178401858773614,0.8726968120373539,0.9976348050102158,0.9189877561040476,0.956697671694557,0.5781421632756812,0.2878166502605002,0.17359413202933985,0.08101224389595246,0.8264058679706602,0.9413414137833007,0.9986948566179967,0.12875112161479663,0.06187688186764717
a_to_b,mlp,3,104,11,target,201010,0.5,80199,52602,425134,657954,0.4156078392024272,0.4992706849149978,0.6039035850633655,0.1086482070790202,0.1841635723585861,0.36445970963510865,-0.0022839144199004917,0.11010683724902456,0.8913517929209798,0.8898931627509754,0.45246963267796897,0.585362027524096,0.36225469418458683,0.3700031042098999
a_to_b,majority,1,105,11,source_heldout,210803,0.5,89098,99,0,0,0.9988900972005785,0.5,0.9988900972005785,1.0,0.9994447404582293,0.49972237022911464,0.0,1.0,0.0,0.0,0.5,0.9988900972005785,0.0011099027994215052,0.0011099027994215052
a_to_b,majority,1,105,11,target,210803,0.5,738153,477736,0,0,0.6070891339587742,0.5,0.6070891339587742,1.0,0.7555139551759891,0.37775697758799454,0.0,1.0,0.0,0.0,0.5,0.6070891339587742,0.3929108660412258,0.3929108660412258
a_to_b,stratified,1,105,11,source_heldout,210803,0.5,82315,91,8,6783,0.922934627846228,0.5023392129107185,0.9988957114773196,0.9238703450133561,0.9599193021737102,0.48112075413475064,0.0005873609110070188,0.9191919191919192,0.07612965498664392,0.08080808080808081,0.5023392129107185,0.9988952840643683,0.0011154080071653083,0.07706537215377199
a_to_b,stratified,1,105,11,target,210803,0.5,682265,441555,36181,55888,0.5908812399816101,0.5000104980681643,0.6070945525084088,0.9242866993699138,0.7328409165976091,0.4299176196083754,3.8761580015474435e-05,0.924265703233585,0.07571330063008617,0.07573429676641492,0.5000104980681643,0.6070941422521313,0.39291587513294157,0.4091187600183898
a_to_b,logreg,2,105,11,source_heldout,210803,0.5,82885,17,82,6213,0.9301546016121618,0.8792753116475309,0.999794938602205,0.9302677950122337,0.9637790697674419,0.49471405787402434,0.09861790523829951,0.1717171717171717,0.06973220498776628,0.8282828282828283,0.8719889868176025,0.9992220406212702,0.1570545231715711,0.05782239951176251
a_to_b,logreg,2,105,11,target,210803,0.5,215970,15403,462333,522183,0.5578658907186429,0.6301699813890334,0.9334278416236985,0.29258161925779613,0.44551667515878896,0.5389370810517918,0.32392188372929287,0.03224165647972939,0.7074183807422039,0.9677583435202706,0.692129934964559,0.7734561567173417,0.5415765798212313,0.368343980825613
a_to_b,tree,2,105,11,source_heldout,210803,0.5,64695,27,72,24403,0.7261118647488144,0.7266916510726698,0.9995828311856865,0.7261105748726122,0.8411780002600442,0.42351892606800534,0.033832164321176805,0.2727272727272727,0.27388942512738784,0.7272727272727273,0.6834693542532103,0.9994189397108866,0.009512827310275015,0.23359280616749917
a_to_b,tree,2,105,11,target,210803,0.5,555108,299385,178351,183045,0.6032285841881948,0.5626741947794909,0.6496343445762575,0.7520229545907149,0.6970889952946229,0.5610867436825002,0.1339491655058347,0.626674565031733,0.24797704540928506,0.373325434968267,0.5614062646781435,0.6444136779293479,0.4500955278089774,0.3751501905842315
a_to_b,rf,2,105,11,source_heldout,210803,0.5,72040,45,54,17058,0.8082558830453939,0.6770012182703826,0.9993757369771797,0.8085478910862197,0.8938907949349497,0.45008292579238335,0.029935394723668095,0.45454545454545453,0.19145210891378034,0.5454545454545454,0.8533500508236193,0.999809980134318,0.18865302577641435,0.10753171653984504
a_to_b,rf,2,105,11,target,210803,0.5,593582,308183,169553,144571,0.6276354173777376,0.5795271730864596,0.6582446646299203,0.804144940141136,0.72391668363906,0.576078262007442,0.1774661275292269,0.6450905939682168,0.19585505985886395,0.3549094060317832,0.5351057945949244,0.6169815492344104,0.5020712329964515,0.2781152696743901
a_to_b,xgboost,2,105,11,source_heldout,210803,0.5,71989,23,76,17109,0.8079307600031391,0.7878261276710176,0.9996806087874243,0.8079754876652675,0.8936627149152753,0.45122848775155106,0.04859981106330313,0.23232323232323232,0.19202451233473256,0.7676767676767676,0.9271370351248687,0.9999101981492802,0.043532952554086735,0.09773148596286774
a_to_b,xgboost,2,105,11,target,210803,0.5,514964,283522,194214,223189,0.5832588336599804,0.552084265893851,0.6449255215495325,0.697638565446459,0.6702472083553782,0.5520887905900786,0.10715002729293963,0.5934700336587572,0.3023614345535411,0.4065299663412429,0.5649601037934142,0.6305426671817935,0.5016370586240783,0.308638334274292
a_to_b,hgb,2,105,11,source_heldout,210803,0.5,71251,24,75,17847,0.7996457279953362,0.7786341155159759,0.9996632760434935,0.7996924734561943,0.8885660304415332,0.44844482644100964,0.046307785278383994,0.24242424242424243,0.2003075265438057,0.7575757575757576,0.8182061359742117,0.9997776550155647,0.0036679909860018577,0.17123888808308105
a_to_b,hgb,2,105,11,target,210803,0.5,529221,285901,191835,208932,0.5930278175063678,0.5592516089995097,0.6492537313432836,0.7169529894208924,0.6814260192174599,0.5590787977733691,0.12312324093524783,0.5984497714218732,0.2830470105791076,0.40155022857812683,0.5514828002271074,0.6439566570435334,0.4387393738973001,0.31175311549052515
a_to_b,mlp,3,105,11,source_heldout,210803,0.5,88423,85,14,675,0.9914795340650471,0.5669191068919458,0.9990396348352691,0.9924240723697502,0.9957208652860827,0.5156269301049703,0.05090152950438773,0.8585858585858586,0.007575927630249837,0.1414141414141414,0.8928272942448344,0.9995586226037687,0.03925903078478327,0.004645392298698425
a_to_b,mlp,3,105,11,target,210803,0.5,693215,355129,122607,44938,0.6709674978554786,0.5978813829462944,0.6612476439031463,0.9391210223354779,0.7760606371015456,0.5780359130127204,0.27738286441557714,0.743358256442889,0.060878977664522126,0.25664174355711106,0.6270136388042715,0.6790113359859229,0.5317795378716148,0.2665191888809204
a_to_b,majority,1,106,11,source_heldout,212205,0.5,84344,3451,0,0,0.9606925223532092,0.5,0.9606925223532092,1.0,0.9799522478926914,0.4899761239463457,0.0,1.0,0.0,0.0,0.5,0.9606925223532092,0.03930747764679082,0.03930747764679082
a_to_b,majority,1,106,11,target,212205,0.5,738153,477736,0,0,0.6070891339587742,0.5,0.6070891339587742,1.0,0.7555139551759891,0.37775697758799454,0.0,1.0,0.0,0.0,0.5,0.6070891339587742,0.3929108660412258,0.3929108660412258
a_to_b,stratified,1,106,11,source_heldout,212205,0.5,79262,3263,188,5082,0.9049490289879834,0.4971118572990526,0.9604604665252954,0.9397467513990325,0.9499907112765104,0.4965525165143015,-0.004725525875260608,0.9455230368009273,0.060253248600967466,0.054476963199072734,0.4971118572990526,0.960474448642784,0.03910951635111631,0.09505097101201664
a_to_b,stratified,1,106,11,target,212205,0.5,693937,449038,28698,44216,0.5943264557866713,0.5000849867195819,0.607132264485225,0.9400991393383215,0.7377881781569356,0.42101067856362173,0.00034964265813462297,0.9399291658991576,0.05990086066167854,0.0600708341008423,0.5000849867195819,0.6071296809295698,0.39295147989761703,0.4056735442133287
a_to_b,logreg,2,106,11,source_heldout,212205,0.5,76215,703,2748,8129,0.8994020160601401,0.8499559080305124,0.9908603967861879,0.9036208858958551,0.9452319827361685,0.6644082861754544,0.41283294331285625,0.20370906983483048,0.09637911410414493,0.7962909301651695,0.9012052101598913,0.9947957465680013,0.23846967688434983,0.10592966309063243
a_to_b,logreg,2,106,11,target,212205,0.5,217095,11111,466625,521058,0.562321067136885,0.6354240392252992,0.9513115343154869,0.29410569353508015,0.449305071924616,0.5430768228045013,0.33878222745008774,0.023257615084481806,0.7058943064649199,0.9767423849155182,0.6984239227721439,0.7900847209736541,0.5602599273858715,0.3844508113973331
a_to_b,tree,2,106,11,source_heldout,212205,0.5,76653,1087,2364,7691,0.9000170852554246,0.7969163700404462,0.9860174942114741,0.9088139049606374,0.945842896276005,0.6479547666631025,0.3623684754912748,0.314981164879745,0.0911860950393626,0.685018835120255,0.7807037426561254,0.9826372699034231,0.26338384154507805,0.07602350269909353
a_to_b,tree,2,106,11,target,212205,0.5,511927,324948,152788,226226,0.5466905284939662,0.506670522424833,0.6117126213592233,0.6935242422641377,0.6500544752220278,0.5033616408791785,0.01406692266760659,0.6801831974144716,0.30647575773586233,0.3198168025855284,0.5380140239923982,0.6281140747710287,0.45528668523859783,0.4058388573486713
a_to_b,rf,2,106,11,source_heldout,212205,0.5,81068,1491,1960,3276,0.945703058260721,0.7645551906718723,0.9819401882290241,0.9611590628853267,0.9714385002067069,0.7113437464772454,0.43417401546013523,0.43204868154158216,0.03884093711467324,0.5679513184584178,0.9526962985379273,0.9978872512409996,0.5005906291630792,0.03961879177852242
a_to_b,rf,2,106,11,target,212205,0.5,628597,322913,154823,109556,0.6443186836956334,0.5878286913493336,0.6606309970467993,0.851580905313668,0.7440501449105532,0.5806490727786766,0.20797610014115242,0.6759235226150008,0.14841909468633196,0.32407647738499923,0.5695530726752904,0.6237392562287951,0.5717210367315912,0.2945983359400679
a_to_b,xgboost,2,106,11,source_heldout,212205,0.5,76500,745,2706,7844,0.9021698274389202,0.8455602249599843,0.9903553628066541,0.9069999051503367,0.9468466294116555,0.6666952238551742,0.41303979981296957,0.215879455230368,0.09300009484966329,0.784120544769632,0.9596882094227794,0.9982238797449009,0.5773821733149423,0.06287813931703568
a_to_b,xgboost,2,106,11,target,212205,0.5,589811,296126,181610,148342,0.6344501841862209,0.5895917187149847,0.6657482416921293,0.7990362431636802,0.7263279744349144,0.5880156626168689,0.19680595729710845,0.6198528057337107,0.20096375683631984,0.38014719426628935,0.5440263451017063,0.6430416830587132,0.4561897620439677,0.3300091326236725
a_to_b,hgb,2,106,11,source_heldout,212205,0.5,76015,241,3210,8329,0.9023862406742981,0.9157074069149225,0.996839592950063,0.9012496443137626,0.946637608966376,0.6874615663244155,0.4781853181463426,0.0698348304839177,0.09875035568623731,0.9301651695160823,0.961395161521061,0.9982406201287324,0.5735332920430487,0.059529308585217024
a_to_b,hgb,2,106,11,target,212205,0.5,577769,296211,181525,160384,0.6244764119093108,0.5813459119156501,0.6610780567061031,0.7827225520996325,0.7167758491389978,0.5798557551546912,0.17673676167923977,0.6200307282683323,0.21727744790036754,0.3799692717316677,0.5416936151879718,0.6388535291955032,0.46488955848338537,0.33210924329304187
a_to_b,mlp,3,106,11,source_heldout,212205,0.5,83964,2526,925,380,0.9669001651574691,0.6317664453883481,0.9707943114810961,0.9954946409940245,0.9829893346757671,0.6859858363875051,0.42320052518234347,0.7319617502173283,0.004505359005975529,0.2680382497826717,0.9595615531026326,0.9974400235883926,0.5725696319126905,0.023132087662816048
a_to_b,mlp,3,106,11,target,212205,0.5,691988,446494,31242,46165,0.5948158096668363,0.5014273581127368,0.6078163730300523,0.9374587653237202,0.7374774529943223,0.42501611808815665,0.005710536610189733,0.9346040490982467,0.06254123467627985,0.06539595090175326,0.5615007802230133,0.6392083854433825,0.45969586592313005,0.36671409010887146
a_to_b,majority,1,107,11,source_heldout,211378,0.5,88603,19,0,0,0.9997856062828643,0.5,0.9997856062828643,1.0,0.9998927916490337,0.49994639582451683,0.0,1.0,0.0,0.0,0.5,0.9997856062828643,0.00021439371713569995,0.00021439371713569995
a_to_b,majority,1,107,11,target,211378,0.5,738153,477736,0,0,0.6070891339587742,0.5,0.6070891339587742,1.0,0.7555139551759891,0.37775697758799454,0.0,1.0,0.0,0.0,0.5,0.6070891339587742,0.3929108660412258,0.3929108660412258
a_to_b,stratified,1,107,11,source_heldout,211378,0.5,81888,18,1,6715,0.9240256369750175,0.48842203869775114,0.9997802358801553,0.9242124984481338,0.9605123483217894,0.48040465226037504,-0.0012810022748609166,0.9473684210526315,0.07578750155186618,0.05263157894736842,0.48842203869775114,0.9997806428895589,0.00021094658221607865,0.0759743630249825
a_to_b,stratified,1,107,11,target,211378,0.5,682424,441667,36069,55729,0.5909198948259258,0.5000009797648711,0.6070896395398593,0.9245021018677699,0.7329050328528378,0.42978323943856567,3.622444111727544e-06,0.9245001423380277,0.07549789813223004,0.0754998576619723,0.5000009797648711,0.60708960136955,0.3929113334589772,0.4090801051740743
a_to_b,logreg,2,107,11,source_heldout,211378,0.5,82704,3,16,5899,0.9334025411297421,0.8877636910238871,0.9999637273749501,0.9334221188898796,0.9655478372541008,0.48547024488252727,0.04549353054111696,0.15789473684210525,0.06657788111012042,0.8421052631578947,0.9351385274467954,0.9999823576200992,0.24155126130761148,0.05637296301626612
a_to_b,logreg,2,107,11,target,211378,0.5,217206,10990,466746,520947,0.5625118740279746,0.63562586587017,0.9518396466195727,0.29425606886377215,0.44953945210270824,0.5432744096627744,0.33929284152774575,0.023004337123432188,0.7057439311362279,0.9769956628765678,0.6832348919847505,0.7836361169641772,0.5328888554093583,0.3705910657798696
a_to_b,tree,2,107,11,source_heldout,211378,0.5,70500,7,12,18103,0.7956489359301302,0.7136315332081544,0.9999007190775384,0.7956841190478877,0.886179372760983,0.44375142675768353,0.015511760105892999,0.3684210526315789,0.20431588095211223,0.631578947368421,0.6573099283201176,0.9998677634740483,0.0008343844644405685,0.19087502940898224
a_to_b,tree,2,107,11,target,211378,0.5,542976,303715,174021,195177,0.5896895193557965,0.5499245946592483,0.6412918053929946,0.7355873375844845,0.6852106579575025,0.5480770658555326,0.1060521752092202,0.635738148265988,0.2644126624155155,0.3642618517340121,0.539062588522962,0.6340223785069811,0.42087817031165486,0.3889306640573153
a_to_b,rf,2,107,11,source_heldout,211378,0.5,72135,12,7,16468,0.8140416600844034,0.5912791357308206,0.9998336729177928,0.8141372188300622,0.8974805598755832,0.44916467668812504,0.006870378738335555,0.631578947368421,0.18586278116993782,0.3684210526315789,0.8307010514673081,0.9999594496440772,0.02649775780183599,0.08342296077432804
a_to_b,rf,2,107,11,target,211378,0.5,606550,309900,167836,131603,0.6368887291520854,0.5865142422547005,0.6618473457362649,0.8217131136769749,0.7331668079895902,0.5825399131465305,0.19614453550102795,0.6486846291675737,0.17828688632302517,0.35131537083242625,0.5428742249781925,0.6063376979662918,0.5073803240717286,0.2765272760806761
a_to_b,xgboost,2,107,11,source_heldout,211378,0.5,71563,7,12,17040,0.8076437002098802,0.7196302014248062,0.99990219365656,0.8076814554811914,0.8935713260037584,0.44748860951936503,0.01631435464451033,0.3684210526315789,0.19231854451880862,0.631578947368421,0.8165008075644344,0.9999557436012005,0.011235378838920899,0.14139047265052795
a_to_b,xgboost,2,107,11,target,211378,0.5,456542,283096,194640,281611,0.5355604006615735,0.5129570221991122,0.6172506009696636,0.6184923721775838,0.6178708626591988,0.5129633688172172,0.025928346357208518,0.5925783277793593,0.3815076278224162,0.4074216722206407,0.5427984029684365,0.6263161618739072,0.4631482385214467,0.29863110184669495
a_to_b,hgb,2,107,11,source_heldout,211378,0.5,71495,7,12,17108,0.8068763963801313,0.7192464672397334,0.9999021006405415,0.8069139871110459,0.893101402204803,0.447250858637847,0.016261201776124702,0.3684210526315789,0.1930860128889541,0.631578947368421,0.8741337022567254,0.999970173462901,0.006615000662533463,0.092895808022582
a_to_b,hgb,2,107,11,target,211378,0.5,525291,286141,191595,212862,0.5895982281277321,0.5563383745070937,0.647362933677745,0.7116288899455804,0.6779763614128944,0.5561685482677405,0.11679903205282557,0.598952140931393,0.2883711100544196,0.4010478590686069,0.5570893255099385,0.6467224397404736,0.4609269329926582,0.2923583679869917
a_to_b,mlp,3,107,11,source_heldout,211378,0.5,88551,19,0,52,0.9991988445307034,0.49970655621141497,0.9997854804109744,0.9994131124228299,0.9995992617385268,0.4997996308692634,-0.00035482232435230383,1.0,0.0005868875771700733,0.0,0.981296522572302,0.9999958873660365,0.011193614594854278,0.0019097408512607217
a_to_b,mlp,3,107,11,target,211378,0.5,692699,449092,28644,45454,0.5932638587897415,0.499189890614082,0.6066775793468332,0.9384219802669637,0.736935781065819,0.42037480456865217,-0.003307838426129182,0.9400421990387997,0.06157801973303638,0.059957800961200326,0.601230880725188,0.6653052395344795,0.4888763894847178,0.2843380570411682
a_to_b,majority,1,108,11,source_heldout,197795,0.5,98247,3958,0,0,0.9612739102783621,0.5,0.9612739102783621,1.0,0.9802546245485203,0.49012731227426015,0.0,1.0,0.0,0.0,0.5,0.9612739102783621,0.03872608972163789,0.03872608972163789
a_to_b,majority,1,108,11,target,197795,0.5,738153,477736,0,0,0.6070891339587742,0.5,0.6070891339587742,1.0,0.7555139551759891,0.37775697758799454,0.0,1.0,0.0,0.0,0.5,0.6070891339587742,0.3929108660412258,0.3929108660412258
a_to_b,stratified,1,108,11,source_heldout,197795,0.5,92220,3700,258,6027,0.9048285308937919,0.5019195259961187,0.9614261884904087,0.938654615408104,0.9499039486627491,0.5001399075540632,0.0030832895546837142,0.9348155634158666,0.06134538459189594,0.0651844365841334,0.5019195259961187,0.9614168469249257,0.03887758028237738,0.0951714691062081
a_to_b,stratified,1,108,11,target,197795,0.5,692975,448418,29318,45178,0.5940451801110134,0.5000822542450464,0.6071309356198961,0.9387958864896573,0.7373855175664762,0.42178276443303747,0.0003350205257476646,0.9386313779995646,0.06120411351034271,0.061368622000435386,0.5000822542450463,0.6071283771862839,0.3929501705309345,0.4059548198889866
a_to_b,logreg,2,108,11,source_heldout,197795,0.5,92693,752,3206,5554,0.9383004745364708,0.8767370324167703,0.9919524854192305,0.943469011776441,0.9671034784967553,0.7356354002013576,0.5193208566221084,0.18999494694290045,0.05653098822355899,0.8100050530570996,0.9453982353095444,0.9973846770479692,0.6872782239230492,0.07782767978151037
a_to_b,logreg,2,108,11,target,197795,0.5,215831,11358,466378,522322,0.5610783550143146,0.6343093371878645,0.9500063823512582,0.2923933114137584,0.4471596594781953,0.5416148479737837,0.3365715970899461,0.023774637038029373,0.7076066885862417,0.9762253629619706,0.7589051914401308,0.818578659006457,0.6518689078476902,0.37090225451126263
a_to_b,tree,2,108,11,source_heldout,197795,0.5,92622,123,3835,5625,0.9437600900151656,0.9558350211187976,0.9986737829532589,0.9427463433997985,0.9699044986177432,0.7707623551368639,0.6069381085454335,0.031076301162203133,0.057253656600201534,0.9689236988377968,0.9792708576495024,0.998434249433046,0.8825129139948751,0.03884077580652744
a_to_b,tree,2,108,11,target,197795,0.5,600461,302666,175070,137692,0.6378304269550921,0.5899608857269203,0.6648688390447856,0.8134641463219685,0.7316984304932735,0.5873172012503964,0.20103399054265017,0.633542374868128,0.18653585367803152,0.366457625131872,0.5880995368034901,0.6583861862112235,0.4628282185664057,0.3492941432535166
a_to_b,rf,2,108,11,source_heldout,197795,0.5,96364,416,3542,1883,0.9775059928574923,0.9378652163533359,0.9957015912378591,0.9808340203772126,0.988211888610295,0.8715971518080783,0.7536597223454666,0.10510358767054068,0.019165979622787464,0.8948964123294593,0.9943814898310384,0.9997575263322168,0.908952128158005,0.014766072431327127
a_to_b,rf,2,108,11,target,197795,0.5,628445,315893,161843,109708,0.6499672256266814,0.5950728857415524,0.6654873572809735,0.8513749859446483,0.7470411431621328,0.589516578451598,0.22297923171105222,0.6612292144615436,0.14862501405535167,0.3387707855384564,0.5930311080382311,0.6668719204665688,0.5300789117885403,0.2556719588987656
a_to_b,xgboost,2,108,11,source_heldout,197795,0.5,93025,57,3901,5222,0.9483489066092657,0.9662235185428145,0.9993876367074193,0.9468482498193329,0.9724087827773102,0.7844231820009937,0.6309864405861637,0.014401212733703891,0.0531517501806671,0.9855987872662961,0.9947216635359131,0.9997828033100168,0.918561353265971,0.03528701886534691
a_to_b,xgboost,2,108,11,target,197795,0.5,553395,283541,194195,184758,0.6148505332312407,0.5780962464564549,0.6612154334381601,0.7497022974911706,0.7026841022951719,0.5780229119967388,0.16469807999331595,0.5935098045782607,0.2502977025088295,0.4064901954217392,0.5517571523951058,0.6340407415139554,0.49393962764630117,0.29316213726997375
a_to_b,hgb,2,108,11,source_heldout,197795,0.5,93193,86,3872,5054,0.9497089183503743,0.9634150400842072,0.9990780347130651,0.948558225696459,0.9731629126071656,0.7871092427053215,0.6333988670109553,0.021728145528044467,0.05144177430354108,0.9782718544719555,0.994411866960614,0.9997685097495131,0.9165578868876805,0.03422406737368593
a_to_b,hgb,2,108,11,target,197795,0.5,576221,288450,189286,161932,0.6295862533504292,0.5884200358199286,0.6664049100756242,0.7806254258940897,0.7190072022879618,0.5878467902714837,0.19056100375043752,0.6037853542542324,0.2193745741059103,0.39621464574576754,0.5926274374590133,0.6969371076708663,0.4869370901889869,0.2951478598759347
a_to_b,mlp,3,108,11,source_heldout,197795,0.5,98053,1133,2825,194,0.9870162907881219,0.855884850154898,0.9885770169177102,0.998025384999033,0.9932787325320488,0.9015411865326146,0.811111008272208,0.286255684689237,0.001974615000966951,0.713744315310763,0.9928705847668292,0.9997059944303878,0.9026770936254411,0.010542608797550201
a_to_b,mlp,3,108,11,target,197795,0.5,711957,450853,26883,26196,0.6076541526405782,0.5103915435568908,0.6122728562705859,0.9645114224286835,0.7490487715962909,0.4251691490395761,0.04967770131121463,0.943728335314902,0.035488577571316515,0.05627166468509805,0.5626945459874468,0.6354343539474141,0.5185789694213971,0.32135677337646484
a_to_b,majority,1,109,11,source_heldout,187861,0.5,106972,5167,0,0,0.9539232559591222,0.5,0.9539232559591222,1.0,0.9764183450397287,0.48820917251986434,0.0,1.0,0.0,0.0,0.5,0.9539232559591222,0.04607674404087784,0.04607674404087784
a_to_b,majority,1,109,11,target,187861,0.5,738153,477736,0,0,0.6070891339587742,0.5,0.6070891339587742,1.0,0.7555139551759891,0.37775697758799454,0.0,1.0,0.0,0.0,0.5,0.6070891339587742,0.3929108660412258,0.3929108660412258
a_to_b,stratified,1,109,11,source_heldout,187861,0.5,100724,4855,312,6248,0.9009889512123347,0.5009876967166005,0.954015476562574,0.9415921923493998,0.9477631250852736,0.5004868324326343,0.0017646850339298917,0.939616798916199,0.058407807650600156,0.06038320108380105,0.5009876967166005,0.9540100901593062,0.046166366694156344,0.09901104878766531
a_to_b,stratified,1,109,11,target,187861,0.5,695034,449777,27959,43119,0.5946208905582664,0.5000546178765194,0.6071168079272474,0.9415852811002597,0.7382339757956073,0.42006138800421494,0.00022740368058741001,0.9414760453472211,0.0584147188997403,0.05852395465277894,0.5000546178765193,0.6071151913601582,0.39293695181367977,0.40537910944173355
a_to_b,logreg,2,109,11,source_heldout,187861,0.5,95692,881,4286,11280,0.8915542318016033,0.8620233583206662,0.9908773673801166,0.8945518453427065,0.940253997887445,0.6768505797086866,0.43904041744072264,0.1705051287013741,0.1054481546572935,0.8294948712986259,0.9176645806526872,0.9947318785792477,0.5264789836012753,0.1046639513902819
a_to_b,logreg,2,109,11,target,187861,0.5,217684,11668,466068,520469,0.5623473853287595,0.6352400500511028,0.9491262339111933,0.2949036310900315,0.44999043932589494,0.5432883248421047,0.3376716054612974,0.024423530987825914,0.7050963689099685,0.9755764690121741,0.6964461259311765,0.7873875602070866,0.5498334411330272,0.3816654265443782
a_to_b,tree,2,109,11,source_heldout,187861,0.5,95193,334,4833,11779,0.8919822720017122,0.9126230411745005,0.9965036063102578,0.8898870732528138,0.9401824206539292,0.6920022255250913,0.48703898890315506,0.06464099090381266,0.11011292674718617,0.9353590090961873,0.9370088206937678,0.9949564800122748,0.45968376956724877,0.09123029175166578
a_to_b,tree,2,109,11,target,187861,0.5,324185,179382,298354,413968,0.512003151603477,0.5318502433763463,0.6437772927932132,0.4391840174056056,0.5221547530844313,0.5117828043448942,0.06316014525660932,0.3754835306529129,0.5608159825943944,0.624516469347087,0.48617584240819367,0.6225219878667752,0.3784046295678254,0.4753501157224709
a_to_b,rf,2,109,11,source_heldout,187861,0.5,98677,590,4577,8295,0.9207679754590286,0.9041350810897189,0.9940564336587184,0.9224563437161126,0.9569189144633168,0.7321874909364092,0.5316004885176101,0.11418618153667505,0.07754365628388737,0.885813818463325,0.9677821343719263,0.9983750384666461,0.5861798627517629,0.063626304708145
a_to_b,rf,2,109,11,target,187861,0.5,347300,167543,310193,390853,0.5407508415653074,0.5598983010833232,0.6745745790464277,0.4704986635562004,0.5543513307305051,0.5403227103659397,0.11841344473802741,0.35070206138955407,0.5295013364437996,0.6492979386104459,0.6073078130013375,0.7044850545879573,0.5395924205270688,0.26734892506638375
a_to_b,xgboost,2,109,11,source_heldout,187861,0.5,94284,159,5008,12688,0.8854368239417152,0.9253086571236189,0.9983164448397446,0.8813895224918671,0.9362162698905245,0.6871520049535726,0.4891770404975992,0.030772208244629378,0.11861047750813297,0.9692277917553707,0.9694040496035777,0.9984832139658765,0.6836928643249042,0.09352118521928787
a_to_b,xgboost,2,109,11,target,187861,0.5,84210,2430,475306,653943,0.46017029515029745,0.5544977743092038,0.9719529085872576,0.11408203990229668,0.2041966893511463,0.39787335190961703,0.20692923949030723,0.00508649128388901,0.8859179600977033,0.994913508716111,0.6185246278066967,0.7284493273075842,0.480788483507481,0.43714895844459534
a_to_b,hgb,2,109,11,source_heldout,187861,0.5,94040,168,4999,12932,0.8831806953869751,0.9232972602088705,0.9982167119565217,0.8791085517705568,0.9348841833184213,0.6838677562189128,0.4842655717318035,0.03251403135281595,0.12089144822944321,0.9674859686471841,0.9699145029846741,0.9985012823481716,0.693913756126395,0.09340347478643211
a_to_b,hgb,2,109,11,target,187861,0.5,60485,8723,469013,677668,0.4354821862850968,0.5318409841727413,0.8739596578430239,0.08194100681024123,0.14983384136712077,0.3636438916522217,0.1342406974406116,0.01825903846475878,0.9180589931897588,0.9817409615352413,0.5170695408884125,0.6783928046390886,0.3989045967898258,0.42244802002562887
a_to_b,mlp,3,109,11,source_heldout,187861,0.5,101227,1478,3689,5745,0.9355888673877955,0.8301241479287602,0.9856092692663454,0.9462943574019369,0.9655517772574007,0.7354298164418638,0.4986752891063604,0.2860460615444165,0.05370564259806304,0.7139539384555835,0.9658601174570344,0.9982836195051188,0.648672590308495,0.043752022087574005
a_to_b,mlp,3,109,11,target,187861,0.5,598034,442710,35026,140119,0.5206560796256895,0.44174642679147913,0.5746216168433351,0.8101762100811079,0.6723649542384972,0.38983084489224246,-0.1620499549445475,0.9266833564981496,0.18982378991889215,0.0733166435018504,0.5759432785080358,0.682542550854077,0.4387010327112784,0.4127437174320221
a_to_b,majority,1,110,11,source_heldout,211337,0.5,88648,15,0,0,0.9998308200715067,0.5,0.9998308200715067,1.0,0.9999154028796859,0.49995770143984297,0.0,1.0,0.0,0.0,0.5,0.9998308200715067,0.00016917992849328355,0.00016917992849328355
a_to_b,majority,1,110,11,target,211337,0.5,738153,477736,0,0,0.6070891339587742,0.5,0.6070891339587742,1.0,0.7555139551759891,0.37775697758799454,0.0,1.0,0.0,0.0,0.5,0.6070891339587742,0.3929108660412258,0.3929108660412258
a_to_b,stratified,1,110,11,source_heldout,211337,0.5,81833,13,2,6815,0.9229892965498573,0.5282281232139097,0.999841165114972,0.923122913094486,0.9599516698534846,0.48026857497358066,0.002756111123632115,0.8666666666666667,0.07687708690551394,0.13333333333333333,0.5282281232139097,0.9998403698181665,0.00018574049623982475,0.07701070345014267
a_to_b,stratified,1,110,11,target,211337,0.5,681655,441163,36573,56498,0.5907019472994657,0.5000075730302086,0.6070930462461414,0.9234603124284532,0.7325799273605016,0.43036240848208396,2.7823066305192637e-05,0.9234451663680359,0.07653968757154682,0.0765548336319641,0.5000075730302087,0.6070927468008885,0.39291447929404616,0.4092980527005343
a_to_b,logreg,2,110,11,source_heldout,211337,0.5,82650,3,12,5998,0.9323167499407871,0.8661695695334357,0.9999637036768175,0.9323391390668713,0.9649680970922528,0.4844757497909397,0.037890104135256564,0.2,0.06766086093312879,0.8,0.8363324609692265,0.9997633515032271,0.1044636347702885,0.0563948885708638
a_to_b,logreg,2,110,11,target,211337,0.5,217226,10919,466817,520927,0.5625867163861175,0.6357137220203624,0.9521400863485942,0.29428316351759054,0.4496045733303805,0.5433443343219306,0.33954180917711885,0.022855719476865884,0.7057168364824095,0.9771442805231341,0.6956570689553301,0.7913092137903588,0.5407151352710273,0.37259465356038096
a_to_b,tree,2,110,11,source_heldout,211337,0.5,59969,8,7,28679,0.676449026087545,0.5715755948620762,0.9998666155359555,0.6764845230574857,0.8069840201850295,0.4037359040334924,0.0039796758142914435,0.5333333333333333,0.3235154769425142,0.4666666666666667,0.5818138405077761,0.9998689036574331,0.0011859627673916958,0.2774579414673657
a_to_b,tree,2,110,11,target,211337,0.5,360169,262305,215431,377984,0.47339847634117915,0.46943712137236504,0.5786089057534933,0.4879327185556382,0.5294162176702358,0.4658291459251267,-0.05972436808702165,0.5490584758109082,0.5120672814443618,0.4509415241890919,0.4738796073292565,0.5897378908180542,0.3896754679903111,0.5116176361819116
a_to_b,rf,2,110,11,source_heldout,211337,0.5,72312,11,4,16336,0.8156277139280196,0.541193634750173,0.9998479045393581,0.8157206028336793,0.8984475464524666,0.4494683467511492,0.0027636049866194877,0.7333333333333333,0.18427939716632072,0.26666666666666666,0.7662568059441085,0.9999537246263059,0.06698236357596134,0.10854452781989801
a_to_b,rf,2,110,11,target,211337,0.5,384537,175126,302610,353616,0.5651395809979365,0.5771850000419307,0.6870866932421832,0.5209448447679547,0.5925909373902002,0.5631562629721569,0.1512655632022275,0.3665748446840933,0.4790551552320454,0.6334251553159067,0.5694941536991437,0.6211880858128905,0.5587075156625692,0.2724841240705196
a_to_b,xgboost,2,110,11,source_heldout,211337,0.5,71197,4,11,17451,0.8031309565433157,0.7682380501158138,0.9999438210137498,0.8031427668982943,0.890803195515768,0.4460309963960942,0.01754447758838315,0.26666666666666666,0.1968572331017056,0.7333333333333333,0.8301503324008062,0.999967868652094,0.009582901702307214,0.11566763371229172
a_to_b,xgboost,2,110,11,target,211337,0.5,215978,141691,336045,522175,0.45400772603420214,0.49800198236511084,0.6038488099332064,0.2925924571193235,0.39418445696472604,0.4486312013227859,-0.004283083350207044,0.29658849238910195,0.7074075428806765,0.7034115076108981,0.5752243361389506,0.6541885381563507,0.47058010783410364,0.3260602056980133
a_to_b,hgb,2,110,11,source_heldout,211337,0.5,67625,7,8,21023,0.7628097402524164,0.6480909514785067,0.9998964986988408,0.7628485696236802,0.8654338367033529,0.43309703808939387,0.009055919277382581,0.4666666666666667,0.23715143037631983,0.5333333333333333,0.8148651595824685,0.9999650400201654,0.000971244245993995,0.1529668632243273
a_to_b,hgb,2,110,11,target,211337,0.5,113200,22754,454982,624953,0.4672975904872895,0.5528634623484875,0.8326345675743266,0.15335574061204113,0.2590071924833001,0.42159480163739793,0.16385435011882546,0.04762881591506606,0.8466442593879588,0.9523711840849339,0.6131611915061933,0.7115794170769753,0.48136489209494976,0.33677578700694116
a_to_b,mlp,3,110,11,source_heldout,211337,0.5,88596,15,0,52,0.99924432965273,0.49970670517101345,0.9998307207908724,0.9994134103420269,0.9996220220129867,0.49981101100649333,-0.0003151149526507411,1.0,0.0005865896579731071,0.0,0.9696639142075024,0.9999940085220445,0.014591306961277679,0.0027774833142757416
a_to_b,mlp,3,110,11,target,211337,0.5,692451,456287,21449,45702,0.58714241184845,0.49149159413333365,0.6027928039291814,0.9380860065596157,0.7339597252835485,0.40634398768054375,-0.03638384869937787,0.9551028182929484,0.06191399344038431,0.04489718170705159,0.5856884584414612,0.6464236215035521,0.5125501799361731,0.29650136828422546
a_to_b,majority,1,111,11,source_heldout,198105,0.5,97877,4018,0,0,0.960567250601109,0.5,0.960567250601109,1.0,0.9798870712612379,0.48994353563061893,0.0,1.0,0.0,0.0,0.5,0.960567250601109,0.039432749398891014,0.039432749398891014
a_to_b,majority,1,111,11,target,198105,0.5,738153,477736,0,0,0.6070891339587742,0.5,0.6070891339587742,1.0,0.7555139551759891,0.37775697758799454,0.0,1.0,0.0,0.0,0.5,0.6070891339587742,0.3929108660412258,0.3929108660412258
a_to_b,stratified,1,111,11,source_heldout,198105,0.5,91851,3754,264,6026,0.904018842926542,0.5020686308202685,0.9607342712201244,0.9384329311278441,0.9494526622631563,0.5003375069173756,0.003345743568952595,0.9342956694873071,0.06156706887215587,0.06570433051269288,0.5020686308202684,0.9607239882501705,0.03959954862978354,0.09598115707345797
a_to_b,stratified,1,111,11,target,198105,0.5,692733,448280,29456,45420,0.5939596459874216,0.5000627628234321,0.6071210406892822,0.9384680411784548,0.7372770686570532,0.42194175611886053,0.00025502516255490376,0.9383425155315906,0.06153195882154513,0.06165748446840933,0.5000627628234321,0.6071190774056544,0.39294084496675513,0.40604035401257843
a_to_b,logreg,2,111,11,source_heldout,198105,0.5,92289,789,3229,5588,0.9374159674174395,0.8732707920257062,0.9915232385740992,0.9429079354700287,0.9666046974418057,0.7348800659004899,0.5167914893938061,0.19636635141861622,0.057092064529971294,0.8036336485813838,0.9440350726562046,0.9971821589392627,0.6871445537500422,0.07670208656089357
a_to_b,logreg,2,111,11,target,198105,0.5,216818,11345,466391,521335,0.5619007985103903,0.634991503611716,0.9502767758137822,0.29373043257969556,0.4487517540845852,0.5426311439820017,0.3377246476847895,0.023747425356263712,0.7062695674203044,0.9762525746437363,0.7691958528612909,0.8225353285928032,0.6697333994611107,0.37301094935689266
a_to_b,tree,2,111,11,source_heldout,198105,0.5,93036,152,3866,4841,0.9509985769664852,0.956355098685359,0.9983688886981157,0.9505399634234805,0.9738675319917306,0.7907451608878102,0.6354244562518315,0.037829766052762566,0.04946003657651951,0.9621702339472374,0.9799964978748712,0.998510124703961,0.8729577272273762,0.0352270946524461
a_to_b,tree,2,111,11,target,198105,0.5,405571,269691,208045,332582,0.5046644882879934,0.4924606973611818,0.6006127991801701,0.5494402921887468,0.5738880654301816,0.4912375901204561,-0.014819833709155138,0.5645188974663831,0.4505597078112532,0.4354811025336169,0.4727037462041344,0.5872195305538285,0.3899348264518092,0.4842098065779321
a_to_b,rf,2,111,11,source_heldout,198105,0.5,96181,418,3600,1696,0.9792531527552873,0.9393201363300256,0.995672833052102,0.9826721293051482,0.9891297640840001,0.8810798058126679,0.7703642009304057,0.10403185664509706,0.017327870694851703,0.8959681433549029,0.994968935904982,0.9997848948061449,0.9145436560424293,0.013788685431739618
a_to_b,rf,2,111,11,target,198105,0.5,401711,175784,301952,336442,0.5787230577791229,0.5881294247895528,0.6956094857964138,0.5442110240017991,0.6106663788490538,0.5758679837585203,0.17238504943617025,0.3679521744226937,0.4557889759982009,0.6320478255773063,0.5976109320109325,0.6610229205252081,0.5659592055140068,0.28004990070040026
a_to_b,xgboost,2,111,11,source_heldout,198105,0.5,92903,81,3937,4974,0.9503901074635654,0.9645109159237573,0.999128882388368,0.9491811150729997,0.9735147568125494,0.7912666211938066,0.6400352252466032,0.020159283225485315,0.050818884927000214,0.9798407167745147,0.9949027129177934,0.9997866247976437,0.9201819274592783,0.03275275230407715
a_to_b,xgboost,2,111,11,target,198105,0.5,263072,143036,334700,475081,0.4916336935361698,0.5284941918083821,0.6477882730702178,0.3563922384654672,0.45981117944245237,0.489863322318155,0.05901317138963932,0.2994038548487031,0.6436077615345328,0.700596145151297,0.5546201198706896,0.6761261503412144,0.45995396987405507,0.34209316968917847
a_to_b,hgb,2,111,11,source_heldout,198105,0.5,92786,105,3913,5091,0.9490063300456352,0.9609266665097939,0.9988696429148142,0.9479857372007724,0.9727627275014677,0.7868728397144875,0.6321244065259648,0.02613240418118467,0.0520142627992276,0.9738675958188153,0.9946463291232853,0.9997744462680255,0.9191502186844069,0.032433815068635116
a_to_b,hgb,2,111,11,target,198105,0.5,345525,147644,330092,392628,0.5556568074881836,0.5795223317991669,0.7006218963479051,0.468094013029819,0.5612260643438516,0.5555852094112415,0.15819886362205005,0.30904934943148515,0.531905986970181,0.6909506505685148,0.612778031670546,0.6657142142291882,0.5119005508214935,0.3345562439596011
a_to_b,mlp,3,111,11,source_heldout,198105,0.5,97559,1102,2916,318,0.9860640855782914,0.8612426101810933,0.9888304395860573,0.9967510242447153,0.9927749341094343,0.8984834405792621,0.8021054993407267,0.27426580388252864,0.003248975755284694,0.7257341961174714,0.990223178497623,0.9995771411656001,0.8826475081098594,0.011513995006680489
a_to_b,mlp,3,111,11,target,198105,0.5,677878,447473,30263,60275,0.58240595975455,0.4908450944995109,0.6023702826940217,0.9183434870548518,0.7275305016785583,0.41701949087137635,-0.0340636821401836,0.93665329805583,0.08165651294514822,0.06334670194417,0.6138214197200165,0.7242505930047745,0.4853086876826983,0.32100266218185425
a_to_b,majority,1,112,11,source_heldout,143070,0.5,149634,7296,0,0,0.9535079334735233,0.5,0.9535079334735233,1.0,0.976200728069832,0.488100364034916,0.0,1.0,0.0,0.0,0.5,0.9535079334735233,0.04649206652647677,0.04649206652647677
a_to_b,majority,1,112,11,target,143070,0.5,738153,477736,0,0,0.6070891339587742,0.5,0.6070891339587742,1.0,0.7555139551759891,0.37775697758799454,0.0,1.0,0.0,0.0,0.5,0.6070891339587742,0.3929108660412258,0.3929108660412258
a_to_b,stratified,1,112,11,source_heldout,143070,0.5,140407,6804,492,9227,0.897846173453132,0.5028852087690456,0.953780627806346,0.9383362070117754,0.9459953847967795,0.5019133550489921,0.0050406189999318935,0.9325657894736842,0.0616637929882246,0.06743421052631579,0.5028852087690456,0.9537638124394577,0.046770598509170064,0.10215382654686803
a_to_b,stratified,1,112,11,target,143070,0.5,692423,448078,29658,45730,0.5938708220898453,0.5000641930915959,0.6071217824447326,0.9380480740442699,0.7371479793511738,0.42219306966488407,0.00026000788630723814,0.937919687861078,0.06195192595573004,0.062080312138921914,0.5000641930915959,0.6071197598081479,0.3929415287407002,0.4061291779101546
a_to_b,logreg,2,112,11,source_heldout,143070,0.5,105356,1404,5892,44278,0.7089020582425285,0.7558285528092052,0.9868490071187711,0.7040913161447264,0.8218289039525106,0.5134446437418211,0.23099907037964032,0.1924342105263158,0.2959086838552735,0.8075657894736842,0.9011096496137712,0.9938977294443864,0.49961811806854667,0.13914185288734546
a_to_b,logreg,2,112,11,target,143070,0.5,160238,5777,471959,577915,0.5199463108885761,0.6024936020960457,0.9652019395837725,0.21707965692749334,0.3544429796232559,0.48617403660040254,0.29157593439049606,0.012092452735401979,0.7829203430725067,0.9879075472645981,0.6736834028916927,0.7816546877628707,0.5097961159120407,0.418613971407991
a_to_b,tree,2,112,11,source_heldout,143070,0.5,139517,1427,5869,10117,0.9264385394761996,0.8684008690634974,0.9898754115109547,0.9323883609340123,0.9602722848942452,0.7322192968153041,0.5128790937950206,0.19558662280701755,0.06761163906598767,0.8044133771929824,0.902883923560769,0.9910890298541961,0.5495247494969151,0.05991523820728162
a_to_b,tree,2,112,11,target,143070,0.5,610205,312785,164951,127948,0.6375220106440638,0.5859705661745116,0.6611176719141052,0.8266646616622841,0.7346808793704094,0.581385999515734,0.1963765017529466,0.6547235293132608,0.1733353383377159,0.3452764706867391,0.6213496418675678,0.6735852282261416,0.5494741297329375,0.32136023880599546
a_to_b,rf,2,112,11,source_heldout,143070,0.5,144173,2279,5017,5461,0.9506786465303001,0.8255706725946397,0.9844385873869936,0.9635042837857706,0.9738589463871983,0.7691957047678086,0.549219536550449,0.3123629385964912,0.03649571621422939,0.6876370614035088,0.9245174357559639,0.9956302663904435,0.6310338630546388,0.05512242262727463
a_to_b,rf,2,112,11,target,143070,0.5,626095,324473,153263,112058,0.6409779182145738,0.5845012198470542,0.6586535629223791,0.8481913641209885,0.7415020006265096,0.5770110853403793,0.19984014923092738,0.6791889244268802,0.15180863587901153,0.3208110755731199,0.6237295762894182,0.7027390123552583,0.5232741674146849,0.24972511285531898
a_to_b,xgboost,2,112,11,source_heldout,143070,0.5,132408,1312,5984,17226,0.8818708978525457,0.8525272718063654,0.9901884534848938,0.8848791050162397,0.9345765367702591,0.6634464012114588,0.41816195445553916,0.17982456140350878,0.11512089498376038,0.8201754385964912,0.962558901394842,0.9980544872696693,0.7219381541295011,0.07761098444461823
a_to_b,xgboost,2,112,11,target,143070,0.5,495259,207044,270692,242894,0.6299514182626869,0.6187788773671187,0.7051927729199505,0.6709435577718983,0.6876419689320604,0.6168826132808856,0.23489162957300028,0.43338580303766094,0.32905644222810176,0.5666141969623391,0.585749465879713,0.6562922809127628,0.4735561789895684,0.28414851427078247
a_to_b,hgb,2,112,11,source_heldout,143070,0.5,135767,1374,5922,13867,0.9028802650863442,0.8595024216544509,0.9899811143275898,0.9073272117299545,0.9468538052480168,0.6920719090851493,0.4560303962670395,0.18832236842105263,0.09267278827004558,0.8116776315789473,0.9637901521745222,0.9981112717153067,0.7171592292530659,0.06736436636595804
a_to_b,hgb,2,112,11,target,143070,0.5,561837,294274,183462,176316,0.6129663151817313,0.5725813815913303,0.6562665355310234,0.7611389508679095,0.704823040600553,0.5714669629555634,0.15532453611734207,0.6159761876852488,0.2388610491320905,0.38402381231475125,0.5881153359719579,0.6626508510217503,0.48155779720100456,0.29733251061804133
a_to_b,mlp,3,112,11,source_heldout,143070,0.5,148687,3791,3505,947,0.9698081947365067,0.7370357218762904,0.9751373968703682,0.9936712244543352,0.984317074462451,0.7905071923214536,0.6012016724829526,0.5195997807017544,0.006328775545664756,0.4804002192982456,0.9505377967818963,0.9972989405689483,0.6728295257792114,0.026307135820388794
a_to_b,mlp,3,112,11,target,143070,0.5,668368,451134,26602,69785,0.5715735564677368,0.48057172644095647,0.5970226046938728,0.9054599791642112,0.7195824843687337,0.4061262609869579,-0.07024407794024086,0.9443165262822981,0.09454002083578879,0.055683473717701826,0.5294119817778093,0.6755640365009765,0.4459223909623057,0.3744763731956482
a_to_b,majority,1,113,11,source_heldout,210190,0.5,89558,252,0,0,0.9971940763834762,0.5,0.9971940763834762,1.0,0.9985950671245707,0.49929753356228534,0.0,1.0,0.0,0.0,0.5,0.9971940763834762,0.0028059236165237722,0.0028059236165237722
a_to_b,majority,1,113,11,target,210190,0.5,738153,477736,0,0,0.6070891339587742,0.5,0.6070891339587742,1.0,0.7555139551759891,0.37775697758799454,0.0,1.0,0.0,0.0,0.5,0.6070891339587742,0.3929108660412258,0.3929108660412258
a_to_b,stratified,1,113,11,source_heldout,210190,0.5,82781,234,18,6777,0.9219351965259993,0.49787846981844164,0.9971812323074143,0.9243283682083119,0.9593737143122041,0.4822411355724494,-0.0008487087059825377,0.9285714285714286,0.07567163179168807,0.07142857142857142,0.49787846981844164,0.9971822042396087,0.0027947152598089713,0.07806480347400067
a_to_b,stratified,1,113,11,target,210190,0.5,682543,441754,35982,55610,0.5909462130178001,0.4999905318863804,0.6070842490907652,0.9246633150579894,0.7329517570941502,0.4296767047843232,-3.504219794800019e-05,0.9246822512852286,0.07533668494201066,0.07531774871477134,0.4999905318863804,0.6070846171005273,0.3929063498359565,0.40905378698219985
a_to_b,logreg,2,113,11,source_heldout,210190,0.5,86183,164,88,3375,0.9605945885758824,0.6557606368064395,0.9981006867638713,0.9623149244065299,0.9798811858673716,0.5136283452890021,0.08558355076857521,0.6507936507936508,0.03768507559347015,0.3492063492063492,0.9336001817745492,0.9996534683971354,0.06643625400231967,0.057414854042793596
a_to_b,logreg,2,113,11,target,210190,0.5,216073,10890,466846,522080,0.5616622898965283,0.6349630701152476,0.9520186109630204,0.2927211567249608,0.44776586441422583,0.5421880359051701,0.33833949318902257,0.022795016494465564,0.7072788432750392,0.9772049835055344,0.6797309753147358,0.7805327246620917,0.5291659341874223,0.3741011131192694
a_to_b,tree,2,113,11,source_heldout,210190,0.5,72101,164,88,17457,0.8037969045763278,0.5771411946572178,0.9977305749671348,0.8050760401080864,0.8911094220228274,0.45049936460471596,0.020583922109258055,0.6507936507936508,0.19492395989191363,0.3492063492063492,0.727502408654567,0.9989047430968445,0.006222965760724157,0.19501976933375922
a_to_b,tree,2,113,11,target,210190,0.5,559888,305150,172586,178265,0.6024184773445602,0.5598783387808246,0.6472409304562343,0.7584985768533082,0.6984669948870721,0.5575230313126409,0.12908862221711018,0.638741899291659,0.24150142314669182,0.361258100708341,0.564293579032802,0.6446513336790471,0.4827833424385188,0.3690694815837751
a_to_b,rf,2,113,11,source_heldout,210190,0.5,74137,182,70,15421,0.8262665627435698,0.552793844336755,0.9975510972967881,0.8278099108957324,0.9047883473580796,0.4568405943104315,0.014783460020505765,0.7222222222222222,0.1721900891042676,0.2777777777777778,0.6785552778247457,0.9987792739061189,0.0807399378842026,0.06902390065014442
a_to_b,rf,2,113,11,target,210190,0.5,569271,325124,152612,168882,0.5937079782776223,0.5453292159853745,0.636487234387491,0.771210033692202,0.6974018528092283,0.5396497146132649,0.10039781585216477,0.6805516017214529,0.22878996630779797,0.31944839827854715,0.5400478918383265,0.6205067434969083,0.5513269760078797,0.27419745890962705
a_to_b,xgboost,2,113,11,source_heldout,210190,0.5,72084,144,108,17474,0.8038303084289055,0.6167288237790035,0.9980063133410866,0.8048862189865785,0.8911030620696475,0.4516073794143236,0.031122439836864323,0.5714285714285714,0.19511378101342147,0.42857142857142855,0.8484954948057073,0.9995170882883387,0.0680131992014779,0.08567795157432556
a_to_b,xgboost,2,113,11,target,210190,0.5,514671,283855,193881,223482,0.5827439840314371,0.5515372787074018,0.6445262896887515,0.6972416287680197,0.6698484198716843,0.5515270661562155,0.1060271662589713,0.594167071353216,0.30275837123198035,0.405832928646784,0.5425138686955377,0.6258224091992396,0.4613555372180826,0.2973933815956116
a_to_b,hgb,2,113,11,source_heldout,210190,0.5,71702,131,121,17856,0.7997216345618527,0.640389778442772,0.9981763256442026,0.8006208267268139,0.8885501669857675,0.4509128584668264,0.037119091350511786,0.5198412698412699,0.1993791732731861,0.4801587301587302,0.8079447804863178,0.999391831761953,0.02011703042701934,0.1623683351668326
a_to_b,hgb,2,113,11,target,210190,0.5,530113,292658,185078,208040,0.5882041864018838,0.552783922330022,0.644301998976629,0.7181614109811922,0.679229738283222,0.5521395862583722,0.11022951108375122,0.612593566321148,0.28183858901880776,0.3874064336788519,0.5995297398515316,0.6915113104291098,0.4975126015566975,0.3128511397173144
a_to_b,mlp,3,113,11,source_heldout,210190,0.5,89415,234,18,143,0.9958022491927402,0.5349159204091204,0.9973898202991668,0.9984032693896693,0.9978962875334111,0.5425316788756643,0.08732131983503265,0.9285714285714286,0.0015967306103307354,0.07142857142857142,0.9851449021065358,0.9999571564849103,0.10287817841549116,0.0049991304986178875
a_to_b,mlp,3,113,11,target,210190,0.5,705782,455114,22622,32371,0.5990711323155321,0.5017492303735441,0.6079631594906003,0.956145948062258,0.7433004624946487,0.4141145986836756,0.00822230951555534,0.9526474873151699,0.0438540519377419,0.047352512684830116,0.5661501551590287,0.6452300164848177,0.49361768778643195,0.2826874852180481
a_to_b,majority,1,114,11,source_heldout,198626,0.5,97371,4003,0,0,0.9605125574604928,0.5,0.9605125574604928,1.0,0.9798586127952904,0.4899293063976452,0.0,1.0,0.0,0.0,0.5,0.9605125574604928,0.03948744253950717,0.03948744253950717
a_to_b,majority,1,114,11,target,198626,0.5,738153,477736,0,0,0.6070891339587742,0.5,0.6070891339587742,1.0,0.7555139551759891,0.37775697758799454,0.0,1.0,0.0,0.0,0.5,0.6070891339587742,0.3929108660412258,0.3929108660412258
a_to_b,stratified,1,114,11,source_heldout,198626,0.5,91248,3754,249,6123,0.9025687059798371,0.49966007408976343,0.9604850424201595,0.9371168006901439,0.9486570360705504,0.4983285180352752,-0.0005455287172826903,0.9377966525106171,0.06288319930985611,0.062203347489382964,0.49966007408976343,0.9604867726539248,0.03946192487684499,0.09743129402016296
a_to_b,stratified,1,114,11,target,198626,0.5,691905,447765,29971,46248,0.5937022211731499,0.5000409041089806,0.6071099528810971,0.9373463225103739,0.7369224894998091,0.42256491743089847,0.0001648325320879593,0.9372645142924125,0.06265367748962614,0.06273548570758745,0.5000409041089806,0.6071086484990522,0.3929303953728132,0.40629777882685014
a_to_b,logreg,2,114,11,source_heldout,198626,0.5,91790,784,3219,5581,0.9372126975358573,0.8734150147882458,0.9915310994447685,0.9426831397438662,0.9664902998236331,0.7346705970726382,0.5165870699939984,0.19585311016737447,0.05731686025613376,0.8041468898326255,0.9428576412018355,0.9970174067962749,0.6754165082412424,0.07727442410967161
a_to_b,logreg,2,114,11,target,198626,0.5,216151,11264,466472,522002,0.56141884662169,0.6346244751140259,0.950469406151749,0.2928268258748525,0.447717819977464,0.5420070606629191,0.33723218709294617,0.023577875646800743,0.7071731741251475,0.9764221243531993,0.7556818698469763,0.8168449717904804,0.6396036848009412,0.3834910131519162
a_to_b,tree,2,114,11,source_heldout,198626,0.5,91664,119,3884,5707,0.9425296427091759,0.955830707871008,0.9987034636043712,0.9413891199638496,0.9691996997155756,0.7703141355720735,0.6066359097967848,0.029727704221833625,0.05861088003615039,0.9702722957781664,0.9822065237743289,0.9986941609457927,0.88136870081054,0.03779998647755941
a_to_b,tree,2,114,11,target,198626,0.5,604229,416528,61208,133924,0.5472843326981328,0.473344874839622,0.591942058687817,0.8185687791013516,0.6870493658004104,0.4344905186956361,-0.07093367642178633,0.8718790294221076,0.18143122089864838,0.1281209705778924,0.4763811061668536,0.5952660165993866,0.39629404536053503,0.4369519128764347
a_to_b,rf,2,114,11,source_heldout,198626,0.5,95633,393,3610,1738,0.9789788308639296,0.9419871876550834,0.9959073584237602,0.9821507430343737,0.9889812148068481,0.8805455747865916,0.770117810544755,0.09817636772420685,0.017849256965626316,0.9018236322757932,0.9945393203200217,0.9997674105748109,0.9104901848147819,0.01441602348622895
a_to_b,rf,2,114,11,target,198626,0.5,628690,317082,160654,109463,0.649190838966386,0.5939944293569834,0.6647373785648126,0.8517068954539235,0.7466959633000282,0.5881682738732184,0.22086663029071302,0.6637180367399568,0.1482931045460765,0.3362819632600432,0.5652448127433347,0.6286498070668932,0.518229811287843,0.2821461140451984
a_to_b,xgboost,2,114,11,source_heldout,198626,0.5,92129,77,3926,5242,0.9475309250892734,0.9634645479159981,0.999164913346203,0.9461646691520063,0.9719427989682292,0.7840505126873643,0.629415206859605,0.019235573320009993,0.05383533084799376,0.98076442667999,0.9945644950284576,0.9997717410937037,0.914662150577089,0.033278580754995346
a_to_b,xgboost,2,114,11,target,198626,0.5,557334,283834,193902,180819,0.6178491622179327,0.5804577377697839,0.6625715671542427,0.7550385895607008,0.7057893867047927,0.5803571929271549,0.1702039381541944,0.594123114021133,0.24496141043929917,0.405876885978867,0.5462323065169741,0.6300434769224594,0.48135382240992863,0.29791608452796936
a_to_b,hgb,2,114,11,source_heldout,198626,0.5,91873,79,3924,5498,0.944985893818928,0.9619001754989537,0.9991408560988342,0.9435355495989566,0.9705424063637276,0.7775617059751598,0.619631650539116,0.019735198601049213,0.056464450401043434,0.9802648013989508,0.9940571473655185,0.9997485767689026,0.9081837200779688,0.034407080127432245
a_to_b,hgb,2,114,11,target,198626,0.5,566229,284665,193071,171924,0.6244813465702873,0.5856131841992902,0.6654518659198443,0.7670889368464261,0.7126648865640852,0.5854340189924413,0.1824553643356592,0.5958625684478457,0.23291106315357385,0.4041374315521543,0.6185718334306742,0.6926690839835115,0.5208376703956392,0.25952170839498323
a_to_b,mlp,3,114,11,source_heldout,198626,0.5,96958,1170,2833,413,0.9843845561978417,0.8517388506565563,0.9880767976520463,0.9957584907210566,0.9919027718811861,0.8867639118062297,0.7781928112212922,0.29228078940794405,0.004241509278943422,0.707719210592056,0.9902071243652634,0.9995770113027367,0.8820231849215409,0.011548093520104885
a_to_b,mlp,3,114,11,target,198626,0.5,637525,442866,34870,100628,0.5530068945438276,0.4683330310494281,0.5900872924709666,0.8636759587781937,0.7011378333435979,0.4074313867892419,-0.09829846807287138,0.9270098966793375,0.13632404122180633,0.07299010332066246,0.6205993006810254,0.7552428506577833,0.46405380872875435,0.34145134687423706
a_to_b,majority,1,115,11,source_heldout,197936,0.5,98119,3945,0,0,0.9613477817839787,0.5,0.9613477817839787,1.0,0.9802930318758336,0.4901465159379168,0.0,1.0,0.0,0.0,0.5,0.9613477817839787,0.03865221821602132,0.03865221821602132
a_to_b,majority,1,115,11,target,197936,0.5,738153,477736,0,0,0.6070891339587742,0.5,0.6070891339587742,1.0,0.7555139551759891,0.37775697758799454,0.0,1.0,0.0,0.0,0.5,0.6070891339587742,0.3929108660412258,0.3929108660412258
a_to_b,stratified,1,115,11,source_heldout,197936,0.5,92097,3695,250,6022,0.9047950305690547,0.5009984513386276,0.9614268414898948,0.9386255465302337,0.949889382242369,0.49941371333905665,0.0016028368350010113,0.9366286438529785,0.061374453469766305,0.06337135614702155,0.5009984513386276,0.9614219892436527,0.038728737586206985,0.0952049694309453
a_to_b,stratified,1,115,11,target,197936,0.5,693010,448448,29288,45143,0.5940492923284938,0.5000745639727925,0.6071270252606754,0.9388433021338395,0.7373972593265309,0.4217405535739664,0.00030382207043713587,0.9386941741882546,0.061156697866160535,0.0613058258117454,0.5000745639727925,0.6071247079537733,0.3929464904246659,0.4059507076715062
a_to_b,logreg,2,115,11,source_heldout,197936,0.5,92462,742,3203,5657,0.9373040445210848,0.8771296670860509,0.992038968284623,0.9423455192164616,0.966553942808758,0.7334136367694708,0.5164004562505643,0.18808618504435995,0.05765448078353835,0.8119138149556401,0.9456236291331969,0.9972147397078767,0.6910490921463182,0.0779494711156607
a_to_b,logreg,2,115,11,target,197936,0.5,216661,11242,466494,521492,0.5618563865616023,0.6349929572193965,0.9506719964195294,0.2935177395472212,0.4485474962113998,0.54254283323917,0.3378764089415707,0.023531825108428085,0.7064822604527787,0.9764681748915719,0.7723609268541541,0.8251648292714505,0.676378099892322,0.3838143386859955
a_to_b,tree,2,115,11,source_heldout,197936,0.5,92558,135,3810,5561,0.9441918796049538,0.9545516953360389,0.9985435793425609,0.9433239229914695,0.9701486279688909,0.7711962725305554,0.6068717198895138,0.034220532319391636,0.05667607700853046,0.9657794676806084,0.9794706166980628,0.9984467275757019,0.8902350059077002,0.03604119290888518
a_to_b,tree,2,115,11,target,197936,0.5,551812,308546,169190,186341,0.5929834055575797,0.55085366389504,0.6413748695310557,0.7475577556414456,0.6904075104894493,0.548247917560045,0.10920463841654987,0.6458504278513656,0.2524422443585544,0.3541495721486344,0.5483586574386725,0.6375975719317876,0.4364063855242607,0.39056291290316036
a_to_b,rf,2,115,11,source_heldout,197936,0.5,96255,413,3532,1864,0.9776904687255056,0.9381565898401918,0.9957276451359292,0.9810026600352633,0.9883103081827843,0.8722731286123213,0.754887209183576,0.1046894803548796,0.0189973399647367,0.8953105196451204,0.9946034994288186,0.9997811835651106,0.9088631992586474,0.014786036171450922
a_to_b,rf,2,115,11,target,197936,0.5,628383,309669,168067,109770,0.6550351224494999,0.6015449470015752,0.6698807742001509,0.8512909925178114,0.7497686738793883,0.5973208189209189,0.236236497278877,0.6482010985146608,0.14870900748218865,0.3517989014853392,0.5322467254240806,0.6262681522267954,0.4697100165158755,0.2708425831067322
a_to_b,xgboost,2,115,11,source_heldout,197936,0.5,92872,87,3858,5247,0.9477386737733187,0.9622354433665306,0.999064103529513,0.9465241186722245,0.9720846983954197,0.7816745331057557,0.625183637180705,0.022053231939163497,0.053475881327775455,0.9779467680608365,0.9949755005726149,0.999793441280065,0.9230456524792552,0.034947238862514496
a_to_b,xgboost,2,115,11,target,197936,0.5,554449,284312,193424,183704,0.6150832847406301,0.5780032595599028,0.6610333575356985,0.7511301857473992,0.7032076574879796,0.5778667196833673,0.16472003370972194,0.5951236666275935,0.24886981425260074,0.4048763333724065,0.5730364794680518,0.6413954183322691,0.4933969543474696,0.3039558231830597
a_to_b,hgb,2,115,11,source_heldout,197936,0.5,92755,89,3856,5364,0.9465727386737733,0.9613857431415469,0.9990414027831631,0.9453316890714336,0.9714447301309678,0.7786202002344926,0.620514371941071,0.02256020278833967,0.05466831092856633,0.9774397972116603,0.994820608600888,0.9997849147938954,0.921305923224692,0.03497766806226769
a_to_b,hgb,2,115,11,target,197936,0.5,566105,287862,189874,172048,0.6217500117198198,0.5821832005184218,0.6629120329005688,0.7669209499927522,0.7111335828957617,0.5816993358885936,0.17557076003488248,0.6025545489559087,0.23307905000724782,0.3974454510440913,0.5514829686371548,0.6330761080828148,0.4874649368000735,0.28408234361031887
a_to_b,mlp,3,115,11,source_heldout,197936,0.5,97920,1237,2708,199,0.9859303966138894,0.842205190146297,0.9875248343536008,0.9979718505080566,0.9927208580871469,0.8915735055175957,0.7931082052582714,0.3135614702154626,0.0020281494919434564,0.6864385297845373,0.9905384580537865,0.9995962040854417,0.8886679706752377,0.010874517261981964
a_to_b,mlp,3,115,11,target,197936,0.5,677236,442791,34945,60917,0.5857286314786958,0.4953104212298346,0.6046604233647939,0.9174737486672817,0.7289240009041105,0.42538445834068106,-0.016997831544893892,0.9268529062076126,0.08252625133271828,0.07314709379238743,0.6237825461189979,0.7156149647564576,0.4890733387489362,0.3550528287887573
a_to_b,majority,1,116,11,source_heldout,211234,0.5,88743,23,0,0,0.9997408917828898,0.5,0.9997408917828898,1.0,0.9998704291050031,0.49993521455250156,0.0,1.0,0.0,0.0,0.5,0.9997408917828898,0.0002591082171101548,0.0002591082171101548
a_to_b,majority,1,116,11,target,211234,0.5,738153,477736,0,0,0.6070891339587742,0.5,0.6070891339587742,1.0,0.7555139551759891,0.37775697758799454,0.0,1.0,0.0,0.0,0.5,0.6070891339587742,0.3929108660412258,0.3929108660412258
a_to_b,stratified,1,116,11,source_heldout,211234,0.5,81949,21,2,6794,0.9232251087127954,0.5051991853368472,0.9997438087105038,0.9234418489345638,0.9600791972491843,0.480332896762149,0.0006294222820819755,0.9130434782608695,0.07655815106543615,0.08695652173913043,0.5051991853368472,0.9997435853959189,0.00026216756860232907,0.07677489128720456
a_to_b,stratified,1,116,11,target,211234,0.5,681905,441336,36400,56248,0.5907652754486635,0.4999958522725174,0.6070869920168512,0.923798995601183,0.7326820651619163,0.4301576894296776,-1.527048711757128e-05,0.9238072910561481,0.07620100439881705,0.07619270894385183,0.4999958522725174,0.6070871552349771,0.3929088874412261,0.4092347245513365
a_to_b,logreg,2,116,11,source_heldout,211234,0.5,82656,10,13,6087,0.931313791316495,0.7483130328956749,0.9998790312825103,0.9314086744870018,0.9644301057704088,0.48433819513573517,0.03159599975707184,0.43478260869565216,0.06859132551299821,0.5652173913043478,0.687314467913942,0.9995870563872477,0.03500162395472281,0.05651410103412187
a_to_b,logreg,2,116,11,target,211234,0.5,217306,15347,462389,520847,0.5590107320651803,0.631133552602678,0.9340348072021423,0.29439154213286406,0.447681617130508,0.5403348960631664,0.32563253308182877,0.03212443692750808,0.705608457867136,0.9678755630724919,0.672135538319219,0.7669913143391904,0.5197943822418383,0.3771774210536576
a_to_b,tree,2,116,11,source_heldout,211234,0.5,70455,5,18,18288,0.7939188428001712,0.7882652348819674,0.999929037751916,0.7939217741117609,0.8850963863746286,0.44353024349011316,0.022934284068041478,0.21739130434782608,0.20607822588823907,0.782608695652174,0.8153468565065022,0.999944308710955,0.0017164760439737727,0.19672871506576367
a_to_b,tree,2,116,11,target,211234,0.5,305707,271384,206352,432446,0.42113959415703245,0.4230442855140073,0.5297379442756862,0.41415126674280267,0.4648673554108591,0.4172484706270961,-0.15053383465661885,0.5680626957147881,0.5858487332571973,0.43193730428521193,0.43057205867822007,0.5667890002293177,0.37049599417194523,0.5566280373549378
a_to_b,rf,2,116,11,source_heldout,211234,0.5,71443,17,6,17300,0.8049140436653673,0.5329623059063079,0.9997621046739434,0.8050550465952244,0.8919058943964845,0.44629918760449766,0.0026782350951235685,0.7391304347826086,0.19494495340477558,0.2608695652173913,0.792909079417899,0.9999384828776099,0.017653563505498966,0.08725614778613804
a_to_b,rf,2,116,11,target,211234,0.5,405969,173790,303946,332184,0.5838649745165883,0.5931005773593168,0.7002375124836354,0.5499794757997326,0.6160790705297471,0.5809143694011161,0.18207606572124244,0.3637783210810992,0.45002052420026745,0.6362216789189008,0.55711128557923,0.6190665911044151,0.48734055120639985,0.3019615647694703
a_to_b,xgboost,2,116,11,source_heldout,211234,0.5,71429,11,12,17314,0.8048239190681117,0.6633182090540883,0.9998460246360582,0.804897287673394,0.8918424551918743,0.44661291011366155,0.013264036172917031,0.4782608695652174,0.19510271232660603,0.5217391304347826,0.8253312324940265,0.9999485564419479,0.0020595086127911605,0.12374322861433029
a_to_b,xgboost,2,116,11,target,211234,0.5,308430,142926,334810,429723,0.5290285544157403,0.5593333008516678,0.6833408661898812,0.41784020386017534,0.5185837181559786,0.5288067548050822,0.11996041419575618,0.29917360215683975,0.5821597961398247,0.7008263978431603,0.5952737491000081,0.6620339973381001,0.4748395915063662,0.3389226496219635
a_to_b,hgb,2,116,11,source_heldout,211234,0.5,71656,10,13,17087,0.8073924700898993,0.6863363136051392,0.9998604638182681,0.8074552359059306,0.8934162048264125,0.44746731516798055,0.015209110957792468,0.43478260869565216,0.1925447640940694,0.5652173913043478,0.7943649199030518,0.9999289509522733,0.0032280347044658366,0.09788066309151404
a_to_b,hgb,2,116,11,target,211234,0.5,313773,147136,330600,424380,0.529960382896794,0.5585462699957107,0.6807699567593604,0.425078540627756,0.5233640962685833,0.5298703413015743,0.11787483238746606,0.3079860006363347,0.5749214593722439,0.6920139993636653,0.5784484213856133,0.6648616052378981,0.460751719128774,0.3458917019530839
a_to_b,mlp,3,116,11,source_heldout,211234,0.5,88694,22,1,49,0.9992001441993557,0.5214630523215793,0.9997520176743767,0.9994478437735934,0.9995999075842871,0.5134985839291298,0.029118330611554836,0.9565217391304348,0.0005521562264065898,0.043478260869565216,0.9840849664076383,0.9999954064574246,0.05233680992332224,0.001564523670822382
a_to_b,mlp,3,116,11,target,211234,0.5,655575,450392,27344,82578,0.5616622898965283,0.4726827583169587,0.5927618093487419,0.8881288838492832,0.7109895234583433,0.40202522672752106,-0.09305090997232746,0.9427633672153658,0.11187111615071672,0.057236632784634194,0.6064374617788253,0.6668539396118495,0.48000073936689447,0.2926008999347687
a_to_b,majority,1,117,11,source_heldout,197029,0.5,98764,4207,0,0,0.9591438366141923,0.5,0.9591438366141923,1.0,0.9791459092373659,0.48957295461868294,0.0,1.0,0.0,0.0,0.5,0.9591438366141923,0.04085616338580766,0.04085616338580766
a_to_b,majority,1,117,11,target,197029,0.5,738153,477736,0,0,0.6070891339587742,0.5,0.6070891339587742,1.0,0.7555139551759891,0.37775697758799454,0.0,1.0,0.0,0.0,0.5,0.6070891339587742,0.3929108660412258,0.3929108660412258
a_to_b,stratified,1,117,11,source_heldout,197029,0.5,92776,3946,261,5988,0.9035262355420458,0.5007050394600582,0.9592026633030748,0.9393706208740027,0.9491830617026283,0.49955327530425986,0.0011691254517127306,0.9379605419538863,0.06062937912599733,0.06203945804611362,0.5007050394600582,0.9591990966774518,0.040912651508691535,0.09647376445795418
a_to_b,stratified,1,117,11,target,197029,0.5,693486,448729,29007,44667,0.5942096688102285,0.5001028948695331,0.6071413875671393,0.9394881548947169,0.7376066812453732,0.42140848017401866,0.000421269329119814,0.9392823651556508,0.06051184510528305,0.06071763484434918,0.5001028948695331,0.6071382256048837,0.3929600546728808,0.4057903311897714
a_to_b,logreg,2,117,11,source_heldout,197029,0.5,93177,882,3325,5587,0.9371764865836012,0.86689011119197,0.9906229068988613,0.9434308047466688,0.9664510976387671,0.7366747446422359,0.5166112102129409,0.2096505823627288,0.05656919525333117,0.7903494176372712,0.947004388311313,0.9972521553007493,0.679464670604841,0.07433944925419764
a_to_b,logreg,2,117,11,target,197029,0.5,216363,11222,466514,521790,0.5616277472696932,0.6348120341113463,0.9506909506338291,0.29311402920532736,0.4480780501543897,0.5422527163816613,0.3376049008812424,0.02348996098263476,0.7068859707946726,0.9765100390173652,0.7203683058863898,0.8039374272491142,0.5646657546449255,0.38864158060923454
a_to_b,tree,2,117,11,source_heldout,197029,0.5,92910,129,4078,5854,0.9418962620543648,0.9550321050667833,0.99861348466772,0.9407273905471629,0.9688065358727445,0.772825362851147,0.610248547432605,0.030663180413596388,0.05927260945283706,0.9693368195864036,0.9808853593958287,0.9985179018829443,0.8727647092848707,0.04169463856843119
a_to_b,tree,2,117,11,target,197029,0.5,130235,14666,463070,607918,0.48795983843919966,0.5728673242788013,0.8987860677290012,0.17643361200184784,0.29496497382946,0.44648347095062024,0.2196858087693543,0.03069896344424536,0.8235663879981522,0.9693010365557546,0.5538104754389697,0.6880234524628123,0.41243723237744,0.4062191732415026
a_to_b,rf,2,117,11,source_heldout,197029,0.5,96548,433,3774,2216,0.9742743102426897,0.9373194880306035,0.995535207927326,0.9775626746587825,0.9864670872819229,0.8633423991867102,0.7397035072979278,0.10292369859757547,0.022437325341217448,0.8970763014024246,0.9933857893595743,0.9997167957334434,0.8835943379290548,0.01713284733094871
a_to_b,rf,2,117,11,target,197029,0.5,400861,172612,305124,337292,0.5806327715770108,0.5908734885713227,0.6990058817067237,0.5430595012145178,0.6112428390410071,0.5780165944610474,0.17781554006907124,0.3613125240718723,0.45694049878548215,0.6386874759281277,0.6166223662599918,0.7185182217735228,0.5205820596742186,0.27137213271373223
a_to_b,xgboost,2,117,11,source_heldout,197029,0.5,93001,73,4134,5763,0.9433238484621884,0.9621483732901102,0.999215677847734,0.9416487789072941,0.9695784985247969,0.7778975873225232,0.6207704583653266,0.017352032327073923,0.058351221092705845,0.9826479676729261,0.9940877493983468,0.9997427279152971,0.9100349634865702,0.03797433525323868
a_to_b,xgboost,2,117,11,target,197029,0.5,327724,142783,334953,410429,0.5450143886489639,0.5725520713706754,0.6965337391367185,0.4439784163987683,0.5422931179984446,0.5449983051103906,0.14550385370001734,0.2988742736574175,0.5560215836012318,0.7011257263425825,0.6729402795822372,0.7482616444158912,0.5574007774722688,0.331916868686676
a_to_b,hgb,2,117,11,source_heldout,197029,0.5,92892,95,4112,5872,0.9420516456089578,0.9589818629860031,0.998978351812619,0.9405451379044996,0.9688815182189402,0.7742018753098788,0.6141121743630005,0.022581411932493464,0.05945486209550038,0.9774185880675066,0.9935850143186952,0.9997206006206442,0.9041846687876719,0.038516505490791275
a_to_b,hgb,2,117,11,target,197029,0.5,375879,145411,332325,362274,0.5824577736948028,0.6024201746716584,0.7210554585739224,0.5092155691299771,0.5968971997938771,0.5819213274023018,0.20215100886652987,0.30437521978666043,0.4907844308700229,0.6956247802133396,0.674527538862925,0.745441814454673,0.5985798760989552,0.301672617930783
a_to_b,mlp,3,117,11,source_heldout,197029,0.5,98405,1381,2826,359,0.9831020384380068,0.8340513262584927,0.986160383220091,0.9963650722935482,0.9912364643666582,0.8779234269885239,0.7639048407671389,0.3282624197765629,0.0036349277064517435,0.6717375802234371,0.9905373258735879,0.9995805637644385,0.8790105603345314,0.01235328521579504
a_to_b,mlp,3,117,11,target,197029,0.5,682689,447160,30576,55464,0.5866201602284419,0.4944314907718495,0.6042302998011239,0.9248611060308635,0.7309296242723509,0.41969911795976494,-0.021211711653147055,0.9359981244871645,0.07513889396913648,0.06400187551283554,0.6101776913559206,0.6990879930152342,0.4883379646185565,0.33244508504867554
a_to_b,majority,1,118,11,source_heldout,211002,0.5,85063,3935,0,0,0.9557855232701858,0.5,0.9557855232701858,1.0,0.977392982919781,0.4886964914598905,0.0,1.0,0.0,0.0,0.5,0.9557855232701858,0.044214476729814156,0.044214476729814156
a_to_b,majority,1,118,11,target,211002,0.5,738153,477736,0,0,0.6070891339587742,0.5,0.6070891339587742,1.0,0.7555139551759891,0.37775697758799454,0.0,1.0,0.0,0.0,0.5,0.6070891339587742,0.3929108660412258,0.3929108660412258
a_to_b,stratified,1,118,11,source_heldout,211002,0.5,80197,3712,223,4866,0.9036158115912717,0.4997331210423141,0.9557615988749717,0.9427953399245266,0.9492341926473025,0.49932897575627533,-0.0004725704334716693,0.9433290978398984,0.05720466007547347,0.05667090216010165,0.49973312104231415,0.9557629674618674,0.044192121600373634,0.09638418840872828
a_to_b,stratified,1,118,11,target,211002,0.5,696131,450467,27269,42022,0.5949556250611693,0.5000755325875536,0.6071273454166151,0.9430714228621979,0.7386981091932038,0.4191985135812589,0.0003182640119000919,0.9429203576870908,0.056928577137802056,0.05707964231290922,0.5000755325875536,0.6071251700926898,0.3929469578959821,0.4050443749388308
a_to_b,logreg,2,118,11,source_heldout,211002,0.5,78917,596,3339,6146,0.9242454886626665,0.8881432120696968,0.9925043703545332,0.9277476693744636,0.9590341240521096,0.7283248116534766,0.5171624328654554,0.15146124523506987,0.07225233062553636,0.8485387547649301,0.936853060593508,0.9963038300175148,0.6961601739463914,0.09144898384463071
a_to_b,logreg,2,118,11,target,211002,0.5,216749,11022,466714,521404,0.5621096991583936,0.6352828181496603,0.9516092917886825,0.2936369560240221,0.44879100219064855,0.542786009290547,0.33867738422310595,0.02307131972470151,0.7063630439759779,0.9769286802752984,0.7128284436223606,0.8035931149030697,0.5557394918147184,0.4026232241536563
a_to_b,tree,2,118,11,source_heldout,211002,0.5,79280,255,3680,5783,0.9321557787815457,0.9336060225696237,0.9967938643364557,0.9320150946945205,0.963316686715513,0.7563262042325138,0.578328313291819,0.06480304955527319,0.06798490530547947,0.9351969504447268,0.968978497303613,0.99755753211791,0.8088857644619977,0.053484645978141336
a_to_b,tree,2,118,11,target,211002,0.5,542841,313116,164620,195312,0.5818466981772185,0.539994034038035,0.6341919044998756,0.7354044486712105,0.6810583962210889,0.5370509704594941,0.08557682760469254,0.6554163805951404,0.26459555132878954,0.3445836194048596,0.5425755351458403,0.6347265831697932,0.4324601850482875,0.38135960651870904
a_to_b,rf,2,118,11,source_heldout,211002,0.5,82607,420,3515,2456,0.9676846670711702,0.9321964237852202,0.9949414046033218,0.9711272821320668,0.9828901183889583,0.8462805124551294,0.710265421636513,0.10673443456162643,0.02887271786793318,0.8932655654383735,0.9763300826395492,0.9988352433771365,0.6591423060812047,0.028441716377491787
a_to_b,rf,2,118,11,target,211002,0.5,621910,302939,174797,116243,0.6552464904279913,0.6042039938121426,0.6724449072226926,0.842521807809492,0.7479365629145365,0.6013388029095508,0.23854470593803068,0.6341138201852069,0.15747819219050793,0.3658861798147931,0.5759143154749229,0.626387829162083,0.574824003320471,0.2769302780708875
a_to_b,xgboost,2,118,11,source_heldout,211002,0.5,78475,203,3732,6588,0.9236949144924606,0.9354816052997628,0.9974198632400417,0.922551520637645,0.9585259647858508,0.7410658585767206,0.5592114078831122,0.05158831003811944,0.07744847936235497,0.9484116899618805,0.9861249187592944,0.9992432969677889,0.8878284977030262,0.04940307140350342
a_to_b,xgboost,2,118,11,target,211002,0.5,549626,284844,192892,188527,0.6106790998191447,0.5741795288027003,0.6586527975840953,0.7445963099790964,0.6989927020016876,0.5740099719423503,0.15616176878627602,0.596237252373696,0.2554036900209035,0.40376274762630404,0.5671241017088096,0.6656558996065567,0.49945844906575737,0.3446412980556488
a_to_b,hgb,2,118,11,source_heldout,211002,0.5,79495,213,3722,5568,0.9350434841232387,0.9402065135040579,0.9973277462738998,0.9345426331072264,0.9649149425566392,0.7638941442461835,0.5919300158253535,0.05412960609911054,0.0654573668927736,0.9458703939008895,0.9855003633527859,0.9991658078960974,0.901374974578768,0.044448304632761136
a_to_b,hgb,2,118,11,target,211002,0.5,575236,289156,188580,162917,0.6281955013985652,0.5870139281493988,0.6654804764504993,0.7792910141935344,0.717903085404778,0.5863665153337242,0.18748639944883766,0.6052631578947368,0.22070898580646559,0.39473684210526316,0.578874102266332,0.6560586809213695,0.5283494490488958,0.3322933781664361
a_to_b,mlp,3,118,11,source_heldout,211002,0.5,84738,2795,1140,325,0.964943032427695,0.642943526676192,0.9680691853358162,0.9961793023993981,0.9819231036640478,0.702072662943135,0.46188353974170027,0.7102922490470139,0.003820697600601907,0.289707750952986,0.971074396596791,0.9969571592869788,0.7409259489637359,0.021970991045236588
a_to_b,mlp,3,118,11,target,211002,0.5,706627,439254,38482,31526,0.6128100509174769,0.5189207308125109,0.6166670011982047,0.9572906971860847,0.750121282312315,0.4453160889565898,0.07933987046899857,0.9194492355610631,0.04270930281391527,0.08055076443893698,0.5557001147776055,0.6292335467692158,0.5408216821449603,0.3102734088897705
a_to_b,majority,1,119,11,source_heldout,147372,0.5,147278,5350,0,0,0.9649474539402992,0.5,0.9649474539402992,1.0,0.9821610771375031,0.49108053856875156,0.0,1.0,0.0,0.0,0.5,0.9649474539402992,0.035052546059700714,0.035052546059700714
a_to_b,majority,1,119,11,target,147372,0.5,738153,477736,0,0,0.6070891339587742,0.5,0.6070891339587742,1.0,0.7555139551759891,0.37775697758799454,0.0,1.0,0.0,0.0,0.5,0.6070891339587742,0.3929108660412258,0.3929108660412258
a_to_b,stratified,1,119,11,source_heldout,147372,0.5,136552,4939,411,10726,0.8973648347616426,0.5019970865702131,0.9650931861390477,0.9271717432338842,0.9457524872822222,0.4978049753691392,0.002824386968226675,0.9231775700934579,0.07282825676611578,0.07682242990654206,0.5019970865702131,0.9650825727170582,0.035194780298742415,0.1026351652383573
a_to_b,stratified,1,119,11,target,147372,0.5,684211,442811,34925,53942,0.5914487259939024,0.5000141194265182,0.6070964009575678,0.9269230091864423,0.7336694948195209,0.4284740257051454,5.298803026636253e-05,0.926894770333406,0.07307699081355762,0.07310522966659411,0.5000141194265182,0.6070958699071637,0.39291760348894683,0.4085512740060976
a_to_b,logreg,2,119,11,source_heldout,147372,0.5,105879,1291,4059,41399,0.7203003380768929,0.7387986658329286,0.9879537183913408,0.7189057428808104,0.8322250518770044,0.49600151979773693,0.1920728339241388,0.24130841121495328,0.28109425711918956,0.7586915887850467,0.9067470451011777,0.9959538067517395,0.549326787723053,0.12354789337968658
a_to_b,logreg,2,119,11,target,147372,0.5,218370,13195,464541,519783,0.5616557103485598,0.6341065603619278,0.9430181590482154,0.295832977716002,0.4503783574193735,0.5429196412078059,0.33361202936784695,0.02761985699214629,0.7041670222839981,0.9723801430078537,0.6670784297302823,0.7786393317466872,0.5166810437731921,0.4042899049607983
a_to_b,tree,2,119,11,source_heldout,147372,0.5,112550,625,4725,34728,0.7683714652619441,0.8236893024356127,0.9944775789706207,0.7642010347777672,0.8642634179679252,0.5375933968173666,0.27194990065950797,0.11682242990654206,0.2357989652222328,0.883177570093458,0.8673258354440131,0.992658754021952,0.5208067748378138,0.20796489006112232
a_to_b,tree,2,119,11,target,147372,0.5,307417,200702,277034,430736,0.4806779237249453,0.49817858544783833,0.60500985005481,0.4164678596442743,0.493338532840343,0.4803534485331258,-0.003607257825285889,0.4201106887485975,0.5835321403557258,0.5798893112514024,0.4971157983607461,0.60941060214758,0.4009993499964729,0.4807294049157504
a_to_b,rf,2,119,11,source_heldout,147372,0.5,141814,1128,4222,5464,0.9568100217522342,0.876029486102511,0.9921086874396609,0.962900093700349,0.9772861966783819,0.7694358623721784,0.5673428255788288,0.2108411214953271,0.037099906299651,0.7891588785046729,0.9333670642321412,0.9969619876162074,0.7359411268727668,0.06348910777154197
a_to_b,rf,2,119,11,target,147372,0.5,388085,175429,302307,350068,0.5678084101427022,0.5792711750827366,0.6886874150420398,0.5257514363553355,0.5962892199003278,0.5656466517849925,0.15527854778726904,0.3672090861898622,0.47424856364466444,0.6327909138101379,0.6100027897879158,0.6974307287136072,0.5721202295499197,0.24852189152199153
a_to_b,xgboost,2,119,11,source_heldout,147372,0.5,132011,520,4830,15267,0.8965655056739261,0.8995713174132003,0.9960763896748686,0.8963388965086435,0.9435793702132527,0.6615959491063119,0.43465609853438053,0.09719626168224299,0.10366110349135649,0.902803738317757,0.9756571519078991,0.9990449349841313,0.804441911755455,0.071210578083992
a_to_b,xgboost,2,119,11,target,147372,0.5,344212,154336,323400,393941,0.5490731473020974,0.5716290815423553,0.6904290058329389,0.46631524900664223,0.5566616344613613,0.5489409954869771,0.1422558847641786,0.3230570859219318,0.5336847509933578,0.6769429140780682,0.6296786071441829,0.6939396747783861,0.5442420463413722,0.2981608510017395
a_to_b,hgb,2,119,11,source_heldout,147372,0.5,133527,541,4809,13751,0.9063605629373378,0.9027554299053999,0.9959647343139303,0.9066323551379025,0.9492013392761938,0.6757299042679589,0.4532790829975124,0.10112149532710281,0.09336764486209753,0.8988785046728972,0.9794451201891317,0.9992074692664582,0.8083204965474544,0.058538548332182784
a_to_b,hgb,2,119,11,target,147372,0.5,365210,153547,324189,372943,0.566991723751099,0.5866781899455882,0.704009777217464,0.49476192605056135,0.5811235490210118,0.5664983052526829,0.17118571224953644,0.3214055461593851,0.5052380739494386,0.6785944538406149,0.6590845568259234,0.7298367601442114,0.5732291627920014,0.26864216578273853
a_to_b,mlp,3,119,11,source_heldout,147372,0.5,146497,2013,3337,781,0.9816940535157376,0.8092177105970234,0.9864453572150024,0.9946971034370374,0.9905540454649951,0.8477273818368491,0.7019709919511049,0.37626168224299067,0.005302896562962561,0.6237383177570094,0.9728845918323705,0.9988792414183028,0.7898002010759259,0.016526149585843086
a_to_b,mlp,3,119,11,target,147372,0.5,705050,445339,32397,33103,0.6065084888505448,0.5114839439494115,0.6128796433206507,0.9551542837325053,0.7466606514443417,0.4329673895397382,0.04968728064140917,0.9321863958336822,0.04484571626749468,0.06781360416631779,0.5287132850663702,0.6218183049361128,0.4538103036320784,0.3581318259239197
a_to_b,majority,1,120,11,source_heldout,210700,0.5,85030,4270,0,0,0.9521836506159015,0.5,0.9521836506159015,1.0,0.9755062238283715,0.48775311191418574,0.0,1.0,0.0,0.0,0.5,0.9521836506159015,0.047816349384098546,0.047816349384098546
a_to_b,majority,1,120,11,target,210700,0.5,738153,477736,0,0,0.6070891339587742,0.5,0.6070891339587742,1.0,0.7555139551759891,0.37775697758799454,0.0,1.0,0.0,0.0,0.5,0.6070891339587742,0.3929108660412258,0.3929108660412258
a_to_b,stratified,1,120,11,source_heldout,210700,0.5,80266,4032,238,4764,0.9015005599104143,0.4998552102151025,0.9521696837410141,0.9439727155121722,0.9480534819994331,0.499695420896179,-0.000268712250644958,0.9442622950819672,0.05602728448782782,0.05573770491803279,0.4998552102151025,0.9521704662670868,0.04780322974439545,0.09849944008958567
a_to_b,stratified,1,120,11,target,210700,0.5,697001,451056,26680,41152,0.5951867316835665,0.5000483920557967,0.6071135840816266,0.9442500403032975,0.7390492044894259,0.4184277637204593,0.00020595493859852578,0.9441532561917042,0.05574995969670245,0.055846743808295796,0.5000483920557967,0.6071122209882631,0.39293397645549616,0.4048132683164335
a_to_b,logreg,2,120,11,source_heldout,210700,0.5,78477,616,3654,6553,0.9197200447928331,0.889335393679762,0.9922117001504558,0.9229330824414912,0.9563193458564613,0.7305600321186707,0.5221987493084204,0.14426229508196722,0.07706691755850877,0.8557377049180328,0.9359867697886487,0.9958321422316829,0.6707091480208621,0.09788877421822358
a_to_b,logreg,2,120,11,target,210700,0.5,215434,11024,466712,522719,0.5610265410740619,0.6343899881990913,0.9513198915472185,0.2918554825354635,0.4466753955739671,0.5414419081461315,0.3371921847252967,0.023075506137280842,0.7081445174645364,0.9769244938627192,0.7475002426340496,0.8147795957668695,0.6240263343345498,0.40562761951347
a_to_b,tree,2,120,11,source_heldout,210700,0.5,78557,2201,2069,6473,0.9028667413213886,0.7042086261881397,0.9727457341687511,0.9238739268493473,0.9476801698554781,0.6353293137756941,0.2962999275686472,0.5154566744730679,0.07612607315065271,0.4845433255269321,0.6620566415324968,0.966749342034827,0.32840735933784665,0.08162882136020706
a_to_b,tree,2,120,11,target,210700,0.5,307721,171470,306266,430432,0.5049696148250374,0.5289788079466201,0.6421677368731884,0.4168796983823137,0.5055612875243153,0.504968905948493,0.05792667752973299,0.3589220824890735,0.5831203016176864,0.6410779175109266,0.4568209251762167,0.6052307645574379,0.3781861836099913,0.458425401273135
a_to_b,rf,2,120,11,source_heldout,210700,0.5,82170,718,3552,2860,0.9599328107502799,0.8991074647575825,0.991337708715375,0.9663648124191462,0.9786919806095833,0.82186798993033,0.659746790657182,0.16814988290398125,0.03363518758085381,0.8318501170960187,0.9719873713121226,0.9984763728719336,0.6048646706501631,0.03177997031611671
a_to_b,rf,2,120,11,target,210700,0.5,394086,178376,299360,344067,0.5703201525797174,0.5802517110540162,0.6884055186195766,0.533881187233541,0.601375690038646,0.5676962996329697,0.15704658722183767,0.37337776512550863,0.466118812766459,0.6266222348744913,0.5917431135833722,0.6634098491924774,0.4916660064057465,0.2640559080178385
a_to_b,xgboost,2,120,11,source_heldout,210700,0.5,78515,276,3994,6515,0.923952967525196,0.9293714905966513,0.9964970618471652,0.9233799835352229,0.958546218128323,0.7495214343906382,0.5686489286050782,0.06463700234192038,0.07662001646477713,0.9353629976580796,0.9754974342985709,0.9984062109689517,0.7654293291575132,0.050786323845386505
a_to_b,xgboost,2,120,11,target,210700,0.5,320365,148163,329573,417788,0.5345372809524553,0.5619366075152363,0.6837691664105454,0.4340089385262947,0.5309854054219798,0.5345105845603455,0.12431158331885146,0.31013572349582197,0.5659910614737054,0.689864276504178,0.561949249365024,0.647518864365229,0.45594950666650136,0.32215893268585205
a_to_b,hgb,2,120,11,source_heldout,210700,0.5,78644,323,3947,6386,0.9248712206047033,0.9246265335199231,0.9959096837919638,0.9248970951428908,0.9590907150740562,0.7498322848807246,0.5665015685833605,0.07564402810304449,0.07510290485710926,0.9243559718969555,0.9819665341974634,0.9989313971185471,0.8650386602756405,0.04888283214585692
a_to_b,hgb,2,120,11,target,210700,0.5,553097,298266,179470,185056,0.6024949645896953,0.5624831599778402,0.6496606030565105,0.7492985871492767,0.6959313401060448,0.561046635358355,0.13321051854061575,0.6243322671935965,0.25070141285072334,0.37566773280640353,0.5665201989575371,0.6763187130724632,0.4439866595756011,0.348174395527576
a_to_b,mlp,3,120,11,source_heldout,210700,0.5,84729,3137,1133,301,0.9615005599104144,0.630899825684887,0.9642979081783625,0.9964600729154416,0.9801152137701277,0.6886901454544888,0.4444102706180008,0.7346604215456675,0.003539927084558391,0.26533957845433254,0.9366709063421892,0.9952648367015058,0.5413287856078656,0.03380207717418671
a_to_b,mlp,3,120,11,target,210700,0.5,696544,466905,10831,41609,0.581775968036556,0.48315122239346137,0.598688898267135,0.9436309274635475,0.7325865244146778,0.38672232727252476,-0.08101408956860187,0.9773284826766248,0.05636907253645247,0.022671517323375252,0.5135142780555259,0.6204555721845937,0.402056569797861,0.38080599904060364
