seed,model,calibrator,domain,oracle,brier,ece,f1_macro,recall,fpr,precision,pr_auc,roc_auc,ppv_deploy,alerts_per_hour,mean_score,tp,fp,tn,fn
101,logreg,raw,source_test,False,0.169592842609616,0.30919377700684253,0.3995603649633237,0.588151246583285,0.3192584963954686,0.9892034966739804,0.9950136985914513,0.8168754008719527,0.0036782869587886104,76904.91748998259,0.6710956897329012,,,,
101,logreg,raw,target,False,0.4046532026360823,0.4349610686253344,0.5444390841879096,0.29565144353541883,0.022658958085637254,0.9527418460584735,0.7781487071544916,0.6675367161414544,0.025481764192662737,5580.347027624084,0.17696686622439783,,,,
101,logreg,platt,source_test,False,0.023200028238146705,0.03329669667739495,0.5426064150549857,0.9952994284767663,0.937178166838311,0.9814190913731495,0.9949941420136443,0.8168751982767378,0.0021237711833887642,225401.46116911934,0.9528317468227823,,,,
101,logreg,platt,target,False,0.209464219997008,0.09574319117773929,0.4147594325947188,0.9550580977114501,0.9516218162332334,0.6079485824027706,0.7781487071518994,0.6675367161442901,0.0020072074517206886,228848.58247603764,0.6346979532348487,,,,
101,logreg,platt+prior_ORACLE,target,True,0.35902158156776637,0.37160866084735267,0.5411381545818944,0.2963261004154965,0.034058559539159705,0.9307631752515904,0.7781487071518994,0.6675367161442901,0.017137049397326534,8316.575860740451,0.24717542796776196,218734.0,16271.0,461465.0,519419.0
101,logreg,platt+prior_EM,target,False,0.5588844442343015,0.5778667676190992,0.2820789726179054,0.0,0.0,0.0,0.7781487071518994,0.6675367161442901,,0.0,0.029408769847975805,0.0,0.0,477736.0,738153.0
101,logreg,platt+prior_BBSE,target,False,0.6070865952552512,0.6070878038213658,0.2820789726179054,0.0,0.0,0.0,0.7781487071518994,0.6675367161442901,,0.0,1.3362979864412776e-06,0.0,0.0,477736.0,738153.0
101,logreg,isotonic,source_test,False,0.01863548423349424,0.02233874885749018,0.5038947753618165,0.9994823159115381,0.9907312049433573,0.9804586727335514,0.9949161346681182,0.8551915620927036,0.0020176303207525407,238256.2021239183,0.9651640305450416,,,,
101,logreg,isotonic,target,False,0.2598498990710115,0.30319952728261407,0.3849354087077598,1.0,0.9933896545372339,0.6086700183305284,0.7168155855723892,0.6419698000566143,0.002013281871708546,238894.47901278385,0.8120543827396391,,,,
101,logreg,isotonic+prior_ORACLE,target,True,0.2871614420666403,0.3803600210697345,0.5439992215215297,0.2961689514233499,0.025141500745181438,0.9479206864704786,0.7168155855723892,0.6419698000566143,0.023062924425207024,6176.406167504074,0.3387212868062354,218618.0,12011.0,465725.0,519535.0
101,logreg,isotonic+prior_EM,target,False,0.5561307062155709,0.5688199704073357,0.3308109887988108,0.045268392867061434,0.0010926536832057874,0.9846185579161387,0.7168155855723892,0.6419698000566143,0.076660787505363,284.0092572922241,0.040663982730252145,33415.0,522.0,477214.0,704738.0
101,logreg,temperature,source_test,False,0.16972206708104912,0.3075757944023426,0.3995603649633237,0.588151246583285,0.3192584963954686,0.9892034966739804,0.9949941416833721,0.8168752196025499,0.0036782869587886104,76904.91748998259,0.6727136723374011,,,,
101,logreg,temperature,target,False,0.4070099717111247,0.43665014968574317,0.5444390841879096,0.29565144353541883,0.022658958085637254,0.9527418460584735,0.7781487071544917,0.6675367161414544,0.025481764192662737,5580.347027624084,0.17490270285348344,,,,
101,tree,raw,source_test,False,0.09410810995315534,0.09626515472642048,0.5785840450905408,0.899362213203015,0.2842430484037075,0.993685366523291,0.9947165365990357,0.8435880064656449,0.006300850237123686,68650.89059718784,0.8913726261639028,,,,
101,tree,raw,target,False,0.35568245118450315,0.3353965215509521,0.5598723855512773,0.7673951064345739,0.6422312741765327,0.648658150038018,0.6538860984757288,0.5788467845450922,0.0023888469467003627,154504.59362910994,0.7173609186348251,,,,
101,tree,platt,source_test,False,0.028668714549408676,0.03503946624090619,0.4950233201783609,1.0,1.0,0.9802894667397438,0.9947165357279101,0.8435879851398329,0.002,240480.9619238477,0.9523300374415711,,,,
101,tree,platt,target,False,0.31788567913241206,0.3020381013248776,0.37775697758799454,1.0,1.0,0.6070891339587742,0.6538860984757289,0.5788473439448621,0.002,240480.9619238477,0.8878655907540467,,,,
101,tree,platt+prior_ORACLE,target,True,0.34106424917378625,0.3284052844550018,0.5598862911548221,0.7674384578806833,0.6422438334142706,0.648666567427374,0.6538860984757289,0.5788473439448621,0.0023889349687832937,154507.62869656194,0.7363947438658457,566487.0,306823.0,170913.0,171666.0
101,tree,platt+prior_EM,target,False,0.3343927232138526,0.32945011068416813,0.5606628916957119,0.7690411066540406,0.6422438334142706,0.6491418456179752,0.6538860984757289,0.5788473439448621,0.002393911860767856,154508.39950959923,0.7574288883627199,567670.0,306823.0,170913.0,170483.0
101,tree,platt+prior_BBSE,target,False,0.334543402843407,0.3294680364459952,0.5606628916957119,0.7690411066540406,0.6422438334142706,0.6491418456179752,0.6538860984757289,0.5788473439448621,0.002393911860767856,154508.39950959923,0.7570006886212496,567670.0,306823.0,170913.0,170483.0
101,tree,isotonic,source_test,False,0.027131863475456357,0.0311349730852937,0.5631486950560971,0.9845315994367597,0.8640576725025747,0.9826595568783069,0.9940093827001663,0.8408586543941451,0.0022782209209838418,207847.36361277188,0.9570875794680671,,,,
101,tree,isotonic,target,False,0.34189317197240154,0.3129087474240545,0.39168201288906107,0.9485215124777655,0.9736276939564948,0.6008404767564497,0.6384259124208376,0.560819683974354,0.0019485280430382168,234126.849281011,0.9028772260615898,,,,
101,tree,isotonic+prior_ORACLE,target,True,0.332601841813755,0.3145272484916881,0.5826066512999982,0.8150424099068893,0.6430036672974195,0.6619916990532695,0.6384259124208376,0.560819683974354,0.0025337538415783505,154712.88451686696,0.7500530518267235,601626.0,307186.0,170550.0,136527.0
101,tree,isotonic+prior_EM,target,False,0.32784374377488235,0.29843856519169987,0.5826060944856877,0.8150437646395802,0.6430057605037092,0.6619913425629447,0.6384259124208376,0.560819683974354,0.0025337498150569647,154713.38753795132,0.7842208864898487,601627.0,307187.0,170549.0,136526.0
101,tree,temperature,source_test,False,0.06481703665231664,0.08984410514214074,0.5785840450905408,0.899362213203015,0.2842430484037075,0.993685366523291,0.9947165342599654,0.8435879424882087,0.006300850237123686,68650.89059718784,0.8954513304571431,,,,
101,tree,temperature,target,False,0.29429030943651757,0.2707337665178772,0.5598723855512773,0.7673951064345739,0.6422312741765327,0.648658150038018,0.6538861702759551,0.5788467892283086,0.0023888469467003627,154504.59362910994,0.6881675388963877,,,,
101,rf,raw,source_test,False,0.09226523927610329,0.1963104750400833,0.6235603392352816,0.9482522985173528,0.4232749742533471,0.9911046662626612,0.9923534286857054,0.7726065230711592,0.004469463064408529,102042.0670705912,0.7856553890159798,,,,
101,rf,raw,target,False,0.25118992739636736,0.26811986281358835,0.573979131815156,0.8231545492601128,0.664318786945091,0.6568920726110642,0.6840650493850633,0.5999915985089634,0.002477006907371192,159832.41486245798,0.6258718236917251,,,,
101,rf,platt,source_test,False,0.02921612904193799,0.033438913010714846,0.6050932526467224,0.9703884701399818,0.6755921730175077,0.9861947051643588,0.992353429816015,0.7726065230711592,0.0028702000541586787,162608.84142968,0.9557503422134357,,,,
101,rf,platt,target,False,0.3042833495922557,0.3116839952279361,0.57106015507526,0.8896651507207856,0.7194726794715073,0.6564287049429893,0.6840650511217858,0.5999915985089637,0.0024719338803472677,173101.3381356327,0.8473847332129034,,,,
101,rf,platt+prior_ORACLE,target,True,0.30216056417134446,0.28935527008154993,0.5743380228546985,0.8228578628008014,0.6634773180166452,0.6570964622085287,0.6840650511771678,0.5999915985089637,0.002479248940152708,159630.31962474072,0.7029771151734036,607395.0,316967.0,160769.0,130758.0
101,rf,platt+prior_EM,target,False,0.3050910519913553,0.2898577153173158,0.5718892025980189,0.8250498202947085,0.6693341092151314,0.655714282638047,0.6840650512808221,0.5999915985089636,0.0024641389219422637,161037.00376047066,0.7196370220507682,609013.0,319765.0,157971.0,129140.0
101,rf,platt+prior_BBSE,target,False,0.30653910957014396,0.29027983532297713,0.5721604893149779,0.827488339138363,0.6708307517122427,0.6558762924235445,0.6840650511755142,0.5999915985089637,0.0024659037603548374,161397.37079449178,0.728858447485794,610813.0,320480.0,157256.0,127340.0
101,rf,isotonic,source_test,False,0.02166864898899615,0.02788255454915094,0.5846661814544433,0.9739708440321379,0.7590113285272915,0.9845725529598929,0.9930735755432142,0.8129621889939531,0.0025649669336859867,182631.16173746722,0.960663418132643,,,,
101,rf,isotonic,target,False,0.2982266783889066,0.30317540683819494,0.6134217603601047,0.9877789563952188,0.7265979536815312,0.6774720465614994,0.6674198509434263,0.6125889539088621,0.0027169615126541985,174858.59295077162,0.8762503373021648,,,,
101,rf,isotonic+prior_ORACLE,target,True,0.2707662970678001,0.34432370234385884,0.5720217046124578,0.825009178313981,0.6690808312540818,0.6557885997284163,0.6674198509434263,0.6125889539088621,0.002464948282727048,160976.19750257354,0.6516791973633279,608983.0,319644.0,158092.0,129170.0
101,rf,isotonic+prior_EM,target,False,0.2667160118163495,0.3576346836309206,0.5893034065026105,0.8011469166961321,0.6194236984443291,0.6664889720384541,0.6674198509434263,0.6125889539088621,0.0025852324408895885,149047.0087889778,0.6152998799138065,591369.0,295921.0,181815.0,146784.0
101,rf,temperature,source_test,False,0.07053121371237904,0.14021356556826733,0.6235603392352816,0.9482522985173528,0.4232749742533471,0.9911046662626612,0.9923534287011355,0.7726065230711592,0.004469463064408529,102042.0670705912,0.8468045616199602,,,,
101,rf,temperature,target,False,0.30720809583791825,0.2941599242936927,0.573979131815156,0.8231545492601128,0.664318786945091,0.6568920726110642,0.6840650502031714,0.5999915985089637,0.002477006907371192,159832.41486245798,0.7073257889570792,,,,
101,xgboost,raw,source_test,False,0.10489189624786377,0.17064658346569353,0.5221671543702325,0.8193696678538889,0.21524201853759012,0.9947458394087184,0.9973895521772069,0.8991732451820937,0.007570973723728025,52052.17006081508,0.8096429109573364,,,,
101,xgboost,raw,target,False,0.2701725363731384,0.313935750416778,0.5733058441828967,0.7509567799629616,0.6034002042969339,0.6578798391145365,0.6596045596153066,0.5721972860028368,0.0024878668369903846,145177.23064888158,0.5317226052284241,,,,
101,xgboost,platt,source_test,False,0.022440480707010796,0.03183105634807745,0.6326103252842393,0.97013998177752,0.5849639546858908,0.9880214264625248,0.9973895521772069,0.8991732451820937,0.0033125598777946604,140857.94951665108,0.9562006560255187,,,,
101,xgboost,platt,target,False,0.3055542375912401,0.3139749737546084,0.6065570935681772,0.9040767970867828,0.6753960346300049,0.6740824316571179,0.6596045596153066,0.5721972860028368,0.002675363628355731,162529.87482683407,0.8607872702688636,,,,
101,xgboost,platt+prior_ORACLE,target,True,0.33144512553829425,0.3337862603574336,0.5876364529294411,0.7854347269468525,0.6084887887871125,0.666045161912902,0.6596045596153066,0.5721972860028368,0.0025800908901162938,146415.07350623616,0.7261063926626787,579771.0,290697.0,187039.0,158382.0
101,xgboost,platt+prior_EM,target,False,0.32681346907630077,0.32456078386503906,0.5900032043014751,0.7915432166502067,0.6096944756099603,0.6673268208777767,0.6596045596153066,0.5721972860028368,0.002594976189363452,146707.37629467912,0.7400487310665871,584280.0,291273.0,186463.0,153873.0
101,xgboost,platt+prior_BBSE,target,False,0.3265449276531134,0.3240390078976492,0.5899803720150012,0.7916570141962439,0.6098368136376576,0.6673069127160403,0.6596045596153066,0.5721972860028368,0.002594744100750664,146741.5921536132,0.7408094067294946,584364.0,291341.0,186395.0,153789.0
101,xgboost,isotonic,source_test,False,0.01691034436225891,0.01772711217866812,0.7123681445005892,0.9980535078273834,0.6972193614830072,0.9861483375959079,0.997063928590521,0.9049412482407271,0.00286048561233012,167812.67249114934,0.9661582708358765,,,,
101,xgboost,isotonic,target,False,0.3173169791698456,0.32786035379370637,0.3971262921606417,0.9101080670267546,0.9559589396654219,0.595305251684766,0.672756270447187,0.5919871266126321,0.0019042562207844753,229867.87284652772,0.8860946893692017,,,,
101,xgboost,isotonic+prior_ORACLE,target,True,0.2832361429667262,0.2644395412816304,0.595100444016114,0.8285558684988071,0.6329541839007318,0.6691579520911699,0.672756270447187,0.5919871266126321,0.002616442418789361,152307.5079607041,0.6742717489412559,611601.0,302385.0,175351.0,126552.0
101,xgboost,isotonic+prior_EM,target,False,0.28314508903992786,0.2643734986380643,0.595100444016114,0.8285558684988071,0.6329541839007318,0.6691579520911699,0.672756270447187,0.5919871266126321,0.002616442418789361,152307.5079607041,0.6730061289790992,611601.0,302385.0,175351.0,126552.0
101,xgboost,temperature,source_test,False,0.10186520026988938,0.18150627363048266,0.5221671543702325,0.8193696678538889,0.21524201853759012,0.9947458394087184,0.9973895521772069,0.8991732451820937,0.007570973723728025,52052.17006081508,0.798783193109261,,,,
101,xgboost,temperature,target,False,0.2613043757246547,0.3014386810951992,0.5733058441828967,0.7509567799629616,0.6034002042969339,0.6578798391145365,0.6596045596184934,0.5721972860028368,0.0024878668369903846,145177.23064888158,0.5216745931455217,,,,
101,hgb,raw,source_test,False,0.1059849751358406,0.17248597611352218,0.5631529293093165,0.8759214776774621,0.22657054582904224,0.9948259642521167,0.9967811377963631,0.8795201764787723,0.007687930570241426,54798.215878013405,0.8084711488945929,,,,
101,hgb,raw,target,False,0.2910885967556652,0.32578048210290605,0.5823712069024609,0.7727110775137404,0.6065755982383576,0.6631064845924373,0.6572247309335361,0.5918052587766343,0.0025463867474192787,145949.78818362526,0.6448516916478835,,,,
101,hgb,platt,source_test,False,0.02828023215530483,0.03901982211323533,0.6267069649726866,0.9713410088627515,0.6148300720906282,0.9874329017998106,0.9967811377963631,0.8795201764787723,0.003156045509688679,148026.39534208557,0.948863210020044,,,,
101,hgb,platt,target,False,0.29989720239602835,0.2979434855725699,0.6381173075846625,0.966160132113532,0.6748706398512986,0.6886684228416043,0.6572247309335361,0.5918052587766343,0.002860775861809517,162433.63980019794,0.8751934425773318,,,,
101,hgb,platt+prior_ORACLE,target,True,0.33003872753721675,0.3286707700521028,0.5877448482518293,0.8115919057431183,0.6312000770299915,0.6651806632275773,0.6572247309335361,0.5918052587766343,0.002570114635855513,151878.36329156338,0.7528566565309083,599079.0,301547.0,176189.0,139074.0
101,hgb,platt+prior_EM,target,False,0.32108961257949237,0.3229118268220809,0.5868711527344086,0.8200752418536537,0.6399140948138721,0.6644424955353762,0.6572247309335361,0.5918052587766343,0.0025616367605560205,153973.8077213511,0.7709495569141608,605341.0,305710.0,172026.0,132812.0
101,hgb,platt+prior_BBSE,target,False,0.32383135644295613,0.3249086342649723,0.5865553737096634,0.8179523757269834,0.638666543865231,0.6642996716867204,0.6572247309335361,0.5918052587766343,0.0025600007131172664,153673.3744759009,0.7653911996148334,603774.0,305114.0,172622.0,134379.0
101,hgb,isotonic,source_test,False,0.02290384590334018,0.030030815414223762,0.6323728853763628,0.9793340511886026,0.6673532440782698,0.9864836677652163,0.9961197018078187,0.8817603037580432,0.0029322379351951968,160635.800968134,0.955432873124491,,,,
101,hgb,isotonic,target,False,0.3169757457775928,0.2977884059680613,0.4156663838066515,0.9751487835177802,0.9569448398278547,0.6115749174154783,0.6527091289859825,0.591915454329552,0.002037968425914134,230135.7709936436,0.9048775399268355,,,,
101,hgb,isotonic+prior_ORACLE,target,True,0.28310651453326674,0.26216352078754274,0.5927313905190968,0.8427859806842213,0.648883483765092,0.6674230232807639,0.6527091289859825,0.591915454329552,0.002596098103445143,156137.38407028385,0.7058743272080223,622105.0,309995.0,167741.0,116048.0
101,hgb,isotonic+prior_EM,target,False,0.2844456749843001,0.25945717051297235,0.5927313905190968,0.8427859806842213,0.648883483765092,0.6674230232807639,0.6527091289859825,0.591915454329552,0.002596098103445143,156137.38407028385,0.7346747510428246,622105.0,309995.0,167741.0,116048.0
101,hgb,temperature,source_test,False,0.10440852323785474,0.1803640217833403,0.5631529293093165,0.8759214776774621,0.22657054582904224,0.9948259642521167,0.9967811377963631,0.8795201764787723,0.007687930570241426,54798.215878013405,0.7999905879634445,,,,
101,hgb,temperature,target,False,0.2813000492673946,0.31818065534851825,0.5823712069024609,0.7727110775137404,0.6065755982383576,0.6631064845924373,0.6572247309335361,0.5918052587766343,0.0025463867474192787,145949.78818362526,0.6360688414507564,,,,
101,mlp,raw,source_test,False,0.13581089675426483,0.25444676167480285,0.5509548218661721,0.8530191336039096,0.16374871266735325,0.9961550552559669,0.9960282417237025,0.8789024743316128,0.010331657742448283,39709.96076374181,0.7266242504119873,,,,
101,mlp,raw,target,False,0.34191226959228516,0.34394357525052444,0.5841836884579106,0.781725468839116,0.6113878794983003,0.6639317006380053,0.6343811717971959,0.5481562434436098,0.0025557919860448547,147109.07126500568,0.7057390809059143,,,,
101,mlp,platt,source_test,False,0.02358917590406624,0.03222482240796279,0.6998674075164026,0.9951337695684586,0.6807415036045315,0.9864321195451373,0.9960282417237025,0.8789024743316128,0.0029209778791210255,163856.582317385,0.9550019609350893,,,,
101,mlp,platt,target,False,0.3786208460605796,0.38017959108174026,0.4602996499317451,0.8868879487044014,0.8716990136811963,0.6112019314705149,0.634381171797196,0.5481562434436098,0.0020347781256432893,209634.32261753333,0.8918595739512707,,,,
101,mlp,platt+prior_ORACLE,target,True,0.41516565888704177,0.4267944235102382,0.45299167115286604,0.7918046800595541,0.8313817673359345,0.5953961375392959,0.634381171797196,0.5481562434436098,0.0019049733936198755,199912.45206285734,0.8124540808255963,584473.0,397181.0,80555.0,153680.0
101,mlp,platt+prior_EM,target,False,0.4064094000290619,0.4140058571657544,0.4565996276145331,0.8028322041636354,0.8325455900329889,0.5983874387842681,0.634381171797196,0.5481562434436098,0.0019287580733319439,200197.07332935877,0.8358160069073012,592613.0,397737.0,79999.0,145540.0
101,mlp,platt+prior_BBSE,target,False,0.4118650092378493,0.4214500652280973,0.4539160837683088,0.7956087694556548,0.8322483547398564,0.5962994326189287,0.634381171797196,0.5481562434436098,0.0019121187183150897,200122.26266195302,0.8245733224764032,587281.0,397595.0,80141.0,150872.0
101,mlp,isotonic,source_test,False,0.019338754937052727,0.02473208588136574,0.6810506965258181,0.9961277230183053,0.7281153450051493,0.9855158567565353,0.9964376078892846,0.8903161662536425,0.002734168257570965,175226.78230729673,0.961068868637085,,,,
101,mlp,isotonic,target,False,0.3777652084827423,0.3476173938379131,0.4570839537892988,0.8869502664081836,0.8758016980089421,0.6101022544816127,0.640306544591216,0.5555770383352016,0.0020254075506588322,210618.99682863502,0.8879287242889404,,,,
101,mlp,isotonic+prior_ORACLE,target,True,0.3634356667434644,0.3714809709967856,0.4571281306543321,0.8062461305447516,0.8337429040306781,0.5990616462762799,0.640306544591216,0.5555770383352016,0.001934167739284997,200486.0706574043,0.7738909871284099,595133.0,398309.0,79427.0,143020.0
101,mlp,isotonic+prior_EM,target,False,0.37500034146027345,0.3773679910492218,0.45295241943484693,0.8077851068816356,0.840554197297252,0.5975645198790979,0.640306544591216,0.5555770383352016,0.001922179670409437,202121.5212304018,0.812698493835051,596269.0,401563.0,76173.0,141884.0
101,mlp,temperature,source_test,False,0.13688808299493324,0.26301154947344546,0.5509548218661721,0.8530191336039096,0.16374871266735325,0.9961550552559669,0.9960282412256947,0.878902516983237,0.010331657742448283,39709.96076374181,0.7178976556367187,,,,
101,mlp,temperature,target,False,0.33425896963278806,0.33420117213882994,0.5841836884579106,0.781725468839116,0.6113878794983003,0.6639317006380053,0.6343811723396249,0.5481562434407741,0.0025557919860448547,147109.07126500568,0.6974964640018416,,,,
102,logreg,raw,source_test,False,0.07898979752069438,0.15559429868297647,0.6908042604525906,0.908704018570745,0.12075287215839647,0.9944955764045195,0.9966674907467361,0.9450214541965268,0.01485675014153097,29417.74135099507,0.8045930429467842,,,,
102,logreg,raw,target,False,0.20779967103870708,0.17076749690538262,0.6426686946785399,0.6283927586828205,0.3231324413483598,0.7502968189420629,0.7728847600411021,0.6788877558615591,0.0038820473800184863,77854.01891375441,0.5194505336623371,,,,
102,logreg,platt,source_test,False,0.05138233214631977,0.15380514907818782,0.7664752189876056,0.9665543326647593,0.30530432657052065,0.987014337252945,0.9966664968590282,0.945021456685241,0.006304434242996949,73737.91420826672,0.806208534823679,,,,
102,logreg,platt,target,False,0.21260248503263315,0.16754779922894183,0.5127969697646467,0.9981128573615498,0.8604522162868194,0.6418726134293523,0.7728847600566242,0.6788877559409597,0.002319230682872331,206988.5861889304,0.683815818479094,,,,
102,logreg,platt+prior_ORACLE,target,True,0.3944572931970519,0.4437993043656363,0.2820789726179054,0.0,0.0,0.0,0.7728847600566242,0.6788877559409597,,0.0,0.18143741395267776,0.0,0.0,477736.0,738153.0
102,logreg,platt+prior_EM,target,False,0.39291006076324303,0.39291006211983937,0.37775697758799454,1.0,1.0,0.6070891339587742,0.7728855268757336,0.6788889604505897,0.002,240480.9619238477,0.9999991960786134,738153.0,477736.0,0.0,0.0
102,logreg,platt+prior_BBSE,target,False,0.29244314334976873,0.2849779592169659,0.37775697758799454,1.0,1.0,0.6070891339587742,0.7728847600263457,0.6788877559055131,0.002,240480.9619238477,0.8773128431567971,738153.0,477736.0,0.0,0.0
102,logreg,isotonic,source_test,False,0.0510121788436535,0.16656671933747494,0.7952781290397382,0.9929036133538317,0.4932779271571743,0.9797267430178822,0.9937865536160433,0.9197281535752834,0.004017598450762527,118864.25134979581,0.7934469645643919,,,,
102,logreg,isotonic,target,False,0.21730014793660118,0.31273684024681414,0.41970943286102497,1.0,0.96023536011521,0.6167248172767468,0.7412011212462095,0.6953020926262616,0.0020826502036847996,230937.4483514981,0.6819425617688963,,,,
102,logreg,isotonic+prior_ORACLE,target,True,0.406951271604791,0.49254027172744824,0.2820863802383796,1.4902059600110004e-05,4.60505383726577e-05,0.3333333333333333,0.7412011212462095,0.6953020926262616,0.0006480812982430289,11.05929653269241,0.17204041586581953,11.0,22.0,477714.0,738142.0
102,logreg,isotonic+prior_EM,target,False,0.3876176091720192,0.38901525333187165,0.3795036686673942,1.0,0.9983986971884053,0.6074713362586863,0.7412011212462095,0.6953020926262616,0.0020032013164363992,240096.649249065,0.9950093839374948,738153.0,476971.0,765.0,0.0
102,logreg,temperature,source_test,False,0.1550149802271169,0.3546261371554361,0.6908042604525906,0.908704018570745,0.12075287215839647,0.9944955764045195,0.9966664968590282,0.945021456685241,0.01485675014153097,29417.74135099507,0.6053875467464308,,,,
102,logreg,temperature,target,False,0.22135577002003942,0.19692269725200334,0.6426686946785399,0.6283927586828205,0.3231324413483598,0.7502968189420629,0.7728847600301556,0.6788877559140203,0.0038820473800184863,77854.01891375441,0.5149319615758096,,,,
102,tree,raw,source_test,False,0.04809540226716106,0.05625295963154277,0.7710661805427508,0.9441350451541962,0.06184307015399658,0.9972791310426413,0.9969265096710493,0.9615154692658751,0.029686208631764924,15296.429844648572,0.9083937024738232,,,,
102,tree,raw,target,False,0.3128572641877949,0.29200452815382605,0.6137489784210565,0.9173044070809169,0.6743954820235444,0.6775893781009392,0.6720512434668653,0.6226652518483016,0.002718417023119889,162296.10417803426,0.8267226141408054,,,,
102,tree,platt,source_test,False,0.12812867863175584,0.3240259518838257,0.4897994803744097,1.0,1.0,0.9600136839018669,0.9969262603485257,0.9615130900551733,0.002,240480.9619238477,0.6534432434334848,,,,
102,tree,platt,target,False,0.23309715074097778,0.3588649526740615,0.37775697758799454,1.0,1.0,0.6070891339587742,0.6720512434668653,0.6226652518483016,0.002,240480.9619238477,0.6477763094117515,,,,
102,tree,platt+prior_ORACLE,target,True,0.45358718745731497,0.5385014110410861,0.2820789726179054,0.0,0.0,0.0,0.6720512434668653,0.6226652518483016,,0.0,0.1395228208318497,0.0,0.0,477736.0,738153.0
102,tree,platt+prior_EM,target,False,0.3929101502444175,0.39290999536403676,0.37775697758799454,1.0,1.0,0.6070891339587742,0.6720512434668653,0.6226652518483016,0.002,240480.9619238477,0.9999991293228109,738153.0,477736.0,0.0,0.0
102,tree,platt+prior_BBSE,target,False,0.3929101502444175,0.39290999536403676,0.37775697758799454,1.0,1.0,0.6070891339587742,0.6720512434668653,0.6226652518483016,0.002,240480.9619238477,0.9999991293228109,738153.0,477736.0,0.0,0.0
102,tree,isotonic,source_test,False,0.07597683934743624,0.24241130957490975,0.8803041913950416,0.9989615043932437,0.3603031043754583,0.9851994658151841,0.9866107497906188,0.8370522503713403,0.005525528739336224,86953.20749711276,0.717602374326957,,,,
102,tree,isotonic,target,False,0.25208942682523416,0.3070072256933645,0.39753936163131165,0.9985545002187893,0.9812323124068523,0.6112554069474299,0.611922710209876,0.510041664268636,0.0020352351484309596,235976.02167113655,0.7306861501684616,,,,
102,tree,isotonic+prior_ORACLE,target,True,0.408051247367728,0.5030796681394937,0.2820789726179054,0.0,0.0,0.0,0.611922710209876,0.510041664268636,,0.0,0.19394174832186858,0.0,0.0,477736.0,738153.0
102,tree,isotonic+prior_EM,target,False,0.39291029972205793,0.3929102190528875,0.37775697758799454,1.0,1.0,0.6070891339587742,0.611922710209876,0.510041664268636,0.002,240480.9619238477,0.9999993530116614,738153.0,477736.0,0.0,0.0
102,tree,temperature,source_test,False,0.13333134877932318,0.32836770475180993,0.7710661805427508,0.9441350451541962,0.06184307015399658,0.9972791310426413,0.9969262603485257,0.9615130900551733,0.029686208631764924,15296.429844648572,0.631645979150057,,,,
102,tree,temperature,target,False,0.2219216187560417,0.34560099221208357,0.6137489784210565,0.9173044070809169,0.6743954820235444,0.6775893781009392,0.6720512434668653,0.6226652518483016,0.002718417023119889,162296.10417803426,0.626475038203523,,,,
102,rf,raw,source_test,False,0.018579289001072533,0.018652788552384395,0.8513829619838358,0.9761146010446045,0.12001955512099731,0.9949047362085426,0.9996198449335829,0.9910746461454799,0.016037141328055317,29274.167185453593,0.9413804437807208,,,,
102,rf,raw,target,False,0.22031380831244032,0.21354433084611588,0.6243728679025309,0.9725097642358698,0.700056097928563,0.6821808927656768,0.6945973326998593,0.6224465343890038,0.0027762157260203387,168481.2036700227,0.7294924050464484,,,,
102,rf,platt,source_test,False,0.022970051799289463,0.08847805480261195,0.8635974731966953,0.9818975961881102,0.1581520410657541,0.993335942649967,0.9996198449337148,0.9910746461454799,0.012289117281102867,38428.74521266504,0.871535629099255,,,,
102,rf,platt,target,False,0.2249894637470704,0.22616677773979854,0.6267467174627681,0.9997182156002888,0.7163328700370079,0.6831792979392924,0.6945973333640894,0.6224465343890038,0.002789004649478981,172400.7152051626,0.7612652606682291,,,,
102,rf,platt+prior_ORACLE,target,True,0.32294538722048627,0.34581838304137735,0.2820789726179054,0.0,0.0,0.0,0.6945973333640894,0.6224465343890038,,0.0,0.2770404233002805,0.0,0.0,477736.0,738153.0
102,rf,platt+prior_EM,target,False,0.3929095819682809,0.39291004186267964,0.37775697758799454,1.0,1.0,0.6070891339587742,0.6945973336939524,0.6224465343890037,0.002,240480.9619238477,0.9999991359908632,738153.0,477736.0,0.0,0.0
102,rf,platt+prior_BBSE,target,False,0.3929095819682809,0.39291004186267964,0.37775697758799454,1.0,1.0,0.6070891339587742,0.6945973336939524,0.6224465343890037,0.002,240480.9619238477,0.9999991359908632,738153.0,477736.0,0.0,0.0
102,rf,isotonic,source_test,False,0.015081539235428265,0.011861200062876411,0.8520843471271528,0.9765116728942466,0.12295282327059398,0.9947829694549604,0.9993795703833721,0.9899395958968861,0.015666807882260943,29978.3425177975,0.9483479681513743,,,,
102,rf,isotonic,target,False,0.2145185404904913,0.20383967793170377,0.6326740595290369,0.999447269062105,0.7077842155500109,0.6857137280307544,0.6770087826414962,0.6168548737553388,0.002821832481833279,170348.90781331505,0.7269509199226233,,,,
102,rf,isotonic+prior_ORACLE,target,True,0.3487774041830642,0.3894152146820485,0.3211556492233012,0.03604943690535702,0.000977527337274143,0.9827528899065627,0.6770087826414962,0.6168548737553388,0.06881822924070015,251.94496747342095,0.24263343935711945,26610.0,467.0,477269.0,711543.0
102,rf,isotonic+prior_EM,target,False,0.28483742199576145,0.2957145083918649,0.5789820381890413,0.9998713003943627,0.7806654721436107,0.664312652451373,0.6770087826414962,0.6168548737553388,0.0025601493505061973,187840.61333870434,0.8968149053832197,738058.0,372952.0,104784.0,95.0
102,rf,temperature,source_test,False,0.018068706996095647,0.020479806549478695,0.8513829619838358,0.9761146010446045,0.12001955512099731,0.9949047362085426,0.9996198449335829,0.9910746461454799,0.016037141328055317,29274.167185453593,0.9395431482248794,,,,
102,rf,temperature,target,False,0.20633360180966012,0.20962633484802118,0.6243728679025309,0.9725097642358698,0.700056097928563,0.6821808927656768,0.6945973327880991,0.6224465343890037,0.0027762157260203387,168481.2036700227,0.6727224624060737,,,,
102,xgboost,raw,source_test,False,0.0462697334587574,0.05372709848468064,0.7714371123666266,0.940174507987253,0.01906624297237839,0.9991560359658519,0.9997047213070417,0.9930825917187155,0.08993245130077307,5028.086453484923,0.9062865972518921,,,,
102,xgboost,raw,target,False,0.2852989733219147,0.27851280292573694,0.6103321212291642,0.8612293115383938,0.6346538674079408,0.6770776086465669,0.669392399335867,0.5803012151914964,0.002712076191029377,152731.14668445732,0.7573053240776062,,,,
102,xgboost,platt,source_test,False,0.02869549803621514,0.09106024427239255,0.8929683763749402,0.993646850405726,0.24101686629186017,0.9899980726509165,0.9997047213070417,0.9930825917187155,0.008194277905514564,58321.954210842785,0.8759935669626102,,,,
102,xgboost,platt,target,False,0.2622329649467098,0.2735242184035164,0.40022407426334183,0.9961376570981897,0.9780631980842976,0.6114482627864934,0.669392399335867,0.5803012151914964,0.002036884412920115,235214.27182420652,0.8222765620374094,,,,
102,xgboost,platt+prior_ORACLE,target,True,0.2774404784462729,0.31879073783426126,0.2820789726179054,0.0,0.0,0.0,0.669392399335867,0.5803012151914964,,0.0,0.37084239468114133,0.0,0.0,477736.0,738153.0
102,xgboost,platt+prior_EM,target,False,0.3929103595212527,0.3929104509749077,0.37775697758799454,1.0,1.0,0.6070891339587742,0.669392399335867,0.5803012151914964,0.002,240480.9619238477,0.9999995627767025,738153.0,477736.0,0.0,0.0
102,xgboost,platt+prior_BBSE,target,False,0.3929103595212527,0.3929104509749077,0.37775697758799454,1.0,1.0,0.6070891339587742,0.669392399335867,0.5803012151914964,0.002,240480.9619238477,0.9999995627767025,738153.0,477736.0,0.0,0.0
102,xgboost,isotonic,source_test,False,0.013716602697968483,0.02019306513474561,0.8913273733181708,0.9952147751453385,0.2710828648252261,0.9887818891743714,0.999506498383602,0.9922178008916163,0.007303494320742679,65538.54797094982,0.9398596882820129,,,,
102,xgboost,isotonic,target,False,0.2588251233100891,0.3302621756356874,0.3973362593959942,0.9981020195000223,0.9813118542458596,0.6111284382361724,0.6779914960051079,0.6324736094178912,0.002034150227500448,235994.89408650133,0.8126018047332764,,,,
102,xgboost,isotonic+prior_ORACLE,target,True,0.3173543108150228,0.45397327292470263,0.2820777009273616,0.0,6.2796188689987774e-06,0.0,0.6779914960051079,0.6324736094178912,0.0,1.5071085285597066,0.293046110577763,0.0,3.0,477733.0,738153.0
102,xgboost,isotonic+prior_EM,target,False,0.392888910532247,0.3928943720419582,0.37777298306783247,1.0,0.9999853475559723,0.6070926290544642,0.6779914960051079,0.6324736094178912,0.0020000292467059577,240477.44533728107,0.9999828448308405,738153.0,477729.0,7.0,0.0
102,xgboost,temperature,source_test,False,0.06451053876134417,0.2072169355417871,0.7714371123666266,0.940174507987253,0.01906624297237839,0.9991560359658519,0.9997047213070417,0.9930825917187155,0.08993245130077307,5028.086453484923,0.7527967483600797,,,,
102,xgboost,temperature,target,False,0.22211332774305687,0.2827008688988289,0.6103321212291642,0.8612293115383938,0.6346538674079408,0.6770776086465669,0.669392399335867,0.5803012151914964,0.002712076191029377,152731.14668445732,0.5760102103389096,,,,
102,hgb,raw,source_test,False,0.04736453731996569,0.056503451151560614,0.7662296308579448,0.9382909620338223,0.023466145196773404,0.9989593947145923,0.999684313645175,0.9927323997770121,0.0741855291223694,6083.157073454308,0.9035102327503063,,,,
102,hgb,raw,target,False,0.29273649432624715,0.2798212927606031,0.6347823394219329,0.9110455420488707,0.6358239697238642,0.6888533332240714,0.631343568979437,0.5672284953153277,0.00286323750177903,153035.9309503441,0.7850964991064989,,,,
102,hgb,platt,source_test,False,0.03436493087112017,0.11630941401001312,0.8936729345942069,0.9947667966483064,0.2569054021021755,0.9893576086516263,0.999684313645175,0.9927323997770121,0.007699995865154046,62135.7414568179,0.8502558133295977,,,,
102,hgb,platt,target,False,0.2555736928197256,0.24477141513242223,0.4028933089525633,0.9821405589356136,0.9717584607398229,0.6096211447224805,0.631343568979437,0.5672284953153277,0.002021324460810693,233694.402790272,0.8079662121488432,,,,
102,hgb,platt+prior_ORACLE,target,True,0.2985548454698569,0.2807291556016738,0.2820789726179054,0.0,0.0,0.0,0.631343568979437,0.5672284953153277,,0.0,0.3280125344404645,0.0,0.0,477736.0,738153.0
102,hgb,platt+prior_EM,target,False,0.39291035035368393,0.3929104048458065,0.37775697758799454,1.0,1.0,0.6070891339587742,0.631343568979437,0.5672284953153277,0.002,240480.9619238477,0.9999995388045808,738153.0,477736.0,0.0,0.0
102,hgb,platt+prior_BBSE,target,False,0.39291035035368393,0.3929104048458065,0.37775697758799454,1.0,1.0,0.6070891339587742,0.631343568979437,0.5672284953153277,0.002,240480.9619238477,0.9999995388045808,738153.0,477736.0,0.0,0.0
102,hgb,isotonic,source_test,False,0.014075221864393039,0.020172057398843566,0.8953994684155192,0.9984524379193435,0.3114153018821804,0.9871754864557434,0.999538872433526,0.9924949615173744,0.00638418382488124,75219.8900571354,0.9398611749342618,,,,
102,hgb,isotonic,target,False,0.2859855668363274,0.29676460742581856,0.39972865072031416,0.9867331027578293,0.976091397759432,0.6096725968758004,0.6583650054770721,0.5982754582164176,0.002021760646682055,234736.5165136903,0.837197089540284,,,,
102,hgb,isotonic+prior_ORACLE,target,True,0.3585110812217161,0.36920988230469526,0.4583038844520746,0.3069851372276479,0.2967371100356682,0.615157833012998,0.6583650054770721,0.5982754582164176,0.0020689285189508647,71364.55457075403,0.47264731756439915,226602.0,141762.0,335974.0,511551.0
102,hgb,isotonic+prior_EM,target,False,0.3929103118767325,0.39291039984922504,0.37775697758799454,1.0,1.0,0.6070891339587742,0.6583650054770721,0.5982754582164176,0.002,240480.9619238477,0.9999995338079992,738153.0,477736.0,0.0,0.0
102,hgb,temperature,source_test,False,0.08543766490085404,0.2532299219232038,0.7662296308579448,0.9382909620338223,0.023466145196773404,0.9989593947145923,0.999684313645175,0.9927323997770121,0.0741855291223694,6083.157073454308,0.7067837619786631,,,,
102,hgb,temperature,target,False,0.22664933633355008,0.20080736673352792,0.6347823394219329,0.9110455420488707,0.6358239697238642,0.6888533332240714,0.631343568979437,0.5672284953153277,0.00286323750177903,153035.9309503441,0.611979495117115,,,,
102,mlp,raw,source_test,False,0.05317503586411476,0.06344672181363993,0.7490826072607237,0.9301662611103758,0.022977267171840624,0.9989721608677586,0.9995628781704957,0.9897581350396641,0.07503868784163961,5961.918675683614,0.8965668678283691,,,,
102,mlp,raw,target,False,0.31486186385154724,0.3094145180177272,0.6267218711293132,0.8860927206148319,0.6281670211162651,0.685487910959263,0.697871775072451,0.5912131590533967,0.0028188861486546086,151186.26192751797,0.8089509010314941,,,,
102,mlp,platt,source_test,False,0.030258085374939903,0.0841184076067164,0.7848289269304678,0.9513536077541005,0.07919824003911025,0.9965445528715405,0.9995628781704957,0.9897581350396643,0.023506884788052428,19465.142470831317,0.8758952762951504,,,,
102,mlp,platt,target,False,0.2829688685335702,0.3027480269647063,0.430515549117821,0.9040795065521646,0.915685650652243,0.6040423423138019,0.697871775072451,0.5912131590533967,0.0019747004325467955,220199.38397532093,0.8379939602690689,,,,
102,mlp,platt+prior_ORACLE,target,True,0.25890830975721174,0.24727110121242601,0.5934723505682838,0.7908536577105288,0.602841318217593,0.6696387808711013,0.697871775072451,0.5912131590533967,0.002622118435497701,145062.28686891677,0.41803936620615234,583771.0,287999.0,189737.0,154382.0
102,mlp,platt+prior_EM,target,False,0.3929104363655335,0.3929104599199142,0.37775697758799454,1.0,1.0,0.6070891339587742,0.697871775072451,0.5912131590533967,0.002,240480.9619238477,0.9999995761578774,738153.0,477736.0,0.0,0.0
102,mlp,platt+prior_BBSE,target,False,0.3929104363655335,0.3929104599199142,0.37775697758799454,1.0,1.0,0.6070891339587742,0.697871775072451,0.5912131590533967,0.002,240480.9619238477,0.9999995761578774,738153.0,477736.0,0.0,0.0
102,mlp,isotonic,source_test,False,0.03072592057287693,0.12559604681682385,0.859404618338116,0.9990327736995896,0.41456856514299684,0.9830094169505109,0.9981256524909752,0.9763686228508021,0.004806074935144828,99976.95235914469,0.8344175815582275,,,,
102,mlp,isotonic,target,False,0.30099716782569885,0.3820023185610585,0.375205864457786,0.9460247401284015,0.989657467722759,0.5962833424130694,0.6826613068375957,0.6198291371269988,0.0019119911613357282,237972.79413248182,0.8237740993499756,,,,
102,mlp,isotonic+prior_ORACLE,target,True,0.3167399477850672,0.4700222933715307,0.3070684255400596,0.02300200635911525,0.001613862049332686,0.9565633802816902,0.6826613068375957,0.6198291371269988,0.02776949661511242,398.38998107068164,0.3320754819119422,16979.0,771.0,476965.0,721174.0
102,mlp,isotonic+prior_EM,target,False,0.39289435839168163,0.3928780281768894,0.3777772945533131,0.9999891621384727,0.9999790679371033,0.6070915417836267,0.6826613068375957,0.6198291371269988,0.0020000201484472752,240475.93301615375,0.9999671621356636,738145.0,477726.0,10.0,8.0
102,mlp,temperature,source_test,False,0.06009685583871913,0.18408426925244803,0.7490826072607237,0.9301662611103758,0.022977267171840624,0.9989721608677586,0.9995628781710807,0.9897581350396641,0.07503868784163961,5961.918675683614,0.775929414649419,,,,
102,mlp,temperature,target,False,0.23805219642764236,0.26751091862821275,0.6267218711293132,0.8860927206148319,0.6281670211162651,0.685487910959263,0.6978717750794519,0.5912131590519787,0.0028188861486546086,151186.26192751797,0.6741243091369851,,,,
103,logreg,raw,source_test,False,0.06485140252218391,0.14845094876368176,0.8139118544588596,0.9503823212289674,0.1437286118137182,0.990045649866554,0.9963246030801677,0.9552325009973972,0.013077883190854869,34951.96454490149,0.7892102084144212,,,,
103,logreg,raw,target,False,0.38806969311175227,0.4236514123786351,0.5373396154283885,0.2862685649181132,0.02270082221143058,0.951182732776665,0.8193827805792488,0.7618364882061126,0.024648621170599894,5585.881610463473,0.18996311013091147,,,,
103,logreg,platt,source_test,False,0.03894886930652567,0.04235638061676873,0.4839138946995553,1.0,1.0,0.937661157178103,0.9963246056020171,0.955232500997397,0.002,240480.9619238477,0.9628932192970047,,,,
103,logreg,platt,target,False,0.24405960956288691,0.191817496015358,0.37775697758799454,1.0,1.0,0.6070891339587742,0.8193827929680606,0.7618364881720837,0.002,240480.9619238477,0.7844314594127746,,,,
103,logreg,platt+prior_ORACLE,target,True,0.3024619631264521,0.3270817856326227,0.5400561159302191,0.2905264897656719,0.024226769596597284,0.9487937281829162,0.8193827929680606,0.7618364881720837,0.023468004320487446,5954.1568826297635,0.3047420021535759,214453.0,11574.0,466162.0,523700.0
103,logreg,platt+prior_EM,target,False,0.6070887852277593,0.6070889384215479,0.2820789726179054,0.0,0.0,0.0,0.8193827929680606,0.7618364881720837,,0.0,2.0244340912294303e-07,0.0,0.0,477736.0,738153.0
103,logreg,platt+prior_BBSE,target,False,0.6070887852277593,0.6070889384215479,0.2820789726179054,0.0,0.0,0.0,0.8193827929680606,0.7618364881720837,,0.0,2.0244340912294303e-07,0.0,0.0,477736.0,738153.0
103,logreg,isotonic,source_test,False,0.0504296730765582,0.09525969632298975,0.4839138946995553,1.0,1.0,0.937661157178103,0.9864574132731129,0.8853238551376205,0.002,240480.9619238477,0.920406079925294,,,,
103,logreg,isotonic,target,False,0.26202687656202256,0.314795475555912,0.37775697758799454,1.0,1.0,0.6070891339587742,0.6408299542472471,0.5523962518140815,0.002,240480.9619238477,0.7809539197856485,,,,
103,logreg,isotonic+prior_ORACLE,target,True,0.3578751162643405,0.4576992646353426,0.3469675495989224,0.061225789233397415,0.0022334511110738984,0.9769352154082273,0.6408299542472471,0.5523962518140815,0.05207523808525183,565.4755400365239,0.25486585285093594,45194.0,1067.0,476669.0,692959.0
103,logreg,isotonic+prior_EM,target,False,0.6070889334255556,0.6070890026537704,0.2820789726179054,0.0,0.0,0.0,0.6408299542472471,0.5523962518140815,,0.0,1.3130500374574153e-07,0.0,0.0,477736.0,738153.0
103,logreg,temperature,source_test,False,0.06026221762615594,0.11986590170960826,0.8139118544588596,0.9503823212289674,0.1437286118137182,0.990045649866554,0.9963246031109506,0.955232500997397,0.013077883190854869,34951.96454490149,0.8177952554684949,,,,
103,logreg,temperature,target,False,0.411996320014063,0.440398462317065,0.5373396154283885,0.2862685649181132,0.02270082221143058,0.951182732776665,0.8193827805792488,0.7618364882061126,0.024648621170599894,5585.881610463473,0.16984097942192836,,,,
103,tree,raw,source_test,False,0.0742575669839939,0.08015846317073555,0.71557625728938,0.9294016400739913,0.3502454991816694,0.9755580936559028,0.9673232961862837,0.7532148067390422,0.0052896503097300575,84505.92660443785,0.899389647464247,,,,
103,tree,raw,target,False,0.4054393639579363,0.40293562831238805,0.458359206021873,0.8632817315651362,0.8626249644154931,0.607270658441822,0.5932142774032464,0.4746689097195339,0.0020015196699476896,207445.1971021545,0.8748952326837492,,,,
103,tree,platt,source_test,False,0.05173179917788926,0.04980217780530473,0.4839138946995553,1.0,1.0,0.937661157178103,0.9673232318566692,0.7532143475414377,0.002,240480.9619238477,0.9848984477782661,,,,
103,tree,platt,target,False,0.37976167966833396,0.3752684150279968,0.37775697758799454,1.0,1.0,0.6070891339587742,0.5932142774032464,0.4746689097195339,0.002,240480.9619238477,0.9816438478915285,,,,
103,tree,platt+prior_ORACLE,target,True,0.3618576523144434,0.3549728879097488,0.4638836554835117,0.8787460052319777,0.8631377999564613,0.6113556914649467,0.5932142774032464,0.4746689097195339,0.00203609255793385,207575.71535880057,0.9000874966039067,648649.0,412352.0,65384.0,89504.0
103,tree,platt+prior_EM,target,False,0.3864551199035107,0.38495135687236687,0.37775697758799454,1.0,1.0,0.6070891339587742,0.5932142774032464,0.4746689097195339,0.002,240480.9619238477,0.9917599222502577,738153.0,477736.0,0.0,0.0
103,tree,platt+prior_BBSE,target,False,0.39210746309454875,0.3919551673457554,0.37775697758799454,1.0,1.0,0.6070891339587742,0.5932142774032464,0.4746689097195339,0.002,240480.9619238477,0.9990360906871409,738153.0,477736.0,0.0,0.0
103,tree,isotonic,source_test,False,0.039012005664441636,0.04311523835206681,0.7752227688499522,0.998446974567972,0.5915786341318257,0.9621015708403233,0.9724424797885374,0.7877502262861773,0.003370897478636369,142459.08716938627,0.9766542570860789,,,,
103,tree,isotonic,target,False,0.378706555378853,0.3657152726032194,0.40890669419323233,0.9856804754569852,0.9668059346584724,0.61169134591214,0.5915270108407558,0.4709006129222624,0.002038965537105334,232507.49909580828,0.9718388852975572,,,,
103,tree,isotonic+prior_ORACLE,target,True,0.3681182941734394,0.36025517968624654,0.4362012146017449,0.9277114636125573,0.9184151916539679,0.609488826962324,0.5915270108407558,0.4709006129222624,0.0020202032624981776,220865.83988726695,0.9036272153004721,684793.0,438760.0,38976.0,53360.0
103,tree,isotonic+prior_EM,target,False,0.3762880264908154,0.36378680950298564,0.40786890305972884,0.9453297622579601,0.955795669574828,0.6044597441476902,0.5915270108407558,0.4709006129222624,0.001978143436754331,229845.6283190848,0.9521382013350186,697798.0,456618.0,21118.0,40355.0
103,tree,temperature,source_test,False,0.061248058008988894,0.1240894019677212,0.71557625728938,0.9294016400739913,0.3502454991816694,0.9755580936559028,0.9673232815077359,0.7532148361747861,0.0052896503097300575,84505.92660443785,0.8526156467664644,,,,
103,tree,temperature,target,False,0.37065987351141894,0.35994139390961843,0.458359206021873,0.8632817315651362,0.8626249644154931,0.607270658441822,0.5932142774032464,0.4746689097195339,0.0020015196699476896,207445.1971021545,0.8754944338348709,,,,
103,rf,raw,source_test,False,0.02552348461635531,0.014292501218935076,0.8194028801563527,0.9880901743938749,0.42106829340871893,0.9724491087335352,0.9988478178942107,0.9832458464513296,0.004680647582461898,101531.62416930404,0.9329698398190988,,,,
103,rf,raw,target,False,0.25629244964377335,0.22121266686911284,0.5800075406309766,0.8465670396245765,0.6730265251101026,0.6602699632828803,0.6711831867766569,0.5901349879324246,0.0025144051739077514,161933.5325384685,0.6625499177931234,,,,
103,rf,platt,source_test,False,0.0374102994626611,0.042223566930217844,0.7676339502235672,0.9988129741920806,0.6083916083916084,0.9610801241171879,0.998847819090028,0.9832458464513298,0.0032792453839645607,146494.37702361748,0.9765548872175767,,,,
103,rf,platt,target,False,0.3179843324779001,0.3193653332877463,0.5811921289445293,0.9998916213847264,0.7778228980022439,0.665130169681535,0.6711831931132176,0.5901349879962285,0.0025695335298580512,187158.40531839893,0.9104373042019516,,,,
103,rf,platt+prior_ORACLE,target,True,0.2881908172880023,0.2663770829877111,0.5745435832103029,0.8509048937008994,0.6852885275549676,0.6573603981224195,0.6711831931132176,0.5901349879962285,0.0024821481030371387,164878.49946787802,0.7394462022833295,628098.0,327387.0,150349.0,110055.0
103,rf,platt+prior_EM,target,False,0.2708411577711038,0.23562149517102815,0.5951310558581763,0.8312382392268269,0.6351750757740677,0.6690980745386995,0.6711831931132176,0.5901349879962285,0.002615736735561654,152841.81212849056,0.6321295749970958,613581.0,303446.0,174290.0,124572.0
103,rf,platt+prior_BBSE,target,False,0.2815554863949147,0.25136047652589716,0.5803103255574567,0.8460183728847542,0.6720971415174908,0.6604344864928889,0.6711831931132176,0.5901349879962285,0.0025162456202056623,161710.21658843095,0.7013261217410331,624491.0,321085.0,156651.0,113662.0
103,rf,isotonic,source_test,False,0.032843928863711305,0.03679412323150944,0.7556549711311615,0.9994064870960403,0.6341318256211873,0.9595232442186239,0.9986048779342529,0.9839435486425586,0.0031484193316196453,152672.31461582455,0.9744444490534175,,,,
103,rf,isotonic,target,False,0.3046101437689554,0.3058662383547794,0.3798648722877747,0.9999566485538905,0.9980575045631898,0.6075424983682174,0.6790670108681903,0.6244665806938673,0.002003798054683224,240014.7421686183,0.9070913311704992,,,,
103,rf,isotonic+prior_ORACLE,target,True,0.25746597080116734,0.30558281806005827,0.6038412299516902,0.8267689760794849,0.6162776093909607,0.674568365203935,0.6790670108681903,0.6244665806938673,0.0026812740831190134,148304.27065114334,0.6821325243839386,610282.0,294418.0,183318.0,127871.0
103,rf,isotonic+prior_EM,target,False,0.532017573598822,0.5715540759650511,0.2820789726179054,0.0,0.0,0.0,0.6790670108681903,0.6244665806938673,,0.0,0.058943302853878395,0.0,0.0,477736.0,738153.0
103,rf,temperature,source_test,False,0.025509954973236264,0.014540556379409146,0.8194028801563527,0.9880901743938749,0.42106829340871893,0.9724491087335352,0.9988478178975311,0.9832458464513298,0.004680647582461898,101531.62416930404,0.9326390982826247,,,,
103,rf,temperature,target,False,0.25450024103084085,0.21880760838515428,0.5800075406309766,0.8465670396245765,0.6730265251101026,0.6602699632828803,0.6711831886578423,0.5901349879324246,0.0025144051739077514,161933.5325384685,0.6594274496518967,,,,
103,xgboost,raw,source_test,False,0.023941444233059883,0.024732468747702564,0.8913797199349544,0.9727280820630508,0.06249070078857313,0.9957470938474624,0.9991257843375139,0.9870403603625023,0.03025067023661579,15465.613358987275,0.9133188724517822,,,,
103,xgboost,raw,target,False,0.30610036849975586,0.2708751357763161,0.5755657212664267,0.7480305573505763,0.5965261148416698,0.6595778737921717,0.6443585773179502,0.5729099402486838,0.0025066824912288632,143526.04177796096,0.605767011642456,,,,
103,xgboost,platt,source_test,False,0.03292819514332003,0.03790747326498758,0.4839138946995553,1.0,1.0,0.937661157178103,0.9991257843375139,0.9870403603625023,0.002,240480.9619238477,0.9740334541776691,,,,
103,xgboost,platt,target,False,0.3255435202633817,0.3008939805325336,0.37775697758799454,1.0,1.0,0.6070891339587742,0.6443585773179502,0.5729099402486838,0.002,240480.9619238477,0.9079129915921816,,,,
103,xgboost,platt+prior_ORACLE,target,True,0.3184548842645668,0.31842430956393064,0.5698989382034496,0.7620425575727525,0.6196225530418474,0.6552019754927084,0.6443585773179502,0.5729099402486838,0.0024585690253581816,149075.92618458738,0.7179337520312685,562504.0,296016.0,181720.0,175649.0
103,xgboost,platt+prior_EM,target,False,0.3227575825244426,0.3049289058918805,0.578034077977726,0.7538247490696374,0.5973026943751361,0.6610168082101139,0.6443585773179502,0.5729099402486838,0.0025227740855059736,143715.2076515892,0.6447067984468721,556438.0,285353.0,192383.0,181715.0
103,xgboost,platt+prior_BBSE,target,False,0.32263582148049186,0.31152805312423454,0.5781686857338958,0.7560627674750356,0.5991133178156973,0.6610028567773846,0.6443585773179502,0.5729099402486838,0.0025226174133981256,144150.83367896176,0.6641381226051964,558090.0,286218.0,191518.0,180063.0
103,xgboost,isotonic,source_test,False,0.029670268297195435,0.027244055224930678,0.7899388349549128,0.9987734066651499,0.5646481178396072,0.9637757244855103,0.9987570807574422,0.9867852731495668,0.0035322528663864214,135995.92026066332,0.9649052619934082,,,,
103,xgboost,isotonic,target,False,0.33513370156288147,0.3151357797922079,0.4011853812438752,0.9895658488145411,0.9754257581593181,0.610516805173986,0.6500633578430348,0.5727686040606367,0.002028933829620345,234578.12545265618,0.9222249388694763,,,,
103,xgboost,isotonic+prior_ORACLE,target,True,0.27372987917186725,0.21685449286102015,0.5894449571913611,0.8125998268651621,0.6291068707403252,0.6661961193731466,0.6500633578430348,0.5727686040606367,0.0025818382075036986,151376.47855372544,0.662098055385908,599823.0,300547.0,177189.0,138330.0
103,xgboost,isotonic+prior_EM,target,False,0.36580393980504433,0.3263891403240048,0.5332979760299976,0.485759727319404,0.3896461644087948,0.6582640766789116,0.6500633578430348,0.5727686040606367,0.00249210820620919,93748.71139109002,0.2928459143106174,358565.0,186148.0,291588.0,379588.0
103,xgboost,temperature,source_test,False,0.02382995891390997,0.02943594206610968,0.8913797199349544,0.9727280820630508,0.06249070078857313,0.9957470938474624,0.9991257843375139,0.9870403603625023,0.03025067023661579,15465.613358987275,0.9082252151119934,,,,
103,xgboost,temperature,target,False,0.280638263884214,0.23856486822124148,0.5755657212664267,0.7480305573505763,0.5965261148416698,0.6595778737921717,0.6443585770722652,0.5729099397481765,0.0025066824912288632,143526.04177796096,0.5855459531873111,,,,
103,hgb,raw,source_test,False,0.03186291256007629,0.02392106385701073,0.8026096907870676,0.97038370609241,0.33343252492188663,0.977665935818218,0.9988417231591509,0.9828017869139053,0.005798416922949464,80490.52359540545,0.9137751537786996,,,,
103,hgb,raw,target,False,0.2766092363979609,0.2622370773832459,0.5547542785328499,0.7151471307438972,0.6049094060317832,0.6462286151491966,0.7112841031258227,0.6154700862605749,0.002363615325005584,145522.21598746473,0.5698334965320134,,,,
103,hgb,platt,source_test,False,0.03853429503270734,0.04078600818147239,0.4839138946995553,1.0,1.0,0.937661157178103,0.9988417231591509,0.9828017869139053,0.002,240480.9619238477,0.9772648809654222,,,,
103,hgb,platt,target,False,0.3193257698531394,0.30458054280998836,0.37775697758799454,1.0,1.0,0.6070891339587742,0.7112841031258227,0.6154700862605749,0.002,240480.9619238477,0.9112335827091527,,,,
103,hgb,platt+prior_ORACLE,target,True,0.3076059562771198,0.31890631880180126,0.5833858022179066,0.7767210862788609,0.6083464507594153,0.6636113837549539,0.7112841031258227,0.6154700862605749,0.002552135778480495,146376.7214502094,0.7232866614691176,573339.0,290629.0,187107.0,164814.0
103,hgb,platt+prior_EM,target,False,0.3131964604528317,0.31927395744723147,0.5768003281397005,0.7600294247940468,0.6052526918632886,0.6598899748167717,0.7112841031258227,0.6154700862605749,0.002510161195339835,145626.19126151904,0.6494370511344557,561018.0,289151.0,188585.0,177135.0
103,hgb,platt+prior_BBSE,target,False,0.31315917427955214,0.3209220618368843,0.5772003435945646,0.7611281130063822,0.6055185290620761,0.6601155906366649,0.7112841031258227,0.6154700862605749,0.0025126798914386368,145690.5206164244,0.6612697436197941,561829.0,289278.0,188458.0,176324.0
103,hgb,isotonic,source_test,False,0.03243925571126977,0.030579091297107733,0.7783580494062659,0.999357027687377,0.5912810593661657,0.9621531018456791,0.9968333962445919,0.969953968516173,0.0033756518646269715,142388.106926527,0.9665339952636047,,,,
103,hgb,isotonic,target,False,0.33548346206436436,0.3175632065000002,0.38249971121607895,0.9636403293084225,0.9869446723713515,0.6013748580713942,0.6525365546030084,0.5893987655386136,0.001952866997651297,237330.19567580576,0.9192995454580103,,,,
103,hgb,isotonic+prior_ORACLE,target,True,0.2673572519287514,0.3327888468457688,0.6042908940170709,0.8378141117085482,0.6250544233635313,0.6743772940506801,0.6525365546030084,0.5893987655386136,0.002678947970859283,150416.0182942416,0.7002207704471322,618435.0,298611.0,179125.0,119718.0
103,hgb,isotonic+prior_EM,target,False,0.33317637054970906,0.46064041606035705,0.2820789726179054,0.0,0.0,0.0,0.6525365546030084,0.5893987655386136,,0.0,0.3048413943419725,0.0,0.0,477736.0,738153.0
103,hgb,temperature,source_test,False,0.03065774814528361,0.03262806025283208,0.8026096907870676,0.97038370609241,0.33343252492188663,0.977665935818218,0.9988417231591509,0.9828017869139053,0.005798416922949464,80490.52359540545,0.905033096925271,,,,
103,hgb,temperature,target,False,0.2511922100181183,0.22379515714059325,0.5547542785328499,0.7151471307438972,0.6049094060317832,0.6462286151491966,0.7112841031258227,0.6154700862605749,0.002363615325005584,145522.21598746473,0.5403590113996485,,,,
103,mlp,raw,source_test,False,0.034182481467723846,0.04417171661714407,0.855029830002921,0.9585431236584135,0.060258890046124086,0.9958379150523601,0.9990305894646577,0.9858189926080857,0.03089311227801895,14923.156355915511,0.8934894800186157,,,,
103,mlp,raw,target,False,0.34168893098831177,0.34769246120864816,0.5843727879935848,0.7908265630567105,0.6191118107071688,0.6637131717988046,0.6219607610967586,0.5270112385426124,0.0025532968702830883,148967.19203491815,0.6894288659095764,,,,
103,mlp,platt,source_test,False,0.035226391403722156,0.03747503201674764,0.4839138946995553,1.0,1.0,0.937661157178103,0.9990305894646577,0.9858189926080857,0.002,240480.9619238477,0.9745457270093391,,,,
103,mlp,platt,target,False,0.3424135517089472,0.32754406016514276,0.37775697758799454,1.0,1.0,0.6070891339587742,0.6219607610967586,0.5270112385426124,0.002,240480.9619238477,0.9220640610487156,,,,
103,mlp,platt+prior_ORACLE,target,True,0.33384443729437874,0.3344242284677873,0.5877923086367793,0.80061315201591,0.621625751461058,0.665551361115741,0.6219607610967586,0.5270112385426124,0.0025743861718930234,149575.24479250525,0.7702233721507982,590975.0,296973.0,180763.0,147178.0
103,mlp,platt+prior_EM,target,False,0.3376160986035639,0.3381772644645864,0.5873922622607903,0.7993966020594646,0.6212699063918147,0.665340294064586,0.6219607610967586,0.5270112385426124,0.002571952899595888,149489.25686167937,0.7513495009289318,590077.0,296803.0,180933.0,148076.0
103,mlp,platt+prior_BBSE,target,False,0.33756504041266017,0.33813668689583704,0.5874210690272296,0.7994548555651741,0.6212699063918147,0.6653565191115801,0.6219607610967586,0.5270112385426124,0.0025721398404722727,149489.28487939754,0.7516189246146807,590120.0,296803.0,180933.0,148033.0
103,mlp,isotonic,source_test,False,0.03688640892505646,0.0380308738248094,0.5980829555975259,0.9995449734402976,0.8726380002975748,0.945141798862616,0.9986889039084105,0.9853213342605142,0.0022901921111636273,209913.86314481607,0.9749656319618225,,,,
103,mlp,isotonic,target,False,0.38174182176589966,0.3694246831767309,0.4137391011021515,0.9553669767649796,0.9527940117554465,0.6077322212943741,0.6503848592121438,0.5642116013725859,0.002005390053210693,229130.0579604326,0.9133910536766052,,,,
103,mlp,isotonic+prior_ORACLE,target,True,0.36729398123404855,0.34468200979355784,0.4497375291413359,0.8070779364169759,0.8447050253696602,0.5961684911232241,0.6503848592121438,0.5642116013725859,0.0019110809586505716,203117.37984571257,0.7872530410286608,595747.0,403546.0,74190.0,142406.0
103,mlp,isotonic+prior_EM,target,False,0.35904433717148615,0.34130679504853206,0.45032356822539865,0.806622746232827,0.8436249309241924,0.5963406951437291,0.6503848592121438,0.5642116013725859,0.001912445878110044,202857.93824965364,0.7610939509771983,595411.0,403030.0,74706.0,142742.0
103,mlp,temperature,source_test,False,0.0333739286993212,0.05297242303773917,0.855029830002921,0.9585431236584135,0.060258890046124086,0.9958379150523601,0.9990305894646577,0.9858189926080857,0.03089311227801895,14923.156355915511,0.884688734140364,,,,
103,mlp,temperature,target,False,0.3240851856601196,0.3271595156258633,0.5843727879935848,0.7908265630567105,0.6191118107071688,0.6637131717988046,0.6219607611368823,0.5270112385440302,0.0025532968702830883,148967.19203491815,0.6720150261515803,,,,
104,logreg,raw,source_test,False,0.06381242093167167,0.08344518509968829,0.7962839191145736,0.9222161089387122,0.19676855895196507,0.9765600615909611,0.9829145639339583,0.9134954718274066,0.009305000998510147,47668.00498243012,0.8224638233210665,,,,
104,logreg,raw,target,False,0.4246074628055412,0.4570479737467232,0.48337519439949017,0.2155718394425004,0.017134986687207997,0.9510731511974706,0.7806754994059608,0.6882724601023651,0.024592009588672376,4216.078651555571,0.1516698931314975,,,,
104,logreg,platt,source_test,False,0.07821823510407327,0.08026699971358435,0.4733738268205791,1.0,1.0,0.8988801752154868,0.9829343505517041,0.9134955198794168,0.002,240480.9619238477,0.9606404317816688,,,,
104,logreg,platt,target,False,0.28412177860998505,0.25810158006566475,0.37775697758799454,1.0,1.0,0.6070891339587742,0.7806755426742487,0.6882724597167051,0.002,240480.9619238477,0.8520267800966468,,,,
104,logreg,platt+prior_ORACLE,target,True,0.2720949594310622,0.2869201884128561,0.5191241382355392,0.2632801058859071,0.024450742669591574,0.9433021716127404,0.7806755426742487,0.6882724597167051,0.021122903286361336,5994.805946939689,0.362530172511753,194341.0,11681.0,466055.0,543812.0
104,logreg,platt+prior_EM,target,False,0.6070887842847061,0.6070889012762656,0.2820789726179054,0.0,0.0,0.0,0.7806755426742487,0.6882724597167051,,0.0,2.3268250870289503e-07,0.0,0.0,477736.0,738153.0
104,logreg,platt+prior_BBSE,target,False,0.6070887842847061,0.6070889012762656,0.2820789726179054,0.0,0.0,0.0,0.7806755426742487,0.6882724597167051,,0.0,2.3268250870289503e-07,0.0,0.0,477736.0,738153.0
104,logreg,isotonic,source_test,False,0.0781279516477988,0.08358817071167571,0.4954725799513772,0.9998231514413157,0.9779039301310044,0.9008772939333044,0.9833430374004346,0.9162100581609518,0.002044737323547651,235177.82009786574,0.9598641932122822,,,,
104,logreg,isotonic,target,False,0.28432901302848523,0.31879305433933536,0.39800756621528677,0.9984474763362067,0.9807613409916774,0.6113440150238231,0.7311750149712689,0.6540604409983954,0.0020359927043701637,235862.93705708213,0.8553109612235688,,,,
104,logreg,isotonic+prior_ORACLE,target,True,0.26257876950158077,0.3321316397523127,0.5189101685728412,0.2630010309515778,0.024442369844432908,0.9432637552718014,0.7311750149712689,0.6540604409983954,0.02110806126889997,5992.662244484296,0.3813259293885091,194135.0,11677.0,466059.0,544018.0
104,logreg,isotonic+prior_EM,target,False,0.6070891198501597,0.607084734713589,0.28207922220573645,1.3547326909190912e-06,6.2796188689987774e-06,0.25,0.7311750149712689,0.6540604409983954,0.00043214755441138444,1.5077601034010304,4.3992451850512794e-06,1.0,3.0,477733.0,738152.0
104,logreg,temperature,source_test,False,0.06478886894725584,0.09712651998570773,0.7962839191145736,0.9222161089387122,0.19676855895196507,0.9765600615909611,0.9829343486607847,0.913495519879417,0.009305000998510147,47668.00498243012,0.8074188228658433,,,,
104,logreg,temperature,target,False,0.4053647401379281,0.44254472089768104,0.48337519439949017,0.2155718394425004,0.017134986687207997,0.9510731511974706,0.7806754994059608,0.6882724601023651,0.024592009588672376,4216.078651555571,0.16891546534692858,,,,
104,tree,raw,source_test,False,0.08473284077099981,0.08390545398576599,0.711823338492857,0.9725098740445265,0.616593886462882,0.9334238617932179,0.9331922700703752,0.6803504394485038,0.0031508208817674532,148450.27297107302,0.939338858576054,,,,
104,tree,raw,target,False,0.33110622095955095,0.3158526668958566,0.5837400576124899,0.8924626737275334,0.7021220925364636,0.6626151801996172,0.6600676306841878,0.595777461634887,0.0025408089679945407,168938.54277326952,0.8265853131649553,,,,
104,tree,platt,source_test,False,0.08257779337495706,0.09293590509039676,0.4733738268205791,1.0,1.0,0.8988801752154868,0.9331922508463163,0.6803503411993044,0.002,240480.9619238477,0.9686189141889812,,,,
104,tree,platt,target,False,0.3314556686980298,0.3361451110162325,0.37775697758799454,1.0,1.0,0.6070891339587742,0.6600662006622745,0.5957747940575646,0.002,240480.9619238477,0.9375090820651282,,,,
104,tree,platt+prior_ORACLE,target,True,0.2580148103231631,0.2861127783072872,0.5837400576124899,0.8924626737275334,0.7021220925364636,0.6626151801996172,0.6600662006622745,0.5957747940575646,0.0025408089679945407,168938.54277326952,0.734623638245171,658774.0,335429.0,142307.0,79379.0
104,tree,platt+prior_EM,target,False,0.24879221538705604,0.2974315575820269,0.5837400576124899,0.8924626737275334,0.7021220925364636,0.6626151801996172,0.6600662006622745,0.5957747940575646,0.0025408089679945407,168938.54277326952,0.6886952873396189,658774.0,335429.0,142307.0,79379.0
104,tree,platt+prior_BBSE,target,False,0.24809804924248102,0.29878826544789144,0.5837400576124899,0.8924626737275334,0.7021220925364636,0.6626151801996172,0.6600662006622745,0.5957747940575646,0.0025408089679945407,168938.54277326952,0.6847360849917544,658774.0,335429.0,142307.0,79379.0
104,tree,isotonic,source_test,False,0.08148638100398513,0.09333048932307708,0.5644839872155796,0.9980546658544733,0.9005240174672489,0.907851110416015,0.9320560378831095,0.6750123253405966,0.0022161286229753566,216605.79048433425,0.96885159327455,,,,
104,tree,isotonic,target,False,0.332435799114525,0.33810108771166714,0.3886740618391444,0.9964343435575009,0.9890776495805215,0.6088553432463687,0.6625381606953551,0.603618480297516,0.002014845894810047,237857.8828781905,0.939424583232492,,,,
104,tree,isotonic+prior_ORACLE,target,True,0.25088735706302623,0.2632725073454658,0.5892423989657376,0.9055371989275937,0.7033089405027044,0.6654829000986638,0.6625381606953551,0.603618480297516,0.0025735965885055655,169229.67463396094,0.7439106633213235,668425.0,335996.0,141740.0,69728.0
104,tree,isotonic+prior_EM,target,False,0.24471568921211406,0.2688940771643238,0.5892423989657376,0.9055371989275937,0.7033089405027044,0.6654829000986638,0.6625381606953551,0.603618480297516,0.0025735965885055655,169229.67463396094,0.7176534624071137,668425.0,335996.0,141740.0,69728.0
104,tree,temperature,source_test,False,0.07510680018427456,0.08799157677752767,0.711823338492857,0.9725098740445265,0.616593886462882,0.9334238617932179,0.9331922499055293,0.6803503437735192,0.0031508208817674532,148450.27297107302,0.9284216148068294,,,,
104,tree,temperature,target,False,0.3021954920916627,0.29600649571292675,0.5837400576124899,0.8924626737275334,0.7021220925364636,0.6626151801996172,0.6600676306841878,0.595777461634887,0.0025408089679945407,168938.54277326952,0.8490981310480352,,,,
104,rf,raw,source_test,False,0.04450624638345446,0.029445414469849048,0.7567900257899063,0.9886423925645006,0.5813973799126637,0.9379491624954559,0.9966933582937939,0.973196545849898,0.003396160207691529,140010.8705261645,0.9282839128220366,,,,
104,rf,raw,target,False,0.23334720368976924,0.23538371652835283,0.5625455878318473,0.9346165361381719,0.7622264179379407,0.6545240993403433,0.7224625990261028,0.6472528309233767,0.002451224327317165,183383.85527238663,0.7209907893731559,,,,
104,rf,platt,source_test,False,0.07558133941638061,0.08281211675155586,0.5344978477387287,0.9970132243422216,0.9342358078602621,0.9046400713171384,0.9966933582967503,0.973196545849898,0.002134106276544669,224696.1192849441,0.9691493774964606,,,,
104,rf,platt,target,False,0.30337843205113646,0.3071420012785983,0.5792682672820046,0.9979719651616942,0.7791478975836027,0.6643225660416834,0.722462599286257,0.6472528309233767,0.0025602628746575545,187475.48193637488,0.9058472294769854,,,,
104,rf,platt+prior_ORACLE,target,True,0.22699195541726555,0.2263955640228608,0.600054198012828,0.9291867675129681,0.7042780950148199,0.6708935668235941,0.722462599286257,0.6472528309233767,0.0026370085566826506,169473.6462588736,0.6671647009387847,685882.0,336459.0,141277.0,52271.0
104,rf,platt+prior_EM,target,False,0.6070433146623233,0.607055725750351,0.2820789726179054,0.0,0.0,0.0,0.722462599286257,0.6472528309233767,,0.0,3.3408208423088104e-05,0.0,0.0,477736.0,738153.0
104,rf,platt+prior_BBSE,target,False,0.22248236566543886,0.22099684545701367,0.5930544268551355,0.9000356294697712,0.6933724902456587,0.6672914074042826,0.722462599286257,0.6472528309233767,0.002594563359565301,166842.28052683934,0.6301551421541073,664364.0,331249.0,146487.0,73789.0
104,rf,isotonic,source_test,False,0.06421585406774433,0.06822397837728024,0.5084023286762387,0.9990273329272367,0.9641048034934497,0.9020688064441724,0.9953424369822025,0.9728917193429678,0.0020722953760031956,231865.64694644904,0.966612546905989,,,,
104,rf,isotonic,target,False,0.2846797711748588,0.32089883639991257,0.37891319824481967,0.9999146518404721,0.9989219987608219,0.6073260260130946,0.6872229094908692,0.6362817550351424,0.0020019834697920813,240222.20057722993,0.8693170221567447,,,,
104,rf,isotonic+prior_ORACLE,target,True,0.2503797523966891,0.3831949419058018,0.3502089317934697,0.06746162380969799,0.014746638310698796,0.8760599556665846,0.6872229094908692,0.6362817550351424,0.009084475310800382,3571.639666941113,0.4205871394362756,49797.0,7045.0,470691.0,688356.0
104,rf,isotonic+prior_EM,target,False,0.6070886126670281,0.6070887842641698,0.2820789726179054,0.0,0.0,0.0,0.6872229094908692,0.6362817550351424,,0.0,3.4969460440756253e-07,0.0,0.0,477736.0,738153.0
104,rf,temperature,source_test,False,0.04437810231311089,0.028987710180342935,0.7567900257899063,0.9886423925645006,0.5813973799126637,0.9379491624954559,0.9966933582952789,0.973196545849898,0.003396160207691529,140010.8705261645,0.9278145542244055,,,,
104,rf,temperature,target,False,0.2317120296926802,0.23374582247861644,0.5625455878318473,0.9346165361381719,0.7622264179379407,0.6545240993403433,0.7224626025786882,0.6472528309233767,0.002451224327317165,183383.85527238663,0.7170069025681224,,,,
104,xgboost,raw,source_test,False,0.042890388518571854,0.03645751188050281,0.8493590248888856,0.9595409797410152,0.21615720524017468,0.9752843547469018,0.9969359035717122,0.9714865438497332,0.00881752862203528,52339.231933268864,0.8925874829292297,,,,
104,xgboost,raw,target,False,0.24312379956245422,0.194156593062109,0.6066307254679333,0.5659450005622141,0.3243946447410285,0.7294095462251781,0.7216687876185706,0.6573807880100124,0.0034840490521974676,78126.91273410924,0.48295003175735474,,,,
104,xgboost,platt,source_test,False,0.0697679021764805,0.07024657893312787,0.5170991759012988,0.9995284038435087,0.9551965065502184,0.9029297689733827,0.9969359035717122,0.9714865438497332,0.0020926283268539268,229727.8966761054,0.964581003909669,,,,
104,xgboost,platt,target,False,0.302470312588388,0.28750797279202833,0.37932587571056586,0.9961376570981897,0.9977142187316844,0.6067118501979462,0.7216687876185706,0.6573807880100124,0.0019968459635971497,239930.51677957934,0.8898366838784705,,,,
104,xgboost,platt+prior_ORACLE,target,True,0.2329327384542617,0.16793930180758523,0.6274892680434508,0.8848477212718773,0.6258310028969976,0.6859878063509901,0.7216687876185706,0.6573807880100124,0.0028254141698731377,150625.0187576146,0.5707546786795941,653153.0,298982.0,178754.0,85000.0
104,xgboost,platt+prior_EM,target,False,0.6070878381608334,0.60708824723542,0.2820789726179054,0.0,0.0,0.0,0.7216687876185706,0.6573807880100124,,0.0,8.867233543121361e-07,0.0,0.0,477736.0,738153.0
104,xgboost,platt+prior_BBSE,target,False,0.30429978525578644,0.2887942695709382,0.5129379197921118,0.39241187125162397,0.2991254584121774,0.6696365616106786,0.7216687876185706,0.6573807880100124,0.002622092200094579,71978.84518746044,0.3351451516584255,289660.0,142903.0,334833.0,448493.0
104,xgboost,isotonic,source_test,False,0.06854461878538132,0.06813803547355048,0.5432737661177578,0.9988603092884794,0.9259388646288209,0.9055652545694232,0.9962175813544102,0.9702244951299717,0.0021571683479481574,222705.74128692748,0.9667907953262329,,,,
104,xgboost,isotonic,target,False,0.2988598048686981,0.2719831288578887,0.3781134074824452,0.9663687609479336,0.9919202237218883,0.6008470321865492,0.7209651667001372,0.67379003558038,0.001948581200253652,238525.640271665,0.8625645637512207,,,,
104,xgboost,isotonic+prior_ORACLE,target,True,0.2500635122768775,0.2088830903024453,0.6066036448231411,0.565896230185341,0.32439255153473884,0.7293938102854588,0.7209651667001372,0.67379003558038,0.0034837722610791713,78126.38690790543,0.42997707075313124,417718.0,154974.0,322762.0,320435.0
104,xgboost,isotonic+prior_EM,target,False,0.6070886167741459,0.6070887822655944,0.2820789726179054,0.0,0.0,0.0,0.7209651667001372,0.67379003558038,,0.0,3.516931796877548e-07,0.0,0.0,477736.0,738153.0
104,xgboost,temperature,source_test,False,0.041044690367866184,0.04258812191438957,0.8493590248888856,0.9595409797410152,0.21615720524017468,0.9752843547469018,0.9969359035717122,0.9714865438497332,0.00881752862203528,52339.231933268864,0.8885799614198789,,,,
104,xgboost,temperature,target,False,0.2393312449699886,0.1937806387639362,0.6066307254679333,0.5659450005622141,0.3243946447410285,0.7294095462251781,0.7216687876185706,0.6573807880100124,0.0034840490521974676,78126.91273410924,0.48057159521343074,,,,
104,hgb,raw,source_test,False,0.03268512920590004,0.025551307592568216,0.8989644233738576,0.9659468275333556,0.09379912663755459,0.9891940839118624,0.9978690550457512,0.9803528793751248,0.020220059255059222,22976.37403751812,0.8733288676229185,,,,
104,hgb,raw,target,False,0.25720113481204343,0.2291119501277808,0.5862220297425261,0.5285665708870654,0.3215855619002964,0.7174804522284092,0.742296205339328,0.6747625044570151,0.0032830270334264617,77434.75525088656,0.39608263855460535,,,,
104,hgb,platt,source_test,False,0.050124368751567276,0.05926644317852357,0.4938946762979226,0.9997445520819005,0.9794759825327511,0.9007267351798249,0.9978690550457512,0.9803528793751248,0.0020413020750621493,235555.07487098585,0.9499699481457476,,,,
104,hgb,platt,target,False,0.26695569415189535,0.25710740824672734,0.37775697758799454,1.0,1.0,0.6070891339587742,0.742296205339328,0.6747625044570151,0.002,240480.9619238477,0.8414097955487259,,,,
104,hgb,platt+prior_ORACLE,target,True,0.25342725815031464,0.22083752568682052,0.5903696498366711,0.5359566377160291,0.321933034144381,0.7200687273964949,0.742296205339328,0.6747625044570151,0.0033251944401538084,77521.70293022628,0.4134219285995937,395618.0,153799.0,323937.0,342535.0
104,hgb,platt+prior_EM,target,False,0.6070884719774241,0.6070887168766217,0.2820789726179054,0.0,0.0,0.0,0.742296205339328,0.6747625044570151,,0.0,4.170821524497894e-07,0.0,0.0,477736.0,738153.0
104,hgb,platt+prior_BBSE,target,False,0.5446694229483223,0.5634491580175535,0.2820789726179054,0.0,0.0,0.0,0.742296205339328,0.6747625044570151,,0.0,0.04363997594122073,0.0,0.0,477736.0,738153.0
104,hgb,isotonic,source_test,False,0.06011332594898078,0.06306076983518415,0.5351148848066553,0.9992041814859209,0.9353711790393013,0.9047246265934829,0.995640197819383,0.9760300819312513,0.0021361954357917287,224969.66213487645,0.9591579646558843,,,,
104,hgb,isotonic,target,False,0.2690516651816012,0.2987679052977689,0.3810845811456,0.9999552938211996,0.9969355459919286,0.6078103281312789,0.6643376070564109,0.579458247307714,0.0020060459075586434,239745.47145994077,0.803650713988534,,,,
104,hgb,isotonic+prior_ORACLE,target,True,0.32277567678521574,0.431362076123193,0.4528097894219584,0.17909972593757661,0.01704916522933168,0.9419656852965486,0.6643376070564109,0.579458247307714,0.02061785300722841,4177.939803787135,0.29520658554644025,132203.0,8145.0,469591.0,605950.0
104,hgb,isotonic+prior_EM,target,False,0.6070888754486077,0.6070889580481628,0.2820789726179054,0.0,0.0,0.0,0.6643376070564109,0.579458247307714,,0.0,1.7591061145366652e-07,0.0,0.0,477736.0,738153.0
104,hgb,temperature,source_test,False,0.033374664238579155,0.03011337070675979,0.8989644233738576,0.9659468275333556,0.09379912663755459,0.9891940839118624,0.9978690550457512,0.9803528793751248,0.020220059255059222,22976.37403751812,0.8689958896250817,,,,
104,hgb,temperature,target,False,0.2450230678544674,0.21504426714081756,0.5862220297425261,0.5285665708870654,0.3215855619002964,0.7174804522284092,0.742296205339328,0.6747625044570151,0.0032830270334264617,77434.75525088656,0.42069709212389156,,,,
104,mlp,raw,source_test,False,0.06166641414165497,0.05444799507647685,0.7701344332538843,0.9488907665402527,0.39414847161572053,0.9553579377404964,0.9872587662722642,0.9255596351616809,0.004801374654918999,95052.01351636944,0.8880648612976074,,,,
104,mlp,raw,target,False,0.32095763087272644,0.3284182949788017,0.6141613053822113,0.8417414817795227,0.61138997270459,0.6802303876542696,0.6587138523535343,0.5627990932383403,0.0027514604957663163,147138.43905156068,0.7509535551071167,,,,
104,mlp,platt,source_test,False,0.0770065586342605,0.08025123744535294,0.4733738268205791,1.0,1.0,0.8988801752154868,0.9872518247332135,0.9255563221471972,0.002,240480.9619238477,0.9650802899352968,,,,
104,mlp,platt,target,False,0.3216696567993927,0.32313729803446023,0.37775697758799454,1.0,1.0,0.6070891339587742,0.6587138523535343,0.5627990932383403,0.002,240480.9619238477,0.9241644916714616,,,,
104,mlp,platt+prior_ORACLE,target,True,0.26534451699688894,0.2489170519465068,0.6153645062748101,0.8459411531213719,0.6129745298658673,0.6807496996535386,0.6587138523535343,0.5627990932383403,0.002758022021662438,147520.75265227535,0.7090566397901453,624434.0,292840.0,184896.0,113719.0
104,mlp,platt+prior_EM,target,False,0.26021136594391,0.2540163826171731,0.6114405501751248,0.8350924537324917,0.6102973190213842,0.6788929797453047,0.6587138523535343,0.5627990932383403,0.0027346596144127637,146873.00423827008,0.6337401071318643,616426.0,291561.0,186175.0,121727.0
104,mlp,platt+prior_BBSE,target,False,0.26054011924493015,0.2536282521114996,0.6117306968264026,0.8358334925144245,0.6104417502553712,0.6790347379438545,0.6587138523535343,0.5627990932383403,0.002736433812335027,146908.02414586514,0.640303605624255,616973.0,291630.0,186106.0,121180.0
104,mlp,isotonic,source_test,False,0.08002786338329315,0.07987363792148386,0.5388944576879975,0.9994203297243127,0.9313537117903931,0.9051135807522223,0.990182481281642,0.9383856090579412,0.0021458534090538295,224005.57395421105,0.9687927961349487,,,,
104,mlp,isotonic,target,False,0.34154027700424194,0.337947840675226,0.4301484341552796,0.9726045955242342,0.9411725304352194,0.6148970119813664,0.6487229393754959,0.5825486724145363,0.0020666553789624987,226349.19308185912,0.9307076930999756,,,,
104,mlp,isotonic+prior_ORACLE,target,True,0.26060773715175506,0.33436191099558205,0.6476737714608223,0.9366648919668416,0.6363137799956461,0.6946027293769691,0.6487229393754959,0.5825486724145363,0.0029412579494272144,153165.80734739604,0.7377305231032374,691402.0,303990.0,173746.0,46751.0
104,mlp,isotonic+prior_EM,target,False,0.25333066277641414,0.3402221661407216,0.6173681973251355,0.8531930372158617,0.6158275700386825,0.6815950389073475,0.6487229393754959,0.5825486724145363,0.0027687485049749595,148208.9701738766,0.6951408615035914,629787.0,294203.0,183533.0,108366.0
104,mlp,temperature,source_test,False,0.0536810529419189,0.04927767590899037,0.7701344332538843,0.9488907665402527,0.39414847161572053,0.9553579377404964,0.9872518247375438,0.925556322576233,0.004801374654918999,95052.01351636944,0.8720270683087121,,,,
104,mlp,temperature,target,False,0.2878426871806713,0.2897373467849834,0.6141613053822113,0.8417414817795227,0.61138997270459,0.6802303876542696,0.6587138523909442,0.5627990932440118,0.0027514604957663163,147138.43905156068,0.7361915787589406,,,,
105,logreg,raw,source_test,False,0.1904960956544211,0.31929156180472085,0.4899258601992247,0.5984857309260337,0.08696891930424865,0.9902033212347028,0.9932807767570218,0.9311289919813701,0.013603192360537843,21160.389481561255,0.6169645045020571,,,,
105,logreg,raw,target,False,0.4092641782871723,0.4385562214917323,0.5082741656642318,0.24506843432188177,0.013710501197313998,0.9650569758012889,0.7927015263925228,0.6874449563676472,0.03458190659506795,3408.388873001154,0.17238969491277095,,,,
105,logreg,platt,source_test,False,0.03612249794329848,0.03205635412846251,0.5178128057837895,0.9997670355270821,0.9649272882805817,0.9383404394883569,0.9932808210847691,0.9311289643028611,0.0020720625430195377,232063.39906414622,0.9303452382903469,,,,
105,logreg,platt,target,False,0.20843967959924645,0.12752580771146943,0.39202120204320806,1.0,0.9867876818996266,0.6102571394793387,0.7927015360450015,0.68744495635914,0.0020267241689733463,237310.0055797581,0.6508484021328013,,,,
105,logreg,platt+prior_ORACLE,target,True,0.3520398769054519,0.365716146480579,0.5455594576825387,0.29761851540263334,0.023726493293367047,0.9509356211286322,0.7927015360455665,0.68744495635914,0.02452130798899703,5837.501564148837,0.25416787164309246,219688.0,11335.0,466401.0,518465.0
105,logreg,platt+prior_EM,target,False,0.5128943801927396,0.5436318496574823,0.396477281390921,0.1119686569044629,0.0028718790294221075,0.9836709433243674,0.7927015360450015,0.68744495635914,0.07246992024831264,743.1036276967188,0.0639347350165988,82650.0,1372.0,476364.0,655503.0
105,logreg,platt+prior_BBSE,target,False,0.6022340785013814,0.604547606498001,0.2820789726179054,0.0,0.0,0.0,0.7927015360450015,0.68744495635914,,0.0,0.002551847074184266,0.0,0.0,477736.0,738153.0
105,logreg,isotonic,source_test,False,0.024012709860565484,0.013142194090753186,0.8489302339592635,0.9997670355270821,0.44425434844596523,0.9706348009650181,0.9931075494570148,0.937434856553637,0.004489648698782157,107101.89350383826,0.929239917690829,,,,
105,logreg,isotonic,target,False,0.2551004272885718,0.30625954231789737,0.39377200656536565,1.0,0.9851445149622385,0.6106534457541082,0.7163107288237063,0.6437603105164804,0.0020300977708864756,236915.64551478496,0.8052102109941879,,,,
105,logreg,isotonic+prior_ORACLE,target,True,0.2865838397937031,0.3747126269282276,0.5454891511136234,0.29768896150256113,0.02409489760034831,0.9502229179549494,0.7163107288237063,0.6437603105164804,0.024161019873610926,5925.952479716089,0.34234415633255755,219740.0,11511.0,466225.0,518413.0
105,logreg,isotonic+prior_EM,target,False,0.5506793480822094,0.5734041717988694,0.282258078317993,0.0001693415863648864,5.442336353132274e-05,0.8278145695364238,0.7163107288237063,0.6437603105164804,0.006196950459851673,13.143054102682934,0.03572469707368319,125.0,26.0,477710.0,738028.0
105,logreg,temperature,source_test,False,0.18841424786860916,0.32257759909673617,0.4899258601992247,0.5984857309260337,0.08696891930424865,0.9902033212347028,0.9932807767570218,0.9311289919813701,0.013603192360537843,21160.389481561255,0.6136784672100417,,,,
105,logreg,temperature,target,False,0.4022433219394811,0.433855616272121,0.5082741656642318,0.24506843432188177,0.013710501197313998,0.9650569758012889,0.7927015263925227,0.6874449563676472,0.03458190659506795,3408.388873001154,0.17817187658997372,,,,
105,tree,raw,source_test,False,0.12306022394722048,0.13335025604677828,0.6727132474536006,0.8672490778489613,0.20758483033932135,0.9839647577092511,0.9819168462420897,0.8584491000803396,0.008302841673311858,50237.4730663745,0.8281707283762182,,,,
105,tree,raw,target,False,0.34897971026625424,0.34626063520096734,0.5830951220789766,0.8133286730528766,0.6407220724416832,0.6623160282285867,0.6556029185398996,0.5900596392862392,0.0025374206148648364,154164.47750931597,0.7599118854814304,,,,
105,tree,platt,source_test,False,0.04645366028925145,0.04869720497099839,0.4835393843814244,1.0,1.0,0.9362560663067779,0.9819168462420897,0.8584495982934982,0.002,240480.9619238477,0.935286847114535,,,,
105,tree,platt,target,False,0.32367554957321043,0.3129234154539586,0.37775697758799454,1.0,1.0,0.6070891339587742,0.6556029185398996,0.5900596393542967,0.002,240480.9619238477,0.9138359323572577,,,,
105,tree,platt+prior_ORACLE,target,True,0.30480776559941913,0.31429646926496974,0.5830957851623746,0.8133300277855675,0.6407220724416832,0.6623164007598807,0.6556029185398996,0.5900596393542967,0.0025374248306318514,154164.47816089084,0.7357810545219956,600362.0,306096.0,171640.0,137791.0
105,tree,platt+prior_EM,target,False,0.3043913654972191,0.3042218633111528,0.5859476460007322,0.8192217602583746,0.6407806822177939,0.6639083917504268,0.6556029185398996,0.5900596393542967,0.0025555256961379688,154181.3782061423,0.7789816941660994,604711.0,306124.0,171612.0,133442.0
105,tree,platt+prior_BBSE,target,False,0.3045640752399206,0.30513857614417833,0.5830702624945627,0.8133300277855675,0.6407660297737663,0.6623010571673476,0.6556029185398996,0.5900596393542967,0.0025372512018504534,154175.02792059077,0.77491446784857,600362.0,306117.0,171619.0,137791.0
105,tree,isotonic,source_test,False,0.039488935915951325,0.036912692707963414,0.7847380245519239,0.9553678897301495,0.28714000570287995,0.9799474292086503,0.9820297128821062,0.8616369861713189,0.0066235413791388845,69373.09694691811,0.941234660601593,,,,
105,tree,isotonic,target,False,0.3683415685951445,0.3502427810558561,0.39109538529583654,0.9491230137925335,0.9744000870773817,0.600802329809348,0.6532620164347308,0.5855628916239786,0.0019482187484353836,234312.5129292534,0.954669571128863,,,,
105,tree,isotonic+prior_ORACLE,target,True,0.29745726456164645,0.2969252670254064,0.6028485321165502,0.8903560643931543,0.6705649145134551,0.6722972834737493,0.6532620164347308,0.5855628916239786,0.002653800588883386,161363.80684886922,0.7982586560523192,657219.0,320353.0,157383.0,80934.0
105,tree,isotonic+prior_EM,target,False,0.36287742004313706,0.34009192986271347,0.39987907225920755,0.9490972738714061,0.9653365038431267,0.6030350633309088,0.6532620164347308,0.5855628916239786,0.0019664214566900953,232137.24057311023,0.943505742475889,700579.0,461176.0,16560.0,37574.0
105,tree,temperature,source_test,False,0.08931905953681499,0.13339438493647807,0.6727132474536006,0.8672490778489613,0.20758483033932135,0.9839647577092511,0.9819168462420897,0.8584495982934982,0.008302841673311858,50237.4730663745,0.8233021126228873,,,,
105,tree,temperature,target,False,0.3022346086194466,0.2996843606717874,0.5830951220789766,0.8133286730528766,0.6407220724416832,0.6623160282285867,0.6556029185398996,0.5900596392862392,0.0025374206148648364,154164.47750931597,0.799467667831642,,,,
105,rf,raw,source_test,False,0.05400270301880756,0.12378475712998452,0.8760482217914174,0.987516986992817,0.2634730538922156,0.9821590623853566,0.9842319417409209,0.8617148375130375,0.007455176891041334,63708.49100402809,0.8347482279666091,,,,
105,rf,raw,target,False,0.2709635678479103,0.2689518971612735,0.5831577248710322,0.8369281165286871,0.6601156287154412,0.6620439332920391,0.6562977223342147,0.5483431532320153,0.002534343913366049,158830.28144875375,0.7150273031298359,,,,
105,rf,platt,source_test,False,0.03130340683869266,0.03782803222304204,0.6205803392156454,0.996156086196855,0.8346164813230682,0.9460351407658696,0.9842322073769971,0.8617148375130372,0.0023861753192318713,200787.0686652062,0.9545875693064708,,,,
105,rf,platt,target,False,0.3070303983254476,0.3081310400227903,0.5726763424029183,0.8815421735060347,0.7111605572952425,0.6569805948751085,0.6562977257660885,0.5483431532320153,0.0024779776173915317,171102.52197058056,0.8392363998223246,,,,
105,rf,platt+prior_ORACLE,target,True,0.29864114462671965,0.2956959267532298,0.5975297399733326,0.8274964675345085,0.6278655994105531,0.6706599778429971,0.6562977266297083,0.5483431532320153,0.002634228073886038,151085.7381515353,0.6836878122099789,610819.0,299954.0,177782.0,127334.0
105,rf,platt+prior_EM,target,False,0.30036789737517466,0.2945860679583346,0.593851166083575,0.8287970109177908,0.6353027613577373,0.6684020076784742,0.6562977257882963,0.5483431532320153,0.002607551910674717,152871.2825307072,0.6939277465826771,611779.0,303507.0,174229.0,126374.0
105,rf,platt+prior_BBSE,target,False,0.30153936373134177,0.29363769174185206,0.5915865354023414,0.8293659986479768,0.6396566304402431,0.6670389393605917,0.6562977258086735,0.5483431532320153,0.0025916227678577544,153916.48477194193,0.701057261142725,612199.0,305587.0,172149.0,125954.0
105,rf,isotonic,source_test,False,0.028498799518378023,0.031389995113832614,0.8892667155422108,0.9937099592312172,0.2848588537211292,0.9808565679793044,0.9866348914585584,0.8966887092775094,0.006942307629736451,68844.06154680946,0.9505062604281961,,,,
105,rf,isotonic,target,False,0.30219963907741476,0.26183105464241524,0.5770763938252512,0.848115499090297,0.6790235611299965,0.6586881979055862,0.6597834744686225,0.5981679752042364,0.0024968008732458437,163373.56593328668,0.84069063195779,,,,
105,rf,isotonic+prior_ORACLE,target,True,0.2753776202430034,0.35050042102172635,0.590214711604075,0.7965421802796981,0.6137552958119129,0.6672507299845776,0.6597834744686225,0.5981679752042364,0.002594089273739733,147684.37745431226,0.6189347592108456,587970.0,293213.0,184523.0,150183.0
105,rf,isotonic+prior_EM,target,False,0.26857188509131186,0.3791329291321622,0.5902256540460947,0.7951576434695788,0.6125098380695614,0.6673154714938958,0.6597834744686225,0.5981679752042364,0.00259484387527553,147384.80168666007,0.5372753422328927,586948.0,292618.0,185118.0,151205.0
105,rf,temperature,source_test,False,0.034155399743044525,0.06951214653525317,0.8760482217914174,0.987516986992817,0.2634730538922156,0.9821590623853566,0.9842319417409209,0.8617148375130375,0.007455176891041334,63708.49100402809,0.8865116495891404,,,,
105,rf,temperature,target,False,0.31181763381079813,0.2933738130638885,0.5831577248710322,0.8369281165286871,0.6601156287154412,0.6620439332920391,0.6562977258732436,0.5483431532320153,0.002534343913366049,158830.28144875375,0.7574111081245506,,,,
105,xgboost,raw,source_test,False,0.04664032533764839,0.06580304456064387,0.7778349604107619,0.9397204426324985,0.2041631023666952,0.9854237495165,0.9965195670341922,0.9579126158477065,0.009139728359669622,49451.114319974375,0.8713464140892029,,,,
105,xgboost,raw,target,False,0.2835363745689392,0.31600764077328863,0.5933928330103251,0.7974769458364322,0.6089158028702044,0.6692656904978733,0.6337022277558998,0.5840053807204484,0.0026177128041723822,146523.34873494273,0.6618438959121704,,,,
105,xgboost,platt,source_test,False,0.02553036940375525,0.020462099877657867,0.8911217250462367,0.9895748398369248,0.23838038209295695,0.9838638074465826,0.9965195670341922,0.9579126158477065,0.00825048698309465,57687.23952106891,0.9338355835230405,,,,
105,xgboost,platt,target,False,0.2889997742749645,0.2866740221005075,0.6352315842680956,0.9031135821435393,0.628437044727632,0.6894834118173929,0.6337022277558998,0.5840053807204484,0.002871647416538144,151259.2539805524,0.8177018159312254,,,,
105,xgboost,platt+prior_ORACLE,target,True,0.3067629202358189,0.3225314192414246,0.5907126388714528,0.7916759804539167,0.6085411189443543,0.6677842532282025,0.6337022277558998,0.5840053807204484,0.002600316551213288,146430.63454926814,0.6609001308589784,584378.0,290722.0,187014.0,153775.0
105,xgboost,platt+prior_EM,target,False,0.3064902772300226,0.32364695352769934,0.5897450678837028,0.7896899423290293,0.6085034412311402,0.6672405267302797,0.6337022277558998,0.5840053807204484,0.0025939703753063595,146420.6366893794,0.6563849869408587,582912.0,290704.0,187032.0,155241.0
105,xgboost,platt+prior_BBSE,target,False,0.30722526236897313,0.3200294529275578,0.5914497307334676,0.7932759197618922,0.6086478724651272,0.6681931048963178,0.6337022277558998,0.5840053807204484,0.0026051021639996543,146457.02490414123,0.670380517743751,585559.0,290773.0,186963.0,152594.0
105,xgboost,isotonic,source_test,False,0.02038310095667839,0.008903779482042821,0.8943828217227769,0.9979227334498155,0.3125178214998574,0.9791234118745119,0.9960068165995771,0.9597612883615138,0.006358450952755393,75484.23999769715,0.9344526529312134,,,,
105,xgboost,isotonic,target,False,0.30332204699516296,0.2900826169639735,0.4041451483024532,0.9475190102864853,0.9604049098246731,0.6038624319438041,0.6375347266019589,0.5855998320645276,0.0019732186441168433,230952.8989239912,0.8500973582267761,,,,
105,xgboost,isotonic+prior_ORACLE,target,True,0.2727076057145177,0.30160287461846125,0.5717127615170252,0.7490818299187296,0.604622636770099,0.6568609398814664,0.6375347266019589,0.5855998320645276,0.002476665633292652,145469.7126628608,0.551748029185239,552937.0,288850.0,188886.0,185216.0
105,xgboost,isotonic+prior_EM,target,False,0.39634342855629434,0.4284125043530768,0.3124170271826614,0.036306836116631644,0.040455397960379794,0.581004617685954,0.6375347266019589,0.5855998320645276,0.0017952750810607055,9726.75771623863,0.22631086176109574,26800.0,19327.0,458409.0,711353.0
105,xgboost,temperature,source_test,False,0.04676903191254784,0.06466468010663332,0.7778349604107619,0.9397204426324985,0.2041631023666952,0.9854237495165,0.9965195670341922,0.9579126158477065,0.009139728359669622,49451.114319974375,0.8725439743231054,,,,
105,xgboost,temperature,target,False,0.28525316644560594,0.3164913522373135,0.5933928330103251,0.7974769458364322,0.6089158028702044,0.6692656904978733,0.6337022277558998,0.5840053807204484,0.0026177128041723822,146523.34873494273,0.6637392160619181,,,,
105,hgb,raw,source_test,False,0.04886720700478606,0.07902184289979758,0.778531283260941,0.9395845466899632,0.200741374394069,0.9856624984725673,0.9970372855410713,0.9635206886058708,0.009292739697809613,48629.83424577013,0.8573019350904286,,,,
105,hgb,raw,target,False,0.3403942902749014,0.3438189032350317,0.53937709795985,0.698608554053157,0.618496408058007,0.6357331124145974,0.6195952964649576,0.5376923466203135,0.002258469456310388,148775.14204809556,0.6747367265358106,,,,
105,hgb,platt,source_test,False,0.02499769678688927,0.01627917523043059,0.8795919397001215,0.9866821976315279,0.24493869404049046,0.9833794477874737,0.9970372855410713,0.9635206886058708,0.008008063181947453,59259.843137716845,0.9338390555192003,,,,
105,hgb,platt,target,False,0.31691866950510356,0.32029430473800036,0.5754886989362745,0.8152076872951813,0.6552949746303398,0.6577875527707514,0.6195952964649576,0.5376923466203135,0.0024868495562515077,157662.8777688985,0.8035232830457489,,,,
105,hgb,platt+prior_ORACLE,target,True,0.3709072138965901,0.36851504247926226,0.537100233485736,0.6929728660589336,0.6175753972905538,0.6342011361861143,0.6195952964649576,0.5376923466203135,0.0022436246828370157,148551.38891256685,0.6635594012270487,511520.0,295038.0,182698.0,226633.0
105,hgb,platt+prior_EM,target,False,0.3712254614129438,0.36868051996322315,0.5370501312613962,0.692848230651369,0.6175544652276571,0.6341672701300505,0.6195952964649576,0.5376923466203135,0.0022432979220658638,148546.30527258624,0.6619930986299671,511428.0,295028.0,182708.0,226725.0
105,hgb,platt+prior_BBSE,target,False,0.37238238518080813,0.369110986713332,0.535284563169183,0.6889913066803224,0.6173116532980558,0.6329625771475296,0.6195952964649576,0.5376923466203135,0.002231713380295404,148486.1753759087,0.6552533307605103,508581.0,294912.0,182824.0,229572.0
105,hgb,isotonic,source_test,False,0.019855859117343767,0.00795832512476256,0.8971828663406558,0.9962919821393904,0.28828058169375537,0.9806802981081597,0.9967834382735077,0.9667874639826484,0.006878175074763786,69666.5181149451,0.9319196047994548,,,,
105,hgb,isotonic,target,False,0.320972964910862,0.3023628590114462,0.40004518399930744,0.9392456577430425,0.9621632031079927,0.6013242356459465,0.6196045891570632,0.534266511721821,0.0019524554674210806,231370.91014443195,0.8504236130605666,,,,
105,hgb,isotonic+prior_ORACLE,target,True,0.331968128971007,0.3696336916168149,0.536746740085631,0.680223476704694,0.606297201801832,0.6341689832385865,0.6196045891570632,0.534266511721821,0.0022433144497548394,145838.49002444194,0.6232090519642609,502109.0,289650.0,188086.0,236044.0
105,hgb,isotonic+prior_EM,target,False,0.3346961035769904,0.3761521545667155,0.536820959153354,0.6786370847236277,0.604647755245575,0.6342593061534566,0.6196045891570632,0.534266511721821,0.002244186083596789,145441.85985680108,0.5781537921064005,500938.0,288862.0,188874.0,237215.0
105,hgb,temperature,source_test,False,0.04916181157455811,0.07305003564285564,0.778531283260941,0.9395845466899632,0.200741374394069,0.9856624984725673,0.9970372855410713,0.9635206886058708,0.009292739697809613,48629.83424577013,0.8637041870327237,,,,
105,hgb,temperature,target,False,0.3519663824903424,0.35601379025948304,0.53937709795985,0.698608554053157,0.618496408058007,0.6357331124145974,0.6195952964649576,0.5376923466203135,0.002258469456310388,148775.14204809556,0.6793055895130558,,,,
105,mlp,raw,source_test,False,0.08134467899799347,0.13436543390893976,0.7289232694828346,0.9052999417588817,0.17422298260621613,0.9870668670490866,0.9937478905148613,0.9485571913000691,0.010305936628082633,42248.93062713943,0.8034387826919556,,,,
105,mlp,raw,target,False,0.3403228521347046,0.3498474749690185,0.5913837139198903,0.7967033934699175,0.6118148935813922,0.6679982961806049,0.6205282764854887,0.5284717585272322,0.002602820461719755,147218.7584563934,0.7525554299354553,,,,
105,mlp,platt,source_test,False,0.03498398036469495,0.03260328269549159,0.8552806612219679,0.977771306542419,0.23781009409751924,0.9837106193480342,0.993654515139228,0.9485464298958451,0.008172269957203606,57544.69335208233,0.9198954122132921,,,,
105,mlp,platt,target,False,0.34713274299584407,0.35791690752671373,0.4265869243830779,0.8566936664891966,0.9003926854999413,0.5951609427013678,0.6205282764854888,0.5284717585272322,0.001903118149854101,216506.2815539687,0.8733073493986017,,,,
105,mlp,platt+prior_ORACLE,target,True,0.3310337113801708,0.334153959144072,0.5916243048358788,0.7972886379923946,0.6119049014518478,0.6681285122325027,0.6205282764854888,0.5284717585272322,0.0026043453250145406,147240.64182563423,0.7449494746019935,588521.0,292329.0,185407.0,149632.0
105,mlp,platt+prior_EM,target,False,0.33100777959930056,0.335400840375765,0.6120162778038449,0.8483688341034988,0.6208512651338814,0.6785937589737644,0.6205282764854888,0.5284717585272322,0.0027309197854016244,149412.3367387144,0.7709625763556709,626226.0,296603.0,181133.0,111927.0
105,mlp,platt+prior_BBSE,target,False,0.3308676429816835,0.33278311311008213,0.5918803397805811,0.7978765919802534,0.6119697908468276,0.6682684397746549,0.6205282764854888,0.5284717585272322,0.0026059852415158996,147256.49806391046,0.7531143681048085,588955.0,292360.0,185376.0,149198.0
105,mlp,isotonic,source_test,False,0.030645523220300674,0.0288269040299287,0.8917613552661101,0.9966026014366143,0.3065297975477616,0.9794886472047319,0.9946066196711123,0.9517461540850404,0.006473338218462046,74046.47931596135,0.9386093020439148,,,,
105,mlp,isotonic,target,False,0.37286970019340515,0.36158817971798507,0.4130901367376769,0.9369439669011709,0.9474668017482459,0.6044219473592677,0.628030548264012,0.5378606924000543,0.0019778313658380875,227842.6667924373,0.8979873061180115,,,,
105,mlp,isotonic+prior_ORACLE,target,True,0.3437706336015759,0.3544493016610988,0.6128427277750035,0.8509319883547178,0.6216404039050857,0.6789745518853137,0.628030548264012,0.5378606924000543,0.002735680353241013,149602.96282340318,0.7673460863630244,628118.0,296980.0,180756.0,110035.0
105,mlp,isotonic+prior_EM,target,False,0.3453972683936351,0.3627417239947233,0.46961323185703174,0.8554026062347508,0.8435286434348678,0.6104183866620521,0.628030548264012,0.5378606924000543,0.0020280959783782284,202858.29050752727,0.8144807673884004,631418.0,402984.0,74752.0,106735.0
105,mlp,temperature,source_test,False,0.08310829492220022,0.12392222420093534,0.7289232694828346,0.9052999417588817,0.17422298260621613,0.9870668670490866,0.9936546804524952,0.9485448245423345,0.010305936628082633,42248.93062713943,0.8138945986360733,,,,
105,mlp,temperature,target,False,0.34302353322716705,0.35106720942631053,0.5913837139198903,0.7967033934699175,0.6118148935813922,0.6679982961806049,0.6205282764859592,0.528471758527232,0.002602820461719755,147218.7584563934,0.7533446618582966,,,,
106,logreg,raw,source_test,False,0.1272567957389167,0.1962549192592495,0.6337043439924341,0.7355968583833358,0.11235388108653603,0.9825885235432876,0.9929834585249362,0.9481756337810778,0.012950607071841749,27318.725540953015,0.6997900512791032,,,,
106,logreg,raw,target,False,0.4191602167968499,0.44555123458497276,0.5080932561520916,0.24461188940504205,0.013139055880235109,0.9664040505678716,0.828775322131937,0.7708036681211937,0.035967043314132294,3271.022416180695,0.16153789937380145,,,,
106,logreg,platt,source_test,False,0.0833191447622907,0.08623470645794888,0.47258634919610293,1.0,1.0,0.8960449705383526,0.9929834227150541,0.9481765720235962,0.002,240480.9619238477,0.9797515334422727,,,,
106,logreg,platt,target,False,0.3028074333459688,0.2858692662342907,0.37775697758799454,1.0,1.0,0.6070891339587742,0.8287759742406953,0.7708048729356651,0.002,240480.9619238477,0.8929584001930647,,,,
106,logreg,platt+prior_ORACLE,target,True,0.22301849582657682,0.18157538260187672,0.5817386438915183,0.34960096348588976,0.029093474220071337,0.9488928437479317,0.8287759742406953,0.7708048729356651,0.023514845750389764,7150.578564794303,0.4835281267078051,258059.0,13899.0,463837.0,480094.0
106,logreg,platt+prior_EM,target,False,0.4747726624951171,0.5059984244834079,0.42617715551013047,0.14542378070670986,0.006909673962188322,0.9701661153588923,0.8287759742406953,0.7708048729356651,0.040470239938112725,1728.2650522671017,0.10109070947536625,107345.0,3301.0,474435.0,630808.0
106,logreg,platt+prior_BBSE,target,False,0.5759545067015978,0.5895096214003601,0.2820789726179054,0.0,0.0,0.0,0.8287759742406953,0.7708048729356651,,0.0,0.017579512558414057,0.0,0.0,477736.0,738153.0
106,logreg,isotonic,source_test,False,0.07258521528711345,0.0743420028725485,0.5363424278411043,0.9998438948241377,0.9337313934908754,0.9022468348858094,0.9919538757073089,0.9564308863217693,0.0021413060216159433,224576.4212810121,0.9699878859404039,,,,
106,logreg,isotonic,target,False,0.291669467620097,0.3246742461448168,0.38911062150713016,1.0,0.9895088500761927,0.6096019661782328,0.7328584206494398,0.6691491239479018,0.0020211619039293013,237963.08594213394,0.8755112187076985,,,,
106,logreg,isotonic+prior_ORACLE,target,True,0.2353745826534119,0.3296190301735516,0.5652887932354366,0.3261139628234255,0.02768055997454661,0.9479259370102305,0.7328584206494398,0.6691491239479018,0.023065320996694116,6800.182792844337,0.45351838396933253,240722.0,13224.0,464512.0,497431.0
106,logreg,isotonic+prior_EM,target,False,0.49911948506223053,0.5306468148444844,0.3922731653568328,0.10717561264399116,0.0016180484619120184,0.9903235901608562,0.7328584206494398,0.6691491239479018,0.1171853772005261,439.8790197056938,0.0796209776009761,79112.0,773.0,476963.0,659041.0
106,logreg,temperature,source_test,False,0.13493295625508772,0.27842561299041996,0.6337043439924341,0.7355968583833358,0.11235388108653603,0.9825885235432876,0.9929834226499672,0.9481765720235964,0.012950607071841749,27318.725540953015,0.6176193575479327,,,,
106,logreg,temperature,target,False,0.3229485627597936,0.3623802577357581,0.5080932561520916,0.24461188940504205,0.013139055880235109,0.9664040505678716,0.828775322136078,0.770803668141044,0.035967043314132294,3271.022416180695,0.2603417295669444,,,,
106,tree,raw,source_test,False,0.08779890832160124,0.086266371501114,0.7787256533844592,0.9336748134055319,0.3111597006139097,0.9627755364850046,0.963171203958412,0.8249487210669362,0.005977341065844708,75127.39018184198,0.8682997467301381,,,,
106,tree,raw,target,False,0.3437460536549818,0.3028489510465377,0.5824256508878419,0.8485761082052095,0.6706549223839108,0.6615922473660585,0.648848841499192,0.5741084613918184,0.002529247376573288,161365.31416967214,0.7977895072764087,,,,
106,tree,platt,source_test,False,0.09386277897372933,0.0978643282591062,0.47258634919610293,1.0,1.0,0.8960449705383526,0.96317119626501,0.8249496092589137,0.002,240480.9619238477,0.9840381814959651,,,,
106,tree,platt,target,False,0.3742474891621774,0.37619686028306737,0.37775697758799454,1.0,1.0,0.6070891339587742,0.6488488410473493,0.5741084583434032,0.002,240480.9619238477,0.9803674617439668,,,,
106,tree,platt+prior_ORACLE,target,True,0.28820435240911907,0.2714384137547476,0.37775697758799454,1.0,1.0,0.6070891339587742,0.6488488410473493,0.5741084583434032,0.002,240480.9619238477,0.8432503060719428,738153.0,477736.0,0.0,0.0
106,tree,platt+prior_EM,target,False,0.2920155465785974,0.27736165669206725,0.37775697758799454,1.0,1.0,0.6070891339587742,0.6488488410473493,0.5741084583434032,0.002,240480.9619238477,0.85227004080967,738153.0,477736.0,0.0,0.0
106,tree,platt+prior_BBSE,target,False,0.2744725460881082,0.2604625858495302,0.4447524758188309,0.9171201634349518,0.9042379054540584,0.6104582483439469,0.6488488410473493,0.5741084583434032,0.0020284352758866407,217458.1971871792,0.8061392491130377,676975.0,431987.0,45749.0,61178.0
106,tree,isotonic,source_test,False,0.09142761605616145,0.0949079583672791,0.47258634919610293,1.0,1.0,0.8960449705383526,0.9626570409717566,0.8293723089039473,0.002,240480.9619238477,0.9831689671620232,,,,
106,tree,isotonic,target,False,0.37527326363388736,0.37531210360870587,0.37775697758799454,1.0,1.0,0.6070891339587742,0.644642485663742,0.5682533960287361,0.002,240480.9619238477,0.9801088442031759,,,,
106,tree,isotonic+prior_ORACLE,target,True,0.3002266028668335,0.2840228498646013,0.3990272081181896,0.943305791617727,0.9644782892643636,0.6017820875141521,0.644642485663742,0.5682533960287361,0.0019561813248937803,231928.48359176042,0.8484642442404503,696304.0,460766.0,16970.0,41849.0
106,tree,isotonic+prior_EM,target,False,0.3109444283223715,0.2940803852027713,0.37775697758799454,1.0,1.0,0.6070891339587742,0.644642485663742,0.5682533960287361,0.002,240480.9619238477,0.8753447076063527,738153.0,477736.0,0.0,0.0
106,tree,temperature,source_test,False,0.0731390056725955,0.09897343045289916,0.7787256533844592,0.9336748134055319,0.3111597006139097,0.9627755364850046,0.96317119626501,0.8249496092589137,0.005977341065844708,75127.39018184198,0.8364187777902744,,,,
106,tree,temperature,target,False,0.296694923435923,0.2642187323382947,0.5824256508878419,0.8485761082052095,0.6706549223839108,0.6615922473660585,0.6488488410473493,0.5741084583434032,0.002529247376573288,161365.31416967214,0.7974407909789042,,,,
106,rf,raw,source_test,False,0.06334926038614326,0.045048881253383605,0.7169335252429695,0.9863798234060198,0.6499873854175426,0.9289796743485133,0.9887590837215329,0.916894158477875,0.003031935466285123,156471.38363772014,0.8857777216316577,,,,
106,rf,raw,target,False,0.255072309920832,0.2693464895272274,0.5858758119591542,0.9186740418314361,0.7178650970410436,0.6641275052102105,0.6479624061730127,0.5971934363870993,0.0025580303882525544,172729.47052439867,0.7624356623275066,,,,
106,rf,platt,source_test,False,0.09214052667113973,0.091075414752628,0.47258634919610293,1.0,1.0,0.8960449705383526,0.9887590868782531,0.9168941584778751,0.002,240480.9619238477,0.9831532115213452,,,,
106,rf,platt,target,False,0.3375138186119919,0.3517691486784328,0.37775697758799454,1.0,1.0,0.6070891339587742,0.6479624064317043,0.5971934363870992,0.002,240480.9619238477,0.9553111108039004,,,,
106,rf,platt+prior_ORACLE,target,True,0.2540810427911577,0.26832388337505797,0.6035050799056836,0.9692949835603188,0.7277450307282683,0.6729836957441886,0.6479624064317043,0.5971934363870992,0.0026620641054240367,175125.0013548535,0.7919345469814438,715488.0,347670.0,130066.0,22665.0
106,rf,platt+prior_EM,target,False,0.22997673803512692,0.26560659923538804,0.5847780806963819,0.8577991283649866,0.6740919671115427,0.662866863827894,0.6479624064317043,0.5971934363870992,0.0025436643094536434,162194.64082582356,0.6403641301103583,633187.0,322038.0,155698.0,104966.0
106,rf,platt+prior_BBSE,target,False,0.22935887478643882,0.2669358286269004,0.5923872605867198,0.8534666932194274,0.6581752264849206,0.6670623227092097,0.6479624064317043,0.5971934363870992,0.0025918949359766,158372.53933909166,0.6131848535459989,629989.0,314434.0,163302.0,108164.0
106,rf,isotonic,source_test,False,0.0866426231617191,0.09455212835325634,0.4962679038582134,0.9999609737060344,0.9763686821966193,0.8982480434001455,0.9769791734501575,0.8899874405551877,0.0020482276204790723,234809.4268808749,0.9769656843158947,,,,
106,rf,isotonic,target,False,0.3351494252855134,0.34609565462975117,0.37775697758799454,1.0,1.0,0.6070891339587742,0.6608621648205752,0.6043811366373252,0.002,240480.9619238477,0.9495075621793968,,,,
106,rf,isotonic+prior_ORACLE,target,True,0.2606265440112679,0.26715169312649134,0.5968571326723983,0.9095282414350413,0.6946137615754308,0.6692207935901947,0.6608621648205752,0.6043811366373252,0.002617183307121064,167144.7512308978,0.7814709072604604,671371.0,331842.0,145894.0,66782.0
106,rf,isotonic+prior_EM,target,False,0.23267508316598443,0.3285403400757128,0.60043654126709,0.9091191121623837,0.6887946480901586,0.6709811014757067,0.6608621648205752,0.6043811366373252,0.0026380515220137996,165747.9672188304,0.6188922895670373,671069.0,329062.0,148674.0,67084.0
106,rf,temperature,source_test,False,0.06367066193340938,0.029969831824285805,0.7169335252429695,0.9863798234060198,0.6499873854175426,0.9289796743485133,0.9887590867448173,0.9168941584778751,0.003031935466285123,156471.38363772014,0.9252663648271219,,,,
106,rf,temperature,target,False,0.29166789946817145,0.28929803217388794,0.5858758119591542,0.9186740418314361,0.7178650970410436,0.6641275052102105,0.647962406217975,0.5971934363870994,0.0025580303882525544,172729.47052439867,0.8238935286871895,,,,
106,xgboost,raw,source_test,False,0.04042462259531021,0.04026411535714396,0.8852517722037194,0.9603200156105176,0.11067193675889328,0.9868062239332692,0.9967388906778711,0.9723979565775371,0.017091919180477092,27023.142184351873,0.856111466884613,,,,
106,xgboost,raw,target,False,0.29584959149360657,0.3267636740100507,0.584886173862796,0.7880263305845807,0.6157270961367785,0.6641448942100089,0.6513520410272515,0.5700687002809294,0.002558229301831401,148153.51373282744,0.6736583113670349,,,,
106,xgboost,platt,source_test,False,0.06587410412416196,0.07370566198789517,0.47258634919610293,1.0,1.0,0.8960449705383526,0.9967388906778711,0.9723979565775371,0.002,240480.9619238477,0.9654234997162771,,,,
106,xgboost,platt,target,False,0.3347871240766112,0.3287803503051456,0.37775697758799454,1.0,1.0,0.6070891339587742,0.6513520410272515,0.5700687002809294,0.002,240480.9619238477,0.934245216543408,,,,
106,xgboost,platt+prior_ORACLE,target,True,0.28318861312760296,0.30023181304615065,0.5947905138461795,0.8288633928196458,0.6337475090845153,0.6689627724712222,0.6513520410272515,0.5700687002809294,0.0026141430778305035,152498.0539123011,0.735175593130502,611828.0,302764.0,174972.0,126325.0
106,xgboost,platt+prior_EM,target,False,0.2802164114403246,0.3132505102436491,0.5868718820832078,0.7693432120441155,0.5952911231307668,0.6663181916847064,0.6513520410272515,0.5700687002809294,0.0025832523338679574,143239.89434274795,0.5343981134645783,567893.0,284392.0,193344.0,170260.0
106,xgboost,platt+prior_BBSE,target,False,0.2793051786360071,0.3092305467808286,0.5835108376692268,0.772650114542649,0.6044489006480567,0.6638730486869413,0.6513520410272515,0.5700687002809294,0.002555121993253038,145439.3514410852,0.549674111529315,570334.0,288767.0,188969.0,167819.0
106,xgboost,isotonic,source_test,False,0.07533769309520721,0.07712959263379889,0.5860794530237756,0.9961071271769355,0.8708266756370364,0.9079154476171843,0.9954051198247043,0.9717153426844236,0.0022870695855477362,209477.49175313415,0.9718777537345886,,,,
106,xgboost,isotonic,target,False,0.34519144892692566,0.3413934067329272,0.4099684389483913,0.9990151093337019,0.969449654202321,0.6142314423101751,0.6562488790821948,0.5906786602878756,0.0020608686061935823,233148.40523749508,0.9484825730323792,,,,
106,xgboost,isotonic+prior_ORACLE,target,True,0.26051699610320544,0.25731138056071584,0.5979930761477311,0.8396457103066708,0.6373813152033759,0.6705568724865761,0.6562488790821948,0.5906786602878756,0.002633002027919326,153375.3532649898,0.7303968770133615,619787.0,304500.0,173236.0,118366.0
106,xgboost,isotonic+prior_EM,target,False,0.34878981818304894,0.3565300027385266,0.48958857473971007,0.35343892119926357,0.29498090995863824,0.64928387441982,0.6562488790821948,0.5906786602878756,0.002395401728387364,70965.40905357583,0.3090908453961892,260892.0,140923.0,336813.0,477261.0
106,xgboost,temperature,source_test,False,0.040812811773620755,0.036255728985773346,0.8852517722037194,0.9603200156105176,0.11067193675889328,0.9868062239332692,0.9967388906778711,0.9723979565775371,0.017091919180477092,27023.142184351873,0.8611259642443674,,,,
106,xgboost,temperature,target,False,0.3092725260190698,0.33312609918110436,0.584886173862796,0.7880263305845807,0.6157270961367785,0.6641448942100089,0.6513520410272515,0.5700687002809294,0.002558229301831401,148153.51373282744,0.6866597501261924,,,,
106,hgb,raw,source_test,False,0.04863458999667892,0.06251385338020096,0.8630684794483074,0.9444168008195521,0.09326381296779077,0.9886729243057187,0.9964516162456768,0.96967004948017,0.01988955242830317,22837.543633706042,0.8337649806487312,,,,
106,hgb,raw,target,False,0.30901846770495545,0.31718338397566637,0.600137048175947,0.8323382821718532,0.6275139407538892,0.6720707870121716,0.6319993326507456,0.5832465713273829,0.0026510814251093735,151003.6688024189,0.7450415245190697,,,,
106,hgb,platt,source_test,False,0.06982409838647645,0.07526266698829133,0.47258634919610293,1.0,1.0,0.8960449705383526,0.9964516162456768,0.96967004948017,0.002,240480.9619238477,0.969328454999012,,,,
106,hgb,platt,target,False,0.3316039389400502,0.3372220527482319,0.37775697758799454,1.0,1.0,0.6070891339587742,0.6319993326507456,0.5832465713273829,0.002,240480.9619238477,0.9440824609418221,,,,
106,hgb,platt+prior_ORACLE,target,True,0.28947795198417103,0.28401165100900094,0.607590771827815,0.859552152467036,0.6378543798248405,0.6755496924533143,0.6319993326507456,0.5832465713273829,0.00269326382022439,153498.46301485968,0.7937302284032131,634481.0,304726.0,173010.0,103672.0
106,hgb,platt+prior_EM,target,False,0.2928277315859196,0.2932204304292326,0.6026296699538792,0.8439402129368844,0.633115360785036,0.6731621027880343,0.6319993326507456,0.5832465713273829,0.0026642175562404183,152353.5896968352,0.7557141387137187,622957.0,302462.0,175274.0,115196.0
106,hgb,platt+prior_BBSE,target,False,0.29344383399591445,0.29450406114379657,0.6019342110290465,0.8418647624543963,0.6325439154679572,0.67281894817532,0.6319993326507456,0.5832465713273829,0.0026600776078418904,152215.44460807936,0.7474002079103361,621425.0,302189.0,175547.0,116728.0
106,hgb,isotonic,source_test,False,0.0695533841850349,0.06850473378637237,0.5872110975349552,0.9964778769696083,0.8699016062568329,0.908035349134942,0.9955416387152487,0.9689903426209373,0.0022903463249360624,209255.65341841886,0.9638287065741908,,,,
106,hgb,isotonic,target,False,0.31301378332916,0.32406375614059263,0.4074423159032258,0.99988213825589,0.9721184922216455,0.6137854870176851,0.6354357002099826,0.5691043821800601,0.0020570023847295065,233789.34337003142,0.9306004328450794,,,,
106,hgb,isotonic+prior_ORACLE,target,True,0.2789052647548221,0.25831977422135305,0.6072047798865788,0.8576812666208767,0.6369375554699667,0.6753873529424316,0.6354357002099826,0.5691043821800601,0.0026912753915752587,153277.5253448341,0.7921125020480945,633100.0,304288.0,173448.0,105053.0
106,hgb,isotonic+prior_EM,target,False,0.2819585571629615,0.2748673529963542,0.6072147362741159,0.8576812666208767,0.6369208098196494,0.6753931169856409,0.6354357002099826,0.5691043821800601,0.002691345959006267,153273.50638875796,0.7521082485232664,633100.0,304280.0,173456.0,105053.0
106,hgb,temperature,source_test,False,0.047883312058893804,0.05763117648007922,0.8630684794483074,0.9444168008195521,0.09326381296779077,0.9886729243057187,0.9964516162456768,0.96967004948017,0.01988955242830317,22837.543633706042,0.8396643628426936,,,,
106,hgb,temperature,target,False,0.3197685617738413,0.32581148524323694,0.600137048175947,0.8323382821718532,0.6275139407538892,0.6720707870121716,0.6319993326507456,0.5832465713273829,0.0026510814251093735,151003.6688024189,0.7475581685716948,,,,
106,mlp,raw,source_test,False,0.11406194418668747,0.14393846944096692,0.6912310285261413,0.8302941606907654,0.2073837355983517,0.9718387063619857,0.9890793186494032,0.9130896744999579,0.007959506551465803,50171.43642048974,0.7521986365318298,,,,
106,mlp,raw,target,False,0.3554796278476715,0.36867433630879615,0.5767418316825741,0.7655770551633604,0.6103768608603916,0.6596300740505561,0.6203601362196777,0.5243033037714205,0.0025072638770868654,146858.660019799,0.7359621524810791,,,,
106,mlp,platt,source_test,False,0.09262486177031781,0.09067833226574394,0.47258634919610293,1.0,1.0,0.8960449705383526,0.989041828823704,0.913088673489138,0.002,240480.9619238477,0.9853787298179916,,,,
106,mlp,platt,target,False,0.3761084431087731,0.3723248327537314,0.37775697758799454,1.0,1.0,0.6070891339587742,0.6203601362196777,0.5243033037714205,0.002,240480.9619238477,0.9794139667125056,,,,
106,mlp,platt+prior_ORACLE,target,True,0.3253120930967324,0.30827138175465135,0.471073092295961,0.886742992306473,0.8578231491869986,0.6149694888501595,0.6203601362196777,0.5243033037714205,0.0020672867304616306,206304.04542041785,0.864071987488554,654552.0,409813.0,67923.0,83601.0
106,mlp,platt+prior_EM,target,False,0.3383875889586992,0.3131310515610423,0.37775697758799454,1.0,1.0,0.6070891339587742,0.6203601362196777,0.5243033037714205,0.002,240480.9619238477,0.9096171421040743,738153.0,477736.0,0.0,0.0
106,mlp,platt+prior_BBSE,target,False,0.39290965698987623,0.39290950992936036,0.37775697758799454,1.0,1.0,0.6070891339587742,0.6203601362196777,0.5243033037714205,0.002,240480.9619238477,0.9999986438881346,738153.0,477736.0,0.0,0.0
106,mlp,isotonic,source_test,False,0.08128391206264496,0.07694412225309034,0.5770464065533829,0.9986828625786623,0.8853754940711462,0.9067394231450642,0.98595367244553,0.920468750474993,0.0022553759812579594,212970.44700797467,0.9705712795257568,,,,
106,mlp,isotonic,target,False,0.37221357226371765,0.3582468293727613,0.409434410851784,0.9885376067021335,0.9670864243012878,0.6123097681974718,0.6385789533879027,0.556797371031679,0.0020442718040819693,232576.19078142432,0.9509854316711426,,,,
106,mlp,isotonic+prior_ORACLE,target,True,0.3446117915800874,0.32565890525771723,0.428175109428757,0.8889241119388528,0.9122925632566941,0.6008826031573347,0.6385789533879027,0.556797371031679,0.0019488696714384222,219377.75383263928,0.8370330116118918,656162.0,435835.0,41901.0,81991.0
106,mlp,isotonic+prior_EM,target,False,0.3425961668807739,0.3249129768721072,0.4295919624563261,0.8888645037004523,0.9105635748614297,0.6013213860531359,0.6385789533879027,0.556797371031679,0.001952432305022196,218962.7679484828,0.8320286526877757,656118.0,435009.0,42727.0,82035.0
106,mlp,temperature,source_test,False,0.10764076882082957,0.1618311041530174,0.6912310285261413,0.8302941606907654,0.2073837355983517,0.9718387063619857,0.9890418322788407,0.913088673489138,0.007959506551465803,50171.43642048974,0.7342138663853351,,,,
106,mlp,temperature,target,False,0.3117685745774994,0.31963376300913976,0.5767418316825741,0.7655770551633604,0.6103768608603916,0.6596300740505561,0.6203601362338419,0.5243033037714205,0.0025072638770868654,146858.660019799,0.7162770620826336,,,,
107,logreg,raw,source_test,False,0.15297514803088114,0.2628061232702368,0.7390684849206418,0.8595698603539691,0.08152074575031987,0.9904061263121666,0.9895024653882212,0.9194132783634378,0.020693368192123307,19978.39935379411,0.6445200391757698,,,,
107,logreg,raw,target,False,0.4243294254332375,0.44876907336448396,0.5056554187151548,0.24411470250747475,0.019548453539193194,0.9507262587517741,0.7760325483153092,0.6628318897830519,0.024414417025557394,4809.0387263638695,0.1583200605942902,,,,
107,logreg,platt,source_test,False,0.06421416554360475,0.06185063060156243,0.4757058233199229,1.0,1.0,0.9073261624460066,0.9894864864481803,0.9194123689581036,0.002,240480.9619238477,0.9378630587643395,,,,
107,logreg,platt,target,False,0.24718320009307454,0.1993508349182046,0.37775697758799454,1.0,1.0,0.6070891339587742,0.7760325723051681,0.6628318898184986,0.002,240480.9619238477,0.7812986065756435,,,,
107,logreg,platt+prior_ORACLE,target,True,0.31300971027846314,0.3184568814047553,0.5061459669328345,0.24716826999280636,0.02558316727230102,0.9372168284789644,0.7760325723051681,0.6628318898184986,0.018993703605371826,6258.838672002092,0.29414151794347465,182448.0,12222.0,465514.0,555705.0
107,logreg,platt+prior_EM,target,False,0.607088402848069,0.6070887023694121,0.2820789726179054,0.0,0.0,0.0,0.7760325723051681,0.6628318898184986,,0.0,4.315893619789257e-07,0.0,0.0,477736.0,738153.0
107,logreg,platt+prior_BBSE,target,False,0.607088402848069,0.6070887023694121,0.2820789726179054,0.0,0.0,0.0,0.7760325723051681,0.6628318898184986,,0.0,4.315893619789257e-07,0.0,0.0,477736.0,738153.0
107,logreg,isotonic,source_test,False,0.06904683062913344,0.08285570930820957,0.4757058233199229,1.0,1.0,0.9073261624460066,0.9831374422295587,0.8989606739146012,0.002,240480.9619238477,0.9160006525774479,,,,
107,logreg,isotonic,target,False,0.26472024651409387,0.3267156878066585,0.37775697758799454,1.0,1.0,0.6070891339587742,0.7135049317738296,0.6411302459213555,0.002,240480.9619238477,0.8062285632365728,,,,
107,logreg,isotonic+prior_ORACLE,target,True,0.3214221524555956,0.4282122793194412,0.3586121747346587,0.07357959664188861,0.0054402431468426075,0.9543330053415799,0.7135049317738296,0.6411302459213555,0.026389064212603397,1341.047339599046,0.29551668277654725,54313.0,2599.0,475137.0,683840.0
107,logreg,isotonic+prior_EM,target,False,0.5803847928210542,0.5907839985436456,0.2820789726179054,0.0,0.0,0.0,0.7135049317738296,0.6411302459213555,,0.0,0.017443872744753498,0.0,0.0,477736.0,738153.0
107,logreg,temperature,source_test,False,0.15804306326855252,0.29659783304986725,0.7390684849206418,0.8595698603539691,0.08152074575031987,0.9904061263121666,0.9894864829013801,0.9194123570146941,0.020693368192123307,19978.39935379411,0.6107283293961393,,,,
107,logreg,temperature,target,False,0.3740129911262298,0.3977972634489047,0.5056554187151548,0.24411470250747475,0.019548453539193194,0.9507262587517741,0.7760325483153092,0.6628318897830519,0.024414417025557394,4809.0387263638695,0.20929187050986936,,,,
107,tree,raw,source_test,False,0.12290605259114129,0.12896766468358126,0.7271904883358395,0.8574975729967889,0.12045329921403765,0.98585533376261,0.9830275146123625,0.899438905098636,0.01406570892297634,29321.215493772303,0.7970931466994966,,,,
107,tree,raw,target,False,0.4629862286949756,0.4412672962577287,0.47788013543625696,0.37666445845238045,0.3651577440259893,0.6144645678862283,0.6055477819254368,0.481673131103089,0.002062893242664674,87819.01982881973,0.4290004666712886,,,,
107,tree,platt,source_test,False,0.06848476077905907,0.059538486846691475,0.4757058233199229,1.0,1.0,0.9073261624460066,0.9830275147644166,0.8994389460474692,0.002,240480.9619238477,0.9567305440909051,,,,
107,tree,platt,target,False,0.3304160154050953,0.30515836023162957,0.37775697758799454,1.0,1.0,0.6070891339587742,0.6055477819254368,0.481673131103089,0.002,240480.9619238477,0.9003956691901687,,,,
107,tree,platt+prior_ORACLE,target,True,0.32044028224299476,0.2890057170414047,0.4788760319157304,0.3782806545526469,0.36517448967630656,0.6154675259981573,0.6055477819254368,0.481673131103089,0.0020716315849051716,87823.81611368158,0.5470412826203501,279229.0,174457.0,303279.0,458924.0
107,tree,platt+prior_EM,target,False,0.3847749305403788,0.3600168601565225,0.47788013543625696,0.37666445845238045,0.3651577440259893,0.6144645678862283,0.6055477819254368,0.481673131103089,0.002062893242664674,87819.01982881973,0.3693067389972957,278036.0,174449.0,303287.0,460117.0
107,tree,platt+prior_BBSE,target,False,0.3915066220578819,0.3647783193720003,0.47788013543625696,0.37666445845238045,0.3651577440259893,0.6144645678862283,0.6055477819254368,0.481673131103089,0.002062893242664674,87819.01982881973,0.3490353946651775,278036.0,174449.0,303287.0,460117.0
107,tree,isotonic,source_test,False,0.0679978858461459,0.06405733087483707,0.4757058233199229,1.0,1.0,0.9073261624460066,0.9809858726460932,0.8972377688258473,0.002,240480.9619238477,0.956163107023141,,,,
107,tree,isotonic,target,False,0.33900476150964665,0.32189112515006085,0.37775697758799454,1.0,1.0,0.6070891339587742,0.6100376382957097,0.4807988181049983,0.002,240480.9619238477,0.912587788398111,,,,
107,tree,isotonic+prior_ORACLE,target,True,0.31130701150235945,0.25633644250943094,0.4788760319157304,0.3782806545526469,0.36517448967630656,0.6154675259981573,0.6100376382957097,0.4807988181049983,0.0020716315849051716,87823.81611368158,0.5796320529615013,279229.0,174457.0,303279.0,458924.0
107,tree,isotonic+prior_EM,target,False,0.3564402973611498,0.32334399259222485,0.47788013543625696,0.37666445845238045,0.3651577440259893,0.6144645678862283,0.6100376382957097,0.4807988181049983,0.002062893242664674,87819.01982881973,0.4302292697408854,278036.0,174449.0,303287.0,460117.0
107,tree,temperature,source_test,False,0.08761404952598206,0.1501726734963379,0.7271904883358395,0.8574975729967889,0.12045329921403765,0.98585533376261,0.983027567691699,0.899454525372245,0.01406570892297634,29321.215493772303,0.7571534889496688,,,,
107,tree,temperature,target,False,0.3195013504828234,0.2693182253842482,0.47788013543625696,0.37666445845238045,0.3651577440259893,0.6144645678862283,0.6055478274353794,0.4816731307854867,0.002062893242664674,87819.01982881973,0.5644710781360519,,,,
107,rf,raw,source_test,False,0.06324822609584624,0.0484548895651058,0.8097313606239473,0.9258270480173251,0.14001096691646867,0.9847886093293882,0.994791417101222,0.9488909595500465,0.013078260380046974,34047.91961811712,0.8589613327185555,,,,
107,rf,raw,target,False,0.2760813640165699,0.27539444021796244,0.5213664921601122,0.7473084848263165,0.6927026642329654,0.62503385050484,0.6668852166615615,0.5595451490633918,0.002157320077354054,166608.0663424815,0.5864395186556083,,,,
107,rf,platt,source_test,False,0.0729369759911648,0.07414979485462243,0.4757058233199229,1.0,1.0,0.9073261624460066,0.9947914171509673,0.9488909612562478,0.002,240480.9619238477,0.9699354680815278,,,,
107,rf,platt,target,False,0.35702287781537756,0.3670709324213412,0.37775697758799454,1.0,1.0,0.6070891339587742,0.6668852427041994,0.5595451490633919,0.002,240480.9619238477,0.9460305772814663,,,,
107,rf,platt+prior_ORACLE,target,True,0.2665013779017929,0.2701038793851058,0.5292360200221391,0.8111678744108606,0.7281825108428086,0.6325137723222538,0.6668852427041994,0.5595451490633919,0.0022274169437750454,175153.94346371415,0.6774464424619203,598766.0,347879.0,129857.0,139387.0
107,rf,platt+prior_EM,target,False,0.2925219751758902,0.29837719993514555,0.3593513640910066,0.889390139984529,0.9906852320109851,0.5810857219736022,0.6668852427041994,0.5595451490633919,0.0017958722393035796,238192.2184754146,0.7970024204339295,656506.0,473286.0,4450.0,81647.0
107,rf,platt+prior_BBSE,target,False,0.2984436332210988,0.30490194137845567,0.362188023048958,0.9084241342919421,0.9929982249610664,0.585665537356751,0.6668852427041994,0.5595451490633919,0.0018299708490376692,238756.49140995464,0.8155297773812891,670556.0,474391.0,3345.0,67597.0
107,rf,isotonic,source_test,False,0.06710962588271273,0.05858682291978516,0.4757058233199229,1.0,1.0,0.9073261624460066,0.9928744381943253,0.9514127064174368,0.002,240480.9619238477,0.9659129853657918,,,,
107,rf,isotonic,target,False,0.3164093353648673,0.2845505971230383,0.37775697758799454,1.0,1.0,0.6070891339587742,0.6630555022932515,0.562527896175731,0.002,240480.9619238477,0.8883071031681579,,,,
107,rf,isotonic+prior_ORACLE,target,True,0.2672210887645181,0.2033956467339953,0.5234941144850311,0.4157877838334329,0.3096584724617781,0.6747609101901726,0.6630555022932515,0.562527896175731,0.00268362089170675,74518.01148325163,0.4344764844183372,306915.0,147935.0,329801.0,431238.0
107,rf,isotonic+prior_EM,target,False,0.6070890848012028,0.6070876332266184,0.282078548721558,0.0,2.093206289666259e-06,0.0,0.6630555022932515,0.562527896175731,0.0,0.5023695095199022,1.500732155726735e-06,0.0,1.0,477735.0,738153.0
107,rf,temperature,source_test,False,0.06565605767664272,0.10382120923536595,0.8097313606239473,0.9258270480173251,0.14001096691646867,0.9847886093293882,0.9947914171507544,0.9488909612562478,0.013078260380046974,34047.91961811712,0.8191012952918291,,,,
107,rf,temperature,target,False,0.2566753207932252,0.2786290832270706,0.5213664921601122,0.7473084848263165,0.6927026642329654,0.62503385050484,0.666885238755652,0.5595451490633919,0.002157320077354054,166608.0663424815,0.5141167861510046,,,,
107,xgboost,raw,source_test,False,0.08451785892248154,0.0936080212951807,0.757299300040785,0.8714808453438877,0.06305976969475416,0.9926634768740031,0.9948380163093303,0.9561628324750072,0.02694887132981686,15553.49383071401,0.8148543834686279,,,,
107,xgboost,raw,target,False,0.36641445755958557,0.3494679252669081,0.5539243522006358,0.7144507981407648,0.6058220439740777,0.6456610394014669,0.6819180881125898,0.5503372128344963,0.002357770515519942,145740.91418414694,0.653364896774292,,,,
107,xgboost,platt,source_test,False,0.06769986310035321,0.06491641925148449,0.4757058233199229,1.0,1.0,0.9073261624460066,0.9948380163093303,0.9561628324750072,0.002,240480.9619238477,0.9691079075653791,,,,
107,xgboost,platt,target,False,0.34630461535397,0.3408747293675974,0.37775697758799454,1.0,1.0,0.6070891339587742,0.6819180881125898,0.5503372128344963,0.002,240480.9619238477,0.9391143116639783,,,,
107,xgboost,platt+prior_ORACLE,target,True,0.31629817221742823,0.32832833416381274,0.5612304211353247,0.7398357793032068,0.6155135890952325,0.6500056536513661,0.6819180881125898,0.5503372128344963,0.0024029917363630102,148079.09422260083,0.7417170295831325,546112.0,294053.0,183683.0,192041.0
107,xgboost,platt+prior_EM,target,False,0.3122487589214536,0.3331003255188016,0.3835777983495285,0.8115350069700997,0.935198519684512,0.5727944234879018,0.6819180881125898,0.5503372128344963,0.0017359943777643045,224837.96216250496,0.8368500680891185,599037.0,446778.0,30958.0,139116.0
107,xgboost,platt+prior_BBSE,target,False,0.31201629972296135,0.33315203755171574,0.39051954197674765,0.8071687035072674,0.9245022355443173,0.574288517776694,0.6819180881125898,0.5503372128344963,0.0017466126282770704,222268.75394314466,0.8343883715562053,595814.0,441668.0,36068.0,142339.0
107,xgboost,isotonic,source_test,False,0.062374506145715714,0.05908225031158325,0.4757058233199229,1.0,1.0,0.9073261624460066,0.9936076752819446,0.9543937490459775,0.002,240480.9619238477,0.9657250642776489,,,,
107,xgboost,isotonic,target,False,0.3538413941860199,0.33931272674875484,0.37775697758799454,1.0,1.0,0.6070891339587742,0.6307840795311622,0.5315088115100948,0.002,240480.9619238477,0.929247260093689,,,,
107,xgboost,isotonic+prior_ORACLE,target,True,0.3003321514087175,0.2873705768489839,0.5531964638683385,0.7209169372745217,0.613152452400489,0.6449703783427386,0.6307840795311622,0.5315088115100948,0.002350683306500692,147503.3221732033,0.6707991407169902,532147.0,292925.0,184811.0,206006.0
107,xgboost,isotonic+prior_EM,target,False,0.302819732108052,0.29539257391483703,0.5505956903096542,0.7968835729178098,0.6825066563960012,0.6433718335739599,0.6307840795311622,0.5315088115100948,0.002334384773306164,164184.86819135345,0.7130292006391208,588222.0,326058.0,151678.0,149931.0
107,xgboost,temperature,source_test,False,0.07462329987837348,0.14526706048833835,0.757299300040785,0.8714808453438877,0.06305976969475416,0.9926634768740031,0.9948380163093303,0.9561628324750072,0.02694887132981686,15553.49383071401,0.7620591019576681,,,,
107,xgboost,temperature,target,False,0.26470683217115026,0.26330035738628177,0.5539243522006358,0.7144507981407648,0.6058220439740777,0.6456610394014669,0.6819180881125898,0.5503372128344963,0.002357770515519942,145740.91418414694,0.5552029586706928,,,,
107,hgb,raw,source_test,False,0.10089581921074155,0.11482247290084059,0.7395703862024385,0.8553319393622583,0.0599524766953025,0.9928916628741088,0.9952922401317984,0.9627623648038447,0.027796131637753935,14799.976501956653,0.7937601529905596,,,,
107,hgb,raw,target,False,0.37317339286853585,0.37579604069541894,0.5294572470590093,0.43175059913053254,0.31954259256158213,0.6761315781099172,0.6233183404979706,0.5258016074874605,0.002700407406348459,76897.87781355993,0.463515053532722,,,,
107,hgb,platt,source_test,False,0.06595615773747833,0.06168495575659977,0.4757058233199229,1.0,1.0,0.9073261624460066,0.9952922401317985,0.9627623648038446,0.002,240480.9619238477,0.9655712602107669,,,,
107,hgb,platt,target,False,0.34339437739703216,0.32871243343080486,0.37775697758799454,1.0,1.0,0.6070891339587742,0.6233183404979706,0.5258016074874605,0.002,240480.9619238477,0.9259592471608148,,,,
107,hgb,platt+prior_ORACLE,target,True,0.29382377620667655,0.2857891023045009,0.5295731280541798,0.6825563263984566,0.6221448666208952,0.6289616654099859,0.6233183404979706,0.5258016074874605,0.0021937777957917993,149643.05159289387,0.632872204126144,503831.0,297221.0,180515.0,234322.0
107,hgb,platt+prior_EM,target,False,0.30059780806545794,0.29902459798263786,0.5616210690944429,0.5022075369198526,0.3440959023393674,0.692787982649745,0.6233183404979706,0.5258016074874605,0.002916317397551098,82824.55926457595,0.5988262004394802,370706.0,164387.0,313349.0,367447.0
107,hgb,platt+prior_BBSE,target,False,0.3234347405018787,0.3286754675383011,0.5340631534684088,0.4518467038676264,0.3386556591925247,0.6733667124283291,0.6233183404979706,0.5258016074874605,0.0026666901684045856,81494.67926618234,0.5204815449506611,333532.0,161788.0,315948.0,404621.0
107,hgb,isotonic,source_test,False,0.04642976655791889,0.04347386824100418,0.7344294402041639,1.0,0.6651434838237982,0.9363844553607328,0.9948132841084009,0.9633304633206219,0.0030038455372222088,160115.39804155927,0.9475893841500916,,,,
107,hgb,isotonic,target,False,0.3540651799922137,0.3471142365749822,0.3777821288678851,1.0,0.9999769747308137,0.6070946262700698,0.6176434855175512,0.5085406052121113,0.002000045959493409,240475.43585924298,0.924939331655745,,,,
107,hgb,isotonic+prior_ORACLE,target,True,0.29285463295240055,0.2941749472038105,0.4291912511894257,0.7701655347875034,0.8534609072793342,0.582342872420303,0.6176434855175512,0.5085406052121113,0.0018051580090572403,205201.0380443328,0.6258802598123175,568500.0,407729.0,70007.0,169653.0
107,hgb,isotonic+prior_EM,target,False,0.29618388514329014,0.3101149342811472,0.5340496055111981,0.4513400338412226,0.3379272234037209,0.6735935042195884,0.6176434855175512,0.5085406052121113,0.0026694344494357604,81319.61098787877,0.5411667932703884,333158.0,161440.0,316296.0,404995.0
107,hgb,temperature,source_test,False,0.08232526522266181,0.17172832661015122,0.7395703862024385,0.8553319393622583,0.0599524766953025,0.9928916628741088,0.9952922401317985,0.9627623648038446,0.027796131637753935,14799.976501956653,0.7355978358358555,,,,
107,hgb,temperature,target,False,0.2770131164929725,0.2595125774173451,0.5294572470590093,0.43175059913053254,0.31954259256158213,0.6761315781099172,0.6233183404979706,0.5258016074874605,0.002700407406348459,76897.87781355993,0.4866571968021533,,,,
107,mlp,raw,source_test,False,0.10715655982494354,0.11616797802613751,0.756946640888166,0.8664774848779031,0.040394808992871505,0.9952608667681685,0.9905584843986259,0.9363110907279952,0.041214736536129684,10111.49683638675,0.7928171753883362,,,,
107,mlp,raw,target,False,0.37550702691078186,0.3706800143205601,0.5768415868748515,0.7698309158128464,0.6140106669792521,0.6595414513665464,0.614136372771429,0.5034855296679284,0.002506276937832897,147732.8194333273,0.7259053587913513,,,,
107,mlp,platt,source_test,False,0.06659974504340992,0.05631654827467049,0.4757058233199229,1.0,1.0,0.9073261624460066,0.9902908265318945,0.9362897239681478,0.002,240480.9619238477,0.9611902297496138,,,,
107,mlp,platt,target,False,0.36503416200087996,0.37021808356780583,0.37775697758799454,1.0,1.0,0.6070891339587742,0.6141363727714291,0.5034855296679284,0.002,240480.9619238477,0.9521589616220612,,,,
107,mlp,platt+prior_ORACLE,target,True,0.33291460475043544,0.3537823398926805,0.5726915106755919,0.7883582400938559,0.6376011018637909,0.6564091168528223,0.6141363727714291,0.5034855296679284,0.0024717197269513162,153403.43474314656,0.7909044582403717,581929.0,304605.0,173131.0,156224.0
107,mlp,platt+prior_EM,target,False,0.35747812666689954,0.3729876689648358,0.37775697758799454,1.0,1.0,0.6070891339587742,0.6141363727714291,0.5034855296679284,0.002,240480.9619238477,0.9340671107801547,738153.0,477736.0,0.0,0.0
107,mlp,platt+prior_BBSE,target,False,0.35568390396775973,0.37355405692554416,0.37775697758799454,1.0,1.0,0.6070891339587742,0.6141363727714291,0.5034855296679284,0.002,240480.9619238477,0.9291984240788443,738153.0,477736.0,0.0,0.0
107,mlp,isotonic,source_test,False,0.06685323268175125,0.057479215076172235,0.47606553384116296,0.9999439922335898,0.9996344361177115,0.9073521937997628,0.9916089178336703,0.941395959846175,0.002000618099579502,240393.1996544954,0.9609701037406921,,,,
107,mlp,isotonic,target,False,0.3714234232902527,0.3817092847853177,0.3782069148863583,0.9999403917615995,0.9995750791231978,0.6071762903881242,0.6306698232988398,0.5239035918513084,0.002000729473461781,240378.95224412213,0.9366689920425415,,,,
107,mlp,isotonic+prior_ORACLE,target,True,0.3340930498806952,0.34110112088029637,0.5449653771822275,0.7908970091566383,0.6872184637540399,0.6400562650200853,0.6306698232988398,0.5239035918513084,0.00230103957452348,165312.82264805897,0.7431757674487833,583803.0,328309.0,149427.0,154350.0
107,mlp,isotonic+prior_EM,target,False,0.35496957508992744,0.3819487599652398,0.35889046590285784,0.809337630545429,0.9649534470921178,0.5644467917853985,0.6306698232988398,0.5239035918513084,0.0016780058296750077,231978.08788593774,0.8532782297582148,597415.0,460993.0,16743.0,140738.0
107,mlp,temperature,source_test,False,0.09197449568976111,0.17042724273661705,0.756946640888166,0.8664774848779031,0.040394808992871505,0.9952608667681685,0.9902908197350001,0.9362896949627243,0.041214736536129684,10111.49683638675,0.7368989197093896,,,,
107,mlp,temperature,target,False,0.32489887470043394,0.3271533737587577,0.5768415868748515,0.7698309158128464,0.6140106669792521,0.6595414513665464,0.6141363727861434,0.5034855296693461,0.002506276937832897,147732.8194333273,0.665448001555613,,,,
108,logreg,raw,source_test,False,0.04800109807412171,0.1422417058022636,0.5650872722780368,0.9597638581802265,0.027439024390243903,0.999894765150895,0.999456666681354,0.960635644674778,0.06550467741938158,7046.975725328384,0.8540904981182526,,,,
108,logreg,raw,target,False,0.25247396076115886,0.2607261266237303,0.6275479598173828,0.6074038851024111,0.3307203141484,0.739431091408649,0.7591364189968611,0.659247069498791,0.003667082049721417,79665.01353674741,0.45463600137006754,,,,
108,logreg,platt,source_test,False,0.020995585542879027,0.11192546217289066,0.532225260428695,0.9851289015589401,0.8079268292682927,0.9969899703540477,0.9994598199424604,0.9606357473284718,0.0024375894449493707,194376.248516122,0.8844067417476257,,,,
108,logreg,platt,target,False,0.22345683592889679,0.2018469522092251,0.5659862965852402,0.698207553176645,0.5671542441850729,0.655426320113336,0.7591364245401651,0.6592470698957937,0.002461006110199264,136452.8298524383,0.6461268398772839,,,,
108,logreg,platt+prior_ORACLE,target,True,0.3899164172388992,0.42997119461762234,0.42491364628056566,0.1475994814083259,0.018250665639600115,0.9259029489249596,0.7591364245401651,0.6592470698957937,0.015948628728734718,4451.149484041098,0.1897264498079662,108951.0,8719.0,469017.0,629202.0
108,logreg,platt+prior_EM,target,False,0.36167127071335303,0.3613054394273827,0.37775697758799454,1.0,1.0,0.6070891339587742,0.7591364664434284,0.6592470699907909,0.002,240480.9619238477,0.9656505031030104,738153.0,477736.0,0.0,0.0
108,logreg,platt+prior_BBSE,target,False,0.2431322638344931,0.2289877923849778,0.45692152978867984,0.9993876608237046,0.9223420466533818,0.6260526487753504,0.759136424540787,0.6592470698957937,0.002166703186679012,221842.75860883106,0.7529383560153959,737701.0,440636.0,37100.0,452.0
108,logreg,isotonic,source_test,False,0.022238530410375122,0.13107342484735937,0.5107603950945752,0.9998877652947844,0.9878048780487805,0.9963763658528402,0.9996755620924948,0.9594110203257051,0.0020244145918707555,237554.07867493524,0.8652587790731568,,,,
108,logreg,isotonic,target,False,0.22167048592691704,0.24434098468505097,0.4090881999758801,1.0,0.970565333154713,0.6141923920830535,0.7496519723414313,0.6557162556909892,0.0020605297033317017,233416.64188097883,0.6998415221595051,,,,
108,logreg,isotonic+prior_ORACLE,target,True,0.3816363406015084,0.4209877671582279,0.2820957815775447,1.7611524981948187e-05,1.4652444027663814e-05,0.65,0.7496519723414313,0.6557162556909892,0.002402932163113914,3.5250570395765246,0.1983909419895669,13.0,7.0,477729.0,738140.0
108,logreg,isotonic+prior_EM,target,False,0.3917297108752033,0.39196531154584613,0.37775697758799454,1.0,1.0,0.6070891339587742,0.7496519723414313,0.6557162556909892,0.002,240480.9619238477,0.9990517556739448,738153.0,477736.0,0.0,0.0
108,logreg,temperature,source_test,False,0.10786028202705876,0.305647292287594,0.5650872722780368,0.9597638581802265,0.027439024390243903,0.999894765150895,0.9994598199421582,0.9606357473284718,0.06550467741938158,7046.975725328384,0.6906849116329222,,,,
108,logreg,temperature,target,False,0.22923437680697079,0.2339342357706759,0.6275479598173828,0.6074038851024111,0.3307203141484,0.739431091408649,0.7591364189902272,0.6592470694846123,0.003667082049721417,79665.01353674741,0.4909752531507853,,,,
108,tree,raw,source_test,False,0.1974164199272226,0.2160126712333059,0.44460698849441754,0.7614002401822692,0.1676829268292683,0.9991899256204433,0.9989754225618315,0.8110902054962704,0.009017571036357041,40610.10696336056,0.7812588463173219,,,,
108,tree,raw,target,False,0.3991023016191804,0.37109053039163636,0.5321493218180027,0.7109704898577938,0.6430559974546611,0.6307631103248015,0.6352286061494015,0.5596278589727686,0.0022107572286592333,154675.3891237196,0.7061977747085825,,,,
108,tree,platt,source_test,False,0.08970097049960095,0.20382927034806464,0.44722635560557994,0.7684149092582409,0.1676829268292683,0.9991973146526562,0.9989754225618315,0.8110902054962704,0.009099892602803717,40613.48075209449,0.7925029335724516,,,,
108,tree,platt,target,False,0.2952282692967709,0.30777445241225243,0.5487596154598972,0.7628377856623221,0.6579261349364502,0.6417678930848433,0.6352286061494015,0.5596278589727686,0.0023181768937371224,158269.16831372393,0.7498827484615175,,,,
108,tree,platt+prior_ORACLE,target,True,0.3300149743083467,0.4282464756734013,0.2820789726179054,0.0,0.0,0.0,0.6352286061494015,0.5596278589727686,,0.0,0.34681265570090514,0.0,0.0,477736.0,738153.0
108,tree,platt+prior_EM,target,False,0.3929100569411369,0.3929100041569463,0.37775697758799454,1.0,1.0,0.6070891339587742,0.6352286061494015,0.5596278589727686,0.002,240480.9619238477,0.9999991381157208,738153.0,477736.0,0.0,0.0
108,tree,platt+prior_BBSE,target,False,0.3929100569411369,0.3929100041569463,0.37775697758799454,1.0,1.0,0.6070891339587742,0.6352286061494015,0.5596278589727686,0.002,240480.9619238477,0.9999991381157208,738153.0,477736.0,0.0,0.0
108,tree,isotonic,source_test,False,0.042730392746930086,0.1640308369237524,0.5388956140714389,0.9887540825374023,0.8201219512195121,0.9969558427449472,0.9989696424197205,0.8458606540436384,0.0024102455402523694,197304.82135843235,0.8323013669967638,,,,
108,tree,isotonic,target,False,0.27363758993087545,0.2879032461777393,0.5763815418065314,0.9300551511678473,0.739632349247283,0.6601995245568686,0.634693131257995,0.5599520666470804,0.0025136177507076906,177959.08493413808,0.7328643976283581,,,,
108,tree,isotonic+prior_ORACLE,target,True,0.32759865659584697,0.4361577900869965,0.2820789726179054,0.0,0.0,0.0,0.634693131257995,0.5599520666470804,,0.0,0.30975593714640687,0.0,0.0,477736.0,738153.0
108,tree,isotonic+prior_EM,target,False,0.29833233577463436,0.27551404882995423,0.5736497764278468,0.9319246822813156,0.744800475576469,0.65908705487386,0.634693131257995,0.5599520666470804,0.0025012246182788494,179200.33442642374,0.8340981427437885,687903.0,355818.0,121918.0,50250.0
108,tree,temperature,source_test,False,0.09491487436395869,0.21714027241694633,0.44460698849441754,0.7614002401822692,0.1676829268292683,0.9991899256204433,0.99897542414875,0.8110902054962704,0.009017571036357041,40610.10696336056,0.7791919315035697,,,,
108,tree,temperature,target,False,0.2891302639431527,0.303995694053413,0.5321493218180027,0.7109704898577938,0.6430559974546611,0.6307631103248015,0.6352286061494015,0.5596278589727686,0.0022107572286592333,154675.3891237196,0.7078896906914495,,,,
108,rf,raw,source_test,False,0.029537318031385464,0.09209725471587547,0.6070950264772003,0.9903365918809415,0.551829268292683,0.9979529286691774,0.9994961543533892,0.881688007913368,0.003583590859916825,132915.33858273175,0.9042349492046408,,,,
108,rf,raw,target,False,0.2240792193153064,0.2745316546817251,0.5983531360398209,0.8999868590928981,0.6851022321951873,0.6699380613255401,0.6619537716578188,0.6067255656749286,0.0026256596546642037,164857.39513803192,0.6443204386649168,,,,
108,rf,platt,source_test,False,0.026380354823511,0.1239101468531452,0.6074662189445507,0.9905610612913726,0.5579268292682927,0.9979308239391232,0.9994961543533892,0.881688007913368,0.0035453653167652737,134378.86117811757,0.8724220570673711,,,,
108,rf,platt,target,False,0.22622342632546427,0.27167587707118906,0.6016484152465614,0.9085541886302704,0.6864921211715257,0.6715828137798989,0.6619537718087735,0.6067255656749289,0.0026452358420102377,165195.08905164964,0.6771106254589662,,,,
108,rf,platt+prior_ORACLE,target,True,0.38835408337044,0.44727943108046686,0.2820768531311628,0.0,1.0466031448331296e-05,0.0,0.6619537718087735,0.6067255656749289,0.0,2.511847547599511,0.2081211248389061,0.0,5.0,477731.0,738153.0
108,rf,platt+prior_EM,target,False,0.2919242441064674,0.30086393999097644,0.3788578830050144,0.9997195703329798,0.9989303715859805,0.607277494278583,0.6619537719949068,0.6067255656749287,0.002001576924933712,240224.11622849086,0.8914315749841846,737946.0,477225.0,511.0,207.0
108,rf,platt+prior_BBSE,target,False,0.3826571299977014,0.3856871456202852,0.37775697758799454,1.0,1.0,0.6070891339587742,0.6619537722147507,0.6067255656749287,0.002,240480.9619238477,0.9920023069735098,738153.0,477736.0,0.0,0.0
108,rf,isotonic,source_test,False,0.028803546789287593,0.09519372441946308,0.6897347515586089,0.998159350834465,0.6463414634146342,0.9976219053922174,0.999468630654958,0.888769983594571,0.003085285251630272,155602.0278611961,0.9011384795010531,,,,
108,rf,isotonic,target,False,0.22594075125115481,0.24997681201501382,0.6055047066372086,0.9438151711095125,0.7068108746253161,0.6735444226271791,0.6496949413824697,0.5996481776043112,0.0026688402184278813,170088.54907052935,0.6694041063521077,,,,
108,rf,isotonic+prior_ORACLE,target,True,0.40097856084842776,0.44988189437825526,0.2821466533010358,6.367243647319729e-05,1.8838856606996332e-05,0.8392857142857143,0.6496949413824697,0.5996481776043112,0.006727670605260443,4.551949603221338,0.197091386080633,47.0,9.0,477727.0,738106.0
108,rf,isotonic+prior_EM,target,False,0.31125560579764316,0.3154393812422474,0.37775697758799454,1.0,1.0,0.6070891339587742,0.6496949413824697,0.5996481776043112,0.002,240480.9619238477,0.917066500406873,738153.0,477736.0,0.0,0.0
108,rf,temperature,source_test,False,0.037581247701408964,0.1149484387274994,0.6070950264772003,0.9903365918809415,0.551829268292683,0.9979529286691774,0.9994961544899474,0.881688007913368,0.003583590859916825,132915.33858273175,0.8813837651930169,,,,
108,rf,temperature,target,False,0.219379627612535,0.27516772707968046,0.5983531360398209,0.8999868590928981,0.6851022321951873,0.6699380613255401,0.6619537717592746,0.6067255656749289,0.0026256596546642037,164857.39513803192,0.6158279406354141,,,,
108,xgboost,raw,source_test,False,0.12907537817955017,0.18645738887075294,0.4630535150383315,0.8060920997990999,0.08231707317073171,0.9996242118888224,0.9996805123729728,0.9241485184060809,0.019246600026925253,20143.797168093413,0.8098747730255127,,,,
108,xgboost,raw,target,False,0.33122605085372925,0.3289214266671832,0.5587030132902031,0.7364272718528544,0.6170793073999029,0.6483754116486581,0.6283175983690682,0.5267024291219734,0.0023858927420932615,148453.22725342095,0.6815409064292908,,,,
108,xgboost,platt,source_test,False,0.05118526121476188,0.11588998799068162,0.48152145810822405,0.8672600141415728,0.3445121951219512,0.9985397686890224,0.9996805123729728,0.9241485184060809,0.005019480320256766,83100.04587414599,0.8804422159298344,,,,
108,xgboost,platt,target,False,0.3071461624748145,0.3091733670692693,0.5877380168572058,0.8477876537790946,0.6612794514124956,0.6645297829277254,0.6283175983690682,0.5267024291219734,0.0025626373209969885,159114.82191997487,0.8087587666521092,,,,
108,xgboost,platt+prior_ORACLE,target,True,0.3118608003866294,0.26281136503153385,0.5271587821110164,0.659376850056831,0.6048675419059899,0.6274700652839802,0.6283175983690682,0.5267024291219734,0.002179842635514917,145485.34521578153,0.5317714897965554,486721.0,288967.0,188769.0,251432.0
108,xgboost,platt+prior_EM,target,False,0.3929101985001512,0.3929101710502328,0.37775697758799454,1.0,1.0,0.6070891339587742,0.6283175983690682,0.5267024291219734,0.002,240480.9619238477,0.9999993050090071,738153.0,477736.0,0.0,0.0
108,xgboost,platt+prior_BBSE,target,False,0.3929101985001512,0.3929101710502328,0.37775697758799454,1.0,1.0,0.6070891339587742,0.6283175983690682,0.5267024291219734,0.002,240480.9619238477,0.9999993050090071,738153.0,477736.0,0.0,0.0
108,xgboost,isotonic,source_test,False,0.02594408392906189,0.09136745973094969,0.5499015736369539,0.99949494382653,0.9390243902439024,0.9965533448221839,0.9996399817102959,0.9260060027773983,0.0021285202842645083,225846.57266959542,0.9049647450447083,,,,
108,xgboost,isotonic,target,False,0.2954997420310974,0.3413964137493602,0.3803874993956039,0.9252661711054483,0.9786660414957215,0.593627991224929,0.650793418478472,0.5674117337414465,0.0018910784991332415,235324.8677566992,0.8085024356842041,,,,
108,xgboost,isotonic+prior_ORACLE,target,True,0.30357316030921794,0.416582751797764,0.3125841997804937,0.02780453374842343,3.3491300634660146e-05,0.9992210321324245,0.650793418478472,0.5674117337414465,0.6245866892027913,21.41083419564834,0.35074236248315876,20524.0,16.0,477720.0,717629.0
108,xgboost,isotonic+prior_EM,target,False,0.39291012057429264,0.3929101666665569,0.37775697758799454,1.0,1.0,0.6070891339587742,0.650793418478472,0.5674117337414465,0.002,240480.9619238477,0.9999992778141871,738153.0,477736.0,0.0,0.0
108,xgboost,temperature,source_test,False,0.10877823247150846,0.25752196962685897,0.4630535150383315,0.8060920997990999,0.08231707317073171,0.9996242118888224,0.9996805123729728,0.9241485184060809,0.019246600026925253,20143.797168093413,0.7388102342936572,,,,
108,xgboost,temperature,target,False,0.25833843299120757,0.21660940095894432,0.5587030132902031,0.7364272718528544,0.6170793073999029,0.6483754116486581,0.6283175983690682,0.5267024291219734,0.0023858927420932615,148453.22725342095,0.5983421594320592,,,,
108,hgb,raw,source_test,False,0.15962114072773,0.19084496480383353,0.4604842042807398,0.797191887675507,0.03353658536585366,0.9998451576576577,0.9994449784094896,0.8580453566449378,0.04547081067927056,8432.199431777066,0.8054872391166826,,,,
108,hgb,raw,target,False,0.38180762378826516,0.3668013116453765,0.5298946716204919,0.6801801252585846,0.6193274109550044,0.629207019971126,0.6400737693251926,0.5154750321689072,0.002196080702252107,148965.71937080842,0.7077115182840633,,,,
108,hgb,platt,source_test,False,0.08160471325862734,0.14734696750923376,0.4638410438435448,0.8150147588637359,0.21951219512195122,0.999009478738186,0.9994449784094896,0.8580453566449378,0.007385617951553225,53074.91789565566,0.8489852364112824,,,,
108,hgb,platt,target,False,0.3327318964928622,0.3466095659895919,0.4051858245022351,0.7808841798380552,0.8928362107942462,0.5747154400210578,0.6400737693251926,0.5154750321689072,0.0017496603485038385,214656.26614805625,0.7935460125311079,,,,
108,hgb,platt+prior_ORACLE,target,True,0.33900380798298346,0.3028366268807705,0.5229045913889468,0.6517022893627744,0.6057341293099118,0.6243936882574435,0.6400737693251926,0.5154750321689072,0.002151450148270028,145689.6350212467,0.5178685032574469,481056.0,289381.0,188355.0,257097.0
108,hgb,platt+prior_EM,target,False,0.3929102948423592,0.3929101404891019,0.37775697758799454,1.0,1.0,0.6070891339587742,0.6400737693251926,0.5154750321689072,0.002,240480.9619238477,0.9999992692231954,738153.0,477736.0,0.0,0.0
108,hgb,platt+prior_BBSE,target,False,0.3929102948423592,0.3929101404891019,0.37775697758799454,1.0,1.0,0.6070891339587742,0.6400737693251926,0.5154750321689072,0.002,240480.9619238477,0.9999992692231954,738153.0,477736.0,0.0,0.0
108,hgb,isotonic,source_test,False,0.03850107227073686,0.09721106766991841,0.5686096817904456,0.9988888764183661,0.9024390243902439,0.9966851818670489,0.9994120327663321,0.8763442843381396,0.00221328062913496,217065.79336937077,0.8991211362505976,,,,
108,hgb,isotonic,target,False,0.31526293373219305,0.2859419235829809,0.4532478540547785,0.9731722285217292,0.9167008557027312,0.6212536463571886,0.6136601097813588,0.5187150416541291,0.0021229441139929217,220476.26415592042,0.8371605117687667,,,,
108,hgb,isotonic+prior_ORACLE,target,True,0.351710328354059,0.3701482860144861,0.5247503908923151,0.6555537944030574,0.6058618148935814,0.6257252622064523,0.6136601097813588,0.5187150416541291,0.002163682412815743,145722.13198860126,0.5424578912063642,483899.0,289442.0,188294.0,254254.0
108,hgb,isotonic+prior_EM,target,False,0.39283402762157005,0.3928362357257315,0.37785986263599125,1.0,0.999905805716965,0.6071116031332967,0.6136601097813588,0.5187150416541291,0.002000188029464816,240458.3552959193,0.9999253696845057,738153.0,477691.0,45.0,0.0
108,hgb,temperature,source_test,False,0.11139253167805127,0.20697517327745898,0.4604842042807398,0.797191887675507,0.03353658536585366,0.9998451576576577,0.9994449784094896,0.8580453566449378,0.04547081067927056,8432.199431777066,0.7893570306430573,,,,
108,hgb,temperature,target,False,0.3129940615436115,0.2902977583808882,0.5298946716204919,0.6801801252585846,0.6193274109550044,0.629207019971126,0.6400737693251926,0.5154750321689072,0.002196080702252107,148965.71937080842,0.7033262693260312,,,,
108,mlp,raw,source_test,False,0.017632393166422844,0.045791466318336096,0.6103956483043199,0.9761725720827394,0.01524390243902439,0.9999425161816948,0.9999792039568225,0.9943752448290597,0.11373485178513221,4128.038423642121,0.9505406618118286,,,,
108,mlp,raw,target,False,0.3207479417324066,0.32300534027932115,0.46390327010910437,0.8524967046127293,0.849699415576804,0.6078728367811207,0.6713770888943132,0.552279006937329,0.0020065709732777605,204337.87819355732,0.7412286400794983,,,,
108,mlp,platt,source_test,False,0.0066772742464242885,0.04161364737905298,0.6888087933438936,0.9916160675203987,0.22560975609756098,0.9991631420622894,0.9999792039568225,0.9943752448290597,0.00873125249580141,54623.27103496753,0.9547185565414631,,,,
108,mlp,platt,target,False,0.3314732949562671,0.32290751547996194,0.4661629939907642,0.8816586805174537,0.861634877840481,0.6125553329009924,0.6713770888943132,0.552279006937329,0.0020463835130429936,207216.41493687412,0.857828854245214,,,,
108,mlp,platt+prior_ORACLE,target,True,0.26800984824547963,0.2825383849134364,0.5755066081287507,0.76884873461193,0.6155470803958671,0.6586931012990992,0.6713770888943132,0.552279006937329,0.002496855194524065,148101.08626155494,0.5289982346927126,567528.0,294069.0,183667.0,170625.0
108,mlp,platt+prior_EM,target,False,0.39291046335102775,0.3929103932188238,0.37775697758799454,1.0,1.0,0.6070891339587742,0.6713770888943132,0.552279006937329,0.002,240480.9619238477,0.999999517986375,738153.0,477736.0,0.0,0.0
108,mlp,platt+prior_BBSE,target,False,0.39291046335102775,0.3929103932188238,0.37775697758799454,1.0,1.0,0.6070891339587742,0.6713770888943132,0.552279006937329,0.002,240480.9619238477,0.999999517986375,738153.0,477736.0,0.0,0.0
108,mlp,isotonic,source_test,False,0.0060071079060435295,0.03249496294126096,0.550060946898703,0.9993041448276636,0.9359756097560976,0.9965638431232091,0.9999565150269318,0.9925992674906153,0.0021350319943475886,225114.77358546873,0.9638373255729675,,,,
108,mlp,isotonic,target,False,0.34957972168922424,0.3604326240090822,0.4029554061971964,0.8884133777143763,0.9417942127032504,0.593087362554874,0.6742966877364854,0.5972751014557406,0.0018868540230403603,226457.9040560976,0.82252037525177,,,,
108,mlp,isotonic+prior_ORACLE,target,True,0.2918290559710925,0.4085221489880378,0.3308732676252304,0.0452020109652064,0.0005253947787062311,0.9925335395781896,0.6742966877364854,0.5972751014557406,0.1470586651784403,147.83519304510577,0.414980049250653,33366.0,251.0,477485.0,704787.0
108,mlp,isotonic+prior_EM,target,False,0.38615539529923065,0.3817759648280193,0.41328268272706925,0.9563897999466235,0.9535978029706784,0.6077862818868217,0.6742966877364854,0.5972751014557406,0.0020058439662024746,229323.45979109348,0.9326563144879738,705962.0,455568.0,22168.0,32191.0
108,mlp,temperature,source_test,False,0.046939166083134976,0.17726587833678864,0.6103956483043199,0.9761725720827394,0.01524390243902439,0.9999425161816948,0.9999792035754667,0.9943752448290597,0.11373485178513221,4128.038423642121,0.8190663255837275,,,,
108,mlp,temperature,target,False,0.2561717663186944,0.28135138440480206,0.46390327010910437,0.8524967046127293,0.849699415576804,0.6078728367811207,0.6713770889436571,0.5522790069373289,0.0020065709732777605,204337.87819355732,0.5929649681873991,,,,
109,logreg,raw,source_test,False,0.04749798873817533,0.08747351952244625,0.8349182420284258,0.9524565463057634,0.1757557794902193,0.9835241164703268,0.9969891693172848,0.9769983247909914,0.010743454352514836,42639.482410545184,0.8293000374583135,,,,
109,logreg,raw,target,False,0.4001861309251725,0.42886715502234796,0.5423501297319566,0.2929121740343804,0.02274059313093424,0.952157408467575,0.8046389376404222,0.7197795409336206,0.025163264084504096,5598.621954166204,0.17822197893642627,,,,
109,logreg,platt,source_test,False,0.056865231477118965,0.061670829178152906,0.47828996473888763,1.0,1.0,0.9167735569807598,0.9969891694059896,0.9769983247909915,0.002,240480.9619238477,0.9769406448697819,,,,
109,logreg,platt,target,False,0.26595576769312274,0.2262330968663636,0.37775697758799454,1.0,1.0,0.6070891339587742,0.8046389376558162,0.719779541003096,0.002,240480.9619238477,0.8333222308251379,,,,
109,logreg,platt+prior_ORACLE,target,True,0.26434370548995756,0.23445906178163978,0.5546459010742638,0.3118852053707023,0.028279216973391162,0.9445695834307776,0.8046389376558162,0.719779541003096,0.021623834680492997,6937.016982008606,0.38470305940826566,230219.0,13510.0,464226.0,507934.0
109,logreg,platt+prior_EM,target,False,0.6070875451640027,0.607088281754536,0.2820789726179054,0.0,0.0,0.0,0.8046389376558162,0.719779541003096,,0.0,8.522042382121722e-07,0.0,0.0,477736.0,738153.0
109,logreg,platt+prior_BBSE,target,False,0.5895922409878275,0.5972723218629108,0.2820789726179054,0.0,0.0,0.0,0.8046389376558162,0.719779541003096,,0.0,0.009816812095863327,0.0,0.0,477736.0,738153.0
109,logreg,isotonic,source_test,False,0.051114457698262894,0.05407551052640247,0.5189577820985762,0.9999461873755583,0.9585062240663901,0.919946532006535,0.9952262118774382,0.9676238992614911,0.0020862874055427435,230522.42981795795,0.9705818222759971,,,,
109,logreg,isotonic,target,False,0.22932408362619408,0.26174140525764567,0.3830478516542689,1.0,0.9951353885828156,0.608251721168623,0.780653008859651,0.7241070056993054,0.0020097571341254335,239313.45518372345,0.7549952830836272,,,,
109,logreg,isotonic+prior_ORACLE,target,True,0.3062601288805247,0.3085995823655501,0.5449442436946756,0.297105071712775,0.024415158162667247,0.9495005909781663,0.780653008859651,0.7241070056993054,0.02380598301483508,6002.5341859160235,0.3214194044763825,219309.0,11664.0,466072.0,518844.0
109,logreg,isotonic+prior_EM,target,False,0.5392928304600927,0.5613864228432014,0.33822649903347496,0.05244983086162354,0.0012182460605857628,0.9851900860094661,0.780653008859651,0.7241070056993054,0.07942676504829733,317.60542609727577,0.045702711115572704,38716.0,582.0,477154.0,699437.0
109,logreg,temperature,source_test,False,0.04673532585593152,0.06916126064641226,0.8349182420284258,0.9524565463057634,0.1757557794902193,0.9835241164703268,0.9969891693220556,0.9769983247909914,0.010743454352514836,42639.482410545184,0.8476122963343475,,,,
109,logreg,temperature,target,False,0.41630126992877237,0.44223038550499427,0.5423501297319566,0.2929121740343804,0.02274059313093424,0.952157408467575,0.8046389376404222,0.7197795409336206,0.025163264084504096,5598.621954166204,0.16485874845377987,,,,
109,tree,raw,source_test,False,0.07989945810565868,0.08261482264362793,0.6872726619837289,0.9583490286821288,0.6090693538826318,0.945451649722613,0.934243158381178,0.616492617223721,0.0031433239036870748,146637.57432438416,0.9288141493146532,,,,
109,tree,raw,target,False,0.4710310908115351,0.4810515955808077,0.4637331292257431,0.3447428920562539,0.34948800174154765,0.6038235936180109,0.6188511572294702,0.5201509191683305,0.0019728989376468567,84042.92862256763,0.4031536277632337,,,,
109,tree,platt,source_test,False,0.07225316789771159,0.07152136527663233,0.47828996473888763,1.0,1.0,0.9167735569807598,0.9342431600636301,0.616492760766584,0.002,240480.9619238477,0.9860163174459331,,,,
109,tree,platt,target,False,0.3242950404150548,0.32428754613881333,0.37775697758799454,1.0,1.0,0.6070891339587742,0.6188511572294702,0.5201509191683305,0.002,240480.9619238477,0.8871483278901423,,,,
109,tree,platt+prior_ORACLE,target,True,0.34808220650395283,0.3611228233873164,0.463697881075559,0.3447428920562539,0.3495821960245826,0.6037591255596337,0.6188511572294702,0.5201509191683305,0.001972368392137442,84065.53525049602,0.5378942537748649,254473.0,167008.0,310728.0,483680.0
109,tree,platt+prior_EM,target,False,0.4660346019914372,0.4669228780237118,0.4638865580303552,0.344741537323563,0.3490756401024834,0.6041050427549272,0.6188511572294702,0.5201509191683305,0.0019752171650622976,83943.96117761737,0.3022860223957462,254472.0,166766.0,310970.0,483681.0
109,tree,platt+prior_BBSE,target,False,0.46630452685974566,0.46758951974592367,0.4638865580303552,0.344741537323563,0.3490756401024834,0.6041050427549272,0.6188511572294702,0.5201509191683305,0.0019752171650622976,83943.96117761737,0.2970760644515333,254472.0,166766.0,310970.0,483681.0
109,tree,isotonic,source_test,False,0.06464162315689978,0.061692105628446875,0.6540218533026525,0.995964053166873,0.7827504445761707,0.9334039387749956,0.9464176123513622,0.6869459983136585,0.0025433949572240856,188339.12748537524,0.9756778989573905,,,,
109,tree,isotonic,target,False,0.3704274944948525,0.3445237385562334,0.36315223647350264,0.8704265917770435,0.9808450692432641,0.5782666257459996,0.6116189429868738,0.510730608185602,0.0017752500154842453,235821.45866653265,0.8534442809789062,,,,
109,tree,isotonic+prior_ORACLE,target,True,0.3515622381967001,0.31319175539773225,0.4968699261443307,0.4129279431229027,0.3734049768072743,0.630812118553042,0.6116189429868738,0.510730608185602,0.002211221460525319,89815.7970516807,0.5604184083990524,304804.0,178389.0,299347.0,433349.0
109,tree,isotonic+prior_EM,target,False,0.4569394858973623,0.4543045120813581,0.4622613792135275,0.34208219705128884,0.3488746922986754,0.6023894326767324,0.6116189429868738,0.510730608185602,0.001961136910278145,83894.45466328993,0.3090559868216273,252509.0,166670.0,311066.0,485644.0
109,tree,temperature,source_test,False,0.07417928045430129,0.085097403896408,0.6872726619837289,0.9583490286821288,0.6090693538826318,0.945451649722613,0.9342431584762709,0.616492633172928,0.0031433239036870748,146637.57432438416,0.9259323775548534,,,,
109,tree,temperature,target,False,0.4074334764591099,0.4204067739124115,0.4637331292257431,0.3447428920562539,0.34948800174154765,0.6038235936180109,0.6188511572294702,0.5201509191683305,0.0019728989376468567,84042.92862256763,0.47940503472804996,,,,
109,rf,raw,source_test,False,0.028839670099987776,0.007994437318035676,0.9088436661836505,0.976080288435667,0.09602845287492591,0.9911477828474632,0.9982947058040074,0.9822674962083154,0.01996307794922902,23516.286143338053,0.917220962497875,,,,
109,rf,raw,target,False,0.26663469658636785,0.23169992051630525,0.5888758636614506,0.5694578224297673,0.37095801865465444,0.7034307450043259,0.6342242138157494,0.6010939100419813,0.0030669186865690187,89303.812006943,0.5931878811527016,,,,
109,rf,platt,source_test,False,0.06381764252591601,0.06922401283519189,0.47828996473888763,1.0,1.0,0.9167735569807598,0.9982947058054013,0.9822674962083154,0.002,240480.9619238477,0.9813239815590508,,,,
109,rf,platt,target,False,0.3253564368587792,0.3183195728260137,0.37775697758799454,1.0,1.0,0.6070891339587742,0.634224214517724,0.6010939100419813,0.002,240480.9619238477,0.9240367742618594,,,,
109,rf,platt+prior_ORACLE,target,True,0.2564784494359426,0.20958220944686032,0.5549258433718179,0.8785956299032857,0.7360466868730847,0.6484251740197206,0.634224214517724,0.6010939100419813,0.002386412343154996,177073.7758939828,0.66636478785085,648538.0,351636.0,126100.0,89615.0
109,rf,platt+prior_EM,target,False,0.4263676154637052,0.495821249458123,0.2820789726179054,0.0,0.0,0.0,0.634224214517724,0.6010939100419813,,0.0,0.17638120360380016,0.0,0.0,477736.0,738153.0
109,rf,platt+prior_BBSE,target,False,0.3661777314164539,0.4482833184059434,0.5035158788700336,0.3741852976279985,0.2934382169231542,0.663331668235701,0.634224214517724,0.6010939100419813,0.0025489486774067293,70605.1409421797,0.27118756336035027,276206.0,140186.0,337550.0,461947.0
109,rf,isotonic,source_test,False,0.050409352339480275,0.05034258325352992,0.576484585883036,0.9998385621266749,0.8935981031416717,0.9249533291848164,0.9961401766063879,0.9752440236646678,0.002237249323196554,214944.42903237874,0.9670895331736824,,,,
109,rf,isotonic,target,False,0.28376948586888157,0.2781383459385137,0.37778670171652384,1.0,0.9999727883182343,0.6070956248828006,0.6696599429446731,0.628445535318029,0.002000054315991878,240474.43112022395,0.8626337433757834,,,,
109,rf,isotonic+prior_ORACLE,target,True,0.28586963330755305,0.2951077048878291,0.5460690815792766,0.4466905912459883,0.30036463653565987,0.6967695854579573,0.6696599429446731,0.628445535318029,0.0029714269928805197,72302.35393468871,0.4853369426281847,329726.0,143495.0,334241.0,408427.0
109,rf,isotonic+prior_EM,target,False,0.6070881353751854,0.6070826716856986,0.2820772770295125,0.0,8.372825158665037e-06,0.0,0.6696599429446731,0.628445535318029,0.0,2.009478038079609,6.4622730757081795e-06,0.0,4.0,477732.0,738153.0
109,rf,temperature,source_test,False,0.030726147562161438,0.023799052695747912,0.9088436661836505,0.976080288435667,0.09602845287492591,0.9911477828474632,0.9982947058040074,0.9822674962083154,0.01996307794922902,23516.286143338053,0.9070182921576057,,,,
109,rf,temperature,target,False,0.2466212488355462,0.2403890178466228,0.5888758636614506,0.5694578224297673,0.37095801865465444,0.7034307450043259,0.6342242140215255,0.6010939100419814,0.0030669186865690187,89303.812006943,0.5737335248611563,,,,
109,xgboost,raw,source_test,False,0.03938128426671028,0.04816094122332676,0.8521186386337891,0.9423397729107249,0.04771784232365145,0.9954240563892679,0.9988813873920721,0.989387497340071,0.0380688844983796,11905.51170777369,0.869693398475647,,,,
109,xgboost,raw,target,False,0.32593560218811035,0.33656697125535234,0.5178815329318487,0.39951202528473095,0.29786116181321903,0.6745219579139982,0.6479801526683392,0.5640111809757856,0.0026807088677372605,71678.8289074538,0.426100492477417,,,,
109,xgboost,platt,source_test,False,0.043287840810492854,0.049899799974631245,0.47828996473888763,1.0,1.0,0.9167735569807598,0.9988813873920721,0.989387497340071,0.002,240480.9619238477,0.965751400501005,,,,
109,xgboost,platt,target,False,0.3192727489731878,0.30508684511585943,0.37775697758799454,1.0,1.0,0.6070891339587742,0.6479801526683392,0.5640111809757856,0.002,240480.9619238477,0.8949380251011584,,,,
109,xgboost,platt+prior_ORACLE,target,True,0.29270732960137513,0.3047162885371207,0.5535144196504902,0.7238404504215251,0.6152351926587069,0.6451205892118688,0.6479801526683392,0.5640111809757856,0.0023522223544445516,148004.58593368315,0.5862898988044326,534305.0,293920.0,183816.0,203848.0
109,xgboost,platt+prior_EM,target,False,0.4153084836302677,0.42174290595745284,0.5080308895133223,0.38225408553511264,0.2951065023360182,0.6668210660648242,0.6479801526683392,0.5640111809757856,0.002589088682828991,71009.41022102199,0.27382875949903335,282162.0,140983.0,336753.0,455991.0
109,xgboost,platt+prior_BBSE,target,False,0.40758323825347004,0.4149797107041214,0.5098452176457512,0.38525888264357117,0.2953514074719092,0.6683745416940867,0.6479801526683392,0.5640111809757856,0.0026072296489412315,71069.63264663388,0.2983635743593837,284380.0,141100.0,336636.0,453773.0
109,xgboost,isotonic,source_test,False,0.027123896405100822,0.030895792422002907,0.9203092237799613,0.9944842059947263,0.2113218731475993,0.981074481074481,0.9984690970538723,0.9879591102843326,0.009342783829349765,51195.5585923752,0.9468746185302734,,,,
109,xgboost,isotonic,target,False,0.34672811627388,0.3230995795268129,0.4124178305422602,0.8902395573817352,0.9314872649329337,0.5962347727780006,0.6566078907207628,0.5790629163798089,0.0019116061813653662,223985.11491410772,0.8638872504234314,,,,
109,xgboost,isotonic+prior_ORACLE,target,True,0.29165216265124405,0.25101471665522995,0.5207559203082479,0.409942112272117,0.30736431836830386,0.6732838049212463,0.6566078907207628,0.5790629163798089,0.0026656878980819377,73964.60295537752,0.5618414387136591,302600.0,146839.0,330897.0,435553.0
109,xgboost,isotonic+prior_EM,target,False,0.6070880558903418,0.6070883311161273,0.2820789726179054,0.0,0.0,0.0,0.6566078907207628,0.5790629163798089,,0.0,8.028426468845482e-07,0.0,0.0,477736.0,738153.0
109,xgboost,temperature,source_test,False,0.03621554348215232,0.06004969659241668,0.8521186386337891,0.9423397729107249,0.04771784232365145,0.9954240563892679,0.9988813873920721,0.989387497340071,0.0380688844983796,11905.51170777369,0.8661787779170049,,,,
109,xgboost,temperature,target,False,0.2923476783500131,0.3015018854504871,0.5178815329318487,0.39951202528473095,0.29786116181321903,0.6745219579139982,0.6479801526683392,0.5640111809757856,0.0026807088677372605,71678.8289074538,0.44021440820714913,,,,
109,hgb,raw,source_test,False,0.040494374070094305,0.04918751037820972,0.8451240817351788,0.9392186406931066,0.05275637225844695,0.9949266068120279,0.999058389534048,0.9906038875362719,0.03444822126419865,13113.257746368641,0.868307394261958,,,,
109,hgb,raw,target,False,0.3394474922319766,0.34666599023878153,0.5074455761514558,0.39716698299675,0.32134484317698475,0.6563193996704635,0.6302970277381652,0.5472711846688141,0.002470739174407528,77313.78455870724,0.5170049202779241,,,,
109,hgb,platt,source_test,False,0.0385561629365305,0.045687760457409105,0.47828996473888763,1.0,1.0,0.9167735569807598,0.9990583895340479,0.9906038875362719,0.002,240480.9619238477,0.9616729166181675,,,,
109,hgb,platt,target,False,0.3291890046749001,0.32452952584030736,0.37775697758799454,1.0,1.0,0.6070891339587742,0.6302970277381652,0.5472711846688141,0.002,240480.9619238477,0.9058169501848491,,,,
109,hgb,platt+prior_ORACLE,target,True,0.30646428302560186,0.28846609603734974,0.5484169462844084,0.7306303706684115,0.6307353852336856,0.6415537172779852,0.6302970277381652,0.5472711846688141,0.0023160235770070497,151727.89784478277,0.6548203240496175,539317.0,301325.0,176411.0,198836.0
109,hgb,platt+prior_EM,target,False,0.3791423868273506,0.39119326573223534,0.5097039060713869,0.3938478879039982,0.3100080379121523,0.662500968502035,0.6302970277381652,0.5472711846688141,0.002539514639869336,74591.35493678621,0.435718815379475,290720.0,148102.0,329634.0,447433.0
109,hgb,platt+prior_BBSE,target,False,0.3987150292472181,0.41138166798604436,0.5097981262756985,0.39301066310101024,0.3083816166250816,0.6632009455291968,0.6302970277381652,0.5472711846688141,0.002547461020553966,74200.61115463731,0.39461675685773906,290102.0,147325.0,330411.0,448051.0
109,hgb,isotonic,source_test,False,0.01735962637375541,0.01342522636018075,0.9233484507475688,0.996475273099069,0.21902786010669828,0.9804362789220098,0.9985862976962289,0.9893906034481357,0.00903493360941268,53045.95309002397,0.9298242801354071,,,,
109,hgb,isotonic,target,False,0.3351713986443882,0.3230738279229512,0.3949580056549611,0.8790006949778705,0.9476112329822328,0.5890245064886137,0.6381726302774279,0.5538323099589302,0.0018554613296662523,227849.4617810559,0.8620453403769169,,,,
109,hgb,isotonic+prior_ORACLE,target,True,0.3016870132287452,0.23640846490306383,0.5500599894568555,0.8230217854564027,0.703562218463754,0.6438053777262982,0.6381726302774279,0.5538323099589302,0.0023387907222361,169250.77457260262,0.6271048195859326,607516.0,336117.0,141619.0,130637.0
109,hgb,isotonic+prior_EM,target,False,0.4166378731139328,0.38528510763146073,0.49610752184996476,0.37023625183396935,0.30648726493293366,0.6511409040982962,0.6381726302774279,0.5538323099589302,0.0024149929920144492,73735.01312386431,0.23220362836604397,273291.0,146420.0,331316.0,464862.0
109,hgb,temperature,source_test,False,0.0359498244820385,0.049762460213698595,0.8451240817351788,0.9392186406931066,0.05275637225844695,0.9949266068120279,0.9990583895340479,0.9906038875362719,0.03444822126419865,13113.257746368641,0.8681976047809477,,,,
109,hgb,temperature,target,False,0.3078800901718825,0.31902114401464926,0.5074455761514558,0.39716698299675,0.32134484317698475,0.6563193996704635,0.6302970277381652,0.5472711846688141,0.002470739174407528,77313.78455870724,0.5303388420098424,,,,
109,mlp,raw,source_test,False,0.037408795207738876,0.044620444163814235,0.8615948522769408,0.9486358499704031,0.056312981624184945,0.994639884898581,0.9990908116849313,0.9907172664615831,0.03265661243196341,13971.373313237045,0.8727266192436218,,,,
109,mlp,raw,target,False,0.3195316195487976,0.3145957802686125,0.5730523165914889,0.7572210639257715,0.609564696820001,0.657461689384066,0.632650802098187,0.5550209333164617,0.002483261902938266,146659.72173648397,0.672675609588623,,,,
109,mlp,platt,source_test,False,0.050828332426480535,0.058278758589871534,0.47828996473888763,1.0,1.0,0.9167735569807598,0.9990908116849314,0.9907172664615831,0.002,240480.9619238477,0.9732381779834414,,,,
109,mlp,platt,target,False,0.3482961381180826,0.3416930820341955,0.37775697758799454,1.0,1.0,0.6070891339587742,0.632650802098187,0.5550209333164617,0.002,240480.9619238477,0.9487822159929697,,,,
109,mlp,platt+prior_ORACLE,target,True,0.30381735558431067,0.2989271929519205,0.5967089808254679,0.8074924846203971,0.6118986218329788,0.670944495536252,0.632650802098187,0.5550209333164617,0.0026376152992080002,147244.0423788105,0.7810615248953615,596053.0,292326.0,185410.0,142100.0
109,mlp,platt+prior_EM,target,False,0.3077718209116525,0.30365101236213704,0.5960723912368366,0.8052476925515442,0.6110425004605053,0.6706389277828487,0.632650802098187,0.5550209333164617,0.0026339777013860825,147037.4935899048,0.7278022787342462,594396.0,291917.0,185819.0,143757.0
109,mlp,platt+prior_BBSE,target,False,0.30754552084428743,0.3037338506877595,0.5962142895804791,0.8055701189319829,0.61107599176114,0.6707152420516441,0.632650802098187,0.5550209333164617,0.002634885546222407,147045.68657686937,0.7309423538818469,594634.0,291933.0,185803.0,143519.0
109,mlp,isotonic,source_test,False,0.024769868701696396,0.030431950528249985,0.9103688391692337,0.9983856212667492,0.2723770005927682,0.9758316896778435,0.9987057097163012,0.9901586375115589,0.007292036681602275,65850.6656114107,0.9462812542915344,,,,
109,mlp,isotonic,target,False,0.3635406792163849,0.35796950390726223,0.4187550308025716,0.9506308312775265,0.9459387611567895,0.6082687540091192,0.6418475781385252,0.5745681278942418,0.0020099005130540747,227482.51991110967,0.9211696982383728,,,,
109,mlp,isotonic+prior_ORACLE,target,True,0.30711044906650087,0.2549809971764557,0.5899788310286167,0.8079368369430185,0.6241501582463955,0.6666752369880165,0.6418475781385252,0.5745681278942418,0.002587394387884557,150184.62483457848,0.7568645427809422,596381.0,298179.0,179557.0,141772.0
109,mlp,isotonic+prior_EM,target,False,0.3056726863466772,0.2763883235087117,0.5594569818846171,0.7268398285992199,0.6069314433076008,0.6491677878984407,0.6418475781385252,0.5745681278942418,0.002394183902925927,146013.12867611644,0.6395978194139741,536519.0,289953.0,187783.0,201634.0
109,mlp,temperature,source_test,False,0.03336397049597298,0.04929607490023725,0.8615948522769408,0.9486358499704031,0.056312981624184945,0.994639884898581,0.99909081108758,0.9907172903853938,0.03265661243196341,13971.373313237045,0.8703552731022107,,,,
109,mlp,temperature,target,False,0.28467700336593327,0.2752552883837177,0.5730523165914889,0.7572210639257715,0.609564696820001,0.657461689384066,0.6326508021061912,0.5550209333164617,0.002483261902938266,146659.72173648397,0.638639796074846,,,,
110,logreg,raw,source_test,False,0.07937958942255245,0.1470863912176342,0.6722269800541529,0.9039181001179293,0.19072532699167657,0.9910605807278604,0.9927192487183969,0.8966674715104871,0.009408379328802534,46208.828666435846,0.8135494362557867,,,,
110,logreg,raw,target,False,0.4339508424366052,0.4493603707260657,0.48227151236655486,0.21627359097639648,0.022556390977443608,0.9367676139397603,0.7330485225660792,0.6120344787713433,0.018852443951132735,5517.553196979923,0.15772876323270846,,,,
110,logreg,platt,source_test,False,0.06650184174025545,0.19738437714124224,0.48953631309939133,1.0,1.0,0.9590032075968372,0.9927309170081893,0.8966674920607197,0.002,240480.9619238477,0.7915270965599508,,,,
110,logreg,platt,target,False,0.26722712228720397,0.23366519383989143,0.37775697758799454,1.0,1.0,0.6070891339587742,0.7330485642964215,0.6120344788053722,0.002,240480.9619238477,0.779633319474384,,,,
110,logreg,platt+prior_ORACLE,target,True,0.3745187167128975,0.3854297464811474,0.2820789726179054,0.0,0.0,0.0,0.7330485642964215,0.6120344788053722,,0.0,0.23675240154648897,0.0,0.0,477736.0,738153.0
110,logreg,platt+prior_EM,target,False,0.5327834863310312,0.5428136339040569,0.2820789726179054,0.0,0.0,0.0,0.7330485642964215,0.6120344788053722,,0.0,0.06427550005471734,0.0,0.0,477736.0,738153.0
110,logreg,platt+prior_BBSE,target,False,0.6070879366985362,0.6070881532470213,0.2820789726179054,0.0,0.0,0.0,0.7330485642964215,0.6120344788053722,,0.0,9.807117529827783e-07,0.0,0.0,477736.0,738153.0
110,logreg,isotonic,source_test,False,0.048831451830692686,0.14255574345491562,0.48953631309939133,1.0,1.0,0.9590032075968372,0.9897881247882421,0.874873433534334,0.002,240480.9619238477,0.8420594599518695,,,,
110,logreg,isotonic,target,False,0.25196406321264625,0.20316727687439814,0.37775697758799454,1.0,1.0,0.6070891339587742,0.7127960637802959,0.6339580415478152,0.002,240480.9619238477,0.7548854805259763,,,,
110,logreg,isotonic+prior_ORACLE,target,True,0.38218726504001554,0.4120281566262672,0.2820732381998522,1.4902059600110004e-05,0.00011093993335231174,0.171875,0.7127960637802959,0.6339580415478152,0.00026911689169259624,26.63275132780938,0.21643689821867318,11.0,53.0,477683.0,738142.0
110,logreg,isotonic+prior_EM,target,False,0.6070880035816099,0.6070882506018713,0.2820789726179054,0.0,0.0,0.0,0.7127960637802959,0.6339580415478152,,0.0,8.833569028538928e-07,0.0,0.0,477736.0,738153.0
110,logreg,temperature,source_test,False,0.21851693965369992,0.4286222202716932,0.6722269800541529,0.9039181001179293,0.19072532699167657,0.9910605807278604,0.9927309170081893,0.8966674920607197,0.009408379328802534,46208.828666435846,0.530380987325144,,,,
110,logreg,temperature,target,False,0.2526317691989564,0.22342274505179524,0.48227151236655486,0.21627359097639648,0.022556390977443608,0.9367676139397603,0.7330485643029869,0.6120344788167151,0.018852443951132735,5517.553196979923,0.46996968714650994,,,,
110,tree,raw,source_test,False,0.04144849385701364,0.04811133968094167,0.7751972754263281,0.9425704526046115,0.040903686087990485,0.998148287704415,0.9978694582833518,0.9732464014971012,0.04414124239850279,10270.225159364423,0.9138557263916534,,,,
110,tree,raw,target,False,0.466681338519992,0.46480239491690034,0.5271712957477951,0.44221455443519164,0.34144799638293954,0.6667878678933865,0.627995914797835,0.49269718065907053,0.0025887028445998727,82160.20749476009,0.41008369794851607,,,,
110,tree,platt,source_test,False,0.10552837503687712,0.2916805259437293,0.48953631309939133,1.0,1.0,0.9590032075968372,0.9063055554684951,0.026753504213595555,0.002,240480.9619238477,0.7169805999861373,,,,
110,tree,platt,target,False,0.2710529081208355,0.2703071971547298,0.37775697758799454,1.0,1.0,0.6070891339587742,0.6372980267348063,0.5073028196358459,0.002,240480.9619238477,0.7673820728553759,,,,
110,tree,platt+prior_ORACLE,target,True,0.38619547530913556,0.38569119795063606,0.2820789726179054,0.0,0.0,0.0,0.6372980267348063,0.5073028196358459,,0.0,0.23100724737418182,0.0,0.0,477736.0,738153.0
110,tree,platt+prior_EM,target,False,0.6065210772211433,0.6066122941368268,0.2820789726179054,0.0,0.0,0.0,0.6372980267348063,0.5073028196358459,,0.0,0.00047683982194738717,0.0,0.0,477736.0,738153.0
110,tree,platt+prior_BBSE,target,False,0.6070879853359169,0.6070881701801654,0.2820789726179054,0.0,0.0,0.0,0.6372980267348063,0.5073028196358459,,0.0,9.637786087468687e-07,0.0,0.0,477736.0,738153.0
110,tree,isotonic,source_test,False,0.05813849600272712,0.17938797923311037,0.48953631309939133,1.0,1.0,0.9590032075968372,0.983456839715393,0.803239706714815,0.002,240480.9619238477,0.8043642172120739,,,,
110,tree,isotonic,target,False,0.2717990307168048,0.26576483550422897,0.37775697758799454,1.0,1.0,0.6070891339587742,0.5768790511761592,0.43633438545021325,0.002,240480.9619238477,0.7602321613159309,,,,
110,tree,isotonic+prior_ORACLE,target,True,0.39260121157947614,0.38132080520644485,0.2820789726179054,0.0,0.0,0.0,0.5768790511761592,0.43633438545021325,,0.0,0.22576832875232944,0.0,0.0,477736.0,738153.0
110,tree,isotonic+prior_EM,target,False,0.6070854403915197,0.6070860043767893,0.2820789726179054,0.0,0.0,0.0,0.5768790511761592,0.43633438545021325,,0.0,3.129581984867203e-06,0.0,0.0,477736.0,738153.0
110,tree,temperature,source_test,False,0.13307976636137941,0.327979153221645,0.7751972754263281,0.9425704526046115,0.040903686087990485,0.998148287704415,0.997869432639438,0.9732464957864044,0.04414124239850279,10270.225159364423,0.6310240543751925,,,,
110,tree,temperature,target,False,0.2719677910352194,0.22961685860628778,0.5271712957477951,0.44221455443519164,0.34144799638293954,0.6667878678933865,0.6279959144142654,0.49269718036415416,0.0025887028445998727,82160.20749476009,0.4912490664651747,,,,
110,rf,raw,source_test,False,0.01560994489175174,0.016419463821599922,0.8660052424766631,0.9823512667235981,0.1624256837098692,0.9929812662494476,0.9996915258246556,0.9931983444152276,0.011975108208639599,39454.63764550621,0.9426032428441569,,,,
110,rf,raw,target,False,0.28059947310339256,0.25563759747458603,0.5751748612556096,0.5145545706648893,0.3286082690021267,0.7075527935500217,0.6912691845967692,0.5987282354382172,0.003128179937378702,79113.46571674202,0.4372953873413798,,,,
110,rf,platt,source_test,False,0.06205849779033017,0.20348055469013288,0.48953631309939133,1.0,1.0,0.9590032075968372,0.9996915258259104,0.9931983444152276,0.002,240480.9619238477,0.8019524485774286,,,,
110,rf,platt,target,False,0.2695127998540626,0.22344378863615927,0.37775697758799454,1.0,1.0,0.6070891339587742,0.6912691999058918,0.5987282354935141,0.002,240480.9619238477,0.786708378900209,,,,
110,rf,platt+prior_ORACLE,target,True,0.36860066885176507,0.3935782142819073,0.2820789726179054,0.0,0.0,0.0,0.6912691999058918,0.5987282354935141,,0.0,0.24449406370730856,0.0,0.0,477736.0,738153.0
110,rf,platt+prior_EM,target,False,0.389953594197856,0.3891675001773992,0.37775697758799454,1.0,1.0,0.6070891339587742,0.6912691999058918,0.5987282354935141,0.002,240480.9619238477,0.9962566341361735,738153.0,477736.0,0.0,0.0
110,rf,platt+prior_BBSE,target,False,0.39291008897898255,0.39290988710553104,0.37775697758799454,1.0,1.0,0.6070891339587742,0.6912691999058918,0.5987282354935141,0.002,240480.9619238477,0.9999990210643053,738153.0,477736.0,0.0,0.0
110,rf,isotonic,source_test,False,0.02629162000192434,0.022039600939864085,0.48953631309939133,1.0,1.0,0.9590032075968372,0.999020251117003,0.9864362855024008,0.002,240480.9619238477,0.9807089591334726,,,,
110,rf,isotonic,target,False,0.2607686374428369,0.21001610679884458,0.37775697758799454,1.0,1.0,0.6070891339587742,0.681072382018671,0.6039332494491028,0.002,240480.9619238477,0.7761728539460939,,,,
110,rf,isotonic+prior_ORACLE,target,True,0.36304580041858103,0.37184118628246693,0.32063987451879383,0.03737301074438497,0.009394309828022172,0.8600779423226812,0.681072382018671,0.6039332494491028,0.007909408239021577,2272.6093538729215,0.2430159105271443,27587.0,4488.0,473248.0,710566.0
110,rf,isotonic+prior_EM,target,False,0.3046481738448916,0.2927263503697042,0.4036931590049918,0.12264801470697809,0.013080446104124453,0.9354322084685168,0.681072382018671,0.6039332494491028,0.018443891199496357,3198.296090099437,0.3339512565830039,90533.0,6249.0,471487.0,647620.0
110,rf,temperature,source_test,False,0.13340610258558003,0.3296293536727139,0.8660052424766631,0.9823512667235981,0.1624256837098692,0.9929812662494476,0.9996915258259104,0.9931983444152276,0.011975108208639599,39454.63764550621,0.630591332163177,,,,
110,rf,temperature,target,False,0.24883720456240213,0.1864323211781831,0.5751748612556096,0.5145545706648893,0.3286082690021267,0.7075527935500217,0.6912691984442076,0.598728235493514,0.003128179937378702,79113.46571674202,0.4949898736837293,,,,
110,xgboost,raw,source_test,False,0.038613300770521164,0.04465588276460924,0.7685784495482711,0.9450612012524907,0.09488703923900119,0.995726175301792,0.9995694131371712,0.9903200655228456,0.019569039500851815,23227.427870868498,0.9143472909927368,,,,
110,xgboost,raw,target,False,0.4404774010181427,0.4705082475207198,0.37635239434548484,0.09159754143111253,0.005312557563172966,0.9638209006286439,0.7271916244346155,0.6242123453348062,0.0333985093017283,1319.0687449079387,0.14527307450771332,,,,
110,xgboost,platt,source_test,False,0.04626096854690205,0.1518600824983244,0.48953631309939133,1.0,1.0,0.9590032075968372,0.9995694131371712,0.9903200655228456,0.002,240480.9619238477,0.847405440320499,,,,
110,xgboost,platt,target,False,0.26514518729553466,0.21298885567979148,0.37775697758799454,1.0,1.0,0.6070891339587742,0.7271916244346155,0.6242123453348062,0.002,240480.9619238477,0.7793193474857737,,,,
110,xgboost,platt+prior_ORACLE,target,True,0.37184492482843895,0.40038424359237235,0.2820789726179054,0.0,0.0,0.0,0.7271916244346155,0.6242123453348062,,0.0,0.23713748686111158,0.0,0.0,477736.0,738153.0
110,xgboost,platt+prior_EM,target,False,0.5144989679428422,0.5370288583471092,0.2820789726179054,0.0,0.0,0.0,0.7271916244346155,0.6242123453348062,,0.0,0.08026887816955916,0.0,0.0,477736.0,738153.0
110,xgboost,platt+prior_BBSE,target,False,0.6070879160764632,0.6070882737534933,0.2820789726179054,0.0,0.0,0.0,0.7271916244346155,0.6242123453348062,,0.0,9.848586705954547e-07,0.0,0.0,477736.0,738153.0
110,xgboost,isotonic,source_test,False,0.016948839649558067,0.01725857468835174,0.7930631924881175,0.9999898336789882,0.5731272294887039,0.9760848640012701,0.9991668023436423,0.9891706523238615,0.003484400747083073,138031.49211152332,0.9628163576126099,,,,
110,xgboost,isotonic,target,False,0.26933494210243225,0.3077484737764369,0.37775926411080923,1.0,0.9999979067937104,0.6070896332556946,0.598159986431022,0.47383459372842596,0.0020000041780484823,240480.4595543382,0.7791872620582581,,,,
110,xgboost,isotonic+prior_ORACLE,target,True,0.37492606708059345,0.46289398176279134,0.2960749243832433,0.013052849477005444,0.0023757891387712043,0.8946146703806871,0.598159986431022,0.47383459372842596,0.010890337426068528,576.4673169012439,0.23974283029695734,9635.0,1135.0,476601.0,728518.0
110,xgboost,isotonic+prior_EM,target,False,0.3743599071417058,0.46243206856398167,0.2960749243832433,0.013052849477005444,0.0023757891387712043,0.8946146703806871,0.598159986431022,0.47383459372842596,0.010890337426068528,576.4673169012439,0.24051983115143702,9635.0,1135.0,476601.0,728518.0
110,xgboost,temperature,source_test,False,0.16249315694790933,0.36639986924920875,0.7685784495482711,0.9450612012524907,0.09488703923900119,0.995726175301792,0.9995694131371712,0.9903200655228456,0.019569039500851815,23227.427870868498,0.5926033383476284,,,,
110,xgboost,temperature,target,False,0.2566582077662247,0.24646615295537905,0.37635239434548484,0.09159754143111253,0.005312557563172966,0.9638209006286439,0.7271916244346155,0.6242123453348062,0.0333985093017283,1319.0687449079387,0.4706124193533718,,,,
110,hgb,raw,source_test,False,0.040749544482610874,0.04841132109070237,0.7659205823539148,0.9441360660404213,0.09702734839476813,0.9956259313657172,0.9993891217169248,0.9864342897121522,0.01912725062861481,23740.657113441146,0.9139849241793586,,,,
110,hgb,raw,target,False,0.3888331399810354,0.3726182808573962,0.42172684468388566,0.14387532124098934,0.01774201651121121,0.9260887005354121,0.6897053341383321,0.5347087177560294,0.015991225688309182,4327.282513988962,0.23447085310137805,,,,
110,hgb,platt,source_test,False,0.056536445697483645,0.18265730756254933,0.48953631309939133,1.0,1.0,0.9590032075968372,0.9993891217169248,0.9864342897121522,0.002,240480.9619238477,0.8169132162978746,,,,
110,hgb,platt,target,False,0.2685659195968553,0.2182534970951231,0.37775697758799454,1.0,1.0,0.6070891339587742,0.6897053341383321,0.5347087177560294,0.002,240480.9619238477,0.7847719537932615,,,,
110,hgb,platt+prior_ORACLE,target,True,0.3695724014358155,0.3645009902638526,0.2820789726179054,0.0,0.0,0.0,0.6897053341383321,0.5347087177560294,,0.0,0.24258814369492163,0.0,0.0,477736.0,738153.0
110,hgb,platt+prior_EM,target,False,0.3646095586710755,0.35714207536242,0.37775697758799454,1.0,1.0,0.6070891339587742,0.6897053341383321,0.5347087177560294,0.002,240480.9619238477,0.9626353395043954,738153.0,477736.0,0.0,0.0
110,hgb,platt+prior_BBSE,target,False,0.6070878919814987,0.6070881203921977,0.2820789726179054,0.0,0.0,0.0,0.6897053341383321,0.5347087177560294,,0.0,1.01356657650945e-06,0.0,0.0,477736.0,738153.0
110,hgb,isotonic,source_test,False,0.017584876457391433,0.02907761370997897,0.8061824657104251,0.9999898336789882,0.5464922711058264,0.9771709003486951,0.9982173806489157,0.9772642077176907,0.003653603120677355,131639.10209963273,0.95526964888903,,,,
110,hgb,isotonic,target,False,0.2926817829882639,0.3160292303184702,0.38020322450090266,1.0,0.9977560828574777,0.6076248521382233,0.5851253255311215,0.4517368761761767,0.0020044889112158133,239942.42180964237,0.819649035068919,,,,
110,hgb,isotonic+prior_ORACLE,target,True,0.34577265374935084,0.45821385955247756,0.2820726141201339,0.0,3.139809434499389e-05,0.0,0.5851253255311215,0.4517368761761767,0.0,7.535542642798533,0.293767467680059,0.0,15.0,477721.0,738153.0
110,hgb,isotonic+prior_EM,target,False,0.39291026238646787,0.3929100508219148,0.37775697758799454,1.0,1.0,0.6070891339587742,0.5851253255311215,0.4517368761761767,0.002,240480.9619238477,0.9999991847806889,738153.0,477736.0,0.0,0.0
110,hgb,temperature,source_test,False,0.170815652984363,0.37703482390624304,0.7659205823539148,0.9441360660404213,0.09702734839476813,0.9956259313657172,0.9993891217169248,0.9864342897121522,0.01912725062861481,23740.657113441146,0.5819683836905942,,,,
110,hgb,temperature,target,False,0.25435244319077893,0.16905871162580463,0.42172684468388566,0.14387532124098934,0.01774201651121121,0.9260887005354121,0.6897053341383321,0.5347087177560294,0.015991225688309182,4327.282513988962,0.4790703309845952,,,,
110,mlp,raw,source_test,False,0.05356834456324577,0.06269455987393041,0.7376986836991788,0.9302590378593795,0.0910820451843044,0.9958318369301424,0.9993871120674833,0.9866365837854023,0.02005724525091743,22307.11002075861,0.8963278532028198,,,,
110,mlp,raw,target,False,0.33850398659706116,0.33344633033827975,0.5860081149479712,0.7819815133176997,0.6083297051090979,0.6651226085824279,0.66536462154873,0.5680969717398592,0.002569446527822893,146375.2325592421,0.6701593399047852,,,,
110,mlp,platt,source_test,False,0.0409966569456659,0.12927414979583612,0.48953631309939133,1.0,1.0,0.9590032075968372,0.9993869337898329,0.98663657169703,0.002,240480.9619238477,0.8678419953560675,,,,
110,mlp,platt,target,False,0.29110589349488053,0.26217240565093336,0.37775697758799454,1.0,1.0,0.6070891339587742,0.6653646215427245,0.5680969717200091,0.002,240480.9619238477,0.8438075707244205,,,,
110,mlp,platt+prior_ORACLE,target,True,0.3094694591677826,0.30832183719438916,0.2820789726179054,0.0,0.0,0.0,0.6653646215427245,0.5680969717200091,,0.0,0.3323625847386474,0.0,0.0,477736.0,738153.0
110,mlp,platt+prior_EM,target,False,0.39291030408848243,0.3929101859039494,0.37775697758799454,1.0,1.0,0.6070891339587742,0.665364621541349,0.5680969717299341,0.002,240480.9619238477,0.9999993198627234,738153.0,477736.0,0.0,0.0
110,mlp,platt+prior_BBSE,target,False,0.39291030408848243,0.3929101859039494,0.37775697758799454,1.0,1.0,0.6070891339587742,0.665364621541349,0.5680969717299341,0.002,240480.9619238477,0.9999993198627234,738153.0,477736.0,0.0,0.0
110,mlp,isotonic,source_test,False,0.02576574869453907,0.03133431530246104,0.501998187473979,0.9997865072587532,0.9873959571938169,0.9594907068637495,0.9987045627574258,0.9821188024910363,0.00202504660573804,237455.88896848419,0.9739680290222168,,,,
110,mlp,isotonic,target,False,0.33426225185394287,0.3309248115917308,0.3851065152431296,0.9999607127519633,0.9932221980340606,0.6087008152581761,0.6607952767820192,0.5593688038624042,0.0020135416756713593,238854.27055635187,0.9105353355407715,,,,
110,mlp,isotonic+prior_ORACLE,target,True,0.27676912212870347,0.24242313168018892,0.5754554131930757,0.7597530593250993,0.607463117705176,0.658989613652307,0.6607952767820192,0.5593688038624042,0.002500142940599679,146156.56054230442,0.6172508822724716,560814.0,290207.0,187529.0,177339.0
110,mlp,isotonic+prior_EM,target,False,0.39290571251331213,0.39289182366620584,0.37776586241681975,0.9999891621384727,0.9999895339685516,0.6070890452644843,0.6607952767820192,0.5593688038624042,0.0019999992578193944,240478.44486370136,0.9999809576249801,738145.0,477731.0,5.0,8.0
110,mlp,temperature,source_test,False,0.1588308183725889,0.36021758002288407,0.7376986836991788,0.9302590378593795,0.0910820451843044,0.9958318369301424,0.9993869337927296,0.9866365716970301,0.02005724525091743,22307.11002075861,0.5987856275739531,,,,
110,mlp,temperature,target,False,0.24682380520517186,0.19440324265501868,0.5860081149479712,0.7819815133176997,0.6083297051090979,0.6651226085824279,0.6653646215707054,0.5680969717185912,0.002569446527822893,146375.2325592421,0.5104570718725214,,,,
