model,split_seed,domain,n_train,n_eval,train_prevalence,threshold,tp,fp,tn,fn,accuracy,balanced_accuracy,precision,recall,f1,f1_macro,mcc,fpr,fnr,tnr,roc_auc,pr_auc,pr_auc_benign,brier
majority,101,source_heldout,150920,149080,0.9384177047442354,0.5,142326,6754,0,0,0.9546954655218675,0.5,0.9546954655218675,1.0,0.9768227147004523,0.48841135735022617,0.0,1.0,0.0,0.0,0.5,0.9546954655218675,0.04530453447813255,0.04530453447813255
majority,101,target,150920,1215889,0.9384177047442354,0.5,738153,477736,0,0,0.6070891339587742,0.5,0.6070891339587742,1.0,0.7555139551759891,0.37775697758799454,0.0,1.0,0.0,0.0,0.5,0.6070891339587742,0.3929108660412258,0.3929108660412258
stratified,101,source_heldout,150920,149080,0.9384177047442354,0.5,133581,6350,404,8745,0.8987456399248726,0.4991864791791587,0.9546204915279674,0.9385565532650394,0.9465203697339658,0.49866419668865175,-0.0014098650205466698,0.940183594906722,0.061443446734960584,0.059816405093278055,0.4991864791791587,0.954625098188568,0.04523594282569819,0.10125436007512745
stratified,101,target,150920,1215889,0.9384177047442354,0.5,692686,448250,29486,45467,0.5939456644479882,0.5000623246995405,0.6071208200985857,0.9384043687419816,0.7372572560426888,0.42197870374204804,0.00025312335390421096,0.9382797193429007,0.06159563125801833,0.06172028065709932,0.5000623246995405,0.6071188683708019,0.3929406354006656,0.40605433555201176
logreg,101,source_heldout,150920,149080,0.9384177047442354,0.5,128649,2469,4285,13677,0.891695733834183,0.7691712825299566,0.9811696334599368,0.9039037140086843,0.940953175055953,0.6438460647896693,0.3439322219864532,0.3655611489487711,0.09609628599131571,0.6344388510512289,0.8585480809506423,0.9889549241684801,0.45742890851584356,0.08242639069688337
logreg,101,target,150920,1215889,0.9384177047442354,0.5,651520,408450,69286,86633,0.5928222066323489,0.5138326668867115,0.61465890544072,0.8826354427876064,0.7246667775230059,0.4716768011862451,0.0404116688951805,0.8549701090141836,0.11736455721239364,0.14502989098581642,0.6415861335290032,0.7144048829570633,0.472401787284084,0.29404366284485606
tree,101,source_heldout,150920,149080,0.9384177047442354,0.5,126230,1245,5509,16096,0.8836799034075664,0.8512861567011212,0.9902333790939399,0.8869075221674184,0.9357267022731569,0.6621226691661282,0.4150725716753087,0.1843352087651762,0.11309247783258154,0.8156647912348238,0.8538623111685718,0.9865449015196611,0.4881122377899552,0.10228289008610382
tree,101,target,150920,1215889,0.9384177047442354,0.5,111180,158324,319412,626973,0.3541375898622325,0.4096071939856319,0.41253562099263835,0.15061918057638457,0.22067032730383454,0.33462228532205623,-0.21257613721235558,0.33140479260512085,0.8493808194236154,0.6685952073948792,0.42368750684535217,0.5646668361272722,0.3646598736114266,0.6420358121741265
rf,101,source_heldout,150920,149080,0.9384177047442354,0.5,126949,1175,5579,15377,0.8889723638314999,0.8589941622674752,0.9908291967156817,0.8919593046948555,0.9387982991310778,0.6707344075951311,0.4296062519442961,0.17397098015990525,0.10804069530514453,0.8260290198400948,0.9543888231820502,0.9977017658597807,0.609498331961253,0.09032301560187476
rf,101,target,150920,1215889,0.9384177047442354,0.5,109145,125365,352371,629008,0.3795708325348778,0.4427237465231768,0.4654172529956079,0.14786229955036423,0.22442510921048708,0.3537089411135037,-0.14179885157477248,0.26241480650401056,0.8521377004496358,0.7375851934959894,0.41367079302355114,0.5479255918025845,0.3656009908932202,0.5533192138943092
xgboost,101,source_heldout,150920,149080,0.9384177047442354,0.5,125719,978,5776,16607,0.8820431982828012,0.8692570467968221,0.9922807959146626,0.883317173250144,0.9346338417161358,0.6655528408223745,0.4299709600896808,0.14480307965649986,0.11668282674985596,0.8551969203435001,0.9612136302993661,0.9980265553521563,0.6665396530736273,0.09809497743844986
xgboost,101,target,150920,1215889,0.9384177047442354,0.5,50322,114344,363392,687831,0.34025638853546664,0.4144136392434159,0.30560042753209526,0.06817285847243051,0.11147749438148732,0.29341156902573073,-0.24431624200178315,0.23934557998559874,0.9318271415275695,0.7606544200144013,0.4346065167987885,0.5795995636325039,0.36980839105693347,0.5611224174499512
hgb,101,source_heldout,150920,149080,0.9384177047442354,0.5,124176,317,6437,18150,0.8761269117252481,0.9127703578630251,0.9974536720940134,0.8724758652670629,0.9307882871909422,0.6707800598074618,0.4626322571240152,0.04693514954101273,0.12752413473293706,0.9530648504589873,0.9623814512330193,0.9980768581383032,0.6695113015109939,0.10109270051337393
hgb,101,target,150920,1215889,0.9384177047442354,0.5,66237,121205,356531,671916,0.3477027919489361,0.4180131804547045,0.35337331014393786,0.08973342924840785,0.1431230721859993,0.3082731441778074,-0.22177715174982182,0.2537070683389989,0.9102665707515921,0.7462929316610011,0.4275809556431206,0.593820299480574,0.37216909937596604,0.5534566138397425
mlp,101,source_heldout,150920,149080,0.9384177047442354,0.5,124132,321,6433,18194,0.8758049369466059,0.9123196623369645,0.9974207130402643,0.8721667158495285,0.9305979855985667,0.6702956468256049,0.46182586372750223,0.04752739117559965,0.12783328415047146,0.9524726088244003,0.9548927696266217,0.9977357796544152,0.5822811846547973,0.10942848026752472
mlp,101,target,150920,1215889,0.9384177047442354,0.5,65835,123399,354337,672318,0.34556772863312357,0.41544463188406583,0.34790259678493296,0.08918882670665837,0.14197956193045622,0.3065249576579895,-0.22783818445878437,0.25829956293852674,0.9108111732933416,0.7417004370614733,0.4120094093175017,0.6043855438226512,0.3503225802240736,0.4348253607749939
majority,102,source_heldout,142824,157176,0.938784798073153,0.5,149939,7237,0,0,0.9539560747187866,0.5,0.9539560747187866,1.0,0.9764355371766277,0.48821776858831384,0.0,1.0,0.0,0.0,0.5,0.9539560747187866,0.04604392528121342,0.04604392528121342
majority,102,target,142824,1215889,0.938784798073153,0.5,738153,477736,0,0,0.6070891339587742,0.5,0.6070891339587742,1.0,0.7555139551759891,0.37775697758799454,0.0,1.0,0.0,0.0,0.5,0.6070891339587742,0.3929108660412258,0.3929108660412258
stratified,102,source_heldout,142824,157176,0.938784798073153,0.5,140786,6754,483,9153,0.8987949814221,0.5028477685665037,0.9542225837061136,0.9389551751045425,0.9465273178947086,0.5018892738350447,0.004975858180081041,0.9332596379715352,0.061044824895457483,0.06674036202846484,0.5028477685665036,0.9542063147116492,0.0463162665177445,0.10120501857789993
stratified,102,target,142824,1215889,0.938784798073153,0.5,692974,448418,29318,45179,0.5940443576675174,0.5000815768787009,0.6071305914181981,0.9387945317569664,0.7373848458004464,0.4217823324130556,0.0003322595364846139,0.9386313779995646,0.06120546824303363,0.061368622000435386,0.5000815768787008,0.6071280539949819,0.3929498463339479,0.40595564233248266
logreg,102,source_heldout,142824,157176,0.938784798073153,0.5,138898,1945,5292,11041,0.9173792436504301,0.8288028076100034,0.9861902969973658,0.9263633877776962,0.9553411146494625,0.7021932556700855,0.4516494541459615,0.2687577725576897,0.07363661222230374,0.7312422274423104,0.8911594717764562,0.9933578491701957,0.546065780804873,0.0980114446323738
logreg,102,target,142824,1215889,0.938784798073153,0.5,647577,407991,69745,90576,0.5899568134920211,0.5116422022300429,0.6134867673139012,0.8772937317873124,0.7220487467114451,0.470332789374981,0.03361197246565827,0.8540093273272268,0.12270626821268761,0.14599067267277324,0.5520210040292681,0.6597812557858734,0.4128702893981947,0.3188528078431039
tree,102,source_heldout,142824,157176,0.938784798073153,0.5,133322,1619,5618,16617,0.8839771975365196,0.8327317242400514,0.9880021639086712,0.8891749311386631,0.9359870822802584,0.6586151480890977,0.40019371937642345,0.22371148265856017,0.11082506886133695,0.7762885173414398,0.8657345682698214,0.9877784289402156,0.5932631946106145,0.0842180080009601
tree,102,target,142824,1215889,0.938784798073153,0.5,123046,171753,305983,615107,0.35285211067786615,0.40358998940889074,0.4173894755409618,0.1666944386868305,0.2382414671736925,0.337863450693906,-0.2197380512395049,0.359514459869049,0.8333055613131695,0.6404855401309509,0.3558388062332949,0.5449757463039113,0.3432648431612036,0.5631003870223571
rf,102,source_heldout,142824,157176,0.938784798073153,0.5,140457,2051,5186,9482,0.926623657555861,0.8266781118688511,0.9856078255255846,0.9367609494527774,0.9605637944653219,0.717031497780481,0.47074048515280725,0.2834047257150753,0.06323905054722254,0.7165952742849246,0.9610923849301958,0.9979958511862186,0.6779074952788126,0.045522977604759964
rf,102,target,142824,1215889,0.938784798073153,0.5,157022,40895,436841,581131,0.4884187619100099,0.5635605826887979,0.7933729795823502,0.21272283659349756,0.3354920038031344,0.45980902489803444,0.16818047652017598,0.08560167121590168,0.7872771634065024,0.9143983287840983,0.43928340945476096,0.666709774514836,0.3714058137869713,0.38345963967562824
xgboost,102,source_heldout,142824,157176,0.938784798073153,0.5,138766,1121,6116,11173,0.9217819514429684,0.8852922955929581,0.9919863890139898,0.925483029765438,0.9575814454189755,0.7281587403234484,0.5161587529645976,0.1548984385795219,0.07451697023456205,0.8451015614204781,0.9716858081173545,0.9985138888983388,0.744392263294019,0.05260923504829407
xgboost,102,target,142824,1215889,0.938784798073153,0.5,39471,2136,475600,698682,0.42361679396721247,0.5245007827042701,0.948662484678059,0.053472654043267454,0.10123884272083718,0.33850974701062336,0.1316460188374912,0.00447108863472713,0.9465273459567326,0.9955289113652729,0.4799857689225417,0.6742002811902815,0.37788025487077687,0.43964308500289917
hgb,102,source_heldout,142824,157176,0.938784798073153,0.5,138308,1107,6130,11631,0.9189570926859062,0.8847322594528684,0.9920596779399634,0.9224284542380569,0.9559777988208216,0.7232085169798164,0.5093739505956786,0.15296393533232003,0.0775715457619432,0.84703606466768,0.972368309886212,0.9985510570817745,0.7328543893779058,0.05563448092268001
hgb,102,target,142824,1215889,0.938784798073153,0.5,55631,3719,474017,682522,0.4356055528095081,0.5337902500686256,0.9373378264532435,0.07536513432851996,0.13951295481020135,0.35980374607163473,0.15317859359538982,0.007784634191268818,0.92463486567148,0.9922153658087312,0.7072709985076894,0.7546481051947589,0.5335775677799215,0.41899719581402356
mlp,102,source_heldout,142824,157176,0.938784798073153,0.5,135136,1025,6212,14803,0.8992976026874332,0.8798199554862411,0.9924721469436917,0.9012731844283342,0.9446766864732611,0.6922165819453945,0.46779255129024516,0.14163327345585186,0.09872681557166581,0.8583667265441481,0.9636923455684192,0.9981011743382314,0.6912596756458831,0.06340231746435165
mlp,102,target,142824,1215889,0.938784798073153,0.5,103378,2863,474873,634775,0.4755787740492759,0.5670283532572596,0.973051834978963,0.1400495561218338,0.2448572585783414,0.4215830871897165,0.2318553023192705,0.0059928496073145,0.8599504438781662,0.9940071503926855,0.4577744409898538,0.6414820911261966,0.4035296525890718,0.3972066640853882
majority,103,source_heldout,210621,89379,0.9442078425228254,0.5,85029,4350,0,0,0.9513308495284127,0.5,0.9513308495284127,1.0,0.9750584835558002,0.4875292417779001,0.0,1.0,0.0,0.0,0.5,0.9513308495284127,0.048669150471587284,0.048669150471587284
majority,103,target,210621,1215889,0.9442078425228254,0.5,738153,477736,0,0,0.6070891339587742,0.5,0.6070891339587742,1.0,0.7555139551759891,0.37775697758799454,0.0,1.0,0.0,0.0,0.5,0.6070891339587742,0.3929108660412258,0.3929108660412258
stratified,103,source_heldout,210621,89379,0.9442078425228254,0.5,80265,4108,242,4764,0.9007373096588684,0.49980212025025134,0.9513114384933569,0.9439720565924566,0.947627536864972,0.4996795230284672,-0.0003703499957874423,0.944367816091954,0.05602794340754331,0.05563218390804598,0.49980212025025134,0.9513125260537305,0.04865094979850508,0.09926269034113158
stratified,103,target,210621,1215889,0.9442078425228254,0.5,697000,451056,26680,41153,0.5951859092400704,0.5000477146894512,0.6071132418627663,0.9442486855706066,0.7390485359787807,0.4184273398281495,0.00020307068212258145,0.9441532561917042,0.055751314429393364,0.055846743808295796,0.5000477146894512,0.6071118978154305,0.39293365263224067,0.4048140907599296
logreg,103,source_heldout,210621,89379,0.9442078425228254,0.5,78567,1046,3304,6462,0.9159981651170856,0.8417713145332566,0.986861442226772,0.9240023991814558,0.9543980272348489,0.7112596540254721,0.47145843910754287,0.24045977011494252,0.07599760081854426,0.7595402298850574,0.8995546090225066,0.9927861432244495,0.6542758689938637,0.09183253133159533
logreg,103,target,210621,1215889,0.9442078425228254,0.5,645203,407390,70346,92950,0.5884986211734788,0.5106631430159666,0.6129653151788013,0.8740775963790705,0.7205968909046844,0.470037116844722,0.030546706822744747,0.8527513103471374,0.12592240362092955,0.14724868965286267,0.5878758307234524,0.6749411625817925,0.47172485613487297,0.28452072702084913
tree,103,source_heldout,210621,89379,0.9442078425228254,0.5,79106,333,4017,5923,0.9300059298045402,0.9268948443958877,0.9958081043316255,0.9303414129297063,0.961962205413819,0.7620867710064196,0.5843445438685896,0.07655172413793103,0.06965858707029367,0.923448275862069,0.970839648622924,0.9975673641876326,0.8264583428260943,0.05549961651585774
tree,103,target,210621,1215889,0.9442078425228254,0.5,64916,37049,440687,673237,0.4158298989463676,0.5051963137689293,0.6366498308243025,0.08794382736370374,0.1545401955439593,0.3541426710602448,0.018312144200376888,0.07755119982584524,0.9120561726362962,0.9224488001741548,0.5531810360178752,0.6248983588716687,0.47750120376384214,0.4479998651422782
rf,103,source_heldout,210621,89379,0.9442078425228254,0.5,79470,347,4003,5559,0.9339218384631737,0.9274260951942968,0.9956525552200659,0.9346223053311223,0.9641726217196657,0.7698235161502296,0.5951098289093544,0.07977011494252874,0.06537769466887768,0.9202298850574713,0.9573709997251785,0.9978150585111196,0.5094511462657253,0.052490866059024734
rf,103,target,210621,1215889,0.9442078425228254,0.5,182239,25448,452288,555914,0.5218626042344325,0.5968086086004887,0.8774694612566025,0.24688513086040428,0.38534847331472555,0.49705301962138954,0.25126541736092156,0.053267913659426964,0.7531148691395957,0.946732086340573,0.6198970799719398,0.71365295014105,0.4730913560607477,0.3588918593406126
xgboost,103,source_heldout,210621,89379,0.9442078425228254,0.5,79144,277,4073,5885,0.9310576309871447,0.9335550791798822,0.9965122574633913,0.9307883192793047,0.9625296442687747,0.7659307432973731,0.5929918190374089,0.06367816091954023,0.06921168072069529,0.9363218390804597,0.983471467408753,0.999096575691296,0.8235386756839438,0.05454760417342186
xgboost,103,target,210621,1215889,0.9442078425228254,0.5,34475,1700,476036,703678,0.4198664516251072,0.5215729794135016,0.9530062197650311,0.04670440951943567,0.08904495252657789,0.33173234684762026,0.12402655112265869,0.0035584506924326406,0.9532955904805643,0.9964415493075673,0.6629055478632875,0.7235920754950672,0.5228894877666639,0.4108913540840149
hgb,103,source_heldout,210621,89379,0.9442078425228254,0.5,78485,245,4105,6544,0.9240425603329642,0.9333580916206682,0.9968880985647148,0.9230380223217961,0.9585427365824168,0.7529562806186969,0.5756791901792081,0.05632183908045977,0.07696197767820391,0.9436781609195403,0.9833927288904678,0.9990866392693603,0.8422865619171201,0.05622178353780914
hgb,103,target,210621,1215889,0.9442078425228254,0.5,51247,9335,468401,686906,0.427381117848751,0.524942952748748,0.8459113267967383,0.06942598621153068,0.12832040664300426,0.35098731075223116,0.11197589259588742,0.01954008071403453,0.9305740137884694,0.9804599192859654,0.6445445220535179,0.7042268994404192,0.48879723884759246,0.4103560887360736
mlp,103,source_heldout,210621,89379,0.9442078425228254,0.5,78991,324,4026,6038,0.928819968896497,0.9272530872834055,0.9959150223791212,0.9289889331875008,0.9612885167697026,0.7599560385985324,0.5816749901029251,0.07448275862068965,0.07101106681249926,0.9255172413793104,0.9796908749050188,0.998832460842221,0.8246212860619673,0.05808764323592186
mlp,103,target,210621,1215889,0.9442078425228254,0.5,31908,15720,462016,706245,0.4062245813556994,0.5051608039141464,0.6699420508944318,0.04322681070184636,0.08121346787463683,0.32129740348288865,0.025984443556363365,0.03290520287355359,0.9567731892981536,0.9670947971264464,0.42000608796469885,0.5987329518095963,0.3561534727309016,0.47831031680107117
majority,104,source_heldout,201010,98990,0.9256504651509875,0.5,97763,1227,0,0,0.9876048085665219,0.5,0.9876048085665219,1.0,0.9937637545552037,0.49688187727760186,0.0,1.0,0.0,0.0,0.5,0.9876048085665219,0.012395191433478128,0.012395191433478128
majority,104,target,201010,1215889,0.9256504651509875,0.5,738153,477736,0,0,0.6070891339587742,0.5,0.6070891339587742,1.0,0.7555139551759891,0.37775697758799454,0.0,1.0,0.0,0.0,0.5,0.6070891339587742,0.3929108660412258,0.3929108660412258
stratified,104,source_heldout,201010,98990,0.9256504651509875,0.5,90480,1138,89,7283,0.9149308010910193,0.49901907546301394,0.9875788600493353,0.9255035135992145,0.9555340820884883,0.4881170817466514,-0.0008267840093886178,0.9274653626731867,0.07449648640078557,0.07253463732681337,0.49901907546301383,0.987580793122693,0.012371800181369722,0.08506919890898071
stratified,104,target,201010,1215889,0.9256504651509875,0.5,683410,442292,35444,54743,0.5912167969280091,0.5000147360159736,0.6070967271977842,0.9258378683010162,0.7333295776763751,0.4290746577816887,5.4927972562882935e-05,0.9258083962690691,0.07416213169898382,0.0741916037309309,0.5000147360159736,0.6070961640669927,0.3929178977572939,0.40878320307199095
logreg,104,source_heldout,201010,98990,0.9256504651509875,0.5,90268,389,838,7495,0.9203555914738862,0.8031507946037288,0.9957091013380103,0.9233350040403834,0.9581573081413862,0.5667355578363835,0.2415999752025593,0.31703341483292585,0.07666499595961662,0.6829665851670742,0.8207222836465424,0.9941927212529263,0.1439441458476981,0.081607289628126
logreg,104,target,201010,1215889,0.9256504651509875,0.5,645780,412293,65443,92373,0.5849407306094553,0.5059224881781799,0.6103359598061759,0.8748592771417307,0.7190409224674401,0.4624907925362728,0.017213454874385335,0.863014300785371,0.12514072285826922,0.136985699214629,0.546065110171218,0.6474823156763911,0.4173241871708637,0.3165847820340668
tree,104,source_heldout,201010,98990,0.9256504651509875,0.5,92492,171,1056,5271,0.945024749974745,0.9033597967961389,0.9981546032396965,0.946083896770762,0.9714219696890131,0.6255044717388671,0.36490519905524943,0.1393643031784841,0.05391610322923805,0.8606356968215159,0.9635507550856424,0.9993357876197663,0.2248194998938283,0.04167645046124926
tree,104,target,201010,1215889,0.9256504651509875,0.5,89692,139851,337885,648461,0.3516579227215642,0.4143858458488996,0.3907416039696266,0.12150868451391514,0.18537226567021048,0.32346897150124554,-0.21369584326867902,0.29273699281611604,0.8784913154860848,0.707263007183884,0.4467035443474662,0.556233394358261,0.38042425220722476,0.6334021596253614
rf,104,source_heldout,201010,98990,0.9256504651509875,0.5,93734,222,1005,4029,0.9570562683099303,0.8889294971045065,0.9976371918770488,0.9587880895635363,0.9778269237790725,0.6494309511085109,0.3917342586391711,0.18092909535452323,0.041211910436463696,0.8190709046454768,0.9728238502972456,0.9996350389153209,0.1993202039868097,0.03771662462534233
rf,104,target,201010,1215889,0.9256504651509875,0.5,178066,141350,336386,560087,0.4231077014431416,0.47267856114843654,0.5574736393918902,0.2412318313411989,0.33674587662838074,0.41315812018972753,-0.06063924725649573,0.2958747090443257,0.758768168658801,0.7041252909556742,0.4422097082321522,0.5699763248826579,0.3762988425899422,0.5578840514510146
xgboost,104,source_heldout,201010,98990,0.9256504651509875,0.5,93225,183,1044,4538,0.9523083139711082,0.9022186832899393,0.9980408530318602,0.9535816208586071,0.9753048317998023,0.6409788955591756,0.3858467302427576,0.1491442542787286,0.04641837914139296,0.8508557457212714,0.9745575225204282,0.9996571875756064,0.23853190308522865,0.04146365448832512
xgboost,104,target,201010,1215889,0.9256504651509875,0.5,76736,120143,357593,661417,0.3572110612070674,0.426236342255497,0.38976223975131935,0.10395676777036739,0.16413555899691135,0.32098139610407883,-0.19559182476335216,0.2514840832593734,0.8960432322296326,0.7485159167406267,0.44558652981210156,0.602721257830171,0.3761459838116709,0.5179105401039124
hgb,104,source_heldout,201010,98990,0.9256504651509875,0.5,93121,182,1045,4642,0.9512678048287706,0.9020942826814153,0.9980493660439643,0.9525178237165389,0.974752179875017,0.6385186991362357,0.3823648986581232,0.14832925835370822,0.047482176283461026,0.8516707416462918,0.9741916275893697,0.9996516781947604,0.23207850637700325,0.0419715119156015
hgb,104,target,201010,1215889,0.9256504651509875,0.5,143517,14109,463627,594636,0.4993416339813914,0.582447062030867,0.9104906550949716,0.19442717160263523,0.3204294809322389,0.4620554317686528,0.2397516615095362,0.02953304754090125,0.8055728283973648,0.9704669524590988,0.45644927443191186,0.6612955036438783,0.3794555259238357,0.46314509705699597
mlp,104,source_heldout,201010,98990,0.9256504651509875,0.5,93430,195,1032,4333,0.9542580058591777,0.8983771616538745,0.9979172229639519,0.955678528686722,0.9763412544151149,0.6447240252658099,0.3893616660810392,0.15892420537897312,0.04432147131327803,0.8410757946210269,0.9686588662379049,0.9991798253787978,0.28841146768703263,0.04149090498685837
mlp,104,target,201010,1215889,0.9256504651509875,0.5,111959,33133,444603,626194,0.4577407970628898,0.5411601566735492,0.7716414412924214,0.15167451734261053,0.25351742721441956,0.4138710967466068,0.12402204479451598,0.06935420399551216,0.8483254826573895,0.9306457960044878,0.5725286150201452,0.6549344212397185,0.42552555254892854,0.3191320598125458
majority,105,source_heldout,210803,89197,0.9240570580115084,0.5,89098,99,0,0,0.9988900972005785,0.5,0.9988900972005785,1.0,0.9994447404582293,0.49972237022911464,0.0,1.0,0.0,0.0,0.5,0.9988900972005785,0.0011099027994215052,0.0011099027994215052
majority,105,target,210803,1215889,0.9240570580115084,0.5,738153,477736,0,0,0.6070891339587742,0.5,0.6070891339587742,1.0,0.7555139551759891,0.37775697758799454,0.0,1.0,0.0,0.0,0.5,0.6070891339587742,0.3929108660412258,0.3929108660412258
stratified,105,source_heldout,210803,89197,0.9240570580115084,0.5,82315,91,8,6783,0.922934627846228,0.5023392129107185,0.9988957114773196,0.9238703450133561,0.9599193021737102,0.48112075413475064,0.0005873609110070188,0.9191919191919192,0.07612965498664392,0.08080808080808081,0.5023392129107185,0.9988952840643683,0.0011154080071653083,0.07706537215377199
stratified,105,target,210803,1215889,0.9240570580115084,0.5,682265,441555,36181,55888,0.5908812399816101,0.5000104980681643,0.6070945525084088,0.9242866993699138,0.7328409165976091,0.4299176196083754,3.8761580015474435e-05,0.924265703233585,0.07571330063008617,0.07573429676641492,0.5000104980681643,0.6070941422521313,0.39291587513294157,0.4091187600183898
logreg,105,source_heldout,210803,89197,0.9240570580115084,0.5,84949,55,44,4149,0.9528683700124444,0.6989388713052544,0.9993529716248647,0.9534332981660644,0.9758532354596731,0.49817824867112265,0.06259204021278937,0.5555555555555556,0.046566701833935666,0.4444444444444444,0.8455504448512148,0.9995849955180122,0.051059296740188595,0.06925121890737193
logreg,105,target,210803,1215889,0.9240570580115084,0.5,645843,411615,66121,92310,0.5855501612400474,0.5066747591901407,0.6107504978921149,0.8749446253012587,0.7193573663783526,0.46361522815299866,0.0193678374458155,0.8615951069209773,0.1250553746987413,0.13840489307902273,0.5713938607817415,0.665316823709918,0.44052122012963535,0.3046232572442339
tree,105,source_heldout,210803,89197,0.9240570580115084,0.5,88700,10,89,398,0.9954258551296569,0.947261453793587,0.9998872731371886,0.9955330085972749,0.9977053900836858,0.6507298281476449,0.4041962421924337,0.10101010101010101,0.004466991402725089,0.898989898989899,0.9261791181699597,0.999835297674359,0.18245103812677496,0.0038087480503963995
tree,105,target,210803,1215889,0.9240570580115084,0.5,106546,24642,453094,631607,0.46027227814381083,0.5463802799483548,0.8121626978077263,0.1443413492866655,0.24511900393516467,0.412551354439074,0.1460254201732688,0.05158078938995596,0.8556586507133345,0.9484192106100441,0.602956788966375,0.6737033949488281,0.4840641836155919,0.39017441217129983
rf,105,source_heldout,210803,89197,0.9240570580115084,0.5,88872,29,70,226,0.9971411594560355,0.8522670871320672,0.9996737944455067,0.9974634671934275,0.9985674076820656,0.6764988937144505,0.4079007091442817,0.29292929292929293,0.002536532806572538,0.7070707070707071,0.9968783663703864,0.9999964603717657,0.35957615887661004,0.0022661433271455745
rf,105,target,210803,1215889,0.9240570580115084,0.5,169116,134837,342899,569037,0.4211034066432051,0.4734326586388718,0.5563886521929378,0.22910697375747305,0.3245658311150689,0.4090310690786531,-0.05993215214987105,0.2822416564797294,0.770893026242527,0.7177583435202706,0.43715305645318253,0.577308024973279,0.37073465555818774,0.3868088089862892
xgboost,105,source_heldout,210803,89197,0.9240570580115084,0.5,88724,7,92,374,0.9957285558931355,0.9625476521029732,0.9999211098714091,0.9958023749130172,0.9978574923100282,0.6617606045620937,0.4272749235401002,0.0707070707070707,0.004197625086982873,0.9292929292929293,0.9955466129566557,0.9999946643872335,0.20460804522005482,0.003643457544967532
xgboost,105,target,210803,1215889,0.9240570580115084,0.5,90392,120751,356985,647761,0.3679423039438633,0.434850122357034,0.4281079647442728,0.1224569973975585,0.19044007348603598,0.33602228594402006,-0.16799420165245463,0.25275675268349046,0.8775430026024414,0.7472432473165095,0.5236110714595958,0.6406461114819961,0.4120808751161539,0.3912988603115082
hgb,105,source_heldout,210803,89197,0.9240570580115084,0.5,88730,9,90,368,0.9957734004506879,0.9524803127914309,0.999898578978803,0.9958697164919527,0.9978800811979509,0.6605199328790472,0.42159092564467027,0.09090909090909091,0.004130283508047319,0.9090909090909091,0.9951825829735548,0.9999939436050542,0.19816305907897225,0.003783993992699857
hgb,105,target,210803,1215889,0.9240570580115084,0.5,75032,121323,356413,663121,0.35483913416438506,0.42384711829193084,0.3821242137964401,0.10164830326504126,0.16058075479289638,0.31833228032644745,-0.20214438288732478,0.2539540666811796,0.8983516967349587,0.7460459333188204,0.4584896077890628,0.6020183421585694,0.402210971259835,0.4066660370007354
mlp,105,source_heldout,210803,89197,0.9240570580115084,0.5,88664,8,91,434,0.9950446763904616,0.9571604391577904,0.9999097798628654,0.9951289591236616,0.9975136412218034,0.644590153944235,0.39799471782886015,0.08080808080808081,0.004871040876338414,0.9191919191919192,0.9916287275094431,0.9999902556216282,0.15505056224668526,0.004954617004841566
mlp,105,target,210803,1215889,0.9240570580115084,0.5,21873,13721,464015,716280,0.399615425421235,0.5004555923239813,0.6145136820812497,0.029632068148473283,0.05653786056682611,0.3081279920259257,0.002639914681462419,0.028720883500510743,0.9703679318515267,0.9712791164994893,0.4770124169759575,0.6182636934616847,0.37920042640549534,0.3867143392562866
majority,106,source_heldout,212205,87795,0.9401003746377323,0.5,84344,3451,0,0,0.9606925223532092,0.5,0.9606925223532092,1.0,0.9799522478926914,0.4899761239463457,0.0,1.0,0.0,0.0,0.5,0.9606925223532092,0.03930747764679082,0.03930747764679082
majority,106,target,212205,1215889,0.9401003746377323,0.5,738153,477736,0,0,0.6070891339587742,0.5,0.6070891339587742,1.0,0.7555139551759891,0.37775697758799454,0.0,1.0,0.0,0.0,0.5,0.6070891339587742,0.3929108660412258,0.3929108660412258
stratified,106,source_heldout,212205,87795,0.9401003746377323,0.5,79262,3263,188,5082,0.9049490289879834,0.4971118572990526,0.9604604665252954,0.9397467513990325,0.9499907112765104,0.4965525165143015,-0.004725525875260608,0.9455230368009273,0.060253248600967466,0.054476963199072734,0.4971118572990526,0.960474448642784,0.03910951635111631,0.09505097101201664
stratified,106,target,212205,1215889,0.9401003746377323,0.5,693937,449038,28698,44216,0.5943264557866713,0.5000849867195819,0.607132264485225,0.9400991393383215,0.7377881781569356,0.42101067856362173,0.00034964265813462297,0.9399291658991576,0.05990086066167854,0.0600708341008423,0.5000849867195819,0.6071296809295698,0.39295147989761703,0.4056735442133287
logreg,106,source_heldout,212205,87795,0.9401003746377323,0.5,76126,1085,2366,8218,0.8940372458568255,0.7940820303368856,0.9859475981401614,0.902565683391824,0.9424158955154591,0.6397865013736896,0.3510213692117904,0.3144016227180527,0.09743431660817604,0.6855983772819473,0.8654435872214113,0.9923440265496939,0.3055633907452214,0.09888161096781913
logreg,106,target,212205,1215889,0.9401003746377323,0.5,645510,407746,69990,92643,0.5884583214421711,0.510498503764462,0.6128709449554525,0.8744934993151826,0.7206729451509957,0.4696328313936168,0.03012681880768838,0.8534964917862585,0.12550650068481736,0.14650350821374147,0.5543673419957588,0.660302669459617,0.42297566424281213,0.3284921318881024
tree,106,source_heldout,212205,87795,0.9401003746377323,0.5,77714,1124,2327,6630,0.9116806196252634,0.7978453233412928,0.9857429158527613,0.9213933415536375,0.9524825041977669,0.6637815486817332,0.3824470110649828,0.32570269487105186,0.07860665844636251,0.6742973051289481,0.7868098082577364,0.982805844485303,0.43119531570905634,0.07269147901265345
tree,106,target,212205,1215889,0.9401003746377323,0.5,100812,29295,448441,637341,0.45172955755007244,0.5376264168905812,0.7748391708363116,0.13657331203693543,0.2322161564508327,0.4029234522729169,0.1188963130398294,0.06132047825577306,0.8634266879630645,0.938679521744227,0.5571764290915114,0.6602700772474064,0.4746682214401154,0.43906362650671926
rf,106,source_heldout,212205,87795,0.9401003746377323,0.5,78059,1124,2327,6285,0.9156102283729142,0.7998905192058474,0.9858050339087936,0.9254837332827468,0.9546924972634488,0.6702501697127159,0.39185403369240474,0.32570269487105186,0.07451626671725316,0.6742973051289481,0.9480188544557341,0.9977500209785614,0.48638206720425065,0.05980439211312419
rf,106,target,212205,1215889,0.9401003746377323,0.5,158773,57193,420543,579380,0.47645467637259653,0.5476891131052073,0.7351759073187446,0.21509497353529689,0.3328159275729757,0.4510088087716976,0.12188224614362334,0.11971674732488236,0.7849050264647032,0.8802832526751176,0.6118013945995111,0.7043103401112161,0.523383121754294,0.39050116719415423
xgboost,106,source_heldout,212205,87795,0.9401003746377323,0.5,76465,207,3244,7879,0.9078990830912922,0.9233011620691607,0.9973001878130217,0.9065849378734705,0.9497813881850251,0.6974788648074844,0.49459493909124397,0.05998261373514923,0.09341506212652945,0.9400173862648508,0.9730037237906345,0.9988250883630634,0.6249703161133029,0.0693977028131485
xgboost,106,target,212205,1215889,0.9401003746377323,0.5,52542,6639,471097,685611,0.43066348984158914,0.5286417842445883,0.8878187256045015,0.0711803650462709,0.13179420418544802,0.35412783988490293,0.1300152287351912,0.013896796557094295,0.9288196349537291,0.9861032034429057,0.66152737196547,0.7237198246874648,0.48720799346532906,0.4203559458255768
hgb,106,source_heldout,212205,87795,0.9401003746377323,0.5,76254,215,3236,8090,0.9054046357993052,0.9208912478112223,0.9971884031437576,0.9040832780043631,0.9483561652353977,0.69316705196195,0.4879984953309013,0.06230078238191829,0.09591672199563692,0.9376992176180817,0.971806994031672,0.9987678564587499,0.6019775991797238,0.07069273627760995
hgb,106,target,212205,1215889,0.9401003746377323,0.5,94471,8322,469414,643682,0.4637635507846522,0.5552816446506074,0.9190411798468767,0.12798295204381746,0.22467792224471012,0.40741348816229395,0.19410201690006004,0.01741966274260261,0.8720170479561825,0.9825803372573974,0.6320081754742919,0.7228954158168772,0.468893439753556,0.40914872031855987
mlp,106,source_heldout,212205,87795,0.9401003746377323,0.5,75268,182,3269,9076,0.8945498035195626,0.9198273601453258,0.9975878064943672,0.8923930570046477,0.942062905991464,0.6779825798632935,0.4693806056535855,0.05273833671399594,0.10760694299535237,0.947261663286004,0.969334388914897,0.9986607264453162,0.5571351022796402,0.07450801879167557
mlp,106,target,212205,1215889,0.9401003746377323,0.5,92371,2121,475615,645782,0.4671363915620587,0.5603491614262526,0.9775536553359014,0.12513801339288738,0.22187366764947847,0.40835737357971896,0.2201867589625411,0.004439690540382135,0.8748619866071126,0.9955603094596178,0.49823810935573365,0.6600619159703391,0.3876305361249186,0.4504922032356262
majority,107,source_heldout,211378,88622,0.9242967574676646,0.5,88603,19,0,0,0.9997856062828643,0.5,0.9997856062828643,1.0,0.9998927916490337,0.49994639582451683,0.0,1.0,0.0,0.0,0.5,0.9997856062828643,0.00021439371713569995,0.00021439371713569995
majority,107,target,211378,1215889,0.9242967574676646,0.5,738153,477736,0,0,0.6070891339587742,0.5,0.6070891339587742,1.0,0.7555139551759891,0.37775697758799454,0.0,1.0,0.0,0.0,0.5,0.6070891339587742,0.3929108660412258,0.3929108660412258
stratified,107,source_heldout,211378,88622,0.9242967574676646,0.5,81888,18,1,6715,0.9240256369750175,0.48842203869775114,0.9997802358801553,0.9242124984481338,0.9605123483217894,0.48040465226037504,-0.0012810022748609166,0.9473684210526315,0.07578750155186618,0.05263157894736842,0.48842203869775114,0.9997806428895589,0.00021094658221607865,0.0759743630249825
stratified,107,target,211378,1215889,0.9242967574676646,0.5,682424,441667,36069,55729,0.5909198948259258,0.5000009797648711,0.6070896395398593,0.9245021018677699,0.7329050328528378,0.42978323943856567,3.622444111727544e-06,0.9245001423380277,0.07549789813223004,0.0754998576619723,0.5000009797648711,0.60708960136955,0.3929113334589772,0.4090801051740743
logreg,107,source_heldout,211378,88622,0.9242967574676646,0.5,84583,5,14,4020,0.9545823836067794,0.8457355905140433,0.9999408899607509,0.954629075764929,0.9767597623433089,0.49183411260516047,0.04856828553017099,0.2631578947368421,0.045370924235071046,0.7368421052631579,0.9353892021002022,0.9999844492038195,0.10177823207958804,0.06919881184178256
logreg,107,target,211378,1215889,0.9242967574676646,0.5,646177,407562,70174,91976,0.5891582208573315,0.5111428820955328,0.6132230087336618,0.8753971060200256,0.7212231540740178,0.4702779863661707,0.0320161942597176,0.85311134182896,0.12460289397997434,0.14688865817104008,0.5733494920207636,0.6664137923201033,0.44379033295733583,0.2996196540248554
tree,107,source_heldout,211378,88622,0.9242967574676646,0.5,88427,4,15,176,0.9979689016271355,0.8937436477438985,0.9999547669934752,0.9980136112772705,0.9989832461561056,0.5709201945066242,0.24861402129341859,0.21052631578947367,0.0019863887227294787,0.7894736842105263,0.9204110945512717,0.9999659019440307,0.08380964819508062,0.00195468557562263
tree,107,target,211378,1215889,0.9242967574676646,0.5,105187,151399,326337,632966,0.354904107200575,0.41279546425526226,0.40994832142049836,0.14250026755970646,0.21148663116656732,0.33283318579557436,-0.20875739534048585,0.31690933904918195,0.8574997324402935,0.683090660950818,0.3714195330708729,0.5404378623334107,0.3538166329309667,0.529285622428376
rf,107,source_heldout,211378,88622,0.9242967574676646,0.5,88536,5,14,67,0.9991875606508542,0.8680429615962867,0.9999435289865712,0.9992438179294155,0.9995935510093483,0.6397967755046742,0.35662748063957395,0.2631578947368421,0.0007561820705845175,0.7368421052631579,0.9916811061999209,0.9999980605585745,0.13779154422014608,0.0010661822478723968
rf,107,target,211378,1215889,0.9242967574676646,0.5,177989,140520,337216,560164,0.4237270013956866,0.4734950845500477,0.5588193740208283,0.24112751692399814,0.3368891849995552,0.4136719042320242,-0.05888091504077755,0.2941373478239027,0.7588724830760019,0.7058626521760972,0.42395531586537544,0.5668738426287043,0.3715709791790057,0.4208453849796072
xgboost,107,source_heldout,211378,88622,0.9242967574676646,0.5,88448,3,16,155,0.9982171469838189,0.9201779433629727,0.9999660829159648,0.9982506235680507,0.9991076168852441,0.5837643347584115,0.2803592127068756,0.15789473684210525,0.0017493764319492567,0.8421052631578947,0.994731971175979,0.9999987297616256,0.16985653017632288,0.0018153695855289698
xgboost,107,target,211378,1215889,0.9242967574676646,0.5,92267,12498,465238,645886,0.4585163612796892,0.5494181144923914,0.8807044337326397,0.1249971211930318,0.2189228370968469,0.40227387527840597,0.17202595326153847,0.026160892208248906,0.8750028788069683,0.9738391077917511,0.4882665946513821,0.6397562045488903,0.40683125933238373,0.4152218997478485
hgb,107,source_heldout,211378,88622,0.9242967574676646,0.5,88427,3,16,176,0.9979801855069848,0.9200594372175825,0.9999660748614724,0.9980136112772705,0.9989888890771778,0.5753238284248448,0.2645399876270798,0.15789473684210525,0.0019863887227294787,0.8421052631578947,0.9923288803931435,0.9999981507495613,0.12962491125566625,0.0019905209915191614
hgb,107,target,211378,1215889,0.9242967574676646,0.5,52951,2677,475059,685202,0.43425839036293606,0.5330654687397101,0.9518767527144604,0.0717344507168568,0.13341463199547482,0.3567316567016581,0.15457785914953087,0.005603513237436576,0.9282655492831432,0.9943964867625634,0.5138776592436333,0.6884595662210866,0.39704020385609784,0.39968329546878234
mlp,107,source_heldout,211378,88622,0.9242967574676646,0.5,88180,3,16,423,0.9951930671842206,0.9186655792218037,0.9999659798373837,0.9952258952857127,0.9975903069247565,0.5337296512789721,0.1746117927709274,0.15789473684210525,0.004774104714287327,0.8421052631578947,0.9870210525127758,0.9999969633682869,0.0883716839081655,0.008068237453699112
mlp,107,target,211378,1215889,0.9242967574676646,0.5,84588,8825,468911,653565,0.4552216526344099,0.5480607916765797,0.9055270679669853,0.1145941288594641,0.20344266119586418,0.39475187905026216,0.1762771024496891,0.018472545506304738,0.8854058711405359,0.9815274544936953,0.46388988351839927,0.6336054082741528,0.3821855558234391,0.32512661814689636
majority,108,source_heldout,197795,102205,0.9387851057913497,0.5,98247,3958,0,0,0.9612739102783621,0.5,0.9612739102783621,1.0,0.9802546245485203,0.49012731227426015,0.0,1.0,0.0,0.0,0.5,0.9612739102783621,0.03872608972163789,0.03872608972163789
majority,108,target,197795,1215889,0.9387851057913497,0.5,738153,477736,0,0,0.6070891339587742,0.5,0.6070891339587742,1.0,0.7555139551759891,0.37775697758799454,0.0,1.0,0.0,0.0,0.5,0.6070891339587742,0.3929108660412258,0.3929108660412258
stratified,108,source_heldout,197795,102205,0.9387851057913497,0.5,92220,3700,258,6027,0.9048285308937919,0.5019195259961187,0.9614261884904087,0.938654615408104,0.9499039486627491,0.5001399075540632,0.0030832895546837142,0.9348155634158666,0.06134538459189594,0.0651844365841334,0.5019195259961187,0.9614168469249257,0.03887758028237738,0.0951714691062081
stratified,108,target,197795,1215889,0.9387851057913497,0.5,692975,448418,29318,45178,0.5940451801110134,0.5000822542450464,0.6071309356198961,0.9387958864896573,0.7373855175664762,0.42178276443303747,0.0003350205257476646,0.9386313779995646,0.06120411351034271,0.061368622000435386,0.5000822542450463,0.6071283771862839,0.3929501705309345,0.4059548198889866
logreg,108,source_heldout,197795,102205,0.9387851057913497,0.5,91688,791,3167,6559,0.9280857100924612,0.8666956417550957,0.9914467068199266,0.933239691797205,0.9614630412214381,0.712169696582657,0.4822193050148674,0.19984840828701364,0.066760308202795,0.8001515917129863,0.9174188944012696,0.9956255999913526,0.660323960974831,0.08661662936277821
logreg,108,target,197795,1215889,0.9387851057913497,0.5,645089,407081,70655,93064,0.5886589976552136,0.5109093236243376,0.6131033958390755,0.8739231568523057,0.7206397951654534,0.4704679204370189,0.03121781487863657,0.8521045096036305,0.12607684314769432,0.14789549039636954,0.5873490400712119,0.6748886555461365,0.45244589876376884,0.2802061130311153
tree,108,source_heldout,197795,102205,0.9387851057913497,0.5,92641,128,3830,5606,0.9438970696149895,0.9553000840458348,0.9986202287402042,0.9429397335287591,0.9699815722243162,0.7709397184699303,0.6069177880788547,0.03233956543708944,0.05706026647124085,0.9676604345629105,0.9878734717320756,0.9991823819665213,0.8911843678134547,0.02913663549357736
tree,108,target,197795,1215889,0.9387851057913497,0.5,72160,41483,436253,665993,0.4181409651703404,0.5054625172312481,0.6349709176984064,0.09775751097672163,0.16943023916524613,0.36082775884053864,0.018330714104322323,0.08683247651422543,0.9022424890232784,0.9131675234857746,0.36960609050422205,0.5662314147292435,0.35526345571120144,0.4865414289198107
rf,108,source_heldout,197795,102205,0.9387851057913497,0.5,93379,165,3793,4868,0.950755833863314,0.9543818461017288,0.9982361241768579,0.9504514132747056,0.9737578927061228,0.7874574391020907,0.6295881187213112,0.0416877210712481,0.04954858672529441,0.9583122789287519,0.9932086741827285,0.9996818234615061,0.8940424052354614,0.025181360736627908
rf,108,target,197795,1215889,0.9387851057913497,0.5,176546,128640,349096,561607,0.4323108441642288,0.48495129027416717,0.578486562293159,0.23917263765100188,0.33842499896965417,0.42064306287291975,-0.0339020338184979,0.2692700571026676,0.7608273623489981,0.7307299428973324,0.3867254810091264,0.543152670063157,0.35596245570455887,0.47965574745327966
xgboost,108,source_heldout,197795,102205,0.9387851057913497,0.5,92777,94,3864,5470,0.9455603933271366,0.9602873156735707,0.9989878433526074,0.944323999715004,0.970887095930263,0.7761447216034102,0.6165702805703192,0.023749368367862556,0.05567600028499598,0.9762506316321374,0.9945926819222837,0.9997574188702845,0.9109248366533341,0.028631044551730156
xgboost,108,target,197795,1215889,0.9387851057913497,0.5,76885,120274,357462,661268,0.35722586518999677,0.42620016482899736,0.3899644449403781,0.10415862294131434,0.16440503275912208,0.3210732959361965,-0.19557561986235142,0.25175829328331967,0.8958413770586857,0.7482417067166803,0.4862481980466914,0.6242454366351445,0.39046638100549724,0.452208012342453
hgb,108,source_heldout,197795,102205,0.9387851057913497,0.5,92498,88,3870,5749,0.942889291130571,0.9596253835548175,0.9990495323267017,0.9414842183476341,0.9694130470096891,0.7697474014602103,0.6074267613439538,0.02223345123799899,0.05851578165236598,0.977766548762001,0.9939123808014937,0.9997279303460502,0.9033411198427792,0.029673991419790293
hgb,108,target,197795,1215889,0.9387851057913497,0.5,77510,120584,357152,660643,0.35748493489126065,0.4262990718200113,0.39127888780074105,0.10500533087313876,0.16557596446236944,0.3216008186083644,-0.19494150507348706,0.25240718723311617,0.8949946691268612,0.7475928127668838,0.46114245114151353,0.6048821428415389,0.38976705913422766,0.44977860367032557
mlp,108,source_heldout,197795,102205,0.9387851057913497,0.5,93007,155,3803,5240,0.9472139327821535,0.9537519227983684,0.9983362315107018,0.9466650381182122,0.9718142825050023,0.7784231015632466,0.6165529085501293,0.03916119252147549,0.05333496188178774,0.9608388074785245,0.9921069545185721,0.9996540788173807,0.8832992745405448,0.0320119746029377
mlp,108,target,197795,1215889,0.9387851057913497,0.5,88621,13633,464103,649532,0.4545842589249512,0.5457605422274603,0.866675142292722,0.12005776580194079,0.21090019478657365,0.397087308326501,0.1610559403198513,0.028536681347020112,0.8799422341980592,0.9714633186529799,0.5791550178663178,0.6780094653591944,0.43578782450131215,0.41064316034317017
majority,109,source_heldout,187861,112139,0.941611084791415,0.5,106972,5167,0,0,0.9539232559591222,0.5,0.9539232559591222,1.0,0.9764183450397287,0.48820917251986434,0.0,1.0,0.0,0.0,0.5,0.9539232559591222,0.04607674404087784,0.04607674404087784
majority,109,target,187861,1215889,0.941611084791415,0.5,738153,477736,0,0,0.6070891339587742,0.5,0.6070891339587742,1.0,0.7555139551759891,0.37775697758799454,0.0,1.0,0.0,0.0,0.5,0.6070891339587742,0.3929108660412258,0.3929108660412258
stratified,109,source_heldout,187861,112139,0.941611084791415,0.5,100724,4855,312,6248,0.9009889512123347,0.5009876967166005,0.954015476562574,0.9415921923493998,0.9477631250852736,0.5004868324326343,0.0017646850339298917,0.939616798916199,0.058407807650600156,0.06038320108380105,0.5009876967166005,0.9540100901593062,0.046166366694156344,0.09901104878766531
stratified,109,target,187861,1215889,0.941611084791415,0.5,695034,449777,27959,43119,0.5946208905582664,0.5000546178765194,0.6071168079272474,0.9415852811002597,0.7382339757956073,0.42006138800421494,0.00022740368058741001,0.9414760453472211,0.0584147188997403,0.05852395465277894,0.5000546178765193,0.6071151913601582,0.39293695181367977,0.40537910944173355
logreg,109,source_heldout,187861,112139,0.941611084791415,0.5,96946,1206,3961,10026,0.8998385931745423,0.8364351213173675,0.9877129350395305,0.9062745391317354,0.9452428774789883,0.6794189745022591,0.4269467841361127,0.2334042964970002,0.0937254608682646,0.7665957035029998,0.8708335260454358,0.9888295729260397,0.5595326205351506,0.0961887412055858
logreg,109,target,187861,1215889,0.941611084791415,0.5,645097,407471,70265,93056,0.5883448242397127,0.5105065673286163,0.6128791679017412,0.873933994713833,0.7204885629866405,0.4698523194681026,0.0300962181508958,0.8529208600566003,0.12606600528616696,0.1470791399433997,0.587572060440754,0.6756960525891331,0.4474902059665014,0.29017926601195104
tree,109,source_heldout,187861,112139,0.941611084791415,0.5,93965,220,4947,13007,0.8820481723575205,0.9179147677604288,0.9976641715772151,0.8784074337209737,0.9342453904164408,0.6810840290605624,0.4778598261578081,0.04257789820011612,0.12159256627902629,0.9574221017998839,0.9647072244643968,0.9973431899312655,0.6513302686912896,0.09067322541305053
tree,109,target,187861,1215889,0.941611084791415,0.5,83339,132546,345190,654814,0.3524408889298283,0.4177279734292011,0.386034231187901,0.11290206772850615,0.17470792568010918,0.32094715244039024,-0.21029902896002606,0.277446120870104,0.8870979322714938,0.722553879129896,0.47222144243905395,0.5712583362448731,0.3912660063068824,0.6321441366692451
rf,109,source_heldout,187861,112139,0.941611084791415,0.5,94748,273,4894,12224,0.8885579504008418,0.9164459026051475,0.9971269508845413,0.8857271061586209,0.9381315194090885,0.6886753625764311,0.4855193782966655,0.05283530094832591,0.11427289384137905,0.9471646990516741,0.971604083955603,0.9984968867321461,0.7137477169977045,0.08215747290777854
rf,109,target,187861,1215889,0.941611084791415,0.5,154532,128797,348939,583621,0.41407644941273425,0.4698754308514819,0.5454154004708307,0.20934955219310902,0.30256431341913026,0.398704683611719,-0.06960398628931702,0.2695986904901452,0.790650447806891,0.7304013095098548,0.41327321671389206,0.5516437188400738,0.3642295017607,0.49454113384502585
xgboost,109,source_heldout,187861,112139,0.941611084791415,0.5,93703,177,4990,13269,0.8800952389445242,0.9208511701033805,0.9981146144013634,0.8759581946677635,0.9330551849122737,0.6795387766104952,0.47795585760390213,0.034255854461002516,0.12404180533223648,0.9657441455389975,0.977099952091126,0.9987891706711938,0.7521608300885552,0.09156044572591782
xgboost,109,target,187861,1215889,0.941611084791415,0.5,68292,116145,361591,669861,0.3535544774235148,0.42470098020747943,0.3702727760698775,0.09251740492824659,0.14804409325919424,0.31361512582185147,-0.2050397018271901,0.24311544451328768,0.9074825950717534,0.7568845554867123,0.4684255481341678,0.6083137631427397,0.3859640219640498,0.5398921370506287
hgb,109,source_heldout,187861,112139,0.941611084791415,0.5,93697,186,4981,13275,0.8799614763819902,0.919952213827304,0.998018810647295,0.8759021052237969,0.9329815040701003,0.6791449807845699,0.47696648805109126,0.035997677569189084,0.12409789477620312,0.964002322430811,0.9762831353157528,0.9987304215727754,0.7517370970857247,0.09211391624319157
hgb,109,target,187861,1215889,0.941611084791415,0.5,71701,120120,357616,666452,0.35308897440473597,0.4228498745784393,0.3737911907455388,0.09713568867158977,0.15420000989274968,0.3152242874759193,-0.20673848910003342,0.25143593951471105,0.9028643113284103,0.7485640604852889,0.47282762221321173,0.616854494482939,0.3971159217621089,0.5409199555225302
mlp,109,source_heldout,187861,112139,0.941611084791415,0.5,93761,251,4916,13211,0.8799525588778213,0.9139614407488967,0.9973301280687572,0.8765003926261078,0.9330195438442861,0.6775512418285567,0.47150853740392057,0.0485775111283143,0.12349960737389223,0.9514224888716857,0.9736913414724262,0.9986010665384883,0.7421192443473968,0.09620403498411179
mlp,109,target,187861,1215889,0.941611084791415,0.5,32198,12918,464818,705955,0.4087675766455655,0.5082898221661521,0.7136714247716996,0.043619683182212904,0.08221441165168034,0.32306987633597994,0.0428391401937246,0.027040038849908736,0.9563803168177871,0.9729599611500913,0.4276423130394274,0.5962284327677717,0.38485402714944367,0.4233423173427582
majority,110,source_heldout,211337,88663,0.9232410794134487,0.5,88648,15,0,0,0.9998308200715067,0.5,0.9998308200715067,1.0,0.9999154028796859,0.49995770143984297,0.0,1.0,0.0,0.0,0.5,0.9998308200715067,0.00016917992849328355,0.00016917992849328355
majority,110,target,211337,1215889,0.9232410794134487,0.5,738153,477736,0,0,0.6070891339587742,0.5,0.6070891339587742,1.0,0.7555139551759891,0.37775697758799454,0.0,1.0,0.0,0.0,0.5,0.6070891339587742,0.3929108660412258,0.3929108660412258
stratified,110,source_heldout,211337,88663,0.9232410794134487,0.5,81833,13,2,6815,0.9229892965498573,0.5282281232139097,0.999841165114972,0.923122913094486,0.9599516698534846,0.48026857497358066,0.002756111123632115,0.8666666666666667,0.07687708690551394,0.13333333333333333,0.5282281232139097,0.9998403698181665,0.00018574049623982475,0.07701070345014267
stratified,110,target,211337,1215889,0.9232410794134487,0.5,681655,441163,36573,56498,0.5907019472994657,0.5000075730302086,0.6070930462461414,0.9234603124284532,0.7325799273605016,0.43036240848208396,2.7823066305192637e-05,0.9234451663680359,0.07653968757154682,0.0765548336319641,0.5000075730302087,0.6070927468008885,0.39291447929404616,0.4092980527005343
logreg,110,source_heldout,211337,88663,0.9232410794134487,0.5,84552,8,7,4096,0.9537123715642376,0.7102307252654694,0.9999053926206244,0.9537947838642722,0.9763059442981848,0.48985282644729544,0.026029932328784314,0.5333333333333333,0.046205216135727825,0.4666666666666667,0.9494325873116144,0.9999908938227249,0.11396825259596184,0.06972240933041492
logreg,110,target,211337,1215889,0.9232410794134487,0.5,645910,407633,70103,92243,0.588880234955658,0.510887716458012,0.6130836615116801,0.8750353923915503,0.7210040096087729,0.47002390981030756,0.03126706005152158,0.8532599594755262,0.12496460760844974,0.14674004052447376,0.581532496951431,0.6720918790701014,0.4462755604689397,0.29452817607007425
tree,110,source_heldout,211337,88663,0.9232410794134487,0.5,88465,1,14,183,0.9979247262104823,0.9656344944800409,0.9999886962222775,0.9979356556267485,0.9989611210858543,0.5655182963919838,0.25723729445257076,0.06666666666666667,0.002064344373251512,0.9333333333333333,0.9511254249014831,0.9999832795599686,0.07763823814403639,0.002095707795117012
tree,110,target,211337,1215889,0.9232410794134487,0.5,149175,149616,328120,588978,0.3925481684594564,0.44445754846657426,0.4992620259646375,0.20209224916785545,0.28772045549229275,0.3790996899330446,-0.12601742188228032,0.31317715223470705,0.7979077508321446,0.686822847765293,0.4133638388655147,0.5627795309477379,0.356337300080383,0.49620775644848586
rf,110,source_heldout,211337,88663,0.9232410794134487,0.5,88568,3,12,80,0.9990638710623372,0.8995487771861745,0.9999661288683654,0.999097554372349,0.999531652926605,0.6119153591735829,0.3228049712275893,0.2,0.000902445627650934,0.8,0.9996070601329604,0.9999999265621563,0.23924946810875652,0.0012810346994878148
rf,110,target,211337,1215889,0.9232410794134487,0.5,170249,145805,331931,567904,0.4130146748593005,0.46272097141574775,0.538670606921602,0.23064188589628437,0.3229896974692826,0.4024486725302932,-0.08302323953882158,0.3051999430647889,0.7693581141037156,0.6948000569352111,0.44084260947376275,0.6113864653419117,0.37981044526163754,0.42406901943724984
xgboost,110,source_heldout,211337,88663,0.9232410794134487,0.5,88516,0,15,132,0.9985112166292591,0.999255482357188,1.0,0.998510964714376,0.9992549276376691,0.5922200564114272,0.3192003664635217,0.0,0.0014890352856240412,1.0,0.9995702102698314,0.9999999203295854,0.2507393141201191,0.0016985562397167087
xgboost,110,target,211337,1215889,0.9232410794134487,0.5,102631,13083,464653,635522,0.4665590362278136,0.5558260764570068,0.886936757868538,0.13903757080171725,0.240391067929783,0.41466904989829967,0.18582769566405577,0.02738541788770367,0.8609624291982827,0.9726145821122963,0.5105411454785647,0.6792770409787372,0.3904029710195149,0.3984929323196411
hgb,110,source_heldout,211337,88663,0.9232410794134487,0.5,88490,0,15,158,0.9982179714198708,0.9991088349426946,1.0,0.9982176698853894,0.9991080400591629,0.5793412540721347,0.2941949439044873,0.0,0.0017823301146105946,1.0,0.9995423848629786,0.9999999148520323,0.17840434708626535,0.0020743731211384335
hgb,110,target,211337,1215889,0.9232410794134487,0.5,131287,15098,462638,606866,0.48846975340676657,0.5731277811156568,0.8968610171807221,0.17785879079269473,0.2968487504211238,0.44743293238333404,0.21950280560705768,0.03160322856138118,0.8221412092073053,0.9683967714386188,0.4978368816941517,0.6586121856339192,0.3832459648380053,0.4033940552521002
mlp,110,source_heldout,211337,88663,0.9232410794134487,0.5,88448,0,15,200,0.9977442676200895,0.9988719429654364,1.0,0.9977438859308727,0.9988706690156751,0.5646527258121854,0.2638371439985596,0.0,0.002256114069127335,1.0,0.9990441596727131,0.9999998313150832,0.093410460418859,0.002720255171880126
mlp,110,target,211337,1215889,0.9232410794134487,0.5,110067,22641,455095,628086,0.4648138111291409,0.550859539743529,0.8293923501220726,0.1491113630913916,0.2527774237220406,0.4179448932595187,0.1593200857958661,0.04739228360433377,0.8508886369086084,0.9526077163956662,0.5961878714035292,0.6787188046909411,0.4424364417645327,0.3639814555644989
majority,111,source_heldout,198105,101895,0.9384770702405291,0.5,97877,4018,0,0,0.960567250601109,0.5,0.960567250601109,1.0,0.9798870712612379,0.48994353563061893,0.0,1.0,0.0,0.0,0.5,0.960567250601109,0.039432749398891014,0.039432749398891014
majority,111,target,198105,1215889,0.9384770702405291,0.5,738153,477736,0,0,0.6070891339587742,0.5,0.6070891339587742,1.0,0.7555139551759891,0.37775697758799454,0.0,1.0,0.0,0.0,0.5,0.6070891339587742,0.3929108660412258,0.3929108660412258
stratified,111,source_heldout,198105,101895,0.9384770702405291,0.5,91851,3754,264,6026,0.904018842926542,0.5020686308202685,0.9607342712201244,0.9384329311278441,0.9494526622631563,0.5003375069173756,0.003345743568952595,0.9342956694873071,0.06156706887215587,0.06570433051269288,0.5020686308202684,0.9607239882501705,0.03959954862978354,0.09598115707345797
stratified,111,target,198105,1215889,0.9384770702405291,0.5,692733,448280,29456,45420,0.5939596459874216,0.5000627628234321,0.6071210406892822,0.9384680411784548,0.7372770686570532,0.42194175611886053,0.00025502516255490376,0.9383425155315906,0.06153195882154513,0.06165748446840933,0.5000627628234321,0.6071190774056544,0.39294084496675513,0.40604035401257843
logreg,111,source_heldout,198105,101895,0.9384770702405291,0.5,91306,840,3178,6571,0.9272682663526179,0.8619027422564316,0.9908840318624791,0.9328647179623405,0.9609994579603521,0.711341597215812,0.47890445993706166,0.20905923344947736,0.0671352820376595,0.7909407665505227,0.9117708612885914,0.9952146270341506,0.6633830300852827,0.08516857760503631
logreg,111,target,198105,1215889,0.9384770702405291,0.5,645131,407425,70311,93022,0.5884106197193987,0.5105777415290244,0.6129184575452518,0.8739800556253243,0.7205313649509775,0.4699434238730606,0.030299157333597577,0.8528245725672756,0.1260199443746757,0.14717542743272435,0.6159284389173524,0.6975773123664396,0.45803178495412195,0.27945151715852523
tree,111,source_heldout,198105,101895,0.9384770702405291,0.5,94670,232,3786,3207,0.9662495706364395,0.9547471083883368,0.9975553729110029,0.9672343860151006,0.9821609200172218,0.8349184402102274,0.7001253231912709,0.05774016923842708,0.03276561398489942,0.9422598307615729,0.9845984150941104,0.9988785285787276,0.8928025458717351,0.02837909304129275
tree,111,target,198105,1215889,0.9384770702405291,0.5,134657,35599,442137,603496,0.4743804738754936,0.5539540946276315,0.790908984118034,0.18242423996109208,0.2964677804821397,0.4384702019948209,0.15187305551989438,0.07451605070582916,0.817575760038908,0.9254839492941709,0.6144219890690624,0.6770847458465632,0.4910419685237798,0.4340804160753436
rf,111,source_heldout,198105,101895,0.9384770702405291,0.5,95152,250,3768,2725,0.9708032778840964,0.9549694621086401,0.9973795098635249,0.9721589341724818,0.984607743210592,0.8507854623197856,0.7250301935868432,0.06222000995520159,0.027841065827518212,0.9377799900447984,0.9932793680214224,0.9996950233945591,0.8937729187842706,0.0245067741902787
rf,111,target,198105,1215889,0.9384770702405291,0.5,153527,135671,342065,584626,0.4075964171071537,0.4620003276567121,0.530871582791029,0.20798804583873534,0.2988793508742387,0.3930016405659584,-0.08717900568899437,0.283987390525311,0.7920119541612647,0.7160126094746889,0.47384486714115726,0.61119796499714,0.3918062236528138,0.46204390724118194
xgboost,111,source_heldout,198105,101895,0.9384770702405291,0.5,94625,195,3823,3252,0.9661710584425144,0.9591215087649779,0.9979434718413837,0.9667746252950131,0.9821118128460744,0.8356876561751332,0.7030556907824113,0.048531607765057244,0.03322537470498687,0.9514683922349427,0.9943454809416762,0.9997382688109074,0.911068921299199,0.028118057176470757
xgboost,111,target,198105,1215889,0.9384770702405291,0.5,148208,14227,463509,589945,0.5031026680889457,0.5855010883863274,0.9124141964478099,0.20078222265573667,0.32913607554175717,0.467279654226054,0.24548288758800363,0.02978004588308187,0.7992177773442634,0.9702199541169181,0.5333769666171885,0.6697826486070773,0.4082526052324872,0.43398231267929077
hgb,111,source_heldout,198105,101895,0.9384770702405291,0.5,94425,209,3809,3452,0.9640708572550174,0.9563576579971491,0.9977914914301413,0.9647312443168466,0.9809829048729684,0.8281986959864442,0.6904922560223958,0.05201592832254853,0.035268755683153345,0.9479840716774515,0.9932746231870455,0.9996906656685126,0.9009278131231825,0.029004217608154987
hgb,111,target,198105,1215889,0.9384770702405291,0.5,118092,11558,466178,620061,0.48052906145215557,0.5678949073200273,0.9108522946394138,0.15998309293601734,0.2721631522361642,0.43415411564077266,0.21487476673545694,0.024193278295962625,0.8400169070639827,0.9758067217040374,0.5072435737831091,0.6849568388875409,0.39549816409852756,0.4182600571343365
mlp,111,source_heldout,198105,101895,0.9384770702405291,0.5,91835,130,3888,6042,0.9394278423867707,0.952957527736443,0.9985864187462622,0.9382694606495908,0.9674887538057964,0.7624940184285649,0.5944931520840808,0.03235440517670483,0.06173053935040919,0.9676455948232952,0.9918144639771539,0.9996336643793993,0.8869121528875312,0.03414759412407875
mlp,111,target,198105,1215889,0.9384770702405291,0.5,89770,8973,468763,648383,0.45936183319365503,0.5514160068133157,0.9091277356369566,0.12161435366380682,0.2145308377623982,0.40118246101973976,0.18386005803447683,0.018782340037175344,0.8783856463361932,0.9812176599628246,0.606253557448402,0.6887207626191715,0.4470356816354525,0.36079511046409607
majority,112,source_heldout,143070,156930,0.9380722723142517,0.5,149634,7296,0,0,0.9535079334735233,0.5,0.9535079334735233,1.0,0.976200728069832,0.488100364034916,0.0,1.0,0.0,0.0,0.5,0.9535079334735233,0.04649206652647677,0.04649206652647677
majority,112,target,143070,1215889,0.9380722723142517,0.5,738153,477736,0,0,0.6070891339587742,0.5,0.6070891339587742,1.0,0.7555139551759891,0.37775697758799454,0.0,1.0,0.0,0.0,0.5,0.6070891339587742,0.3929108660412258,0.3929108660412258
stratified,112,source_heldout,143070,156930,0.9380722723142517,0.5,140407,6804,492,9227,0.897846173453132,0.5028852087690456,0.953780627806346,0.9383362070117754,0.9459953847967795,0.5019133550489921,0.0050406189999318935,0.9325657894736842,0.0616637929882246,0.06743421052631579,0.5028852087690456,0.9537638124394577,0.046770598509170064,0.10215382654686803
stratified,112,target,143070,1215889,0.9380722723142517,0.5,692423,448078,29658,45730,0.5938708220898453,0.5000641930915959,0.6071217824447326,0.9380480740442699,0.7371479793511738,0.42219306966488407,0.00026000788630723814,0.937919687861078,0.06195192595573004,0.062080312138921914,0.5000641930915959,0.6071197598081479,0.3929415287407002,0.4061291779101546
logreg,112,source_heldout,143070,156930,0.9380722723142517,0.5,138754,1899,5397,10880,0.9185687886318741,0.8335048235897344,0.9864986882611818,0.9272892524426267,0.955978049309821,0.7069373977936709,0.4606043012138254,0.2602796052631579,0.07271074755737332,0.7397203947368421,0.8937503309427342,0.9934459322837006,0.5528951843745092,0.09801635118426184
logreg,112,target,143070,1215889,0.9380722723142517,0.5,643850,407825,69911,94303,0.5870280922024954,0.5092913939825574,0.6122138493355838,0.8722446430482569,0.7194546068113807,0.46863142366427746,0.026554136628391112,0.8536618550831422,0.12775535695174306,0.14633814491685784,0.5517904367494724,0.6596485090418596,0.4121570898042502,0.31646034021280867
tree,112,source_heldout,143070,156930,0.9380722723142517,0.5,139307,1820,5476,10327,0.9225960619384439,0.84076659109631,0.9871038142949259,0.930984936578585,0.9582234206100543,0.7161782499820695,0.4768367683866048,0.24945175438596492,0.06901506342141492,0.7505482456140351,0.8649311172330663,0.987206742669577,0.6473586613216501,0.054410799962833836
tree,112,target,143070,1215889,0.9380722723142517,0.5,148299,127310,350426,589854,0.4101731325803589,0.46720970529659944,0.5380774938409123,0.20090550333061033,0.29257162923842084,0.39340996554557517,-0.0765010150567887,0.2664860927374115,0.7990944966693897,0.7335139072625886,0.4871752068317684,0.657162286687025,0.418224930004541,0.44609901798073054
rf,112,source_heldout,143070,156930,0.9380722723142517,0.5,138552,913,6383,11082,0.9235646466577455,0.9004011152343296,0.9934535546552898,0.9259392918721681,0.958509022860681,0.737038930476421,0.5361248268732514,0.12513706140350878,0.07406070812783191,0.8748629385964912,0.9729861008888002,0.9986307940809044,0.6939091190204627,0.04731243670901911
rf,112,target,143070,1215889,0.9380722723142517,0.5,178221,19280,458456,559932,0.5236308577509954,0.600542398821763,0.9023802411127032,0.24144181490829136,0.3809549256455912,0.4969066090700318,0.26625951182207175,0.040357017264765475,0.7585581850917086,0.9596429827352345,0.4433524356981188,0.675076013736775,0.3726827539653442,0.37378778706528776
xgboost,112,source_heldout,143070,156930,0.9380722723142517,0.5,132799,445,6851,16835,0.8898872108583444,0.9132499114725896,0.9966602623757918,0.8874921475065827,0.9389135952601475,0.6905851947638934,0.4861056030646102,0.06099232456140351,0.11250785249341727,0.9390076754385965,0.9745251568065847,0.9986852307833675,0.7463301297624957,0.06714165955781937
xgboost,112,target,143070,1215889,0.9380722723142517,0.5,128590,13648,464088,609563,0.48744416636716015,0.5728184986419604,0.9040481446589519,0.17420507672528596,0.29212020568133934,0.44520403017794913,0.2213092213661594,0.028568079441365104,0.825794923274714,0.9714319205586349,0.47527700059900524,0.6712594887971824,0.3776109337571398,0.4135998487472534
hgb,112,source_heldout,143070,156930,0.9380722723142517,0.5,137360,510,6786,12274,0.9185369272924234,0.9240359360611823,0.9963008631319359,0.9179731879118382,0.9555345316934721,0.7352418446902631,0.5466305235272457,0.06990131578947369,0.08202681208816179,0.9300986842105263,0.9789811211908226,0.9988992964496222,0.7726877547493396,0.05495006661754544
hgb,112,target,143070,1215889,0.9380722723142517,0.5,135826,15573,462163,602327,0.49181216377481823,0.5757052104639019,0.8971393470234281,0.1840079224767765,0.30538068600823787,0.452363023921183,0.2239704123502624,0.03259750154897265,0.8159920775232236,0.9674024984510273,0.48144765376059057,0.6550135991113605,0.3872477999520822,0.429454582557657
mlp,112,source_heldout,143070,156930,0.9380722723142517,0.5,136465,402,6894,13169,0.9135219524628816,0.9284466213789717,0.9970628420291232,0.9119919269684698,0.9526319279862897,0.7282988581047718,0.5403024825129978,0.055098684210526314,0.08800807303153027,0.9449013157894737,0.9766172250862278,0.9987347050581137,0.7406585617901799,0.05248982831835747
mlp,112,target,143070,1215889,0.9380722723142517,0.5,98849,13597,464139,639304,0.4630258189686723,0.5527263229220345,0.8790797360510823,0.13391397176466124,0.23242209313671894,0.40975086717058096,0.17777787158292424,0.028461325920592126,0.8660860282353388,0.9715386740794079,0.44547358743015786,0.6319800604428325,0.36564490214190376,0.33018580079078674
majority,113,source_heldout,210190,89810,0.9244540653694276,0.5,89558,252,0,0,0.9971940763834762,0.5,0.9971940763834762,1.0,0.9985950671245707,0.49929753356228534,0.0,1.0,0.0,0.0,0.5,0.9971940763834762,0.0028059236165237722,0.0028059236165237722
majority,113,target,210190,1215889,0.9244540653694276,0.5,738153,477736,0,0,0.6070891339587742,0.5,0.6070891339587742,1.0,0.7555139551759891,0.37775697758799454,0.0,1.0,0.0,0.0,0.5,0.6070891339587742,0.3929108660412258,0.3929108660412258
stratified,113,source_heldout,210190,89810,0.9244540653694276,0.5,82781,234,18,6777,0.9219351965259993,0.49787846981844164,0.9971812323074143,0.9243283682083119,0.9593737143122041,0.4822411355724494,-0.0008487087059825377,0.9285714285714286,0.07567163179168807,0.07142857142857142,0.49787846981844164,0.9971822042396087,0.0027947152598089713,0.07806480347400067
stratified,113,target,210190,1215889,0.9244540653694276,0.5,682543,441754,35982,55610,0.5909462130178001,0.4999905318863804,0.6070842490907652,0.9246633150579894,0.7329517570941502,0.4296767047843232,-3.504219794800019e-05,0.9246822512852286,0.07533668494201066,0.07531774871477134,0.4999905318863804,0.6070846171005273,0.3929063498359565,0.40905378698219985
logreg,113,source_heldout,210190,89810,0.9244540653694276,0.5,85337,199,53,4221,0.9507849905355751,0.5815929962209468,0.9976734942012719,0.9528685321244333,0.9747564165533942,0.49908832758734667,0.0405455889489346,0.7896825396825397,0.04713146787556667,0.21031746031746032,0.8030170746845974,0.9993725324184066,0.02553266411675595,0.06812149305689585
logreg,113,target,210190,1215889,0.9244540653694276,0.5,646684,407597,70139,91469,0.5895464141874793,0.5114496757226117,0.613388650653858,0.8760839554943216,0.721570780290934,0.4704900248960864,0.0329443348685725,0.8531846040490982,0.12391604450567836,0.14681539595090176,0.5728159897240106,0.6662456807541317,0.44305422737449596,0.3030209693770617
tree,113,source_heldout,210190,89810,0.9244540653694276,0.5,89136,157,95,422,0.9935530564525109,0.6861360483957013,0.9982417434737325,0.9952879698072757,0.9967626683664056,0.6219183953015383,0.26029089115697646,0.623015873015873,0.004712030192724268,0.376984126984127,0.8924819758553206,0.9994075048574572,0.1598068081373185,0.005540268070223635
tree,113,target,210190,1215889,0.9244540653694276,0.5,145079,33973,443763,593074,0.4842892731162137,0.5627153833935095,0.8102618233809172,0.19654326406585085,0.31635021614579073,0.451170559596196,0.17287270382995962,0.07111249727883183,0.8034567359341491,0.9288875027211682,0.4672518637943704,0.6466259742160632,0.3777971880265091,0.415663999457483
rf,113,source_heldout,210190,89810,0.9244540653694276,0.5,89217,178,74,341,0.9942211335040642,0.6449216026361564,0.9980088371832877,0.9961924116215191,0.9970997971534425,0.6094944263128532,0.226065830639064,0.7063492063492064,0.0038075883784809846,0.29365079365079366,0.9906333866463055,0.9999726958168103,0.20675837572554387,0.004605404515586085
rf,113,target,210190,1215889,0.9244540653694276,0.5,155604,134995,342741,582549,0.40986060405185015,0.4641147212821388,0.5354595163782394,0.21080182563777428,0.30251022598254973,0.3955421041090446,-0.08219161354665971,0.28257238307349664,0.7891981743622257,0.7174276169265034,0.42340875741228157,0.5761464415800278,0.3621821767208512,0.4247852434141352
xgboost,113,source_heldout,210190,89810,0.9244540653694276,0.5,89116,145,107,442,0.9934639795123038,0.7098339127219853,0.9983755503523375,0.9950646508407959,0.9967173510644842,0.6319416967557128,0.284800725921872,0.5753968253968254,0.004935349159204091,0.4246031746031746,0.9909262047792387,0.999973530344531,0.17497019014561177,0.005328464787453413
xgboost,113,target,210190,1215889,0.9244540653694276,0.5,86402,13740,463996,651751,0.4526712553530791,0.5441454797703884,0.8627948313394979,0.11705161396079132,0.20613745757758306,0.3942522556918084,0.15685285265103047,0.028760654420014402,0.8829483860392087,0.9712393455799856,0.4883577912520202,0.6350362484044443,0.40188218038100076,0.4287787079811096
hgb,113,source_heldout,210190,89810,0.9244540653694276,0.5,89000,11,241,558,0.9936644026277698,0.9750593035922097,0.9998764197683432,0.9937694008352129,0.9968135566643707,0.7277122017384651,0.5352233565141509,0.04365079365079365,0.006230599164787066,0.9563492063492064,0.9960228620133376,0.9999871436587057,0.30423910672888255,0.005260220116182756
hgb,113,target,210190,1215889,0.9244540653694276,0.5,165537,10066,467670,572616,0.5207769788196126,0.6015940854724465,0.942677516898914,0.22425838545667362,0.3623221078712479,0.4892395929818302,0.2823080469313355,0.021070214511780566,0.7757416145433264,0.9789297854882194,0.5136118173843152,0.6920339041140127,0.389396983472847,0.38700336829343507
mlp,113,source_heldout,210190,89810,0.9244540653694276,0.5,88818,7,245,740,0.9916824407081617,0.9819797102312344,0.9999211933577259,0.9917371982402465,0.9958123812246683,0.6959660127626979,0.4895820564047154,0.027777777777777776,0.008262801759753457,0.9722222222222222,0.9951737846928674,0.9999858436202211,0.2742771125416229,0.007780771236866713
mlp,113,target,210190,1215889,0.9244540653694276,0.5,93830,15678,462058,644323,0.45718647014653474,0.5471486400897754,0.8568323775431932,0.12711456838893834,0.2213856718664655,0.40237457408767463,0.16087592887100607,0.03281728820938761,0.8728854316110617,0.9671827117906124,0.60550270860291,0.6958663272303433,0.45439570849508115,0.3476336598396301
majority,114,source_heldout,198626,101374,0.9374150413339644,0.5,97371,4003,0,0,0.9605125574604928,0.5,0.9605125574604928,1.0,0.9798586127952904,0.4899293063976452,0.0,1.0,0.0,0.0,0.5,0.9605125574604928,0.03948744253950717,0.03948744253950717
majority,114,target,198626,1215889,0.9374150413339644,0.5,738153,477736,0,0,0.6070891339587742,0.5,0.6070891339587742,1.0,0.7555139551759891,0.37775697758799454,0.0,1.0,0.0,0.0,0.5,0.6070891339587742,0.3929108660412258,0.3929108660412258
stratified,114,source_heldout,198626,101374,0.9374150413339644,0.5,91248,3754,249,6123,0.9025687059798371,0.49966007408976343,0.9604850424201595,0.9371168006901439,0.9486570360705504,0.4983285180352752,-0.0005455287172826903,0.9377966525106171,0.06288319930985611,0.062203347489382964,0.49966007408976343,0.9604867726539248,0.03946192487684499,0.09743129402016296
stratified,114,target,198626,1215889,0.9374150413339644,0.5,691905,447765,29971,46248,0.5937022211731499,0.5000409041089806,0.6071099528810971,0.9373463225103739,0.7369224894998091,0.42256491743089847,0.0001648325320879593,0.9372645142924125,0.06265367748962614,0.06273548570758745,0.5000409041089806,0.6071086484990522,0.3929303953728132,0.40629777882685014
logreg,114,source_heldout,198626,101374,0.9374150413339644,0.5,90793,854,3149,6578,0.9266873162743899,0.8595519782403905,0.9906816371512434,0.9324439514845283,0.9606809933445492,0.7096922810859672,0.4755001999083593,0.2133399950037472,0.06755604851547176,0.7866600049962528,0.9113495443985815,0.9951936084848949,0.6502049227920516,0.0858534173391581
logreg,114,target,198626,1215889,0.9374150413339644,0.5,645094,407103,70633,93059,0.5886450161157804,0.5108896851868786,0.6130924152036168,0.8739299305157603,0.7206345128047589,0.4704356173096052,0.031163788081526023,0.8521505601420031,0.1260700694842397,0.1478494398579969,0.6172309161457072,0.6979570315003606,0.4605493876071,0.2783529036961428
tree,114,source_heldout,198626,101374,0.9374150413339644,0.5,93044,212,3791,4327,0.9552252056740387,0.9513007188821754,0.9977266878270568,0.955561717554508,0.9761891022782712,0.8008575244911693,0.6476505160726521,0.05296027979015738,0.044438282445491986,0.9470397202098426,0.9864874056558721,0.9990834930016096,0.8861631453710627,0.03044306249223146
tree,114,target,198626,1215889,0.9374150413339644,0.5,98224,133845,343891,639929,0.3636146062675129,0.4264510339962282,0.42325342893708334,0.13306726383283682,0.20247737115835346,0.3365297041922165,-0.18281311858897706,0.28016519584038047,0.8669327361671632,0.7198348041596195,0.4492334783290935,0.5690418597966725,0.4111067577991502,0.5285899853361825
rf,114,source_heldout,198626,101374,0.9374150413339644,0.5,93513,247,3756,3858,0.9595063823071004,0.9493373122636686,0.997365614334471,0.960378346735681,0.9785225839868991,0.8125805654719724,0.664040936640206,0.06170372220834374,0.03962165326431895,0.9382962777916563,0.9927134554805312,0.9996728107798021,0.8870042365980503,0.025863584096088958
rf,114,target,198626,1215889,0.9374150413339644,0.5,180103,161529,316207,558050,0.40818693153733604,0.45293895153455,0.5271842216185837,0.2439914218326011,0.3335904832906551,0.40067736973326884,-0.10227275201971309,0.33811351876350115,0.7560085781673989,0.6618864812364988,0.38654424417520694,0.5501150331777,0.35586656931750615,0.46556371278737635
xgboost,114,source_heldout,198626,101374,0.9374150413339644,0.5,93113,184,3819,4258,0.9561820585159903,0.9551524107892163,0.9980278036807185,0.9562703474340409,0.97670296011916,0.8044938641655403,0.6546897962788939,0.04596552585560829,0.043729652565959065,0.9540344741443917,0.9938296090504652,0.9997182752630124,0.9035024914937491,0.029441941529512405
xgboost,114,target,198626,1215889,0.9374150413339644,0.5,85694,12370,465366,652459,0.45321571294748125,0.5450997507062245,0.8738578887257301,0.11609246321562061,0.2049563689807789,0.3941411168383222,0.16178177828982096,0.025892961803171625,0.8839075367843794,0.9741070381968284,0.5065187973600151,0.6657672740959323,0.39898862532630414,0.41638296842575073
hgb,114,source_heldout,198626,101374,0.9374150413339644,0.5,93027,195,3808,4344,0.9552252056740387,0.9533368313414321,0.9979082190899144,0.9553871275841883,0.9761848546378933,0.80137914060566,0.6493327639650025,0.048713464901324006,0.04461287241581169,0.951286535098676,0.9931584699239895,0.9996865629017173,0.8976476982260171,0.029645280019673273
hgb,114,target,198626,1215889,0.9374150413339644,0.5,119094,123039,354697,619059,0.3896663264492071,0.4518972632090357,0.4918536506795852,0.16134053509231827,0.24297806966538338,0.36585621012542496,-0.11765622123833991,0.2575460086742469,0.8386594649076817,0.7424539913257532,0.462779405227413,0.6206603380096637,0.37810036103581146,0.45558453064975996
mlp,114,source_heldout,198626,101374,0.9374150413339644,0.5,93347,231,3772,4024,0.9580267129638763,0.9504834035327352,0.9975314710722606,0.9586735270255005,0.977716563061341,0.8085463906924639,0.6585573583642373,0.057706719960029976,0.041326472974499595,0.94229328003997,0.9918873479042571,0.9996401889144874,0.880784237141122,0.03417263925075531
mlp,114,target,198626,1215889,0.9374150413339644,0.5,95197,9235,468501,642956,0.46360975385088604,0.5548178639461784,0.9115692508043511,0.12896648797742474,0.22596414605054682,0.4077864171168973,0.19109800491593762,0.019330760085067903,0.8710335120225753,0.980669239914932,0.4576380721261768,0.6460624569008849,0.3714073221302331,0.38248923420906067
majority,115,source_heldout,197936,102064,0.9388438687252445,0.5,98119,3945,0,0,0.9613477817839787,0.5,0.9613477817839787,1.0,0.9802930318758336,0.4901465159379168,0.0,1.0,0.0,0.0,0.5,0.9613477817839787,0.03865221821602132,0.03865221821602132
majority,115,target,197936,1215889,0.9388438687252445,0.5,738153,477736,0,0,0.6070891339587742,0.5,0.6070891339587742,1.0,0.7555139551759891,0.37775697758799454,0.0,1.0,0.0,0.0,0.5,0.6070891339587742,0.3929108660412258,0.3929108660412258
stratified,115,source_heldout,197936,102064,0.9388438687252445,0.5,92097,3695,250,6022,0.9047950305690547,0.5009984513386276,0.9614268414898948,0.9386255465302337,0.949889382242369,0.49941371333905665,0.0016028368350010113,0.9366286438529785,0.061374453469766305,0.06337135614702155,0.5009984513386276,0.9614219892436527,0.038728737586206985,0.0952049694309453
stratified,115,target,197936,1215889,0.9388438687252445,0.5,693010,448448,29288,45143,0.5940492923284938,0.5000745639727925,0.6071270252606754,0.9388433021338395,0.7373972593265309,0.4217405535739664,0.00030382207043713587,0.9386941741882546,0.061156697866160535,0.0613058258117454,0.5000745639727925,0.6071247079537733,0.3929464904246659,0.4059507076715062
logreg,115,source_heldout,197936,102064,0.9388438687252445,0.5,91468,778,3167,6651,0.9272123373569525,0.8675016515666014,0.9915660299633589,0.932214963462734,0.9609749691382344,0.7105971990209082,0.4805118095266274,0.19721166032953105,0.06778503653726597,0.8027883396704689,0.9200196856224261,0.9958124622256908,0.6646530498999242,0.08642920121402382
logreg,115,target,197936,1215889,0.9388438687252445,0.5,645125,407110,70626,93028,0.5886647547596862,0.510903357321574,0.6130997353252838,0.8739719272291788,0.7206538470990645,0.47044089476829154,0.03120597351264508,0.8521652125860307,0.12602807277082123,0.14783478741396922,0.5882282713609791,0.6757508515970978,0.4506891273576521,0.2793549064528343
tree,115,source_heldout,197936,102064,0.9388438687252445,0.5,92646,142,3803,5473,0.9449854992945603,0.9541129314135259,0.9984696296934948,0.9442207931185601,0.9705877731041817,0.7729423246430067,0.6090706166348137,0.035994930291508236,0.055779206881439884,0.9640050697084918,0.985095486403431,0.9989354213193877,0.8977867078256339,0.02923910543945028
tree,115,target,197936,1215889,0.9388438687252445,0.5,66459,38128,439608,671694,0.4162115127285468,0.5051122052466984,0.6354422633788138,0.09003417990579189,0.15772124261338016,0.3555110223669542,0.01780945196850956,0.07980976941239513,0.9099658200942081,0.9201902305876049,0.5024936353515607,0.6343889931879825,0.40822977619250855,0.4704337855967556
rf,115,source_heldout,197936,102064,0.9388438687252445,0.5,93037,172,3773,5082,0.9485224956889795,0.9523031285656842,0.9981546846334581,0.9482057501605193,0.9725393042314768,0.7810352771157384,0.6194930533304407,0.043599493029150824,0.05179424983948063,0.9564005069708492,0.9924645884396011,0.9995682763674725,0.8954951765897562,0.0251725923749939
rf,115,target,197936,1215889,0.9388438687252445,0.5,159209,135000,342736,578944,0.4128214006377227,0.4665513939417963,0.5411425211329361,0.2156856369885376,0.3084363818118063,0.39913178343307165,-0.07628815988873867,0.28258284910494497,0.7843143630114624,0.717417150895055,0.4270351764882843,0.64491920087231,0.3673762295692079,0.4126810978550123
xgboost,115,source_heldout,197936,102064,0.9388438687252445,0.5,92581,109,3836,5538,0.944671970528296,0.9579642104745651,0.9988240371129572,0.9435583322292318,0.9704049599337558,0.7732120902979838,0.6113398133339776,0.027629911280101394,0.05644166777076815,0.9723700887198986,0.9946500945135411,0.9997608171293395,0.9138199835733261,0.028842154890298843
xgboost,115,target,197936,1215889,0.9388438687252445,0.5,144389,14309,463427,593764,0.4998943160107543,0.5828284048551411,0.9098350325776002,0.19560849850911669,0.32199105537040157,0.4629167265435178,0.240167378096814,0.029951688798834503,0.8043915014908833,0.9700483112011655,0.5040964115160588,0.678175337889403,0.3964722899103983,0.41689151525497437
hgb,115,source_heldout,197936,102064,0.9388438687252445,0.5,91967,81,3864,6152,0.9389304749960808,0.958384152679971,0.9991200243351295,0.9373006247515772,0.9672235456204283,0.7603827777525536,0.5940258091689516,0.02053231939163498,0.06269937524842284,0.979467680608365,0.9941254063716711,0.9997388353559565,0.9081978290684695,0.029787339849932988
hgb,115,target,197936,1215889,0.9388438687252445,0.5,117785,6451,471285,620368,0.484476790233319,0.5730319581126341,0.9480746321517113,0.15956718999990516,0.27315979215875896,0.4368782924616658,0.23552883469813982,0.013503273774637038,0.8404328100000948,0.986496726225363,0.5662866669777781,0.7192332682328915,0.43698546743186517,0.38897955703958664
mlp,115,source_heldout,197936,102064,0.9388438687252445,0.5,91602,100,3845,6517,0.9351681298009092,0.9541160548032703,0.998909511242939,0.9335806520653492,0.9651408432154504,0.7513199847586303,0.5796765267362121,0.025348542458808618,0.06641934793465078,0.9746514575411914,0.9922624878140329,0.9996645445739164,0.8858297369031326,0.03933769464492798
mlp,115,target,197936,1215889,0.9388438687252445,0.5,79385,9458,468278,658768,0.45042187239131204,0.5438739547904743,0.8935425413369652,0.10754545466861207,0.19198399992261148,0.3877936278459655,0.16467267089264917,0.01979754508766348,0.8924545453313879,0.9802024549123365,0.469824628306097,0.6325816232641688,0.37609673318932546,0.4109811782836914
majority,116,source_heldout,211234,88766,0.9235776437505326,0.5,88743,23,0,0,0.9997408917828898,0.5,0.9997408917828898,1.0,0.9998704291050031,0.49993521455250156,0.0,1.0,0.0,0.0,0.5,0.9997408917828898,0.0002591082171101548,0.0002591082171101548
majority,116,target,211234,1215889,0.9235776437505326,0.5,738153,477736,0,0,0.6070891339587742,0.5,0.6070891339587742,1.0,0.7555139551759891,0.37775697758799454,0.0,1.0,0.0,0.0,0.5,0.6070891339587742,0.3929108660412258,0.3929108660412258
stratified,116,source_heldout,211234,88766,0.9235776437505326,0.5,81949,21,2,6794,0.9232251087127954,0.5051991853368472,0.9997438087105038,0.9234418489345638,0.9600791972491843,0.480332896762149,0.0006294222820819755,0.9130434782608695,0.07655815106543615,0.08695652173913043,0.5051991853368472,0.9997435853959189,0.00026216756860232907,0.07677489128720456
stratified,116,target,211234,1215889,0.9235776437505326,0.5,681905,441336,36400,56248,0.5907652754486635,0.4999958522725174,0.6070869920168512,0.923798995601183,0.7326820651619163,0.4301576894296776,-1.527048711757128e-05,0.9238072910561481,0.07620100439881705,0.07619270894385183,0.4999958522725174,0.6070871552349771,0.3929088874412261,0.4092347245513365
logreg,116,source_heldout,211234,88766,0.9235776437505326,0.5,84650,13,10,4093,0.9537435504585089,0.6943303305245386,0.9998464500431121,0.953878052353425,0.9763214652318836,0.49058438748748806,0.029792295769448578,0.5652173913043478,0.04612194764657494,0.43478260869565216,0.553601288331866,0.9994868457687202,0.03535804159237346,0.06967032831158983
logreg,116,target,211234,1215889,0.9235776437505326,0.5,645940,407759,69977,92213,0.5888012803800347,0.5107761654521269,0.613021365684128,0.8750760343722779,0.7209747233588488,0.4698390679704643,0.030959298004806284,0.8535237034680242,0.12492396562772216,0.14647629653197583,0.5734746272946776,0.6664985846300244,0.44294839816734327,0.297061392582239
tree,116,source_heldout,211234,88766,0.9235776437505326,0.5,88495,0,23,248,0.9972061374850731,0.9986027066923588,1.0,0.9972054133847177,0.9986007515318386,0.5775316682829261,0.29091866521531184,0.0,0.002794586615282332,1.0,0.9987587508432998,0.9999996413927921,0.11036190427574699,0.002636721954893043
tree,116,target,211234,1215889,0.9235776437505326,0.5,67061,154419,323317,671092,0.32106384711104385,0.38380945347087553,0.3027858045873216,0.09084972898572519,0.13976384722076043,0.28950499063163154,-0.2940479721259335,0.3232308220439741,0.9091502710142748,0.6767691779560259,0.33090113502111457,0.5380746660014977,0.34102441396044386,0.535293279384164
rf,116,source_heldout,211234,88766,0.9235776437505326,0.5,88627,1,22,116,0.9986819277651353,0.9776072968890627,0.9999887168840547,0.9986928546476905,0.9993403656742083,0.6363161455700234,0.39021764390771696,0.043478260869565216,0.0013071453523094778,0.9565217391304348,0.9992746519137577,0.9999997922096813,0.16383499713262223,0.0013118553193239824
rf,116,target,211234,1215889,0.9235776437505326,0.5,180484,128347,349389,557669,0.4357906025961251,0.4879254136640229,0.584410243790293,0.2445075749878413,0.34476935655177154,0.4246886310659759,-0.027095143972284633,0.26865674765979536,0.7554924250121587,0.7313432523402046,0.42602960928433364,0.5832624306556652,0.36316388569762803,0.42605644179934576
xgboost,116,source_heldout,211234,88766,0.9235776437505326,0.5,88555,0,23,188,0.9978820719644909,0.9989407615248527,1.0,0.9978815230497053,0.9989396383489944,0.5977604174650955,0.32980875565808687,0.0,0.0021184769502946713,1.0,0.9990688794070225,0.9999997387104262,0.13129791800464385,0.0022515326272696257
xgboost,116,target,211234,1215889,0.9235776437505326,0.5,72796,120754,356982,665357,0.35346812085642687,0.4229280443328934,0.37610953242056316,0.09861912096814617,0.15626438897373948,0.31610829568181,-0.2057782652911602,0.25276303230235947,0.9013808790318538,0.7472369676976406,0.47969575173477286,0.6209396399335636,0.4040606353262263,0.4245973527431488
hgb,116,source_heldout,211234,88766,0.9235776437505326,0.5,88542,1,22,201,0.9977243539192934,0.9771283858763631,0.9999887060524265,0.9977350326222914,0.998860598129576,0.5888611933737311,0.3068079958943715,0.043478260869565216,0.0022649673777086644,0.9565217391304348,0.9989880402079477,0.9999997178403236,0.12944419400622456,0.0025124404197570892
hgb,116,target,211234,1215889,0.9235776437505326,0.5,137108,124123,353613,601045,0.4035902948377689,0.46296482274714484,0.5248534821671241,0.18574468978653477,0.2743850211730426,0.3840610397761158,-0.08807960080943902,0.2598150442922451,0.8142553102134652,0.7401849557077549,0.5013877653908198,0.6579486044411202,0.4092910894882755,0.4057611811323412
mlp,116,source_heldout,211234,88766,0.9235776437505326,0.5,88527,10,13,216,0.9974539801275263,0.781391698255196,0.9998870528705512,0.9975660052060444,0.9987251805054151,0.5509498918400092,0.17856325952684132,0.43478260869565216,0.0024339947939555798,0.5652173913043478,0.6080190525743856,0.9993730226627396,0.03878784799886781,0.0035115815699100494
mlp,116,target,211234,1215889,0.9235776437505326,0.5,33317,18730,459006,704836,0.40490784931848217,0.5029649376289512,0.6401329567506292,0.04513562906335136,0.08432548721842571,0.321775408983627,0.014307635675304596,0.03920575380544904,0.9548643709366487,0.960794246194551,0.5607830644156514,0.6529334746559873,0.44577605837954015,0.3570459485054016
majority,117,source_heldout,197029,102971,0.9394454623431069,0.5,98764,4207,0,0,0.9591438366141923,0.5,0.9591438366141923,1.0,0.9791459092373659,0.48957295461868294,0.0,1.0,0.0,0.0,0.5,0.9591438366141923,0.04085616338580766,0.04085616338580766
majority,117,target,197029,1215889,0.9394454623431069,0.5,738153,477736,0,0,0.6070891339587742,0.5,0.6070891339587742,1.0,0.7555139551759891,0.37775697758799454,0.0,1.0,0.0,0.0,0.5,0.6070891339587742,0.3929108660412258,0.3929108660412258
stratified,117,source_heldout,197029,102971,0.9394454623431069,0.5,92776,3946,261,5988,0.9035262355420458,0.5007050394600582,0.9592026633030748,0.9393706208740027,0.9491830617026283,0.49955327530425986,0.0011691254517127306,0.9379605419538863,0.06062937912599733,0.06203945804611362,0.5007050394600582,0.9591990966774518,0.040912651508691535,0.09647376445795418
stratified,117,target,197029,1215889,0.9394454623431069,0.5,693486,448729,29007,44667,0.5942096688102285,0.5001028948695331,0.6071413875671393,0.9394881548947169,0.7376066812453732,0.42140848017401866,0.000421269329119814,0.9392823651556508,0.06051184510528305,0.06071763484434918,0.5001028948695331,0.6071382256048837,0.3929600546728808,0.4057903311897714
logreg,117,source_heldout,197029,102971,0.9394454623431069,0.5,92143,934,3273,6621,0.9266298278155986,0.855475234391493,0.9899652975493408,0.9329614029403427,0.9606184288030192,0.7124204121889006,0.4775488404111196,0.2220109341573568,0.06703859705965737,0.7779890658426433,0.9155735366910146,0.9954219205581999,0.6439155886321851,0.08310022433678964
logreg,117,target,197029,1215889,0.9394454623431069,0.5,645344,407586,70150,92809,0.5884533867811946,0.5105535174542891,0.6129030419875965,0.8742686136884901,0.720618754128089,0.46979985225114596,0.030259063457187773,0.8531615787799119,0.12573138631150996,0.14683842122008808,0.6348931143876285,0.7111540270885834,0.46536892793799,0.2786784082570555
tree,117,source_heldout,197029,102971,0.9394454623431069,0.5,94647,191,4016,4117,0.9581629779258237,0.9564571238131063,0.9979860393513149,0.9583147705641731,0.9777481637586388,0.8143197869036306,0.6700373262711308,0.04540052293796054,0.041685229435826816,0.9545994770620394,0.9843168178606763,0.99885493657636,0.8713480504321888,0.03309687762366266
tree,117,target,197029,1215889,0.9394454623431069,0.5,84098,27873,449863,654055,0.43915275160808265,0.527793185464523,0.751069473345777,0.11393030984091373,0.19784878441262688,0.3833500630546785,0.09388891372058987,0.05834393891186764,0.8860696901590862,0.9416560610881324,0.6017267792349202,0.6616676424669368,0.4980543757969732,0.45814357712814907
rf,117,source_heldout,197029,102971,0.9394454623431069,0.5,95543,252,3955,3221,0.9662720571811481,0.9537433678603648,0.9973693825356229,0.9673869021100806,0.9821493737118303,0.8385226355513382,0.7055263548312133,0.059900166389351084,0.0326130978899194,0.940099833610649,0.9919213085334448,0.9996226490837474,0.8758248194773427,0.028581194679243128
rf,117,target,197029,1215889,0.9394454623431069,0.5,156810,131917,345819,581343,0.4133839519890385,0.46815306957455943,0.5431081956311672,0.2124356332630227,0.3054105640386413,0.3988576717301751,-0.07310435384527027,0.2761294941139039,0.7875643667369773,0.7238705058860961,0.43266948810890526,0.5901800767701766,0.39669534180639904,0.44760994421013406
xgboost,117,source_heldout,197029,102971,0.9394454623431069,0.5,94922,166,4041,3842,0.9610764195744433,0.960820569912288,0.9982542486959448,0.9610991859381961,0.9793244330726534,0.8239053927149868,0.686181214148029,0.03945804611362016,0.038900814061803894,0.9605419538863799,0.9934023272598208,0.9996840984110215,0.8958085460638758,0.03224847838282585
xgboost,117,target,197029,1215889,0.9394454623431069,0.5,80719,12846,464890,657434,0.44873257345037254,0.5412316700406227,0.8627050713407791,0.10935266807829813,0.1941018470202641,0.38759627805933644,0.15111663156845348,0.026889327997052764,0.8906473319217019,0.9731106720029472,0.5383698698967652,0.6798219850365573,0.410115709320243,0.4174284338951111
hgb,117,source_heldout,197029,102971,0.9394454623431069,0.5,93189,121,4086,5575,0.9446834545648775,0.9573953593393185,0.9987032472403815,0.9435523065084443,0.9703447629559441,0.779807512715353,0.6210580642154668,0.028761587829807464,0.05644769349155563,0.9712384121701926,0.9932392274382535,0.9996791642341147,0.8951663258239944,0.03343453316223658
hgb,117,target,197029,1215889,0.9394454623431069,0.5,123527,8499,469237,614626,0.48751489650782265,0.5747779524276445,0.935626316028661,0.1673460651111626,0.28391170092590146,0.4424408021054659,0.23477606297351242,0.017790160255873537,0.8326539348888374,0.9822098397441265,0.49228653439296594,0.6785540962094755,0.3981765301979802,0.3894916032655608
mlp,117,source_heldout,197029,102971,0.9394454623431069,0.5,92244,141,4066,6520,0.9353118839284847,0.9502342367396701,0.9984737782107485,0.9339840427686201,0.965152838884849,0.7574361503962541,0.5869315121210881,0.03351556928927977,0.06601595723137986,0.9664844307107202,0.9907210008984161,0.9995695115623193,0.8695305460260753,0.039402514696121216
mlp,117,target,197029,1215889,0.9394454623431069,0.5,88267,29928,447808,649886,0.4408913971587867,0.5284663562961118,0.746791319429756,0.11957819042935543,0.20614750078239222,0.38731868669430064,0.0938617955532858,0.0626454778371318,0.8804218095706445,0.9373545221628682,0.5909044432361159,0.6677453819274449,0.4273440082285647,0.38335156440734863
majority,118,source_heldout,211002,88998,0.9430811082359409,0.5,85063,3935,0,0,0.9557855232701858,0.5,0.9557855232701858,1.0,0.977392982919781,0.4886964914598905,0.0,1.0,0.0,0.0,0.5,0.9557855232701858,0.044214476729814156,0.044214476729814156
majority,118,target,211002,1215889,0.9430811082359409,0.5,738153,477736,0,0,0.6070891339587742,0.5,0.6070891339587742,1.0,0.7555139551759891,0.37775697758799454,0.0,1.0,0.0,0.0,0.5,0.6070891339587742,0.3929108660412258,0.3929108660412258
stratified,118,source_heldout,211002,88998,0.9430811082359409,0.5,80197,3712,223,4866,0.9036158115912717,0.4997331210423141,0.9557615988749717,0.9427953399245266,0.9492341926473025,0.49932897575627533,-0.0004725704334716693,0.9433290978398984,0.05720466007547347,0.05667090216010165,0.49973312104231415,0.9557629674618674,0.044192121600373634,0.09638418840872828
stratified,118,target,211002,1215889,0.9430811082359409,0.5,696131,450467,27269,42022,0.5949556250611693,0.5000755325875536,0.6071273454166151,0.9430714228621979,0.7386981091932038,0.4191985135812589,0.0003182640119000919,0.9429203576870908,0.056928577137802056,0.05707964231290922,0.5000755325875536,0.6071251700926898,0.3929469578959821,0.4050443749388308
logreg,118,source_heldout,211002,88998,0.9430811082359409,0.5,78624,750,3185,6439,0.9192229038854806,0.8668529794816402,0.9905510620606244,0.9243031635376133,0.9562811289429994,0.7130398933305602,0.4856773181406716,0.1905972045743329,0.0756968364623867,0.8094027954256671,0.9190401027381141,0.9947315480248979,0.6888397394648988,0.09472582198621118
logreg,118,target,211002,1215889,0.9430811082359409,0.5,645093,407054,70682,93060,0.588684493403592,0.5109402913746299,0.6131206000682414,0.8739285757830694,0.7206535217561303,0.47051292470597506,0.03130457467551056,0.8520479930338095,0.12607142421693063,0.14795200696619054,0.585278665083623,0.6732440521511571,0.45828569087641235,0.2807854875531622
tree,118,source_heldout,211002,88998,0.9430811082359409,0.5,79525,2079,1856,5538,0.9144138070518438,0.7032799309028464,0.974523307680996,0.9348953128857435,0.9542980914038172,0.6409763914517541,0.30281108504447624,0.5283354510800509,0.06510468711425649,0.4716645489199492,0.6503867310783525,0.9679965418910107,0.34599710402734746,0.07066676602417007
tree,118,target,211002,1215889,0.9430811082359409,0.5,108737,15973,461763,629416,0.46920401451119303,0.556937392273815,0.8719188517360276,0.14730956861246924,0.25203769312161955,0.42033880653314737,0.18331420009801155,0.03343478406483916,0.8526904313875308,0.9665652159351609,0.6172030773794311,0.6931565021750595,0.4843741157487346,0.4548623415951228
rf,118,source_heldout,211002,88998,0.9430811082359409,0.5,79860,300,3635,5203,0.9381671498235915,0.9312973442913923,0.9962574850299402,0.9388335704125178,0.9666934990891098,0.7679314203345025,0.5929166454002993,0.07623888182973317,0.06116642958748222,0.9237611181702668,0.962010481475715,0.9982352697467205,0.5336991503180737,0.04702597653117666
rf,118,target,211002,1215889,0.9430811082359409,0.5,176058,19013,458723,562095,0.5220715048824358,0.5993566984562044,0.9025329239097559,0.23851152809783338,0.3773113421857989,0.49476609487475853,0.26443796826046884,0.039798131185424586,0.7614884719021666,0.9602018688145754,0.6515961749798034,0.7379105305568897,0.5519345603010871,0.40754529889337227
xgboost,118,source_heldout,211002,88998,0.9430811082359409,0.5,79497,233,3702,5566,0.9348412323872447,0.937676973435684,0.9970776370249592,0.9345661450924608,0.9648103984999363,0.7627960195180891,0.5891454333517051,0.059212198221092756,0.06543385490753911,0.9407878017789072,0.9873496362610739,0.9993676851424991,0.8696939700085896,0.04893400892615318
xgboost,118,target,211002,1215889,0.9430811082359409,0.5,61105,1333,476403,677048,0.44206995868866317,0.539995348547243,0.9786508216150421,0.08278094107861107,0.15264973001195367,0.3683839606216236,0.17700380157611925,0.0027902439841251234,0.9172190589213889,0.9972097560158749,0.673965959598157,0.7408942375097355,0.543596273248377,0.44885140657424927
hgb,118,source_heldout,211002,88998,0.9430811082359409,0.5,79410,227,3708,5653,0.9339310995752713,0.9379279765751316,0.9971495661564348,0.9335433737347613,0.9642987249544627,0.7610302289032241,0.5868901679071441,0.05768742058449809,0.06645662626523871,0.942312579415502,0.9867765891312397,0.9993433582497061,0.8672188364755797,0.04989481224870124
hgb,118,target,211002,1215889,0.9430811082359409,0.5,91666,3669,474067,646487,0.46528342636540015,0.5582514764845019,0.9615146588346357,0.12418292684578942,0.2199575758739178,0.40658766367290167,0.2116710830475284,0.007679973876785505,0.8758170731542105,0.9923200261232145,0.7081751428976617,0.7582055626921247,0.558484473864521,0.4473300800318751
mlp,118,source_heldout,211002,88998,0.9430811082359409,0.5,79105,280,3655,5958,0.9299085372705005,0.9294007531393765,0.9964728853057883,0.9299577959865041,0.9620670363884024,0.7508150357613698,0.5687701787621892,0.07115628970775095,0.07004220401349588,0.928843710292249,0.9825947062093046,0.9990872930488078,0.8485032403994579,0.053267914801836014
mlp,118,target,211002,1215889,0.9430811082359409,0.5,90115,8936,468800,648038,0.4596760066091559,0.5516884225188581,0.9097838487243946,0.12208173644217392,0.21527608563743125,0.4016350602039232,0.18457204729601315,0.01870489140445769,0.8779182635578261,0.9812951085955423,0.430285933603364,0.6263501075869189,0.39183567538412595,0.4168494641780853
majority,119,source_heldout,147372,152628,0.9267364221154629,0.5,147278,5350,0,0,0.9649474539402992,0.5,0.9649474539402992,1.0,0.9821610771375031,0.49108053856875156,0.0,1.0,0.0,0.0,0.5,0.9649474539402992,0.035052546059700714,0.035052546059700714
majority,119,target,147372,1215889,0.9267364221154629,0.5,738153,477736,0,0,0.6070891339587742,0.5,0.6070891339587742,1.0,0.7555139551759891,0.37775697758799454,0.0,1.0,0.0,0.0,0.5,0.6070891339587742,0.3929108660412258,0.3929108660412258
stratified,119,source_heldout,147372,152628,0.9267364221154629,0.5,136552,4939,411,10726,0.8973648347616426,0.5019970865702131,0.9650931861390477,0.9271717432338842,0.9457524872822222,0.4978049753691392,0.002824386968226675,0.9231775700934579,0.07282825676611578,0.07682242990654206,0.5019970865702131,0.9650825727170582,0.035194780298742415,0.1026351652383573
stratified,119,target,147372,1215889,0.9267364221154629,0.5,684211,442811,34925,53942,0.5914487259939024,0.5000141194265182,0.6070964009575678,0.9269230091864423,0.7336694948195209,0.4284740257051454,5.298803026636253e-05,0.926894770333406,0.07307699081355762,0.07310522966659411,0.5000141194265182,0.6070958699071637,0.39291760348894683,0.4085512740060976
logreg,119,source_heldout,147372,152628,0.9267364221154629,0.5,138508,1528,3822,8770,0.9325287627434022,0.8274226362935224,0.9890885200948327,0.9404527492225587,0.9641576811432788,0.69509857081353,0.4377410956186163,0.285607476635514,0.0595472507774413,0.714392523364486,0.8780392932280272,0.9938843626969356,0.571056118776694,0.08790046060515175
logreg,119,target,147372,1215889,0.9267364221154629,0.5,645910,407518,70218,92243,0.5889748159577066,0.5110080758196678,0.6131505902634067,0.8750353923915503,0.7210502902185276,0.4702070086606394,0.03160323910651361,0.8530192407522146,0.12496460760844974,0.1469807592477854,0.5770508876222099,0.6688161458286423,0.44250502660392577,0.29591798348245624
tree,119,source_heldout,147372,152628,0.9267364221154629,0.5,140675,649,4701,6603,0.9524857824252431,0.9169290043763634,0.9954077156038607,0.9551664199676801,0.9748719690092238,0.7697105131463796,0.5856173018017948,0.12130841121495327,0.04483358003231983,0.8786915887850467,0.9723334762804097,0.998313373593843,0.8035384391938176,0.0376792499678376
tree,119,target,147372,1215889,0.9267364221154629,0.5,81934,63085,414651,656219,0.40841310349875687,0.48947437475708444,0.5649880360504486,0.11099866829776482,0.18554483158433466,0.3605299990638323,-0.03172226938603784,0.13204991878359595,0.8890013317022352,0.867950081216404,0.5456033473545395,0.6259344669932994,0.4295185653749255,0.503983387186123
rf,119,source_heldout,147372,152628,0.9267364221154629,0.5,141282,709,4641,5996,0.9560696595644311,0.9133822564308098,0.9950067257783944,0.9592878773476011,0.9768208829843502,0.7787088089157067,0.5971558189545471,0.13252336448598132,0.04071212265239887,0.8674766355140187,0.9838760869678336,0.9993769879060258,0.7920251229556698,0.035424984637361774
rf,119,target,147372,1215889,0.9267364221154629,0.5,104654,16853,460883,633499,0.4651222274401693,0.5532506947178506,0.8613001720065511,0.14177819503544659,0.24347765395621523,0.4148993912614502,0.1734352349323357,0.03527680559974546,0.8582218049645535,0.9647231944002546,0.6326362761973591,0.7204794847919797,0.5147570929710364,0.39192691907087995
xgboost,119,source_heldout,147372,152628,0.9267364221154629,0.5,136272,571,4779,11006,0.924148911077915,0.9092708023849105,0.9958273349751174,0.925270576732438,0.9592532758930175,0.7057444519990282,0.4943710173012487,0.10672897196261683,0.07472942326756203,0.8932710280373832,0.9836445786993457,0.9993619271139387,0.8172650796758648,0.046892907470464706
xgboost,119,target,147372,1215889,0.9267364221154629,0.5,45637,5988,471748,692516,0.42551992821713164,0.5246459082764765,0.8840096852300242,0.06182593581547457,0.11556918526471996,0.34508544525111756,0.11939502636586101,0.01253411926252156,0.9381740641845254,0.9874658807374784,0.6716053706667446,0.7350643952305718,0.5181259750184666,0.44081881642341614
hgb,119,source_heldout,147372,152628,0.9267364221154629,0.5,139934,684,4666,7344,0.9474015252771444,0.9111423256647452,0.9951357578688361,0.95013511861921,0.9721149303915303,0.7548362670390831,0.5616633057831182,0.12785046728971963,0.04986488138079007,0.8721495327102804,0.9853076824767656,0.9994270276465256,0.8153191899824679,0.03939494159371522
hgb,119,target,147372,1215889,0.9267364221154629,0.5,30757,5415,472321,707396,0.4137532291187765,0.5151664006580279,0.8502985734822515,0.041667513374598494,0.07944209472766603,0.32468900723961835,0.08719759755451792,0.011334712058542794,0.9583324866254015,0.9886652879414572,0.7056261040164422,0.7473847577964747,0.5342084198136294,0.4469113142127667
mlp,119,source_heldout,147372,152628,0.9267364221154629,0.5,137775,357,4993,9503,0.93539848520586,0.9343733974771851,0.9974155155937798,0.935475766916987,0.9654532076661645,0.7343138254394512,0.5449639889626982,0.06672897196261682,0.06452423308301308,0.9332710280373832,0.9856071491982928,0.9994274716159566,0.8120740912685418,0.054266318678855896
mlp,119,target,147372,1215889,0.9267364221154629,0.5,87361,2349,475387,650792,0.46282843252961414,0.5567169305184784,0.973815628135102,0.11835080261138274,0.2110518286238182,0.4019175560136202,0.211926737821928,0.0049169415744260425,0.8816491973886172,0.995083058425574,0.47299176208185956,0.6519326646666983,0.37837503665104094,0.47154468297958374
majority,120,source_heldout,210700,89300,0.9442097769340294,0.5,85030,4270,0,0,0.9521836506159015,0.5,0.9521836506159015,1.0,0.9755062238283715,0.48775311191418574,0.0,1.0,0.0,0.0,0.5,0.9521836506159015,0.047816349384098546,0.047816349384098546
majority,120,target,210700,1215889,0.9442097769340294,0.5,738153,477736,0,0,0.6070891339587742,0.5,0.6070891339587742,1.0,0.7555139551759891,0.37775697758799454,0.0,1.0,0.0,0.0,0.5,0.6070891339587742,0.3929108660412258,0.3929108660412258
stratified,120,source_heldout,210700,89300,0.9442097769340294,0.5,80266,4032,238,4764,0.9015005599104143,0.4998552102151025,0.9521696837410141,0.9439727155121722,0.9480534819994331,0.499695420896179,-0.000268712250644958,0.9442622950819672,0.05602728448782782,0.05573770491803279,0.4998552102151025,0.9521704662670868,0.04780322974439545,0.09849944008958567
stratified,120,target,210700,1215889,0.9442097769340294,0.5,697001,451056,26680,41152,0.5951867316835665,0.5000483920557967,0.6071135840816266,0.9442500403032975,0.7390492044894259,0.4184277637204593,0.00020595493859852578,0.9441532561917042,0.05574995969670245,0.055846743808295796,0.5000483920557967,0.6071122209882631,0.39293397645549616,0.4048132683164335
logreg,120,source_heldout,210700,89300,0.9442097769340294,0.5,78512,989,3281,6518,0.9159350503919373,0.8458643884056901,0.9875599049068565,0.9233447018699282,0.9543733399784843,0.7103944317349241,0.4722355695717213,0.231615925058548,0.07665529813007174,0.768384074941452,0.9032974833789205,0.9931263160646027,0.6880739424900391,0.09006792520503679
logreg,120,target,210700,1215889,0.9442097769340294,0.5,644757,407263,70473,93396,0.5882362616982306,0.5104939562252854,0.6128752305089257,0.8734733855989205,0.7203292642666379,0.4700032399995295,0.030017603938189297,0.8524854731483498,0.12652661440107946,0.14751452685165028,0.5549763132830366,0.660305852896336,0.4539014542008519,0.31504880339565966
tree,120,source_heldout,210700,89300,0.9442097769340294,0.5,79580,2274,1996,5450,0.913505039193729,0.7016761407531877,0.9722188286461261,0.9359049747148065,0.9537163538745476,0.647223489330582,0.3113171710510654,0.5325526932084309,0.06409502528519347,0.4674473067915691,0.6488307887476551,0.9651125865918455,0.35370521272221284,0.07348342374923778
tree,120,target,210700,1215889,0.9442097769340294,0.5,75255,23582,454154,662898,0.435408988813946,0.5262942089661032,0.7614051417991238,0.10195040865511622,0.17982293695265175,0.3746853694587762,0.09398549046539634,0.04936199072290973,0.8980495913448838,0.9506380092770903,0.5791610154217167,0.6609864234468237,0.4799761423164131,0.44191216387679016
rf,120,source_heldout,210700,89300,0.9442097769340294,0.5,79300,447,3823,5730,0.9308286674132139,0.913964089268948,0.9943947734711024,0.9326120192873104,0.9625129720774137,0.75782452481466,0.5715649977996083,0.10468384074941452,0.06738798071268964,0.8953161592505855,0.9579961088261727,0.9978956597840036,0.5209195293501026,0.04960349012839791
rf,120,target,210700,1215889,0.9442097769340294,0.5,179650,17791,459945,558503,0.5260307478725443,0.6030687474120812,0.9098920690231512,0.24337772792361476,0.3840341002614382,0.4994291064018729,0.2729832953062463,0.037240233099452416,0.7566222720763852,0.9627597669005475,0.45771163675901927,0.6790578779586534,0.37247227430785235,0.36217963455782437
xgboost,120,source_heldout,210700,89300,0.9442097769340294,0.5,79079,292,3978,5951,0.9300895856662934,0.930814430834578,0.9963210744478462,0.930012936610608,0.9620257784320047,0.7611734639043606,0.5848393471219288,0.06838407494145199,0.06998706338939198,0.931615925058548,0.9851589203534998,0.9992153543018459,0.8360378167040441,0.052519507706165314
xgboost,120,target,210700,1215889,0.9442097769340294,0.5,104726,9093,468643,633427,0.4715636049014343,0.5614211054986287,0.9201099992092708,0.14187573578919274,0.24584376012357215,0.41956779734530064,0.2059694601056922,0.019033524791935295,0.8581242642108072,0.9809664752080647,0.6335036521440346,0.7182031892350851,0.4810711806212283,0.4011654257774353
hgb,120,source_heldout,210700,89300,0.9442097769340294,0.5,79249,330,3940,5781,0.9315677491601344,0.9273644293059813,0.9958531773457822,0.9320122309773021,0.9628756629345905,0.7630474376426937,0.5855630770286356,0.07728337236533958,0.06798776902269787,0.9227166276346604,0.9823003976279483,0.9990698059051994,0.8277459344123369,0.051915889871856344
hgb,120,target,210700,1215889,0.9442097769340294,0.5,100829,13218,464518,637324,0.46496596317591493,0.5544641708779362,0.8841004147412909,0.13659634249268104,0.23663224595165455,0.41239340184398066,0.1824763045361865,0.027668000736808612,0.863403657507319,0.9723319992631914,0.6078547003046929,0.7015489875646446,0.4604820093578582,0.3932478486483704
mlp,120,source_heldout,210700,89300,0.9442097769340294,0.5,78780,334,3936,6250,0.9262709966405375,0.9241381950605118,0.9957782440528857,0.926496530636246,0.9598888780582903,0.7522189271309714,0.56938877242337,0.07822014051522248,0.07350346936375397,0.9217798594847775,0.9820006205276495,0.9990422439128479,0.8217096776074067,0.05782340466976166
mlp,120,target,210700,1215889,0.9442097769340294,0.5,86128,8544,469192,652025,0.4567193222407638,0.5493980313322855,0.9097515632922089,0.11668041720347949,0.20683336835469637,0.3968537020259028,0.18007407933598898,0.01788435453890852,0.8833195827965205,0.9821156454610915,0.4359632062971443,0.615322868017797,0.3623515598241593,0.46477028727531433
