model,split_seed,domain,tau,tp,fp,fn,tn
majority,101,source_heldout,0.05,142326,6754,0,0
majority,101,source_heldout,0.1,142326,6754,0,0
majority,101,source_heldout,0.15,142326,6754,0,0
majority,101,source_heldout,0.2,142326,6754,0,0
majority,101,source_heldout,0.25,142326,6754,0,0
majority,101,source_heldout,0.3,142326,6754,0,0
majority,101,source_heldout,0.35,142326,6754,0,0
majority,101,source_heldout,0.4,142326,6754,0,0
majority,101,source_heldout,0.45,142326,6754,0,0
majority,101,source_heldout,0.5,142326,6754,0,0
majority,101,source_heldout,0.55,142326,6754,0,0
majority,101,source_heldout,0.6,142326,6754,0,0
majority,101,source_heldout,0.65,142326,6754,0,0
majority,101,source_heldout,0.7,142326,6754,0,0
majority,101,source_heldout,0.75,142326,6754,0,0
majority,101,source_heldout,0.8,142326,6754,0,0
majority,101,source_heldout,0.85,142326,6754,0,0
majority,101,source_heldout,0.9,142326,6754,0,0
majority,101,source_heldout,0.95,142326,6754,0,0
majority,101,source_heldout,0.975,142326,6754,0,0
majority,101,source_heldout,0.99,142326,6754,0,0
majority,101,source_heldout,0.995,142326,6754,0,0
majority,101,source_heldout,0.999,142326,6754,0,0
majority,101,target,0.05,738153,477736,0,0
majority,101,target,0.1,738153,477736,0,0
majority,101,target,0.15,738153,477736,0,0
majority,101,target,0.2,738153,477736,0,0
majority,101,target,0.25,738153,477736,0,0
majority,101,target,0.3,738153,477736,0,0
majority,101,target,0.35,738153,477736,0,0
majority,101,target,0.4,738153,477736,0,0
majority,101,target,0.45,738153,477736,0,0
majority,101,target,0.5,738153,477736,0,0
majority,101,target,0.55,738153,477736,0,0
majority,101,target,0.6,738153,477736,0,0
majority,101,target,0.65,738153,477736,0,0
majority,101,target,0.7,738153,477736,0,0
majority,101,target,0.75,738153,477736,0,0
majority,101,target,0.8,738153,477736,0,0
majority,101,target,0.85,738153,477736,0,0
majority,101,target,0.9,738153,477736,0,0
majority,101,target,0.95,738153,477736,0,0
majority,101,target,0.975,738153,477736,0,0
majority,101,target,0.99,738153,477736,0,0
majority,101,target,0.995,738153,477736,0,0
majority,101,target,0.999,738153,477736,0,0
stratified,101,source_heldout,0.05,133581,6350,8745,404
stratified,101,source_heldout,0.1,133581,6350,8745,404
stratified,101,source_heldout,0.15,133581,6350,8745,404
stratified,101,source_heldout,0.2,133581,6350,8745,404
stratified,101,source_heldout,0.25,133581,6350,8745,404
stratified,101,source_heldout,0.3,133581,6350,8745,404
stratified,101,source_heldout,0.35,133581,6350,8745,404
stratified,101,source_heldout,0.4,133581,6350,8745,404
stratified,101,source_heldout,0.45,133581,6350,8745,404
stratified,101,source_heldout,0.5,133581,6350,8745,404
stratified,101,source_heldout,0.55,133581,6350,8745,404
stratified,101,source_heldout,0.6,133581,6350,8745,404
stratified,101,source_heldout,0.65,133581,6350,8745,404
stratified,101,source_heldout,0.7,133581,6350,8745,404
stratified,101,source_heldout,0.75,133581,6350,8745,404
stratified,101,source_heldout,0.8,133581,6350,8745,404
stratified,101,source_heldout,0.85,133581,6350,8745,404
stratified,101,source_heldout,0.9,133581,6350,8745,404
stratified,101,source_heldout,0.95,133581,6350,8745,404
stratified,101,source_heldout,0.975,133581,6350,8745,404
stratified,101,source_heldout,0.99,133581,6350,8745,404
stratified,101,source_heldout,0.995,133581,6350,8745,404
stratified,101,source_heldout,0.999,133581,6350,8745,404
stratified,101,target,0.05,692686,448250,45467,29486
stratified,101,target,0.1,692686,448250,45467,29486
stratified,101,target,0.15,692686,448250,45467,29486
stratified,101,target,0.2,692686,448250,45467,29486
stratified,101,target,0.25,692686,448250,45467,29486
stratified,101,target,0.3,692686,448250,45467,29486
stratified,101,target,0.35,692686,448250,45467,29486
stratified,101,target,0.4,692686,448250,45467,29486
stratified,101,target,0.45,692686,448250,45467,29486
stratified,101,target,0.5,692686,448250,45467,29486
stratified,101,target,0.55,692686,448250,45467,29486
stratified,101,target,0.6,692686,448250,45467,29486
stratified,101,target,0.65,692686,448250,45467,29486
stratified,101,target,0.7,692686,448250,45467,29486
stratified,101,target,0.75,692686,448250,45467,29486
stratified,101,target,0.8,692686,448250,45467,29486
stratified,101,target,0.85,692686,448250,45467,29486
stratified,101,target,0.9,692686,448250,45467,29486
stratified,101,target,0.95,692686,448250,45467,29486
stratified,101,target,0.975,692686,448250,45467,29486
stratified,101,target,0.99,692686,448250,45467,29486
stratified,101,target,0.995,692686,448250,45467,29486
stratified,101,target,0.999,692686,448250,45467,29486
logreg,101,source_heldout,0.05,140909,4301,1417,2453
logreg,101,source_heldout,0.1,140832,4224,1494,2530
logreg,101,source_heldout,0.15,139649,3980,2677,2774
logreg,101,source_heldout,0.2,139144,3648,3182,3106
logreg,101,source_heldout,0.25,137051,3114,5275,3640
logreg,101,source_heldout,0.3,130922,2998,11404,3756
logreg,101,source_heldout,0.35,130513,2867,11813,3887
logreg,101,source_heldout,0.4,130170,2720,12156,4034
logreg,101,source_heldout,0.45,128953,2574,13373,4180
logreg,101,source_heldout,0.5,128649,2469,13677,4285
logreg,101,source_heldout,0.55,128428,2378,13898,4376
logreg,101,source_heldout,0.6,128098,2304,14228,4450
logreg,101,source_heldout,0.65,127834,2270,14492,4484
logreg,101,source_heldout,0.7,127486,2148,14840,4606
logreg,101,source_heldout,0.75,126226,2018,16100,4736
logreg,101,source_heldout,0.8,106711,1972,35615,4782
logreg,101,source_heldout,0.85,98645,908,43681,5846
logreg,101,source_heldout,0.9,80597,360,61729,6394
logreg,101,source_heldout,0.95,4668,189,137658,6565
logreg,101,source_heldout,0.975,3734,188,138592,6566
logreg,101,source_heldout,0.99,0,0,142326,6754
logreg,101,source_heldout,0.995,0,0,142326,6754
logreg,101,source_heldout,0.999,0,0,142326,6754
logreg,101,target,0.05,670043,443358,68110,34378
logreg,101,target,0.1,666104,435381,72049,42355
logreg,101,target,0.15,664065,411853,74088,65883
logreg,101,target,0.2,659339,410993,78814,66743
logreg,101,target,0.25,656335,410249,81818,67487
logreg,101,target,0.3,655103,409855,83050,67881
logreg,101,target,0.35,654560,409396,83593,68340
logreg,101,target,0.4,654467,408951,83686,68785
logreg,101,target,0.45,653941,408605,84212,69131
logreg,101,target,0.5,651520,408450,86633,69286
logreg,101,target,0.55,649030,408252,89123,69484
logreg,101,target,0.6,646828,407508,91325,70228
logreg,101,target,0.65,643473,407289,94680,70447
logreg,101,target,0.7,637057,406897,101096,70839
logreg,101,target,0.75,624991,294249,113162,183487
logreg,101,target,0.8,606841,291325,131312,186411
logreg,101,target,0.85,105255,8130,632898,469606
logreg,101,target,0.9,66742,7059,671411,470677
logreg,101,target,0.95,58272,7052,679881,470684
logreg,101,target,0.975,58272,7020,679881,470716
logreg,101,target,0.99,0,0,738153,477736
logreg,101,target,0.995,0,0,738153,477736
logreg,101,target,0.999,0,0,738153,477736
tree,101,source_heldout,0.05,131555,2032,10771,4722
tree,101,source_heldout,0.1,129419,1456,12907,5298
tree,101,source_heldout,0.15,128479,1390,13847,5364
tree,101,source_heldout,0.2,128187,1351,14139,5403
tree,101,source_heldout,0.25,127493,1320,14833,5434
tree,101,source_heldout,0.3,127177,1290,15149,5464
tree,101,source_heldout,0.35,126577,1258,15749,5496
tree,101,source_heldout,0.4,126424,1255,15902,5499
tree,101,source_heldout,0.45,126424,1255,15902,5499
tree,101,source_heldout,0.5,126230,1245,16096,5509
tree,101,source_heldout,0.55,126098,1237,16228,5517
tree,101,source_heldout,0.6,125956,1229,16370,5525
tree,101,source_heldout,0.65,125956,1229,16370,5525
tree,101,source_heldout,0.7,125956,1229,16370,5525
tree,101,source_heldout,0.75,125535,1225,16791,5529
tree,101,source_heldout,0.8,125535,1225,16791,5529
tree,101,source_heldout,0.85,125535,1225,16791,5529
tree,101,source_heldout,0.9,124618,1208,17708,5546
tree,101,source_heldout,0.95,120871,1136,21455,5618
tree,101,source_heldout,0.975,120871,1136,21455,5618
tree,101,source_heldout,0.99,120277,1135,22049,5619
tree,101,source_heldout,0.995,120277,1135,22049,5619
tree,101,source_heldout,0.999,120277,1135,22049,5619
tree,101,target,0.05,111807,169784,626346,307952
tree,101,target,0.1,111805,161698,626348,316038
tree,101,target,0.15,111790,158894,626363,318842
tree,101,target,0.2,111787,158807,626366,318929
tree,101,target,0.25,111787,158381,626366,319355
tree,101,target,0.3,111787,158347,626366,319389
tree,101,target,0.35,111180,158324,626973,319412
tree,101,target,0.4,111180,158324,626973,319412
tree,101,target,0.45,111180,158324,626973,319412
tree,101,target,0.5,111180,158324,626973,319412
tree,101,target,0.55,111180,158324,626973,319412
tree,101,target,0.6,106207,158316,631946,319420
tree,101,target,0.65,106207,158316,631946,319420
tree,101,target,0.7,106207,158316,631946,319420
tree,101,target,0.75,106207,158316,631946,319420
tree,101,target,0.8,106207,158316,631946,319420
tree,101,target,0.85,106207,158316,631946,319420
tree,101,target,0.9,106206,158298,631947,319438
tree,101,target,0.95,106206,158298,631947,319438
tree,101,target,0.975,106206,158298,631947,319438
tree,101,target,0.99,106206,158298,631947,319438
tree,101,target,0.995,106206,158298,631947,319438
tree,101,target,0.999,106206,158298,631947,319438
rf,101,source_heldout,0.05,135652,3088,6674,3666
rf,101,source_heldout,0.1,131425,2043,10901,4711
rf,101,source_heldout,0.15,130540,1748,11786,5006
rf,101,source_heldout,0.2,130109,1598,12217,5156
rf,101,source_heldout,0.25,129549,1493,12777,5261
rf,101,source_heldout,0.3,128819,1405,13507,5349
rf,101,source_heldout,0.35,127953,1325,14373,5429
rf,101,source_heldout,0.4,127615,1270,14711,5484
rf,101,source_heldout,0.45,127323,1233,15003,5521
rf,101,source_heldout,0.5,126949,1175,15377,5579
rf,101,source_heldout,0.55,126667,1146,15659,5608
rf,101,source_heldout,0.6,126519,1125,15807,5629
rf,101,source_heldout,0.65,126296,1095,16030,5659
rf,101,source_heldout,0.7,125975,1075,16351,5679
rf,101,source_heldout,0.75,125357,1053,16969,5701
rf,101,source_heldout,0.8,125084,1003,17242,5751
rf,101,source_heldout,0.85,123322,288,19004,6466
rf,101,source_heldout,0.9,122300,194,20026,6560
rf,101,source_heldout,0.95,118075,11,24251,6743
rf,101,source_heldout,0.975,111790,5,30536,6749
rf,101,source_heldout,0.99,110266,2,32060,6752
rf,101,source_heldout,0.995,109693,1,32633,6753
rf,101,source_heldout,0.999,42614,0,99712,6754
rf,101,target,0.05,224122,192825,514031,284911
rf,101,target,0.1,184116,191021,554037,286715
rf,101,target,0.15,181585,187953,556568,289783
rf,101,target,0.2,180515,159393,557638,318343
rf,101,target,0.25,179039,141373,559114,336363
rf,101,target,0.3,178000,129757,560153,347979
rf,101,target,0.35,155399,127724,582754,350012
rf,101,target,0.4,147294,126532,590859,351204
rf,101,target,0.45,109760,125572,628393,352164
rf,101,target,0.5,109145,125365,629008,352371
rf,101,target,0.55,101562,125098,636591,352638
rf,101,target,0.6,44520,117308,693633,360428
rf,101,target,0.65,40664,117107,697489,360629
rf,101,target,0.7,40459,117033,697694,360703
rf,101,target,0.75,26551,116930,711602,360806
rf,101,target,0.8,21715,115763,716438,361973
rf,101,target,0.85,20891,115635,717262,362101
rf,101,target,0.9,12299,115235,725854,362501
rf,101,target,0.95,1407,89,736746,477647
rf,101,target,0.975,338,5,737815,477731
rf,101,target,0.99,0,0,738153,477736
rf,101,target,0.995,0,0,738153,477736
rf,101,target,0.999,0,0,738153,477736
xgboost,101,source_heldout,0.05,134379,2253,7947,4501
xgboost,101,source_heldout,0.1,129398,1496,12928,5258
xgboost,101,source_heldout,0.15,129029,1432,13297,5322
xgboost,101,source_heldout,0.2,128616,1348,13710,5406
xgboost,101,source_heldout,0.25,127735,1275,14591,5479
xgboost,101,source_heldout,0.3,127074,1187,15252,5567
xgboost,101,source_heldout,0.35,126324,1134,16002,5620
xgboost,101,source_heldout,0.4,126247,1101,16079,5653
xgboost,101,source_heldout,0.45,126016,1030,16310,5724
xgboost,101,source_heldout,0.5,125719,978,16607,5776
xgboost,101,source_heldout,0.55,125465,921,16861,5833
xgboost,101,source_heldout,0.6,125210,854,17116,5900
xgboost,101,source_heldout,0.65,125085,824,17241,5930
xgboost,101,source_heldout,0.7,124895,789,17431,5965
xgboost,101,source_heldout,0.75,123285,147,19041,6607
xgboost,101,source_heldout,0.8,122670,121,19656,6633
xgboost,101,source_heldout,0.85,122446,115,19880,6639
xgboost,101,source_heldout,0.9,121476,90,20850,6664
xgboost,101,source_heldout,0.95,117009,8,25317,6746
xgboost,101,source_heldout,0.975,116356,5,25970,6749
xgboost,101,source_heldout,0.99,114961,3,27365,6751
xgboost,101,source_heldout,0.995,114296,3,28030,6751
xgboost,101,source_heldout,0.999,94114,1,48212,6753
xgboost,101,target,0.05,173061,138159,565092,339577
xgboost,101,target,0.1,145209,129522,592944,348214
xgboost,101,target,0.15,83575,126349,654578,351387
xgboost,101,target,0.2,82213,125562,655940,352174
xgboost,101,target,0.25,78012,125253,660141,352483
xgboost,101,target,0.3,76723,122175,661430,355561
xgboost,101,target,0.35,76334,121881,661819,355855
xgboost,101,target,0.4,74217,121543,663936,356193
xgboost,101,target,0.45,72970,121226,665183,356510
xgboost,101,target,0.5,50322,114344,687831,363392
xgboost,101,target,0.55,32942,113869,705211,363867
xgboost,101,target,0.6,31893,113445,706260,364291
xgboost,101,target,0.65,28883,113163,709270,364573
xgboost,101,target,0.7,21156,5087,716997,472649
xgboost,101,target,0.75,20349,4418,717804,473318
xgboost,101,target,0.8,20296,4286,717857,473450
xgboost,101,target,0.85,16986,4259,721167,473477
xgboost,101,target,0.9,14392,98,723761,477638
xgboost,101,target,0.95,148,46,738005,477690
xgboost,101,target,0.975,5,16,738148,477720
xgboost,101,target,0.99,1,1,738152,477735
xgboost,101,target,0.995,0,1,738153,477735
xgboost,101,target,0.999,0,0,738153,477736
hgb,101,source_heldout,0.05,133958,2188,8368,4566
hgb,101,source_heldout,0.1,129760,1441,12566,5313
hgb,101,source_heldout,0.15,129071,1364,13255,5390
hgb,101,source_heldout,0.2,128728,1273,13598,5481
hgb,101,source_heldout,0.25,126618,577,15708,6177
hgb,101,source_heldout,0.3,126065,547,16261,6207
hgb,101,source_heldout,0.35,124844,417,17482,6337
hgb,101,source_heldout,0.4,124547,362,17779,6392
hgb,101,source_heldout,0.45,124217,326,18109,6428
hgb,101,source_heldout,0.5,124176,317,18150,6437
hgb,101,source_heldout,0.55,124052,309,18274,6445
hgb,101,source_heldout,0.6,123729,265,18597,6489
hgb,101,source_heldout,0.65,123474,204,18852,6550
hgb,101,source_heldout,0.7,122925,177,19401,6577
hgb,101,source_heldout,0.75,122759,131,19567,6623
hgb,101,source_heldout,0.8,122598,127,19728,6627
hgb,101,source_heldout,0.85,122469,120,19857,6634
hgb,101,source_heldout,0.9,121478,90,20848,6664
hgb,101,source_heldout,0.95,116930,15,25396,6739
hgb,101,source_heldout,0.975,116370,11,25956,6743
hgb,101,source_heldout,0.99,114994,8,27332,6746
hgb,101,source_heldout,0.995,114501,7,27825,6747
hgb,101,source_heldout,0.999,53359,6,88967,6748
hgb,101,target,0.05,152580,153843,585573,323893
hgb,101,target,0.1,142957,148500,595196,329236
hgb,101,target,0.15,117921,125365,620232,352371
hgb,101,target,0.2,113639,125088,624514,352648
hgb,101,target,0.25,107849,124899,630304,352837
hgb,101,target,0.3,69388,124178,668765,353558
hgb,101,target,0.35,67516,124155,670637,353581
hgb,101,target,0.4,66989,124021,671164,353715
hgb,101,target,0.45,66595,124007,671558,353729
hgb,101,target,0.5,66237,121205,671916,356531
hgb,101,target,0.55,66193,121058,671960,356678
hgb,101,target,0.6,66107,120754,672046,356982
hgb,101,target,0.65,57703,120722,680450,357014
hgb,101,target,0.7,57540,12857,680613,464879
hgb,101,target,0.75,37548,5475,700605,472261
hgb,101,target,0.8,37537,5449,700616,472287
hgb,101,target,0.85,20301,5065,717852,472671
hgb,101,target,0.9,19493,5029,718660,472707
hgb,101,target,0.95,11998,4219,726155,473517
hgb,101,target,0.975,1307,66,736846,477670
hgb,101,target,0.99,33,55,738120,477681
hgb,101,target,0.995,7,53,738146,477683
hgb,101,target,0.999,1,0,738152,477736
mlp,101,source_heldout,0.05,130073,1819,12253,4935
mlp,101,source_heldout,0.1,128902,1527,13424,5227
mlp,101,source_heldout,0.15,127214,794,15112,5960
mlp,101,source_heldout,0.2,126145,654,16181,6100
mlp,101,source_heldout,0.25,125222,534,17104,6220
mlp,101,source_heldout,0.3,125135,505,17191,6249
mlp,101,source_heldout,0.35,124926,428,17400,6326
mlp,101,source_heldout,0.4,124538,372,17788,6382
mlp,101,source_heldout,0.45,124339,332,17987,6422
mlp,101,source_heldout,0.5,124132,321,18194,6433
mlp,101,source_heldout,0.55,123115,290,19211,6464
mlp,101,source_heldout,0.6,122872,270,19454,6484
mlp,101,source_heldout,0.65,122572,235,19754,6519
mlp,101,source_heldout,0.7,122424,219,19902,6535
mlp,101,source_heldout,0.75,122159,202,20167,6552
mlp,101,source_heldout,0.8,122076,189,20250,6565
mlp,101,source_heldout,0.85,121040,162,21286,6592
mlp,101,source_heldout,0.9,120716,144,21610,6610
mlp,101,source_heldout,0.95,119838,79,22488,6675
mlp,101,source_heldout,0.975,117539,53,24787,6701
mlp,101,source_heldout,0.99,105647,36,36679,6718
mlp,101,source_heldout,0.995,100600,10,41726,6744
mlp,101,source_heldout,0.999,70639,3,71687,6751
mlp,101,target,0.05,601755,440725,136398,37011
mlp,101,target,0.1,594090,408338,144063,69398
mlp,101,target,0.15,590217,407187,147936,70549
mlp,101,target,0.2,93017,125119,645136,352617
mlp,101,target,0.25,92119,125012,646034,352724
mlp,101,target,0.3,91194,124928,646959,352808
mlp,101,target,0.35,90064,124656,648089,353080
mlp,101,target,0.4,89915,124564,648238,353172
mlp,101,target,0.45,89814,124455,648339,353281
mlp,101,target,0.5,65835,123399,672318,354337
mlp,101,target,0.55,65741,15210,672412,462526
mlp,101,target,0.6,29879,13995,708274,463741
mlp,101,target,0.65,29690,13818,708463,463918
mlp,101,target,0.7,28246,10690,709907,467046
mlp,101,target,0.75,28084,9824,710069,467912
mlp,101,target,0.8,27769,9013,710384,468723
mlp,101,target,0.85,23003,4867,715150,472869
mlp,101,target,0.9,18191,295,719962,477441
mlp,101,target,0.95,5780,131,732373,477605
mlp,101,target,0.975,5501,46,732652,477690
mlp,101,target,0.99,1317,26,736836,477710
mlp,101,target,0.995,14,0,738139,477736
mlp,101,target,0.999,0,0,738153,477736
majority,102,source_heldout,0.05,149939,7237,0,0
majority,102,source_heldout,0.1,149939,7237,0,0
majority,102,source_heldout,0.15,149939,7237,0,0
majority,102,source_heldout,0.2,149939,7237,0,0
majority,102,source_heldout,0.25,149939,7237,0,0
majority,102,source_heldout,0.3,149939,7237,0,0
majority,102,source_heldout,0.35,149939,7237,0,0
majority,102,source_heldout,0.4,149939,7237,0,0
majority,102,source_heldout,0.45,149939,7237,0,0
majority,102,source_heldout,0.5,149939,7237,0,0
majority,102,source_heldout,0.55,149939,7237,0,0
majority,102,source_heldout,0.6,149939,7237,0,0
majority,102,source_heldout,0.65,149939,7237,0,0
majority,102,source_heldout,0.7,149939,7237,0,0
majority,102,source_heldout,0.75,149939,7237,0,0
majority,102,source_heldout,0.8,149939,7237,0,0
majority,102,source_heldout,0.85,149939,7237,0,0
majority,102,source_heldout,0.9,149939,7237,0,0
majority,102,source_heldout,0.95,149939,7237,0,0
majority,102,source_heldout,0.975,149939,7237,0,0
majority,102,source_heldout,0.99,149939,7237,0,0
majority,102,source_heldout,0.995,149939,7237,0,0
majority,102,source_heldout,0.999,149939,7237,0,0
majority,102,target,0.05,738153,477736,0,0
majority,102,target,0.1,738153,477736,0,0
majority,102,target,0.15,738153,477736,0,0
majority,102,target,0.2,738153,477736,0,0
majority,102,target,0.25,738153,477736,0,0
majority,102,target,0.3,738153,477736,0,0
majority,102,target,0.35,738153,477736,0,0
majority,102,target,0.4,738153,477736,0,0
majority,102,target,0.45,738153,477736,0,0
majority,102,target,0.5,738153,477736,0,0
majority,102,target,0.55,738153,477736,0,0
majority,102,target,0.6,738153,477736,0,0
majority,102,target,0.65,738153,477736,0,0
majority,102,target,0.7,738153,477736,0,0
majority,102,target,0.75,738153,477736,0,0
majority,102,target,0.8,738153,477736,0,0
majority,102,target,0.85,738153,477736,0,0
majority,102,target,0.9,738153,477736,0,0
majority,102,target,0.95,738153,477736,0,0
majority,102,target,0.975,738153,477736,0,0
majority,102,target,0.99,738153,477736,0,0
majority,102,target,0.995,738153,477736,0,0
majority,102,target,0.999,738153,477736,0,0
stratified,102,source_heldout,0.05,140786,6754,9153,483
stratified,102,source_heldout,0.1,140786,6754,9153,483
stratified,102,source_heldout,0.15,140786,6754,9153,483
stratified,102,source_heldout,0.2,140786,6754,9153,483
stratified,102,source_heldout,0.25,140786,6754,9153,483
stratified,102,source_heldout,0.3,140786,6754,9153,483
stratified,102,source_heldout,0.35,140786,6754,9153,483
stratified,102,source_heldout,0.4,140786,6754,9153,483
stratified,102,source_heldout,0.45,140786,6754,9153,483
stratified,102,source_heldout,0.5,140786,6754,9153,483
stratified,102,source_heldout,0.55,140786,6754,9153,483
stratified,102,source_heldout,0.6,140786,6754,9153,483
stratified,102,source_heldout,0.65,140786,6754,9153,483
stratified,102,source_heldout,0.7,140786,6754,9153,483
stratified,102,source_heldout,0.75,140786,6754,9153,483
stratified,102,source_heldout,0.8,140786,6754,9153,483
stratified,102,source_heldout,0.85,140786,6754,9153,483
stratified,102,source_heldout,0.9,140786,6754,9153,483
stratified,102,source_heldout,0.95,140786,6754,9153,483
stratified,102,source_heldout,0.975,140786,6754,9153,483
stratified,102,source_heldout,0.99,140786,6754,9153,483
stratified,102,source_heldout,0.995,140786,6754,9153,483
stratified,102,source_heldout,0.999,140786,6754,9153,483
stratified,102,target,0.05,692974,448418,45179,29318
stratified,102,target,0.1,692974,448418,45179,29318
stratified,102,target,0.15,692974,448418,45179,29318
stratified,102,target,0.2,692974,448418,45179,29318
stratified,102,target,0.25,692974,448418,45179,29318
stratified,102,target,0.3,692974,448418,45179,29318
stratified,102,target,0.35,692974,448418,45179,29318
stratified,102,target,0.4,692974,448418,45179,29318
stratified,102,target,0.45,692974,448418,45179,29318
stratified,102,target,0.5,692974,448418,45179,29318
stratified,102,target,0.55,692974,448418,45179,29318
stratified,102,target,0.6,692974,448418,45179,29318
stratified,102,target,0.65,692974,448418,45179,29318
stratified,102,target,0.7,692974,448418,45179,29318
stratified,102,target,0.75,692974,448418,45179,29318
stratified,102,target,0.8,692974,448418,45179,29318
stratified,102,target,0.85,692974,448418,45179,29318
stratified,102,target,0.9,692974,448418,45179,29318
stratified,102,target,0.95,692974,448418,45179,29318
stratified,102,target,0.975,692974,448418,45179,29318
stratified,102,target,0.99,692974,448418,45179,29318
stratified,102,target,0.995,692974,448418,45179,29318
stratified,102,target,0.999,692974,448418,45179,29318
logreg,102,source_heldout,0.05,149518,5000,421,2237
logreg,102,source_heldout,0.1,149062,4670,877,2567
logreg,102,source_heldout,0.15,148634,4349,1305,2888
logreg,102,source_heldout,0.2,148584,4247,1355,2990
logreg,102,source_heldout,0.25,147124,3352,2815,3885
logreg,102,source_heldout,0.3,144390,2838,5549,4399
logreg,102,source_heldout,0.35,144039,2689,5900,4548
logreg,102,source_heldout,0.4,140959,2589,8980,4648
logreg,102,source_heldout,0.45,139421,2025,10518,5212
logreg,102,source_heldout,0.5,138898,1945,11041,5292
logreg,102,source_heldout,0.55,138624,1887,11315,5350
logreg,102,source_heldout,0.6,108521,1834,41418,5403
logreg,102,source_heldout,0.65,106259,1761,43680,5476
logreg,102,source_heldout,0.7,105324,1606,44615,5631
logreg,102,source_heldout,0.75,97702,1424,52237,5813
logreg,102,source_heldout,0.8,89671,269,60268,6968
logreg,102,source_heldout,0.85,63990,84,85949,7153
logreg,102,source_heldout,0.9,8176,30,141763,7207
logreg,102,source_heldout,0.95,8163,29,141776,7208
logreg,102,source_heldout,0.975,0,0,149939,7237
logreg,102,source_heldout,0.99,0,0,149939,7237
logreg,102,source_heldout,0.995,0,0,149939,7237
logreg,102,source_heldout,0.999,0,0,149939,7237
logreg,102,target,0.05,669094,461674,69059,16062
logreg,102,target,0.1,666518,443910,71635,33826
logreg,102,target,0.15,656329,443094,81824,34642
logreg,102,target,0.2,654604,442200,83549,35536
logreg,102,target,0.25,654570,418609,83583,59127
logreg,102,target,0.3,654552,411192,83601,66544
logreg,102,target,0.35,653863,409506,84290,68230
logreg,102,target,0.4,652874,409319,85279,68417
logreg,102,target,0.45,652622,408646,85531,69090
logreg,102,target,0.5,647577,407991,90576,69745
logreg,102,target,0.55,642817,407472,95336,70264
logreg,102,target,0.6,635435,407224,102718,70512
logreg,102,target,0.65,627483,406895,110670,70841
logreg,102,target,0.7,626220,406363,111933,71373
logreg,102,target,0.75,603609,405832,134544,71904
logreg,102,target,0.8,539941,295382,198212,182354
logreg,102,target,0.85,531096,288581,207057,189155
logreg,102,target,0.9,58272,7030,679881,470706
logreg,102,target,0.95,21408,13,716745,477723
logreg,102,target,0.975,0,0,738153,477736
logreg,102,target,0.99,0,0,738153,477736
logreg,102,target,0.995,0,0,738153,477736
logreg,102,target,0.999,0,0,738153,477736
tree,102,source_heldout,0.05,148207,3203,1732,4034
tree,102,source_heldout,0.1,147657,2762,2282,4475
tree,102,source_heldout,0.15,141597,2654,8342,4583
tree,102,source_heldout,0.2,137335,1964,12604,5273
tree,102,source_heldout,0.25,137247,1946,12692,5291
tree,102,source_heldout,0.3,137231,1945,12708,5292
tree,102,source_heldout,0.35,136864,1916,13075,5321
tree,102,source_heldout,0.4,136552,1904,13387,5333
tree,102,source_heldout,0.45,135218,1700,14721,5537
tree,102,source_heldout,0.5,133322,1619,16617,5618
tree,102,source_heldout,0.55,132971,1594,16968,5643
tree,102,source_heldout,0.6,132319,1542,17620,5695
tree,102,source_heldout,0.65,132011,1522,17928,5715
tree,102,source_heldout,0.7,130666,1511,19273,5726
tree,102,source_heldout,0.75,130666,1511,19273,5726
tree,102,source_heldout,0.8,129479,1508,20460,5729
tree,102,source_heldout,0.85,129289,1486,20650,5751
tree,102,source_heldout,0.9,125648,1475,24291,5762
tree,102,source_heldout,0.95,125343,1469,24596,5768
tree,102,source_heldout,0.975,125343,1469,24596,5768
tree,102,source_heldout,0.99,125343,1469,24596,5768
tree,102,source_heldout,0.995,125343,1469,24596,5768
tree,102,source_heldout,0.999,125343,1469,24596,5768
tree,102,target,0.05,600795,471347,137358,6389
tree,102,target,0.1,600420,458967,137733,18769
tree,102,target,0.15,124488,173464,613665,304272
tree,102,target,0.2,124480,172744,613673,304992
tree,102,target,0.25,124425,172313,613728,305423
tree,102,target,0.3,124425,172262,613728,305474
tree,102,target,0.35,124425,172261,613728,305475
tree,102,target,0.4,124425,172261,613728,305475
tree,102,target,0.45,124314,171794,613839,305942
tree,102,target,0.5,123046,171753,615107,305983
tree,102,target,0.55,123041,171733,615112,306003
tree,102,target,0.6,121844,171716,616309,306020
tree,102,target,0.65,121844,171716,616309,306020
tree,102,target,0.7,121844,171689,616309,306047
tree,102,target,0.75,121844,171689,616309,306047
tree,102,target,0.8,121844,171689,616309,306047
tree,102,target,0.85,121727,171689,616426,306047
tree,102,target,0.9,121718,171300,616435,306436
tree,102,target,0.95,121718,171300,616435,306436
tree,102,target,0.975,121718,171300,616435,306436
tree,102,target,0.99,121718,171300,616435,306436
tree,102,target,0.995,121718,171300,616435,306436
tree,102,target,0.999,121718,171300,616435,306436
rf,102,source_heldout,0.05,149822,4491,117,2746
rf,102,source_heldout,0.1,149685,4159,254,3078
rf,102,source_heldout,0.15,149132,3722,807,3515
rf,102,source_heldout,0.2,145030,3010,4909,4227
rf,102,source_heldout,0.25,144758,2841,5181,4396
rf,102,source_heldout,0.3,144633,2697,5306,4540
rf,102,source_heldout,0.35,144177,2544,5762,4693
rf,102,source_heldout,0.4,143708,2328,6231,4909
rf,102,source_heldout,0.45,142482,2221,7457,5016
rf,102,source_heldout,0.5,140457,2051,9482,5186
rf,102,source_heldout,0.55,140292,2017,9647,5220
rf,102,source_heldout,0.6,138578,1157,11361,6080
rf,102,source_heldout,0.65,137773,1057,12166,6180
rf,102,source_heldout,0.7,136257,1029,13682,6208
rf,102,source_heldout,0.75,135913,977,14026,6260
rf,102,source_heldout,0.8,134489,901,15450,6336
rf,102,source_heldout,0.85,134284,864,15655,6373
rf,102,source_heldout,0.9,131657,841,18282,6396
rf,102,source_heldout,0.95,124106,465,25833,6772
rf,102,source_heldout,0.975,122660,43,27279,7194
rf,102,source_heldout,0.99,121219,9,28720,7228
rf,102,source_heldout,0.995,114825,6,35114,7231
rf,102,source_heldout,0.999,99234,3,50705,7234
rf,102,target,0.05,710325,475852,27828,1884
rf,102,target,0.1,665216,474842,72937,2894
rf,102,target,0.15,186032,192640,552121,285096
rf,102,target,0.2,183369,82814,554784,394922
rf,102,target,0.25,183125,73551,555028,404185
rf,102,target,0.3,182986,63701,555167,414035
rf,102,target,0.35,182899,57557,555254,420179
rf,102,target,0.4,182368,54471,555785,423265
rf,102,target,0.45,180356,41887,557797,435849
rf,102,target,0.5,157022,40895,581131,436841
rf,102,target,0.55,156254,16259,581899,461477
rf,102,target,0.6,153162,15209,584991,462527
rf,102,target,0.65,129242,14633,608911,463103
rf,102,target,0.7,127331,10283,610822,467453
rf,102,target,0.75,89452,8970,648701,468766
rf,102,target,0.8,60353,1726,677800,476010
rf,102,target,0.85,45290,1351,692863,476385
rf,102,target,0.9,11860,916,726293,476820
rf,102,target,0.95,5386,53,732767,477683
rf,102,target,0.975,1317,22,736836,477714
rf,102,target,0.99,1233,2,736920,477734
rf,102,target,0.995,2,1,738151,477735
rf,102,target,0.999,1,0,738152,477736
xgboost,102,source_heldout,0.05,149444,3724,495,3513
xgboost,102,source_heldout,0.1,148736,3094,1203,4143
xgboost,102,source_heldout,0.15,147041,2220,2898,5017
xgboost,102,source_heldout,0.2,145674,1657,4265,5580
xgboost,102,source_heldout,0.25,142748,1556,7191,5681
xgboost,102,source_heldout,0.3,142589,1485,7350,5752
xgboost,102,source_heldout,0.35,142137,1379,7802,5858
xgboost,102,source_heldout,0.4,141776,1318,8163,5919
xgboost,102,source_heldout,0.45,140723,1226,9216,6011
xgboost,102,source_heldout,0.5,138766,1121,11173,6116
xgboost,102,source_heldout,0.55,138420,1098,11519,6139
xgboost,102,source_heldout,0.6,137670,1012,12269,6225
xgboost,102,source_heldout,0.65,136969,904,12970,6333
xgboost,102,source_heldout,0.7,135378,853,14561,6384
xgboost,102,source_heldout,0.75,130873,798,19066,6439
xgboost,102,source_heldout,0.8,127774,190,22165,7047
xgboost,102,source_heldout,0.85,127309,65,22630,7172
xgboost,102,source_heldout,0.9,123920,53,26019,7184
xgboost,102,source_heldout,0.95,122332,19,27607,7218
xgboost,102,source_heldout,0.975,119432,8,30507,7229
xgboost,102,source_heldout,0.99,117950,8,31989,7229
xgboost,102,source_heldout,0.995,116705,7,33234,7230
xgboost,102,source_heldout,0.999,103158,2,46781,7235
xgboost,102,target,0.05,691360,449208,46793,28528
xgboost,102,target,0.1,652450,442224,85703,35512
xgboost,102,target,0.15,177893,20697,560260,457039
xgboost,102,target,0.2,171387,16707,566766,461029
xgboost,102,target,0.25,150370,15816,587783,461920
xgboost,102,target,0.3,85612,14565,652541,463171
xgboost,102,target,0.35,62009,7561,676144,470175
xgboost,102,target,0.4,58413,7123,679740,470613
xgboost,102,target,0.45,40726,2455,697427,475281
xgboost,102,target,0.5,39471,2136,698682,475600
xgboost,102,target,0.55,30160,2050,707993,475686
xgboost,102,target,0.6,29271,1777,708882,475959
xgboost,102,target,0.65,26071,1336,712082,476400
xgboost,102,target,0.7,19984,1149,718169,476587
xgboost,102,target,0.75,16944,475,721209,477261
xgboost,102,target,0.8,16102,301,722051,477435
xgboost,102,target,0.85,12735,240,725418,477496
xgboost,102,target,0.9,9977,78,728176,477658
xgboost,102,target,0.95,1228,29,736925,477707
xgboost,102,target,0.975,1206,12,736947,477724
xgboost,102,target,0.99,0,8,738153,477728
xgboost,102,target,0.995,0,8,738153,477728
xgboost,102,target,0.999,0,0,738153,477736
hgb,102,source_heldout,0.05,149315,3738,624,3499
hgb,102,source_heldout,0.1,147725,2647,2214,4590
hgb,102,source_heldout,0.15,147004,2261,2935,4976
hgb,102,source_heldout,0.2,142827,1585,7112,5652
hgb,102,source_heldout,0.25,142540,1527,7399,5710
hgb,102,source_heldout,0.3,142461,1515,7478,5722
hgb,102,source_heldout,0.35,142253,1495,7686,5742
hgb,102,source_heldout,0.4,141876,1462,8063,5775
hgb,102,source_heldout,0.45,140402,1346,9537,5891
hgb,102,source_heldout,0.5,138308,1107,11631,6130
hgb,102,source_heldout,0.55,137852,1054,12087,6183
hgb,102,source_heldout,0.6,137013,999,12926,6238
hgb,102,source_heldout,0.65,135323,979,14616,6258
hgb,102,source_heldout,0.7,134869,923,15070,6314
hgb,102,source_heldout,0.75,133023,223,16916,7014
hgb,102,source_heldout,0.8,126774,186,23165,7051
hgb,102,source_heldout,0.85,126143,131,23796,7106
hgb,102,source_heldout,0.9,121959,35,27980,7202
hgb,102,source_heldout,0.95,120332,26,29607,7211
hgb,102,source_heldout,0.975,118195,25,31744,7212
hgb,102,source_heldout,0.99,114514,22,35425,7215
hgb,102,source_heldout,0.995,104572,22,45367,7215
hgb,102,source_heldout,0.999,90369,2,59570,7235
hgb,102,target,0.05,692424,423756,45729,53980
hgb,102,target,0.1,688068,307803,50085,169933
hgb,102,target,0.15,191405,21660,546748,456076
hgb,102,target,0.2,186039,18068,552114,459668
hgb,102,target,0.25,125878,17815,612275,459921
hgb,102,target,0.3,118689,12746,619464,464990
hgb,102,target,0.35,95658,5937,642495,471799
hgb,102,target,0.4,56924,4930,681229,472806
hgb,102,target,0.45,56365,4564,681788,473172
hgb,102,target,0.5,55631,3719,682522,474017
hgb,102,target,0.55,55566,3488,682587,474248
hgb,102,target,0.6,53626,3030,684527,474706
hgb,102,target,0.65,35596,1967,702557,475769
hgb,102,target,0.7,33639,1732,704514,476004
hgb,102,target,0.75,31574,1442,706579,476294
hgb,102,target,0.8,22613,601,715540,477135
hgb,102,target,0.85,7195,135,730958,477601
hgb,102,target,0.9,2534,71,735619,477665
hgb,102,target,0.95,1189,29,736964,477707
hgb,102,target,0.975,1183,28,736970,477708
hgb,102,target,0.99,1182,28,736971,477708
hgb,102,target,0.995,0,26,738153,477710
hgb,102,target,0.999,0,0,738153,477736
mlp,102,source_heldout,0.05,149494,4262,445,2975
mlp,102,source_heldout,0.1,149206,4067,733,3170
mlp,102,source_heldout,0.15,147329,2859,2610,4378
mlp,102,source_heldout,0.2,145047,1705,4892,5532
mlp,102,source_heldout,0.25,142138,1624,7801,5613
mlp,102,source_heldout,0.3,142090,1600,7849,5637
mlp,102,source_heldout,0.35,142030,1582,7909,5655
mlp,102,source_heldout,0.4,138223,1378,11716,5859
mlp,102,source_heldout,0.45,137381,1256,12558,5981
mlp,102,source_heldout,0.5,135136,1025,14803,6212
mlp,102,source_heldout,0.55,134665,1010,15274,6227
mlp,102,source_heldout,0.6,130202,976,19737,6261
mlp,102,source_heldout,0.65,129813,931,20126,6306
mlp,102,source_heldout,0.7,128194,927,21745,6310
mlp,102,source_heldout,0.75,127236,918,22703,6319
mlp,102,source_heldout,0.8,125082,143,24857,7094
mlp,102,source_heldout,0.85,123424,119,26515,7118
mlp,102,source_heldout,0.9,122850,87,27089,7150
mlp,102,source_heldout,0.95,118508,68,31431,7169
mlp,102,source_heldout,0.975,117623,67,32316,7170
mlp,102,source_heldout,0.99,112190,27,37749,7210
mlp,102,source_heldout,0.995,103589,21,46350,7216
mlp,102,source_heldout,0.999,43630,2,106309,7235
mlp,102,target,0.05,653793,445692,84360,32044
mlp,102,target,0.1,649780,421470,88373,56266
mlp,102,target,0.15,586959,409199,151194,68537
mlp,102,target,0.2,584301,401711,153852,76025
mlp,102,target,0.25,111347,118659,626806,359077
mlp,102,target,0.3,111093,118351,627060,359385
mlp,102,target,0.35,108597,118250,629556,359486
mlp,102,target,0.4,106452,118218,631701,359518
mlp,102,target,0.45,105608,115407,632545,362329
mlp,102,target,0.5,103378,2863,634775,474873
mlp,102,target,0.55,101263,2659,636890,475077
mlp,102,target,0.6,90124,2581,648029,475155
mlp,102,target,0.65,86172,2218,651981,475518
mlp,102,target,0.7,83903,2109,654250,475627
mlp,102,target,0.75,79017,2039,659136,475697
mlp,102,target,0.8,20035,1358,718118,476378
mlp,102,target,0.85,19662,1294,718491,476442
mlp,102,target,0.9,18327,1256,719826,476480
mlp,102,target,0.95,18135,285,720018,477451
mlp,102,target,0.975,13593,142,724560,477594
mlp,102,target,0.99,12337,33,725816,477703
mlp,102,target,0.995,5318,26,732835,477710
mlp,102,target,0.999,0,0,738153,477736
majority,103,source_heldout,0.05,85029,4350,0,0
majority,103,source_heldout,0.1,85029,4350,0,0
majority,103,source_heldout,0.15,85029,4350,0,0
majority,103,source_heldout,0.2,85029,4350,0,0
majority,103,source_heldout,0.25,85029,4350,0,0
majority,103,source_heldout,0.3,85029,4350,0,0
majority,103,source_heldout,0.35,85029,4350,0,0
majority,103,source_heldout,0.4,85029,4350,0,0
majority,103,source_heldout,0.45,85029,4350,0,0
majority,103,source_heldout,0.5,85029,4350,0,0
majority,103,source_heldout,0.55,85029,4350,0,0
majority,103,source_heldout,0.6,85029,4350,0,0
majority,103,source_heldout,0.65,85029,4350,0,0
majority,103,source_heldout,0.7,85029,4350,0,0
majority,103,source_heldout,0.75,85029,4350,0,0
majority,103,source_heldout,0.8,85029,4350,0,0
majority,103,source_heldout,0.85,85029,4350,0,0
majority,103,source_heldout,0.9,85029,4350,0,0
majority,103,source_heldout,0.95,85029,4350,0,0
majority,103,source_heldout,0.975,85029,4350,0,0
majority,103,source_heldout,0.99,85029,4350,0,0
majority,103,source_heldout,0.995,85029,4350,0,0
majority,103,source_heldout,0.999,85029,4350,0,0
majority,103,target,0.05,738153,477736,0,0
majority,103,target,0.1,738153,477736,0,0
majority,103,target,0.15,738153,477736,0,0
majority,103,target,0.2,738153,477736,0,0
majority,103,target,0.25,738153,477736,0,0
majority,103,target,0.3,738153,477736,0,0
majority,103,target,0.35,738153,477736,0,0
majority,103,target,0.4,738153,477736,0,0
majority,103,target,0.45,738153,477736,0,0
majority,103,target,0.5,738153,477736,0,0
majority,103,target,0.55,738153,477736,0,0
majority,103,target,0.6,738153,477736,0,0
majority,103,target,0.65,738153,477736,0,0
majority,103,target,0.7,738153,477736,0,0
majority,103,target,0.75,738153,477736,0,0
majority,103,target,0.8,738153,477736,0,0
majority,103,target,0.85,738153,477736,0,0
majority,103,target,0.9,738153,477736,0,0
majority,103,target,0.95,738153,477736,0,0
majority,103,target,0.975,738153,477736,0,0
majority,103,target,0.99,738153,477736,0,0
majority,103,target,0.995,738153,477736,0,0
majority,103,target,0.999,738153,477736,0,0
stratified,103,source_heldout,0.05,80265,4108,4764,242
stratified,103,source_heldout,0.1,80265,4108,4764,242
stratified,103,source_heldout,0.15,80265,4108,4764,242
stratified,103,source_heldout,0.2,80265,4108,4764,242
stratified,103,source_heldout,0.25,80265,4108,4764,242
stratified,103,source_heldout,0.3,80265,4108,4764,242
stratified,103,source_heldout,0.35,80265,4108,4764,242
stratified,103,source_heldout,0.4,80265,4108,4764,242
stratified,103,source_heldout,0.45,80265,4108,4764,242
stratified,103,source_heldout,0.5,80265,4108,4764,242
stratified,103,source_heldout,0.55,80265,4108,4764,242
stratified,103,source_heldout,0.6,80265,4108,4764,242
stratified,103,source_heldout,0.65,80265,4108,4764,242
stratified,103,source_heldout,0.7,80265,4108,4764,242
stratified,103,source_heldout,0.75,80265,4108,4764,242
stratified,103,source_heldout,0.8,80265,4108,4764,242
stratified,103,source_heldout,0.85,80265,4108,4764,242
stratified,103,source_heldout,0.9,80265,4108,4764,242
stratified,103,source_heldout,0.95,80265,4108,4764,242
stratified,103,source_heldout,0.975,80265,4108,4764,242
stratified,103,source_heldout,0.99,80265,4108,4764,242
stratified,103,source_heldout,0.995,80265,4108,4764,242
stratified,103,source_heldout,0.999,80265,4108,4764,242
stratified,103,target,0.05,697000,451056,41153,26680
stratified,103,target,0.1,697000,451056,41153,26680
stratified,103,target,0.15,697000,451056,41153,26680
stratified,103,target,0.2,697000,451056,41153,26680
stratified,103,target,0.25,697000,451056,41153,26680
stratified,103,target,0.3,697000,451056,41153,26680
stratified,103,target,0.35,697000,451056,41153,26680
stratified,103,target,0.4,697000,451056,41153,26680
stratified,103,target,0.45,697000,451056,41153,26680
stratified,103,target,0.5,697000,451056,41153,26680
stratified,103,target,0.55,697000,451056,41153,26680
stratified,103,target,0.6,697000,451056,41153,26680
stratified,103,target,0.65,697000,451056,41153,26680
stratified,103,target,0.7,697000,451056,41153,26680
stratified,103,target,0.75,697000,451056,41153,26680
stratified,103,target,0.8,697000,451056,41153,26680
stratified,103,target,0.85,697000,451056,41153,26680
stratified,103,target,0.9,697000,451056,41153,26680
stratified,103,target,0.95,697000,451056,41153,26680
stratified,103,target,0.975,697000,451056,41153,26680
stratified,103,target,0.99,697000,451056,41153,26680
stratified,103,target,0.995,697000,451056,41153,26680
stratified,103,target,0.999,697000,451056,41153,26680
logreg,103,source_heldout,0.05,84888,2265,141,2085
logreg,103,source_heldout,0.1,84387,2052,642,2298
logreg,103,source_heldout,0.15,84336,1899,693,2451
logreg,103,source_heldout,0.2,84268,1789,761,2561
logreg,103,source_heldout,0.25,81357,1668,3672,2682
logreg,103,source_heldout,0.3,80490,1261,4539,3089
logreg,103,source_heldout,0.35,79534,1193,5495,3157
logreg,103,source_heldout,0.4,79155,1116,5874,3234
logreg,103,source_heldout,0.45,78886,1068,6143,3282
logreg,103,source_heldout,0.5,78567,1046,6462,3304
logreg,103,source_heldout,0.55,78214,991,6815,3359
logreg,103,source_heldout,0.6,77862,958,7167,3392
logreg,103,source_heldout,0.65,69040,916,15989,3434
logreg,103,source_heldout,0.7,56619,723,28410,3627
logreg,103,source_heldout,0.75,56113,680,28916,3670
logreg,103,source_heldout,0.8,54759,432,30270,3918
logreg,103,source_heldout,0.85,39073,110,45956,4240
logreg,103,source_heldout,0.9,6098,44,78931,4306
logreg,103,source_heldout,0.95,6090,43,78939,4307
logreg,103,source_heldout,0.975,0,0,85029,4350
logreg,103,source_heldout,0.99,0,0,85029,4350
logreg,103,source_heldout,0.995,0,0,85029,4350
logreg,103,source_heldout,0.999,0,0,85029,4350
logreg,103,target,0.05,688708,445075,49445,32661
logreg,103,target,0.1,667060,436927,71093,40809
logreg,103,target,0.15,665779,434596,72374,43140
logreg,103,target,0.2,657829,410686,80324,67050
logreg,103,target,0.25,654059,410034,84094,67702
logreg,103,target,0.3,652981,409039,85172,68697
logreg,103,target,0.35,650883,408520,87270,69216
logreg,103,target,0.4,648433,408208,89720,69528
logreg,103,target,0.45,647128,407661,91025,70075
logreg,103,target,0.5,645203,407390,92950,70346
logreg,103,target,0.55,644615,406931,93538,70805
logreg,103,target,0.6,630854,406486,107299,71250
logreg,103,target,0.65,616867,406079,121286,71657
logreg,103,target,0.7,608381,297768,129772,179968
logreg,103,target,0.75,601843,289434,136310,188302
logreg,103,target,0.8,58304,7068,679849,470668
logreg,103,target,0.85,58272,7051,679881,470685
logreg,103,target,0.9,58272,7024,679881,470712
logreg,103,target,0.95,38327,288,699826,477448
logreg,103,target,0.975,0,0,738153,477736
logreg,103,target,0.99,0,0,738153,477736
logreg,103,target,0.995,0,0,738153,477736
logreg,103,target,0.999,0,0,738153,477736
tree,103,source_heldout,0.05,84733,1386,296,2964
tree,103,source_heldout,0.1,84063,958,966,3392
tree,103,source_heldout,0.15,80206,527,4823,3823
tree,103,source_heldout,0.2,80024,493,5005,3857
tree,103,source_heldout,0.25,79992,477,5037,3873
tree,103,source_heldout,0.3,79575,400,5454,3950
tree,103,source_heldout,0.35,79464,381,5565,3969
tree,103,source_heldout,0.4,79445,378,5584,3972
tree,103,source_heldout,0.45,79106,333,5923,4017
tree,103,source_heldout,0.5,79106,333,5923,4017
tree,103,source_heldout,0.55,78485,273,6544,4077
tree,103,source_heldout,0.6,78442,268,6587,4082
tree,103,source_heldout,0.65,78056,176,6973,4174
tree,103,source_heldout,0.7,77949,174,7080,4176
tree,103,source_heldout,0.75,77827,167,7202,4183
tree,103,source_heldout,0.8,76983,153,8046,4197
tree,103,source_heldout,0.85,76983,153,8046,4197
tree,103,source_heldout,0.9,76788,149,8241,4201
tree,103,source_heldout,0.95,76788,149,8241,4201
tree,103,source_heldout,0.975,74531,101,10498,4249
tree,103,source_heldout,0.99,74531,101,10498,4249
tree,103,source_heldout,0.995,71773,100,13256,4250
tree,103,source_heldout,0.999,71773,100,13256,4250
tree,103,target,0.05,692392,469736,45761,8000
tree,103,target,0.1,637360,351359,100793,126377
tree,103,target,0.15,546417,318872,191736,158864
tree,103,target,0.2,73503,37146,664650,440590
tree,103,target,0.25,65362,37075,672791,440661
tree,103,target,0.3,65238,37050,672915,440686
tree,103,target,0.35,64919,37049,673234,440687
tree,103,target,0.4,64916,37049,673237,440687
tree,103,target,0.45,64916,37049,673237,440687
tree,103,target,0.5,64916,37049,673237,440687
tree,103,target,0.55,64916,37049,673237,440687
tree,103,target,0.6,64916,36946,673237,440790
tree,103,target,0.65,64896,36946,673257,440790
tree,103,target,0.7,64896,36932,673257,440804
tree,103,target,0.75,64896,36931,673257,440805
tree,103,target,0.8,29103,36188,709050,441548
tree,103,target,0.85,29103,36188,709050,441548
tree,103,target,0.9,29103,36188,709050,441548
tree,103,target,0.95,29103,36188,709050,441548
tree,103,target,0.975,29103,36188,709050,441548
tree,103,target,0.99,29103,36188,709050,441548
tree,103,target,0.995,21426,36059,716727,441677
tree,103,target,0.999,21426,36059,716727,441677
rf,103,source_heldout,0.05,84978,3679,51,671
rf,103,source_heldout,0.1,82030,3223,2999,1127
rf,103,source_heldout,0.15,80779,2717,4250,1633
rf,103,source_heldout,0.2,80720,815,4309,3535
rf,103,source_heldout,0.25,80498,695,4531,3655
rf,103,source_heldout,0.3,80444,625,4585,3725
rf,103,source_heldout,0.35,80318,553,4711,3797
rf,103,source_heldout,0.4,79837,467,5192,3883
rf,103,source_heldout,0.45,79671,418,5358,3932
rf,103,source_heldout,0.5,79470,347,5559,4003
rf,103,source_heldout,0.55,79170,307,5859,4043
rf,103,source_heldout,0.6,78698,220,6331,4130
rf,103,source_heldout,0.65,78337,142,6692,4208
rf,103,source_heldout,0.7,78253,129,6776,4221
rf,103,source_heldout,0.75,78145,118,6884,4232
rf,103,source_heldout,0.8,77080,100,7949,4250
rf,103,source_heldout,0.85,76986,83,8043,4267
rf,103,source_heldout,0.9,76509,60,8520,4290
rf,103,source_heldout,0.95,74670,39,10359,4311
rf,103,source_heldout,0.975,69325,8,15704,4342
rf,103,source_heldout,0.99,68850,5,16179,4345
rf,103,source_heldout,0.995,68203,3,16826,4347
rf,103,source_heldout,0.999,52700,2,32329,4348
rf,103,target,0.05,725263,475804,12890,1932
rf,103,target,0.1,671550,451853,66603,25883
rf,103,target,0.15,662973,343184,75180,134552
rf,103,target,0.2,184756,60894,553397,416842
rf,103,target,0.25,183351,59897,554802,417839
rf,103,target,0.3,183184,57496,554969,420240
rf,103,target,0.35,182806,51281,555347,426455
rf,103,target,0.4,182689,36539,555464,441197
rf,103,target,0.45,182473,32860,555680,444876
rf,103,target,0.5,182239,25448,555914,452288
rf,103,target,0.55,153963,16554,584190,461182
rf,103,target,0.6,152112,12606,586041,465130
rf,103,target,0.65,126701,10955,611452,466781
rf,103,target,0.7,88329,9785,649824,467951
rf,103,target,0.75,84818,9225,653335,468511
rf,103,target,0.8,79210,8971,658943,468765
rf,103,target,0.85,49035,7945,689118,469791
rf,103,target,0.9,20139,985,718014,476751
rf,103,target,0.95,4819,70,733334,477666
rf,103,target,0.975,4357,43,733796,477693
rf,103,target,0.99,399,23,737754,477713
rf,103,target,0.995,65,23,738088,477713
rf,103,target,0.999,1,19,738152,477717
xgboost,103,source_heldout,0.05,84797,1442,232,2908
xgboost,103,source_heldout,0.1,81635,1003,3394,3347
xgboost,103,source_heldout,0.15,80497,563,4532,3787
xgboost,103,source_heldout,0.2,80087,468,4942,3882
xgboost,103,source_heldout,0.25,80025,438,5004,3912
xgboost,103,source_heldout,0.3,79853,389,5176,3961
xgboost,103,source_heldout,0.35,79774,374,5255,3976
xgboost,103,source_heldout,0.4,79495,342,5534,4008
xgboost,103,source_heldout,0.45,79343,312,5686,4038
xgboost,103,source_heldout,0.5,79144,277,5885,4073
xgboost,103,source_heldout,0.55,78723,242,6306,4108
xgboost,103,source_heldout,0.6,78516,224,6513,4126
xgboost,103,source_heldout,0.65,78000,120,7029,4230
xgboost,103,source_heldout,0.7,77760,85,7269,4265
xgboost,103,source_heldout,0.75,77572,77,7457,4273
xgboost,103,source_heldout,0.8,76684,62,8345,4288
xgboost,103,source_heldout,0.85,76402,59,8627,4291
xgboost,103,source_heldout,0.9,75920,53,9109,4297
xgboost,103,source_heldout,0.95,75090,52,9939,4298
xgboost,103,source_heldout,0.975,72208,24,12821,4326
xgboost,103,source_heldout,0.99,71404,24,13625,4326
xgboost,103,source_heldout,0.995,70275,2,14754,4348
xgboost,103,source_heldout,0.999,63131,2,21898,4348
xgboost,103,target,0.05,692424,315909,45729,161827
xgboost,103,target,0.1,646339,308192,91814,169544
xgboost,103,target,0.15,624250,302864,113903,174872
xgboost,103,target,0.2,147422,13324,590731,464412
xgboost,103,target,0.25,85632,11088,652521,466648
xgboost,103,target,0.3,42464,2640,695689,475096
xgboost,103,target,0.35,40883,2323,697270,475413
xgboost,103,target,0.4,40704,2134,697449,475602
xgboost,103,target,0.45,37118,2017,701035,475719
xgboost,103,target,0.5,34475,1700,703678,476036
xgboost,103,target,0.55,31275,1613,706878,476123
xgboost,103,target,0.6,30381,1266,707772,476470
xgboost,103,target,0.65,29823,1098,708330,476638
xgboost,103,target,0.7,28669,1058,709484,476678
xgboost,103,target,0.75,14932,888,723221,476848
xgboost,103,target,0.8,14655,851,723498,476885
xgboost,103,target,0.85,9315,166,728838,477570
xgboost,103,target,0.9,3811,89,734342,477647
xgboost,103,target,0.95,37,7,738116,477729
xgboost,103,target,0.975,16,5,738137,477731
xgboost,103,target,0.99,0,2,738153,477734
xgboost,103,target,0.995,0,0,738153,477736
xgboost,103,target,0.999,0,0,738153,477736
hgb,103,source_heldout,0.05,84855,1457,174,2893
hgb,103,source_heldout,0.1,81671,1056,3358,3294
hgb,103,source_heldout,0.15,80204,536,4825,3814
hgb,103,source_heldout,0.2,80024,457,5005,3893
hgb,103,source_heldout,0.25,79858,431,5171,3919
hgb,103,source_heldout,0.3,79761,398,5268,3952
hgb,103,source_heldout,0.35,79679,371,5350,3979
hgb,103,source_heldout,0.4,79353,330,5676,4020
hgb,103,source_heldout,0.45,79045,282,5984,4068
hgb,103,source_heldout,0.5,78485,245,6544,4105
hgb,103,source_heldout,0.55,78301,210,6728,4140
hgb,103,source_heldout,0.6,77822,139,7207,4211
hgb,103,source_heldout,0.65,77528,91,7501,4259
hgb,103,source_heldout,0.7,77329,83,7700,4267
hgb,103,source_heldout,0.75,77185,79,7844,4271
hgb,103,source_heldout,0.8,76973,78,8056,4272
hgb,103,source_heldout,0.85,76101,63,8928,4287
hgb,103,source_heldout,0.9,75540,60,9489,4290
hgb,103,source_heldout,0.95,74591,53,10438,4297
hgb,103,source_heldout,0.975,73120,45,11909,4305
hgb,103,source_heldout,0.99,70800,26,14229,4324
hgb,103,source_heldout,0.995,69073,2,15956,4348
hgb,103,source_heldout,0.999,54319,2,30710,4348
hgb,103,target,0.05,656540,432487,81613,45249
hgb,103,target,0.1,649498,315939,88655,161797
hgb,103,target,0.15,640904,311511,97249,166225
hgb,103,target,0.2,165440,26327,572713,451409
hgb,103,target,0.25,145352,21929,592801,455807
hgb,103,target,0.3,87771,20742,650382,456994
hgb,103,target,0.35,83494,20433,654659,457303
hgb,103,target,0.4,54281,13376,683872,464360
hgb,103,target,0.45,54262,12699,683891,465037
hgb,103,target,0.5,51247,9335,686906,468401
hgb,103,target,0.55,34092,8074,704061,469662
hgb,103,target,0.6,33754,7012,704399,470724
hgb,103,target,0.65,29199,6656,708954,471080
hgb,103,target,0.7,28320,4775,709833,472961
hgb,103,target,0.75,19091,3494,719062,474242
hgb,103,target,0.8,16876,2577,721277,475159
hgb,103,target,0.85,9626,2121,728527,475615
hgb,103,target,0.9,3677,1194,734476,476542
hgb,103,target,0.95,46,734,738107,477002
hgb,103,target,0.975,19,232,738134,477504
hgb,103,target,0.99,16,8,738137,477728
hgb,103,target,0.995,0,0,738153,477736
hgb,103,target,0.999,0,0,738153,477736
mlp,103,source_heldout,0.05,84835,1517,194,2833
mlp,103,source_heldout,0.1,81446,1101,3583,3249
mlp,103,source_heldout,0.15,79792,462,5237,3888
mlp,103,source_heldout,0.2,79728,435,5301,3915
mlp,103,source_heldout,0.25,79594,402,5435,3948
mlp,103,source_heldout,0.3,79502,368,5527,3982
mlp,103,source_heldout,0.35,79458,358,5571,3992
mlp,103,source_heldout,0.4,79370,350,5659,4000
mlp,103,source_heldout,0.45,79237,331,5792,4019
mlp,103,source_heldout,0.5,78991,324,6038,4026
mlp,103,source_heldout,0.55,78380,268,6649,4082
mlp,103,source_heldout,0.6,77926,193,7103,4157
mlp,103,source_heldout,0.65,77460,164,7569,4186
mlp,103,source_heldout,0.7,77114,115,7915,4235
mlp,103,source_heldout,0.75,76741,91,8288,4259
mlp,103,source_heldout,0.8,76519,80,8510,4270
mlp,103,source_heldout,0.85,75432,66,9597,4284
mlp,103,source_heldout,0.9,73984,40,11045,4310
mlp,103,source_heldout,0.95,73302,31,11727,4319
mlp,103,source_heldout,0.975,72449,28,12580,4322
mlp,103,source_heldout,0.99,66407,22,18622,4328
mlp,103,source_heldout,0.995,62774,22,22255,4328
mlp,103,source_heldout,0.999,31790,2,53239,4348
mlp,103,target,0.05,685365,453211,52788,24525
mlp,103,target,0.1,165425,167528,572728,310208
mlp,103,target,0.15,121260,137457,616893,340279
mlp,103,target,0.2,94793,129918,643360,347818
mlp,103,target,0.25,91258,21986,646895,455750
mlp,103,target,0.3,90060,21799,648093,455937
mlp,103,target,0.35,67848,16772,670305,460964
mlp,103,target,0.4,32036,16007,706117,461729
mlp,103,target,0.45,31913,15800,706240,461936
mlp,103,target,0.5,31908,15720,706245,462016
mlp,103,target,0.55,29637,15656,708516,462080
mlp,103,target,0.6,29598,15392,708555,462344
mlp,103,target,0.65,29510,11970,708643,465766
mlp,103,target,0.7,21154,5103,716999,472633
mlp,103,target,0.75,18702,5033,719451,472703
mlp,103,target,0.8,17301,953,720852,476783
mlp,103,target,0.85,16675,890,721478,476846
mlp,103,target,0.9,9175,881,728978,476855
mlp,103,target,0.95,308,53,737845,477683
mlp,103,target,0.975,192,18,737961,477718
mlp,103,target,0.99,185,3,737968,477733
mlp,103,target,0.995,77,0,738076,477736
mlp,103,target,0.999,0,0,738153,477736
majority,104,source_heldout,0.05,97763,1227,0,0
majority,104,source_heldout,0.1,97763,1227,0,0
majority,104,source_heldout,0.15,97763,1227,0,0
majority,104,source_heldout,0.2,97763,1227,0,0
majority,104,source_heldout,0.25,97763,1227,0,0
majority,104,source_heldout,0.3,97763,1227,0,0
majority,104,source_heldout,0.35,97763,1227,0,0
majority,104,source_heldout,0.4,97763,1227,0,0
majority,104,source_heldout,0.45,97763,1227,0,0
majority,104,source_heldout,0.5,97763,1227,0,0
majority,104,source_heldout,0.55,97763,1227,0,0
majority,104,source_heldout,0.6,97763,1227,0,0
majority,104,source_heldout,0.65,97763,1227,0,0
majority,104,source_heldout,0.7,97763,1227,0,0
majority,104,source_heldout,0.75,97763,1227,0,0
majority,104,source_heldout,0.8,97763,1227,0,0
majority,104,source_heldout,0.85,97763,1227,0,0
majority,104,source_heldout,0.9,97763,1227,0,0
majority,104,source_heldout,0.95,97763,1227,0,0
majority,104,source_heldout,0.975,97763,1227,0,0
majority,104,source_heldout,0.99,97763,1227,0,0
majority,104,source_heldout,0.995,97763,1227,0,0
majority,104,source_heldout,0.999,97763,1227,0,0
majority,104,target,0.05,738153,477736,0,0
majority,104,target,0.1,738153,477736,0,0
majority,104,target,0.15,738153,477736,0,0
majority,104,target,0.2,738153,477736,0,0
majority,104,target,0.25,738153,477736,0,0
majority,104,target,0.3,738153,477736,0,0
majority,104,target,0.35,738153,477736,0,0
majority,104,target,0.4,738153,477736,0,0
majority,104,target,0.45,738153,477736,0,0
majority,104,target,0.5,738153,477736,0,0
majority,104,target,0.55,738153,477736,0,0
majority,104,target,0.6,738153,477736,0,0
majority,104,target,0.65,738153,477736,0,0
majority,104,target,0.7,738153,477736,0,0
majority,104,target,0.75,738153,477736,0,0
majority,104,target,0.8,738153,477736,0,0
majority,104,target,0.85,738153,477736,0,0
majority,104,target,0.9,738153,477736,0,0
majority,104,target,0.95,738153,477736,0,0
majority,104,target,0.975,738153,477736,0,0
majority,104,target,0.99,738153,477736,0,0
majority,104,target,0.995,738153,477736,0,0
majority,104,target,0.999,738153,477736,0,0
stratified,104,source_heldout,0.05,90480,1138,7283,89
stratified,104,source_heldout,0.1,90480,1138,7283,89
stratified,104,source_heldout,0.15,90480,1138,7283,89
stratified,104,source_heldout,0.2,90480,1138,7283,89
stratified,104,source_heldout,0.25,90480,1138,7283,89
stratified,104,source_heldout,0.3,90480,1138,7283,89
stratified,104,source_heldout,0.35,90480,1138,7283,89
stratified,104,source_heldout,0.4,90480,1138,7283,89
stratified,104,source_heldout,0.45,90480,1138,7283,89
stratified,104,source_heldout,0.5,90480,1138,7283,89
stratified,104,source_heldout,0.55,90480,1138,7283,89
stratified,104,source_heldout,0.6,90480,1138,7283,89
stratified,104,source_heldout,0.65,90480,1138,7283,89
stratified,104,source_heldout,0.7,90480,1138,7283,89
stratified,104,source_heldout,0.75,90480,1138,7283,89
stratified,104,source_heldout,0.8,90480,1138,7283,89
stratified,104,source_heldout,0.85,90480,1138,7283,89
stratified,104,source_heldout,0.9,90480,1138,7283,89
stratified,104,source_heldout,0.95,90480,1138,7283,89
stratified,104,source_heldout,0.975,90480,1138,7283,89
stratified,104,source_heldout,0.99,90480,1138,7283,89
stratified,104,source_heldout,0.995,90480,1138,7283,89
stratified,104,source_heldout,0.999,90480,1138,7283,89
stratified,104,target,0.05,683410,442292,54743,35444
stratified,104,target,0.1,683410,442292,54743,35444
stratified,104,target,0.15,683410,442292,54743,35444
stratified,104,target,0.2,683410,442292,54743,35444
stratified,104,target,0.25,683410,442292,54743,35444
stratified,104,target,0.3,683410,442292,54743,35444
stratified,104,target,0.35,683410,442292,54743,35444
stratified,104,target,0.4,683410,442292,54743,35444
stratified,104,target,0.45,683410,442292,54743,35444
stratified,104,target,0.5,683410,442292,54743,35444
stratified,104,target,0.55,683410,442292,54743,35444
stratified,104,target,0.6,683410,442292,54743,35444
stratified,104,target,0.65,683410,442292,54743,35444
stratified,104,target,0.7,683410,442292,54743,35444
stratified,104,target,0.75,683410,442292,54743,35444
stratified,104,target,0.8,683410,442292,54743,35444
stratified,104,target,0.85,683410,442292,54743,35444
stratified,104,target,0.9,683410,442292,54743,35444
stratified,104,target,0.95,683410,442292,54743,35444
stratified,104,target,0.975,683410,442292,54743,35444
stratified,104,target,0.99,683410,442292,54743,35444
stratified,104,target,0.995,683410,442292,54743,35444
stratified,104,target,0.999,683410,442292,54743,35444
logreg,104,source_heldout,0.05,97238,1105,525,122
logreg,104,source_heldout,0.1,96735,1004,1028,223
logreg,104,source_heldout,0.15,96412,920,1351,307
logreg,104,source_heldout,0.2,95991,748,1772,479
logreg,104,source_heldout,0.25,95117,556,2646,671
logreg,104,source_heldout,0.3,95051,468,2712,759
logreg,104,source_heldout,0.35,94029,446,3734,781
logreg,104,source_heldout,0.4,90708,411,7055,816
logreg,104,source_heldout,0.45,90495,395,7268,832
logreg,104,source_heldout,0.5,90268,389,7495,838
logreg,104,source_heldout,0.55,90123,373,7640,854
logreg,104,source_heldout,0.6,89956,365,7807,862
logreg,104,source_heldout,0.65,85655,349,12108,878
logreg,104,source_heldout,0.7,70122,334,27641,893
logreg,104,source_heldout,0.75,69445,325,28318,902
logreg,104,source_heldout,0.8,64640,220,33123,1007
logreg,104,source_heldout,0.85,55580,172,42183,1055
logreg,104,source_heldout,0.9,1156,124,96607,1103
logreg,104,source_heldout,0.95,1142,124,96621,1103
logreg,104,source_heldout,0.975,1133,124,96630,1103
logreg,104,source_heldout,0.99,28,8,97735,1219
logreg,104,source_heldout,0.995,28,8,97735,1219
logreg,104,source_heldout,0.999,28,8,97735,1219
logreg,104,target,0.05,679789,448709,58364,29027
logreg,104,target,0.1,666608,439943,71545,37793
logreg,104,target,0.15,663212,438958,74941,38778
logreg,104,target,0.2,657280,415576,80873,62160
logreg,104,target,0.25,655007,414563,83146,63173
logreg,104,target,0.3,654262,413762,83891,63974
logreg,104,target,0.35,653098,413425,85055,64311
logreg,104,target,0.4,650906,413232,87247,64504
logreg,104,target,0.45,648444,412749,89709,64987
logreg,104,target,0.5,645780,412293,92373,65443
logreg,104,target,0.55,645122,411929,93031,65807
logreg,104,target,0.6,635088,411395,103065,66341
logreg,104,target,0.65,620050,410977,118103,66759
logreg,104,target,0.7,608259,410746,129894,66990
logreg,104,target,0.75,601745,408739,136408,68997
logreg,104,target,0.8,539581,295880,198572,181856
logreg,104,target,0.85,58272,11608,679881,466128
logreg,104,target,0.9,58272,11601,679881,466135
logreg,104,target,0.95,58272,11577,679881,466159
logreg,104,target,0.975,58272,11523,679881,466213
logreg,104,target,0.99,0,4535,738153,473201
logreg,104,target,0.995,0,4535,738153,473201
logreg,104,target,0.999,0,4535,738153,473201
tree,104,source_heldout,0.05,96106,695,1657,532
tree,104,source_heldout,0.1,95629,481,2134,746
tree,104,source_heldout,0.15,94746,320,3017,907
tree,104,source_heldout,0.2,94436,267,3327,960
tree,104,source_heldout,0.25,94382,264,3381,963
tree,104,source_heldout,0.3,94327,259,3436,968
tree,104,source_heldout,0.35,94316,258,3447,969
tree,104,source_heldout,0.4,94288,255,3475,972
tree,104,source_heldout,0.45,93624,221,4139,1006
tree,104,source_heldout,0.5,92492,171,5271,1056
tree,104,source_heldout,0.55,90635,94,7128,1133
tree,104,source_heldout,0.6,90159,66,7604,1161
tree,104,source_heldout,0.65,90054,63,7709,1164
tree,104,source_heldout,0.7,90043,63,7720,1164
tree,104,source_heldout,0.75,89604,60,8159,1167
tree,104,source_heldout,0.8,89527,56,8236,1171
tree,104,source_heldout,0.85,88919,48,8844,1179
tree,104,source_heldout,0.9,88265,23,9498,1204
tree,104,source_heldout,0.95,88265,23,9498,1204
tree,104,source_heldout,0.975,87991,23,9772,1204
tree,104,source_heldout,0.99,83059,21,14704,1206
tree,104,source_heldout,0.995,83059,21,14704,1206
tree,104,source_heldout,0.999,83059,21,14704,1206
tree,104,target,0.05,162628,181563,575525,296173
tree,104,target,0.1,117976,145355,620177,332381
tree,104,target,0.15,116860,143163,621293,334573
tree,104,target,0.2,96934,140152,641219,337584
tree,104,target,0.25,89692,140040,648461,337696
tree,104,target,0.3,89692,139886,648461,337850
tree,104,target,0.35,89692,139882,648461,337854
tree,104,target,0.4,89692,139863,648461,337873
tree,104,target,0.45,89692,139851,648461,337885
tree,104,target,0.5,89692,139851,648461,337885
tree,104,target,0.55,87411,139756,650742,337980
tree,104,target,0.6,87409,139753,650744,337983
tree,104,target,0.65,87409,139753,650744,337983
tree,104,target,0.7,87409,139753,650744,337983
tree,104,target,0.75,84515,139685,653638,338051
tree,104,target,0.8,84515,139685,653638,338051
tree,104,target,0.85,84515,139682,653638,338054
tree,104,target,0.9,84510,139682,653643,338054
tree,104,target,0.95,84510,139682,653643,338054
tree,104,target,0.975,84510,139635,653643,338101
tree,104,target,0.99,79527,139505,658626,338231
tree,104,target,0.995,79527,139505,658626,338231
tree,104,target,0.999,79527,139505,658626,338231
rf,104,source_heldout,0.05,96881,917,882,310
rf,104,source_heldout,0.1,96103,700,1660,527
rf,104,source_heldout,0.15,95212,495,2551,732
rf,104,source_heldout,0.2,95056,429,2707,798
rf,104,source_heldout,0.25,94976,390,2787,837
rf,104,source_heldout,0.3,94891,367,2872,860
rf,104,source_heldout,0.35,94840,341,2923,886
rf,104,source_heldout,0.4,94650,304,3113,923
rf,104,source_heldout,0.45,94041,255,3722,972
rf,104,source_heldout,0.5,93734,222,4029,1005
rf,104,source_heldout,0.55,90998,105,6765,1122
rf,104,source_heldout,0.6,90572,75,7191,1152
rf,104,source_heldout,0.65,90471,70,7292,1157
rf,104,source_heldout,0.7,90136,65,7627,1162
rf,104,source_heldout,0.75,90085,59,7678,1168
rf,104,source_heldout,0.8,89348,42,8415,1185
rf,104,source_heldout,0.85,89287,35,8476,1192
rf,104,source_heldout,0.9,88554,12,9209,1215
rf,104,source_heldout,0.95,88196,6,9567,1221
rf,104,source_heldout,0.975,86140,5,11623,1222
rf,104,source_heldout,0.99,81701,0,16062,1227
rf,104,source_heldout,0.995,80929,0,16834,1227
rf,104,source_heldout,0.999,78902,0,18861,1227
rf,104,target,0.05,245887,194258,492266,283478
rf,104,target,0.1,232947,190948,505206,286788
rf,104,target,0.15,187855,189493,550298,288243
rf,104,target,0.2,185389,188542,552764,289194
rf,104,target,0.25,184529,165167,553624,312569
rf,104,target,0.3,181362,163757,556791,313979
rf,104,target,0.35,180984,158606,557169,319130
rf,104,target,0.4,180534,157241,557619,320495
rf,104,target,0.45,179571,155252,558582,322484
rf,104,target,0.5,178066,141350,560087,336386
rf,104,target,0.55,154379,136673,583774,341063
rf,104,target,0.6,143923,135539,594230,342197
rf,104,target,0.65,115908,134714,622245,343022
rf,104,target,0.7,108301,133055,629852,344681
rf,104,target,0.75,64785,132208,673368,345528
rf,104,target,0.8,61396,125931,676757,351805
rf,104,target,0.85,54194,121944,683959,355792
rf,104,target,0.9,43492,120340,694661,357396
rf,104,target,0.95,18325,112292,719828,365444
rf,104,target,0.975,17244,330,720909,477406
rf,104,target,0.99,0,24,738153,477712
rf,104,target,0.995,0,0,738153,477736
rf,104,target,0.999,0,0,738153,477736
xgboost,104,source_heldout,0.05,96709,789,1054,438
xgboost,104,source_heldout,0.1,95771,586,1992,641
xgboost,104,source_heldout,0.15,94779,349,2984,878
xgboost,104,source_heldout,0.2,94577,299,3186,928
xgboost,104,source_heldout,0.25,94504,273,3259,954
xgboost,104,source_heldout,0.3,94427,263,3336,964
xgboost,104,source_heldout,0.35,94329,252,3434,975
xgboost,104,source_heldout,0.4,94153,233,3610,994
xgboost,104,source_heldout,0.45,93518,204,4245,1023
xgboost,104,source_heldout,0.5,93225,183,4538,1044
xgboost,104,source_heldout,0.55,90514,81,7249,1146
xgboost,104,source_heldout,0.6,90207,60,7556,1167
xgboost,104,source_heldout,0.65,90020,51,7743,1176
xgboost,104,source_heldout,0.7,89831,46,7932,1181
xgboost,104,source_heldout,0.75,89718,44,8045,1183
xgboost,104,source_heldout,0.8,88891,26,8872,1201
xgboost,104,source_heldout,0.85,88714,25,9049,1202
xgboost,104,source_heldout,0.9,87285,2,10478,1225
xgboost,104,source_heldout,0.95,85760,1,12003,1226
xgboost,104,source_heldout,0.975,83994,0,13769,1227
xgboost,104,source_heldout,0.99,81645,0,16118,1227
xgboost,104,source_heldout,0.995,79868,0,17895,1227
xgboost,104,source_heldout,0.999,74467,0,23296,1227
xgboost,104,target,0.05,218830,175641,519323,302095
xgboost,104,target,0.1,216394,139653,521759,338083
xgboost,104,target,0.15,176568,131114,561585,346622
xgboost,104,target,0.2,174196,125506,563957,352230
xgboost,104,target,0.25,173219,124331,564934,353405
xgboost,104,target,0.3,95469,121921,642684,355815
xgboost,104,target,0.35,89471,121559,648682,356177
xgboost,104,target,0.4,85445,121213,652708,356523
xgboost,104,target,0.45,79685,120825,658468,356911
xgboost,104,target,0.5,76736,120143,661417,357593
xgboost,104,target,0.55,73311,120060,664842,357676
xgboost,104,target,0.6,68340,119932,669813,357804
xgboost,104,target,0.65,66180,119892,671973,357844
xgboost,104,target,0.7,63765,12024,674388,465712
xgboost,104,target,0.75,62230,11938,675923,465798
xgboost,104,target,0.8,59523,7858,678630,469878
xgboost,104,target,0.85,53597,7750,684556,469986
xgboost,104,target,0.9,24558,7433,713595,470303
xgboost,104,target,0.95,18,49,738135,477687
xgboost,104,target,0.975,2,11,738151,477725
xgboost,104,target,0.99,0,3,738153,477733
xgboost,104,target,0.995,0,2,738153,477734
xgboost,104,target,0.999,0,0,738153,477736
hgb,104,source_heldout,0.05,96820,852,943,375
hgb,104,source_heldout,0.1,95773,608,1990,619
hgb,104,source_heldout,0.15,94743,365,3020,862
hgb,104,source_heldout,0.2,94550,321,3213,906
hgb,104,source_heldout,0.25,94435,279,3328,948
hgb,104,source_heldout,0.3,94273,255,3490,972
hgb,104,source_heldout,0.35,94217,250,3546,977
hgb,104,source_heldout,0.4,94020,228,3743,999
hgb,104,source_heldout,0.45,93593,199,4170,1028
hgb,104,source_heldout,0.5,93121,182,4642,1045
hgb,104,source_heldout,0.55,90610,99,7153,1128
hgb,104,source_heldout,0.6,90114,60,7649,1167
hgb,104,source_heldout,0.65,89862,52,7901,1175
hgb,104,source_heldout,0.7,89718,46,8045,1181
hgb,104,source_heldout,0.75,89565,44,8198,1183
hgb,104,source_heldout,0.8,89361,37,8402,1190
hgb,104,source_heldout,0.85,88559,27,9204,1200
hgb,104,source_heldout,0.9,87678,4,10085,1223
hgb,104,source_heldout,0.95,86289,1,11474,1226
hgb,104,source_heldout,0.975,84618,0,13145,1227
hgb,104,source_heldout,0.99,83313,0,14450,1227
hgb,104,source_heldout,0.995,81934,0,15829,1227
hgb,104,source_heldout,0.999,73633,0,24130,1227
hgb,104,target,0.05,658917,454731,79236,23005
hgb,104,target,0.1,161645,143596,576508,334140
hgb,104,target,0.15,156394,140744,581759,336992
hgb,104,target,0.2,153903,137480,584250,340256
hgb,104,target,0.25,153337,126987,584816,350749
hgb,104,target,0.3,153187,15610,584966,462126
hgb,104,target,0.35,152008,14635,586145,463101
hgb,104,target,0.4,146904,14348,591249,463388
hgb,104,target,0.45,144077,14229,594076,463507
hgb,104,target,0.5,143517,14109,594636,463627
hgb,104,target,0.55,120906,7128,617247,470608
hgb,104,target,0.6,120466,6724,617687,471012
hgb,104,target,0.65,114704,6307,623449,471429
hgb,104,target,0.7,87371,6090,650782,471646
hgb,104,target,0.75,67631,5656,670522,472080
hgb,104,target,0.8,28963,4904,709190,472832
hgb,104,target,0.85,24963,757,713190,476979
hgb,104,target,0.9,22078,97,716075,477639
hgb,104,target,0.95,15454,41,722699,477695
hgb,104,target,0.975,506,25,737647,477711
hgb,104,target,0.99,7,2,738146,477734
hgb,104,target,0.995,0,2,738153,477734
hgb,104,target,0.999,0,0,738153,477736
mlp,104,source_heldout,0.05,96915,842,848,385
mlp,104,source_heldout,0.1,95871,610,1892,617
mlp,104,source_heldout,0.15,95443,493,2320,734
mlp,104,source_heldout,0.2,94395,298,3368,929
mlp,104,source_heldout,0.25,94264,280,3499,947
mlp,104,source_heldout,0.3,94212,273,3551,954
mlp,104,source_heldout,0.35,94167,266,3596,961
mlp,104,source_heldout,0.4,94001,243,3762,984
mlp,104,source_heldout,0.45,93616,207,4147,1020
mlp,104,source_heldout,0.5,93430,195,4333,1032
mlp,104,source_heldout,0.55,90190,73,7573,1154
mlp,104,source_heldout,0.6,90037,71,7726,1156
mlp,104,source_heldout,0.65,89695,60,8068,1167
mlp,104,source_heldout,0.7,89552,54,8211,1173
mlp,104,source_heldout,0.75,89304,51,8459,1176
mlp,104,source_heldout,0.8,88147,38,9616,1189
mlp,104,source_heldout,0.85,87871,34,9892,1193
mlp,104,source_heldout,0.9,87346,15,10417,1212
mlp,104,source_heldout,0.95,85762,12,12001,1215
mlp,104,source_heldout,0.975,82252,10,15511,1217
mlp,104,source_heldout,0.99,78419,8,19344,1219
mlp,104,source_heldout,0.995,77114,8,20649,1219
mlp,104,source_heldout,0.999,69786,8,27977,1219
mlp,104,target,0.05,692108,459777,46045,17959
mlp,104,target,0.1,656530,450677,81623,27059
mlp,104,target,0.15,615860,425909,122293,51827
mlp,104,target,0.2,614095,424269,124058,53467
mlp,104,target,0.25,612026,423761,126127,53975
mlp,104,target,0.3,607867,315334,130286,162402
mlp,104,target,0.35,586773,314932,151380,162804
mlp,104,target,0.4,113779,33254,624374,444482
mlp,104,target,0.45,112228,33194,625925,444542
mlp,104,target,0.5,111959,33133,626194,444603
mlp,104,target,0.55,111845,32935,626308,444801
mlp,104,target,0.6,110267,32818,627886,444918
mlp,104,target,0.65,109910,32715,628243,445021
mlp,104,target,0.7,108349,32668,629804,445068
mlp,104,target,0.75,99846,32421,638307,445315
mlp,104,target,0.8,99460,32275,638693,445461
mlp,104,target,0.85,76909,24807,661244,452929
mlp,104,target,0.9,18671,16096,719482,461640
mlp,104,target,0.95,11901,14771,726252,462965
mlp,104,target,0.975,6323,5001,731830,472735
mlp,104,target,0.99,6158,4726,731995,473010
mlp,104,target,0.995,5417,4642,732736,473094
mlp,104,target,0.999,21,4566,738132,473170
majority,105,source_heldout,0.05,89098,99,0,0
majority,105,source_heldout,0.1,89098,99,0,0
majority,105,source_heldout,0.15,89098,99,0,0
majority,105,source_heldout,0.2,89098,99,0,0
majority,105,source_heldout,0.25,89098,99,0,0
majority,105,source_heldout,0.3,89098,99,0,0
majority,105,source_heldout,0.35,89098,99,0,0
majority,105,source_heldout,0.4,89098,99,0,0
majority,105,source_heldout,0.45,89098,99,0,0
majority,105,source_heldout,0.5,89098,99,0,0
majority,105,source_heldout,0.55,89098,99,0,0
majority,105,source_heldout,0.6,89098,99,0,0
majority,105,source_heldout,0.65,89098,99,0,0
majority,105,source_heldout,0.7,89098,99,0,0
majority,105,source_heldout,0.75,89098,99,0,0
majority,105,source_heldout,0.8,89098,99,0,0
majority,105,source_heldout,0.85,89098,99,0,0
majority,105,source_heldout,0.9,89098,99,0,0
majority,105,source_heldout,0.95,89098,99,0,0
majority,105,source_heldout,0.975,89098,99,0,0
majority,105,source_heldout,0.99,89098,99,0,0
majority,105,source_heldout,0.995,89098,99,0,0
majority,105,source_heldout,0.999,89098,99,0,0
majority,105,target,0.05,738153,477736,0,0
majority,105,target,0.1,738153,477736,0,0
majority,105,target,0.15,738153,477736,0,0
majority,105,target,0.2,738153,477736,0,0
majority,105,target,0.25,738153,477736,0,0
majority,105,target,0.3,738153,477736,0,0
majority,105,target,0.35,738153,477736,0,0
majority,105,target,0.4,738153,477736,0,0
majority,105,target,0.45,738153,477736,0,0
majority,105,target,0.5,738153,477736,0,0
majority,105,target,0.55,738153,477736,0,0
majority,105,target,0.6,738153,477736,0,0
majority,105,target,0.65,738153,477736,0,0
majority,105,target,0.7,738153,477736,0,0
majority,105,target,0.75,738153,477736,0,0
majority,105,target,0.8,738153,477736,0,0
majority,105,target,0.85,738153,477736,0,0
majority,105,target,0.9,738153,477736,0,0
majority,105,target,0.95,738153,477736,0,0
majority,105,target,0.975,738153,477736,0,0
majority,105,target,0.99,738153,477736,0,0
majority,105,target,0.995,738153,477736,0,0
majority,105,target,0.999,738153,477736,0,0
stratified,105,source_heldout,0.05,82315,91,6783,8
stratified,105,source_heldout,0.1,82315,91,6783,8
stratified,105,source_heldout,0.15,82315,91,6783,8
stratified,105,source_heldout,0.2,82315,91,6783,8
stratified,105,source_heldout,0.25,82315,91,6783,8
stratified,105,source_heldout,0.3,82315,91,6783,8
stratified,105,source_heldout,0.35,82315,91,6783,8
stratified,105,source_heldout,0.4,82315,91,6783,8
stratified,105,source_heldout,0.45,82315,91,6783,8
stratified,105,source_heldout,0.5,82315,91,6783,8
stratified,105,source_heldout,0.55,82315,91,6783,8
stratified,105,source_heldout,0.6,82315,91,6783,8
stratified,105,source_heldout,0.65,82315,91,6783,8
stratified,105,source_heldout,0.7,82315,91,6783,8
stratified,105,source_heldout,0.75,82315,91,6783,8
stratified,105,source_heldout,0.8,82315,91,6783,8
stratified,105,source_heldout,0.85,82315,91,6783,8
stratified,105,source_heldout,0.9,82315,91,6783,8
stratified,105,source_heldout,0.95,82315,91,6783,8
stratified,105,source_heldout,0.975,82315,91,6783,8
stratified,105,source_heldout,0.99,82315,91,6783,8
stratified,105,source_heldout,0.995,82315,91,6783,8
stratified,105,source_heldout,0.999,82315,91,6783,8
stratified,105,target,0.05,682265,441555,55888,36181
stratified,105,target,0.1,682265,441555,55888,36181
stratified,105,target,0.15,682265,441555,55888,36181
stratified,105,target,0.2,682265,441555,55888,36181
stratified,105,target,0.25,682265,441555,55888,36181
stratified,105,target,0.3,682265,441555,55888,36181
stratified,105,target,0.35,682265,441555,55888,36181
stratified,105,target,0.4,682265,441555,55888,36181
stratified,105,target,0.45,682265,441555,55888,36181
stratified,105,target,0.5,682265,441555,55888,36181
stratified,105,target,0.55,682265,441555,55888,36181
stratified,105,target,0.6,682265,441555,55888,36181
stratified,105,target,0.65,682265,441555,55888,36181
stratified,105,target,0.7,682265,441555,55888,36181
stratified,105,target,0.75,682265,441555,55888,36181
stratified,105,target,0.8,682265,441555,55888,36181
stratified,105,target,0.85,682265,441555,55888,36181
stratified,105,target,0.9,682265,441555,55888,36181
stratified,105,target,0.95,682265,441555,55888,36181
stratified,105,target,0.975,682265,441555,55888,36181
stratified,105,target,0.99,682265,441555,55888,36181
stratified,105,target,0.995,682265,441555,55888,36181
stratified,105,target,0.999,682265,441555,55888,36181
logreg,105,source_heldout,0.05,89077,97,21,2
logreg,105,source_heldout,0.1,89076,97,22,2
logreg,105,source_heldout,0.15,89075,97,23,2
logreg,105,source_heldout,0.2,89071,93,27,6
logreg,105,source_heldout,0.25,89027,81,71,18
logreg,105,source_heldout,0.3,86278,74,2820,25
logreg,105,source_heldout,0.35,85299,67,3799,32
logreg,105,source_heldout,0.4,85224,66,3874,33
logreg,105,source_heldout,0.45,85136,55,3962,44
logreg,105,source_heldout,0.5,84949,55,4149,44
logreg,105,source_heldout,0.55,84790,47,4308,52
logreg,105,source_heldout,0.6,84468,33,4630,66
logreg,105,source_heldout,0.65,65851,28,23247,71
logreg,105,source_heldout,0.7,64175,28,24923,71
logreg,105,source_heldout,0.75,63899,12,25199,87
logreg,105,source_heldout,0.8,61820,12,27278,87
logreg,105,source_heldout,0.85,46874,7,42224,92
logreg,105,source_heldout,0.9,234,7,88864,92
logreg,105,source_heldout,0.95,234,5,88864,94
logreg,105,source_heldout,0.975,0,0,89098,99
logreg,105,source_heldout,0.99,0,0,89098,99
logreg,105,source_heldout,0.995,0,0,89098,99
logreg,105,source_heldout,0.999,0,0,89098,99
logreg,105,target,0.05,690268,449696,47885,28040
logreg,105,target,0.1,667753,445699,70400,32037
logreg,105,target,0.15,665756,439562,72397,38174
logreg,105,target,0.2,658603,415498,79550,62238
logreg,105,target,0.25,654729,414442,83424,63294
logreg,105,target,0.3,654319,413446,83834,64290
logreg,105,target,0.35,653422,413036,84731,64700
logreg,105,target,0.4,651597,412740,86556,64996
logreg,105,target,0.45,648875,411940,89278,65796
logreg,105,target,0.5,645843,411615,92310,66121
logreg,105,target,0.55,645038,411420,93115,66316
logreg,105,target,0.6,634961,410655,103192,67081
logreg,105,target,0.65,614024,410431,124129,67305
logreg,105,target,0.7,606595,408061,131558,69675
logreg,105,target,0.75,542309,295914,195844,181822
logreg,105,target,0.8,539489,288817,198664,188919
logreg,105,target,0.85,58272,7258,679881,470478
logreg,105,target,0.9,58272,7240,679881,470496
logreg,105,target,0.95,58272,7195,679881,470541
logreg,105,target,0.975,0,12,738153,477724
logreg,105,target,0.99,0,0,738153,477736
logreg,105,target,0.995,0,0,738153,477736
logreg,105,target,0.999,0,0,738153,477736
tree,105,source_heldout,0.05,89079,98,19,1
tree,105,source_heldout,0.1,89019,77,79,22
tree,105,source_heldout,0.15,88842,33,256,66
tree,105,source_heldout,0.2,88784,26,314,73
tree,105,source_heldout,0.25,88779,25,319,74
tree,105,source_heldout,0.3,88769,23,329,76
tree,105,source_heldout,0.35,88767,23,331,76
tree,105,source_heldout,0.4,88740,15,358,84
tree,105,source_heldout,0.45,88740,15,358,84
tree,105,source_heldout,0.5,88700,10,398,89
tree,105,source_heldout,0.55,88700,10,398,89
tree,105,source_heldout,0.6,88700,10,398,89
tree,105,source_heldout,0.65,88700,10,398,89
tree,105,source_heldout,0.7,88700,10,398,89
tree,105,source_heldout,0.75,88694,10,404,89
tree,105,source_heldout,0.8,88068,10,1030,89
tree,105,source_heldout,0.85,87962,10,1136,89
tree,105,source_heldout,0.9,87748,10,1350,89
tree,105,source_heldout,0.95,87002,10,2096,89
tree,105,source_heldout,0.975,87002,10,2096,89
tree,105,source_heldout,0.99,87002,10,2096,89
tree,105,source_heldout,0.995,83929,10,5169,89
tree,105,source_heldout,0.999,83929,10,5169,89
tree,105,target,0.05,693210,466237,44943,11499
tree,105,target,0.1,693019,440304,45134,37432
tree,105,target,0.15,659272,314568,78881,163168
tree,105,target,0.2,110331,25665,627822,452071
tree,105,target,0.25,108288,24832,629865,452904
tree,105,target,0.3,108288,24822,629865,452914
tree,105,target,0.35,108277,24822,629876,452914
tree,105,target,0.4,108277,24739,629876,452997
tree,105,target,0.45,108253,24721,629900,453015
tree,105,target,0.5,106546,24642,631607,453094
tree,105,target,0.55,106546,24555,631607,453181
tree,105,target,0.6,106546,24552,631607,453184
tree,105,target,0.65,106546,24552,631607,453184
tree,105,target,0.7,106546,24552,631607,453184
tree,105,target,0.75,106546,24552,631607,453184
tree,105,target,0.8,106538,24549,631615,453187
tree,105,target,0.85,106538,24547,631615,453189
tree,105,target,0.9,106538,24547,631615,453189
tree,105,target,0.95,106538,24547,631615,453189
tree,105,target,0.975,106538,24547,631615,453189
tree,105,target,0.99,106538,24547,631615,453189
tree,105,target,0.995,99392,24525,638761,453211
tree,105,target,0.999,99392,24525,638761,453211
rf,105,source_heldout,0.05,89095,86,3,13
rf,105,source_heldout,0.1,89081,79,17,20
rf,105,source_heldout,0.15,89063,72,35,27
rf,105,source_heldout,0.2,89039,64,59,35
rf,105,source_heldout,0.25,89030,63,68,36
rf,105,source_heldout,0.3,88975,51,123,48
rf,105,source_heldout,0.35,88930,41,168,58
rf,105,source_heldout,0.4,88893,31,205,68
rf,105,source_heldout,0.45,88881,30,217,69
rf,105,source_heldout,0.5,88872,29,226,70
rf,105,source_heldout,0.55,88856,25,242,74
rf,105,source_heldout,0.6,88848,24,250,75
rf,105,source_heldout,0.65,88837,21,261,78
rf,105,source_heldout,0.7,88825,20,273,79
rf,105,source_heldout,0.75,88217,19,881,80
rf,105,source_heldout,0.8,88159,6,939,93
rf,105,source_heldout,0.85,88125,3,973,96
rf,105,source_heldout,0.9,87866,3,1232,96
rf,105,source_heldout,0.95,86842,0,2256,99
rf,105,source_heldout,0.975,86494,0,2604,99
rf,105,source_heldout,0.99,83133,0,5965,99
rf,105,source_heldout,0.995,81989,0,7109,99
rf,105,source_heldout,0.999,70898,0,18200,99
rf,105,target,0.05,712923,475972,25230,1764
rf,105,target,0.1,698171,474411,39982,3325
rf,105,target,0.15,695020,451112,43133,26624
rf,105,target,0.2,657240,448768,80913,28968
rf,105,target,0.25,656445,441511,81708,36225
rf,105,target,0.3,182929,149335,555224,328401
rf,105,target,0.35,179144,139424,559009,338312
rf,105,target,0.4,178122,138022,560031,339714
rf,105,target,0.45,173524,136684,564629,341052
rf,105,target,0.5,169116,134837,569037,342899
rf,105,target,0.55,168909,134393,569244,343343
rf,105,target,0.6,168048,129264,570105,348472
rf,105,target,0.65,165693,128948,572460,348788
rf,105,target,0.7,160326,125533,577827,352203
rf,105,target,0.75,144953,123467,593200,354269
rf,105,target,0.8,71040,120613,667113,357123
rf,105,target,0.85,50291,120048,687862,357688
rf,105,target,0.9,46938,119640,691215,358096
rf,105,target,0.95,7358,4798,730795,472938
rf,105,target,0.975,1548,50,736605,477686
rf,105,target,0.99,1177,0,736976,477736
rf,105,target,0.995,1,0,738152,477736
rf,105,target,0.999,0,0,738153,477736
xgboost,105,source_heldout,0.05,89080,98,18,1
xgboost,105,source_heldout,0.1,89055,88,43,11
xgboost,105,source_heldout,0.15,88932,50,166,49
xgboost,105,source_heldout,0.2,88835,22,263,77
xgboost,105,source_heldout,0.25,88811,13,287,86
xgboost,105,source_heldout,0.3,88778,7,320,92
xgboost,105,source_heldout,0.35,88762,7,336,92
xgboost,105,source_heldout,0.4,88751,7,347,92
xgboost,105,source_heldout,0.45,88737,7,361,92
xgboost,105,source_heldout,0.5,88724,7,374,92
xgboost,105,source_heldout,0.55,88707,7,391,92
xgboost,105,source_heldout,0.6,88696,7,402,92
xgboost,105,source_heldout,0.65,88676,7,422,92
xgboost,105,source_heldout,0.7,88649,7,449,92
xgboost,105,source_heldout,0.75,88634,7,464,92
xgboost,105,source_heldout,0.8,87978,3,1120,96
xgboost,105,source_heldout,0.85,87889,3,1209,96
xgboost,105,source_heldout,0.9,87469,3,1629,96
xgboost,105,source_heldout,0.95,86110,3,2988,96
xgboost,105,source_heldout,0.975,85034,3,4064,96
xgboost,105,source_heldout,0.99,83655,3,5443,96
xgboost,105,source_heldout,0.995,80655,0,8443,99
xgboost,105,source_heldout,0.999,74788,0,14310,99
xgboost,105,target,0.05,691279,446110,46874,31626
xgboost,105,target,0.1,688308,415811,49845,61925
xgboost,105,target,0.15,683850,411073,54303,66663
xgboost,105,target,0.2,209990,127869,528163,349867
xgboost,105,target,0.25,164995,124000,573158,353736
xgboost,105,target,0.3,164426,123108,573727,354628
xgboost,105,target,0.35,104661,121913,633492,355823
xgboost,105,target,0.4,97771,121459,640382,356277
xgboost,105,target,0.45,94653,120978,643500,356758
xgboost,105,target,0.5,90392,120751,647761,356985
xgboost,105,target,0.55,84991,12705,653162,465031
xgboost,105,target,0.6,64424,12417,673729,465319
xgboost,105,target,0.65,61795,12292,676358,465444
xgboost,105,target,0.7,52133,12197,686020,465539
xgboost,105,target,0.75,50810,12021,687343,465715
xgboost,105,target,0.8,50282,11871,687871,465865
xgboost,105,target,0.85,12916,777,725237,476959
xgboost,105,target,0.9,5070,714,733083,477022
xgboost,105,target,0.95,36,21,738117,477715
xgboost,105,target,0.975,5,10,738148,477726
xgboost,105,target,0.99,1,5,738152,477731
xgboost,105,target,0.995,0,2,738153,477734
xgboost,105,target,0.999,0,0,738153,477736
hgb,105,source_heldout,0.05,89079,98,19,1
hgb,105,source_heldout,0.1,89030,87,68,12
hgb,105,source_heldout,0.15,88956,59,142,40
hgb,105,source_heldout,0.2,88856,28,242,71
hgb,105,source_heldout,0.25,88810,20,288,79
hgb,105,source_heldout,0.3,88791,15,307,84
hgb,105,source_heldout,0.35,88784,15,314,84
hgb,105,source_heldout,0.4,88751,9,347,90
hgb,105,source_heldout,0.45,88745,9,353,90
hgb,105,source_heldout,0.5,88730,9,368,90
hgb,105,source_heldout,0.55,88704,9,394,90
hgb,105,source_heldout,0.6,88695,9,403,90
hgb,105,source_heldout,0.65,88677,9,421,90
hgb,105,source_heldout,0.7,88638,9,460,90
hgb,105,source_heldout,0.75,87980,9,1118,90
hgb,105,source_heldout,0.8,87912,9,1186,90
hgb,105,source_heldout,0.85,87758,5,1340,94
hgb,105,source_heldout,0.9,87330,5,1768,94
hgb,105,source_heldout,0.95,86177,5,2921,94
hgb,105,source_heldout,0.975,83643,0,5455,99
hgb,105,source_heldout,0.99,82301,0,6797,99
hgb,105,source_heldout,0.995,82137,0,6961,99
hgb,105,source_heldout,0.999,74550,0,14548,99
hgb,105,target,0.05,692194,452834,45959,24902
hgb,105,target,0.1,645046,415196,93107,62540
hgb,105,target,0.15,639739,410437,98414,67299
hgb,105,target,0.2,618399,408870,119754,68866
hgb,105,target,0.25,141741,123610,596412,354126
hgb,105,target,0.3,116873,123383,621280,354353
hgb,105,target,0.35,80347,122467,657806,355269
hgb,105,target,0.4,77508,122342,660645,355394
hgb,105,target,0.45,77299,121577,660854,356159
hgb,105,target,0.5,75032,121323,663121,356413
hgb,105,target,0.55,64109,121158,674044,356578
hgb,105,target,0.6,63799,121038,674354,356698
hgb,105,target,0.65,46707,120472,691446,357264
hgb,105,target,0.7,43715,12137,694438,465599
hgb,105,target,0.75,39853,12027,698300,465709
hgb,105,target,0.8,38959,11710,699194,466026
hgb,105,target,0.85,37868,7221,700285,470515
hgb,105,target,0.9,14483,184,723670,477552
hgb,105,target,0.95,9099,60,729054,477676
hgb,105,target,0.975,4157,9,733996,477727
hgb,105,target,0.99,7,8,738146,477728
hgb,105,target,0.995,0,4,738153,477732
hgb,105,target,0.999,0,1,738153,477735
mlp,105,source_heldout,0.05,89078,99,20,0
mlp,105,source_heldout,0.1,89050,99,48,0
mlp,105,source_heldout,0.15,88910,63,188,36
mlp,105,source_heldout,0.2,88776,19,322,80
mlp,105,source_heldout,0.25,88755,18,343,81
mlp,105,source_heldout,0.3,88745,18,353,81
mlp,105,source_heldout,0.35,88730,18,368,81
mlp,105,source_heldout,0.4,88723,15,375,84
mlp,105,source_heldout,0.45,88701,15,397,84
mlp,105,source_heldout,0.5,88664,8,434,91
mlp,105,source_heldout,0.55,88653,8,445,91
mlp,105,source_heldout,0.6,88624,8,474,91
mlp,105,source_heldout,0.65,88549,8,549,91
mlp,105,source_heldout,0.7,87926,8,1172,91
mlp,105,source_heldout,0.75,87892,8,1206,91
mlp,105,source_heldout,0.8,87835,8,1263,91
mlp,105,source_heldout,0.85,87537,5,1561,94
mlp,105,source_heldout,0.9,85840,5,3258,94
mlp,105,source_heldout,0.95,83510,5,5588,94
mlp,105,source_heldout,0.975,81045,3,8053,96
mlp,105,source_heldout,0.99,78432,3,10666,96
mlp,105,source_heldout,0.995,77178,0,11920,99
mlp,105,source_heldout,0.999,59103,0,29995,99
mlp,105,target,0.05,692384,457490,45769,20246
mlp,105,target,0.1,686271,451740,51882,25996
mlp,105,target,0.15,675441,447168,62712,30568
mlp,105,target,0.2,651873,418455,86280,59281
mlp,105,target,0.25,117235,136182,620918,341554
mlp,105,target,0.3,92952,21534,645201,456202
mlp,105,target,0.35,90250,21250,647903,456486
mlp,105,target,0.4,68335,21104,669818,456632
mlp,105,target,0.45,68232,21061,669921,456675
mlp,105,target,0.5,21873,13721,716280,464015
mlp,105,target,0.55,21238,10662,716915,467074
mlp,105,target,0.6,21050,10377,717103,467359
mlp,105,target,0.65,20958,6255,717195,471481
mlp,105,target,0.7,18301,6021,719852,471715
mlp,105,target,0.75,18012,5201,720141,472535
mlp,105,target,0.8,12827,1850,725326,475886
mlp,105,target,0.85,8882,1273,729271,476463
mlp,105,target,0.9,6432,725,731721,477011
mlp,105,target,0.95,6231,294,731922,477442
mlp,105,target,0.975,5588,239,732565,477497
mlp,105,target,0.99,3414,108,734739,477628
mlp,105,target,0.995,1408,63,736745,477673
mlp,105,target,0.999,7,1,738146,477735
majority,106,source_heldout,0.05,84344,3451,0,0
majority,106,source_heldout,0.1,84344,3451,0,0
majority,106,source_heldout,0.15,84344,3451,0,0
majority,106,source_heldout,0.2,84344,3451,0,0
majority,106,source_heldout,0.25,84344,3451,0,0
majority,106,source_heldout,0.3,84344,3451,0,0
majority,106,source_heldout,0.35,84344,3451,0,0
majority,106,source_heldout,0.4,84344,3451,0,0
majority,106,source_heldout,0.45,84344,3451,0,0
majority,106,source_heldout,0.5,84344,3451,0,0
majority,106,source_heldout,0.55,84344,3451,0,0
majority,106,source_heldout,0.6,84344,3451,0,0
majority,106,source_heldout,0.65,84344,3451,0,0
majority,106,source_heldout,0.7,84344,3451,0,0
majority,106,source_heldout,0.75,84344,3451,0,0
majority,106,source_heldout,0.8,84344,3451,0,0
majority,106,source_heldout,0.85,84344,3451,0,0
majority,106,source_heldout,0.9,84344,3451,0,0
majority,106,source_heldout,0.95,84344,3451,0,0
majority,106,source_heldout,0.975,84344,3451,0,0
majority,106,source_heldout,0.99,84344,3451,0,0
majority,106,source_heldout,0.995,84344,3451,0,0
majority,106,source_heldout,0.999,84344,3451,0,0
majority,106,target,0.05,738153,477736,0,0
majority,106,target,0.1,738153,477736,0,0
majority,106,target,0.15,738153,477736,0,0
majority,106,target,0.2,738153,477736,0,0
majority,106,target,0.25,738153,477736,0,0
majority,106,target,0.3,738153,477736,0,0
majority,106,target,0.35,738153,477736,0,0
majority,106,target,0.4,738153,477736,0,0
majority,106,target,0.45,738153,477736,0,0
majority,106,target,0.5,738153,477736,0,0
majority,106,target,0.55,738153,477736,0,0
majority,106,target,0.6,738153,477736,0,0
majority,106,target,0.65,738153,477736,0,0
majority,106,target,0.7,738153,477736,0,0
majority,106,target,0.75,738153,477736,0,0
majority,106,target,0.8,738153,477736,0,0
majority,106,target,0.85,738153,477736,0,0
majority,106,target,0.9,738153,477736,0,0
majority,106,target,0.95,738153,477736,0,0
majority,106,target,0.975,738153,477736,0,0
majority,106,target,0.99,738153,477736,0,0
majority,106,target,0.995,738153,477736,0,0
majority,106,target,0.999,738153,477736,0,0
stratified,106,source_heldout,0.05,79262,3263,5082,188
stratified,106,source_heldout,0.1,79262,3263,5082,188
stratified,106,source_heldout,0.15,79262,3263,5082,188
stratified,106,source_heldout,0.2,79262,3263,5082,188
stratified,106,source_heldout,0.25,79262,3263,5082,188
stratified,106,source_heldout,0.3,79262,3263,5082,188
stratified,106,source_heldout,0.35,79262,3263,5082,188
stratified,106,source_heldout,0.4,79262,3263,5082,188
stratified,106,source_heldout,0.45,79262,3263,5082,188
stratified,106,source_heldout,0.5,79262,3263,5082,188
stratified,106,source_heldout,0.55,79262,3263,5082,188
stratified,106,source_heldout,0.6,79262,3263,5082,188
stratified,106,source_heldout,0.65,79262,3263,5082,188
stratified,106,source_heldout,0.7,79262,3263,5082,188
stratified,106,source_heldout,0.75,79262,3263,5082,188
stratified,106,source_heldout,0.8,79262,3263,5082,188
stratified,106,source_heldout,0.85,79262,3263,5082,188
stratified,106,source_heldout,0.9,79262,3263,5082,188
stratified,106,source_heldout,0.95,79262,3263,5082,188
stratified,106,source_heldout,0.975,79262,3263,5082,188
stratified,106,source_heldout,0.99,79262,3263,5082,188
stratified,106,source_heldout,0.995,79262,3263,5082,188
stratified,106,source_heldout,0.999,79262,3263,5082,188
stratified,106,target,0.05,693937,449038,44216,28698
stratified,106,target,0.1,693937,449038,44216,28698
stratified,106,target,0.15,693937,449038,44216,28698
stratified,106,target,0.2,693937,449038,44216,28698
stratified,106,target,0.25,693937,449038,44216,28698
stratified,106,target,0.3,693937,449038,44216,28698
stratified,106,target,0.35,693937,449038,44216,28698
stratified,106,target,0.4,693937,449038,44216,28698
stratified,106,target,0.45,693937,449038,44216,28698
stratified,106,target,0.5,693937,449038,44216,28698
stratified,106,target,0.55,693937,449038,44216,28698
stratified,106,target,0.6,693937,449038,44216,28698
stratified,106,target,0.65,693937,449038,44216,28698
stratified,106,target,0.7,693937,449038,44216,28698
stratified,106,target,0.75,693937,449038,44216,28698
stratified,106,target,0.8,693937,449038,44216,28698
stratified,106,target,0.85,693937,449038,44216,28698
stratified,106,target,0.9,693937,449038,44216,28698
stratified,106,target,0.95,693937,449038,44216,28698
stratified,106,target,0.975,693937,449038,44216,28698
stratified,106,target,0.99,693937,449038,44216,28698
stratified,106,target,0.995,693937,449038,44216,28698
stratified,106,target,0.999,693937,449038,44216,28698
logreg,106,source_heldout,0.05,84210,3359,134,92
logreg,106,source_heldout,0.1,83600,3036,744,415
logreg,106,source_heldout,0.15,82145,1988,2199,1463
logreg,106,source_heldout,0.2,81983,1874,2361,1577
logreg,106,source_heldout,0.25,81600,1484,2744,1967
logreg,106,source_heldout,0.3,80884,1243,3460,2208
logreg,106,source_heldout,0.35,79687,1182,4657,2269
logreg,106,source_heldout,0.4,76553,1144,7791,2307
logreg,106,source_heldout,0.45,76297,1114,8047,2337
logreg,106,source_heldout,0.5,76126,1085,8218,2366
logreg,106,source_heldout,0.55,75935,1054,8409,2397
logreg,106,source_heldout,0.6,75684,1017,8660,2434
logreg,106,source_heldout,0.65,70877,1002,13467,2449
logreg,106,source_heldout,0.7,55765,950,28579,2501
logreg,106,source_heldout,0.75,55138,727,29206,2724
logreg,106,source_heldout,0.8,53195,372,31149,3079
logreg,106,source_heldout,0.85,46506,113,37838,3338
logreg,106,source_heldout,0.9,14597,30,69747,3421
logreg,106,source_heldout,0.95,5644,30,78700,3421
logreg,106,source_heldout,0.975,5513,30,78831,3421
logreg,106,source_heldout,0.99,0,0,84344,3451
logreg,106,source_heldout,0.995,0,0,84344,3451
logreg,106,source_heldout,0.999,0,0,84344,3451
logreg,106,target,0.05,679828,444735,58325,33001
logreg,106,target,0.1,666630,436949,71523,40787
logreg,106,target,0.15,660366,412117,77787,65619
logreg,106,target,0.2,656022,411397,82131,66339
logreg,106,target,0.25,654471,410194,83682,67542
logreg,106,target,0.3,653606,409624,84547,68112
logreg,106,target,0.35,651855,408832,86298,68904
logreg,106,target,0.4,649387,408555,88766,69181
logreg,106,target,0.45,646567,408080,91586,69656
logreg,106,target,0.5,645510,407746,92643,69990
logreg,106,target,0.55,644879,407347,93274,70389
logreg,106,target,0.6,631442,406817,106711,70919
logreg,106,target,0.65,614608,406710,123545,71026
logreg,106,target,0.7,607124,406132,131029,71604
logreg,106,target,0.75,599985,404422,138168,73314
logreg,106,target,0.8,539642,403320,198511,74416
logreg,106,target,0.85,531176,288587,206977,189149
logreg,106,target,0.9,58272,7052,679881,470684
logreg,106,target,0.95,58272,7021,679881,470715
logreg,106,target,0.975,1469,13,736684,477723
logreg,106,target,0.99,0,0,738153,477736
logreg,106,target,0.995,0,0,738153,477736
logreg,106,target,0.999,0,0,738153,477736
tree,106,source_heldout,0.05,83464,2222,880,1229
tree,106,source_heldout,0.1,82255,1544,2089,1907
tree,106,source_heldout,0.15,78715,1263,5629,2188
tree,106,source_heldout,0.2,78594,1244,5750,2207
tree,106,source_heldout,0.25,78569,1234,5775,2217
tree,106,source_heldout,0.3,78325,1179,6019,2272
tree,106,source_heldout,0.35,77965,1135,6379,2316
tree,106,source_heldout,0.4,77775,1127,6569,2324
tree,106,source_heldout,0.45,77739,1126,6605,2325
tree,106,source_heldout,0.5,77714,1124,6630,2327
tree,106,source_heldout,0.55,77235,1096,7109,2355
tree,106,source_heldout,0.6,76649,1071,7695,2380
tree,106,source_heldout,0.65,76455,1032,7889,2419
tree,106,source_heldout,0.7,76317,1031,8027,2420
tree,106,source_heldout,0.75,76312,1031,8032,2420
tree,106,source_heldout,0.8,75373,1024,8971,2427
tree,106,source_heldout,0.85,75373,1024,8971,2427
tree,106,source_heldout,0.9,75165,1021,9179,2430
tree,106,source_heldout,0.95,74342,998,10002,2453
tree,106,source_heldout,0.975,73746,995,10598,2456
tree,106,source_heldout,0.99,73272,994,11072,2457
tree,106,source_heldout,0.995,73272,994,11072,2457
tree,106,source_heldout,0.999,73272,994,11072,2457
tree,106,target,0.05,634666,343450,103487,134286
tree,106,target,0.1,633380,336882,104773,140854
tree,106,target,0.15,101200,29767,636953,447969
tree,106,target,0.2,100844,29453,637309,448283
tree,106,target,0.25,100844,29318,637309,448418
tree,106,target,0.3,100844,29316,637309,448420
tree,106,target,0.35,100817,29299,637336,448437
tree,106,target,0.4,100812,29299,637341,448437
tree,106,target,0.45,100812,29298,637341,448438
tree,106,target,0.5,100812,29295,637341,448441
tree,106,target,0.55,100812,29295,637341,448441
tree,106,target,0.6,100812,29295,637341,448441
tree,106,target,0.65,80851,22537,657302,455199
tree,106,target,0.7,80851,21600,657302,456136
tree,106,target,0.75,80851,21600,657302,456136
tree,106,target,0.8,79837,14778,658316,462958
tree,106,target,0.85,79837,14778,658316,462958
tree,106,target,0.9,79837,14778,658316,462958
tree,106,target,0.95,79836,14778,658317,462958
tree,106,target,0.975,79835,14760,658318,462976
tree,106,target,0.99,79835,14760,658318,462976
tree,106,target,0.995,79835,14760,658318,462976
tree,106,target,0.999,79835,14760,658318,462976
rf,106,source_heldout,0.05,84271,2724,73,727
rf,106,source_heldout,0.1,83778,2383,566,1068
rf,106,source_heldout,0.15,80159,2036,4185,1415
rf,106,source_heldout,0.2,79761,1728,4583,1723
rf,106,source_heldout,0.25,79648,1679,4696,1772
rf,106,source_heldout,0.3,79571,1611,4773,1840
rf,106,source_heldout,0.35,78822,1371,5522,2080
rf,106,source_heldout,0.4,78661,1273,5683,2178
rf,106,source_heldout,0.45,78298,1191,6046,2260
rf,106,source_heldout,0.5,78059,1124,6285,2327
rf,106,source_heldout,0.55,77518,1091,6826,2360
rf,106,source_heldout,0.6,77167,1060,7177,2391
rf,106,source_heldout,0.65,75851,528,8493,2923
rf,106,source_heldout,0.7,75720,251,8624,3200
rf,106,source_heldout,0.75,75467,201,8877,3250
rf,106,source_heldout,0.8,74561,187,9783,3264
rf,106,source_heldout,0.85,74242,136,10102,3315
rf,106,source_heldout,0.9,72622,126,11722,3325
rf,106,source_heldout,0.95,71464,75,12880,3376
rf,106,source_heldout,0.975,70594,25,13750,3426
rf,106,source_heldout,0.99,66673,22,17671,3429
rf,106,source_heldout,0.995,66411,21,17933,3430
rf,106,source_heldout,0.999,64448,21,19896,3430
rf,106,target,0.05,726579,476099,11574,1637
rf,106,target,0.1,683164,367282,54989,110454
rf,106,target,0.15,196987,84830,541166,392906
rf,106,target,0.2,188999,83025,549154,394711
rf,106,target,0.25,164844,80946,573309,396790
rf,106,target,0.3,163626,76059,574527,401677
rf,106,target,0.35,162609,69285,575544,408451
rf,106,target,0.4,161526,63924,576627,413812
rf,106,target,0.45,159414,58858,578739,418878
rf,106,target,0.5,158773,57193,579380,420543
rf,106,target,0.55,158237,46901,579916,430835
rf,106,target,0.6,154794,40346,583359,437390
rf,106,target,0.65,149870,16699,588283,461037
rf,106,target,0.7,123099,14285,615054,463451
rf,106,target,0.75,76552,13271,661601,464465
rf,106,target,0.8,69252,8790,668901,468946
rf,106,target,0.85,45181,1934,692972,475802
rf,106,target,0.9,28357,1772,709796,475964
rf,106,target,0.95,3146,1230,735007,476506
rf,106,target,0.975,1587,60,736566,477676
rf,106,target,0.99,37,37,738116,477699
rf,106,target,0.995,19,0,738134,477736
rf,106,target,0.999,19,0,738134,477736
xgboost,106,source_heldout,0.05,84040,2267,304,1184
xgboost,106,source_heldout,0.1,82054,1070,2290,2381
xgboost,106,source_heldout,0.15,80754,652,3590,2799
xgboost,106,source_heldout,0.2,77871,502,6473,2949
xgboost,106,source_heldout,0.25,77692,398,6652,3053
xgboost,106,source_heldout,0.3,77564,367,6780,3084
xgboost,106,source_heldout,0.35,77147,288,7197,3163
xgboost,106,source_heldout,0.4,76905,259,7439,3192
xgboost,106,source_heldout,0.45,76648,222,7696,3229
xgboost,106,source_heldout,0.5,76465,207,7879,3244
xgboost,106,source_heldout,0.55,75901,166,8443,3285
xgboost,106,source_heldout,0.6,75490,145,8854,3306
xgboost,106,source_heldout,0.65,75341,131,9003,3320
xgboost,106,source_heldout,0.7,75207,122,9137,3329
xgboost,106,source_heldout,0.75,74917,95,9427,3356
xgboost,106,source_heldout,0.8,74050,88,10294,3363
xgboost,106,source_heldout,0.85,73763,47,10581,3404
xgboost,106,source_heldout,0.9,73337,36,11007,3415
xgboost,106,source_heldout,0.95,71853,8,12491,3443
xgboost,106,source_heldout,0.975,70706,4,13638,3447
xgboost,106,source_heldout,0.99,69624,1,14720,3450
xgboost,106,source_heldout,0.995,69332,0,15012,3451
xgboost,106,source_heldout,0.999,63006,0,21338,3451
xgboost,106,target,0.05,692242,446089,45911,31647
xgboost,106,target,0.1,652078,416906,86075,60830
xgboost,106,target,0.15,156217,21228,581936,456508
xgboost,106,target,0.2,154774,17108,583379,460628
xgboost,106,target,0.25,150542,16216,587611,461520
xgboost,106,target,0.3,84482,14521,653671,463215
xgboost,106,target,0.35,81373,14024,656780,463712
xgboost,106,target,0.4,79377,13679,658776,464057
xgboost,106,target,0.45,55740,6822,682413,470914
xgboost,106,target,0.5,52542,6639,685611,471097
xgboost,106,target,0.55,50304,6210,687849,471526
xgboost,106,target,0.6,49250,5990,688903,471746
xgboost,106,target,0.65,31877,5437,706276,472299
xgboost,106,target,0.7,30394,5328,707759,472408
xgboost,106,target,0.75,18979,1043,719174,476693
xgboost,106,target,0.8,16716,895,721437,476841
xgboost,106,target,0.85,9648,751,728505,476985
xgboost,106,target,0.9,5454,62,732699,477674
xgboost,106,target,0.95,2521,38,735632,477698
xgboost,106,target,0.975,23,13,738130,477723
xgboost,106,target,0.99,0,12,738153,477724
xgboost,106,target,0.995,0,0,738153,477736
xgboost,106,target,0.999,0,0,738153,477736
hgb,106,source_heldout,0.05,83918,2381,426,1070
hgb,106,source_heldout,0.1,82904,1504,1440,1947
hgb,106,source_heldout,0.15,78036,590,6308,2861
hgb,106,source_heldout,0.2,77885,553,6459,2898
hgb,106,source_heldout,0.25,77637,406,6707,3045
hgb,106,source_heldout,0.3,77566,397,6778,3054
hgb,106,source_heldout,0.35,77150,301,7194,3150
hgb,106,source_heldout,0.4,76948,296,7396,3155
hgb,106,source_heldout,0.45,76576,256,7768,3195
hgb,106,source_heldout,0.5,76254,215,8090,3236
hgb,106,source_heldout,0.55,75776,164,8568,3287
hgb,106,source_heldout,0.6,75559,157,8785,3294
hgb,106,source_heldout,0.65,75151,128,9193,3323
hgb,106,source_heldout,0.7,74946,126,9398,3325
hgb,106,source_heldout,0.75,74627,117,9717,3334
hgb,106,source_heldout,0.8,73691,113,10653,3338
hgb,106,source_heldout,0.85,73063,65,11281,3386
hgb,106,source_heldout,0.9,72643,62,11701,3389
hgb,106,source_heldout,0.95,71955,37,12389,3414
hgb,106,source_heldout,0.975,69738,8,14606,3443
hgb,106,source_heldout,0.99,69060,7,15284,3444
hgb,106,source_heldout,0.995,68112,5,16232,3446
hgb,106,source_heldout,0.999,60613,1,23731,3450
hgb,106,target,0.05,656184,440752,81969,36984
hgb,106,target,0.1,654457,436170,83696,41566
hgb,106,target,0.15,176437,22082,561716,455654
hgb,106,target,0.2,171043,21143,567110,456593
hgb,106,target,0.25,150216,20277,587937,457459
hgb,106,target,0.3,125936,13026,612217,464710
hgb,106,target,0.35,103446,9330,634707,468406
hgb,106,target,0.4,97916,9092,640237,468644
hgb,106,target,0.45,97042,8994,641111,468742
hgb,106,target,0.5,94471,8322,643682,469414
hgb,106,target,0.55,89976,7777,648177,469959
hgb,106,target,0.6,89807,3375,648346,474361
hgb,106,target,0.65,53547,2202,684606,475534
hgb,106,target,0.7,48790,1689,689363,476047
hgb,106,target,0.75,27961,1219,710192,476517
hgb,106,target,0.8,26297,1053,711856,476683
hgb,106,target,0.85,22323,753,715830,476983
hgb,106,target,0.9,10462,92,727691,477644
hgb,106,target,0.95,4151,33,734002,477703
hgb,106,target,0.975,535,23,737618,477713
hgb,106,target,0.99,19,9,738134,477727
hgb,106,target,0.995,3,5,738150,477731
hgb,106,target,0.999,0,4,738153,477732
mlp,106,source_heldout,0.05,84098,2692,246,759
mlp,106,source_heldout,0.1,81899,1200,2445,2251
mlp,106,source_heldout,0.15,80146,547,4198,2904
mlp,106,source_heldout,0.2,79707,427,4637,3024
mlp,106,source_heldout,0.25,76859,297,7485,3154
mlp,106,source_heldout,0.3,76494,249,7850,3202
mlp,106,source_heldout,0.35,76378,211,7966,3240
mlp,106,source_heldout,0.4,76262,193,8082,3258
mlp,106,source_heldout,0.45,75440,187,8904,3264
mlp,106,source_heldout,0.5,75268,182,9076,3269
mlp,106,source_heldout,0.55,74972,177,9372,3274
mlp,106,source_heldout,0.6,74531,152,9813,3299
mlp,106,source_heldout,0.65,74182,131,10162,3320
mlp,106,source_heldout,0.7,73770,116,10574,3335
mlp,106,source_heldout,0.75,73418,93,10926,3358
mlp,106,source_heldout,0.8,73154,80,11190,3371
mlp,106,source_heldout,0.85,72999,60,11345,3391
mlp,106,source_heldout,0.9,71967,57,12377,3394
mlp,106,source_heldout,0.95,71479,43,12865,3408
mlp,106,source_heldout,0.975,68178,33,16166,3418
mlp,106,source_heldout,0.99,64464,25,19880,3426
mlp,106,source_heldout,0.995,62197,24,22147,3427
mlp,106,source_heldout,0.999,43285,2,41059,3449
mlp,106,target,0.05,656355,452261,81798,25475
mlp,106,target,0.1,182873,132415,555280,345321
mlp,106,target,0.15,123810,119683,614343,358053
mlp,106,target,0.2,120787,119107,617366,358629
mlp,106,target,0.25,118293,118446,619860,359290
mlp,106,target,0.3,115372,118282,622781,359454
mlp,106,target,0.35,97440,7101,640713,470635
mlp,106,target,0.4,92538,6929,645615,470807
mlp,106,target,0.45,92429,2575,645724,475161
mlp,106,target,0.5,92371,2121,645782,475615
mlp,106,target,0.55,89741,2027,648412,475709
mlp,106,target,0.6,88313,1968,649840,475768
mlp,106,target,0.65,79232,1905,658921,475831
mlp,106,target,0.7,77975,1803,660178,475933
mlp,106,target,0.75,76382,1712,661771,476024
mlp,106,target,0.8,73758,1541,664395,476195
mlp,106,target,0.85,15932,845,722221,476891
mlp,106,target,0.9,13415,780,724738,476956
mlp,106,target,0.95,5751,44,732402,477692
mlp,106,target,0.975,3490,25,734663,477711
mlp,106,target,0.99,1447,7,736706,477729
mlp,106,target,0.995,105,1,738048,477735
mlp,106,target,0.999,0,0,738153,477736
majority,107,source_heldout,0.05,88603,19,0,0
majority,107,source_heldout,0.1,88603,19,0,0
majority,107,source_heldout,0.15,88603,19,0,0
majority,107,source_heldout,0.2,88603,19,0,0
majority,107,source_heldout,0.25,88603,19,0,0
majority,107,source_heldout,0.3,88603,19,0,0
majority,107,source_heldout,0.35,88603,19,0,0
majority,107,source_heldout,0.4,88603,19,0,0
majority,107,source_heldout,0.45,88603,19,0,0
majority,107,source_heldout,0.5,88603,19,0,0
majority,107,source_heldout,0.55,88603,19,0,0
majority,107,source_heldout,0.6,88603,19,0,0
majority,107,source_heldout,0.65,88603,19,0,0
majority,107,source_heldout,0.7,88603,19,0,0
majority,107,source_heldout,0.75,88603,19,0,0
majority,107,source_heldout,0.8,88603,19,0,0
majority,107,source_heldout,0.85,88603,19,0,0
majority,107,source_heldout,0.9,88603,19,0,0
majority,107,source_heldout,0.95,88603,19,0,0
majority,107,source_heldout,0.975,88603,19,0,0
majority,107,source_heldout,0.99,88603,19,0,0
majority,107,source_heldout,0.995,88603,19,0,0
majority,107,source_heldout,0.999,88603,19,0,0
majority,107,target,0.05,738153,477736,0,0
majority,107,target,0.1,738153,477736,0,0
majority,107,target,0.15,738153,477736,0,0
majority,107,target,0.2,738153,477736,0,0
majority,107,target,0.25,738153,477736,0,0
majority,107,target,0.3,738153,477736,0,0
majority,107,target,0.35,738153,477736,0,0
majority,107,target,0.4,738153,477736,0,0
majority,107,target,0.45,738153,477736,0,0
majority,107,target,0.5,738153,477736,0,0
majority,107,target,0.55,738153,477736,0,0
majority,107,target,0.6,738153,477736,0,0
majority,107,target,0.65,738153,477736,0,0
majority,107,target,0.7,738153,477736,0,0
majority,107,target,0.75,738153,477736,0,0
majority,107,target,0.8,738153,477736,0,0
majority,107,target,0.85,738153,477736,0,0
majority,107,target,0.9,738153,477736,0,0
majority,107,target,0.95,738153,477736,0,0
majority,107,target,0.975,738153,477736,0,0
majority,107,target,0.99,738153,477736,0,0
majority,107,target,0.995,738153,477736,0,0
majority,107,target,0.999,738153,477736,0,0
stratified,107,source_heldout,0.05,81888,18,6715,1
stratified,107,source_heldout,0.1,81888,18,6715,1
stratified,107,source_heldout,0.15,81888,18,6715,1
stratified,107,source_heldout,0.2,81888,18,6715,1
stratified,107,source_heldout,0.25,81888,18,6715,1
stratified,107,source_heldout,0.3,81888,18,6715,1
stratified,107,source_heldout,0.35,81888,18,6715,1
stratified,107,source_heldout,0.4,81888,18,6715,1
stratified,107,source_heldout,0.45,81888,18,6715,1
stratified,107,source_heldout,0.5,81888,18,6715,1
stratified,107,source_heldout,0.55,81888,18,6715,1
stratified,107,source_heldout,0.6,81888,18,6715,1
stratified,107,source_heldout,0.65,81888,18,6715,1
stratified,107,source_heldout,0.7,81888,18,6715,1
stratified,107,source_heldout,0.75,81888,18,6715,1
stratified,107,source_heldout,0.8,81888,18,6715,1
stratified,107,source_heldout,0.85,81888,18,6715,1
stratified,107,source_heldout,0.9,81888,18,6715,1
stratified,107,source_heldout,0.95,81888,18,6715,1
stratified,107,source_heldout,0.975,81888,18,6715,1
stratified,107,source_heldout,0.99,81888,18,6715,1
stratified,107,source_heldout,0.995,81888,18,6715,1
stratified,107,source_heldout,0.999,81888,18,6715,1
stratified,107,target,0.05,682424,441667,55729,36069
stratified,107,target,0.1,682424,441667,55729,36069
stratified,107,target,0.15,682424,441667,55729,36069
stratified,107,target,0.2,682424,441667,55729,36069
stratified,107,target,0.25,682424,441667,55729,36069
stratified,107,target,0.3,682424,441667,55729,36069
stratified,107,target,0.35,682424,441667,55729,36069
stratified,107,target,0.4,682424,441667,55729,36069
stratified,107,target,0.45,682424,441667,55729,36069
stratified,107,target,0.5,682424,441667,55729,36069
stratified,107,target,0.55,682424,441667,55729,36069
stratified,107,target,0.6,682424,441667,55729,36069
stratified,107,target,0.65,682424,441667,55729,36069
stratified,107,target,0.7,682424,441667,55729,36069
stratified,107,target,0.75,682424,441667,55729,36069
stratified,107,target,0.8,682424,441667,55729,36069
stratified,107,target,0.85,682424,441667,55729,36069
stratified,107,target,0.9,682424,441667,55729,36069
stratified,107,target,0.95,682424,441667,55729,36069
stratified,107,target,0.975,682424,441667,55729,36069
stratified,107,target,0.99,682424,441667,55729,36069
stratified,107,target,0.995,682424,441667,55729,36069
stratified,107,target,0.999,682424,441667,55729,36069
logreg,107,source_heldout,0.05,88595,16,8,3
logreg,107,source_heldout,0.1,88592,15,11,4
logreg,107,source_heldout,0.15,88592,14,11,5
logreg,107,source_heldout,0.2,88590,14,13,5
logreg,107,source_heldout,0.25,88586,14,17,5
logreg,107,source_heldout,0.3,85813,13,2790,6
logreg,107,source_heldout,0.35,84906,5,3697,14
logreg,107,source_heldout,0.4,84823,5,3780,14
logreg,107,source_heldout,0.45,84763,5,3840,14
logreg,107,source_heldout,0.5,84583,5,4020,14
logreg,107,source_heldout,0.55,84457,4,4146,15
logreg,107,source_heldout,0.6,84179,4,4424,15
logreg,107,source_heldout,0.65,65695,3,22908,16
logreg,107,source_heldout,0.7,64133,3,24470,16
logreg,107,source_heldout,0.75,63323,3,25280,16
logreg,107,source_heldout,0.8,61827,0,26776,19
logreg,107,source_heldout,0.85,14277,0,74326,19
logreg,107,source_heldout,0.9,218,0,88385,19
logreg,107,source_heldout,0.95,218,0,88385,19
logreg,107,source_heldout,0.975,0,0,88603,19
logreg,107,source_heldout,0.99,0,0,88603,19
logreg,107,source_heldout,0.995,0,0,88603,19
logreg,107,source_heldout,0.999,0,0,88603,19
logreg,107,target,0.05,690861,445575,47292,32161
logreg,107,target,0.1,668010,442985,70143,34751
logreg,107,target,0.15,665855,435276,72298,42460
logreg,107,target,0.2,659068,411167,79085,66569
logreg,107,target,0.25,655279,410339,82874,67397
logreg,107,target,0.3,654438,409847,83715,67889
logreg,107,target,0.35,653849,408986,84304,68750
logreg,107,target,0.4,652356,408576,85797,69160
logreg,107,target,0.45,648531,407838,89622,69898
logreg,107,target,0.5,646177,407562,91976,70174
logreg,107,target,0.55,643024,407299,95129,70437
logreg,107,target,0.6,636651,406547,101502,71189
logreg,107,target,0.65,615722,406425,122431,71311
logreg,107,target,0.7,606536,406073,131617,71663
logreg,107,target,0.75,542320,295599,195833,182137
logreg,107,target,0.8,539496,288587,198657,189149
logreg,107,target,0.85,58272,7052,679881,470684
logreg,107,target,0.9,58272,7034,679881,470702
logreg,107,target,0.95,58272,6992,679881,470744
logreg,107,target,0.975,0,0,738153,477736
logreg,107,target,0.99,0,0,738153,477736
logreg,107,target,0.995,0,0,738153,477736
logreg,107,target,0.999,0,0,738153,477736
tree,107,source_heldout,0.05,88578,18,25,1
tree,107,source_heldout,0.1,88561,15,42,4
tree,107,source_heldout,0.15,88487,5,116,14
tree,107,source_heldout,0.2,88479,5,124,14
tree,107,source_heldout,0.25,88476,5,127,14
tree,107,source_heldout,0.3,88457,5,146,14
tree,107,source_heldout,0.35,88443,5,160,14
tree,107,source_heldout,0.4,88442,5,161,14
tree,107,source_heldout,0.45,88441,4,162,15
tree,107,source_heldout,0.5,88427,4,176,15
tree,107,source_heldout,0.55,88427,4,176,15
tree,107,source_heldout,0.6,88427,4,176,15
tree,107,source_heldout,0.65,88427,4,176,15
tree,107,source_heldout,0.7,88414,4,189,15
tree,107,source_heldout,0.75,88414,4,189,15
tree,107,source_heldout,0.8,87809,4,794,15
tree,107,source_heldout,0.85,87489,4,1114,15
tree,107,source_heldout,0.9,87271,4,1332,15
tree,107,source_heldout,0.95,87125,4,1478,15
tree,107,source_heldout,0.975,86391,4,2212,15
tree,107,source_heldout,0.99,82566,2,6037,17
tree,107,source_heldout,0.995,82566,2,6037,17
tree,107,source_heldout,0.999,49622,2,38981,17
tree,107,target,0.05,657443,468849,80710,8887
tree,107,target,0.1,650065,467975,88088,9761
tree,107,target,0.15,127619,159377,610534,318359
tree,107,target,0.2,107300,152158,630853,325578
tree,107,target,0.25,107295,152135,630858,325601
tree,107,target,0.3,107285,151728,630868,326008
tree,107,target,0.35,105188,151575,632965,326161
tree,107,target,0.4,105187,151437,632966,326299
tree,107,target,0.45,105187,151400,632966,326336
tree,107,target,0.5,105187,151399,632966,326337
tree,107,target,0.55,105187,151399,632966,326337
tree,107,target,0.6,105187,151399,632966,326337
tree,107,target,0.65,105182,151399,632971,326337
tree,107,target,0.7,105168,151398,632985,326338
tree,107,target,0.75,105168,151398,632985,326338
tree,107,target,0.8,105168,151395,632985,326341
tree,107,target,0.85,102679,151390,635474,326346
tree,107,target,0.9,102679,151390,635474,326346
tree,107,target,0.95,100104,151189,638049,326547
tree,107,target,0.975,100104,151189,638049,326547
tree,107,target,0.99,57188,150491,680965,327245
tree,107,target,0.995,57188,150491,680965,327245
tree,107,target,0.999,57188,150491,680965,327245
rf,107,source_heldout,0.05,88601,19,2,0
rf,107,source_heldout,0.1,88591,18,12,1
rf,107,source_heldout,0.15,88589,17,14,2
rf,107,source_heldout,0.2,88580,14,23,5
rf,107,source_heldout,0.25,88574,14,29,5
rf,107,source_heldout,0.3,88569,13,34,6
rf,107,source_heldout,0.35,88567,13,36,6
rf,107,source_heldout,0.4,88564,13,39,6
rf,107,source_heldout,0.45,88541,5,62,14
rf,107,source_heldout,0.5,88536,5,67,14
rf,107,source_heldout,0.55,88517,5,86,14
rf,107,source_heldout,0.6,88503,5,100,14
rf,107,source_heldout,0.65,88495,5,108,14
rf,107,source_heldout,0.7,88485,5,118,14
rf,107,source_heldout,0.75,88472,4,131,15
rf,107,source_heldout,0.8,87847,4,756,15
rf,107,source_heldout,0.85,87825,4,778,15
rf,107,source_heldout,0.9,87553,4,1050,15
rf,107,source_heldout,0.95,87454,4,1149,15
rf,107,source_heldout,0.975,86322,2,2281,17
rf,107,source_heldout,0.99,81970,0,6633,19
rf,107,source_heldout,0.995,81430,0,7173,19
rf,107,source_heldout,0.999,33013,0,55590,19
rf,107,target,0.05,719788,476359,18365,1377
rf,107,target,0.1,669836,451367,68317,26369
rf,107,target,0.15,664420,450839,73733,26897
rf,107,target,0.2,662608,449844,75545,27892
rf,107,target,0.25,186082,166050,552071,311686
rf,107,target,0.3,184710,157728,553443,320008
rf,107,target,0.35,182549,151178,555604,326558
rf,107,target,0.4,180826,149548,557327,328188
rf,107,target,0.45,179779,146692,558374,331044
rf,107,target,0.5,177989,140520,560164,337216
rf,107,target,0.55,176616,137337,561537,340399
rf,107,target,0.6,172614,136152,565539,341584
rf,107,target,0.65,158897,135105,579256,342631
rf,107,target,0.7,148378,128023,589775,349713
rf,107,target,0.75,121476,127490,616677,350246
rf,107,target,0.8,95256,126985,642897,350751
rf,107,target,0.85,54832,125826,683321,351910
rf,107,target,0.9,44324,122444,693829,355292
rf,107,target,0.95,1741,4150,736412,473586
rf,107,target,0.975,1539,8,736614,477728
rf,107,target,0.99,1144,2,737009,477734
rf,107,target,0.995,1144,1,737009,477735
rf,107,target,0.999,0,0,738153,477736
xgboost,107,source_heldout,0.05,88591,18,12,1
xgboost,107,source_heldout,0.1,88575,17,28,2
xgboost,107,source_heldout,0.15,88557,12,46,7
xgboost,107,source_heldout,0.2,88547,12,56,7
xgboost,107,source_heldout,0.25,88518,4,85,15
xgboost,107,source_heldout,0.3,88505,4,98,15
xgboost,107,source_heldout,0.35,88496,3,107,16
xgboost,107,source_heldout,0.4,88484,3,119,16
xgboost,107,source_heldout,0.45,88467,3,136,16
xgboost,107,source_heldout,0.5,88448,3,155,16
xgboost,107,source_heldout,0.55,88419,3,184,16
xgboost,107,source_heldout,0.6,88398,3,205,16
xgboost,107,source_heldout,0.65,88372,3,231,16
xgboost,107,source_heldout,0.7,88351,3,252,16
xgboost,107,source_heldout,0.75,88320,3,283,16
xgboost,107,source_heldout,0.8,87669,2,934,17
xgboost,107,source_heldout,0.85,87543,2,1060,17
xgboost,107,source_heldout,0.9,87068,2,1535,17
xgboost,107,source_heldout,0.95,86544,2,2059,17
xgboost,107,source_heldout,0.975,85341,2,3262,17
xgboost,107,source_heldout,0.99,82614,0,5989,19
xgboost,107,source_heldout,0.995,78956,0,9647,19
xgboost,107,source_heldout,0.999,41919,0,46684,19
xgboost,107,target,0.05,692331,448969,45822,28767
xgboost,107,target,0.1,650588,421346,87565,56390
xgboost,107,target,0.15,176075,135000,562078,342736
xgboost,107,target,0.2,169128,127786,569025,349950
xgboost,107,target,0.25,167738,122875,570415,354861
xgboost,107,target,0.3,163502,122574,574651,355162
xgboost,107,target,0.35,160552,122281,577601,355455
xgboost,107,target,0.4,97358,121346,640795,356390
xgboost,107,target,0.45,94131,12868,644022,464868
xgboost,107,target,0.5,92267,12498,645886,465238
xgboost,107,target,0.55,86971,12303,651182,465433
xgboost,107,target,0.6,86311,12105,651842,465631
xgboost,107,target,0.65,62109,11947,676044,465789
xgboost,107,target,0.7,60424,11899,677729,465837
xgboost,107,target,0.75,21115,185,717038,477551
xgboost,107,target,0.8,18333,110,719820,477626
xgboost,107,target,0.85,6273,66,731880,477670
xgboost,107,target,0.9,2616,34,735537,477702
xgboost,107,target,0.95,29,18,738124,477718
xgboost,107,target,0.975,23,2,738130,477734
xgboost,107,target,0.99,18,0,738135,477736
xgboost,107,target,0.995,0,0,738153,477736
xgboost,107,target,0.999,0,0,738153,477736
hgb,107,source_heldout,0.05,88586,18,17,1
hgb,107,source_heldout,0.1,88568,16,35,3
hgb,107,source_heldout,0.15,88556,13,47,6
hgb,107,source_heldout,0.2,88523,4,80,15
hgb,107,source_heldout,0.25,88507,4,96,15
hgb,107,source_heldout,0.3,88492,3,111,16
hgb,107,source_heldout,0.35,88474,3,129,16
hgb,107,source_heldout,0.4,88465,3,138,16
hgb,107,source_heldout,0.45,88453,3,150,16
hgb,107,source_heldout,0.5,88427,3,176,16
hgb,107,source_heldout,0.55,88411,3,192,16
hgb,107,source_heldout,0.6,88390,3,213,16
hgb,107,source_heldout,0.65,88364,3,239,16
hgb,107,source_heldout,0.7,88327,3,276,16
hgb,107,source_heldout,0.75,88282,3,321,16
hgb,107,source_heldout,0.8,87596,2,1007,17
hgb,107,source_heldout,0.85,87392,2,1211,17
hgb,107,source_heldout,0.9,86955,2,1648,17
hgb,107,source_heldout,0.95,86506,2,2097,17
hgb,107,source_heldout,0.975,83382,2,5221,17
hgb,107,source_heldout,0.99,81064,0,7539,19
hgb,107,source_heldout,0.995,79628,0,8975,19
hgb,107,source_heldout,0.999,39812,0,48791,19
hgb,107,target,0.05,657333,453491,80820,24245
hgb,107,target,0.1,653376,416218,84777,61518
hgb,107,target,0.15,648265,412784,89888,64952
hgb,107,target,0.2,172710,130077,565443,347659
hgb,107,target,0.25,168122,21680,570031,456056
hgb,107,target,0.3,163635,19921,574518,457815
hgb,107,target,0.35,163003,15630,575150,462106
hgb,107,target,0.4,160701,15157,577452,462579
hgb,107,target,0.45,133191,10613,604962,467123
hgb,107,target,0.5,52951,2677,685202,475059
hgb,107,target,0.55,49506,2391,688647,475345
hgb,107,target,0.6,47690,848,690463,476888
hgb,107,target,0.65,29057,370,709096,477366
hgb,107,target,0.7,28302,286,709851,477450
hgb,107,target,0.75,19792,178,718361,477558
hgb,107,target,0.8,19348,153,718805,477583
hgb,107,target,0.85,17315,95,720838,477641
hgb,107,target,0.9,13484,64,724669,477672
hgb,107,target,0.95,4068,44,734085,477692
hgb,107,target,0.975,77,3,738076,477733
hgb,107,target,0.99,6,2,738147,477734
hgb,107,target,0.995,3,0,738150,477736
hgb,107,target,0.999,0,0,738153,477736
mlp,107,source_heldout,0.05,88593,18,10,1
mlp,107,source_heldout,0.1,88560,16,43,3
mlp,107,source_heldout,0.15,88428,6,175,13
mlp,107,source_heldout,0.2,88394,3,209,16
mlp,107,source_heldout,0.25,88370,3,233,16
mlp,107,source_heldout,0.3,88358,3,245,16
mlp,107,source_heldout,0.35,88332,3,271,16
mlp,107,source_heldout,0.4,88287,3,316,16
mlp,107,source_heldout,0.45,88216,3,387,16
mlp,107,source_heldout,0.5,88180,3,423,16
mlp,107,source_heldout,0.55,87162,3,1441,16
mlp,107,source_heldout,0.6,86540,2,2063,17
mlp,107,source_heldout,0.65,86406,2,2197,17
mlp,107,source_heldout,0.7,85999,2,2604,17
mlp,107,source_heldout,0.75,85934,2,2669,17
mlp,107,source_heldout,0.8,85652,2,2951,17
mlp,107,source_heldout,0.85,85027,2,3576,17
mlp,107,source_heldout,0.9,84372,2,4231,17
mlp,107,source_heldout,0.95,83836,2,4767,17
mlp,107,source_heldout,0.975,81679,2,6924,17
mlp,107,source_heldout,0.99,75066,0,13537,19
mlp,107,source_heldout,0.995,59971,0,28632,19
mlp,107,source_heldout,0.999,35537,0,53066,19
mlp,107,target,0.05,692160,452790,45993,24946
mlp,107,target,0.1,686144,445027,52009,32709
mlp,107,target,0.15,678342,420120,59811,57616
mlp,107,target,0.2,674054,413153,64099,64583
mlp,107,target,0.25,595340,401236,142813,76500
mlp,107,target,0.3,592541,399353,145612,78383
mlp,107,target,0.35,117018,117315,621135,360421
mlp,107,target,0.4,87642,9369,650511,468367
mlp,107,target,0.45,86723,9250,651430,468486
mlp,107,target,0.5,84588,8825,653565,468911
mlp,107,target,0.55,81108,5615,657045,472121
mlp,107,target,0.6,79141,1470,659012,476266
mlp,107,target,0.65,21267,823,716886,476913
mlp,107,target,0.7,19661,770,718492,476966
mlp,107,target,0.75,19589,765,718564,476971
mlp,107,target,0.8,19266,749,718887,476987
mlp,107,target,0.85,17989,723,720164,477013
mlp,107,target,0.9,17664,38,720489,477698
mlp,107,target,0.95,8502,7,729651,477729
mlp,107,target,0.975,5643,0,732510,477736
mlp,107,target,0.99,29,0,738124,477736
mlp,107,target,0.995,0,0,738153,477736
mlp,107,target,0.999,0,0,738153,477736
majority,108,source_heldout,0.05,98247,3958,0,0
majority,108,source_heldout,0.1,98247,3958,0,0
majority,108,source_heldout,0.15,98247,3958,0,0
majority,108,source_heldout,0.2,98247,3958,0,0
majority,108,source_heldout,0.25,98247,3958,0,0
majority,108,source_heldout,0.3,98247,3958,0,0
majority,108,source_heldout,0.35,98247,3958,0,0
majority,108,source_heldout,0.4,98247,3958,0,0
majority,108,source_heldout,0.45,98247,3958,0,0
majority,108,source_heldout,0.5,98247,3958,0,0
majority,108,source_heldout,0.55,98247,3958,0,0
majority,108,source_heldout,0.6,98247,3958,0,0
majority,108,source_heldout,0.65,98247,3958,0,0
majority,108,source_heldout,0.7,98247,3958,0,0
majority,108,source_heldout,0.75,98247,3958,0,0
majority,108,source_heldout,0.8,98247,3958,0,0
majority,108,source_heldout,0.85,98247,3958,0,0
majority,108,source_heldout,0.9,98247,3958,0,0
majority,108,source_heldout,0.95,98247,3958,0,0
majority,108,source_heldout,0.975,98247,3958,0,0
majority,108,source_heldout,0.99,98247,3958,0,0
majority,108,source_heldout,0.995,98247,3958,0,0
majority,108,source_heldout,0.999,98247,3958,0,0
majority,108,target,0.05,738153,477736,0,0
majority,108,target,0.1,738153,477736,0,0
majority,108,target,0.15,738153,477736,0,0
majority,108,target,0.2,738153,477736,0,0
majority,108,target,0.25,738153,477736,0,0
majority,108,target,0.3,738153,477736,0,0
majority,108,target,0.35,738153,477736,0,0
majority,108,target,0.4,738153,477736,0,0
majority,108,target,0.45,738153,477736,0,0
majority,108,target,0.5,738153,477736,0,0
majority,108,target,0.55,738153,477736,0,0
majority,108,target,0.6,738153,477736,0,0
majority,108,target,0.65,738153,477736,0,0
majority,108,target,0.7,738153,477736,0,0
majority,108,target,0.75,738153,477736,0,0
majority,108,target,0.8,738153,477736,0,0
majority,108,target,0.85,738153,477736,0,0
majority,108,target,0.9,738153,477736,0,0
majority,108,target,0.95,738153,477736,0,0
majority,108,target,0.975,738153,477736,0,0
majority,108,target,0.99,738153,477736,0,0
majority,108,target,0.995,738153,477736,0,0
majority,108,target,0.999,738153,477736,0,0
stratified,108,source_heldout,0.05,92220,3700,6027,258
stratified,108,source_heldout,0.1,92220,3700,6027,258
stratified,108,source_heldout,0.15,92220,3700,6027,258
stratified,108,source_heldout,0.2,92220,3700,6027,258
stratified,108,source_heldout,0.25,92220,3700,6027,258
stratified,108,source_heldout,0.3,92220,3700,6027,258
stratified,108,source_heldout,0.35,92220,3700,6027,258
stratified,108,source_heldout,0.4,92220,3700,6027,258
stratified,108,source_heldout,0.45,92220,3700,6027,258
stratified,108,source_heldout,0.5,92220,3700,6027,258
stratified,108,source_heldout,0.55,92220,3700,6027,258
stratified,108,source_heldout,0.6,92220,3700,6027,258
stratified,108,source_heldout,0.65,92220,3700,6027,258
stratified,108,source_heldout,0.7,92220,3700,6027,258
stratified,108,source_heldout,0.75,92220,3700,6027,258
stratified,108,source_heldout,0.8,92220,3700,6027,258
stratified,108,source_heldout,0.85,92220,3700,6027,258
stratified,108,source_heldout,0.9,92220,3700,6027,258
stratified,108,source_heldout,0.95,92220,3700,6027,258
stratified,108,source_heldout,0.975,92220,3700,6027,258
stratified,108,source_heldout,0.99,92220,3700,6027,258
stratified,108,source_heldout,0.995,92220,3700,6027,258
stratified,108,source_heldout,0.999,92220,3700,6027,258
stratified,108,target,0.05,692975,448418,45178,29318
stratified,108,target,0.1,692975,448418,45178,29318
stratified,108,target,0.15,692975,448418,45178,29318
stratified,108,target,0.2,692975,448418,45178,29318
stratified,108,target,0.25,692975,448418,45178,29318
stratified,108,target,0.3,692975,448418,45178,29318
stratified,108,target,0.35,692975,448418,45178,29318
stratified,108,target,0.4,692975,448418,45178,29318
stratified,108,target,0.45,692975,448418,45178,29318
stratified,108,target,0.5,692975,448418,45178,29318
stratified,108,target,0.55,692975,448418,45178,29318
stratified,108,target,0.6,692975,448418,45178,29318
stratified,108,target,0.65,692975,448418,45178,29318
stratified,108,target,0.7,692975,448418,45178,29318
stratified,108,target,0.75,692975,448418,45178,29318
stratified,108,target,0.8,692975,448418,45178,29318
stratified,108,target,0.85,692975,448418,45178,29318
stratified,108,target,0.9,692975,448418,45178,29318
stratified,108,target,0.95,692975,448418,45178,29318
stratified,108,target,0.975,692975,448418,45178,29318
stratified,108,target,0.99,692975,448418,45178,29318
stratified,108,target,0.995,692975,448418,45178,29318
stratified,108,target,0.999,692975,448418,45178,29318
logreg,108,source_heldout,0.05,97978,1877,269,2081
logreg,108,source_heldout,0.1,97385,1693,862,2265
logreg,108,source_heldout,0.15,97345,1612,902,2346
logreg,108,source_heldout,0.2,97290,1502,957,2456
logreg,108,source_heldout,0.25,94415,1394,3832,2564
logreg,108,source_heldout,0.3,93569,991,4678,2967
logreg,108,source_heldout,0.35,92549,906,5698,3052
logreg,108,source_heldout,0.4,92212,845,6035,3113
logreg,108,source_heldout,0.45,91957,807,6290,3151
logreg,108,source_heldout,0.5,91688,791,6559,3167
logreg,108,source_heldout,0.55,91483,782,6764,3176
logreg,108,source_heldout,0.6,91275,769,6972,3189
logreg,108,source_heldout,0.65,81544,755,16703,3203
logreg,108,source_heldout,0.7,69724,564,28523,3394
logreg,108,source_heldout,0.75,69396,519,28851,3439
logreg,108,source_heldout,0.8,68014,315,30233,3643
logreg,108,source_heldout,0.85,35289,23,62958,3935
logreg,108,source_heldout,0.9,2610,23,95637,3935
logreg,108,source_heldout,0.95,2600,23,95647,3935
logreg,108,source_heldout,0.975,0,0,98247,3958
logreg,108,source_heldout,0.99,0,0,98247,3958
logreg,108,source_heldout,0.995,0,0,98247,3958
logreg,108,source_heldout,0.999,0,0,98247,3958
logreg,108,target,0.05,686449,447366,51704,30370
logreg,108,target,0.1,666939,436631,71214,41105
logreg,108,target,0.15,665742,435039,72411,42697
logreg,108,target,0.2,658715,410869,79438,66867
logreg,108,target,0.25,654399,410277,83754,67459
logreg,108,target,0.3,652560,409329,85593,68407
logreg,108,target,0.35,650080,408690,88073,69046
logreg,108,target,0.4,647921,408236,90232,69500
logreg,108,target,0.45,646976,407691,91177,70045
logreg,108,target,0.5,645089,407081,93064,70655
logreg,108,target,0.55,640419,406945,97734,70791
logreg,108,target,0.6,626264,406445,111889,71291
logreg,108,target,0.65,616258,406051,121895,71685
logreg,108,target,0.7,606800,293599,131353,184137
logreg,108,target,0.75,544031,288754,194122,188982
logreg,108,target,0.8,58272,7057,679881,470679
logreg,108,target,0.85,58272,7051,679881,470685
logreg,108,target,0.9,58272,7024,679881,470712
logreg,108,target,0.95,21408,13,716745,477723
logreg,108,target,0.975,0,0,738153,477736
logreg,108,target,0.99,0,0,738153,477736
logreg,108,target,0.995,0,0,738153,477736
logreg,108,target,0.999,0,0,738153,477736
tree,108,source_heldout,0.05,98050,1081,197,2877
tree,108,source_heldout,0.1,97532,745,715,3213
tree,108,source_heldout,0.15,96707,404,1540,3554
tree,108,source_heldout,0.2,96420,352,1827,3606
tree,108,source_heldout,0.25,96338,333,1909,3625
tree,108,source_heldout,0.3,96266,323,1981,3635
tree,108,source_heldout,0.35,96198,309,2049,3649
tree,108,source_heldout,0.4,96100,305,2147,3653
tree,108,source_heldout,0.45,95878,275,2369,3683
tree,108,source_heldout,0.5,92641,128,5606,3830
tree,108,source_heldout,0.55,92342,114,5905,3844
tree,108,source_heldout,0.6,92245,111,6002,3847
tree,108,source_heldout,0.65,92128,107,6119,3851
tree,108,source_heldout,0.7,91960,100,6287,3858
tree,108,source_heldout,0.75,91960,100,6287,3858
tree,108,source_heldout,0.8,91888,92,6359,3866
tree,108,source_heldout,0.85,90508,61,7739,3897
tree,108,source_heldout,0.9,90508,61,7739,3897
tree,108,source_heldout,0.95,87707,52,10540,3906
tree,108,source_heldout,0.975,87707,52,10540,3906
tree,108,source_heldout,0.99,84774,48,13473,3910
tree,108,source_heldout,0.995,84774,48,13473,3910
tree,108,source_heldout,0.999,84774,48,13473,3910
tree,108,target,0.05,635346,465397,102807,12339
tree,108,target,0.1,574692,440058,163461,37678
tree,108,target,0.15,80366,48411,657787,429325
tree,108,target,0.2,80366,48239,657787,429497
tree,108,target,0.25,77996,41570,660157,436166
tree,108,target,0.3,77996,41570,660157,436166
tree,108,target,0.35,72475,41483,665678,436253
tree,108,target,0.4,72160,41483,665993,436253
tree,108,target,0.45,72160,41483,665993,436253
tree,108,target,0.5,72160,41483,665993,436253
tree,108,target,0.55,72160,41483,665993,436253
tree,108,target,0.6,72160,41478,665993,436258
tree,108,target,0.65,59343,41384,678810,436352
tree,108,target,0.7,59343,41384,678810,436352
tree,108,target,0.75,59343,41384,678810,436352
tree,108,target,0.8,39398,34625,698755,443111
tree,108,target,0.85,39398,34616,698755,443120
tree,108,target,0.9,39398,34616,698755,443120
tree,108,target,0.95,38097,34599,700056,443137
tree,108,target,0.975,38097,34599,700056,443137
tree,108,target,0.99,31921,34313,706232,443423
tree,108,target,0.995,31921,34313,706232,443423
tree,108,target,0.999,31921,34313,706232,443423
rf,108,source_heldout,0.05,98207,1402,40,2556
rf,108,source_heldout,0.1,97998,1178,249,2780
rf,108,source_heldout,0.15,97093,756,1154,3202
rf,108,source_heldout,0.2,96980,679,1267,3279
rf,108,source_heldout,0.25,96862,529,1385,3429
rf,108,source_heldout,0.3,96680,463,1567,3495
rf,108,source_heldout,0.35,96645,418,1602,3540
rf,108,source_heldout,0.4,96281,346,1966,3612
rf,108,source_heldout,0.45,95930,283,2317,3675
rf,108,source_heldout,0.5,93379,165,4868,3793
rf,108,source_heldout,0.55,92762,122,5485,3836
rf,108,source_heldout,0.6,92647,106,5600,3852
rf,108,source_heldout,0.65,92488,88,5759,3870
rf,108,source_heldout,0.7,92377,79,5870,3879
rf,108,source_heldout,0.75,92271,73,5976,3885
rf,108,source_heldout,0.8,91361,59,6886,3899
rf,108,source_heldout,0.85,90763,28,7484,3930
rf,108,source_heldout,0.9,90628,26,7619,3932
rf,108,source_heldout,0.95,87913,7,10334,3951
rf,108,source_heldout,0.975,87615,5,10632,3953
rf,108,source_heldout,0.99,84098,4,14149,3954
rf,108,source_heldout,0.995,83088,2,15159,3956
rf,108,source_heldout,0.999,77199,1,21048,3957
rf,108,target,0.05,715580,475863,22573,1873
rf,108,target,0.1,667641,474463,70512,3273
rf,108,target,0.15,189940,192116,548213,285620
rf,108,target,0.2,186713,191254,551440,286482
rf,108,target,0.25,184295,183209,553858,294527
rf,108,target,0.3,183610,176300,554543,301436
rf,108,target,0.35,183351,161501,554802,316235
rf,108,target,0.4,183050,156903,555103,320833
rf,108,target,0.45,177214,132580,560939,345156
rf,108,target,0.5,176546,128640,561607,349096
rf,108,target,0.55,175733,126392,562420,351344
rf,108,target,0.6,174099,125321,564054,352415
rf,108,target,0.65,173083,124434,565070,353302
rf,108,target,0.7,147773,124045,590380,353691
rf,108,target,0.75,132869,123791,605284,353945
rf,108,target,0.8,67941,122759,670212,354977
rf,108,target,0.85,53809,122627,684344,355109
rf,108,target,0.9,48140,122464,690013,355272
rf,108,target,0.95,21585,122055,716568,355681
rf,108,target,0.975,1254,4119,736899,473617
rf,108,target,0.99,1190,2,736963,477734
rf,108,target,0.995,1144,1,737009,477735
rf,108,target,0.999,0,0,738153,477736
xgboost,108,source_heldout,0.05,98079,1137,168,2821
xgboost,108,source_heldout,0.1,97652,878,595,3080
xgboost,108,source_heldout,0.15,96749,403,1498,3555
xgboost,108,source_heldout,0.2,96536,342,1711,3616
xgboost,108,source_heldout,0.25,96468,320,1779,3638
xgboost,108,source_heldout,0.3,96294,295,1953,3663
xgboost,108,source_heldout,0.35,96100,270,2147,3688
xgboost,108,source_heldout,0.4,95704,238,2543,3720
xgboost,108,source_heldout,0.45,95402,203,2845,3755
xgboost,108,source_heldout,0.5,92777,94,5470,3864
xgboost,108,source_heldout,0.55,92229,64,6018,3894
xgboost,108,source_heldout,0.6,92174,62,6073,3896
xgboost,108,source_heldout,0.65,92060,59,6187,3899
xgboost,108,source_heldout,0.7,91839,50,6408,3908
xgboost,108,source_heldout,0.75,91675,47,6572,3911
xgboost,108,source_heldout,0.8,91335,45,6912,3913
xgboost,108,source_heldout,0.85,89964,11,8283,3947
xgboost,108,source_heldout,0.9,89680,10,8567,3948
xgboost,108,source_heldout,0.95,86671,1,11576,3957
xgboost,108,source_heldout,0.975,85831,1,12416,3957
xgboost,108,source_heldout,0.99,84921,1,13326,3957
xgboost,108,source_heldout,0.995,83925,1,14322,3957
xgboost,108,source_heldout,0.999,67315,0,30932,3958
xgboost,108,target,0.05,693171,425131,44982,52605
xgboost,108,target,0.1,652871,416319,85282,61417
xgboost,108,target,0.15,174833,130840,563320,346896
xgboost,108,target,0.2,171559,127789,566594,349947
xgboost,108,target,0.25,132300,125956,605853,351780
xgboost,108,target,0.3,110338,124438,627815,353298
xgboost,108,target,0.35,108644,123898,629509,353838
xgboost,108,target,0.4,87839,120539,650314,357197
xgboost,108,target,0.45,81178,120383,656975,357353
xgboost,108,target,0.5,76885,120274,661268,357462
xgboost,108,target,0.55,75062,12365,663091,465371
xgboost,108,target,0.6,69835,12234,668318,465502
xgboost,108,target,0.65,68689,7993,669464,469743
xgboost,108,target,0.7,55572,7867,682581,469869
xgboost,108,target,0.75,33544,7575,704609,470161
xgboost,108,target,0.8,10439,844,727714,476892
xgboost,108,target,0.85,9851,763,728302,476973
xgboost,108,target,0.9,6373,740,731780,476996
xgboost,108,target,0.95,269,685,737884,477051
xgboost,108,target,0.975,2,4,738151,477732
xgboost,108,target,0.99,0,0,738153,477736
xgboost,108,target,0.995,0,0,738153,477736
xgboost,108,target,0.999,0,0,738153,477736
hgb,108,source_heldout,0.05,98070,1165,177,2793
hgb,108,source_heldout,0.1,97754,898,493,3060
hgb,108,source_heldout,0.15,96708,496,1539,3462
hgb,108,source_heldout,0.2,96592,451,1655,3507
hgb,108,source_heldout,0.25,96302,421,1945,3537
hgb,108,source_heldout,0.3,96032,375,2215,3583
hgb,108,source_heldout,0.35,95990,363,2257,3595
hgb,108,source_heldout,0.4,95693,245,2554,3713
hgb,108,source_heldout,0.45,93551,134,4696,3824
hgb,108,source_heldout,0.5,92498,88,5749,3870
hgb,108,source_heldout,0.55,92211,74,6036,3884
hgb,108,source_heldout,0.6,92092,67,6155,3891
hgb,108,source_heldout,0.65,91954,63,6293,3895
hgb,108,source_heldout,0.7,91845,58,6402,3900
hgb,108,source_heldout,0.75,91592,49,6655,3909
hgb,108,source_heldout,0.8,91217,44,7030,3914
hgb,108,source_heldout,0.85,89852,13,8395,3945
hgb,108,source_heldout,0.9,89672,12,8575,3946
hgb,108,source_heldout,0.95,86538,2,11709,3956
hgb,108,source_heldout,0.975,85589,2,12658,3956
hgb,108,source_heldout,0.99,85006,2,13241,3956
hgb,108,source_heldout,0.995,83803,2,14444,3956
hgb,108,source_heldout,0.999,68262,1,29985,3957
hgb,108,target,0.05,694059,426244,44094,51492
hgb,108,target,0.1,655677,417789,82476,59947
hgb,108,target,0.15,630065,413938,108088,63798
hgb,108,target,0.2,154633,130064,583520,347672
hgb,108,target,0.25,153769,124642,584384,353094
hgb,108,target,0.3,130445,123337,607708,354399
hgb,108,target,0.35,129845,122023,608308,355713
hgb,108,target,0.4,124686,121631,613467,356105
hgb,108,target,0.45,83287,120736,654866,357000
hgb,108,target,0.5,77510,120584,660643,357152
hgb,108,target,0.55,76821,116404,661332,361332
hgb,108,target,0.6,76797,116256,661356,361480
hgb,108,target,0.65,55883,115815,682270,361921
hgb,108,target,0.7,51973,115756,686180,361980
hgb,108,target,0.75,45938,7875,692215,469861
hgb,108,target,0.8,25296,271,712857,477465
hgb,108,target,0.85,11346,210,726807,477526
hgb,108,target,0.9,11207,122,726946,477614
hgb,108,target,0.95,6434,30,731719,477706
hgb,108,target,0.975,3307,18,734846,477718
hgb,108,target,0.99,1182,2,736971,477734
hgb,108,target,0.995,0,0,738153,477736
hgb,108,target,0.999,0,0,738153,477736
mlp,108,source_heldout,0.05,98133,1373,114,2585
mlp,108,source_heldout,0.1,97705,1066,542,2892
mlp,108,source_heldout,0.15,97438,953,809,3005
mlp,108,source_heldout,0.2,96184,412,2063,3546
mlp,108,source_heldout,0.25,96121,390,2126,3568
mlp,108,source_heldout,0.3,96000,360,2247,3598
mlp,108,source_heldout,0.35,95955,337,2292,3621
mlp,108,source_heldout,0.4,95771,307,2476,3651
mlp,108,source_heldout,0.45,95492,289,2755,3669
mlp,108,source_heldout,0.5,93007,155,5240,3803
mlp,108,source_heldout,0.55,91182,99,7065,3859
mlp,108,source_heldout,0.6,90748,84,7499,3874
mlp,108,source_heldout,0.65,90492,69,7755,3889
mlp,108,source_heldout,0.7,90355,65,7892,3893
mlp,108,source_heldout,0.75,89703,54,8544,3904
mlp,108,source_heldout,0.8,89441,29,8806,3929
mlp,108,source_heldout,0.85,89284,22,8963,3936
mlp,108,source_heldout,0.9,86814,17,11433,3941
mlp,108,source_heldout,0.95,85411,13,12836,3945
mlp,108,source_heldout,0.975,80556,2,17691,3956
mlp,108,source_heldout,0.99,78416,2,19831,3956
mlp,108,source_heldout,0.995,68118,1,30129,3957
mlp,108,source_heldout,0.999,48603,0,49644,3958
mlp,108,target,0.05,699002,459002,39151,18734
mlp,108,target,0.1,660005,455435,78148,22301
mlp,108,target,0.15,625200,338696,112953,139040
mlp,108,target,0.2,106866,19599,631287,458137
mlp,108,target,0.25,99378,17567,638775,460169
mlp,108,target,0.3,91596,16887,646557,460849
mlp,108,target,0.35,89322,16619,648831,461117
mlp,108,target,0.4,88998,15337,649155,462399
mlp,108,target,0.45,88811,13788,649342,463948
mlp,108,target,0.5,88621,13633,649532,464103
mlp,108,target,0.55,86659,13347,651494,464389
mlp,108,target,0.6,56317,9463,681836,468273
mlp,108,target,0.65,20132,8539,718021,469197
mlp,108,target,0.7,19380,3852,718773,473884
mlp,108,target,0.75,17957,3683,720196,474053
mlp,108,target,0.8,15599,911,722554,476825
mlp,108,target,0.85,12207,853,725946,476883
mlp,108,target,0.9,8821,762,729332,476974
mlp,108,target,0.95,8630,705,729523,477031
mlp,108,target,0.975,5815,14,732338,477722
mlp,108,target,0.99,2690,7,735463,477729
mlp,108,target,0.995,481,0,737672,477736
mlp,108,target,0.999,0,0,738153,477736
majority,109,source_heldout,0.05,106972,5167,0,0
majority,109,source_heldout,0.1,106972,5167,0,0
majority,109,source_heldout,0.15,106972,5167,0,0
majority,109,source_heldout,0.2,106972,5167,0,0
majority,109,source_heldout,0.25,106972,5167,0,0
majority,109,source_heldout,0.3,106972,5167,0,0
majority,109,source_heldout,0.35,106972,5167,0,0
majority,109,source_heldout,0.4,106972,5167,0,0
majority,109,source_heldout,0.45,106972,5167,0,0
majority,109,source_heldout,0.5,106972,5167,0,0
majority,109,source_heldout,0.55,106972,5167,0,0
majority,109,source_heldout,0.6,106972,5167,0,0
majority,109,source_heldout,0.65,106972,5167,0,0
majority,109,source_heldout,0.7,106972,5167,0,0
majority,109,source_heldout,0.75,106972,5167,0,0
majority,109,source_heldout,0.8,106972,5167,0,0
majority,109,source_heldout,0.85,106972,5167,0,0
majority,109,source_heldout,0.9,106972,5167,0,0
majority,109,source_heldout,0.95,106972,5167,0,0
majority,109,source_heldout,0.975,106972,5167,0,0
majority,109,source_heldout,0.99,106972,5167,0,0
majority,109,source_heldout,0.995,106972,5167,0,0
majority,109,source_heldout,0.999,106972,5167,0,0
majority,109,target,0.05,738153,477736,0,0
majority,109,target,0.1,738153,477736,0,0
majority,109,target,0.15,738153,477736,0,0
majority,109,target,0.2,738153,477736,0,0
majority,109,target,0.25,738153,477736,0,0
majority,109,target,0.3,738153,477736,0,0
majority,109,target,0.35,738153,477736,0,0
majority,109,target,0.4,738153,477736,0,0
majority,109,target,0.45,738153,477736,0,0
majority,109,target,0.5,738153,477736,0,0
majority,109,target,0.55,738153,477736,0,0
majority,109,target,0.6,738153,477736,0,0
majority,109,target,0.65,738153,477736,0,0
majority,109,target,0.7,738153,477736,0,0
majority,109,target,0.75,738153,477736,0,0
majority,109,target,0.8,738153,477736,0,0
majority,109,target,0.85,738153,477736,0,0
majority,109,target,0.9,738153,477736,0,0
majority,109,target,0.95,738153,477736,0,0
majority,109,target,0.975,738153,477736,0,0
majority,109,target,0.99,738153,477736,0,0
majority,109,target,0.995,738153,477736,0,0
majority,109,target,0.999,738153,477736,0,0
stratified,109,source_heldout,0.05,100724,4855,6248,312
stratified,109,source_heldout,0.1,100724,4855,6248,312
stratified,109,source_heldout,0.15,100724,4855,6248,312
stratified,109,source_heldout,0.2,100724,4855,6248,312
stratified,109,source_heldout,0.25,100724,4855,6248,312
stratified,109,source_heldout,0.3,100724,4855,6248,312
stratified,109,source_heldout,0.35,100724,4855,6248,312
stratified,109,source_heldout,0.4,100724,4855,6248,312
stratified,109,source_heldout,0.45,100724,4855,6248,312
stratified,109,source_heldout,0.5,100724,4855,6248,312
stratified,109,source_heldout,0.55,100724,4855,6248,312
stratified,109,source_heldout,0.6,100724,4855,6248,312
stratified,109,source_heldout,0.65,100724,4855,6248,312
stratified,109,source_heldout,0.7,100724,4855,6248,312
stratified,109,source_heldout,0.75,100724,4855,6248,312
stratified,109,source_heldout,0.8,100724,4855,6248,312
stratified,109,source_heldout,0.85,100724,4855,6248,312
stratified,109,source_heldout,0.9,100724,4855,6248,312
stratified,109,source_heldout,0.95,100724,4855,6248,312
stratified,109,source_heldout,0.975,100724,4855,6248,312
stratified,109,source_heldout,0.99,100724,4855,6248,312
stratified,109,source_heldout,0.995,100724,4855,6248,312
stratified,109,source_heldout,0.999,100724,4855,6248,312
stratified,109,target,0.05,695034,449777,43119,27959
stratified,109,target,0.1,695034,449777,43119,27959
stratified,109,target,0.15,695034,449777,43119,27959
stratified,109,target,0.2,695034,449777,43119,27959
stratified,109,target,0.25,695034,449777,43119,27959
stratified,109,target,0.3,695034,449777,43119,27959
stratified,109,target,0.35,695034,449777,43119,27959
stratified,109,target,0.4,695034,449777,43119,27959
stratified,109,target,0.45,695034,449777,43119,27959
stratified,109,target,0.5,695034,449777,43119,27959
stratified,109,target,0.55,695034,449777,43119,27959
stratified,109,target,0.6,695034,449777,43119,27959
stratified,109,target,0.65,695034,449777,43119,27959
stratified,109,target,0.7,695034,449777,43119,27959
stratified,109,target,0.75,695034,449777,43119,27959
stratified,109,target,0.8,695034,449777,43119,27959
stratified,109,target,0.85,695034,449777,43119,27959
stratified,109,target,0.9,695034,449777,43119,27959
stratified,109,target,0.95,695034,449777,43119,27959
stratified,109,target,0.975,695034,449777,43119,27959
stratified,109,target,0.99,695034,449777,43119,27959
stratified,109,target,0.995,695034,449777,43119,27959
stratified,109,target,0.999,695034,449777,43119,27959
logreg,109,source_heldout,0.05,105490,2872,1482,2295
logreg,109,source_heldout,0.1,104979,2676,1993,2491
logreg,109,source_heldout,0.15,104607,2542,2365,2625
logreg,109,source_heldout,0.2,104078,2296,2894,2871
logreg,109,source_heldout,0.25,102266,1582,4706,3585
logreg,109,source_heldout,0.3,101868,1449,5104,3718
logreg,109,source_heldout,0.35,98032,1381,8940,3786
logreg,109,source_heldout,0.4,97499,1303,9473,3864
logreg,109,source_heldout,0.45,97171,1247,9801,3920
logreg,109,source_heldout,0.5,96946,1206,10026,3961
logreg,109,source_heldout,0.55,96666,1161,10306,4006
logreg,109,source_heldout,0.6,96343,1122,10629,4045
logreg,109,source_heldout,0.65,92389,1092,14583,4075
logreg,109,source_heldout,0.7,76630,1066,30342,4101
logreg,109,source_heldout,0.75,74798,857,32174,4310
logreg,109,source_heldout,0.8,72666,746,34306,4421
logreg,109,source_heldout,0.85,51763,471,55209,4696
logreg,109,source_heldout,0.9,3598,156,103374,5011
logreg,109,source_heldout,0.95,3452,156,103520,5011
logreg,109,source_heldout,0.975,2796,39,104176,5128
logreg,109,source_heldout,0.99,0,0,106972,5167
logreg,109,source_heldout,0.995,0,0,106972,5167
logreg,109,source_heldout,0.999,0,0,106972,5167
logreg,109,target,0.05,668896,441497,69257,36239
logreg,109,target,0.1,666024,435328,72129,42408
logreg,109,target,0.15,660688,411814,77465,65922
logreg,109,target,0.2,655575,411075,82578,66661
logreg,109,target,0.25,653472,409595,84681,68141
logreg,109,target,0.3,651804,409101,86349,68635
logreg,109,target,0.35,649273,408839,88880,68897
logreg,109,target,0.4,647520,408597,90633,69139
logreg,109,target,0.45,646869,407815,91284,69921
logreg,109,target,0.5,645097,407471,93056,70265
logreg,109,target,0.55,644552,407298,93601,70438
logreg,109,target,0.6,630059,406507,108094,71229
logreg,109,target,0.65,621540,406342,116613,71394
logreg,109,target,0.7,611330,405760,126823,71976
logreg,109,target,0.75,601951,289905,136202,187831
logreg,109,target,0.8,62550,7222,675603,470514
logreg,109,target,0.85,58272,7065,679881,470671
logreg,109,target,0.9,58272,7057,679881,470679
logreg,109,target,0.95,58272,7023,679881,470713
logreg,109,target,0.975,0,0,738153,477736
logreg,109,target,0.99,0,0,738153,477736
logreg,109,target,0.995,0,0,738153,477736
logreg,109,target,0.999,0,0,738153,477736
tree,109,source_heldout,0.05,104548,1621,2424,3546
tree,109,source_heldout,0.1,101513,613,5459,4554
tree,109,source_heldout,0.15,100941,578,6031,4589
tree,109,source_heldout,0.2,95532,327,11440,4840
tree,109,source_heldout,0.25,94906,297,12066,4870
tree,109,source_heldout,0.3,94906,297,12066,4870
tree,109,source_heldout,0.35,94645,271,12327,4896
tree,109,source_heldout,0.4,94137,242,12835,4925
tree,109,source_heldout,0.45,94113,239,12859,4928
tree,109,source_heldout,0.5,93965,220,13007,4947
tree,109,source_heldout,0.55,93965,220,13007,4947
tree,109,source_heldout,0.6,93240,192,13732,4975
tree,109,source_heldout,0.65,92997,179,13975,4988
tree,109,source_heldout,0.7,92981,179,13991,4988
tree,109,source_heldout,0.75,92981,179,13991,4988
tree,109,source_heldout,0.8,91469,152,15503,5015
tree,109,source_heldout,0.85,91469,152,15503,5015
tree,109,source_heldout,0.9,89009,152,17963,5015
tree,109,source_heldout,0.95,88601,112,18371,5055
tree,109,source_heldout,0.975,86770,107,20202,5060
tree,109,source_heldout,0.99,86770,107,20202,5060
tree,109,source_heldout,0.995,86770,107,20202,5060
tree,109,source_heldout,0.999,86770,107,20202,5060
tree,109,target,0.05,212609,140592,525544,337144
tree,109,target,0.1,83980,133065,654173,344671
tree,109,target,0.15,83346,132948,654807,344788
tree,109,target,0.2,83345,132808,654808,344928
tree,109,target,0.25,83345,132788,654808,344948
tree,109,target,0.3,83345,132788,654808,344948
tree,109,target,0.35,83345,132757,654808,344979
tree,109,target,0.4,83340,132757,654813,344979
tree,109,target,0.45,83339,132757,654814,344979
tree,109,target,0.5,83339,132546,654814,345190
tree,109,target,0.55,83339,132546,654814,345190
tree,109,target,0.6,83339,132546,654814,345190
tree,109,target,0.65,83329,131424,654824,346312
tree,109,target,0.7,83327,131390,654826,346346
tree,109,target,0.75,83327,131390,654826,346346
tree,109,target,0.8,83326,131379,654827,346357
tree,109,target,0.85,83326,131379,654827,346357
tree,109,target,0.9,83326,131379,654827,346357
tree,109,target,0.95,83326,131379,654827,346357
tree,109,target,0.975,82853,131262,655300,346474
tree,109,target,0.99,82853,131262,655300,346474
tree,109,target,0.995,82853,131262,655300,346474
tree,109,target,0.999,82853,131262,655300,346474
rf,109,source_heldout,0.05,105437,2269,1535,2898
rf,109,source_heldout,0.1,103256,1375,3716,3792
rf,109,source_heldout,0.15,102273,1108,4699,4059
rf,109,source_heldout,0.2,96881,670,10091,4497
rf,109,source_heldout,0.25,96179,578,10793,4589
rf,109,source_heldout,0.3,96067,481,10905,4686
rf,109,source_heldout,0.35,95674,406,11298,4761
rf,109,source_heldout,0.4,95197,341,11775,4826
rf,109,source_heldout,0.45,95102,313,11870,4854
rf,109,source_heldout,0.5,94748,273,12224,4894
rf,109,source_heldout,0.55,94644,253,12328,4914
rf,109,source_heldout,0.6,93793,203,13179,4964
rf,109,source_heldout,0.65,93724,186,13248,4981
rf,109,source_heldout,0.7,93474,161,13498,5006
rf,109,source_heldout,0.75,93303,149,13669,5018
rf,109,source_heldout,0.8,92358,119,14614,5048
rf,109,source_heldout,0.85,91532,99,15440,5068
rf,109,source_heldout,0.9,88720,84,18252,5083
rf,109,source_heldout,0.95,87927,16,19045,5151
rf,109,source_heldout,0.975,83930,8,23042,5159
rf,109,source_heldout,0.99,80601,3,26371,5164
rf,109,source_heldout,0.995,70489,2,36483,5165
rf,109,source_heldout,0.999,67786,2,39186,5165
rf,109,target,0.05,698372,474556,39781,3180
rf,109,target,0.1,221238,191875,516915,285861
rf,109,target,0.15,220708,167979,517445,309757
rf,109,target,0.2,184254,161626,553899,316110
rf,109,target,0.25,183708,149085,554445,328651
rf,109,target,0.3,183620,142166,554533,335570
rf,109,target,0.35,182672,137217,555481,340519
rf,109,target,0.4,182494,134921,555659,342815
rf,109,target,0.45,160890,134365,577263,343371
rf,109,target,0.5,154532,128797,583621,348939
rf,109,target,0.55,147072,128344,591081,349392
rf,109,target,0.6,141712,128029,596441,349707
rf,109,target,0.65,139266,127732,598887,350004
rf,109,target,0.7,77283,126557,660870,351179
rf,109,target,0.75,72473,125926,665680,351810
rf,109,target,0.8,67227,124067,670926,353669
rf,109,target,0.85,52720,122847,685433,354889
rf,109,target,0.9,44298,122687,693855,355049
rf,109,target,0.95,4693,7523,733460,470213
rf,109,target,0.975,1501,711,736652,477025
rf,109,target,0.99,341,5,737812,477731
rf,109,target,0.995,19,1,738134,477735
rf,109,target,0.999,0,0,738153,477736
xgboost,109,source_heldout,0.05,104744,1661,2228,3506
xgboost,109,source_heldout,0.1,102071,838,4901,4329
xgboost,109,source_heldout,0.15,100993,607,5979,4560
xgboost,109,source_heldout,0.2,95441,305,11531,4862
xgboost,109,source_heldout,0.25,95079,286,11893,4881
xgboost,109,source_heldout,0.3,94511,240,12461,4927
xgboost,109,source_heldout,0.35,94419,222,12553,4945
xgboost,109,source_heldout,0.4,93989,197,12983,4970
xgboost,109,source_heldout,0.45,93766,183,13206,4984
xgboost,109,source_heldout,0.5,93703,177,13269,4990
xgboost,109,source_heldout,0.55,93536,152,13436,5015
xgboost,109,source_heldout,0.6,93095,125,13877,5042
xgboost,109,source_heldout,0.65,92521,102,14451,5065
xgboost,109,source_heldout,0.7,92342,98,14630,5069
xgboost,109,source_heldout,0.75,92210,91,14762,5076
xgboost,109,source_heldout,0.8,91257,78,15715,5089
xgboost,109,source_heldout,0.85,90378,73,16594,5094
xgboost,109,source_heldout,0.9,90089,70,16883,5097
xgboost,109,source_heldout,0.95,86604,26,20368,5141
xgboost,109,source_heldout,0.975,85037,5,21935,5162
xgboost,109,source_heldout,0.99,84171,3,22801,5164
xgboost,109,source_heldout,0.995,83692,3,23280,5164
xgboost,109,source_heldout,0.999,66851,3,40121,5164
xgboost,109,target,0.05,220055,138489,518098,339247
xgboost,109,target,0.1,180014,133787,558139,343949
xgboost,109,target,0.15,179549,125267,558604,352469
xgboost,109,target,0.2,175183,123303,562970,354433
xgboost,109,target,0.25,145486,122650,592667,355086
xgboost,109,target,0.3,141983,122189,596170,355547
xgboost,109,target,0.35,102849,120456,635304,357280
xgboost,109,target,0.4,78222,120339,659931,357397
xgboost,109,target,0.45,71785,120260,666368,357476
xgboost,109,target,0.5,68292,116145,669861,361591
xgboost,109,target,0.55,67533,116107,670620,361629
xgboost,109,target,0.6,66504,115837,671649,361899
xgboost,109,target,0.65,49234,115529,688919,362207
xgboost,109,target,0.7,49181,7548,688972,470188
xgboost,109,target,0.75,49126,7507,689027,470229
xgboost,109,target,0.8,48877,7426,689276,470310
xgboost,109,target,0.85,48808,7396,689345,470340
xgboost,109,target,0.9,24693,701,713460,477035
xgboost,109,target,0.95,9002,682,729151,477054
xgboost,109,target,0.975,1923,5,736230,477731
xgboost,109,target,0.99,0,2,738153,477734
xgboost,109,target,0.995,0,0,738153,477736
xgboost,109,target,0.999,0,0,738153,477736
hgb,109,source_heldout,0.05,104751,1676,2221,3491
hgb,109,source_heldout,0.1,101720,771,5252,4396
hgb,109,source_heldout,0.15,101317,621,5655,4546
hgb,109,source_heldout,0.2,95580,378,11392,4789
hgb,109,source_heldout,0.25,94939,319,12033,4848
hgb,109,source_heldout,0.3,94796,282,12176,4885
hgb,109,source_heldout,0.35,94600,275,12372,4892
hgb,109,source_heldout,0.4,94164,253,12808,4914
hgb,109,source_heldout,0.45,93784,195,13188,4972
hgb,109,source_heldout,0.5,93697,186,13275,4981
hgb,109,source_heldout,0.55,93519,156,13453,5011
hgb,109,source_heldout,0.6,92586,108,14386,5059
hgb,109,source_heldout,0.65,92387,96,14585,5071
hgb,109,source_heldout,0.7,92129,93,14843,5074
hgb,109,source_heldout,0.75,91989,88,14983,5079
hgb,109,source_heldout,0.8,91148,77,15824,5090
hgb,109,source_heldout,0.85,90327,68,16645,5099
hgb,109,source_heldout,0.9,89785,59,17187,5108
hgb,109,source_heldout,0.95,84345,18,22627,5149
hgb,109,source_heldout,0.975,83415,8,23557,5159
hgb,109,source_heldout,0.99,82629,3,24343,5164
hgb,109,source_heldout,0.995,81468,3,25504,5164
hgb,109,source_heldout,0.999,67565,3,39407,5164
hgb,109,target,0.05,162077,139855,576076,337881
hgb,109,target,0.1,160388,129274,577765,348462
hgb,109,target,0.15,154738,127208,583415,350528
hgb,109,target,0.2,152239,126334,585914,351402
hgb,109,target,0.25,150755,121900,587398,355836
hgb,109,target,0.3,144518,121157,593635,356579
hgb,109,target,0.35,118912,121052,619241,356684
hgb,109,target,0.4,77059,120394,661094,357342
hgb,109,target,0.45,72035,120225,666118,357511
hgb,109,target,0.5,71701,120120,666452,357616
hgb,109,target,0.55,71291,120027,666862,357709
hgb,109,target,0.6,71192,115890,666961,361846
hgb,109,target,0.65,71091,115847,667062,361889
hgb,109,target,0.7,68528,115828,669625,361908
hgb,109,target,0.75,66505,7880,671648,469856
hgb,109,target,0.8,56756,7862,681397,469874
hgb,109,target,0.85,54059,7812,684094,469924
hgb,109,target,0.9,37008,7483,701145,470253
hgb,109,target,0.95,36399,7421,701754,470315
hgb,109,target,0.975,14436,34,723717,477702
hgb,109,target,0.99,2516,7,735637,477729
hgb,109,target,0.995,4,6,738149,477730
hgb,109,target,0.999,0,0,738153,477736
mlp,109,source_heldout,0.05,104254,1682,2718,3485
mlp,109,source_heldout,0.1,101992,951,4980,4216
mlp,109,source_heldout,0.15,97426,533,9546,4634
mlp,109,source_heldout,0.2,94952,373,12020,4794
mlp,109,source_heldout,0.25,94540,328,12432,4839
mlp,109,source_heldout,0.3,94370,308,12602,4859
mlp,109,source_heldout,0.35,94279,289,12693,4878
mlp,109,source_heldout,0.4,93967,275,13005,4892
mlp,109,source_heldout,0.45,93864,268,13108,4899
mlp,109,source_heldout,0.5,93761,251,13211,4916
mlp,109,source_heldout,0.55,93327,207,13645,4960
mlp,109,source_heldout,0.6,92701,167,14271,5000
mlp,109,source_heldout,0.65,92299,147,14673,5020
mlp,109,source_heldout,0.7,90783,109,16189,5058
mlp,109,source_heldout,0.75,89850,74,17122,5093
mlp,109,source_heldout,0.8,89751,71,17221,5096
mlp,109,source_heldout,0.85,89421,66,17551,5101
mlp,109,source_heldout,0.9,87224,57,19748,5110
mlp,109,source_heldout,0.95,83291,50,23681,5117
mlp,109,source_heldout,0.975,82908,12,24064,5155
mlp,109,source_heldout,0.99,77547,8,29425,5159
mlp,109,source_heldout,0.995,77402,7,29570,5160
mlp,109,source_heldout,0.999,55427,5,51545,5162
mlp,109,target,0.05,653452,450461,84701,27275
mlp,109,target,0.1,634388,446728,103765,31008
mlp,109,target,0.15,613875,410826,124278,66910
mlp,109,target,0.2,107262,129166,630891,348570
mlp,109,target,0.25,38852,20404,699301,457332
mlp,109,target,0.3,36121,20128,702032,457608
mlp,109,target,0.35,33103,18668,705050,459068
mlp,109,target,0.4,32293,18253,705860,459483
mlp,109,target,0.45,32275,13677,705878,464059
mlp,109,target,0.5,32198,12918,705955,464818
mlp,109,target,0.55,32169,12708,705984,465028
mlp,109,target,0.6,29778,9649,708375,468087
mlp,109,target,0.65,26269,8793,711884,468943
mlp,109,target,0.7,25893,5333,712260,472403
mlp,109,target,0.75,17448,5085,720705,472651
mlp,109,target,0.8,14990,933,723163,476803
mlp,109,target,0.85,11547,886,726606,476850
mlp,109,target,0.9,6547,798,731606,476938
mlp,109,target,0.95,5665,77,732488,477659
mlp,109,target,0.975,5494,45,732659,477691
mlp,109,target,0.99,3365,34,734788,477702
mlp,109,target,0.995,1432,26,736721,477710
mlp,109,target,0.999,93,0,738060,477736
majority,110,source_heldout,0.05,88648,15,0,0
majority,110,source_heldout,0.1,88648,15,0,0
majority,110,source_heldout,0.15,88648,15,0,0
majority,110,source_heldout,0.2,88648,15,0,0
majority,110,source_heldout,0.25,88648,15,0,0
majority,110,source_heldout,0.3,88648,15,0,0
majority,110,source_heldout,0.35,88648,15,0,0
majority,110,source_heldout,0.4,88648,15,0,0
majority,110,source_heldout,0.45,88648,15,0,0
majority,110,source_heldout,0.5,88648,15,0,0
majority,110,source_heldout,0.55,88648,15,0,0
majority,110,source_heldout,0.6,88648,15,0,0
majority,110,source_heldout,0.65,88648,15,0,0
majority,110,source_heldout,0.7,88648,15,0,0
majority,110,source_heldout,0.75,88648,15,0,0
majority,110,source_heldout,0.8,88648,15,0,0
majority,110,source_heldout,0.85,88648,15,0,0
majority,110,source_heldout,0.9,88648,15,0,0
majority,110,source_heldout,0.95,88648,15,0,0
majority,110,source_heldout,0.975,88648,15,0,0
majority,110,source_heldout,0.99,88648,15,0,0
majority,110,source_heldout,0.995,88648,15,0,0
majority,110,source_heldout,0.999,88648,15,0,0
majority,110,target,0.05,738153,477736,0,0
majority,110,target,0.1,738153,477736,0,0
majority,110,target,0.15,738153,477736,0,0
majority,110,target,0.2,738153,477736,0,0
majority,110,target,0.25,738153,477736,0,0
majority,110,target,0.3,738153,477736,0,0
majority,110,target,0.35,738153,477736,0,0
majority,110,target,0.4,738153,477736,0,0
majority,110,target,0.45,738153,477736,0,0
majority,110,target,0.5,738153,477736,0,0
majority,110,target,0.55,738153,477736,0,0
majority,110,target,0.6,738153,477736,0,0
majority,110,target,0.65,738153,477736,0,0
majority,110,target,0.7,738153,477736,0,0
majority,110,target,0.75,738153,477736,0,0
majority,110,target,0.8,738153,477736,0,0
majority,110,target,0.85,738153,477736,0,0
majority,110,target,0.9,738153,477736,0,0
majority,110,target,0.95,738153,477736,0,0
majority,110,target,0.975,738153,477736,0,0
majority,110,target,0.99,738153,477736,0,0
majority,110,target,0.995,738153,477736,0,0
majority,110,target,0.999,738153,477736,0,0
stratified,110,source_heldout,0.05,81833,13,6815,2
stratified,110,source_heldout,0.1,81833,13,6815,2
stratified,110,source_heldout,0.15,81833,13,6815,2
stratified,110,source_heldout,0.2,81833,13,6815,2
stratified,110,source_heldout,0.25,81833,13,6815,2
stratified,110,source_heldout,0.3,81833,13,6815,2
stratified,110,source_heldout,0.35,81833,13,6815,2
stratified,110,source_heldout,0.4,81833,13,6815,2
stratified,110,source_heldout,0.45,81833,13,6815,2
stratified,110,source_heldout,0.5,81833,13,6815,2
stratified,110,source_heldout,0.55,81833,13,6815,2
stratified,110,source_heldout,0.6,81833,13,6815,2
stratified,110,source_heldout,0.65,81833,13,6815,2
stratified,110,source_heldout,0.7,81833,13,6815,2
stratified,110,source_heldout,0.75,81833,13,6815,2
stratified,110,source_heldout,0.8,81833,13,6815,2
stratified,110,source_heldout,0.85,81833,13,6815,2
stratified,110,source_heldout,0.9,81833,13,6815,2
stratified,110,source_heldout,0.95,81833,13,6815,2
stratified,110,source_heldout,0.975,81833,13,6815,2
stratified,110,source_heldout,0.99,81833,13,6815,2
stratified,110,source_heldout,0.995,81833,13,6815,2
stratified,110,source_heldout,0.999,81833,13,6815,2
stratified,110,target,0.05,681655,441163,56498,36573
stratified,110,target,0.1,681655,441163,56498,36573
stratified,110,target,0.15,681655,441163,56498,36573
stratified,110,target,0.2,681655,441163,56498,36573
stratified,110,target,0.25,681655,441163,56498,36573
stratified,110,target,0.3,681655,441163,56498,36573
stratified,110,target,0.35,681655,441163,56498,36573
stratified,110,target,0.4,681655,441163,56498,36573
stratified,110,target,0.45,681655,441163,56498,36573
stratified,110,target,0.5,681655,441163,56498,36573
stratified,110,target,0.55,681655,441163,56498,36573
stratified,110,target,0.6,681655,441163,56498,36573
stratified,110,target,0.65,681655,441163,56498,36573
stratified,110,target,0.7,681655,441163,56498,36573
stratified,110,target,0.75,681655,441163,56498,36573
stratified,110,target,0.8,681655,441163,56498,36573
stratified,110,target,0.85,681655,441163,56498,36573
stratified,110,target,0.9,681655,441163,56498,36573
stratified,110,target,0.95,681655,441163,56498,36573
stratified,110,target,0.975,681655,441163,56498,36573
stratified,110,target,0.99,681655,441163,56498,36573
stratified,110,target,0.995,681655,441163,56498,36573
stratified,110,target,0.999,681655,441163,56498,36573
logreg,110,source_heldout,0.05,88645,14,3,1
logreg,110,source_heldout,0.1,88643,13,5,2
logreg,110,source_heldout,0.15,88641,13,7,2
logreg,110,source_heldout,0.2,88640,12,8,3
logreg,110,source_heldout,0.25,88639,12,9,3
logreg,110,source_heldout,0.3,85730,11,2918,4
logreg,110,source_heldout,0.35,84887,11,3761,4
logreg,110,source_heldout,0.4,84794,9,3854,6
logreg,110,source_heldout,0.45,84733,8,3915,7
logreg,110,source_heldout,0.5,84552,8,4096,7
logreg,110,source_heldout,0.55,84419,8,4229,7
logreg,110,source_heldout,0.6,84155,1,4493,14
logreg,110,source_heldout,0.65,65544,1,23104,14
logreg,110,source_heldout,0.7,63850,1,24798,14
logreg,110,source_heldout,0.75,63104,0,25544,15
logreg,110,source_heldout,0.8,61534,0,27114,15
logreg,110,source_heldout,0.85,46707,0,41941,15
logreg,110,source_heldout,0.9,201,0,88447,15
logreg,110,source_heldout,0.95,201,0,88447,15
logreg,110,source_heldout,0.975,0,0,88648,15
logreg,110,source_heldout,0.99,0,0,88648,15
logreg,110,source_heldout,0.995,0,0,88648,15
logreg,110,source_heldout,0.999,0,0,88648,15
logreg,110,target,0.05,690914,449467,47239,28269
logreg,110,target,0.1,667856,446492,70297,31244
logreg,110,target,0.15,665911,435636,72242,42100
logreg,110,target,0.2,659282,433904,78871,43832
logreg,110,target,0.25,655369,410343,82784,67393
logreg,110,target,0.3,654412,409406,83741,68330
logreg,110,target,0.35,653630,409053,84523,68683
logreg,110,target,0.4,651968,408664,86185,69072
logreg,110,target,0.45,649295,408076,88858,69660
logreg,110,target,0.5,645910,407633,92243,70103
logreg,110,target,0.55,645117,407508,93036,70228
logreg,110,target,0.6,639275,406690,98878,71046
logreg,110,target,0.65,615527,406485,122626,71251
logreg,110,target,0.7,606593,405905,131560,71831
logreg,110,target,0.75,578054,292169,160099,185567
logreg,110,target,0.8,539425,288587,198728,189149
logreg,110,target,0.85,58272,7052,679881,470684
logreg,110,target,0.9,58272,7034,679881,470702
logreg,110,target,0.95,58272,6980,679881,470756
logreg,110,target,0.975,0,0,738153,477736
logreg,110,target,0.99,0,0,738153,477736
logreg,110,target,0.995,0,0,738153,477736
logreg,110,target,0.999,0,0,738153,477736
tree,110,source_heldout,0.05,88623,13,25,2
tree,110,source_heldout,0.1,88613,13,35,2
tree,110,source_heldout,0.15,88526,4,122,11
tree,110,source_heldout,0.2,88499,2,149,13
tree,110,source_heldout,0.25,88499,2,149,13
tree,110,source_heldout,0.3,88499,2,149,13
tree,110,source_heldout,0.35,88497,1,151,14
tree,110,source_heldout,0.4,88497,1,151,14
tree,110,source_heldout,0.45,88478,1,170,14
tree,110,source_heldout,0.5,88465,1,183,14
tree,110,source_heldout,0.55,88465,1,183,14
tree,110,source_heldout,0.6,88425,1,223,14
tree,110,source_heldout,0.65,88425,1,223,14
tree,110,source_heldout,0.7,88425,1,223,14
tree,110,source_heldout,0.75,88387,1,261,14
tree,110,source_heldout,0.8,87788,1,860,14
tree,110,source_heldout,0.85,87587,1,1061,14
tree,110,source_heldout,0.9,87400,1,1248,14
tree,110,source_heldout,0.95,87400,1,1248,14
tree,110,source_heldout,0.975,86277,1,2371,14
tree,110,source_heldout,0.99,85427,1,3221,14
tree,110,source_heldout,0.995,85427,1,3221,14
tree,110,source_heldout,0.999,82467,1,6181,14
tree,110,target,0.05,656274,470705,81879,7031
tree,110,target,0.1,656231,470108,81922,7628
tree,110,target,0.15,648143,438958,90010,38778
tree,110,target,0.2,149220,149672,588933,328064
tree,110,target,0.25,149219,149671,588934,328065
tree,110,target,0.3,149175,149668,588978,328068
tree,110,target,0.35,149175,149641,588978,328095
tree,110,target,0.4,149175,149641,588978,328095
tree,110,target,0.45,149175,149627,588978,328109
tree,110,target,0.5,149175,149616,588978,328120
tree,110,target,0.55,149175,149609,588978,328127
tree,110,target,0.6,149175,149488,588978,328248
tree,110,target,0.65,149175,149487,588978,328249
tree,110,target,0.7,149166,149487,588987,328249
tree,110,target,0.75,130244,149484,607909,328252
tree,110,target,0.8,130244,149404,607909,328332
tree,110,target,0.85,130244,149404,607909,328332
tree,110,target,0.9,130242,149388,607911,328348
tree,110,target,0.95,130242,149388,607911,328348
tree,110,target,0.975,130241,149334,607912,328402
tree,110,target,0.99,130241,149334,607912,328402
tree,110,target,0.995,130241,149334,607912,328402
tree,110,target,0.999,122584,149313,615569,328423
rf,110,source_heldout,0.05,88645,14,3,1
rf,110,source_heldout,0.1,88643,12,5,3
rf,110,source_heldout,0.15,88637,11,11,4
rf,110,source_heldout,0.2,88635,11,13,4
rf,110,source_heldout,0.25,88631,11,17,4
rf,110,source_heldout,0.3,88626,10,22,5
rf,110,source_heldout,0.35,88602,4,46,11
rf,110,source_heldout,0.4,88588,3,60,12
rf,110,source_heldout,0.45,88584,3,64,12
rf,110,source_heldout,0.5,88568,3,80,12
rf,110,source_heldout,0.55,88565,1,83,14
rf,110,source_heldout,0.6,88557,1,91,14
rf,110,source_heldout,0.65,88548,0,100,15
rf,110,source_heldout,0.7,88536,0,112,15
rf,110,source_heldout,0.75,87755,0,893,15
rf,110,source_heldout,0.8,87736,0,912,15
rf,110,source_heldout,0.85,87472,0,1176,15
rf,110,source_heldout,0.9,87418,0,1230,15
rf,110,source_heldout,0.95,86484,0,2164,15
rf,110,source_heldout,0.975,83237,0,5411,15
rf,110,source_heldout,0.99,81814,0,6834,15
rf,110,source_heldout,0.995,81371,0,7277,15
rf,110,source_heldout,0.999,67142,0,21506,15
rf,110,target,0.05,678430,453331,59723,24405
rf,110,target,0.1,664077,452024,74076,25712
rf,110,target,0.15,659518,451311,78635,26425
rf,110,target,0.2,657706,450520,80447,27216
rf,110,target,0.25,184475,168248,553678,309488
rf,110,target,0.3,184002,167159,554151,310577
rf,110,target,0.35,181584,165546,556569,312190
rf,110,target,0.4,178765,158557,559388,319179
rf,110,target,0.45,173462,151286,564691,326450
rf,110,target,0.5,170249,145805,567904,331931
rf,110,target,0.55,167421,142155,570732,335581
rf,110,target,0.6,166395,138354,571758,339382
rf,110,target,0.65,165653,129197,572500,348539
rf,110,target,0.7,137089,128477,601064,349259
rf,110,target,0.75,131152,127966,607001,349770
rf,110,target,0.8,124277,127194,613876,350542
rf,110,target,0.85,118100,123328,620053,354408
rf,110,target,0.9,106869,119744,631284,357992
rf,110,target,0.95,21660,4470,716493,473266
rf,110,target,0.975,1260,57,736893,477679
rf,110,target,0.99,263,10,737890,477726
rf,110,target,0.995,0,5,738153,477731
rf,110,target,0.999,0,0,738153,477736
xgboost,110,source_heldout,0.05,88644,13,4,2
xgboost,110,source_heldout,0.1,88626,12,22,3
xgboost,110,source_heldout,0.15,88603,5,45,10
xgboost,110,source_heldout,0.2,88592,3,56,12
xgboost,110,source_heldout,0.25,88579,1,69,14
xgboost,110,source_heldout,0.3,88568,0,80,15
xgboost,110,source_heldout,0.35,88557,0,91,15
xgboost,110,source_heldout,0.4,88549,0,99,15
xgboost,110,source_heldout,0.45,88543,0,105,15
xgboost,110,source_heldout,0.5,88516,0,132,15
xgboost,110,source_heldout,0.55,88491,0,157,15
xgboost,110,source_heldout,0.6,88472,0,176,15
xgboost,110,source_heldout,0.65,88453,0,195,15
xgboost,110,source_heldout,0.7,88414,0,234,15
xgboost,110,source_heldout,0.75,88374,0,274,15
xgboost,110,source_heldout,0.8,87714,0,934,15
xgboost,110,source_heldout,0.85,87586,0,1062,15
xgboost,110,source_heldout,0.9,87222,0,1426,15
xgboost,110,source_heldout,0.95,86594,0,2054,15
xgboost,110,source_heldout,0.975,85255,0,3393,15
xgboost,110,source_heldout,0.99,83080,0,5568,15
xgboost,110,source_heldout,0.995,80364,0,8284,15
xgboost,110,source_heldout,0.999,74354,0,14294,15
xgboost,110,target,0.05,656143,449402,82010,28334
xgboost,110,target,0.1,650975,415172,87178,62564
xgboost,110,target,0.15,648099,412757,90054,64979
xgboost,110,target,0.2,174693,126336,563460,351400
xgboost,110,target,0.25,174364,125286,563789,352450
xgboost,110,target,0.3,172871,124317,565282,353419
xgboost,110,target,0.35,172102,122540,566051,355196
xgboost,110,target,0.4,164839,122166,573314,355570
xgboost,110,target,0.45,140463,14098,597690,463638
xgboost,110,target,0.5,102631,13083,635522,464653
xgboost,110,target,0.55,100246,12943,637907,464793
xgboost,110,target,0.6,97359,12325,640794,465411
xgboost,110,target,0.65,72270,5458,665883,472278
xgboost,110,target,0.7,45830,5288,692323,472448
xgboost,110,target,0.75,25345,186,712808,477550
xgboost,110,target,0.8,20467,94,717686,477642
xgboost,110,target,0.85,11312,57,726841,477679
xgboost,110,target,0.9,3918,24,734235,477712
xgboost,110,target,0.95,472,3,737681,477733
xgboost,110,target,0.975,0,2,738153,477734
xgboost,110,target,0.99,0,2,738153,477734
xgboost,110,target,0.995,0,2,738153,477734
xgboost,110,target,0.999,0,0,738153,477736
hgb,110,source_heldout,0.05,88641,14,7,1
hgb,110,source_heldout,0.1,88630,13,18,2
hgb,110,source_heldout,0.15,88596,4,52,11
hgb,110,source_heldout,0.2,88575,2,73,13
hgb,110,source_heldout,0.25,88563,2,85,13
hgb,110,source_heldout,0.3,88541,1,107,14
hgb,110,source_heldout,0.35,88531,0,117,15
hgb,110,source_heldout,0.4,88520,0,128,15
hgb,110,source_heldout,0.45,88510,0,138,15
hgb,110,source_heldout,0.5,88490,0,158,15
hgb,110,source_heldout,0.55,88467,0,181,15
hgb,110,source_heldout,0.6,88453,0,195,15
hgb,110,source_heldout,0.65,88429,0,219,15
hgb,110,source_heldout,0.7,88335,0,313,15
hgb,110,source_heldout,0.75,87634,0,1014,15
hgb,110,source_heldout,0.8,87516,0,1132,15
hgb,110,source_heldout,0.85,87353,0,1295,15
hgb,110,source_heldout,0.9,86880,0,1768,15
hgb,110,source_heldout,0.95,86543,0,2105,15
hgb,110,source_heldout,0.975,84892,0,3756,15
hgb,110,source_heldout,0.99,82165,0,6483,15
hgb,110,source_heldout,0.995,80542,0,8106,15
hgb,110,source_heldout,0.999,68880,0,19768,15
hgb,110,target,0.05,656461,458176,81692,19560
hgb,110,target,0.1,653708,444157,84445,33579
hgb,110,target,0.15,649958,415263,88195,62473
hgb,110,target,0.2,150663,127994,587490,349742
hgb,110,target,0.25,147655,126982,590498,350754
hgb,110,target,0.3,147308,126512,590845,351224
hgb,110,target,0.35,143375,125384,594778,352352
hgb,110,target,0.4,139218,17055,598935,460681
hgb,110,target,0.45,133117,16442,605036,461294
hgb,110,target,0.5,131287,15098,606866,462638
hgb,110,target,0.55,128038,14816,610115,462920
hgb,110,target,0.6,126087,14701,612066,463035
hgb,110,target,0.65,50198,13589,687955,464147
hgb,110,target,0.7,50144,13500,688009,464236
hgb,110,target,0.75,29411,6750,708742,470986
hgb,110,target,0.8,26758,6524,711395,471212
hgb,110,target,0.85,23825,2296,714328,475440
hgb,110,target,0.9,15316,1455,722837,476281
hgb,110,target,0.95,8561,453,729592,477283
hgb,110,target,0.975,2635,70,735518,477666
hgb,110,target,0.99,470,1,737683,477735
hgb,110,target,0.995,5,0,738148,477736
hgb,110,target,0.999,0,0,738153,477736
mlp,110,source_heldout,0.05,88640,15,8,0
mlp,110,source_heldout,0.1,88625,12,23,3
mlp,110,source_heldout,0.15,88601,12,47,3
mlp,110,source_heldout,0.2,88585,12,63,3
mlp,110,source_heldout,0.25,88528,3,120,12
mlp,110,source_heldout,0.3,88504,1,144,14
mlp,110,source_heldout,0.35,88496,0,152,15
mlp,110,source_heldout,0.4,88490,0,158,15
mlp,110,source_heldout,0.45,88481,0,167,15
mlp,110,source_heldout,0.5,88448,0,200,15
mlp,110,source_heldout,0.55,88424,0,224,15
mlp,110,source_heldout,0.6,88400,0,248,15
mlp,110,source_heldout,0.65,88369,0,279,15
mlp,110,source_heldout,0.7,88247,0,401,15
mlp,110,source_heldout,0.75,87596,0,1052,15
mlp,110,source_heldout,0.8,87545,0,1103,15
mlp,110,source_heldout,0.85,87488,0,1160,15
mlp,110,source_heldout,0.9,85863,0,2785,15
mlp,110,source_heldout,0.95,84030,0,4618,15
mlp,110,source_heldout,0.975,81816,0,6832,15
mlp,110,source_heldout,0.99,79968,0,8680,15
mlp,110,source_heldout,0.995,64290,0,24358,15
mlp,110,source_heldout,0.999,26165,0,62483,15
mlp,110,target,0.05,692343,471782,45810,5954
mlp,110,target,0.1,635687,467809,102466,9927
mlp,110,target,0.15,628316,433688,109837,44048
mlp,110,target,0.2,624688,426723,113465,51013
mlp,110,target,0.25,129182,28153,608971,449583
mlp,110,target,0.3,127570,25764,610583,451972
mlp,110,target,0.35,110446,24589,627707,453147
mlp,110,target,0.4,110303,24080,627850,453656
mlp,110,target,0.45,110093,23903,628060,453833
mlp,110,target,0.5,110067,22641,628086,455095
mlp,110,target,0.55,110047,21922,628106,455814
mlp,110,target,0.6,88013,18418,650140,459318
mlp,110,target,0.65,32263,10186,705890,467550
mlp,110,target,0.7,32242,9907,705911,467829
mlp,110,target,0.75,20071,6967,718082,470769
mlp,110,target,0.8,18333,2785,719820,474951
mlp,110,target,0.85,18030,2464,720123,475272
mlp,110,target,0.9,15383,963,722770,476773
mlp,110,target,0.95,8620,215,729533,477521
mlp,110,target,0.975,6055,168,732098,477568
mlp,110,target,0.99,21,81,738132,477655
mlp,110,target,0.995,12,0,738141,477736
mlp,110,target,0.999,3,0,738150,477736
majority,111,source_heldout,0.05,97877,4018,0,0
majority,111,source_heldout,0.1,97877,4018,0,0
majority,111,source_heldout,0.15,97877,4018,0,0
majority,111,source_heldout,0.2,97877,4018,0,0
majority,111,source_heldout,0.25,97877,4018,0,0
majority,111,source_heldout,0.3,97877,4018,0,0
majority,111,source_heldout,0.35,97877,4018,0,0
majority,111,source_heldout,0.4,97877,4018,0,0
majority,111,source_heldout,0.45,97877,4018,0,0
majority,111,source_heldout,0.5,97877,4018,0,0
majority,111,source_heldout,0.55,97877,4018,0,0
majority,111,source_heldout,0.6,97877,4018,0,0
majority,111,source_heldout,0.65,97877,4018,0,0
majority,111,source_heldout,0.7,97877,4018,0,0
majority,111,source_heldout,0.75,97877,4018,0,0
majority,111,source_heldout,0.8,97877,4018,0,0
majority,111,source_heldout,0.85,97877,4018,0,0
majority,111,source_heldout,0.9,97877,4018,0,0
majority,111,source_heldout,0.95,97877,4018,0,0
majority,111,source_heldout,0.975,97877,4018,0,0
majority,111,source_heldout,0.99,97877,4018,0,0
majority,111,source_heldout,0.995,97877,4018,0,0
majority,111,source_heldout,0.999,97877,4018,0,0
majority,111,target,0.05,738153,477736,0,0
majority,111,target,0.1,738153,477736,0,0
majority,111,target,0.15,738153,477736,0,0
majority,111,target,0.2,738153,477736,0,0
majority,111,target,0.25,738153,477736,0,0
majority,111,target,0.3,738153,477736,0,0
majority,111,target,0.35,738153,477736,0,0
majority,111,target,0.4,738153,477736,0,0
majority,111,target,0.45,738153,477736,0,0
majority,111,target,0.5,738153,477736,0,0
majority,111,target,0.55,738153,477736,0,0
majority,111,target,0.6,738153,477736,0,0
majority,111,target,0.65,738153,477736,0,0
majority,111,target,0.7,738153,477736,0,0
majority,111,target,0.75,738153,477736,0,0
majority,111,target,0.8,738153,477736,0,0
majority,111,target,0.85,738153,477736,0,0
majority,111,target,0.9,738153,477736,0,0
majority,111,target,0.95,738153,477736,0,0
majority,111,target,0.975,738153,477736,0,0
majority,111,target,0.99,738153,477736,0,0
majority,111,target,0.995,738153,477736,0,0
majority,111,target,0.999,738153,477736,0,0
stratified,111,source_heldout,0.05,91851,3754,6026,264
stratified,111,source_heldout,0.1,91851,3754,6026,264
stratified,111,source_heldout,0.15,91851,3754,6026,264
stratified,111,source_heldout,0.2,91851,3754,6026,264
stratified,111,source_heldout,0.25,91851,3754,6026,264
stratified,111,source_heldout,0.3,91851,3754,6026,264
stratified,111,source_heldout,0.35,91851,3754,6026,264
stratified,111,source_heldout,0.4,91851,3754,6026,264
stratified,111,source_heldout,0.45,91851,3754,6026,264
stratified,111,source_heldout,0.5,91851,3754,6026,264
stratified,111,source_heldout,0.55,91851,3754,6026,264
stratified,111,source_heldout,0.6,91851,3754,6026,264
stratified,111,source_heldout,0.65,91851,3754,6026,264
stratified,111,source_heldout,0.7,91851,3754,6026,264
stratified,111,source_heldout,0.75,91851,3754,6026,264
stratified,111,source_heldout,0.8,91851,3754,6026,264
stratified,111,source_heldout,0.85,91851,3754,6026,264
stratified,111,source_heldout,0.9,91851,3754,6026,264
stratified,111,source_heldout,0.95,91851,3754,6026,264
stratified,111,source_heldout,0.975,91851,3754,6026,264
stratified,111,source_heldout,0.99,91851,3754,6026,264
stratified,111,source_heldout,0.995,91851,3754,6026,264
stratified,111,source_heldout,0.999,91851,3754,6026,264
stratified,111,target,0.05,692733,448280,45420,29456
stratified,111,target,0.1,692733,448280,45420,29456
stratified,111,target,0.15,692733,448280,45420,29456
stratified,111,target,0.2,692733,448280,45420,29456
stratified,111,target,0.25,692733,448280,45420,29456
stratified,111,target,0.3,692733,448280,45420,29456
stratified,111,target,0.35,692733,448280,45420,29456
stratified,111,target,0.4,692733,448280,45420,29456
stratified,111,target,0.45,692733,448280,45420,29456
stratified,111,target,0.5,692733,448280,45420,29456
stratified,111,target,0.55,692733,448280,45420,29456
stratified,111,target,0.6,692733,448280,45420,29456
stratified,111,target,0.65,692733,448280,45420,29456
stratified,111,target,0.7,692733,448280,45420,29456
stratified,111,target,0.75,692733,448280,45420,29456
stratified,111,target,0.8,692733,448280,45420,29456
stratified,111,target,0.85,692733,448280,45420,29456
stratified,111,target,0.9,692733,448280,45420,29456
stratified,111,target,0.95,692733,448280,45420,29456
stratified,111,target,0.975,692733,448280,45420,29456
stratified,111,target,0.99,692733,448280,45420,29456
stratified,111,target,0.995,692733,448280,45420,29456
stratified,111,target,0.999,692733,448280,45420,29456
logreg,111,source_heldout,0.05,97656,1898,221,2120
logreg,111,source_heldout,0.1,97075,1738,802,2280
logreg,111,source_heldout,0.15,97045,1667,832,2351
logreg,111,source_heldout,0.2,97005,1549,872,2469
logreg,111,source_heldout,0.25,96944,1448,933,2570
logreg,111,source_heldout,0.3,93165,1042,4712,2976
logreg,111,source_heldout,0.35,92204,953,5673,3065
logreg,111,source_heldout,0.4,91738,880,6139,3138
logreg,111,source_heldout,0.45,91533,857,6344,3161
logreg,111,source_heldout,0.5,91306,840,6571,3178
logreg,111,source_heldout,0.55,91044,825,6833,3193
logreg,111,source_heldout,0.6,90861,816,7016,3202
logreg,111,source_heldout,0.65,72335,803,25542,3215
logreg,111,source_heldout,0.7,69774,624,28103,3394
logreg,111,source_heldout,0.75,69445,561,28432,3457
logreg,111,source_heldout,0.8,67843,341,30034,3677
logreg,111,source_heldout,0.85,36078,56,61799,3962
logreg,111,source_heldout,0.9,2612,19,95265,3999
logreg,111,source_heldout,0.95,2601,18,95276,4000
logreg,111,source_heldout,0.975,0,0,97877,4018
logreg,111,source_heldout,0.99,0,0,97877,4018
logreg,111,source_heldout,0.995,0,0,97877,4018
logreg,111,source_heldout,0.999,0,0,97877,4018
logreg,111,target,0.05,682619,449111,55534,28625
logreg,111,target,0.1,666372,436996,71781,40740
logreg,111,target,0.15,664870,435212,73283,42524
logreg,111,target,0.2,657104,410931,81049,66805
logreg,111,target,0.25,654226,410294,83927,67442
logreg,111,target,0.3,653307,409272,84846,68464
logreg,111,target,0.35,651499,408877,86654,68859
logreg,111,target,0.4,648797,408387,89356,69349
logreg,111,target,0.45,647215,407778,90938,69958
logreg,111,target,0.5,645131,407425,93022,70311
logreg,111,target,0.55,644801,406974,93352,70762
logreg,111,target,0.6,631363,406483,106790,71253
logreg,111,target,0.65,616927,406082,121226,71654
logreg,111,target,0.7,606908,293649,131245,184087
logreg,111,target,0.75,601777,289422,136376,188314
logreg,111,target,0.8,58279,7059,679874,470677
logreg,111,target,0.85,58272,7052,679881,470684
logreg,111,target,0.9,58272,7030,679881,470706
logreg,111,target,0.95,21408,13,716745,477723
logreg,111,target,0.975,0,0,738153,477736
logreg,111,target,0.99,0,0,738153,477736
logreg,111,target,0.995,0,0,738153,477736
logreg,111,target,0.999,0,0,738153,477736
tree,111,source_heldout,0.05,97649,1097,228,2921
tree,111,source_heldout,0.1,97101,727,776,3291
tree,111,source_heldout,0.15,96199,388,1678,3630
tree,111,source_heldout,0.2,96050,353,1827,3665
tree,111,source_heldout,0.25,95995,336,1882,3682
tree,111,source_heldout,0.3,95711,318,2166,3700
tree,111,source_heldout,0.35,95485,291,2392,3727
tree,111,source_heldout,0.4,95211,263,2666,3755
tree,111,source_heldout,0.45,94790,242,3087,3776
tree,111,source_heldout,0.5,94670,232,3207,3786
tree,111,source_heldout,0.55,92231,128,5646,3890
tree,111,source_heldout,0.6,92071,120,5806,3898
tree,111,source_heldout,0.65,91855,111,6022,3907
tree,111,source_heldout,0.7,91658,98,6219,3920
tree,111,source_heldout,0.75,91604,97,6273,3921
tree,111,source_heldout,0.8,91550,96,6327,3922
tree,111,source_heldout,0.85,90947,90,6930,3928
tree,111,source_heldout,0.9,87696,61,10181,3957
tree,111,source_heldout,0.95,87696,61,10181,3957
tree,111,source_heldout,0.975,87696,61,10181,3957
tree,111,source_heldout,0.99,87085,60,10792,3958
tree,111,source_heldout,0.995,84266,60,13611,3958
tree,111,source_heldout,0.999,84266,60,13611,3958
tree,111,target,0.05,694078,458811,44075,18925
tree,111,target,0.1,669257,347838,68896,129898
tree,111,target,0.15,196431,65546,541722,412190
tree,111,target,0.2,176400,42664,561753,435072
tree,111,target,0.25,140201,42624,597952,435112
tree,111,target,0.3,140185,42595,597968,435141
tree,111,target,0.35,134665,42532,603488,435204
tree,111,target,0.4,134665,36067,603488,441669
tree,111,target,0.45,134657,35601,603496,442135
tree,111,target,0.5,134657,35599,603496,442137
tree,111,target,0.55,134657,35573,603496,442163
tree,111,target,0.6,131959,35276,606194,442460
tree,111,target,0.65,123896,35272,614257,442464
tree,111,target,0.7,123896,35272,614257,442464
tree,111,target,0.75,123896,35272,614257,442464
tree,111,target,0.8,123892,35272,614261,442464
tree,111,target,0.85,88099,34584,650054,443152
tree,111,target,0.9,88099,34581,650054,443155
tree,111,target,0.95,88099,34581,650054,443155
tree,111,target,0.975,88099,34581,650054,443155
tree,111,target,0.99,88099,34581,650054,443155
tree,111,target,0.995,81933,34557,656220,443179
tree,111,target,0.999,81933,34557,656220,443179
rf,111,source_heldout,0.05,97854,1500,23,2518
rf,111,source_heldout,0.1,97631,1221,246,2797
rf,111,source_heldout,0.15,96634,778,1243,3240
rf,111,source_heldout,0.2,96515,605,1362,3413
rf,111,source_heldout,0.25,96464,511,1413,3507
rf,111,source_heldout,0.3,96432,463,1445,3555
rf,111,source_heldout,0.35,96155,400,1722,3618
rf,111,source_heldout,0.4,95647,330,2230,3688
rf,111,source_heldout,0.45,95299,278,2578,3740
rf,111,source_heldout,0.5,95152,250,2725,3768
rf,111,source_heldout,0.55,92661,130,5216,3888
rf,111,source_heldout,0.6,92625,121,5252,3897
rf,111,source_heldout,0.65,92299,96,5578,3922
rf,111,source_heldout,0.7,91989,72,5888,3946
rf,111,source_heldout,0.75,91908,64,5969,3954
rf,111,source_heldout,0.8,91779,62,6098,3956
rf,111,source_heldout,0.85,90573,43,7304,3975
rf,111,source_heldout,0.9,87822,20,10055,3998
rf,111,source_heldout,0.95,87566,11,10311,4007
rf,111,source_heldout,0.975,83735,8,14142,4010
rf,111,source_heldout,0.99,83107,2,14770,4016
rf,111,source_heldout,0.995,81699,2,16178,4016
rf,111,source_heldout,0.999,71992,1,25885,4017
rf,111,target,0.05,723143,476704,15010,1032
rf,111,target,0.1,708233,452458,29920,25278
rf,111,target,0.15,229127,169901,509026,307835
rf,111,target,0.2,224969,168431,513184,309305
rf,111,target,0.25,186734,166834,551419,310902
rf,111,target,0.3,185396,166092,552757,311644
rf,111,target,0.35,183268,160105,554885,317631
rf,111,target,0.4,160848,155983,577305,321753
rf,111,target,0.45,158035,146808,580118,330928
rf,111,target,0.5,153527,135671,584626,342065
rf,111,target,0.55,149475,130871,588678,346865
rf,111,target,0.6,149315,128925,588838,348811
rf,111,target,0.65,148691,126143,589462,351593
rf,111,target,0.7,146548,124784,591605,352952
rf,111,target,0.75,142711,124369,595442,353367
rf,111,target,0.8,132011,123881,606142,353855
rf,111,target,0.85,120593,120542,617560,357194
rf,111,target,0.9,112808,120322,625345,357414
rf,111,target,0.95,1832,140,736321,477596
rf,111,target,0.975,1266,41,736887,477695
rf,111,target,0.99,59,26,738094,477710
rf,111,target,0.995,59,24,738094,477712
rf,111,target,0.999,0,8,738153,477728
xgboost,111,source_heldout,0.05,97703,1165,174,2853
xgboost,111,source_heldout,0.1,97319,806,558,3212
xgboost,111,source_heldout,0.15,96270,394,1607,3624
xgboost,111,source_heldout,0.2,96119,334,1758,3684
xgboost,111,source_heldout,0.25,96056,312,1821,3706
xgboost,111,source_heldout,0.3,95780,282,2097,3736
xgboost,111,source_heldout,0.35,95695,274,2182,3744
xgboost,111,source_heldout,0.4,95119,227,2758,3791
xgboost,111,source_heldout,0.45,94739,203,3138,3815
xgboost,111,source_heldout,0.5,94625,195,3252,3823
xgboost,111,source_heldout,0.55,92173,87,5704,3931
xgboost,111,source_heldout,0.6,91991,79,5886,3939
xgboost,111,source_heldout,0.65,91747,70,6130,3948
xgboost,111,source_heldout,0.7,91640,68,6237,3950
xgboost,111,source_heldout,0.75,91305,53,6572,3965
xgboost,111,source_heldout,0.8,91142,50,6735,3968
xgboost,111,source_heldout,0.85,89832,35,8045,3983
xgboost,111,source_heldout,0.9,86919,9,10958,4009
xgboost,111,source_heldout,0.95,86149,5,11728,4013
xgboost,111,source_heldout,0.975,85246,5,12631,4013
xgboost,111,source_heldout,0.99,82643,1,15234,4017
xgboost,111,source_heldout,0.995,81344,1,16533,4017
xgboost,111,source_heldout,0.999,66778,1,31099,4017
xgboost,111,target,0.05,689931,429199,48222,48537
xgboost,111,target,0.1,212508,135079,525645,342657
xgboost,111,target,0.15,205545,131288,532608,346448
xgboost,111,target,0.2,168551,129656,569602,348080
xgboost,111,target,0.25,166018,127942,572135,349794
xgboost,111,target,0.3,161137,126775,577016,350961
xgboost,111,target,0.35,157754,123200,580399,354536
xgboost,111,target,0.4,156477,122779,581676,354957
xgboost,111,target,0.45,152538,122506,585615,355230
xgboost,111,target,0.5,148208,14227,589945,463509
xgboost,111,target,0.55,109399,13341,628754,464395
xgboost,111,target,0.6,82536,13089,655617,464647
xgboost,111,target,0.65,82094,12694,656059,465042
xgboost,111,target,0.7,43661,12236,694492,465500
xgboost,111,target,0.75,34756,12144,703397,465592
xgboost,111,target,0.8,11935,1011,726218,476725
xgboost,111,target,0.85,11745,896,726408,476840
xgboost,111,target,0.9,9078,788,729075,476948
xgboost,111,target,0.95,31,43,738122,477693
xgboost,111,target,0.975,0,19,738153,477717
xgboost,111,target,0.99,0,5,738153,477731
xgboost,111,target,0.995,0,3,738153,477733
xgboost,111,target,0.999,0,0,738153,477736
hgb,111,source_heldout,0.05,97711,1177,166,2841
hgb,111,source_heldout,0.1,97338,920,539,3098
hgb,111,source_heldout,0.15,96234,532,1643,3486
hgb,111,source_heldout,0.2,96111,388,1766,3630
hgb,111,source_heldout,0.25,95968,341,1909,3677
hgb,111,source_heldout,0.3,95904,325,1973,3693
hgb,111,source_heldout,0.35,95532,297,2345,3721
hgb,111,source_heldout,0.4,95356,273,2521,3745
hgb,111,source_heldout,0.45,94624,216,3253,3802
hgb,111,source_heldout,0.5,94425,209,3452,3809
hgb,111,source_heldout,0.55,91901,93,5976,3925
hgb,111,source_heldout,0.6,91840,90,6037,3928
hgb,111,source_heldout,0.65,91637,82,6240,3936
hgb,111,source_heldout,0.7,91329,67,6548,3951
hgb,111,source_heldout,0.75,91164,64,6713,3954
hgb,111,source_heldout,0.8,90982,62,6895,3956
hgb,111,source_heldout,0.85,89242,31,8635,3987
hgb,111,source_heldout,0.9,88742,26,9135,3992
hgb,111,source_heldout,0.95,85662,17,12215,4001
hgb,111,source_heldout,0.975,82717,3,15160,4015
hgb,111,source_heldout,0.99,80593,3,17284,4015
hgb,111,source_heldout,0.995,70707,1,27170,4017
hgb,111,source_heldout,0.999,35012,0,62865,4018
hgb,111,target,0.05,690327,461076,47826,16660
hgb,111,target,0.1,651452,421092,86701,56644
hgb,111,target,0.15,155085,29218,583068,448518
hgb,111,target,0.2,155039,24716,583114,453020
hgb,111,target,0.25,148706,22138,589447,455598
hgb,111,target,0.3,148434,20436,589719,457300
hgb,111,target,0.35,147702,19998,590451,457738
hgb,111,target,0.4,144555,19268,593598,458468
hgb,111,target,0.45,120279,11786,617874,465950
hgb,111,target,0.5,118092,11558,620061,466178
hgb,111,target,0.55,117724,7029,620429,470707
hgb,111,target,0.6,109348,6724,628805,471012
hgb,111,target,0.65,109278,6541,628875,471195
hgb,111,target,0.7,107640,6287,630513,471449
hgb,111,target,0.75,104558,6029,633595,471707
hgb,111,target,0.8,82391,5379,655762,472357
hgb,111,target,0.85,78160,3724,659993,474012
hgb,111,target,0.9,72543,2337,665610,475399
hgb,111,target,0.95,5163,288,732990,477448
hgb,111,target,0.975,0,71,738153,477665
hgb,111,target,0.99,0,48,738153,477688
hgb,111,target,0.995,0,12,738153,477724
hgb,111,target,0.999,0,0,738153,477736
mlp,111,source_heldout,0.05,97677,1236,200,2782
mlp,111,source_heldout,0.1,97176,948,701,3070
mlp,111,source_heldout,0.15,95904,425,1973,3593
mlp,111,source_heldout,0.2,95758,395,2119,3623
mlp,111,source_heldout,0.25,95686,359,2191,3659
mlp,111,source_heldout,0.3,95613,333,2264,3685
mlp,111,source_heldout,0.35,95311,308,2566,3710
mlp,111,source_heldout,0.4,94822,279,3055,3739
mlp,111,source_heldout,0.45,91959,142,5918,3876
mlp,111,source_heldout,0.5,91835,130,6042,3888
mlp,111,source_heldout,0.55,91658,127,6219,3891
mlp,111,source_heldout,0.6,91510,122,6367,3896
mlp,111,source_heldout,0.65,91260,111,6617,3907
mlp,111,source_heldout,0.7,90830,91,7047,3927
mlp,111,source_heldout,0.75,90682,89,7195,3929
mlp,111,source_heldout,0.8,88526,51,9351,3967
mlp,111,source_heldout,0.85,87992,46,9885,3972
mlp,111,source_heldout,0.9,87485,20,10392,3998
mlp,111,source_heldout,0.95,86098,12,11779,4006
mlp,111,source_heldout,0.975,83533,11,14344,4007
mlp,111,source_heldout,0.99,77318,3,20559,4015
mlp,111,source_heldout,0.995,59754,3,38123,4015
mlp,111,source_heldout,0.999,8139,0,89738,4018
mlp,111,target,0.05,687837,460953,50316,16783
mlp,111,target,0.1,685356,445708,52797,32028
mlp,111,target,0.15,658432,416033,79721,61703
mlp,111,target,0.2,619049,414513,119104,63223
mlp,111,target,0.25,122975,24027,615178,453709
mlp,111,target,0.3,118054,22502,620099,455234
mlp,111,target,0.35,94606,10063,643547,467673
mlp,111,target,0.4,91688,9341,646465,468395
mlp,111,target,0.45,89836,9118,648317,468618
mlp,111,target,0.5,89770,8973,648383,468763
mlp,111,target,0.55,67884,8869,670269,468867
mlp,111,target,0.6,32067,8079,706086,469657
mlp,111,target,0.65,31934,7962,706219,469774
mlp,111,target,0.7,31817,7798,706336,469938
mlp,111,target,0.75,31462,7741,706691,469995
mlp,111,target,0.8,29887,7711,708266,470025
mlp,111,target,0.85,19102,4948,719051,472788
mlp,111,target,0.9,14285,749,723868,476987
mlp,111,target,0.95,5817,67,732336,477669
mlp,111,target,0.975,199,55,737954,477681
mlp,111,target,0.99,82,45,738071,477691
mlp,111,target,0.995,6,23,738147,477713
mlp,111,target,0.999,0,0,738153,477736
majority,112,source_heldout,0.05,149634,7296,0,0
majority,112,source_heldout,0.1,149634,7296,0,0
majority,112,source_heldout,0.15,149634,7296,0,0
majority,112,source_heldout,0.2,149634,7296,0,0
majority,112,source_heldout,0.25,149634,7296,0,0
majority,112,source_heldout,0.3,149634,7296,0,0
majority,112,source_heldout,0.35,149634,7296,0,0
majority,112,source_heldout,0.4,149634,7296,0,0
majority,112,source_heldout,0.45,149634,7296,0,0
majority,112,source_heldout,0.5,149634,7296,0,0
majority,112,source_heldout,0.55,149634,7296,0,0
majority,112,source_heldout,0.6,149634,7296,0,0
majority,112,source_heldout,0.65,149634,7296,0,0
majority,112,source_heldout,0.7,149634,7296,0,0
majority,112,source_heldout,0.75,149634,7296,0,0
majority,112,source_heldout,0.8,149634,7296,0,0
majority,112,source_heldout,0.85,149634,7296,0,0
majority,112,source_heldout,0.9,149634,7296,0,0
majority,112,source_heldout,0.95,149634,7296,0,0
majority,112,source_heldout,0.975,149634,7296,0,0
majority,112,source_heldout,0.99,149634,7296,0,0
majority,112,source_heldout,0.995,149634,7296,0,0
majority,112,source_heldout,0.999,149634,7296,0,0
majority,112,target,0.05,738153,477736,0,0
majority,112,target,0.1,738153,477736,0,0
majority,112,target,0.15,738153,477736,0,0
majority,112,target,0.2,738153,477736,0,0
majority,112,target,0.25,738153,477736,0,0
majority,112,target,0.3,738153,477736,0,0
majority,112,target,0.35,738153,477736,0,0
majority,112,target,0.4,738153,477736,0,0
majority,112,target,0.45,738153,477736,0,0
majority,112,target,0.5,738153,477736,0,0
majority,112,target,0.55,738153,477736,0,0
majority,112,target,0.6,738153,477736,0,0
majority,112,target,0.65,738153,477736,0,0
majority,112,target,0.7,738153,477736,0,0
majority,112,target,0.75,738153,477736,0,0
majority,112,target,0.8,738153,477736,0,0
majority,112,target,0.85,738153,477736,0,0
majority,112,target,0.9,738153,477736,0,0
majority,112,target,0.95,738153,477736,0,0
majority,112,target,0.975,738153,477736,0,0
majority,112,target,0.99,738153,477736,0,0
majority,112,target,0.995,738153,477736,0,0
majority,112,target,0.999,738153,477736,0,0
stratified,112,source_heldout,0.05,140407,6804,9227,492
stratified,112,source_heldout,0.1,140407,6804,9227,492
stratified,112,source_heldout,0.15,140407,6804,9227,492
stratified,112,source_heldout,0.2,140407,6804,9227,492
stratified,112,source_heldout,0.25,140407,6804,9227,492
stratified,112,source_heldout,0.3,140407,6804,9227,492
stratified,112,source_heldout,0.35,140407,6804,9227,492
stratified,112,source_heldout,0.4,140407,6804,9227,492
stratified,112,source_heldout,0.45,140407,6804,9227,492
stratified,112,source_heldout,0.5,140407,6804,9227,492
stratified,112,source_heldout,0.55,140407,6804,9227,492
stratified,112,source_heldout,0.6,140407,6804,9227,492
stratified,112,source_heldout,0.65,140407,6804,9227,492
stratified,112,source_heldout,0.7,140407,6804,9227,492
stratified,112,source_heldout,0.75,140407,6804,9227,492
stratified,112,source_heldout,0.8,140407,6804,9227,492
stratified,112,source_heldout,0.85,140407,6804,9227,492
stratified,112,source_heldout,0.9,140407,6804,9227,492
stratified,112,source_heldout,0.95,140407,6804,9227,492
stratified,112,source_heldout,0.975,140407,6804,9227,492
stratified,112,source_heldout,0.99,140407,6804,9227,492
stratified,112,source_heldout,0.995,140407,6804,9227,492
stratified,112,source_heldout,0.999,140407,6804,9227,492
stratified,112,target,0.05,692423,448078,45730,29658
stratified,112,target,0.1,692423,448078,45730,29658
stratified,112,target,0.15,692423,448078,45730,29658
stratified,112,target,0.2,692423,448078,45730,29658
stratified,112,target,0.25,692423,448078,45730,29658
stratified,112,target,0.3,692423,448078,45730,29658
stratified,112,target,0.35,692423,448078,45730,29658
stratified,112,target,0.4,692423,448078,45730,29658
stratified,112,target,0.45,692423,448078,45730,29658
stratified,112,target,0.5,692423,448078,45730,29658
stratified,112,target,0.55,692423,448078,45730,29658
stratified,112,target,0.6,692423,448078,45730,29658
stratified,112,target,0.65,692423,448078,45730,29658
stratified,112,target,0.7,692423,448078,45730,29658
stratified,112,target,0.75,692423,448078,45730,29658
stratified,112,target,0.8,692423,448078,45730,29658
stratified,112,target,0.85,692423,448078,45730,29658
stratified,112,target,0.9,692423,448078,45730,29658
stratified,112,target,0.95,692423,448078,45730,29658
stratified,112,target,0.975,692423,448078,45730,29658
stratified,112,target,0.99,692423,448078,45730,29658
stratified,112,target,0.995,692423,448078,45730,29658
stratified,112,target,0.999,692423,448078,45730,29658
logreg,112,source_heldout,0.05,149314,5151,320,2145
logreg,112,source_heldout,0.1,148795,4755,839,2541
logreg,112,source_heldout,0.15,148597,4581,1037,2715
logreg,112,source_heldout,0.2,147907,4207,1727,3089
logreg,112,source_heldout,0.25,146807,3310,2827,3986
logreg,112,source_heldout,0.3,144489,2890,5145,4406
logreg,112,source_heldout,0.35,143848,2567,5786,4729
logreg,112,source_heldout,0.4,140630,2478,9004,4818
logreg,112,source_heldout,0.45,139029,1952,10605,5344
logreg,112,source_heldout,0.5,138754,1899,10880,5397
logreg,112,source_heldout,0.55,138231,1840,11403,5456
logreg,112,source_heldout,0.6,108385,1762,41249,5534
logreg,112,source_heldout,0.65,106038,1714,43596,5582
logreg,112,source_heldout,0.7,101509,1564,48125,5732
logreg,112,source_heldout,0.75,96141,659,53493,6637
logreg,112,source_heldout,0.8,92992,380,56642,6916
logreg,112,source_heldout,0.85,47867,62,101767,7234
logreg,112,source_heldout,0.9,8063,26,141571,7270
logreg,112,source_heldout,0.95,7921,26,141713,7270
logreg,112,source_heldout,0.975,0,0,149634,7296
logreg,112,source_heldout,0.99,0,0,149634,7296
logreg,112,source_heldout,0.995,0,0,149634,7296
logreg,112,source_heldout,0.999,0,0,149634,7296
logreg,112,target,0.05,669215,447392,68938,30344
logreg,112,target,0.1,666906,443698,71247,34038
logreg,112,target,0.15,656841,443072,81312,34664
logreg,112,target,0.2,654623,441707,83530,36029
logreg,112,target,0.25,654572,412317,83581,65419
logreg,112,target,0.3,654526,409830,83627,67906
logreg,112,target,0.35,654296,409348,83857,68388
logreg,112,target,0.4,652295,409252,85858,68484
logreg,112,target,0.45,651223,408145,86930,69591
logreg,112,target,0.5,643850,407825,94303,69911
logreg,112,target,0.55,640930,407390,97223,70346
logreg,112,target,0.6,631753,406897,106400,70839
logreg,112,target,0.65,622024,406700,116129,71036
logreg,112,target,0.7,606991,406222,131162,71514
logreg,112,target,0.75,604497,404996,133656,72740
logreg,112,target,0.8,531224,291313,206929,186423
logreg,112,target,0.85,58272,7052,679881,470684
logreg,112,target,0.9,58272,7024,679881,470712
logreg,112,target,0.95,1469,13,736684,477723
logreg,112,target,0.975,0,0,738153,477736
logreg,112,target,0.99,0,0,738153,477736
logreg,112,target,0.995,0,0,738153,477736
logreg,112,target,0.999,0,0,738153,477736
tree,112,source_heldout,0.05,149228,3876,406,3420
tree,112,source_heldout,0.1,147951,2921,1683,4375
tree,112,source_heldout,0.15,143535,2153,6099,5143
tree,112,source_heldout,0.2,143264,2065,6370,5231
tree,112,source_heldout,0.25,143210,2051,6424,5245
tree,112,source_heldout,0.3,143094,2040,6540,5256
tree,112,source_heldout,0.35,143073,2038,6561,5258
tree,112,source_heldout,0.4,142534,1976,7100,5320
tree,112,source_heldout,0.45,142485,1973,7149,5323
tree,112,source_heldout,0.5,139307,1820,10327,5476
tree,112,source_heldout,0.55,138128,1569,11506,5727
tree,112,source_heldout,0.6,138078,1556,11556,5740
tree,112,source_heldout,0.65,137796,1531,11838,5765
tree,112,source_heldout,0.7,135942,1420,13692,5876
tree,112,source_heldout,0.75,135657,1395,13977,5901
tree,112,source_heldout,0.8,134497,1391,15137,5905
tree,112,source_heldout,0.85,134295,1388,15339,5908
tree,112,source_heldout,0.9,131474,1383,18160,5913
tree,112,source_heldout,0.95,130604,1373,19030,5923
tree,112,source_heldout,0.975,130604,1373,19030,5923
tree,112,source_heldout,0.99,130604,1373,19030,5923
tree,112,source_heldout,0.995,130604,1373,19030,5923
tree,112,source_heldout,0.999,130604,1373,19030,5923
tree,112,target,0.05,685194,443942,52959,33794
tree,112,target,0.1,621164,412767,116989,64969
tree,112,target,0.15,148340,127962,589813,349774
tree,112,target,0.2,148340,127902,589813,349834
tree,112,target,0.25,148304,127873,589849,349863
tree,112,target,0.3,148304,127571,589849,350165
tree,112,target,0.35,148304,127571,589849,350165
tree,112,target,0.4,148299,127570,589854,350166
tree,112,target,0.45,148299,127529,589854,350207
tree,112,target,0.5,148299,127310,589854,350426
tree,112,target,0.55,148299,126928,589854,350808
tree,112,target,0.6,148299,126928,589854,350808
tree,112,target,0.65,148299,126928,589854,350808
tree,112,target,0.7,128082,12146,610071,465590
tree,112,target,0.75,128082,12145,610071,465591
tree,112,target,0.8,128082,12145,610071,465591
tree,112,target,0.85,128077,11081,610076,466655
tree,112,target,0.9,128077,11081,610076,466655
tree,112,target,0.95,128077,11050,610076,466686
tree,112,target,0.975,128077,11050,610076,466686
tree,112,target,0.99,128077,11050,610076,466686
tree,112,target,0.995,128077,11050,610076,466686
tree,112,target,0.999,128077,11050,610076,466686
rf,112,source_heldout,0.05,149565,4467,69,2829
rf,112,source_heldout,0.1,148917,3876,717,3420
rf,112,source_heldout,0.15,144844,3156,4790,4140
rf,112,source_heldout,0.2,144643,2856,4991,4440
rf,112,source_heldout,0.25,144335,2480,5299,4816
rf,112,source_heldout,0.3,143925,2245,5709,5051
rf,112,source_heldout,0.35,143621,2112,6013,5184
rf,112,source_heldout,0.4,142226,1224,7408,6072
rf,112,source_heldout,0.45,141819,1085,7815,6211
rf,112,source_heldout,0.5,138552,913,11082,6383
rf,112,source_heldout,0.55,137983,798,11651,6498
rf,112,source_heldout,0.6,137401,577,12233,6719
rf,112,source_heldout,0.65,136612,448,13022,6848
rf,112,source_heldout,0.7,134902,365,14732,6931
rf,112,source_heldout,0.75,134138,119,15496,7177
rf,112,source_heldout,0.8,132821,87,16813,7209
rf,112,source_heldout,0.85,131062,65,18572,7231
rf,112,source_heldout,0.9,128019,26,21615,7270
rf,112,source_heldout,0.95,123280,12,26354,7284
rf,112,source_heldout,0.975,122488,5,27146,7291
rf,112,source_heldout,0.99,119978,3,29656,7293
rf,112,source_heldout,0.995,119008,2,30626,7294
rf,112,source_heldout,0.999,95026,2,54608,7294
rf,112,target,0.05,707712,475994,30441,1742
rf,112,target,0.1,663620,475536,74533,2200
rf,112,target,0.15,661596,474376,76557,3360
rf,112,target,0.2,186641,192196,551512,285540
rf,112,target,0.25,184221,190433,553932,287303
rf,112,target,0.3,183891,79868,554262,397868
rf,112,target,0.35,182957,47188,555196,430548
rf,112,target,0.4,182887,28082,555266,449654
rf,112,target,0.45,182079,22309,556074,455427
rf,112,target,0.5,178221,19280,559932,458456
rf,112,target,0.55,155756,15943,582397,461793
rf,112,target,0.6,155279,14955,582874,462781
rf,112,target,0.65,149050,14549,589103,463187
rf,112,target,0.7,140912,13630,597241,464106
rf,112,target,0.75,132367,9189,605786,468547
rf,112,target,0.8,126098,8959,612055,468777
rf,112,target,0.85,95444,1988,642709,475748
rf,112,target,0.9,90305,1733,647848,476003
rf,112,target,0.95,10912,715,727241,477021
rf,112,target,0.975,2519,21,735634,477715
rf,112,target,0.99,987,0,737166,477736
rf,112,target,0.995,2,0,738151,477736
rf,112,target,0.999,0,0,738153,477736
xgboost,112,source_heldout,0.05,149267,3852,367,3444
xgboost,112,source_heldout,0.1,148168,3045,1466,4251
xgboost,112,source_heldout,0.15,143697,1939,5937,5357
xgboost,112,source_heldout,0.2,142165,1201,7469,6095
xgboost,112,source_heldout,0.25,141784,995,7850,6301
xgboost,112,source_heldout,0.3,141532,946,8102,6350
xgboost,112,source_heldout,0.35,137285,905,12349,6391
xgboost,112,source_heldout,0.4,136682,803,12952,6493
xgboost,112,source_heldout,0.45,136534,772,13100,6524
xgboost,112,source_heldout,0.5,132799,445,16835,6851
xgboost,112,source_heldout,0.55,132200,359,17434,6937
xgboost,112,source_heldout,0.6,130382,332,19252,6964
xgboost,112,source_heldout,0.65,129848,216,19786,7080
xgboost,112,source_heldout,0.7,128130,162,21504,7134
xgboost,112,source_heldout,0.75,127614,67,22020,7229
xgboost,112,source_heldout,0.8,126163,39,23471,7257
xgboost,112,source_heldout,0.85,125788,32,23846,7264
xgboost,112,source_heldout,0.9,122368,24,27266,7272
xgboost,112,source_heldout,0.95,120731,15,28903,7281
xgboost,112,source_heldout,0.975,119596,11,30038,7285
xgboost,112,source_heldout,0.99,118597,10,31037,7286
xgboost,112,source_heldout,0.995,113797,10,35837,7286
xgboost,112,source_heldout,0.999,102747,2,46887,7294
xgboost,112,target,0.05,686224,444528,51929,33208
xgboost,112,target,0.1,648227,437939,89926,39797
xgboost,112,target,0.15,163825,153739,574328,323997
xgboost,112,target,0.2,161594,41806,576559,435930
xgboost,112,target,0.25,158561,39549,579592,438187
xgboost,112,target,0.3,136364,15171,601789,462565
xgboost,112,target,0.35,133490,14609,604663,463127
xgboost,112,target,0.4,133110,14155,605043,463581
xgboost,112,target,0.45,132379,14003,605774,463733
xgboost,112,target,0.5,128590,13648,609563,464088
xgboost,112,target,0.55,107317,6772,630836,470964
xgboost,112,target,0.6,106570,2414,631583,475322
xgboost,112,target,0.65,38134,1699,700019,476037
xgboost,112,target,0.7,37217,1616,700936,476120
xgboost,112,target,0.75,17685,920,720468,476816
xgboost,112,target,0.8,11770,826,726383,476910
xgboost,112,target,0.85,4946,778,733207,476958
xgboost,112,target,0.9,3180,751,734973,476985
xgboost,112,target,0.95,62,32,738091,477704
xgboost,112,target,0.975,3,3,738150,477733
xgboost,112,target,0.99,0,3,738153,477733
xgboost,112,target,0.995,0,2,738153,477734
xgboost,112,target,0.999,0,0,738153,477736
hgb,112,source_heldout,0.05,149191,3799,443,3497
hgb,112,source_heldout,0.1,147659,2570,1975,4726
hgb,112,source_heldout,0.15,142381,1352,7253,5944
hgb,112,source_heldout,0.2,142047,1142,7587,6154
hgb,112,source_heldout,0.25,141780,1027,7854,6269
hgb,112,source_heldout,0.3,141308,865,8326,6431
hgb,112,source_heldout,0.35,141151,839,8483,6457
hgb,112,source_heldout,0.4,140748,755,8886,6541
hgb,112,source_heldout,0.45,140445,711,9189,6585
hgb,112,source_heldout,0.5,137360,510,12274,6786
hgb,112,source_heldout,0.55,137036,436,12598,6860
hgb,112,source_heldout,0.6,136649,406,12985,6890
hgb,112,source_heldout,0.65,135736,286,13898,7010
hgb,112,source_heldout,0.7,133941,199,15693,7097
hgb,112,source_heldout,0.75,133571,171,16063,7125
hgb,112,source_heldout,0.8,131937,94,17697,7202
hgb,112,source_heldout,0.85,127183,88,22451,7208
hgb,112,source_heldout,0.9,124243,79,25391,7217
hgb,112,source_heldout,0.95,122968,47,26666,7249
hgb,112,source_heldout,0.975,119791,26,29843,7270
hgb,112,source_heldout,0.99,117758,26,31876,7270
hgb,112,source_heldout,0.995,116432,25,33202,7271
hgb,112,source_heldout,0.999,89824,22,59810,7274
hgb,112,target,0.05,690467,445073,47686,32663
hgb,112,target,0.1,648378,415943,89775,61793
hgb,112,target,0.15,150594,131723,587559,346013
hgb,112,target,0.2,143437,131112,594716,346624
hgb,112,target,0.25,142777,127481,595376,350255
hgb,112,target,0.3,141026,126411,597127,351325
hgb,112,target,0.35,138257,125480,599896,352256
hgb,112,target,0.4,137895,124815,600258,352921
hgb,112,target,0.45,137272,123802,600881,353934
hgb,112,target,0.5,135826,15573,602327,462163
hgb,112,target,0.55,109695,14799,628458,462937
hgb,112,target,0.6,105151,10190,633002,467546
hgb,112,target,0.65,101605,9466,636548,468270
hgb,112,target,0.7,93097,9252,645056,468484
hgb,112,target,0.75,92472,9117,645681,468619
hgb,112,target,0.8,92046,9020,646107,468716
hgb,112,target,0.85,53409,8318,684744,469418
hgb,112,target,0.9,14305,658,723848,477078
hgb,112,target,0.95,3066,283,735087,477453
hgb,112,target,0.975,429,58,737724,477678
hgb,112,target,0.99,55,28,738098,477708
hgb,112,target,0.995,1,26,738152,477710
hgb,112,target,0.999,0,26,738153,477710
mlp,112,source_heldout,0.05,149336,4262,298,3034
mlp,112,source_heldout,0.1,147934,3397,1700,3899
mlp,112,source_heldout,0.15,145113,1846,4521,5450
mlp,112,source_heldout,0.2,144677,1733,4957,5563
mlp,112,source_heldout,0.25,143604,962,6030,6334
mlp,112,source_heldout,0.3,143540,939,6094,6357
mlp,112,source_heldout,0.35,140828,900,8806,6396
mlp,112,source_heldout,0.4,140692,857,8942,6439
mlp,112,source_heldout,0.45,139967,708,9667,6588
mlp,112,source_heldout,0.5,136465,402,13169,6894
mlp,112,source_heldout,0.55,136262,338,13372,6958
mlp,112,source_heldout,0.6,134469,293,15165,7003
mlp,112,source_heldout,0.65,134013,249,15621,7047
mlp,112,source_heldout,0.7,133696,202,15938,7094
mlp,112,source_heldout,0.75,133093,181,16541,7115
mlp,112,source_heldout,0.8,132296,150,17338,7146
mlp,112,source_heldout,0.85,127718,107,21916,7189
mlp,112,source_heldout,0.9,126907,100,22727,7196
mlp,112,source_heldout,0.95,124795,61,24839,7235
mlp,112,source_heldout,0.975,118287,53,31347,7243
mlp,112,source_heldout,0.99,116388,49,33246,7247
mlp,112,source_heldout,0.995,108483,34,41151,7262
mlp,112,source_heldout,0.999,54388,15,95246,7281
mlp,112,target,0.05,692677,467845,45476,9891
mlp,112,target,0.1,655427,441304,82726,36432
mlp,112,target,0.15,654436,429368,83717,48368
mlp,112,target,0.2,633832,426728,104321,51008
mlp,112,target,0.25,610784,419201,127369,58535
mlp,112,target,0.3,603696,417530,134457,60206
mlp,112,target,0.35,130634,134366,607519,343370
mlp,112,target,0.4,126163,132864,611990,344872
mlp,112,target,0.45,124811,130943,613342,346793
mlp,112,target,0.5,98849,13597,639304,464139
mlp,112,target,0.55,93439,11167,644714,466569
mlp,112,target,0.6,90243,2955,647910,474781
mlp,112,target,0.65,79906,2200,658247,475536
mlp,112,target,0.7,77573,2134,660580,475602
mlp,112,target,0.75,77432,2024,660721,475712
mlp,112,target,0.8,77422,1955,660731,475781
mlp,112,target,0.85,55653,1271,682500,476465
mlp,112,target,0.9,17291,588,720862,477148
mlp,112,target,0.95,6593,557,731560,477179
mlp,112,target,0.975,5888,156,732265,477580
mlp,112,target,0.99,3598,121,734555,477615
mlp,112,target,0.995,1632,36,736521,477700
mlp,112,target,0.999,129,25,738024,477711
majority,113,source_heldout,0.05,89558,252,0,0
majority,113,source_heldout,0.1,89558,252,0,0
majority,113,source_heldout,0.15,89558,252,0,0
majority,113,source_heldout,0.2,89558,252,0,0
majority,113,source_heldout,0.25,89558,252,0,0
majority,113,source_heldout,0.3,89558,252,0,0
majority,113,source_heldout,0.35,89558,252,0,0
majority,113,source_heldout,0.4,89558,252,0,0
majority,113,source_heldout,0.45,89558,252,0,0
majority,113,source_heldout,0.5,89558,252,0,0
majority,113,source_heldout,0.55,89558,252,0,0
majority,113,source_heldout,0.6,89558,252,0,0
majority,113,source_heldout,0.65,89558,252,0,0
majority,113,source_heldout,0.7,89558,252,0,0
majority,113,source_heldout,0.75,89558,252,0,0
majority,113,source_heldout,0.8,89558,252,0,0
majority,113,source_heldout,0.85,89558,252,0,0
majority,113,source_heldout,0.9,89558,252,0,0
majority,113,source_heldout,0.95,89558,252,0,0
majority,113,source_heldout,0.975,89558,252,0,0
majority,113,source_heldout,0.99,89558,252,0,0
majority,113,source_heldout,0.995,89558,252,0,0
majority,113,source_heldout,0.999,89558,252,0,0
majority,113,target,0.05,738153,477736,0,0
majority,113,target,0.1,738153,477736,0,0
majority,113,target,0.15,738153,477736,0,0
majority,113,target,0.2,738153,477736,0,0
majority,113,target,0.25,738153,477736,0,0
majority,113,target,0.3,738153,477736,0,0
majority,113,target,0.35,738153,477736,0,0
majority,113,target,0.4,738153,477736,0,0
majority,113,target,0.45,738153,477736,0,0
majority,113,target,0.5,738153,477736,0,0
majority,113,target,0.55,738153,477736,0,0
majority,113,target,0.6,738153,477736,0,0
majority,113,target,0.65,738153,477736,0,0
majority,113,target,0.7,738153,477736,0,0
majority,113,target,0.75,738153,477736,0,0
majority,113,target,0.8,738153,477736,0,0
majority,113,target,0.85,738153,477736,0,0
majority,113,target,0.9,738153,477736,0,0
majority,113,target,0.95,738153,477736,0,0
majority,113,target,0.975,738153,477736,0,0
majority,113,target,0.99,738153,477736,0,0
majority,113,target,0.995,738153,477736,0,0
majority,113,target,0.999,738153,477736,0,0
stratified,113,source_heldout,0.05,82781,234,6777,18
stratified,113,source_heldout,0.1,82781,234,6777,18
stratified,113,source_heldout,0.15,82781,234,6777,18
stratified,113,source_heldout,0.2,82781,234,6777,18
stratified,113,source_heldout,0.25,82781,234,6777,18
stratified,113,source_heldout,0.3,82781,234,6777,18
stratified,113,source_heldout,0.35,82781,234,6777,18
stratified,113,source_heldout,0.4,82781,234,6777,18
stratified,113,source_heldout,0.45,82781,234,6777,18
stratified,113,source_heldout,0.5,82781,234,6777,18
stratified,113,source_heldout,0.55,82781,234,6777,18
stratified,113,source_heldout,0.6,82781,234,6777,18
stratified,113,source_heldout,0.65,82781,234,6777,18
stratified,113,source_heldout,0.7,82781,234,6777,18
stratified,113,source_heldout,0.75,82781,234,6777,18
stratified,113,source_heldout,0.8,82781,234,6777,18
stratified,113,source_heldout,0.85,82781,234,6777,18
stratified,113,source_heldout,0.9,82781,234,6777,18
stratified,113,source_heldout,0.95,82781,234,6777,18
stratified,113,source_heldout,0.975,82781,234,6777,18
stratified,113,source_heldout,0.99,82781,234,6777,18
stratified,113,source_heldout,0.995,82781,234,6777,18
stratified,113,source_heldout,0.999,82781,234,6777,18
stratified,113,target,0.05,682543,441754,55610,35982
stratified,113,target,0.1,682543,441754,55610,35982
stratified,113,target,0.15,682543,441754,55610,35982
stratified,113,target,0.2,682543,441754,55610,35982
stratified,113,target,0.25,682543,441754,55610,35982
stratified,113,target,0.3,682543,441754,55610,35982
stratified,113,target,0.35,682543,441754,55610,35982
stratified,113,target,0.4,682543,441754,55610,35982
stratified,113,target,0.45,682543,441754,55610,35982
stratified,113,target,0.5,682543,441754,55610,35982
stratified,113,target,0.55,682543,441754,55610,35982
stratified,113,target,0.6,682543,441754,55610,35982
stratified,113,target,0.65,682543,441754,55610,35982
stratified,113,target,0.7,682543,441754,55610,35982
stratified,113,target,0.75,682543,441754,55610,35982
stratified,113,target,0.8,682543,441754,55610,35982
stratified,113,target,0.85,682543,441754,55610,35982
stratified,113,target,0.9,682543,441754,55610,35982
stratified,113,target,0.95,682543,441754,55610,35982
stratified,113,target,0.975,682543,441754,55610,35982
stratified,113,target,0.99,682543,441754,55610,35982
stratified,113,target,0.995,682543,441754,55610,35982
stratified,113,target,0.999,682543,441754,55610,35982
logreg,113,source_heldout,0.05,89540,251,18,1
logreg,113,source_heldout,0.1,89539,251,19,1
logreg,113,source_heldout,0.15,89536,249,22,3
logreg,113,source_heldout,0.2,89531,247,27,5
logreg,113,source_heldout,0.25,89491,241,67,11
logreg,113,source_heldout,0.3,89448,227,110,25
logreg,113,source_heldout,0.35,85735,223,3823,29
logreg,113,source_heldout,0.4,85643,219,3915,33
logreg,113,source_heldout,0.45,85564,212,3994,40
logreg,113,source_heldout,0.5,85337,199,4221,53
logreg,113,source_heldout,0.55,85194,185,4364,67
logreg,113,source_heldout,0.6,84941,168,4617,84
logreg,113,source_heldout,0.65,70008,165,19550,87
logreg,113,source_heldout,0.7,64637,163,24921,89
logreg,113,source_heldout,0.75,64134,1,25424,251
logreg,113,source_heldout,0.8,61945,0,27613,252
logreg,113,source_heldout,0.85,52717,0,36841,252
logreg,113,source_heldout,0.9,208,0,89350,252
logreg,113,source_heldout,0.95,208,0,89350,252
logreg,113,source_heldout,0.975,0,0,89558,252
logreg,113,source_heldout,0.99,0,0,89558,252
logreg,113,source_heldout,0.995,0,0,89558,252
logreg,113,source_heldout,0.999,0,0,89558,252
logreg,113,target,0.05,690114,445453,48039,32283
logreg,113,target,0.1,667675,442758,70478,34978
logreg,113,target,0.15,665778,435273,72375,42463
logreg,113,target,0.2,658853,411463,79300,66273
logreg,113,target,0.25,655166,410376,82987,67360
logreg,113,target,0.3,654515,409330,83638,68406
logreg,113,target,0.35,654166,408892,83987,68844
logreg,113,target,0.4,653056,408699,85097,69037
logreg,113,target,0.45,649529,407895,88624,69841
logreg,113,target,0.5,646684,407597,91469,70139
logreg,113,target,0.55,643203,407376,94950,70360
logreg,113,target,0.6,640039,406556,98114,71180
logreg,113,target,0.65,619871,406469,118282,71267
logreg,113,target,0.7,606722,406151,131431,71585
logreg,113,target,0.75,599959,296483,138194,181253
logreg,113,target,0.8,539515,288589,198638,189147
logreg,113,target,0.85,58272,7057,679881,470679
logreg,113,target,0.9,58272,7039,679881,470697
logreg,113,target,0.95,58272,7017,679881,470719
logreg,113,target,0.975,0,0,738153,477736
logreg,113,target,0.99,0,0,738153,477736
logreg,113,target,0.995,0,0,738153,477736
logreg,113,target,0.999,0,0,738153,477736
tree,113,source_heldout,0.05,89467,236,91,16
tree,113,source_heldout,0.1,89425,226,133,26
tree,113,source_heldout,0.15,89239,171,319,81
tree,113,source_heldout,0.2,89205,166,353,86
tree,113,source_heldout,0.25,89201,166,357,86
tree,113,source_heldout,0.3,89198,166,360,86
tree,113,source_heldout,0.35,89141,157,417,95
tree,113,source_heldout,0.4,89136,157,422,95
tree,113,source_heldout,0.45,89136,157,422,95
tree,113,source_heldout,0.5,89136,157,422,95
tree,113,source_heldout,0.55,89094,150,464,102
tree,113,source_heldout,0.6,89094,150,464,102
tree,113,source_heldout,0.65,89094,150,464,102
tree,113,source_heldout,0.7,89094,150,464,102
tree,113,source_heldout,0.75,89079,150,479,102
tree,113,source_heldout,0.8,88448,150,1110,102
tree,113,source_heldout,0.85,88349,37,1209,215
tree,113,source_heldout,0.9,88141,37,1417,215
tree,113,source_heldout,0.95,87982,37,1576,215
tree,113,source_heldout,0.975,87209,37,2349,215
tree,113,source_heldout,0.99,86062,36,3496,216
tree,113,source_heldout,0.995,86062,36,3496,216
tree,113,source_heldout,0.999,86062,36,3496,216
tree,113,target,0.05,658121,442386,80032,35350
tree,113,target,0.1,658054,440949,80099,36787
tree,113,target,0.15,172203,156013,565950,321723
tree,113,target,0.2,147662,34312,590491,443424
tree,113,target,0.25,145082,34219,593071,443517
tree,113,target,0.3,145082,34219,593071,443517
tree,113,target,0.35,145080,34020,593073,443716
tree,113,target,0.4,145079,34020,593074,443716
tree,113,target,0.45,145079,33973,593074,443763
tree,113,target,0.5,145079,33973,593074,443763
tree,113,target,0.55,145079,31721,593074,446015
tree,113,target,0.6,145079,31721,593074,446015
tree,113,target,0.65,145079,31721,593074,446015
tree,113,target,0.7,145079,31721,593074,446015
tree,113,target,0.75,145079,31721,593074,446015
tree,113,target,0.8,145032,31718,593121,446018
tree,113,target,0.85,145032,31718,593121,446018
tree,113,target,0.9,145032,31718,593121,446018
tree,113,target,0.95,145030,31656,593123,446080
tree,113,target,0.975,145030,31656,593123,446080
tree,113,target,0.99,145030,31647,593123,446089
tree,113,target,0.995,145030,31647,593123,446089
tree,113,target,0.999,145030,31647,593123,446089
rf,113,source_heldout,0.05,89513,225,45,27
rf,113,source_heldout,0.1,89487,217,71,35
rf,113,source_heldout,0.15,89354,199,204,53
rf,113,source_heldout,0.2,89351,196,207,56
rf,113,source_heldout,0.25,89338,187,220,65
rf,113,source_heldout,0.3,89320,182,238,70
rf,113,source_heldout,0.35,89254,179,304,73
rf,113,source_heldout,0.4,89244,178,314,74
rf,113,source_heldout,0.45,89233,178,325,74
rf,113,source_heldout,0.5,89217,178,341,74
rf,113,source_heldout,0.55,89202,167,356,85
rf,113,source_heldout,0.6,89184,160,374,92
rf,113,source_heldout,0.65,89151,150,407,102
rf,113,source_heldout,0.7,89145,149,413,103
rf,113,source_heldout,0.75,89134,146,424,106
rf,113,source_heldout,0.8,88487,144,1071,108
rf,113,source_heldout,0.85,88361,29,1197,223
rf,113,source_heldout,0.9,88181,28,1377,224
rf,113,source_heldout,0.95,87879,22,1679,230
rf,113,source_heldout,0.975,85750,2,3808,250
rf,113,source_heldout,0.99,84901,2,4657,250
rf,113,source_heldout,0.995,81463,0,8095,252
rf,113,source_heldout,0.999,34062,0,55496,252
rf,113,target,0.05,718725,476314,19428,1422
rf,113,target,0.1,701967,475356,36186,2380
rf,113,target,0.15,661555,474611,76598,3125
rf,113,target,0.2,658996,450806,79157,26930
rf,113,target,0.25,184543,158537,553610,319199
rf,113,target,0.3,182855,151137,555298,326599
rf,113,target,0.35,181468,147407,556685,330329
rf,113,target,0.4,179482,140332,558671,337404
rf,113,target,0.45,158665,137526,579488,340210
rf,113,target,0.5,155604,134995,582549,342741
rf,113,target,0.55,154803,128547,583350,349189
rf,113,target,0.6,150355,127674,587798,350062
rf,113,target,0.65,149882,127010,588271,350726
rf,113,target,0.7,147040,126331,591113,351405
rf,113,target,0.75,142189,124261,595964,353475
rf,113,target,0.8,139007,123803,599146,353933
rf,113,target,0.85,119697,123481,618456,354255
rf,113,target,0.9,73121,122698,665032,355038
rf,113,target,0.95,38937,119637,699216,358099
rf,113,target,0.975,1285,4131,736868,473605
rf,113,target,0.99,1147,33,737006,477703
rf,113,target,0.995,1,10,738152,477726
rf,113,target,0.999,0,0,738153,477736
xgboost,113,source_heldout,0.05,89532,249,26,3
xgboost,113,source_heldout,0.1,89416,214,142,38
xgboost,113,source_heldout,0.15,89256,180,302,72
xgboost,113,source_heldout,0.2,89251,171,307,81
xgboost,113,source_heldout,0.25,89225,159,333,93
xgboost,113,source_heldout,0.3,89173,152,385,100
xgboost,113,source_heldout,0.35,89164,150,394,102
xgboost,113,source_heldout,0.4,89147,148,411,104
xgboost,113,source_heldout,0.45,89141,146,417,106
xgboost,113,source_heldout,0.5,89116,145,442,107
xgboost,113,source_heldout,0.55,89109,145,449,107
xgboost,113,source_heldout,0.6,89094,145,464,107
xgboost,113,source_heldout,0.65,89072,137,486,115
xgboost,113,source_heldout,0.7,89033,118,525,134
xgboost,113,source_heldout,0.75,89003,118,555,134
xgboost,113,source_heldout,0.8,88313,118,1245,134
xgboost,113,source_heldout,0.85,88109,4,1449,248
xgboost,113,source_heldout,0.9,87586,2,1972,250
xgboost,113,source_heldout,0.95,87047,2,2511,250
xgboost,113,source_heldout,0.975,85339,1,4219,251
xgboost,113,source_heldout,0.99,83872,0,5686,252
xgboost,113,source_heldout,0.995,81276,0,8282,252
xgboost,113,source_heldout,0.999,74714,0,14844,252
xgboost,113,target,0.05,691654,426669,46499,51067
xgboost,113,target,0.1,651328,420792,86825,56944
xgboost,113,target,0.15,176326,129882,561827,347854
xgboost,113,target,0.2,175446,128018,562707,349718
xgboost,113,target,0.25,174988,127471,563165,350265
xgboost,113,target,0.3,150827,126866,587326,350870
xgboost,113,target,0.35,114975,123201,623178,354535
xgboost,113,target,0.4,93227,122700,644926,355036
xgboost,113,target,0.45,92462,14404,645691,463332
xgboost,113,target,0.5,86402,13740,651751,463996
xgboost,113,target,0.55,82721,13380,655432,464356
xgboost,113,target,0.6,79541,12892,658612,464844
xgboost,113,target,0.65,70523,12640,667630,465096
xgboost,113,target,0.7,28343,5476,709810,472260
xgboost,113,target,0.75,23419,1164,714734,476572
xgboost,113,target,0.8,18023,830,720130,476906
xgboost,113,target,0.85,15998,778,722155,476958
xgboost,113,target,0.9,11329,52,726824,477684
xgboost,113,target,0.95,500,28,737653,477708
xgboost,113,target,0.975,11,19,738142,477717
xgboost,113,target,0.99,0,5,738153,477731
xgboost,113,target,0.995,0,3,738153,477733
xgboost,113,target,0.999,0,0,738153,477736
hgb,113,source_heldout,0.05,89529,251,29,1
hgb,113,source_heldout,0.1,89482,245,76,7
hgb,113,source_heldout,0.15,89399,194,159,58
hgb,113,source_heldout,0.2,89167,57,391,195
hgb,113,source_heldout,0.25,89117,26,441,226
hgb,113,source_heldout,0.3,89055,18,503,234
hgb,113,source_heldout,0.35,89032,13,526,239
hgb,113,source_heldout,0.4,89023,11,535,241
hgb,113,source_heldout,0.45,89010,11,548,241
hgb,113,source_heldout,0.5,89000,11,558,241
hgb,113,source_heldout,0.55,88988,7,570,245
hgb,113,source_heldout,0.6,88976,7,582,245
hgb,113,source_heldout,0.65,88956,7,602,245
hgb,113,source_heldout,0.7,88939,7,619,245
hgb,113,source_heldout,0.75,88172,5,1386,247
hgb,113,source_heldout,0.8,88098,5,1460,247
hgb,113,source_heldout,0.85,87985,5,1573,247
hgb,113,source_heldout,0.9,87536,4,2022,248
hgb,113,source_heldout,0.95,87067,4,2491,248
hgb,113,source_heldout,0.975,85472,4,4086,248
hgb,113,source_heldout,0.99,82150,0,7408,252
hgb,113,source_heldout,0.995,80784,0,8774,252
hgb,113,source_heldout,0.999,75992,0,13566,252
hgb,113,target,0.05,690573,461464,47580,16272
hgb,113,target,0.1,652623,423875,85530,53861
hgb,113,target,0.15,177869,133406,560284,344330
hgb,113,target,0.2,177072,128350,561081,349386
hgb,113,target,0.25,174251,18608,563902,459128
hgb,113,target,0.3,173010,18079,565143,459657
hgb,113,target,0.35,172721,17184,565432,460552
hgb,113,target,0.4,167699,16360,570454,461376
hgb,113,target,0.45,167234,11058,570919,466678
hgb,113,target,0.5,165537,10066,572616,467670
hgb,113,target,0.55,107493,8960,630660,468776
hgb,113,target,0.6,107109,8651,631044,469085
hgb,113,target,0.65,88506,7875,649647,469861
hgb,113,target,0.7,66970,943,671183,476793
hgb,113,target,0.75,43972,649,694181,477087
hgb,113,target,0.8,38986,570,699167,477166
hgb,113,target,0.85,36065,335,702088,477401
hgb,113,target,0.9,29601,254,708552,477482
hgb,113,target,0.95,26021,93,712132,477643
hgb,113,target,0.975,4705,64,733448,477672
hgb,113,target,0.99,37,9,738116,477727
hgb,113,target,0.995,16,5,738137,477731
hgb,113,target,0.999,0,0,738153,477736
mlp,113,source_heldout,0.05,89501,248,57,4
mlp,113,source_heldout,0.1,89421,226,137,26
mlp,113,source_heldout,0.15,89178,63,380,189
mlp,113,source_heldout,0.2,89017,38,541,214
mlp,113,source_heldout,0.25,88945,23,613,229
mlp,113,source_heldout,0.3,88885,11,673,241
mlp,113,source_heldout,0.35,88872,10,686,242
mlp,113,source_heldout,0.4,88848,8,710,244
mlp,113,source_heldout,0.45,88827,7,731,245
mlp,113,source_heldout,0.5,88818,7,740,245
mlp,113,source_heldout,0.55,88806,7,752,245
mlp,113,source_heldout,0.6,88708,7,850,245
mlp,113,source_heldout,0.65,88647,7,911,245
mlp,113,source_heldout,0.7,88592,5,966,247
mlp,113,source_heldout,0.75,87662,5,1896,247
mlp,113,source_heldout,0.8,87425,4,2133,248
mlp,113,source_heldout,0.85,87140,4,2418,248
mlp,113,source_heldout,0.9,85008,3,4550,249
mlp,113,source_heldout,0.95,83052,1,6506,251
mlp,113,source_heldout,0.975,82826,1,6732,251
mlp,113,source_heldout,0.99,80377,1,9181,251
mlp,113,source_heldout,0.995,79916,1,9642,251
mlp,113,source_heldout,0.999,61876,0,27682,252
mlp,113,target,0.05,685188,464448,52965,13288
mlp,113,target,0.1,679404,451398,58749,26338
mlp,113,target,0.15,676464,439937,61689,37799
mlp,113,target,0.2,638442,407513,99711,70223
mlp,113,target,0.25,598575,299294,139578,178442
mlp,113,target,0.3,104637,17528,633516,460208
mlp,113,target,0.35,99053,16955,639100,460781
mlp,113,target,0.4,95778,16866,642375,460870
mlp,113,target,0.45,94542,16762,643611,460974
mlp,113,target,0.5,93830,15678,644323,462058
mlp,113,target,0.55,93273,15377,644880,462359
mlp,113,target,0.6,90530,14528,647623,463208
mlp,113,target,0.65,90071,12905,648082,464831
mlp,113,target,0.7,90031,8705,648122,469031
mlp,113,target,0.75,88471,5587,649682,472149
mlp,113,target,0.8,88296,1242,649857,476494
mlp,113,target,0.85,27373,448,710780,477288
mlp,113,target,0.9,18403,323,719750,477413
mlp,113,target,0.95,17743,286,720410,477450
mlp,113,target,0.975,9244,247,728909,477489
mlp,113,target,0.99,6267,168,731886,477568
mlp,113,target,0.995,6006,151,732147,477585
mlp,113,target,0.999,15,97,738138,477639
majority,114,source_heldout,0.05,97371,4003,0,0
majority,114,source_heldout,0.1,97371,4003,0,0
majority,114,source_heldout,0.15,97371,4003,0,0
majority,114,source_heldout,0.2,97371,4003,0,0
majority,114,source_heldout,0.25,97371,4003,0,0
majority,114,source_heldout,0.3,97371,4003,0,0
majority,114,source_heldout,0.35,97371,4003,0,0
majority,114,source_heldout,0.4,97371,4003,0,0
majority,114,source_heldout,0.45,97371,4003,0,0
majority,114,source_heldout,0.5,97371,4003,0,0
majority,114,source_heldout,0.55,97371,4003,0,0
majority,114,source_heldout,0.6,97371,4003,0,0
majority,114,source_heldout,0.65,97371,4003,0,0
majority,114,source_heldout,0.7,97371,4003,0,0
majority,114,source_heldout,0.75,97371,4003,0,0
majority,114,source_heldout,0.8,97371,4003,0,0
majority,114,source_heldout,0.85,97371,4003,0,0
majority,114,source_heldout,0.9,97371,4003,0,0
majority,114,source_heldout,0.95,97371,4003,0,0
majority,114,source_heldout,0.975,97371,4003,0,0
majority,114,source_heldout,0.99,97371,4003,0,0
majority,114,source_heldout,0.995,97371,4003,0,0
majority,114,source_heldout,0.999,97371,4003,0,0
majority,114,target,0.05,738153,477736,0,0
majority,114,target,0.1,738153,477736,0,0
majority,114,target,0.15,738153,477736,0,0
majority,114,target,0.2,738153,477736,0,0
majority,114,target,0.25,738153,477736,0,0
majority,114,target,0.3,738153,477736,0,0
majority,114,target,0.35,738153,477736,0,0
majority,114,target,0.4,738153,477736,0,0
majority,114,target,0.45,738153,477736,0,0
majority,114,target,0.5,738153,477736,0,0
majority,114,target,0.55,738153,477736,0,0
majority,114,target,0.6,738153,477736,0,0
majority,114,target,0.65,738153,477736,0,0
majority,114,target,0.7,738153,477736,0,0
majority,114,target,0.75,738153,477736,0,0
majority,114,target,0.8,738153,477736,0,0
majority,114,target,0.85,738153,477736,0,0
majority,114,target,0.9,738153,477736,0,0
majority,114,target,0.95,738153,477736,0,0
majority,114,target,0.975,738153,477736,0,0
majority,114,target,0.99,738153,477736,0,0
majority,114,target,0.995,738153,477736,0,0
majority,114,target,0.999,738153,477736,0,0
stratified,114,source_heldout,0.05,91248,3754,6123,249
stratified,114,source_heldout,0.1,91248,3754,6123,249
stratified,114,source_heldout,0.15,91248,3754,6123,249
stratified,114,source_heldout,0.2,91248,3754,6123,249
stratified,114,source_heldout,0.25,91248,3754,6123,249
stratified,114,source_heldout,0.3,91248,3754,6123,249
stratified,114,source_heldout,0.35,91248,3754,6123,249
stratified,114,source_heldout,0.4,91248,3754,6123,249
stratified,114,source_heldout,0.45,91248,3754,6123,249
stratified,114,source_heldout,0.5,91248,3754,6123,249
stratified,114,source_heldout,0.55,91248,3754,6123,249
stratified,114,source_heldout,0.6,91248,3754,6123,249
stratified,114,source_heldout,0.65,91248,3754,6123,249
stratified,114,source_heldout,0.7,91248,3754,6123,249
stratified,114,source_heldout,0.75,91248,3754,6123,249
stratified,114,source_heldout,0.8,91248,3754,6123,249
stratified,114,source_heldout,0.85,91248,3754,6123,249
stratified,114,source_heldout,0.9,91248,3754,6123,249
stratified,114,source_heldout,0.95,91248,3754,6123,249
stratified,114,source_heldout,0.975,91248,3754,6123,249
stratified,114,source_heldout,0.99,91248,3754,6123,249
stratified,114,source_heldout,0.995,91248,3754,6123,249
stratified,114,source_heldout,0.999,91248,3754,6123,249
stratified,114,target,0.05,691905,447765,46248,29971
stratified,114,target,0.1,691905,447765,46248,29971
stratified,114,target,0.15,691905,447765,46248,29971
stratified,114,target,0.2,691905,447765,46248,29971
stratified,114,target,0.25,691905,447765,46248,29971
stratified,114,target,0.3,691905,447765,46248,29971
stratified,114,target,0.35,691905,447765,46248,29971
stratified,114,target,0.4,691905,447765,46248,29971
stratified,114,target,0.45,691905,447765,46248,29971
stratified,114,target,0.5,691905,447765,46248,29971
stratified,114,target,0.55,691905,447765,46248,29971
stratified,114,target,0.6,691905,447765,46248,29971
stratified,114,target,0.65,691905,447765,46248,29971
stratified,114,target,0.7,691905,447765,46248,29971
stratified,114,target,0.75,691905,447765,46248,29971
stratified,114,target,0.8,691905,447765,46248,29971
stratified,114,target,0.85,691905,447765,46248,29971
stratified,114,target,0.9,691905,447765,46248,29971
stratified,114,target,0.95,691905,447765,46248,29971
stratified,114,target,0.975,691905,447765,46248,29971
stratified,114,target,0.99,691905,447765,46248,29971
stratified,114,target,0.995,691905,447765,46248,29971
stratified,114,target,0.999,691905,447765,46248,29971
logreg,114,source_heldout,0.05,97139,1954,232,2049
logreg,114,source_heldout,0.1,96484,1790,887,2213
logreg,114,source_heldout,0.15,96451,1697,920,2306
logreg,114,source_heldout,0.2,96394,1568,977,2435
logreg,114,source_heldout,0.25,93519,1452,3852,2551
logreg,114,source_heldout,0.3,92598,1043,4773,2960
logreg,114,source_heldout,0.35,91672,957,5699,3046
logreg,114,source_heldout,0.4,91275,900,6096,3103
logreg,114,source_heldout,0.45,91026,865,6345,3138
logreg,114,source_heldout,0.5,90793,854,6578,3149
logreg,114,source_heldout,0.55,90598,829,6773,3174
logreg,114,source_heldout,0.6,90420,811,6951,3192
logreg,114,source_heldout,0.65,86322,792,11049,3211
logreg,114,source_heldout,0.7,69517,584,27854,3419
logreg,114,source_heldout,0.75,69105,552,28266,3451
logreg,114,source_heldout,0.8,67303,348,30068,3655
logreg,114,source_heldout,0.85,35973,44,61398,3959
logreg,114,source_heldout,0.9,2665,21,94706,3982
logreg,114,source_heldout,0.95,2647,20,94724,3983
logreg,114,source_heldout,0.975,0,0,97371,4003
logreg,114,source_heldout,0.99,0,0,97371,4003
logreg,114,source_heldout,0.995,0,0,97371,4003
logreg,114,source_heldout,0.999,0,0,97371,4003
logreg,114,target,0.05,683726,445858,54427,31878
logreg,114,target,0.1,666561,436701,71592,41035
logreg,114,target,0.15,665440,435118,72713,42618
logreg,114,target,0.2,658049,410861,80104,66875
logreg,114,target,0.25,654196,410297,83957,67439
logreg,114,target,0.3,652821,409212,85332,68524
logreg,114,target,0.35,650511,408634,87642,69102
logreg,114,target,0.4,648139,408259,90014,69477
logreg,114,target,0.45,647013,407757,91140,69979
logreg,114,target,0.5,645094,407103,93059,70633
logreg,114,target,0.55,644558,406950,93595,70786
logreg,114,target,0.6,628613,406475,109540,71261
logreg,114,target,0.65,616491,406057,121662,71679
logreg,114,target,0.7,608073,290906,130080,186830
logreg,114,target,0.75,601774,289420,136379,188316
logreg,114,target,0.8,58279,7059,679874,470677
logreg,114,target,0.85,58272,7052,679881,470684
logreg,114,target,0.9,58272,7024,679881,470712
logreg,114,target,0.95,21408,13,716745,477723
logreg,114,target,0.975,0,0,738153,477736
logreg,114,target,0.99,0,0,738153,477736
logreg,114,target,0.995,0,0,738153,477736
logreg,114,target,0.999,0,0,738153,477736
tree,114,source_heldout,0.05,97094,1138,277,2865
tree,114,source_heldout,0.1,96701,891,670,3112
tree,114,source_heldout,0.15,95613,502,1758,3501
tree,114,source_heldout,0.2,95343,352,2028,3651
tree,114,source_heldout,0.25,95324,346,2047,3657
tree,114,source_heldout,0.3,95269,340,2102,3663
tree,114,source_heldout,0.35,95230,335,2141,3668
tree,114,source_heldout,0.4,95125,328,2246,3675
tree,114,source_heldout,0.45,93992,243,3379,3760
tree,114,source_heldout,0.5,93044,212,4327,3791
tree,114,source_heldout,0.55,91009,105,6362,3898
tree,114,source_heldout,0.6,91009,105,6362,3898
tree,114,source_heldout,0.65,91000,104,6371,3899
tree,114,source_heldout,0.7,90978,103,6393,3900
tree,114,source_heldout,0.75,90780,98,6591,3905
tree,114,source_heldout,0.8,90166,83,7205,3920
tree,114,source_heldout,0.85,88920,53,8451,3950
tree,114,source_heldout,0.9,88742,51,8629,3952
tree,114,source_heldout,0.95,86138,44,11233,3959
tree,114,source_heldout,0.975,86138,44,11233,3959
tree,114,source_heldout,0.99,85531,43,11840,3960
tree,114,source_heldout,0.995,84591,42,12780,3961
tree,114,source_heldout,0.999,84591,42,12780,3961
tree,114,target,0.05,654472,429887,83681,47849
tree,114,target,0.1,651891,427361,86262,50375
tree,114,target,0.15,172415,144409,565738,333327
tree,114,target,0.2,98232,134641,639921,343095
tree,114,target,0.25,98229,134564,639924,343172
tree,114,target,0.3,98229,134479,639924,343257
tree,114,target,0.35,98229,133883,639924,343853
tree,114,target,0.4,98228,133883,639925,343853
tree,114,target,0.45,98224,133845,639929,343891
tree,114,target,0.5,98224,133845,639929,343891
tree,114,target,0.55,98224,133845,639929,343891
tree,114,target,0.6,98224,133845,639929,343891
tree,114,target,0.65,98224,133842,639929,343894
tree,114,target,0.7,98223,133746,639930,343990
tree,114,target,0.75,98222,133746,639931,343990
tree,114,target,0.8,98222,133743,639931,343993
tree,114,target,0.85,90464,133676,647689,344060
tree,114,target,0.9,90464,133676,647689,344060
tree,114,target,0.95,89171,133670,648982,344066
tree,114,target,0.975,89171,133670,648982,344066
tree,114,target,0.99,89171,133670,648982,344066
tree,114,target,0.995,81783,133617,656370,344119
tree,114,target,0.999,81783,133617,656370,344119
rf,114,source_heldout,0.05,97336,1502,35,2501
rf,114,source_heldout,0.1,97151,1254,220,2749
rf,114,source_heldout,0.15,96123,808,1248,3195
rf,114,source_heldout,0.2,96024,714,1347,3289
rf,114,source_heldout,0.25,95916,552,1455,3451
rf,114,source_heldout,0.3,95880,476,1491,3527
rf,114,source_heldout,0.35,95529,415,1842,3588
rf,114,source_heldout,0.4,95351,385,2020,3618
rf,114,source_heldout,0.45,94979,335,2392,3668
rf,114,source_heldout,0.5,93513,247,3858,3756
rf,114,source_heldout,0.55,91684,133,5687,3870
rf,114,source_heldout,0.6,91514,116,5857,3887
rf,114,source_heldout,0.65,91449,100,5922,3903
rf,114,source_heldout,0.7,91341,92,6030,3911
rf,114,source_heldout,0.75,91236,86,6135,3917
rf,114,source_heldout,0.8,90579,66,6792,3937
rf,114,source_heldout,0.85,89885,37,7486,3966
rf,114,source_heldout,0.9,89543,18,7828,3985
rf,114,source_heldout,0.95,86785,6,10586,3997
rf,114,source_heldout,0.975,83518,3,13853,4000
rf,114,source_heldout,0.99,82235,0,15136,4003
rf,114,source_heldout,0.995,81491,0,15880,4003
rf,114,source_heldout,0.999,70829,0,26542,4003
rf,114,target,0.05,715939,476069,22214,1667
rf,114,target,0.1,670436,475134,67717,2602
rf,114,target,0.15,190320,192534,547833,285202
rf,114,target,0.2,185988,191113,552165,286623
rf,114,target,0.25,183814,188750,554339,288986
rf,114,target,0.3,183468,187318,554685,290418
rf,114,target,0.35,182496,185569,555657,292167
rf,114,target,0.4,180998,177611,557155,300125
rf,114,target,0.45,180863,170892,557290,306844
rf,114,target,0.5,180103,161529,558050,316207
rf,114,target,0.55,179135,158818,559018,318918
rf,114,target,0.6,178414,134863,559739,342873
rf,114,target,0.65,156152,128159,582001,349577
rf,114,target,0.7,133864,127743,604289,349993
rf,114,target,0.75,127385,126847,610768,350889
rf,114,target,0.8,88044,125934,650109,351802
rf,114,target,0.85,77648,124628,660505,353108
rf,114,target,0.9,57659,119138,680494,358598
rf,114,target,0.95,4942,100,733211,477636
rf,114,target,0.975,2530,57,735623,477679
rf,114,target,0.99,625,2,737528,477734
rf,114,target,0.995,336,1,737817,477735
rf,114,target,0.999,1,1,738152,477735
xgboost,114,source_heldout,0.05,97179,1185,192,2818
xgboost,114,source_heldout,0.1,96737,923,634,3080
xgboost,114,source_heldout,0.15,95755,443,1616,3560
xgboost,114,source_heldout,0.2,95574,382,1797,3621
xgboost,114,source_heldout,0.25,95502,340,1869,3663
xgboost,114,source_heldout,0.3,95416,328,1955,3675
xgboost,114,source_heldout,0.35,95038,289,2333,3714
xgboost,114,source_heldout,0.4,94853,273,2518,3730
xgboost,114,source_heldout,0.45,94366,233,3005,3770
xgboost,114,source_heldout,0.5,93113,184,4258,3819
xgboost,114,source_heldout,0.55,91116,75,6255,3928
xgboost,114,source_heldout,0.6,90962,70,6409,3933
xgboost,114,source_heldout,0.65,90817,67,6554,3936
xgboost,114,source_heldout,0.7,90708,61,6663,3942
xgboost,114,source_heldout,0.75,90529,54,6842,3949
xgboost,114,source_heldout,0.8,89755,35,7616,3968
xgboost,114,source_heldout,0.85,89001,14,8370,3989
xgboost,114,source_heldout,0.9,88525,9,8846,3994
xgboost,114,source_heldout,0.95,85412,3,11959,4000
xgboost,114,source_heldout,0.975,84667,2,12704,4001
xgboost,114,source_heldout,0.99,82103,1,15268,4002
xgboost,114,source_heldout,0.995,81263,1,16108,4002
xgboost,114,source_heldout,0.999,66577,0,30794,4003
xgboost,114,target,0.05,692983,453744,45170,23992
xgboost,114,target,0.1,689099,418330,49054,59406
xgboost,114,target,0.15,177607,130823,560546,346913
xgboost,114,target,0.2,174566,128828,563587,348908
xgboost,114,target,0.25,173829,127214,564324,350522
xgboost,114,target,0.3,136325,125535,601828,352201
xgboost,114,target,0.35,132525,16582,605628,461154
xgboost,114,target,0.4,110156,12962,627997,464774
xgboost,114,target,0.45,105745,12577,632408,465159
xgboost,114,target,0.5,85694,12370,652459,465366
xgboost,114,target,0.55,82753,12201,655400,465535
xgboost,114,target,0.6,79432,12089,658721,465647
xgboost,114,target,0.65,59951,7693,678202,470043
xgboost,114,target,0.7,39020,985,699133,476751
xgboost,114,target,0.75,35492,866,702661,476870
xgboost,114,target,0.8,31927,133,706226,477603
xgboost,114,target,0.85,19933,88,718220,477648
xgboost,114,target,0.9,11079,64,727074,477672
xgboost,114,target,0.95,3467,21,734686,477715
xgboost,114,target,0.975,468,14,737685,477722
xgboost,114,target,0.99,0,2,738153,477734
xgboost,114,target,0.995,0,2,738153,477734
xgboost,114,target,0.999,0,0,738153,477736
hgb,114,source_heldout,0.05,97201,1193,170,2810
hgb,114,source_heldout,0.1,96787,925,584,3078
hgb,114,source_heldout,0.15,95745,542,1626,3461
hgb,114,source_heldout,0.2,95561,484,1810,3519
hgb,114,source_heldout,0.25,95488,365,1883,3638
hgb,114,source_heldout,0.3,95422,355,1949,3648
hgb,114,source_heldout,0.35,95017,311,2354,3692
hgb,114,source_heldout,0.4,94911,299,2460,3704
hgb,114,source_heldout,0.45,94505,273,2866,3730
hgb,114,source_heldout,0.5,93027,195,4344,3808
hgb,114,source_heldout,0.55,91065,91,6306,3912
hgb,114,source_heldout,0.6,90970,79,6401,3924
hgb,114,source_heldout,0.65,90859,69,6512,3934
hgb,114,source_heldout,0.7,90726,61,6645,3942
hgb,114,source_heldout,0.75,90616,59,6755,3944
hgb,114,source_heldout,0.8,89892,41,7479,3962
hgb,114,source_heldout,0.85,89163,17,8208,3986
hgb,114,source_heldout,0.9,88731,11,8640,3992
hgb,114,source_heldout,0.95,84024,2,13347,4001
hgb,114,source_heldout,0.975,82756,1,14615,4002
hgb,114,source_heldout,0.99,81850,1,15521,4002
hgb,114,source_heldout,0.995,81347,1,16024,4002
hgb,114,source_heldout,0.999,67206,1,30165,4002
hgb,114,target,0.05,657666,456960,80487,20776
hgb,114,target,0.1,654306,425600,83847,52136
hgb,114,target,0.15,160354,133619,577799,344117
hgb,114,target,0.2,158735,131483,579418,346253
hgb,114,target,0.25,157705,130970,580448,346766
hgb,114,target,0.3,134612,130184,603541,347552
hgb,114,target,0.35,132110,127723,606043,350013
hgb,114,target,0.4,129362,124458,608791,353278
hgb,114,target,0.45,124182,123226,613971,354510
hgb,114,target,0.5,119094,123039,619059,354697
hgb,114,target,0.55,118838,122753,619315,354983
hgb,114,target,0.6,82567,121938,655586,355798
hgb,114,target,0.65,82271,121179,655882,356557
hgb,114,target,0.7,76022,120726,662131,357010
hgb,114,target,0.75,70557,116338,667596,361398
hgb,114,target,0.8,70041,8202,668112,469534
hgb,114,target,0.85,48231,6927,689922,470809
hgb,114,target,0.9,44246,6813,693907,470923
hgb,114,target,0.95,11407,45,726746,477691
hgb,114,target,0.975,6898,22,731255,477714
hgb,114,target,0.99,3822,8,734331,477728
hgb,114,target,0.995,29,6,738124,477730
hgb,114,target,0.999,5,2,738148,477734
mlp,114,source_heldout,0.05,97110,1240,261,2763
mlp,114,source_heldout,0.1,96540,960,831,3043
mlp,114,source_heldout,0.15,95208,422,2163,3581
mlp,114,source_heldout,0.2,95133,402,2238,3601
mlp,114,source_heldout,0.25,95042,378,2329,3625
mlp,114,source_heldout,0.3,94989,371,2382,3632
mlp,114,source_heldout,0.35,94764,354,2607,3649
mlp,114,source_heldout,0.4,94645,335,2726,3668
mlp,114,source_heldout,0.45,93952,263,3419,3740
mlp,114,source_heldout,0.5,93347,231,4024,3772
mlp,114,source_heldout,0.55,91400,135,5971,3868
mlp,114,source_heldout,0.6,90028,87,7343,3916
mlp,114,source_heldout,0.65,89200,59,8171,3944
mlp,114,source_heldout,0.7,88997,48,8374,3955
mlp,114,source_heldout,0.75,88854,47,8517,3956
mlp,114,source_heldout,0.8,88676,37,8695,3966
mlp,114,source_heldout,0.85,88348,33,9023,3970
mlp,114,source_heldout,0.9,86536,11,10835,3992
mlp,114,source_heldout,0.95,85730,8,11641,3995
mlp,114,source_heldout,0.975,79537,2,17834,4001
mlp,114,source_heldout,0.99,76229,1,21142,4002
mlp,114,source_heldout,0.995,72199,0,25172,4003
mlp,114,source_heldout,0.999,39309,0,58062,4003
mlp,114,target,0.05,691706,468710,46447,9026
mlp,114,target,0.1,654149,448646,84004,29090
mlp,114,target,0.15,606751,413536,131402,64200
mlp,114,target,0.2,604015,410851,134138,66885
mlp,114,target,0.25,107208,124060,630945,353676
mlp,114,target,0.3,104834,11271,633319,466465
mlp,114,target,0.35,99952,10289,638201,467447
mlp,114,target,0.4,98407,9937,639746,467799
mlp,114,target,0.45,96140,9781,642013,467955
mlp,114,target,0.5,95197,9235,642956,468501
mlp,114,target,0.55,90748,9145,647405,468591
mlp,114,target,0.6,88087,8714,650066,469022
mlp,114,target,0.65,87426,5919,650727,471817
mlp,114,target,0.7,86024,1763,652129,475973
mlp,114,target,0.75,84390,1693,653763,476043
mlp,114,target,0.8,73525,1637,664628,476099
mlp,114,target,0.85,15943,938,722210,476798
mlp,114,target,0.9,13485,236,724668,477500
mlp,114,target,0.95,12526,130,725627,477606
mlp,114,target,0.975,5981,18,732172,477718
mlp,114,target,0.99,3425,0,734728,477736
mlp,114,target,0.995,3359,0,734794,477736
mlp,114,target,0.999,3,0,738150,477736
majority,115,source_heldout,0.05,98119,3945,0,0
majority,115,source_heldout,0.1,98119,3945,0,0
majority,115,source_heldout,0.15,98119,3945,0,0
majority,115,source_heldout,0.2,98119,3945,0,0
majority,115,source_heldout,0.25,98119,3945,0,0
majority,115,source_heldout,0.3,98119,3945,0,0
majority,115,source_heldout,0.35,98119,3945,0,0
majority,115,source_heldout,0.4,98119,3945,0,0
majority,115,source_heldout,0.45,98119,3945,0,0
majority,115,source_heldout,0.5,98119,3945,0,0
majority,115,source_heldout,0.55,98119,3945,0,0
majority,115,source_heldout,0.6,98119,3945,0,0
majority,115,source_heldout,0.65,98119,3945,0,0
majority,115,source_heldout,0.7,98119,3945,0,0
majority,115,source_heldout,0.75,98119,3945,0,0
majority,115,source_heldout,0.8,98119,3945,0,0
majority,115,source_heldout,0.85,98119,3945,0,0
majority,115,source_heldout,0.9,98119,3945,0,0
majority,115,source_heldout,0.95,98119,3945,0,0
majority,115,source_heldout,0.975,98119,3945,0,0
majority,115,source_heldout,0.99,98119,3945,0,0
majority,115,source_heldout,0.995,98119,3945,0,0
majority,115,source_heldout,0.999,98119,3945,0,0
majority,115,target,0.05,738153,477736,0,0
majority,115,target,0.1,738153,477736,0,0
majority,115,target,0.15,738153,477736,0,0
majority,115,target,0.2,738153,477736,0,0
majority,115,target,0.25,738153,477736,0,0
majority,115,target,0.3,738153,477736,0,0
majority,115,target,0.35,738153,477736,0,0
majority,115,target,0.4,738153,477736,0,0
majority,115,target,0.45,738153,477736,0,0
majority,115,target,0.5,738153,477736,0,0
majority,115,target,0.55,738153,477736,0,0
majority,115,target,0.6,738153,477736,0,0
majority,115,target,0.65,738153,477736,0,0
majority,115,target,0.7,738153,477736,0,0
majority,115,target,0.75,738153,477736,0,0
majority,115,target,0.8,738153,477736,0,0
majority,115,target,0.85,738153,477736,0,0
majority,115,target,0.9,738153,477736,0,0
majority,115,target,0.95,738153,477736,0,0
majority,115,target,0.975,738153,477736,0,0
majority,115,target,0.99,738153,477736,0,0
majority,115,target,0.995,738153,477736,0,0
majority,115,target,0.999,738153,477736,0,0
stratified,115,source_heldout,0.05,92097,3695,6022,250
stratified,115,source_heldout,0.1,92097,3695,6022,250
stratified,115,source_heldout,0.15,92097,3695,6022,250
stratified,115,source_heldout,0.2,92097,3695,6022,250
stratified,115,source_heldout,0.25,92097,3695,6022,250
stratified,115,source_heldout,0.3,92097,3695,6022,250
stratified,115,source_heldout,0.35,92097,3695,6022,250
stratified,115,source_heldout,0.4,92097,3695,6022,250
stratified,115,source_heldout,0.45,92097,3695,6022,250
stratified,115,source_heldout,0.5,92097,3695,6022,250
stratified,115,source_heldout,0.55,92097,3695,6022,250
stratified,115,source_heldout,0.6,92097,3695,6022,250
stratified,115,source_heldout,0.65,92097,3695,6022,250
stratified,115,source_heldout,0.7,92097,3695,6022,250
stratified,115,source_heldout,0.75,92097,3695,6022,250
stratified,115,source_heldout,0.8,92097,3695,6022,250
stratified,115,source_heldout,0.85,92097,3695,6022,250
stratified,115,source_heldout,0.9,92097,3695,6022,250
stratified,115,source_heldout,0.95,92097,3695,6022,250
stratified,115,source_heldout,0.975,92097,3695,6022,250
stratified,115,source_heldout,0.99,92097,3695,6022,250
stratified,115,source_heldout,0.995,92097,3695,6022,250
stratified,115,source_heldout,0.999,92097,3695,6022,250
stratified,115,target,0.05,693010,448448,45143,29288
stratified,115,target,0.1,693010,448448,45143,29288
stratified,115,target,0.15,693010,448448,45143,29288
stratified,115,target,0.2,693010,448448,45143,29288
stratified,115,target,0.25,693010,448448,45143,29288
stratified,115,target,0.3,693010,448448,45143,29288
stratified,115,target,0.35,693010,448448,45143,29288
stratified,115,target,0.4,693010,448448,45143,29288
stratified,115,target,0.45,693010,448448,45143,29288
stratified,115,target,0.5,693010,448448,45143,29288
stratified,115,target,0.55,693010,448448,45143,29288
stratified,115,target,0.6,693010,448448,45143,29288
stratified,115,target,0.65,693010,448448,45143,29288
stratified,115,target,0.7,693010,448448,45143,29288
stratified,115,target,0.75,693010,448448,45143,29288
stratified,115,target,0.8,693010,448448,45143,29288
stratified,115,target,0.85,693010,448448,45143,29288
stratified,115,target,0.9,693010,448448,45143,29288
stratified,115,target,0.95,693010,448448,45143,29288
stratified,115,target,0.975,693010,448448,45143,29288
stratified,115,target,0.99,693010,448448,45143,29288
stratified,115,target,0.995,693010,448448,45143,29288
stratified,115,target,0.999,693010,448448,45143,29288
logreg,115,source_heldout,0.05,97876,1841,243,2104
logreg,115,source_heldout,0.1,97235,1680,884,2265
logreg,115,source_heldout,0.15,97201,1585,918,2360
logreg,115,source_heldout,0.2,97139,1449,980,2496
logreg,115,source_heldout,0.25,94267,1333,3852,2612
logreg,115,source_heldout,0.3,93381,951,4738,2994
logreg,115,source_heldout,0.35,92317,873,5802,3072
logreg,115,source_heldout,0.4,91912,821,6207,3124
logreg,115,source_heldout,0.45,91708,795,6411,3150
logreg,115,source_heldout,0.5,91468,778,6651,3167
logreg,115,source_heldout,0.55,91280,765,6839,3180
logreg,115,source_heldout,0.6,91090,752,7029,3193
logreg,115,source_heldout,0.65,72480,739,25639,3206
logreg,115,source_heldout,0.7,69775,543,28344,3402
logreg,115,source_heldout,0.75,69459,498,28660,3447
logreg,115,source_heldout,0.8,68236,311,29883,3634
logreg,115,source_heldout,0.85,35453,25,62666,3920
logreg,115,source_heldout,0.9,2727,25,95392,3920
logreg,115,source_heldout,0.95,2717,25,95402,3920
logreg,115,source_heldout,0.975,0,0,98119,3945
logreg,115,source_heldout,0.99,0,0,98119,3945
logreg,115,source_heldout,0.995,0,0,98119,3945
logreg,115,source_heldout,0.999,0,0,98119,3945
logreg,115,target,0.05,681876,449081,56277,28655
logreg,115,target,0.1,666462,437006,71691,40730
logreg,115,target,0.15,664878,412368,73275,65368
logreg,115,target,0.2,657600,410968,80553,66768
logreg,115,target,0.25,654286,410300,83867,67436
logreg,115,target,0.3,653040,409276,85113,68460
logreg,115,target,0.35,650932,408754,87221,68982
logreg,115,target,0.4,648446,408265,89707,69471
logreg,115,target,0.45,647137,407732,91016,70004
logreg,115,target,0.5,645125,407110,93028,70626
logreg,115,target,0.55,644611,406983,93542,70753
logreg,115,target,0.6,628625,406478,109528,71258
logreg,115,target,0.65,616488,406066,121665,71670
logreg,115,target,0.7,606936,290909,131217,186827
logreg,115,target,0.75,580061,289400,158092,188336
logreg,115,target,0.8,58272,7057,679881,470679
logreg,115,target,0.85,58272,7051,679881,470685
logreg,115,target,0.9,58272,7021,679881,470715
logreg,115,target,0.95,1469,13,736684,477723
logreg,115,target,0.975,0,0,738153,477736
logreg,115,target,0.99,0,0,738153,477736
logreg,115,target,0.995,0,0,738153,477736
logreg,115,target,0.999,0,0,738153,477736
tree,115,source_heldout,0.05,97859,1004,260,2941
tree,115,source_heldout,0.1,97441,713,678,3232
tree,115,source_heldout,0.15,96476,383,1643,3562
tree,115,source_heldout,0.2,96254,312,1865,3633
tree,115,source_heldout,0.25,96129,298,1990,3647
tree,115,source_heldout,0.3,95975,287,2144,3658
tree,115,source_heldout,0.35,95860,277,2259,3668
tree,115,source_heldout,0.4,95103,236,3016,3709
tree,115,source_heldout,0.45,95062,235,3057,3710
tree,115,source_heldout,0.5,92646,142,5473,3803
tree,115,source_heldout,0.55,92064,106,6055,3839
tree,115,source_heldout,0.6,91847,99,6272,3846
tree,115,source_heldout,0.65,91847,99,6272,3846
tree,115,source_heldout,0.7,91807,98,6312,3847
tree,115,source_heldout,0.75,91789,98,6330,3847
tree,115,source_heldout,0.8,91789,98,6330,3847
tree,115,source_heldout,0.85,91115,71,7004,3874
tree,115,source_heldout,0.9,90499,65,7620,3880
tree,115,source_heldout,0.95,87488,60,10631,3885
tree,115,source_heldout,0.975,86905,60,11214,3885
tree,115,source_heldout,0.99,86905,60,11214,3885
tree,115,source_heldout,0.995,84112,56,14007,3889
tree,115,source_heldout,0.999,84112,56,14007,3889
tree,115,target,0.05,693694,459373,44459,18363
tree,115,target,0.1,678252,456300,59901,21436
tree,115,target,0.15,177051,42263,561102,435473
tree,115,target,0.2,69124,40699,669029,437037
tree,115,target,0.25,69124,40699,669029,437037
tree,115,target,0.3,69085,38348,669068,439388
tree,115,target,0.35,69085,38348,669068,439388
tree,115,target,0.4,66459,38128,671694,439608
tree,115,target,0.45,66459,38128,671694,439608
tree,115,target,0.5,66459,38128,671694,439608
tree,115,target,0.55,66459,31286,671694,446450
tree,115,target,0.6,66459,31284,671694,446452
tree,115,target,0.65,66459,31226,671694,446510
tree,115,target,0.7,29595,24200,708558,453536
tree,115,target,0.75,29595,24200,708558,453536
tree,115,target,0.8,29595,24200,708558,453536
tree,115,target,0.85,29595,24197,708558,453539
tree,115,target,0.9,29175,22365,708978,455371
tree,115,target,0.95,29175,22365,708978,455371
tree,115,target,0.975,29175,22365,708978,455371
tree,115,target,0.99,29175,22365,708978,455371
tree,115,target,0.995,22999,22249,715154,455487
tree,115,target,0.999,22999,22249,715154,455487
rf,115,source_heldout,0.05,98086,1366,33,2579
rf,115,source_heldout,0.1,97906,1171,213,2774
rf,115,source_heldout,0.15,96926,744,1193,3201
rf,115,source_heldout,0.2,96853,590,1266,3355
rf,115,source_heldout,0.25,96821,511,1298,3434
rf,115,source_heldout,0.3,96581,451,1538,3494
rf,115,source_heldout,0.35,96230,382,1889,3563
rf,115,source_heldout,0.4,95671,312,2448,3633
rf,115,source_heldout,0.45,95573,281,2546,3664
rf,115,source_heldout,0.5,93037,172,5082,3773
rf,115,source_heldout,0.55,92513,120,5606,3825
rf,115,source_heldout,0.6,92468,104,5651,3841
rf,115,source_heldout,0.65,92243,88,5876,3857
rf,115,source_heldout,0.7,92168,79,5951,3866
rf,115,source_heldout,0.75,92044,64,6075,3881
rf,115,source_heldout,0.8,91976,60,6143,3885
rf,115,source_heldout,0.85,91038,25,7081,3920
rf,115,source_heldout,0.9,90913,22,7206,3923
rf,115,source_heldout,0.95,87628,12,10491,3933
rf,115,source_heldout,0.975,86704,10,11415,3935
rf,115,source_heldout,0.99,83334,6,14785,3939
rf,115,source_heldout,0.995,80606,6,17513,3939
rf,115,source_heldout,0.999,70888,4,27231,3941
rf,115,target,0.05,727996,475985,10157,1751
rf,115,target,0.1,667921,475158,70232,2578
rf,115,target,0.15,661635,474196,76518,3540
rf,115,target,0.2,186523,166879,551630,310857
rf,115,target,0.25,185566,159204,552587,318532
rf,115,target,0.3,184810,151942,553343,325794
rf,115,target,0.35,181966,147052,556187,330684
rf,115,target,0.4,181650,139019,556503,338717
rf,115,target,0.45,160689,136511,577464,341225
rf,115,target,0.5,159209,135000,578944,342736
rf,115,target,0.55,157890,132008,580263,345728
rf,115,target,0.6,155012,125061,583141,352675
rf,115,target,0.65,151642,124387,586511,353349
rf,115,target,0.7,140306,124023,597847,353713
rf,115,target,0.75,133258,16051,604895,461685
rf,115,target,0.8,129192,13027,608961,464709
rf,115,target,0.85,120984,12902,617169,464834
rf,115,target,0.9,93255,5934,644898,471802
rf,115,target,0.95,12598,85,725555,477651
rf,115,target,0.975,1596,9,736557,477727
rf,115,target,0.99,1503,0,736650,477736
rf,115,target,0.995,1187,0,736966,477736
rf,115,target,0.999,1128,0,737025,477736
xgboost,115,source_heldout,0.05,97953,1100,166,2845
xgboost,115,source_heldout,0.1,97547,844,572,3101
xgboost,115,source_heldout,0.15,96525,367,1594,3578
xgboost,115,source_heldout,0.2,96439,335,1680,3610
xgboost,115,source_heldout,0.25,96215,293,1904,3652
xgboost,115,source_heldout,0.3,96092,283,2027,3662
xgboost,115,source_heldout,0.35,95724,254,2395,3691
xgboost,115,source_heldout,0.4,95153,219,2966,3726
xgboost,115,source_heldout,0.45,95023,207,3096,3738
xgboost,115,source_heldout,0.5,92581,109,5538,3836
xgboost,115,source_heldout,0.55,91950,67,6169,3878
xgboost,115,source_heldout,0.6,91869,65,6250,3880
xgboost,115,source_heldout,0.65,91695,58,6424,3887
xgboost,115,source_heldout,0.7,91554,55,6565,3890
xgboost,115,source_heldout,0.75,91413,50,6706,3895
xgboost,115,source_heldout,0.8,91302,48,6817,3897
xgboost,115,source_heldout,0.85,90462,17,7657,3928
xgboost,115,source_heldout,0.9,89906,11,8213,3934
xgboost,115,source_heldout,0.95,86088,0,12031,3945
xgboost,115,source_heldout,0.975,83633,0,14486,3945
xgboost,115,source_heldout,0.99,82364,0,15755,3945
xgboost,115,source_heldout,0.995,81420,0,16699,3945
xgboost,115,source_heldout,0.999,66833,0,31286,3945
xgboost,115,target,0.05,693122,450070,45031,27666
xgboost,115,target,0.1,653813,424070,84340,53666
xgboost,115,target,0.15,177917,135909,560236,341827
xgboost,115,target,0.2,176615,131666,561538,346070
xgboost,115,target,0.25,171622,126755,566531,350981
xgboost,115,target,0.3,170110,125415,568043,352321
xgboost,115,target,0.35,169213,17005,568940,460731
xgboost,115,target,0.4,168490,16350,569663,461386
xgboost,115,target,0.45,168226,15507,569927,462229
xgboost,115,target,0.5,144389,14309,593764,463427
xgboost,115,target,0.55,143958,9803,594195,467933
xgboost,115,target,0.6,101436,8814,636717,468922
xgboost,115,target,0.65,82325,8110,655828,469626
xgboost,115,target,0.7,78966,7840,659187,469896
xgboost,115,target,0.75,51208,7656,686945,470080
xgboost,115,target,0.8,25177,810,712976,476926
xgboost,115,target,0.85,23100,772,715053,476964
xgboost,115,target,0.9,15905,761,722248,476975
xgboost,115,target,0.95,1940,49,736213,477687
xgboost,115,target,0.975,2,2,738151,477734
xgboost,115,target,0.99,0,0,738153,477736
xgboost,115,target,0.995,0,0,738153,477736
xgboost,115,target,0.999,0,0,738153,477736
hgb,115,source_heldout,0.05,97953,1123,166,2822
hgb,115,source_heldout,0.1,97621,863,498,3082
hgb,115,source_heldout,0.15,96560,469,1559,3476
hgb,115,source_heldout,0.2,96378,335,1741,3610
hgb,115,source_heldout,0.25,96244,315,1875,3630
hgb,115,source_heldout,0.3,95958,288,2161,3657
hgb,115,source_heldout,0.35,95742,259,2377,3686
hgb,115,source_heldout,0.4,95131,228,2988,3717
hgb,115,source_heldout,0.45,94937,212,3182,3733
hgb,115,source_heldout,0.5,91967,81,6152,3864
hgb,115,source_heldout,0.55,91891,76,6228,3869
hgb,115,source_heldout,0.6,91802,71,6317,3874
hgb,115,source_heldout,0.65,91591,63,6528,3882
hgb,115,source_heldout,0.7,91434,58,6685,3887
hgb,115,source_heldout,0.75,91349,57,6770,3888
hgb,115,source_heldout,0.8,91163,31,6956,3914
hgb,115,source_heldout,0.85,90191,21,7928,3924
hgb,115,source_heldout,0.9,89853,16,8266,3929
hgb,115,source_heldout,0.95,86369,7,11750,3938
hgb,115,source_heldout,0.975,84988,5,13131,3940
hgb,115,source_heldout,0.99,84252,0,13867,3945
hgb,115,source_heldout,0.995,83019,0,15100,3945
hgb,115,source_heldout,0.999,69512,0,28607,3945
hgb,115,target,0.05,694082,443349,44071,34387
hgb,115,target,0.1,689234,413627,48919,64109
hgb,115,target,0.15,211568,127170,526585,350566
hgb,115,target,0.2,208344,17656,529809,460080
hgb,115,target,0.25,205946,14440,532207,463296
hgb,115,target,0.3,204111,13974,534042,463762
hgb,115,target,0.35,199733,13787,538420,463949
hgb,115,target,0.4,162605,13402,575548,464334
hgb,115,target,0.45,122031,6587,616122,471149
hgb,115,target,0.5,117785,6451,620368,471285
hgb,115,target,0.55,114958,6387,623195,471349
hgb,115,target,0.6,114826,6171,623327,471565
hgb,115,target,0.65,95803,1719,642350,476017
hgb,115,target,0.7,94864,1652,643289,476084
hgb,115,target,0.75,94751,1591,643402,476145
hgb,115,target,0.8,67692,1508,670461,476228
hgb,115,target,0.85,31628,782,706525,476954
hgb,115,target,0.9,27487,741,710666,476995
hgb,115,target,0.95,18534,19,719619,477717
hgb,115,target,0.975,11525,13,726628,477723
hgb,115,target,0.99,109,6,738044,477730
hgb,115,target,0.995,1,0,738152,477736
hgb,115,target,0.999,0,0,738153,477736
mlp,115,source_heldout,0.05,97863,1244,256,2701
mlp,115,source_heldout,0.1,97232,824,887,3121
mlp,115,source_heldout,0.15,96823,684,1296,3261
mlp,115,source_heldout,0.2,95916,368,2203,3577
mlp,115,source_heldout,0.25,95826,344,2293,3601
mlp,115,source_heldout,0.3,95781,321,2338,3624
mlp,115,source_heldout,0.35,92543,148,5576,3797
mlp,115,source_heldout,0.4,92270,134,5849,3811
mlp,115,source_heldout,0.45,91985,124,6134,3821
mlp,115,source_heldout,0.5,91602,100,6517,3845
mlp,115,source_heldout,0.55,91401,92,6718,3853
mlp,115,source_heldout,0.6,91166,83,6953,3862
mlp,115,source_heldout,0.65,90772,77,7347,3868
mlp,115,source_heldout,0.7,89964,64,8155,3881
mlp,115,source_heldout,0.75,89615,49,8504,3896
mlp,115,source_heldout,0.8,89478,23,8641,3922
mlp,115,source_heldout,0.85,88967,19,9152,3926
mlp,115,source_heldout,0.9,87940,16,10179,3929
mlp,115,source_heldout,0.95,86894,10,11225,3935
mlp,115,source_heldout,0.975,86070,9,12049,3936
mlp,115,source_heldout,0.99,76861,1,21258,3944
mlp,115,source_heldout,0.995,72331,0,25788,3945
mlp,115,source_heldout,0.999,43568,0,54551,3945
mlp,115,target,0.05,652949,452583,85204,25153
mlp,115,target,0.1,639633,449143,98520,28593
mlp,115,target,0.15,638218,424372,99935,53364
mlp,115,target,0.2,141596,137709,596557,340027
mlp,115,target,0.25,121299,131955,616854,345781
mlp,115,target,0.3,115363,130320,622790,347416
mlp,115,target,0.35,110220,21981,627933,455755
mlp,115,target,0.4,110028,21848,628125,455888
mlp,115,target,0.45,81600,10578,656553,467158
mlp,115,target,0.5,79385,9458,658768,468278
mlp,115,target,0.55,79232,9125,658921,468611
mlp,115,target,0.6,19962,8074,718191,469662
mlp,115,target,0.65,19873,7938,718280,469798
mlp,115,target,0.7,19711,7841,718442,469895
mlp,115,target,0.75,19542,5088,718611,472648
mlp,115,target,0.8,18027,992,720126,476744
mlp,115,target,0.85,17447,947,720706,476789
mlp,115,target,0.9,9212,883,728941,476853
mlp,115,target,0.95,6172,92,731981,477644
mlp,115,target,0.975,5504,16,732649,477720
mlp,115,target,0.99,19,1,738134,477735
mlp,115,target,0.995,7,0,738146,477736
mlp,115,target,0.999,0,0,738153,477736
majority,116,source_heldout,0.05,88743,23,0,0
majority,116,source_heldout,0.1,88743,23,0,0
majority,116,source_heldout,0.15,88743,23,0,0
majority,116,source_heldout,0.2,88743,23,0,0
majority,116,source_heldout,0.25,88743,23,0,0
majority,116,source_heldout,0.3,88743,23,0,0
majority,116,source_heldout,0.35,88743,23,0,0
majority,116,source_heldout,0.4,88743,23,0,0
majority,116,source_heldout,0.45,88743,23,0,0
majority,116,source_heldout,0.5,88743,23,0,0
majority,116,source_heldout,0.55,88743,23,0,0
majority,116,source_heldout,0.6,88743,23,0,0
majority,116,source_heldout,0.65,88743,23,0,0
majority,116,source_heldout,0.7,88743,23,0,0
majority,116,source_heldout,0.75,88743,23,0,0
majority,116,source_heldout,0.8,88743,23,0,0
majority,116,source_heldout,0.85,88743,23,0,0
majority,116,source_heldout,0.9,88743,23,0,0
majority,116,source_heldout,0.95,88743,23,0,0
majority,116,source_heldout,0.975,88743,23,0,0
majority,116,source_heldout,0.99,88743,23,0,0
majority,116,source_heldout,0.995,88743,23,0,0
majority,116,source_heldout,0.999,88743,23,0,0
majority,116,target,0.05,738153,477736,0,0
majority,116,target,0.1,738153,477736,0,0
majority,116,target,0.15,738153,477736,0,0
majority,116,target,0.2,738153,477736,0,0
majority,116,target,0.25,738153,477736,0,0
majority,116,target,0.3,738153,477736,0,0
majority,116,target,0.35,738153,477736,0,0
majority,116,target,0.4,738153,477736,0,0
majority,116,target,0.45,738153,477736,0,0
majority,116,target,0.5,738153,477736,0,0
majority,116,target,0.55,738153,477736,0,0
majority,116,target,0.6,738153,477736,0,0
majority,116,target,0.65,738153,477736,0,0
majority,116,target,0.7,738153,477736,0,0
majority,116,target,0.75,738153,477736,0,0
majority,116,target,0.8,738153,477736,0,0
majority,116,target,0.85,738153,477736,0,0
majority,116,target,0.9,738153,477736,0,0
majority,116,target,0.95,738153,477736,0,0
majority,116,target,0.975,738153,477736,0,0
majority,116,target,0.99,738153,477736,0,0
majority,116,target,0.995,738153,477736,0,0
majority,116,target,0.999,738153,477736,0,0
stratified,116,source_heldout,0.05,81949,21,6794,2
stratified,116,source_heldout,0.1,81949,21,6794,2
stratified,116,source_heldout,0.15,81949,21,6794,2
stratified,116,source_heldout,0.2,81949,21,6794,2
stratified,116,source_heldout,0.25,81949,21,6794,2
stratified,116,source_heldout,0.3,81949,21,6794,2
stratified,116,source_heldout,0.35,81949,21,6794,2
stratified,116,source_heldout,0.4,81949,21,6794,2
stratified,116,source_heldout,0.45,81949,21,6794,2
stratified,116,source_heldout,0.5,81949,21,6794,2
stratified,116,source_heldout,0.55,81949,21,6794,2
stratified,116,source_heldout,0.6,81949,21,6794,2
stratified,116,source_heldout,0.65,81949,21,6794,2
stratified,116,source_heldout,0.7,81949,21,6794,2
stratified,116,source_heldout,0.75,81949,21,6794,2
stratified,116,source_heldout,0.8,81949,21,6794,2
stratified,116,source_heldout,0.85,81949,21,6794,2
stratified,116,source_heldout,0.9,81949,21,6794,2
stratified,116,source_heldout,0.95,81949,21,6794,2
stratified,116,source_heldout,0.975,81949,21,6794,2
stratified,116,source_heldout,0.99,81949,21,6794,2
stratified,116,source_heldout,0.995,81949,21,6794,2
stratified,116,source_heldout,0.999,81949,21,6794,2
stratified,116,target,0.05,681905,441336,56248,36400
stratified,116,target,0.1,681905,441336,56248,36400
stratified,116,target,0.15,681905,441336,56248,36400
stratified,116,target,0.2,681905,441336,56248,36400
stratified,116,target,0.25,681905,441336,56248,36400
stratified,116,target,0.3,681905,441336,56248,36400
stratified,116,target,0.35,681905,441336,56248,36400
stratified,116,target,0.4,681905,441336,56248,36400
stratified,116,target,0.45,681905,441336,56248,36400
stratified,116,target,0.5,681905,441336,56248,36400
stratified,116,target,0.55,681905,441336,56248,36400
stratified,116,target,0.6,681905,441336,56248,36400
stratified,116,target,0.65,681905,441336,56248,36400
stratified,116,target,0.7,681905,441336,56248,36400
stratified,116,target,0.75,681905,441336,56248,36400
stratified,116,target,0.8,681905,441336,56248,36400
stratified,116,target,0.85,681905,441336,56248,36400
stratified,116,target,0.9,681905,441336,56248,36400
stratified,116,target,0.95,681905,441336,56248,36400
stratified,116,target,0.975,681905,441336,56248,36400
stratified,116,target,0.99,681905,441336,56248,36400
stratified,116,target,0.995,681905,441336,56248,36400
stratified,116,target,0.999,681905,441336,56248,36400
logreg,116,source_heldout,0.05,88735,23,8,0
logreg,116,source_heldout,0.1,88731,22,12,1
logreg,116,source_heldout,0.15,88728,20,15,3
logreg,116,source_heldout,0.2,88728,20,15,3
logreg,116,source_heldout,0.25,88719,20,24,3
logreg,116,source_heldout,0.3,85895,17,2848,6
logreg,116,source_heldout,0.35,84997,16,3746,7
logreg,116,source_heldout,0.4,84906,16,3837,7
logreg,116,source_heldout,0.45,84839,16,3904,7
logreg,116,source_heldout,0.5,84650,13,4093,10
logreg,116,source_heldout,0.55,84503,13,4240,10
logreg,116,source_heldout,0.6,84253,13,4490,10
logreg,116,source_heldout,0.65,65728,13,23015,10
logreg,116,source_heldout,0.7,64067,12,24676,11
logreg,116,source_heldout,0.75,63200,9,25543,14
logreg,116,source_heldout,0.8,61774,9,26969,14
logreg,116,source_heldout,0.85,14055,9,74688,14
logreg,116,source_heldout,0.9,200,0,88543,23
logreg,116,source_heldout,0.95,200,0,88543,23
logreg,116,source_heldout,0.975,0,0,88743,23
logreg,116,source_heldout,0.99,0,0,88743,23
logreg,116,source_heldout,0.995,0,0,88743,23
logreg,116,source_heldout,0.999,0,0,88743,23
logreg,116,target,0.05,691371,449797,46782,27939
logreg,116,target,0.1,668163,446816,69990,30920
logreg,116,target,0.15,665942,439342,72211,38394
logreg,116,target,0.2,659432,437911,78721,39825
logreg,116,target,0.25,655591,414294,82562,63442
logreg,116,target,0.3,654406,413467,83747,64269
logreg,116,target,0.35,653645,412935,84508,64801
logreg,116,target,0.4,651960,411937,86193,65799
logreg,116,target,0.45,649277,408162,88876,69574
logreg,116,target,0.5,645940,407759,92213,69977
logreg,116,target,0.55,645125,407530,93028,70206
logreg,116,target,0.6,639231,406748,98922,70988
logreg,116,target,0.65,614971,406607,123182,71129
logreg,116,target,0.7,606534,406084,131619,71652
logreg,116,target,0.75,542274,291730,195879,186006
logreg,116,target,0.8,539441,288788,198712,188948
logreg,116,target,0.85,58272,7253,679881,470483
logreg,116,target,0.9,58272,7119,679881,470617
logreg,116,target,0.95,58272,6980,679881,470756
logreg,116,target,0.975,0,0,738153,477736
logreg,116,target,0.99,0,0,738153,477736
logreg,116,target,0.995,0,0,738153,477736
logreg,116,target,0.999,0,0,738153,477736
tree,116,source_heldout,0.05,88727,22,16,1
tree,116,source_heldout,0.1,88703,21,40,2
tree,116,source_heldout,0.15,88604,5,139,18
tree,116,source_heldout,0.2,88578,1,165,22
tree,116,source_heldout,0.25,88577,1,166,22
tree,116,source_heldout,0.3,88524,0,219,23
tree,116,source_heldout,0.35,88523,0,220,23
tree,116,source_heldout,0.4,88523,0,220,23
tree,116,source_heldout,0.45,88523,0,220,23
tree,116,source_heldout,0.5,88495,0,248,23
tree,116,source_heldout,0.55,88481,0,262,23
tree,116,source_heldout,0.6,88472,0,271,23
tree,116,source_heldout,0.65,88365,0,378,23
tree,116,source_heldout,0.7,88365,0,378,23
tree,116,source_heldout,0.75,88362,0,381,23
tree,116,source_heldout,0.8,87750,0,993,23
tree,116,source_heldout,0.85,87750,0,993,23
tree,116,source_heldout,0.9,87549,0,1194,23
tree,116,source_heldout,0.95,85962,0,2781,23
tree,116,source_heldout,0.975,85962,0,2781,23
tree,116,source_heldout,0.99,84859,0,3884,23
tree,116,source_heldout,0.995,84859,0,3884,23
tree,116,source_heldout,0.999,84859,0,3884,23
tree,116,target,0.05,651822,469232,86331,8504
tree,116,target,0.1,647296,467682,90857,10054
tree,116,target,0.15,619326,441962,118827,35774
tree,116,target,0.2,67484,154563,670669,323173
tree,116,target,0.25,67480,154556,670673,323180
tree,116,target,0.3,67388,154531,670765,323205
tree,116,target,0.35,67388,154504,670765,323232
tree,116,target,0.4,67388,154447,670765,323289
tree,116,target,0.45,67388,154431,670765,323305
tree,116,target,0.5,67061,154419,671092,323317
tree,116,target,0.55,67061,154419,671092,323317
tree,116,target,0.6,67060,154346,671093,323390
tree,116,target,0.65,67051,154205,671102,323531
tree,116,target,0.7,67051,154205,671102,323531
tree,116,target,0.75,67051,154205,671102,323531
tree,116,target,0.8,67045,154102,671108,323634
tree,116,target,0.85,67045,154102,671108,323634
tree,116,target,0.9,66963,154102,671190,323634
tree,116,target,0.95,59826,154101,678327,323635
tree,116,target,0.975,59826,154101,678327,323635
tree,116,target,0.99,59825,154096,678328,323640
tree,116,target,0.995,59825,154096,678328,323640
tree,116,target,0.999,59825,154096,678328,323640
rf,116,source_heldout,0.05,88743,23,0,0
rf,116,source_heldout,0.1,88739,22,4,1
rf,116,source_heldout,0.15,88724,20,19,3
rf,116,source_heldout,0.2,88717,20,26,3
rf,116,source_heldout,0.25,88709,19,34,4
rf,116,source_heldout,0.3,88703,17,40,6
rf,116,source_heldout,0.35,88698,17,45,6
rf,116,source_heldout,0.4,88692,16,51,7
rf,116,source_heldout,0.45,88648,4,95,19
rf,116,source_heldout,0.5,88627,1,116,22
rf,116,source_heldout,0.55,88610,1,133,22
rf,116,source_heldout,0.6,88607,1,136,22
rf,116,source_heldout,0.65,88596,0,147,23
rf,116,source_heldout,0.7,88580,0,163,23
rf,116,source_heldout,0.75,88565,0,178,23
rf,116,source_heldout,0.8,87942,0,801,23
rf,116,source_heldout,0.85,87904,0,839,23
rf,116,source_heldout,0.9,87660,0,1083,23
rf,116,source_heldout,0.95,86817,0,1926,23
rf,116,source_heldout,0.975,83746,0,4997,23
rf,116,source_heldout,0.99,81934,0,6809,23
rf,116,source_heldout,0.995,80967,0,7776,23
rf,116,source_heldout,0.999,66969,0,21774,23
rf,116,target,0.05,702978,475968,35175,1768
rf,116,target,0.1,660219,452142,77934,25594
rf,116,target,0.15,658880,451146,79273,26590
rf,116,target,0.2,185081,168829,553072,308907
rf,116,target,0.25,184780,165527,553373,312209
rf,116,target,0.3,182683,163806,555470,313930
rf,116,target,0.35,182554,154377,555599,323359
rf,116,target,0.4,182465,141591,555688,336145
rf,116,target,0.45,181442,131661,556711,346075
rf,116,target,0.5,180484,128347,557669,349389
rf,116,target,0.55,176916,127408,561237,350328
rf,116,target,0.6,172170,126057,565983,351679
rf,116,target,0.65,133398,124341,604755,353395
rf,116,target,0.7,68026,123156,670127,354580
rf,116,target,0.75,63788,123021,674365,354715
rf,116,target,0.8,62649,122783,675504,354953
rf,116,target,0.85,58452,119972,679701,357764
rf,116,target,0.9,46799,119763,691354,357973
rf,116,target,0.95,1783,751,736370,476985
rf,116,target,0.975,1612,672,736541,477064
rf,116,target,0.99,901,0,737252,477736
rf,116,target,0.995,16,0,738137,477736
rf,116,target,0.999,0,0,738153,477736
xgboost,116,source_heldout,0.05,88731,23,12,0
xgboost,116,source_heldout,0.1,88712,22,31,1
xgboost,116,source_heldout,0.15,88638,6,105,17
xgboost,116,source_heldout,0.2,88628,5,115,18
xgboost,116,source_heldout,0.25,88622,5,121,18
xgboost,116,source_heldout,0.3,88608,5,135,18
xgboost,116,source_heldout,0.35,88600,4,143,19
xgboost,116,source_heldout,0.4,88577,1,166,22
xgboost,116,source_heldout,0.45,88569,0,174,23
xgboost,116,source_heldout,0.5,88555,0,188,23
xgboost,116,source_heldout,0.55,88531,0,212,23
xgboost,116,source_heldout,0.6,88508,0,235,23
xgboost,116,source_heldout,0.65,88490,0,253,23
xgboost,116,source_heldout,0.7,88445,0,298,23
xgboost,116,source_heldout,0.75,88376,0,367,23
xgboost,116,source_heldout,0.8,87723,0,1020,23
xgboost,116,source_heldout,0.85,87623,0,1120,23
xgboost,116,source_heldout,0.9,87113,0,1630,23
xgboost,116,source_heldout,0.95,85679,0,3064,23
xgboost,116,source_heldout,0.975,83187,0,5556,23
xgboost,116,source_heldout,0.99,81857,0,6886,23
xgboost,116,source_heldout,0.995,78937,0,9806,23
xgboost,116,source_heldout,0.999,71474,0,17269,23
xgboost,116,target,0.05,692289,447241,45864,30495
xgboost,116,target,0.1,652327,441633,85826,36103
xgboost,116,target,0.15,649230,412321,88923,65415
xgboost,116,target,0.2,170860,128945,567293,348791
xgboost,116,target,0.25,167503,127843,570650,349893
xgboost,116,target,0.3,166101,126793,572052,350943
xgboost,116,target,0.35,109648,122505,628505,355231
xgboost,116,target,0.4,82113,121724,656040,356012
xgboost,116,target,0.45,77620,121251,660533,356485
xgboost,116,target,0.5,72796,120754,665357,356982
xgboost,116,target,0.55,71101,120318,667052,357418
xgboost,116,target,0.6,69936,120007,668217,357729
xgboost,116,target,0.65,63104,12059,675049,465677
xgboost,116,target,0.7,44881,7619,693272,470117
xgboost,116,target,0.75,24184,903,713969,476833
xgboost,116,target,0.8,23633,822,714520,476914
xgboost,116,target,0.85,11861,795,726292,476941
xgboost,116,target,0.9,4208,716,733945,477020
xgboost,116,target,0.95,1226,19,736927,477717
xgboost,116,target,0.975,0,2,738153,477734
xgboost,116,target,0.99,0,2,738153,477734
xgboost,116,target,0.995,0,0,738153,477736
xgboost,116,target,0.999,0,0,738153,477736
hgb,116,source_heldout,0.05,88727,22,16,1
hgb,116,source_heldout,0.1,88704,21,39,2
hgb,116,source_heldout,0.15,88639,6,104,17
hgb,116,source_heldout,0.2,88622,5,121,18
hgb,116,source_heldout,0.25,88614,5,129,18
hgb,116,source_heldout,0.3,88602,5,141,18
hgb,116,source_heldout,0.35,88593,4,150,19
hgb,116,source_heldout,0.4,88565,1,178,22
hgb,116,source_heldout,0.45,88552,1,191,22
hgb,116,source_heldout,0.5,88542,1,201,22
hgb,116,source_heldout,0.55,88481,0,262,23
hgb,116,source_heldout,0.6,88446,0,297,23
hgb,116,source_heldout,0.65,88398,0,345,23
hgb,116,source_heldout,0.7,88363,0,380,23
hgb,116,source_heldout,0.75,88298,0,445,23
hgb,116,source_heldout,0.8,87630,0,1113,23
hgb,116,source_heldout,0.85,87474,0,1269,23
hgb,116,source_heldout,0.9,87034,0,1709,23
hgb,116,source_heldout,0.95,85527,0,3216,23
hgb,116,source_heldout,0.975,85004,0,3739,23
hgb,116,source_heldout,0.99,83617,0,5126,23
hgb,116,source_heldout,0.995,82035,0,6708,23
hgb,116,source_heldout,0.999,73277,0,15466,23
hgb,116,target,0.05,692894,448159,45259,29577
hgb,116,target,0.1,654961,438757,83192,38979
hgb,116,target,0.15,653012,413587,85141,64149
hgb,116,target,0.2,152241,129867,585912,347869
hgb,116,target,0.25,145414,126403,592739,351333
hgb,116,target,0.3,142811,126027,595342,351709
hgb,116,target,0.35,141144,125486,597009,352250
hgb,116,target,0.4,140206,124692,597947,353044
hgb,116,target,0.45,139144,124620,599009,353116
hgb,116,target,0.5,137108,124123,601045,353613
hgb,116,target,0.55,131512,119845,606641,357891
hgb,116,target,0.6,131102,119681,607051,358055
hgb,116,target,0.65,90526,10347,647627,467389
hgb,116,target,0.7,81679,10082,656474,467654
hgb,116,target,0.75,59777,9658,678376,468078
hgb,116,target,0.8,59530,9261,678623,468475
hgb,116,target,0.85,21071,1945,717082,475791
hgb,116,target,0.9,14911,1484,723242,476252
hgb,116,target,0.95,9930,903,728223,476833
hgb,116,target,0.975,93,500,738060,477236
hgb,116,target,0.99,7,53,738146,477683
hgb,116,target,0.995,0,44,738153,477692
hgb,116,target,0.999,0,0,738153,477736
mlp,116,source_heldout,0.05,88717,23,26,0
mlp,116,source_heldout,0.1,88700,23,43,0
mlp,116,source_heldout,0.15,88654,15,89,8
mlp,116,source_heldout,0.2,88614,12,129,11
mlp,116,source_heldout,0.25,88593,12,150,11
mlp,116,source_heldout,0.3,88569,11,174,12
mlp,116,source_heldout,0.35,88554,10,189,13
mlp,116,source_heldout,0.4,88547,10,196,13
mlp,116,source_heldout,0.45,88537,10,206,13
mlp,116,source_heldout,0.5,88527,10,216,13
mlp,116,source_heldout,0.55,88516,9,227,14
mlp,116,source_heldout,0.6,88484,9,259,14
mlp,116,source_heldout,0.65,88401,9,342,14
mlp,116,source_heldout,0.7,87764,9,979,14
mlp,116,source_heldout,0.75,87666,9,1077,14
mlp,116,source_heldout,0.8,87544,9,1199,14
mlp,116,source_heldout,0.85,86861,9,1882,14
mlp,116,source_heldout,0.9,85372,9,3371,14
mlp,116,source_heldout,0.95,84275,9,4468,14
mlp,116,source_heldout,0.975,82870,9,5873,14
mlp,116,source_heldout,0.99,79072,9,9671,14
mlp,116,source_heldout,0.995,76037,9,12706,14
mlp,116,source_heldout,0.999,45241,9,43502,14
mlp,116,target,0.05,682142,453165,56011,24571
mlp,116,target,0.1,673320,450527,64833,27209
mlp,116,target,0.15,665528,442069,72625,35667
mlp,116,target,0.2,606561,417797,131592,59939
mlp,116,target,0.25,584946,417628,153207,60108
mlp,116,target,0.3,91535,21396,646618,456340
mlp,116,target,0.35,91057,21312,647096,456424
mlp,116,target,0.4,90888,21006,647265,456730
mlp,116,target,0.45,69116,20598,669037,457138
mlp,116,target,0.5,33317,18730,704836,459006
mlp,116,target,0.55,33197,18358,704956,459378
mlp,116,target,0.6,32732,14328,705421,463408
mlp,116,target,0.65,32518,14069,705635,463667
mlp,116,target,0.7,23614,13783,714539,463953
mlp,116,target,0.75,20770,12400,717383,465336
mlp,116,target,0.8,20354,12197,717799,465539
mlp,116,target,0.85,16325,5314,721828,472422
mlp,116,target,0.9,8522,5265,729631,472471
mlp,116,target,0.95,5899,4575,732254,473161
mlp,116,target,0.975,21,4557,738132,473179
mlp,116,target,0.99,11,4546,738142,473190
mlp,116,target,0.995,9,4543,738144,473193
mlp,116,target,0.999,5,4543,738148,473193
majority,117,source_heldout,0.05,98764,4207,0,0
majority,117,source_heldout,0.1,98764,4207,0,0
majority,117,source_heldout,0.15,98764,4207,0,0
majority,117,source_heldout,0.2,98764,4207,0,0
majority,117,source_heldout,0.25,98764,4207,0,0
majority,117,source_heldout,0.3,98764,4207,0,0
majority,117,source_heldout,0.35,98764,4207,0,0
majority,117,source_heldout,0.4,98764,4207,0,0
majority,117,source_heldout,0.45,98764,4207,0,0
majority,117,source_heldout,0.5,98764,4207,0,0
majority,117,source_heldout,0.55,98764,4207,0,0
majority,117,source_heldout,0.6,98764,4207,0,0
majority,117,source_heldout,0.65,98764,4207,0,0
majority,117,source_heldout,0.7,98764,4207,0,0
majority,117,source_heldout,0.75,98764,4207,0,0
majority,117,source_heldout,0.8,98764,4207,0,0
majority,117,source_heldout,0.85,98764,4207,0,0
majority,117,source_heldout,0.9,98764,4207,0,0
majority,117,source_heldout,0.95,98764,4207,0,0
majority,117,source_heldout,0.975,98764,4207,0,0
majority,117,source_heldout,0.99,98764,4207,0,0
majority,117,source_heldout,0.995,98764,4207,0,0
majority,117,source_heldout,0.999,98764,4207,0,0
majority,117,target,0.05,738153,477736,0,0
majority,117,target,0.1,738153,477736,0,0
majority,117,target,0.15,738153,477736,0,0
majority,117,target,0.2,738153,477736,0,0
majority,117,target,0.25,738153,477736,0,0
majority,117,target,0.3,738153,477736,0,0
majority,117,target,0.35,738153,477736,0,0
majority,117,target,0.4,738153,477736,0,0
majority,117,target,0.45,738153,477736,0,0
majority,117,target,0.5,738153,477736,0,0
majority,117,target,0.55,738153,477736,0,0
majority,117,target,0.6,738153,477736,0,0
majority,117,target,0.65,738153,477736,0,0
majority,117,target,0.7,738153,477736,0,0
majority,117,target,0.75,738153,477736,0,0
majority,117,target,0.8,738153,477736,0,0
majority,117,target,0.85,738153,477736,0,0
majority,117,target,0.9,738153,477736,0,0
majority,117,target,0.95,738153,477736,0,0
majority,117,target,0.975,738153,477736,0,0
majority,117,target,0.99,738153,477736,0,0
majority,117,target,0.995,738153,477736,0,0
majority,117,target,0.999,738153,477736,0,0
stratified,117,source_heldout,0.05,92776,3946,5988,261
stratified,117,source_heldout,0.1,92776,3946,5988,261
stratified,117,source_heldout,0.15,92776,3946,5988,261
stratified,117,source_heldout,0.2,92776,3946,5988,261
stratified,117,source_heldout,0.25,92776,3946,5988,261
stratified,117,source_heldout,0.3,92776,3946,5988,261
stratified,117,source_heldout,0.35,92776,3946,5988,261
stratified,117,source_heldout,0.4,92776,3946,5988,261
stratified,117,source_heldout,0.45,92776,3946,5988,261
stratified,117,source_heldout,0.5,92776,3946,5988,261
stratified,117,source_heldout,0.55,92776,3946,5988,261
stratified,117,source_heldout,0.6,92776,3946,5988,261
stratified,117,source_heldout,0.65,92776,3946,5988,261
stratified,117,source_heldout,0.7,92776,3946,5988,261
stratified,117,source_heldout,0.75,92776,3946,5988,261
stratified,117,source_heldout,0.8,92776,3946,5988,261
stratified,117,source_heldout,0.85,92776,3946,5988,261
stratified,117,source_heldout,0.9,92776,3946,5988,261
stratified,117,source_heldout,0.95,92776,3946,5988,261
stratified,117,source_heldout,0.975,92776,3946,5988,261
stratified,117,source_heldout,0.99,92776,3946,5988,261
stratified,117,source_heldout,0.995,92776,3946,5988,261
stratified,117,source_heldout,0.999,92776,3946,5988,261
stratified,117,target,0.05,693486,448729,44667,29007
stratified,117,target,0.1,693486,448729,44667,29007
stratified,117,target,0.15,693486,448729,44667,29007
stratified,117,target,0.2,693486,448729,44667,29007
stratified,117,target,0.25,693486,448729,44667,29007
stratified,117,target,0.3,693486,448729,44667,29007
stratified,117,target,0.35,693486,448729,44667,29007
stratified,117,target,0.4,693486,448729,44667,29007
stratified,117,target,0.45,693486,448729,44667,29007
stratified,117,target,0.5,693486,448729,44667,29007
stratified,117,target,0.55,693486,448729,44667,29007
stratified,117,target,0.6,693486,448729,44667,29007
stratified,117,target,0.65,693486,448729,44667,29007
stratified,117,target,0.7,693486,448729,44667,29007
stratified,117,target,0.75,693486,448729,44667,29007
stratified,117,target,0.8,693486,448729,44667,29007
stratified,117,target,0.85,693486,448729,44667,29007
stratified,117,target,0.9,693486,448729,44667,29007
stratified,117,target,0.95,693486,448729,44667,29007
stratified,117,target,0.975,693486,448729,44667,29007
stratified,117,target,0.99,693486,448729,44667,29007
stratified,117,target,0.995,693486,448729,44667,29007
stratified,117,target,0.999,693486,448729,44667,29007
logreg,117,source_heldout,0.05,98510,2060,254,2147
logreg,117,source_heldout,0.1,97853,1911,911,2296
logreg,117,source_heldout,0.15,97821,1830,943,2377
logreg,117,source_heldout,0.2,97765,1707,999,2500
logreg,117,source_heldout,0.25,97709,1590,1055,2617
logreg,117,source_heldout,0.3,93819,1160,4945,3047
logreg,117,source_heldout,0.35,93750,1079,5014,3128
logreg,117,source_heldout,0.4,92559,1007,6205,3200
logreg,117,source_heldout,0.45,92342,959,6422,3248
logreg,117,source_heldout,0.5,92143,934,6621,3273
logreg,117,source_heldout,0.55,91882,919,6882,3288
logreg,117,source_heldout,0.6,91682,906,7082,3301
logreg,117,source_heldout,0.65,87722,886,11042,3321
logreg,117,source_heldout,0.7,71288,856,27476,3351
logreg,117,source_heldout,0.75,69898,491,28866,3716
logreg,117,source_heldout,0.8,68514,323,30250,3884
logreg,117,source_heldout,0.85,36582,33,62182,4174
logreg,117,source_heldout,0.9,2742,27,96022,4180
logreg,117,source_heldout,0.95,2733,27,96031,4180
logreg,117,source_heldout,0.975,0,0,98764,4207
logreg,117,source_heldout,0.99,0,0,98764,4207
logreg,117,source_heldout,0.995,0,0,98764,4207
logreg,117,source_heldout,0.999,0,0,98764,4207
logreg,117,target,0.05,681354,445136,56799,32600
logreg,117,target,0.1,666434,436776,71719,40960
logreg,117,target,0.15,665190,412474,72963,65262
logreg,117,target,0.2,658296,410971,79857,66765
logreg,117,target,0.25,654905,410225,83248,67511
logreg,117,target,0.3,653811,409190,84342,68546
logreg,117,target,0.35,652485,408797,85668,68939
logreg,117,target,0.4,650090,408339,88063,69397
logreg,117,target,0.45,647916,408140,90237,69596
logreg,117,target,0.5,645344,407586,92809,70150
logreg,117,target,0.55,645029,407038,93124,70698
logreg,117,target,0.6,634437,406496,103716,71240
logreg,117,target,0.65,619447,406157,118706,71579
logreg,117,target,0.7,608323,293948,129830,183788
logreg,117,target,0.75,601844,289468,136309,188268
logreg,117,target,0.8,58304,7068,679849,470668
logreg,117,target,0.85,58272,7052,679881,470684
logreg,117,target,0.9,58272,7032,679881,470704
logreg,117,target,0.95,21408,13,716745,477723
logreg,117,target,0.975,0,0,738153,477736
logreg,117,target,0.99,0,0,738153,477736
logreg,117,target,0.995,0,0,738153,477736
logreg,117,target,0.999,0,0,738153,477736
tree,117,source_heldout,0.05,98587,1338,177,2869
tree,117,source_heldout,0.1,97654,772,1110,3435
tree,117,source_heldout,0.15,96603,378,2161,3829
tree,117,source_heldout,0.2,96409,336,2355,3871
tree,117,source_heldout,0.25,96402,335,2362,3872
tree,117,source_heldout,0.3,96165,300,2599,3907
tree,117,source_heldout,0.35,95811,263,2953,3944
tree,117,source_heldout,0.4,95625,242,3139,3965
tree,117,source_heldout,0.45,95032,206,3732,4001
tree,117,source_heldout,0.5,94647,191,4117,4016
tree,117,source_heldout,0.55,92142,111,6622,4096
tree,117,source_heldout,0.6,92042,106,6722,4101
tree,117,source_heldout,0.65,91990,104,6774,4103
tree,117,source_heldout,0.7,91941,103,6823,4104
tree,117,source_heldout,0.75,91941,103,6823,4104
tree,117,source_heldout,0.8,91260,95,7504,4112
tree,117,source_heldout,0.85,91138,95,7626,4112
tree,117,source_heldout,0.9,87853,60,10911,4147
tree,117,source_heldout,0.95,87853,60,10911,4147
tree,117,source_heldout,0.975,87853,60,10911,4147
tree,117,source_heldout,0.99,87232,59,11532,4148
tree,117,source_heldout,0.995,84490,58,14274,4149
tree,117,source_heldout,0.999,84490,58,14274,4149
tree,117,target,0.05,693070,438535,45083,39201
tree,117,target,0.1,653297,425921,84856,51815
tree,117,target,0.15,87424,28635,650729,449101
tree,117,target,0.2,87347,28367,650806,449369
tree,117,target,0.25,87347,28367,650806,449369
tree,117,target,0.3,84627,27966,653526,449770
tree,117,target,0.35,84104,27901,654049,449835
tree,117,target,0.4,84098,27901,654055,449835
tree,117,target,0.45,84098,27873,654055,449863
tree,117,target,0.5,84098,27873,654055,449863
tree,117,target,0.55,84098,27836,654055,449900
tree,117,target,0.6,84098,27836,654055,449900
tree,117,target,0.65,26607,27193,711546,450543
tree,117,target,0.7,26607,27193,711546,450543
tree,117,target,0.75,26607,27193,711546,450543
tree,117,target,0.8,26607,27189,711546,450547
tree,117,target,0.85,26607,27188,711546,450548
tree,117,target,0.9,26607,27188,711546,450548
tree,117,target,0.95,26607,27188,711546,450548
tree,117,target,0.975,26607,27188,711546,450548
tree,117,target,0.99,26607,27188,711546,450548
tree,117,target,0.995,20944,26933,717209,450803
tree,117,target,0.999,20944,26933,717209,450803
rf,117,source_heldout,0.05,98713,1622,51,2585
rf,117,source_heldout,0.1,98233,1281,531,2926
rf,117,source_heldout,0.15,97137,808,1627,3399
rf,117,source_heldout,0.2,97024,613,1740,3594
rf,117,source_heldout,0.25,96959,524,1805,3683
rf,117,source_heldout,0.3,96905,472,1859,3735
rf,117,source_heldout,0.35,96613,398,2151,3809
rf,117,source_heldout,0.4,96180,327,2584,3880
rf,117,source_heldout,0.45,95916,285,2848,3922
rf,117,source_heldout,0.5,95543,252,3221,3955
rf,117,source_heldout,0.55,92745,146,6019,4061
rf,117,source_heldout,0.6,92545,123,6219,4084
rf,117,source_heldout,0.65,92436,113,6328,4094
rf,117,source_heldout,0.7,92377,104,6387,4103
rf,117,source_heldout,0.75,91668,83,7096,4124
rf,117,source_heldout,0.8,91593,75,7171,4132
rf,117,source_heldout,0.85,91415,60,7349,4147
rf,117,source_heldout,0.9,87985,17,10779,4190
rf,117,source_heldout,0.95,87672,9,11092,4198
rf,117,source_heldout,0.975,87334,4,11430,4203
rf,117,source_heldout,0.99,83424,3,15340,4204
rf,117,source_heldout,0.995,82983,2,15781,4205
rf,117,source_heldout,0.999,60669,1,38095,4206
rf,117,target,0.05,729784,453237,8369,24499
rf,117,target,0.1,683596,452091,54557,25645
rf,117,target,0.15,668018,451245,70135,26491
rf,117,target,0.2,164525,167919,573628,309817
rf,117,target,0.25,163840,165417,574313,312319
rf,117,target,0.3,163541,164559,574612,313177
rf,117,target,0.35,161119,159312,577034,318424
rf,117,target,0.4,160970,152661,577183,325075
rf,117,target,0.45,159538,146606,578615,331130
rf,117,target,0.5,156810,131917,581343,345819
rf,117,target,0.55,155818,128217,582335,349519
rf,117,target,0.6,153228,127760,584925,349976
rf,117,target,0.65,146325,121517,591828,356219
rf,117,target,0.7,144411,121149,593742,356587
rf,117,target,0.75,136366,120977,601787,356759
rf,117,target,0.8,123937,120772,614216,356964
rf,117,target,0.85,120499,120465,617654,357271
rf,117,target,0.9,102650,120373,635503,357363
rf,117,target,0.95,38459,4820,699694,472916
rf,117,target,0.975,360,47,737793,477689
rf,117,target,0.99,20,12,738133,477724
rf,117,target,0.995,1,7,738152,477729
rf,117,target,0.999,0,0,738153,477736
xgboost,117,source_heldout,0.05,98548,1337,216,2870
xgboost,117,source_heldout,0.1,97790,904,974,3303
xgboost,117,source_heldout,0.15,96699,366,2065,3841
xgboost,117,source_heldout,0.2,96581,336,2183,3871
xgboost,117,source_heldout,0.25,96538,319,2226,3888
xgboost,117,source_heldout,0.3,96267,281,2497,3926
xgboost,117,source_heldout,0.35,95896,229,2868,3978
xgboost,117,source_heldout,0.4,95596,202,3168,4005
xgboost,117,source_heldout,0.45,95402,186,3362,4021
xgboost,117,source_heldout,0.5,94922,166,3842,4041
xgboost,117,source_heldout,0.55,92191,74,6573,4133
xgboost,117,source_heldout,0.6,92006,66,6758,4141
xgboost,117,source_heldout,0.65,91911,62,6853,4145
xgboost,117,source_heldout,0.7,91809,60,6955,4147
xgboost,117,source_heldout,0.75,91640,56,7124,4151
xgboost,117,source_heldout,0.8,90824,48,7940,4159
xgboost,117,source_heldout,0.85,90589,19,8175,4188
xgboost,117,source_heldout,0.9,87102,5,11662,4202
xgboost,117,source_heldout,0.95,86352,3,12412,4204
xgboost,117,source_heldout,0.975,85445,3,13319,4204
xgboost,117,source_heldout,0.99,84366,1,14398,4206
xgboost,117,source_heldout,0.995,82098,1,16666,4206
xgboost,117,source_heldout,0.999,67169,1,31595,4206
xgboost,117,target,0.05,689927,434721,48226,43015
xgboost,117,target,0.1,685049,417336,53104,60400
xgboost,117,target,0.15,174960,131742,563193,345994
xgboost,117,target,0.2,171425,125646,566728,352090
xgboost,117,target,0.25,167525,123742,570628,353994
xgboost,117,target,0.3,165151,123147,573002,354589
xgboost,117,target,0.35,162398,122439,575755,355297
xgboost,117,target,0.4,161149,121593,577004,356143
xgboost,117,target,0.45,160074,13614,578079,464122
xgboost,117,target,0.5,80719,12846,657434,464890
xgboost,117,target,0.55,68103,8634,670050,469102
xgboost,117,target,0.6,48688,8208,689465,469528
xgboost,117,target,0.65,47161,7891,690992,469845
xgboost,117,target,0.7,39967,7729,698186,470007
xgboost,117,target,0.75,36172,6931,701981,470805
xgboost,117,target,0.8,34887,6828,703266,470908
xgboost,117,target,0.85,14206,105,723947,477631
xgboost,117,target,0.9,6883,35,731270,477701
xgboost,117,target,0.95,508,15,737645,477721
xgboost,117,target,0.975,465,7,737688,477729
xgboost,117,target,0.99,0,5,738153,477731
xgboost,117,target,0.995,0,0,738153,477736
xgboost,117,target,0.999,0,0,738153,477736
hgb,117,source_heldout,0.05,98560,1348,204,2859
hgb,117,source_heldout,0.1,97916,945,848,3262
hgb,117,source_heldout,0.15,96742,403,2022,3804
hgb,117,source_heldout,0.2,96553,344,2211,3863
hgb,117,source_heldout,0.25,96401,324,2363,3883
hgb,117,source_heldout,0.3,96329,305,2435,3902
hgb,117,source_heldout,0.35,95958,258,2806,3949
hgb,117,source_heldout,0.4,95586,225,3178,3982
hgb,117,source_heldout,0.45,95009,187,3755,4020
hgb,117,source_heldout,0.5,93189,121,5575,4086
hgb,117,source_heldout,0.55,91965,78,6799,4129
hgb,117,source_heldout,0.6,91790,67,6974,4140
hgb,117,source_heldout,0.65,91654,63,7110,4144
hgb,117,source_heldout,0.7,91610,62,7154,4145
hgb,117,source_heldout,0.75,90873,52,7891,4155
hgb,117,source_heldout,0.8,90713,49,8051,4158
hgb,117,source_heldout,0.85,90272,17,8492,4190
hgb,117,source_heldout,0.9,89384,10,9380,4197
hgb,117,source_heldout,0.95,84400,3,14364,4204
hgb,117,source_heldout,0.975,83828,2,14936,4205
hgb,117,source_heldout,0.99,80643,1,18121,4206
hgb,117,source_heldout,0.995,80139,1,18625,4206
hgb,117,source_heldout,0.999,66801,1,31963,4206
hgb,117,target,0.05,689681,433571,48472,44165
hgb,117,target,0.1,683001,418271,55152,59465
hgb,117,target,0.15,624493,413028,113660,64708
hgb,117,target,0.2,151012,22197,587141,455539
hgb,117,target,0.25,150655,17996,587498,459740
hgb,117,target,0.3,150438,17060,587715,460676
hgb,117,target,0.35,130237,9743,607916,467993
hgb,117,target,0.4,129882,9447,608271,468289
hgb,117,target,0.45,124301,8936,613852,468800
hgb,117,target,0.5,123527,8499,614626,469237
hgb,117,target,0.55,120798,7759,617355,469977
hgb,117,target,0.6,120605,7324,617548,470412
hgb,117,target,0.65,96827,2849,641326,474887
hgb,117,target,0.7,60176,1206,677977,476530
hgb,117,target,0.75,42015,766,696138,476970
hgb,117,target,0.8,40050,379,698103,477357
hgb,117,target,0.85,34007,191,704146,477545
hgb,117,target,0.9,30836,101,707317,477635
hgb,117,target,0.95,9992,37,728161,477699
hgb,117,target,0.975,2013,3,736140,477733
hgb,117,target,0.99,0,0,738153,477736
hgb,117,target,0.995,0,0,738153,477736
hgb,117,target,0.999,0,0,738153,477736
mlp,117,source_heldout,0.05,98591,1536,173,2671
mlp,117,source_heldout,0.1,97960,1146,804,3061
mlp,117,source_heldout,0.15,96240,425,2524,3782
mlp,117,source_heldout,0.2,96104,377,2660,3830
mlp,117,source_heldout,0.25,96068,361,2696,3846
mlp,117,source_heldout,0.3,96021,339,2743,3868
mlp,117,source_heldout,0.35,95800,307,2964,3900
mlp,117,source_heldout,0.4,93392,193,5372,4014
mlp,117,source_heldout,0.45,92355,154,6409,4053
mlp,117,source_heldout,0.5,92244,141,6520,4066
mlp,117,source_heldout,0.55,91867,123,6897,4084
mlp,117,source_heldout,0.6,90981,96,7783,4111
mlp,117,source_heldout,0.65,90846,84,7918,4123
mlp,117,source_heldout,0.7,90439,71,8325,4136
mlp,117,source_heldout,0.75,89923,55,8841,4152
mlp,117,source_heldout,0.8,89816,52,8948,4155
mlp,117,source_heldout,0.85,89757,47,9007,4160
mlp,117,source_heldout,0.9,89367,22,9397,4185
mlp,117,source_heldout,0.95,87751,18,11013,4189
mlp,117,source_heldout,0.975,82100,8,16664,4199
mlp,117,source_heldout,0.99,80103,3,18661,4204
mlp,117,source_heldout,0.995,76267,3,22497,4204
mlp,117,source_heldout,0.999,57478,1,41286,4206
mlp,117,target,0.05,655703,472286,82450,5450
mlp,117,target,0.1,645894,468646,92259,9090
mlp,117,target,0.15,630774,438633,107379,39103
mlp,117,target,0.2,624425,432089,113728,45647
mlp,117,target,0.25,149699,41357,588454,436379
mlp,117,target,0.3,132307,39977,605846,437759
mlp,117,target,0.35,112086,37148,626067,440588
mlp,117,target,0.4,110688,34909,627465,442827
mlp,117,target,0.45,110516,30917,627637,446819
mlp,117,target,0.5,88267,29928,649886,447808
mlp,117,target,0.55,87114,29381,651039,448355
mlp,117,target,0.6,78567,28613,659586,449123
mlp,117,target,0.65,20299,20409,717854,457327
mlp,117,target,0.7,19637,18018,718516,459718
mlp,117,target,0.75,18370,13672,719783,464064
mlp,117,target,0.8,14927,6161,723226,471575
mlp,117,target,0.85,7473,1207,730680,476529
mlp,117,target,0.9,3095,942,735058,476794
mlp,117,target,0.95,69,159,738084,477577
mlp,117,target,0.975,11,67,738142,477669
mlp,117,target,0.99,11,24,738142,477712
mlp,117,target,0.995,11,5,738142,477731
mlp,117,target,0.999,8,0,738145,477736
majority,118,source_heldout,0.05,85063,3935,0,0
majority,118,source_heldout,0.1,85063,3935,0,0
majority,118,source_heldout,0.15,85063,3935,0,0
majority,118,source_heldout,0.2,85063,3935,0,0
majority,118,source_heldout,0.25,85063,3935,0,0
majority,118,source_heldout,0.3,85063,3935,0,0
majority,118,source_heldout,0.35,85063,3935,0,0
majority,118,source_heldout,0.4,85063,3935,0,0
majority,118,source_heldout,0.45,85063,3935,0,0
majority,118,source_heldout,0.5,85063,3935,0,0
majority,118,source_heldout,0.55,85063,3935,0,0
majority,118,source_heldout,0.6,85063,3935,0,0
majority,118,source_heldout,0.65,85063,3935,0,0
majority,118,source_heldout,0.7,85063,3935,0,0
majority,118,source_heldout,0.75,85063,3935,0,0
majority,118,source_heldout,0.8,85063,3935,0,0
majority,118,source_heldout,0.85,85063,3935,0,0
majority,118,source_heldout,0.9,85063,3935,0,0
majority,118,source_heldout,0.95,85063,3935,0,0
majority,118,source_heldout,0.975,85063,3935,0,0
majority,118,source_heldout,0.99,85063,3935,0,0
majority,118,source_heldout,0.995,85063,3935,0,0
majority,118,source_heldout,0.999,85063,3935,0,0
majority,118,target,0.05,738153,477736,0,0
majority,118,target,0.1,738153,477736,0,0
majority,118,target,0.15,738153,477736,0,0
majority,118,target,0.2,738153,477736,0,0
majority,118,target,0.25,738153,477736,0,0
majority,118,target,0.3,738153,477736,0,0
majority,118,target,0.35,738153,477736,0,0
majority,118,target,0.4,738153,477736,0,0
majority,118,target,0.45,738153,477736,0,0
majority,118,target,0.5,738153,477736,0,0
majority,118,target,0.55,738153,477736,0,0
majority,118,target,0.6,738153,477736,0,0
majority,118,target,0.65,738153,477736,0,0
majority,118,target,0.7,738153,477736,0,0
majority,118,target,0.75,738153,477736,0,0
majority,118,target,0.8,738153,477736,0,0
majority,118,target,0.85,738153,477736,0,0
majority,118,target,0.9,738153,477736,0,0
majority,118,target,0.95,738153,477736,0,0
majority,118,target,0.975,738153,477736,0,0
majority,118,target,0.99,738153,477736,0,0
majority,118,target,0.995,738153,477736,0,0
majority,118,target,0.999,738153,477736,0,0
stratified,118,source_heldout,0.05,80197,3712,4866,223
stratified,118,source_heldout,0.1,80197,3712,4866,223
stratified,118,source_heldout,0.15,80197,3712,4866,223
stratified,118,source_heldout,0.2,80197,3712,4866,223
stratified,118,source_heldout,0.25,80197,3712,4866,223
stratified,118,source_heldout,0.3,80197,3712,4866,223
stratified,118,source_heldout,0.35,80197,3712,4866,223
stratified,118,source_heldout,0.4,80197,3712,4866,223
stratified,118,source_heldout,0.45,80197,3712,4866,223
stratified,118,source_heldout,0.5,80197,3712,4866,223
stratified,118,source_heldout,0.55,80197,3712,4866,223
stratified,118,source_heldout,0.6,80197,3712,4866,223
stratified,118,source_heldout,0.65,80197,3712,4866,223
stratified,118,source_heldout,0.7,80197,3712,4866,223
stratified,118,source_heldout,0.75,80197,3712,4866,223
stratified,118,source_heldout,0.8,80197,3712,4866,223
stratified,118,source_heldout,0.85,80197,3712,4866,223
stratified,118,source_heldout,0.9,80197,3712,4866,223
stratified,118,source_heldout,0.95,80197,3712,4866,223
stratified,118,source_heldout,0.975,80197,3712,4866,223
stratified,118,source_heldout,0.99,80197,3712,4866,223
stratified,118,source_heldout,0.995,80197,3712,4866,223
stratified,118,source_heldout,0.999,80197,3712,4866,223
stratified,118,target,0.05,696131,450467,42022,27269
stratified,118,target,0.1,696131,450467,42022,27269
stratified,118,target,0.15,696131,450467,42022,27269
stratified,118,target,0.2,696131,450467,42022,27269
stratified,118,target,0.25,696131,450467,42022,27269
stratified,118,target,0.3,696131,450467,42022,27269
stratified,118,target,0.35,696131,450467,42022,27269
stratified,118,target,0.4,696131,450467,42022,27269
stratified,118,target,0.45,696131,450467,42022,27269
stratified,118,target,0.5,696131,450467,42022,27269
stratified,118,target,0.55,696131,450467,42022,27269
stratified,118,target,0.6,696131,450467,42022,27269
stratified,118,target,0.65,696131,450467,42022,27269
stratified,118,target,0.7,696131,450467,42022,27269
stratified,118,target,0.75,696131,450467,42022,27269
stratified,118,target,0.8,696131,450467,42022,27269
stratified,118,target,0.85,696131,450467,42022,27269
stratified,118,target,0.9,696131,450467,42022,27269
stratified,118,target,0.95,696131,450467,42022,27269
stratified,118,target,0.975,696131,450467,42022,27269
stratified,118,target,0.99,696131,450467,42022,27269
stratified,118,target,0.995,696131,450467,42022,27269
stratified,118,target,0.999,696131,450467,42022,27269
logreg,118,source_heldout,0.05,84863,1877,200,2058
logreg,118,source_heldout,0.1,84401,1678,662,2257
logreg,118,source_heldout,0.15,84349,1521,714,2414
logreg,118,source_heldout,0.2,84290,1426,773,2509
logreg,118,source_heldout,0.25,81394,1306,3669,2629
logreg,118,source_heldout,0.3,80468,910,4595,3025
logreg,118,source_heldout,0.35,79416,840,5647,3095
logreg,118,source_heldout,0.4,79176,795,5887,3140
logreg,118,source_heldout,0.45,78900,771,6163,3164
logreg,118,source_heldout,0.5,78624,750,6439,3185
logreg,118,source_heldout,0.55,78242,713,6821,3222
logreg,118,source_heldout,0.6,77792,671,7271,3264
logreg,118,source_heldout,0.65,59052,647,26011,3288
logreg,118,source_heldout,0.7,56543,611,28520,3324
logreg,118,source_heldout,0.75,56209,567,28854,3368
logreg,118,source_heldout,0.8,54829,309,30234,3626
logreg,118,source_heldout,0.85,32691,38,52372,3897
logreg,118,source_heldout,0.9,6042,31,79021,3904
logreg,118,source_heldout,0.95,5923,31,79140,3904
logreg,118,source_heldout,0.975,0,0,85063,3935
logreg,118,source_heldout,0.99,0,0,85063,3935
logreg,118,source_heldout,0.995,0,0,85063,3935
logreg,118,source_heldout,0.999,0,0,85063,3935
logreg,118,target,0.05,687218,444742,50935,32994
logreg,118,target,0.1,666939,436451,71214,41285
logreg,118,target,0.15,665313,411666,72840,66070
logreg,118,target,0.2,656833,410802,81320,66934
logreg,118,target,0.25,653829,410139,84324,67597
logreg,118,target,0.3,652483,409018,85670,68718
logreg,118,target,0.35,650018,408384,88135,69352
logreg,118,target,0.4,647928,408172,90225,69564
logreg,118,target,0.45,646992,407604,91161,70132
logreg,118,target,0.5,645093,407054,93060,70682
logreg,118,target,0.55,642189,406764,95964,70972
logreg,118,target,0.6,626255,406430,111898,71306
logreg,118,target,0.65,616273,406028,121880,71708
logreg,118,target,0.7,606927,293585,131226,184151
logreg,118,target,0.75,543991,288746,194162,188990
logreg,118,target,0.8,58272,7052,679881,470684
logreg,118,target,0.85,58272,7039,679881,470697
logreg,118,target,0.9,58272,7021,679881,470715
logreg,118,target,0.95,21408,13,716745,477723
logreg,118,target,0.975,0,0,738153,477736
logreg,118,target,0.99,0,0,738153,477736
logreg,118,target,0.995,0,0,738153,477736
logreg,118,target,0.999,0,0,738153,477736
tree,118,source_heldout,0.05,84725,2785,338,1150
tree,118,source_heldout,0.1,84373,2597,690,1338
tree,118,source_heldout,0.15,80376,2189,4687,1746
tree,118,source_heldout,0.2,80327,2167,4736,1768
tree,118,source_heldout,0.25,80253,2161,4810,1774
tree,118,source_heldout,0.3,80240,2156,4823,1779
tree,118,source_heldout,0.35,80040,2124,5023,1811
tree,118,source_heldout,0.4,79904,2103,5159,1832
tree,118,source_heldout,0.45,79764,2093,5299,1842
tree,118,source_heldout,0.5,79525,2079,5538,1856
tree,118,source_heldout,0.55,79058,2034,6005,1901
tree,118,source_heldout,0.6,79058,2034,6005,1901
tree,118,source_heldout,0.65,78748,1963,6315,1972
tree,118,source_heldout,0.7,78691,1955,6372,1980
tree,118,source_heldout,0.75,78674,1952,6389,1983
tree,118,source_heldout,0.8,78667,1951,6396,1984
tree,118,source_heldout,0.85,77886,1937,7177,1998
tree,118,source_heldout,0.9,77505,1934,7558,2001
tree,118,source_heldout,0.95,76179,1917,8884,2018
tree,118,source_heldout,0.975,75787,1913,9276,2022
tree,118,source_heldout,0.99,72841,1906,12222,2029
tree,118,source_heldout,0.995,72841,1906,12222,2029
tree,118,source_heldout,0.999,72841,1906,12222,2029
tree,118,target,0.05,684334,436904,53819,40832
tree,118,target,0.1,164167,39699,573986,438037
tree,118,target,0.15,140064,24510,598089,453226
tree,118,target,0.2,139695,23132,598458,454604
tree,118,target,0.25,111365,16340,626788,461396
tree,118,target,0.3,111363,16303,626790,461433
tree,118,target,0.35,111363,16302,626790,461434
tree,118,target,0.4,111363,16302,626790,461434
tree,118,target,0.45,108737,16082,629416,461654
tree,118,target,0.5,108737,15973,629416,461763
tree,118,target,0.55,108691,15973,629462,461763
tree,118,target,0.6,108691,15973,629462,461763
tree,118,target,0.65,103171,15912,634982,461824
tree,118,target,0.7,103164,15912,634989,461824
tree,118,target,0.75,103164,15908,634989,461828
tree,118,target,0.8,103164,15902,634989,461834
tree,118,target,0.85,103143,15871,635010,461865
tree,118,target,0.9,103142,15845,635011,461891
tree,118,target,0.95,103142,15845,635011,461891
tree,118,target,0.975,103142,15845,635011,461891
tree,118,target,0.99,59688,15035,678465,462701
tree,118,target,0.995,59688,15035,678465,462701
tree,118,target,0.999,59688,15035,678465,462701
rf,118,source_heldout,0.05,84811,3228,252,707
rf,118,source_heldout,0.1,84728,2960,335,975
rf,118,source_heldout,0.15,81119,2519,3944,1416
rf,118,source_heldout,0.2,81059,2406,4004,1529
rf,118,source_heldout,0.25,80971,566,4092,3369
rf,118,source_heldout,0.3,80927,505,4136,3430
rf,118,source_heldout,0.35,80563,417,4500,3518
rf,118,source_heldout,0.4,80409,368,4654,3567
rf,118,source_heldout,0.45,80177,333,4886,3602
rf,118,source_heldout,0.5,79860,300,5203,3635
rf,118,source_heldout,0.55,79453,259,5610,3676
rf,118,source_heldout,0.6,79353,232,5710,3703
rf,118,source_heldout,0.65,79082,165,5981,3770
rf,118,source_heldout,0.7,78644,129,6419,3806
rf,118,source_heldout,0.75,78508,114,6555,3821
rf,118,source_heldout,0.8,76112,92,8951,3843
rf,118,source_heldout,0.85,76031,80,9032,3855
rf,118,source_heldout,0.9,75641,43,9422,3892
rf,118,source_heldout,0.95,75170,35,9893,3900
rf,118,source_heldout,0.975,70386,6,14677,3929
rf,118,source_heldout,0.99,69787,4,15276,3931
rf,118,source_heldout,0.995,69337,3,15726,3932
rf,118,source_heldout,0.999,59178,2,25885,3933
rf,118,target,0.05,685193,368091,52960,109645
rf,118,target,0.1,196997,57612,541156,420124
rf,118,target,0.15,192872,50880,545281,426856
rf,118,target,0.2,190558,46864,547595,430872
rf,118,target,0.25,187261,42594,550892,435142
rf,118,target,0.3,185126,34499,553027,443237
rf,118,target,0.35,182644,30440,555509,447296
rf,118,target,0.4,180747,23976,557406,453760
rf,118,target,0.45,178953,19381,559200,458355
rf,118,target,0.5,176058,19013,562095,458723
rf,118,target,0.55,155010,17692,583143,460044
rf,118,target,0.6,152788,17368,585365,460368
rf,118,target,0.65,145892,16878,592261,460858
rf,118,target,0.7,141714,9605,596439,468131
rf,118,target,0.75,114715,2708,623438,475028
rf,118,target,0.8,90588,2149,647565,475587
rf,118,target,0.85,83634,1943,654519,475793
rf,118,target,0.9,76441,1615,661712,476121
rf,118,target,0.95,4242,59,733911,477677
rf,118,target,0.975,1561,31,736592,477705
rf,118,target,0.99,16,0,738137,477736
rf,118,target,0.995,0,0,738153,477736
rf,118,target,0.999,0,0,738153,477736
xgboost,118,source_heldout,0.05,84818,1058,245,2877
xgboost,118,source_heldout,0.1,84569,847,494,3088
xgboost,118,source_heldout,0.15,80605,412,4458,3523
xgboost,118,source_heldout,0.2,80541,375,4522,3560
xgboost,118,source_heldout,0.25,80451,350,4612,3585
xgboost,118,source_heldout,0.3,80318,320,4745,3615
xgboost,118,source_heldout,0.35,80039,297,5024,3638
xgboost,118,source_heldout,0.4,79889,277,5174,3658
xgboost,118,source_heldout,0.45,79805,255,5258,3680
xgboost,118,source_heldout,0.5,79497,233,5566,3702
xgboost,118,source_heldout,0.55,78996,200,6067,3735
xgboost,118,source_heldout,0.6,78760,153,6303,3782
xgboost,118,source_heldout,0.65,78458,89,6605,3846
xgboost,118,source_heldout,0.7,78235,82,6828,3853
xgboost,118,source_heldout,0.75,78085,74,6978,3861
xgboost,118,source_heldout,0.8,77171,59,7892,3876
xgboost,118,source_heldout,0.85,76979,55,8084,3880
xgboost,118,source_heldout,0.9,76651,49,8412,3886
xgboost,118,source_heldout,0.95,75747,45,9316,3890
xgboost,118,source_heldout,0.975,73317,23,11746,3912
xgboost,118,source_heldout,0.99,72235,3,12828,3932
xgboost,118,source_heldout,0.995,71142,3,13921,3932
xgboost,118,source_heldout,0.999,62813,2,22250,3933
xgboost,118,target,0.05,654541,313154,83612,164582
xgboost,118,target,0.1,177760,25863,560393,451873
xgboost,118,target,0.15,175862,20836,562291,456900
xgboost,118,target,0.2,172680,19552,565473,458184
xgboost,118,target,0.25,134897,11617,603256,466119
xgboost,118,target,0.3,133940,7085,604213,470651
xgboost,118,target,0.35,112178,6474,625975,471262
xgboost,118,target,0.4,108130,2170,630023,475566
xgboost,118,target,0.45,105916,2096,632237,475640
xgboost,118,target,0.5,61105,1333,677048,476403
xgboost,118,target,0.55,35945,1199,702208,476537
xgboost,118,target,0.6,32807,1031,705346,476705
xgboost,118,target,0.65,30088,941,708065,476795
xgboost,118,target,0.7,27757,844,710396,476892
xgboost,118,target,0.75,26168,795,711985,476941
xgboost,118,target,0.8,17641,763,720512,476973
xgboost,118,target,0.85,13341,710,724812,477026
xgboost,118,target,0.9,11641,702,726512,477034
xgboost,118,target,0.95,3150,11,735003,477725
xgboost,118,target,0.975,18,9,738135,477727
xgboost,118,target,0.99,0,0,738153,477736
xgboost,118,target,0.995,0,0,738153,477736
xgboost,118,target,0.999,0,0,738153,477736
hgb,118,source_heldout,0.05,84873,1090,190,2845
hgb,118,source_heldout,0.1,84527,864,536,3071
hgb,118,source_heldout,0.15,80728,462,4335,3473
hgb,118,source_heldout,0.2,80611,424,4452,3511
hgb,118,source_heldout,0.25,80384,375,4679,3560
hgb,118,source_heldout,0.3,80265,354,4798,3581
hgb,118,source_heldout,0.35,79922,301,5141,3634
hgb,118,source_heldout,0.4,79777,276,5286,3659
hgb,118,source_heldout,0.45,79708,249,5355,3686
hgb,118,source_heldout,0.5,79410,227,5653,3708
hgb,118,source_heldout,0.55,78846,194,6217,3741
hgb,118,source_heldout,0.6,78686,167,6377,3768
hgb,118,source_heldout,0.65,78217,87,6846,3848
hgb,118,source_heldout,0.7,78118,76,6945,3859
hgb,118,source_heldout,0.75,77996,72,7067,3863
hgb,118,source_heldout,0.8,77875,69,7188,3866
hgb,118,source_heldout,0.85,76828,57,8235,3878
hgb,118,source_heldout,0.9,76242,55,8821,3880
hgb,118,source_heldout,0.95,75398,47,9665,3888
hgb,118,source_heldout,0.975,73267,23,11796,3912
hgb,118,source_heldout,0.99,71899,3,13164,3932
hgb,118,source_heldout,0.995,69748,3,15315,3932
hgb,118,source_heldout,0.999,61795,2,23268,3933
hgb,118,target,0.05,692330,442005,45823,35731
hgb,118,target,0.1,216272,25138,521881,452598
hgb,118,target,0.15,159541,19808,578612,457928
hgb,118,target,0.2,119861,10477,618292,467259
hgb,118,target,0.25,106521,4344,631632,473392
hgb,118,target,0.3,101294,4103,636859,473633
hgb,118,target,0.35,95605,3854,642548,473882
hgb,118,target,0.4,94094,3765,644059,473971
hgb,118,target,0.45,91705,3696,646448,474040
hgb,118,target,0.5,91666,3669,646487,474067
hgb,118,target,0.55,91020,3534,647133,474202
hgb,118,target,0.6,87817,3360,650336,474376
hgb,118,target,0.65,87690,3235,650463,474501
hgb,118,target,0.7,78745,2433,659408,475303
hgb,118,target,0.75,54371,2364,683782,475372
hgb,118,target,0.8,18535,1647,719618,476089
hgb,118,target,0.85,16361,878,721792,476858
hgb,118,target,0.9,11475,361,726678,477375
hgb,118,target,0.95,6561,174,731592,477562
hgb,118,target,0.975,5424,80,732729,477656
hgb,118,target,0.99,10,28,738143,477708
hgb,118,target,0.995,7,5,738146,477731
hgb,118,target,0.999,2,0,738151,477736
mlp,118,source_heldout,0.05,84879,1287,184,2648
mlp,118,source_heldout,0.1,84353,1029,710,2906
mlp,118,source_heldout,0.15,83730,764,1333,3171
mlp,118,source_heldout,0.2,80190,426,4873,3509
mlp,118,source_heldout,0.25,79929,399,5134,3536
mlp,118,source_heldout,0.3,79821,385,5242,3550
mlp,118,source_heldout,0.35,79728,341,5335,3594
mlp,118,source_heldout,0.4,79594,316,5469,3619
mlp,118,source_heldout,0.45,79279,293,5784,3642
mlp,118,source_heldout,0.5,79105,280,5958,3655
mlp,118,source_heldout,0.55,77899,222,7164,3713
mlp,118,source_heldout,0.6,77587,143,7476,3792
mlp,118,source_heldout,0.65,77231,121,7832,3814
mlp,118,source_heldout,0.7,76941,103,8122,3832
mlp,118,source_heldout,0.75,76718,92,8345,3843
mlp,118,source_heldout,0.8,75813,81,9250,3854
mlp,118,source_heldout,0.85,75187,71,9876,3864
mlp,118,source_heldout,0.9,74508,47,10555,3888
mlp,118,source_heldout,0.95,74230,36,10833,3899
mlp,118,source_heldout,0.975,73575,36,11488,3899
mlp,118,source_heldout,0.99,66055,25,19008,3910
mlp,118,source_heldout,0.995,62045,21,23018,3914
mlp,118,source_heldout,0.999,32017,3,53046,3932
mlp,118,target,0.05,690855,451327,47298,26409
mlp,118,target,0.1,684386,448710,53767,29026
mlp,118,target,0.15,111708,157965,626445,319771
mlp,118,target,0.2,107677,125589,630476,352147
mlp,118,target,0.25,103279,16293,634874,461443
mlp,118,target,0.3,98060,12412,640093,465324
mlp,118,target,0.35,95365,9835,642788,467901
mlp,118,target,0.4,93718,9323,644435,468413
mlp,118,target,0.45,90319,9166,647834,468570
mlp,118,target,0.5,90115,8936,648038,468800
mlp,118,target,0.55,79770,8887,658383,468849
mlp,118,target,0.6,79689,5700,658464,472036
mlp,118,target,0.65,78429,5524,659724,472212
mlp,118,target,0.7,77642,1451,660511,476285
mlp,118,target,0.75,77378,1430,660775,476306
mlp,118,target,0.8,55631,1390,682522,476346
mlp,118,target,0.85,19641,734,718512,477002
mlp,118,target,0.9,18168,719,719985,477017
mlp,118,target,0.95,7675,695,730478,477041
mlp,118,target,0.975,6169,5,731984,477731
mlp,118,target,0.99,3329,0,734824,477736
mlp,118,target,0.995,12,0,738141,477736
mlp,118,target,0.999,0,0,738153,477736
majority,119,source_heldout,0.05,147278,5350,0,0
majority,119,source_heldout,0.1,147278,5350,0,0
majority,119,source_heldout,0.15,147278,5350,0,0
majority,119,source_heldout,0.2,147278,5350,0,0
majority,119,source_heldout,0.25,147278,5350,0,0
majority,119,source_heldout,0.3,147278,5350,0,0
majority,119,source_heldout,0.35,147278,5350,0,0
majority,119,source_heldout,0.4,147278,5350,0,0
majority,119,source_heldout,0.45,147278,5350,0,0
majority,119,source_heldout,0.5,147278,5350,0,0
majority,119,source_heldout,0.55,147278,5350,0,0
majority,119,source_heldout,0.6,147278,5350,0,0
majority,119,source_heldout,0.65,147278,5350,0,0
majority,119,source_heldout,0.7,147278,5350,0,0
majority,119,source_heldout,0.75,147278,5350,0,0
majority,119,source_heldout,0.8,147278,5350,0,0
majority,119,source_heldout,0.85,147278,5350,0,0
majority,119,source_heldout,0.9,147278,5350,0,0
majority,119,source_heldout,0.95,147278,5350,0,0
majority,119,source_heldout,0.975,147278,5350,0,0
majority,119,source_heldout,0.99,147278,5350,0,0
majority,119,source_heldout,0.995,147278,5350,0,0
majority,119,source_heldout,0.999,147278,5350,0,0
majority,119,target,0.05,738153,477736,0,0
majority,119,target,0.1,738153,477736,0,0
majority,119,target,0.15,738153,477736,0,0
majority,119,target,0.2,738153,477736,0,0
majority,119,target,0.25,738153,477736,0,0
majority,119,target,0.3,738153,477736,0,0
majority,119,target,0.35,738153,477736,0,0
majority,119,target,0.4,738153,477736,0,0
majority,119,target,0.45,738153,477736,0,0
majority,119,target,0.5,738153,477736,0,0
majority,119,target,0.55,738153,477736,0,0
majority,119,target,0.6,738153,477736,0,0
majority,119,target,0.65,738153,477736,0,0
majority,119,target,0.7,738153,477736,0,0
majority,119,target,0.75,738153,477736,0,0
majority,119,target,0.8,738153,477736,0,0
majority,119,target,0.85,738153,477736,0,0
majority,119,target,0.9,738153,477736,0,0
majority,119,target,0.95,738153,477736,0,0
majority,119,target,0.975,738153,477736,0,0
majority,119,target,0.99,738153,477736,0,0
majority,119,target,0.995,738153,477736,0,0
majority,119,target,0.999,738153,477736,0,0
stratified,119,source_heldout,0.05,136552,4939,10726,411
stratified,119,source_heldout,0.1,136552,4939,10726,411
stratified,119,source_heldout,0.15,136552,4939,10726,411
stratified,119,source_heldout,0.2,136552,4939,10726,411
stratified,119,source_heldout,0.25,136552,4939,10726,411
stratified,119,source_heldout,0.3,136552,4939,10726,411
stratified,119,source_heldout,0.35,136552,4939,10726,411
stratified,119,source_heldout,0.4,136552,4939,10726,411
stratified,119,source_heldout,0.45,136552,4939,10726,411
stratified,119,source_heldout,0.5,136552,4939,10726,411
stratified,119,source_heldout,0.55,136552,4939,10726,411
stratified,119,source_heldout,0.6,136552,4939,10726,411
stratified,119,source_heldout,0.65,136552,4939,10726,411
stratified,119,source_heldout,0.7,136552,4939,10726,411
stratified,119,source_heldout,0.75,136552,4939,10726,411
stratified,119,source_heldout,0.8,136552,4939,10726,411
stratified,119,source_heldout,0.85,136552,4939,10726,411
stratified,119,source_heldout,0.9,136552,4939,10726,411
stratified,119,source_heldout,0.95,136552,4939,10726,411
stratified,119,source_heldout,0.975,136552,4939,10726,411
stratified,119,source_heldout,0.99,136552,4939,10726,411
stratified,119,source_heldout,0.995,136552,4939,10726,411
stratified,119,source_heldout,0.999,136552,4939,10726,411
stratified,119,target,0.05,684211,442811,53942,34925
stratified,119,target,0.1,684211,442811,53942,34925
stratified,119,target,0.15,684211,442811,53942,34925
stratified,119,target,0.2,684211,442811,53942,34925
stratified,119,target,0.25,684211,442811,53942,34925
stratified,119,target,0.3,684211,442811,53942,34925
stratified,119,target,0.35,684211,442811,53942,34925
stratified,119,target,0.4,684211,442811,53942,34925
stratified,119,target,0.45,684211,442811,53942,34925
stratified,119,target,0.5,684211,442811,53942,34925
stratified,119,target,0.55,684211,442811,53942,34925
stratified,119,target,0.6,684211,442811,53942,34925
stratified,119,target,0.65,684211,442811,53942,34925
stratified,119,target,0.7,684211,442811,53942,34925
stratified,119,target,0.75,684211,442811,53942,34925
stratified,119,target,0.8,684211,442811,53942,34925
stratified,119,target,0.85,684211,442811,53942,34925
stratified,119,target,0.9,684211,442811,53942,34925
stratified,119,target,0.95,684211,442811,53942,34925
stratified,119,target,0.975,684211,442811,53942,34925
stratified,119,target,0.99,684211,442811,53942,34925
stratified,119,target,0.995,684211,442811,53942,34925
stratified,119,target,0.999,684211,442811,53942,34925
logreg,119,source_heldout,0.05,146952,3158,326,2192
logreg,119,source_heldout,0.1,146588,2973,690,2377
logreg,119,source_heldout,0.15,146137,2805,1141,2545
logreg,119,source_heldout,0.2,146083,2697,1195,2653
logreg,119,source_heldout,0.25,145992,2444,1286,2906
logreg,119,source_heldout,0.3,144309,2300,2969,3050
logreg,119,source_heldout,0.35,139821,1707,7457,3643
logreg,119,source_heldout,0.4,139282,1619,7996,3731
logreg,119,source_heldout,0.45,138999,1588,8279,3762
logreg,119,source_heldout,0.5,138508,1528,8770,3822
logreg,119,source_heldout,0.55,138126,1498,9152,3852
logreg,119,source_heldout,0.6,137462,1474,9816,3876
logreg,119,source_heldout,0.65,106044,1403,41234,3947
logreg,119,source_heldout,0.7,97824,1338,49454,4012
logreg,119,source_heldout,0.75,95011,601,52267,4749
logreg,119,source_heldout,0.8,91916,483,55362,4867
logreg,119,source_heldout,0.85,62131,182,85147,5168
logreg,119,source_heldout,0.9,8082,29,139196,5321
logreg,119,source_heldout,0.95,8029,29,139249,5321
logreg,119,source_heldout,0.975,0,0,147278,5350
logreg,119,source_heldout,0.99,0,0,147278,5350
logreg,119,source_heldout,0.995,0,0,147278,5350
logreg,119,source_heldout,0.999,0,0,147278,5350
logreg,119,target,0.05,672751,450589,65402,27147
logreg,119,target,0.1,667245,443791,70908,33945
logreg,119,target,0.15,659094,440079,79059,37657
logreg,119,target,0.2,654657,435080,83496,42656
logreg,119,target,0.25,654534,432769,83619,44967
logreg,119,target,0.3,654201,409483,83952,68253
logreg,119,target,0.35,653817,409307,84336,68429
logreg,119,target,0.4,652895,408603,85258,69133
logreg,119,target,0.45,648932,407862,89221,69874
logreg,119,target,0.5,645910,407518,92243,70218
logreg,119,target,0.55,640544,407346,97609,70390
logreg,119,target,0.6,639552,406554,98601,71182
logreg,119,target,0.65,623175,406372,114978,71364
logreg,119,target,0.7,606749,405769,131404,71967
logreg,119,target,0.75,602297,293265,135856,184471
logreg,119,target,0.8,61384,7090,676769,470646
logreg,119,target,0.85,58272,7052,679881,470684
logreg,119,target,0.9,58272,7032,679881,470704
logreg,119,target,0.95,21408,13,716745,477723
logreg,119,target,0.975,0,0,738153,477736
logreg,119,target,0.99,0,0,738153,477736
logreg,119,target,0.995,0,0,738153,477736
logreg,119,target,0.999,0,0,738153,477736
tree,119,source_heldout,0.05,147069,2149,209,3201
tree,119,source_heldout,0.1,145806,1393,1472,3957
tree,119,source_heldout,0.15,145559,1320,1719,4030
tree,119,source_heldout,0.2,144349,845,2929,4505
tree,119,source_heldout,0.25,141439,758,5839,4592
tree,119,source_heldout,0.3,141407,743,5871,4607
tree,119,source_heldout,0.35,141158,711,6120,4639
tree,119,source_heldout,0.4,140910,680,6368,4670
tree,119,source_heldout,0.45,140790,666,6488,4684
tree,119,source_heldout,0.5,140675,649,6603,4701
tree,119,source_heldout,0.55,138359,560,8919,4790
tree,119,source_heldout,0.6,137516,518,9762,4832
tree,119,source_heldout,0.65,137377,504,9901,4846
tree,119,source_heldout,0.7,137074,468,10204,4882
tree,119,source_heldout,0.75,134808,189,12470,5161
tree,119,source_heldout,0.8,134670,184,12608,5166
tree,119,source_heldout,0.85,132979,150,14299,5200
tree,119,source_heldout,0.9,132828,149,14450,5201
tree,119,source_heldout,0.95,130048,139,17230,5211
tree,119,source_heldout,0.975,128926,139,18352,5211
tree,119,source_heldout,0.99,128926,139,18352,5211
tree,119,source_heldout,0.995,128926,139,18352,5211
tree,119,source_heldout,0.999,128926,139,18352,5211
tree,119,target,0.05,636774,467815,101379,9921
tree,119,target,0.1,620870,350947,117283,126789
tree,119,target,0.15,91861,65397,646292,412339
tree,119,target,0.2,91845,64075,646308,413661
tree,119,target,0.25,87454,63302,650699,414434
tree,119,target,0.3,87454,63302,650699,414434
tree,119,target,0.35,81934,63228,656219,414508
tree,119,target,0.4,81934,63228,656219,414508
tree,119,target,0.45,81934,63143,656219,414593
tree,119,target,0.5,81934,63085,656219,414651
tree,119,target,0.55,80751,62777,657402,414959
tree,119,target,0.6,80723,62777,657430,414959
tree,119,target,0.65,80723,62771,657430,414965
tree,119,target,0.7,80723,62771,657430,414965
tree,119,target,0.75,80723,62768,657430,414968
tree,119,target,0.8,80723,62768,657430,414968
tree,119,target,0.85,80718,62758,657435,414978
tree,119,target,0.9,80708,62751,657445,414985
tree,119,target,0.95,80708,62751,657445,414985
tree,119,target,0.975,80708,62751,657445,414985
tree,119,target,0.99,80708,62751,657445,414985
tree,119,target,0.995,80708,62751,657445,414985
tree,119,target,0.999,80708,62751,657445,414985
rf,119,source_heldout,0.05,147185,2623,93,2727
rf,119,source_heldout,0.1,146587,2084,691,3266
rf,119,source_heldout,0.15,146333,1914,945,3436
rf,119,source_heldout,0.2,145056,1323,2222,4027
rf,119,source_heldout,0.25,142189,1193,5089,4157
rf,119,source_heldout,0.3,142075,994,5203,4356
rf,119,source_heldout,0.35,141970,950,5308,4400
rf,119,source_heldout,0.4,141830,879,5448,4471
rf,119,source_heldout,0.45,141430,786,5848,4564
rf,119,source_heldout,0.5,141282,709,5996,4641
rf,119,source_heldout,0.55,138988,600,8290,4750
rf,119,source_heldout,0.6,137853,517,9425,4833
rf,119,source_heldout,0.65,137551,471,9727,4879
rf,119,source_heldout,0.7,137151,426,10127,4924
rf,119,source_heldout,0.75,134928,173,12350,5177
rf,119,source_heldout,0.8,133006,123,14272,5227
rf,119,source_heldout,0.85,127224,84,20054,5266
rf,119,source_heldout,0.9,126990,52,20288,5298
rf,119,source_heldout,0.95,123960,21,23318,5329
rf,119,source_heldout,0.975,122437,14,24841,5336
rf,119,source_heldout,0.99,118331,7,28947,5343
rf,119,source_heldout,0.995,117320,4,29958,5346
rf,119,source_heldout,0.999,102644,1,44634,5349
rf,119,target,0.05,708118,368014,30035,109722
rf,119,target,0.1,701829,366803,36324,110933
rf,119,target,0.15,225174,61610,512979,416126
rf,119,target,0.2,185860,61048,552293,416688
rf,119,target,0.25,185186,56076,552967,421660
rf,119,target,0.3,184658,46151,553495,431585
rf,119,target,0.35,161118,43081,577035,434655
rf,119,target,0.4,161067,27598,577086,450138
rf,119,target,0.45,125202,18331,612951,459405
rf,119,target,0.5,104654,16853,633499,460883
rf,119,target,0.55,103433,16111,634720,461625
rf,119,target,0.6,102409,14218,635744,463518
rf,119,target,0.65,97451,13949,640702,463787
rf,119,target,0.7,95842,9479,642311,468257
rf,119,target,0.75,87124,9095,651029,468641
rf,119,target,0.8,81525,8516,656628,469220
rf,119,target,0.85,52471,1429,685682,476307
rf,119,target,0.9,39361,1058,698792,476678
rf,119,target,0.95,8726,742,729427,476994
rf,119,target,0.975,1550,59,736603,477677
rf,119,target,0.99,1519,4,736634,477732
rf,119,target,0.995,1504,4,736649,477732
rf,119,target,0.999,1187,0,736966,477736
xgboost,119,source_heldout,0.05,147019,2168,259,3182
xgboost,119,source_heldout,0.1,146293,1700,985,3650
xgboost,119,source_heldout,0.15,145794,1541,1484,3809
xgboost,119,source_heldout,0.2,144457,853,2821,4497
xgboost,119,source_heldout,0.25,141576,776,5702,4574
xgboost,119,source_heldout,0.3,141463,727,5815,4623
xgboost,119,source_heldout,0.35,141350,713,5928,4637
xgboost,119,source_heldout,0.4,140960,651,6318,4699
xgboost,119,source_heldout,0.45,136715,628,10563,4722
xgboost,119,source_heldout,0.5,136272,571,11006,4779
xgboost,119,source_heldout,0.55,134003,457,13275,4893
xgboost,119,source_heldout,0.6,133048,402,14230,4948
xgboost,119,source_heldout,0.65,132824,380,14454,4970
xgboost,119,source_heldout,0.7,132215,344,15063,5006
xgboost,119,source_heldout,0.75,129746,97,17532,5253
xgboost,119,source_heldout,0.8,127596,39,19682,5311
xgboost,119,source_heldout,0.85,125761,23,21517,5327
xgboost,119,source_heldout,0.9,125084,18,22194,5332
xgboost,119,source_heldout,0.95,121315,6,25963,5344
xgboost,119,source_heldout,0.975,118831,3,28447,5347
xgboost,119,source_heldout,0.99,118002,2,29276,5348
xgboost,119,source_heldout,0.995,115278,1,32000,5349
xgboost,119,source_heldout,0.999,100002,1,47276,5349
xgboost,119,target,0.05,692160,339545,45993,138191
xgboost,119,target,0.1,652931,309027,85222,168709
xgboost,119,target,0.15,177551,22342,560602,455394
xgboost,119,target,0.2,155891,13043,582262,464693
xgboost,119,target,0.25,151226,11499,586927,466237
xgboost,119,target,0.3,149149,10920,589004,466816
xgboost,119,target,0.35,68706,7305,669447,470431
xgboost,119,target,0.4,64067,6777,674086,470959
xgboost,119,target,0.45,46705,6269,691448,471467
xgboost,119,target,0.5,45637,5988,692516,471748
xgboost,119,target,0.55,41461,5708,696692,472028
xgboost,119,target,0.6,40606,5448,697547,472288
xgboost,119,target,0.65,36376,1297,701777,476439
xgboost,119,target,0.7,24566,1156,713587,476580
xgboost,119,target,0.75,22602,1013,715551,476723
xgboost,119,target,0.8,21455,854,716698,476882
xgboost,119,target,0.85,20975,821,717178,476915
xgboost,119,target,0.9,16059,752,722094,476984
xgboost,119,target,0.95,12245,31,725908,477705
xgboost,119,target,0.975,9,2,738144,477734
xgboost,119,target,0.99,0,2,738153,477734
xgboost,119,target,0.995,0,0,738153,477736
xgboost,119,target,0.999,0,0,738153,477736
hgb,119,source_heldout,0.05,147080,2209,198,3141
hgb,119,source_heldout,0.1,146174,1689,1104,3661
hgb,119,source_heldout,0.15,145787,1524,1491,3826
hgb,119,source_heldout,0.2,144458,982,2820,4368
hgb,119,source_heldout,0.25,144230,926,3048,4424
hgb,119,source_heldout,0.3,141341,862,5937,4488
hgb,119,source_heldout,0.35,141112,817,6166,4533
hgb,119,source_heldout,0.4,140885,786,6393,4564
hgb,119,source_heldout,0.45,140456,720,6822,4630
hgb,119,source_heldout,0.5,139934,684,7344,4666
hgb,119,source_heldout,0.55,139387,622,7891,4728
hgb,119,source_heldout,0.6,136819,444,10459,4906
hgb,119,source_heldout,0.65,136499,387,10779,4963
hgb,119,source_heldout,0.7,136106,231,11172,5119
hgb,119,source_heldout,0.75,133724,80,13554,5270
hgb,119,source_heldout,0.8,127767,38,19511,5312
hgb,119,source_heldout,0.85,127024,29,20254,5321
hgb,119,source_heldout,0.9,125989,21,21289,5329
hgb,119,source_heldout,0.95,119997,5,27281,5345
hgb,119,source_heldout,0.975,118825,4,28453,5346
hgb,119,source_heldout,0.99,117095,2,30183,5348
hgb,119,source_heldout,0.995,115042,2,32236,5348
hgb,119,source_heldout,0.999,98654,2,48624,5348
hgb,119,target,0.05,694364,445535,43789,32201
hgb,119,target,0.1,688931,306300,49222,171436
hgb,119,target,0.15,153404,22472,584749,455264
hgb,119,target,0.2,126204,18389,611949,459347
hgb,119,target,0.25,122870,14409,615283,463327
hgb,119,target,0.3,81089,13273,657064,464463
hgb,119,target,0.35,79509,12921,658644,464815
hgb,119,target,0.4,33870,5583,704283,472153
hgb,119,target,0.45,31061,5471,707092,472265
hgb,119,target,0.5,30757,5415,707396,472321
hgb,119,target,0.55,30616,5319,707537,472417
hgb,119,target,0.6,26599,5196,711554,472540
hgb,119,target,0.65,26031,1048,712122,476688
hgb,119,target,0.7,23990,989,714163,476747
hgb,119,target,0.75,22127,882,716026,476854
hgb,119,target,0.8,21496,199,716657,477537
hgb,119,target,0.85,21054,136,717099,477600
hgb,119,target,0.9,20490,87,717663,477649
hgb,119,target,0.95,16811,51,721342,477685
hgb,119,target,0.975,8167,21,729986,477715
hgb,119,target,0.99,4885,7,733268,477729
hgb,119,target,0.995,1676,0,736477,477736
hgb,119,target,0.999,2,0,738151,477736
mlp,119,source_heldout,0.05,146855,2223,423,3127
mlp,119,source_heldout,0.1,146604,1987,674,3363
mlp,119,source_heldout,0.15,144665,1176,2613,4174
mlp,119,source_heldout,0.2,143023,606,4255,4744
mlp,119,source_heldout,0.25,140218,554,7060,4796
mlp,119,source_heldout,0.3,139879,518,7399,4832
mlp,119,source_heldout,0.35,138351,446,8927,4904
mlp,119,source_heldout,0.4,138275,433,9003,4917
mlp,119,source_heldout,0.45,138233,420,9045,4930
mlp,119,source_heldout,0.5,137775,357,9503,4993
mlp,119,source_heldout,0.55,130981,204,16297,5146
mlp,119,source_heldout,0.6,129555,117,17723,5233
mlp,119,source_heldout,0.65,129141,109,18137,5241
mlp,119,source_heldout,0.7,128842,99,18436,5251
mlp,119,source_heldout,0.75,127533,70,19745,5280
mlp,119,source_heldout,0.8,126214,57,21064,5293
mlp,119,source_heldout,0.85,125508,40,21770,5310
mlp,119,source_heldout,0.9,123325,27,23953,5323
mlp,119,source_heldout,0.95,118709,9,28569,5341
mlp,119,source_heldout,0.975,115641,4,31637,5346
mlp,119,source_heldout,0.99,110467,3,36811,5347
mlp,119,source_heldout,0.995,102364,2,44914,5348
mlp,119,source_heldout,0.999,31973,2,115305,5348
mlp,119,target,0.05,220123,178112,518030,299624
mlp,119,target,0.1,218474,164222,519679,313514
mlp,119,target,0.15,161189,130774,576964,346962
mlp,119,target,0.2,122710,21790,615443,455946
mlp,119,target,0.25,104551,18793,633602,458943
mlp,119,target,0.3,101834,9508,636319,468228
mlp,119,target,0.35,99529,4334,638624,473402
mlp,119,target,0.4,98126,2654,640027,475082
mlp,119,target,0.45,88727,2501,649426,475235
mlp,119,target,0.5,87361,2349,650792,475387
mlp,119,target,0.55,86546,2315,651607,475421
mlp,119,target,0.6,85975,2258,652178,475478
mlp,119,target,0.65,81268,2203,656885,475533
mlp,119,target,0.7,80693,2141,657460,475595
mlp,119,target,0.75,79665,1600,658488,476136
mlp,119,target,0.8,21797,882,716356,476854
mlp,119,target,0.85,19834,820,718319,476916
mlp,119,target,0.9,19642,772,718511,476964
mlp,119,target,0.95,17137,86,721016,477650
mlp,119,target,0.975,15443,38,722710,477698
mlp,119,target,0.99,7534,8,730619,477728
mlp,119,target,0.995,5668,0,732485,477736
mlp,119,target,0.999,1314,0,736839,477736
majority,120,source_heldout,0.05,85030,4270,0,0
majority,120,source_heldout,0.1,85030,4270,0,0
majority,120,source_heldout,0.15,85030,4270,0,0
majority,120,source_heldout,0.2,85030,4270,0,0
majority,120,source_heldout,0.25,85030,4270,0,0
majority,120,source_heldout,0.3,85030,4270,0,0
majority,120,source_heldout,0.35,85030,4270,0,0
majority,120,source_heldout,0.4,85030,4270,0,0
majority,120,source_heldout,0.45,85030,4270,0,0
majority,120,source_heldout,0.5,85030,4270,0,0
majority,120,source_heldout,0.55,85030,4270,0,0
majority,120,source_heldout,0.6,85030,4270,0,0
majority,120,source_heldout,0.65,85030,4270,0,0
majority,120,source_heldout,0.7,85030,4270,0,0
majority,120,source_heldout,0.75,85030,4270,0,0
majority,120,source_heldout,0.8,85030,4270,0,0
majority,120,source_heldout,0.85,85030,4270,0,0
majority,120,source_heldout,0.9,85030,4270,0,0
majority,120,source_heldout,0.95,85030,4270,0,0
majority,120,source_heldout,0.975,85030,4270,0,0
majority,120,source_heldout,0.99,85030,4270,0,0
majority,120,source_heldout,0.995,85030,4270,0,0
majority,120,source_heldout,0.999,85030,4270,0,0
majority,120,target,0.05,738153,477736,0,0
majority,120,target,0.1,738153,477736,0,0
majority,120,target,0.15,738153,477736,0,0
majority,120,target,0.2,738153,477736,0,0
majority,120,target,0.25,738153,477736,0,0
majority,120,target,0.3,738153,477736,0,0
majority,120,target,0.35,738153,477736,0,0
majority,120,target,0.4,738153,477736,0,0
majority,120,target,0.45,738153,477736,0,0
majority,120,target,0.5,738153,477736,0,0
majority,120,target,0.55,738153,477736,0,0
majority,120,target,0.6,738153,477736,0,0
majority,120,target,0.65,738153,477736,0,0
majority,120,target,0.7,738153,477736,0,0
majority,120,target,0.75,738153,477736,0,0
majority,120,target,0.8,738153,477736,0,0
majority,120,target,0.85,738153,477736,0,0
majority,120,target,0.9,738153,477736,0,0
majority,120,target,0.95,738153,477736,0,0
majority,120,target,0.975,738153,477736,0,0
majority,120,target,0.99,738153,477736,0,0
majority,120,target,0.995,738153,477736,0,0
majority,120,target,0.999,738153,477736,0,0
stratified,120,source_heldout,0.05,80266,4032,4764,238
stratified,120,source_heldout,0.1,80266,4032,4764,238
stratified,120,source_heldout,0.15,80266,4032,4764,238
stratified,120,source_heldout,0.2,80266,4032,4764,238
stratified,120,source_heldout,0.25,80266,4032,4764,238
stratified,120,source_heldout,0.3,80266,4032,4764,238
stratified,120,source_heldout,0.35,80266,4032,4764,238
stratified,120,source_heldout,0.4,80266,4032,4764,238
stratified,120,source_heldout,0.45,80266,4032,4764,238
stratified,120,source_heldout,0.5,80266,4032,4764,238
stratified,120,source_heldout,0.55,80266,4032,4764,238
stratified,120,source_heldout,0.6,80266,4032,4764,238
stratified,120,source_heldout,0.65,80266,4032,4764,238
stratified,120,source_heldout,0.7,80266,4032,4764,238
stratified,120,source_heldout,0.75,80266,4032,4764,238
stratified,120,source_heldout,0.8,80266,4032,4764,238
stratified,120,source_heldout,0.85,80266,4032,4764,238
stratified,120,source_heldout,0.9,80266,4032,4764,238
stratified,120,source_heldout,0.95,80266,4032,4764,238
stratified,120,source_heldout,0.975,80266,4032,4764,238
stratified,120,source_heldout,0.99,80266,4032,4764,238
stratified,120,source_heldout,0.995,80266,4032,4764,238
stratified,120,source_heldout,0.999,80266,4032,4764,238
stratified,120,target,0.05,697001,451056,41152,26680
stratified,120,target,0.1,697001,451056,41152,26680
stratified,120,target,0.15,697001,451056,41152,26680
stratified,120,target,0.2,697001,451056,41152,26680
stratified,120,target,0.25,697001,451056,41152,26680
stratified,120,target,0.3,697001,451056,41152,26680
stratified,120,target,0.35,697001,451056,41152,26680
stratified,120,target,0.4,697001,451056,41152,26680
stratified,120,target,0.45,697001,451056,41152,26680
stratified,120,target,0.5,697001,451056,41152,26680
stratified,120,target,0.55,697001,451056,41152,26680
stratified,120,target,0.6,697001,451056,41152,26680
stratified,120,target,0.65,697001,451056,41152,26680
stratified,120,target,0.7,697001,451056,41152,26680
stratified,120,target,0.75,697001,451056,41152,26680
stratified,120,target,0.8,697001,451056,41152,26680
stratified,120,target,0.85,697001,451056,41152,26680
stratified,120,target,0.9,697001,451056,41152,26680
stratified,120,target,0.95,697001,451056,41152,26680
stratified,120,target,0.975,697001,451056,41152,26680
stratified,120,target,0.99,697001,451056,41152,26680
stratified,120,target,0.995,697001,451056,41152,26680
stratified,120,target,0.999,697001,451056,41152,26680
logreg,120,source_heldout,0.05,84645,2198,385,2072
logreg,120,source_heldout,0.1,84403,2020,627,2250
logreg,120,source_heldout,0.15,84344,1912,686,2358
logreg,120,source_heldout,0.2,84249,1793,781,2477
logreg,120,source_heldout,0.25,84095,1585,935,2685
logreg,120,source_heldout,0.3,83316,1196,1714,3074
logreg,120,source_heldout,0.35,79361,1108,5669,3162
logreg,120,source_heldout,0.4,79172,1070,5858,3200
logreg,120,source_heldout,0.45,78748,1014,6282,3256
logreg,120,source_heldout,0.5,78512,989,6518,3281
logreg,120,source_heldout,0.55,78252,961,6778,3309
logreg,120,source_heldout,0.6,74327,923,10703,3347
logreg,120,source_heldout,0.65,59303,876,25727,3394
logreg,120,source_heldout,0.7,57250,798,27780,3472
logreg,120,source_heldout,0.75,56812,675,28218,3595
logreg,120,source_heldout,0.8,52517,380,32513,3890
logreg,120,source_heldout,0.85,41856,158,43174,4112
logreg,120,source_heldout,0.9,6165,31,78865,4239
logreg,120,source_heldout,0.95,6143,31,78887,4239
logreg,120,source_heldout,0.975,3273,15,81757,4255
logreg,120,source_heldout,0.99,0,0,85030,4270
logreg,120,source_heldout,0.995,0,0,85030,4270
logreg,120,source_heldout,0.999,0,0,85030,4270
logreg,120,target,0.05,688255,444402,49898,33334
logreg,120,target,0.1,666845,435870,71308,41866
logreg,120,target,0.15,662993,434785,75160,42951
logreg,120,target,0.2,655338,410874,82815,66862
logreg,120,target,0.25,652640,410039,85513,67697
logreg,120,target,0.3,650040,408922,88113,68814
logreg,120,target,0.35,647867,408628,90286,69108
logreg,120,target,0.4,646957,408067,91196,69669
logreg,120,target,0.45,646737,407714,91416,70022
logreg,120,target,0.5,644757,407263,93396,70473
logreg,120,target,0.55,634825,406848,103328,70888
logreg,120,target,0.6,621689,406657,116464,71079
logreg,120,target,0.65,616180,406060,121973,71676
logreg,120,target,0.7,602518,405543,135635,72193
logreg,120,target,0.75,544405,403488,193748,74248
logreg,120,target,0.8,531192,291321,206961,186415
logreg,120,target,0.85,58272,7058,679881,470678
logreg,120,target,0.9,58272,7052,679881,470684
logreg,120,target,0.95,58272,7020,679881,470716
logreg,120,target,0.975,0,0,738153,477736
logreg,120,target,0.99,0,0,738153,477736
logreg,120,target,0.995,0,0,738153,477736
logreg,120,target,0.999,0,0,738153,477736
tree,120,source_heldout,0.05,84751,3164,279,1106
tree,120,source_heldout,0.1,84283,2947,747,1323
tree,120,source_heldout,0.15,80420,2496,4610,1774
tree,120,source_heldout,0.2,80018,2341,5012,1929
tree,120,source_heldout,0.25,79992,2329,5038,1941
tree,120,source_heldout,0.3,79989,2328,5041,1942
tree,120,source_heldout,0.35,79891,2313,5139,1957
tree,120,source_heldout,0.4,79832,2292,5198,1978
tree,120,source_heldout,0.45,79645,2276,5385,1994
tree,120,source_heldout,0.5,79580,2274,5450,1996
tree,120,source_heldout,0.55,79116,2250,5914,2020
tree,120,source_heldout,0.6,78307,2097,6723,2173
tree,120,source_heldout,0.65,78285,2095,6745,2175
tree,120,source_heldout,0.7,78257,2095,6773,2175
tree,120,source_heldout,0.75,78194,2091,6836,2179
tree,120,source_heldout,0.8,78189,2090,6841,2180
tree,120,source_heldout,0.85,78056,2087,6974,2183
tree,120,source_heldout,0.9,75850,2060,9180,2210
tree,120,source_heldout,0.95,75128,2050,9902,2220
tree,120,source_heldout,0.975,74794,2049,10236,2221
tree,120,source_heldout,0.99,74318,2047,10712,2223
tree,120,source_heldout,0.995,71414,2045,13616,2225
tree,120,source_heldout,0.999,71414,2045,13616,2225
tree,120,target,0.05,694090,454203,44063,23533
tree,120,target,0.1,650045,430226,88108,47510
tree,120,target,0.15,83658,24520,654495,453216
tree,120,target,0.2,76438,23616,661715,454120
tree,120,target,0.25,76438,23615,661715,454121
tree,120,target,0.3,76438,23615,661715,454121
tree,120,target,0.35,75255,23615,662898,454121
tree,120,target,0.4,75255,23613,662898,454123
tree,120,target,0.45,75255,23604,662898,454132
tree,120,target,0.5,75255,23582,662898,454154
tree,120,target,0.55,75239,23582,662914,454154
tree,120,target,0.6,75239,23582,662914,454154
tree,120,target,0.65,75239,17034,662914,460702
tree,120,target,0.7,75219,17034,662934,460702
tree,120,target,0.75,74829,17034,663324,460702
tree,120,target,0.8,74829,17034,663324,460702
tree,120,target,0.85,74829,16631,663324,461105
tree,120,target,0.9,74797,12538,663356,465198
tree,120,target,0.95,74717,12531,663436,465205
tree,120,target,0.975,74715,12514,663438,465222
tree,120,target,0.99,74715,12514,663438,465222
tree,120,target,0.995,32770,11815,705383,465921
tree,120,target,0.999,32770,11815,705383,465921
rf,120,source_heldout,0.05,84992,3613,38,657
rf,120,source_heldout,0.1,84775,3340,255,930
rf,120,source_heldout,0.15,80965,2861,4065,1409
rf,120,source_heldout,0.2,80754,942,4276,3328
rf,120,source_heldout,0.25,80641,843,4389,3427
rf,120,source_heldout,0.3,80609,789,4421,3481
rf,120,source_heldout,0.35,80459,727,4571,3543
rf,120,source_heldout,0.4,80264,668,4766,3602
rf,120,source_heldout,0.45,79934,598,5096,3672
rf,120,source_heldout,0.5,79300,447,5730,3823
rf,120,source_heldout,0.55,78752,321,6278,3949
rf,120,source_heldout,0.6,78639,288,6391,3982
rf,120,source_heldout,0.65,78269,185,6761,4085
rf,120,source_heldout,0.7,77967,141,7063,4129
rf,120,source_heldout,0.75,77867,104,7163,4166
rf,120,source_heldout,0.8,77795,87,7235,4183
rf,120,source_heldout,0.85,76577,66,8453,4204
rf,120,source_heldout,0.9,75054,40,9976,4230
rf,120,source_heldout,0.95,72805,18,12225,4252
rf,120,source_heldout,0.975,72318,9,12712,4261
rf,120,source_heldout,0.99,68089,2,16941,4268
rf,120,source_heldout,0.995,66893,0,18137,4270
rf,120,source_heldout,0.999,40593,0,44437,4270
rf,120,target,0.05,724858,475171,13295,2565
rf,120,target,0.1,670109,473291,68044,4445
rf,120,target,0.15,659757,463000,78396,14736
rf,120,target,0.2,184446,42025,553707,435711
rf,120,target,0.25,183072,35776,555081,441960
rf,120,target,0.3,182971,29997,555182,447739
rf,120,target,0.35,182935,24642,555218,453094
rf,120,target,0.4,182905,23392,555248,454344
rf,120,target,0.45,182408,19267,555745,458469
rf,120,target,0.5,179650,17791,558503,459945
rf,120,target,0.55,172682,17047,565471,460689
rf,120,target,0.6,169883,16652,568270,461084
rf,120,target,0.65,166884,16411,571269,461325
rf,120,target,0.7,165129,13554,573024,464182
rf,120,target,0.75,158375,13116,579778,464620
rf,120,target,0.8,128282,12788,609871,464948
rf,120,target,0.85,116446,12600,621707,465136
rf,120,target,0.9,56477,1066,681676,476670
rf,120,target,0.95,1742,75,736411,477661
rf,120,target,0.975,1214,35,736939,477701
rf,120,target,0.99,1144,15,737009,477721
rf,120,target,0.995,0,0,738153,477736
rf,120,target,0.999,0,0,738153,477736
xgboost,120,source_heldout,0.05,84814,1472,216,2798
xgboost,120,source_heldout,0.1,84213,1175,817,3095
xgboost,120,source_heldout,0.15,80240,659,4790,3611
xgboost,120,source_heldout,0.2,80113,581,4917,3689
xgboost,120,source_heldout,0.25,79922,500,5108,3770
xgboost,120,source_heldout,0.3,79856,468,5174,3802
xgboost,120,source_heldout,0.35,79662,401,5368,3869
xgboost,120,source_heldout,0.4,79466,351,5564,3919
xgboost,120,source_heldout,0.45,79247,327,5783,3943
xgboost,120,source_heldout,0.5,79079,292,5951,3978
xgboost,120,source_heldout,0.55,78709,262,6321,4008
xgboost,120,source_heldout,0.6,78391,232,6639,4038
xgboost,120,source_heldout,0.65,77743,94,7287,4176
xgboost,120,source_heldout,0.7,77660,88,7370,4182
xgboost,120,source_heldout,0.75,77479,81,7551,4189
xgboost,120,source_heldout,0.8,77279,81,7751,4189
xgboost,120,source_heldout,0.85,76800,76,8230,4194
xgboost,120,source_heldout,0.9,74514,45,10516,4225
xgboost,120,source_heldout,0.95,73240,38,11790,4232
xgboost,120,source_heldout,0.975,72467,14,12563,4256
xgboost,120,source_heldout,0.99,70907,6,14123,4264
xgboost,120,source_heldout,0.995,68560,0,16470,4270
xgboost,120,source_heldout,0.999,62533,0,22497,4270
xgboost,120,target,0.05,690578,441141,47575,36595
xgboost,120,target,0.1,649281,435290,88872,42446
xgboost,120,target,0.15,174996,43333,563157,434403
xgboost,120,target,0.2,172939,17929,565214,459807
xgboost,120,target,0.25,171980,16916,566173,460820
xgboost,120,target,0.3,150283,9982,587870,467754
xgboost,120,target,0.35,147802,9879,590351,467857
xgboost,120,target,0.4,123763,9624,614390,468112
xgboost,120,target,0.45,122901,9474,615252,468262
xgboost,120,target,0.5,104726,9093,633427,468643
xgboost,120,target,0.55,68518,5387,669635,472349
xgboost,120,target,0.6,43980,5299,694173,472437
xgboost,120,target,0.65,30433,5235,707720,472501
xgboost,120,target,0.7,24484,5058,713669,472678
xgboost,120,target,0.75,23648,4945,714505,472791
xgboost,120,target,0.8,18728,4884,719425,472852
xgboost,120,target,0.85,14243,759,723910,476977
xgboost,120,target,0.9,11367,73,726786,477663
xgboost,120,target,0.95,3360,45,734793,477691
xgboost,120,target,0.975,3066,28,735087,477708
xgboost,120,target,0.99,16,11,738137,477725
xgboost,120,target,0.995,0,0,738153,477736
xgboost,120,target,0.999,0,0,738153,477736
hgb,120,source_heldout,0.05,84808,1445,222,2825
hgb,120,source_heldout,0.1,84577,1236,453,3034
hgb,120,source_heldout,0.15,80603,721,4427,3549
hgb,120,source_heldout,0.2,80393,634,4637,3636
hgb,120,source_heldout,0.25,80184,541,4846,3729
hgb,120,source_heldout,0.3,80033,470,4997,3800
hgb,120,source_heldout,0.35,79827,436,5203,3834
hgb,120,source_heldout,0.4,79678,427,5352,3843
hgb,120,source_heldout,0.45,79421,398,5609,3872
hgb,120,source_heldout,0.5,79249,330,5781,3940
hgb,120,source_heldout,0.55,78950,308,6080,3962
hgb,120,source_heldout,0.6,78656,255,6374,4015
hgb,120,source_heldout,0.65,78127,167,6903,4103
hgb,120,source_heldout,0.7,77882,130,7148,4140
hgb,120,source_heldout,0.75,77826,128,7204,4142
hgb,120,source_heldout,0.8,77435,88,7595,4182
hgb,120,source_heldout,0.85,76498,75,8532,4195
hgb,120,source_heldout,0.9,75983,68,9047,4202
hgb,120,source_heldout,0.95,73879,43,11151,4227
hgb,120,source_heldout,0.975,73050,19,11980,4251
hgb,120,source_heldout,0.99,71684,9,13346,4261
hgb,120,source_heldout,0.995,70777,7,14253,4263
hgb,120,source_heldout,0.999,66416,0,18614,4270
hgb,120,target,0.05,691988,441207,46165,36529
hgb,120,target,0.1,653297,437252,84856,40484
hgb,120,target,0.15,630593,327236,107560,150500
hgb,120,target,0.2,153817,45243,584336,432493
hgb,120,target,0.25,131266,15140,606887,462596
hgb,120,target,0.3,129925,14608,608228,463128
hgb,120,target,0.35,129652,14445,608501,463291
hgb,120,target,0.4,123081,14183,615072,463553
hgb,120,target,0.45,120008,14043,618145,463693
hgb,120,target,0.5,100829,13218,637324,464518
hgb,120,target,0.55,100211,12375,637942,465361
hgb,120,target,0.6,96813,9505,641340,468231
hgb,120,target,0.65,90606,9117,647547,468619
hgb,120,target,0.7,67684,8752,670469,468984
hgb,120,target,0.75,67322,8549,670831,469187
hgb,120,target,0.8,64191,3703,673962,474033
hgb,120,target,0.85,62569,3506,675584,474230
hgb,120,target,0.9,23897,2760,714256,474976
hgb,120,target,0.95,19551,1589,718602,476147
hgb,120,target,0.975,18085,1170,720068,476566
hgb,120,target,0.99,23,117,738130,477619
hgb,120,target,0.995,21,43,738132,477693
hgb,120,target,0.999,2,16,738151,477720
mlp,120,source_heldout,0.05,84761,1534,269,2736
mlp,120,source_heldout,0.1,84409,1274,621,2996
mlp,120,source_heldout,0.15,80303,726,4727,3544
mlp,120,source_heldout,0.2,79756,622,5274,3648
mlp,120,source_heldout,0.25,79559,521,5471,3749
mlp,120,source_heldout,0.3,79404,457,5626,3813
mlp,120,source_heldout,0.35,79234,428,5796,3842
mlp,120,source_heldout,0.4,79166,407,5864,3863
mlp,120,source_heldout,0.45,78901,369,6129,3901
mlp,120,source_heldout,0.5,78780,334,6250,3936
mlp,120,source_heldout,0.55,78688,325,6342,3945
mlp,120,source_heldout,0.6,77538,278,7492,3992
mlp,120,source_heldout,0.65,76945,195,8085,4075
mlp,120,source_heldout,0.7,75975,126,9055,4144
mlp,120,source_heldout,0.75,75340,98,9690,4172
mlp,120,source_heldout,0.8,74535,73,10495,4197
mlp,120,source_heldout,0.85,74167,58,10863,4212
mlp,120,source_heldout,0.9,73626,52,11404,4218
mlp,120,source_heldout,0.95,71295,43,13735,4227
mlp,120,source_heldout,0.975,70726,40,14304,4230
mlp,120,source_heldout,0.99,62940,12,22090,4258
mlp,120,source_heldout,0.995,62376,9,22654,4261
mlp,120,source_heldout,0.999,39117,0,45913,4270
mlp,120,target,0.05,686218,446198,51935,31538
mlp,120,target,0.1,660829,442597,77324,35139
mlp,120,target,0.15,103049,126061,635104,351675
mlp,120,target,0.2,99967,125463,638186,352273
mlp,120,target,0.25,96741,123399,641412,354337
mlp,120,target,0.3,92206,119843,645947,357893
mlp,120,target,0.35,89513,118590,648640,359146
mlp,120,target,0.4,88225,118102,649928,359634
mlp,120,target,0.45,87038,8765,651115,468971
mlp,120,target,0.5,86128,8544,652025,469192
mlp,120,target,0.55,55892,5743,682261,471993
mlp,120,target,0.6,20040,5066,718113,472670
mlp,120,target,0.65,19861,932,718292,476804
mlp,120,target,0.7,19716,880,718437,476856
mlp,120,target,0.75,13576,853,724577,476883
mlp,120,target,0.8,6829,788,731324,476948
mlp,120,target,0.85,6435,762,731718,476974
mlp,120,target,0.9,6329,79,731824,477657
mlp,120,target,0.95,3513,51,734640,477685
mlp,120,target,0.975,1421,39,736732,477697
mlp,120,target,0.99,10,6,738143,477730
mlp,120,target,0.995,9,0,738144,477736
mlp,120,target,0.999,0,0,738153,477736
