model,split_seed,domain,tau,tp,fp,fn,tn
majority,101,source_heldout,0.05,36552,23448,0,0
majority,101,source_heldout,0.1,36552,23448,0,0
majority,101,source_heldout,0.15,36552,23448,0,0
majority,101,source_heldout,0.2,36552,23448,0,0
majority,101,source_heldout,0.25,36552,23448,0,0
majority,101,source_heldout,0.3,36552,23448,0,0
majority,101,source_heldout,0.35,36552,23448,0,0
majority,101,source_heldout,0.4,36552,23448,0,0
majority,101,source_heldout,0.45,36552,23448,0,0
majority,101,source_heldout,0.5,36552,23448,0,0
majority,101,source_heldout,0.55,36552,23448,0,0
majority,101,source_heldout,0.6,36552,23448,0,0
majority,101,source_heldout,0.65,36552,23448,0,0
majority,101,source_heldout,0.7,36552,23448,0,0
majority,101,source_heldout,0.75,36552,23448,0,0
majority,101,source_heldout,0.8,36552,23448,0,0
majority,101,source_heldout,0.85,36552,23448,0,0
majority,101,source_heldout,0.9,36552,23448,0,0
majority,101,source_heldout,0.95,36552,23448,0,0
majority,101,source_heldout,0.975,36552,23448,0,0
majority,101,source_heldout,0.99,36552,23448,0,0
majority,101,source_heldout,0.995,36552,23448,0,0
majority,101,source_heldout,0.999,36552,23448,0,0
majority,101,target,0.05,839,38586,0,0
majority,101,target,0.1,839,38586,0,0
majority,101,target,0.15,839,38586,0,0
majority,101,target,0.2,839,38586,0,0
majority,101,target,0.25,839,38586,0,0
majority,101,target,0.3,839,38586,0,0
majority,101,target,0.35,839,38586,0,0
majority,101,target,0.4,839,38586,0,0
majority,101,target,0.45,839,38586,0,0
majority,101,target,0.5,839,38586,0,0
majority,101,target,0.55,839,38586,0,0
majority,101,target,0.6,839,38586,0,0
majority,101,target,0.65,839,38586,0,0
majority,101,target,0.7,839,38586,0,0
majority,101,target,0.75,839,38586,0,0
majority,101,target,0.8,839,38586,0,0
majority,101,target,0.85,839,38586,0,0
majority,101,target,0.9,839,38586,0,0
majority,101,target,0.95,839,38586,0,0
majority,101,target,0.975,839,38586,0,0
majority,101,target,0.99,839,38586,0,0
majority,101,target,0.995,839,38586,0,0
majority,101,target,0.999,839,38586,0,0
stratified,101,source_heldout,0.05,22206,14146,14346,9302
stratified,101,source_heldout,0.1,22206,14146,14346,9302
stratified,101,source_heldout,0.15,22206,14146,14346,9302
stratified,101,source_heldout,0.2,22206,14146,14346,9302
stratified,101,source_heldout,0.25,22206,14146,14346,9302
stratified,101,source_heldout,0.3,22206,14146,14346,9302
stratified,101,source_heldout,0.35,22206,14146,14346,9302
stratified,101,source_heldout,0.4,22206,14146,14346,9302
stratified,101,source_heldout,0.45,22206,14146,14346,9302
stratified,101,source_heldout,0.5,22206,14146,14346,9302
stratified,101,source_heldout,0.55,22206,14146,14346,9302
stratified,101,source_heldout,0.6,22206,14146,14346,9302
stratified,101,source_heldout,0.65,22206,14146,14346,9302
stratified,101,source_heldout,0.7,22206,14146,14346,9302
stratified,101,source_heldout,0.75,22206,14146,14346,9302
stratified,101,source_heldout,0.8,22206,14146,14346,9302
stratified,101,source_heldout,0.85,22206,14146,14346,9302
stratified,101,source_heldout,0.9,22206,14146,14346,9302
stratified,101,source_heldout,0.95,22206,14146,14346,9302
stratified,101,source_heldout,0.975,22206,14146,14346,9302
stratified,101,source_heldout,0.99,22206,14146,14346,9302
stratified,101,source_heldout,0.995,22206,14146,14346,9302
stratified,101,source_heldout,0.999,22206,14146,14346,9302
stratified,101,target,0.05,481,23395,358,15191
stratified,101,target,0.1,481,23395,358,15191
stratified,101,target,0.15,481,23395,358,15191
stratified,101,target,0.2,481,23395,358,15191
stratified,101,target,0.25,481,23395,358,15191
stratified,101,target,0.3,481,23395,358,15191
stratified,101,target,0.35,481,23395,358,15191
stratified,101,target,0.4,481,23395,358,15191
stratified,101,target,0.45,481,23395,358,15191
stratified,101,target,0.5,481,23395,358,15191
stratified,101,target,0.55,481,23395,358,15191
stratified,101,target,0.6,481,23395,358,15191
stratified,101,target,0.65,481,23395,358,15191
stratified,101,target,0.7,481,23395,358,15191
stratified,101,target,0.75,481,23395,358,15191
stratified,101,target,0.8,481,23395,358,15191
stratified,101,target,0.85,481,23395,358,15191
stratified,101,target,0.9,481,23395,358,15191
stratified,101,target,0.95,481,23395,358,15191
stratified,101,target,0.975,481,23395,358,15191
stratified,101,target,0.99,481,23395,358,15191
stratified,101,target,0.995,481,23395,358,15191
stratified,101,target,0.999,481,23395,358,15191
logreg,101,source_heldout,0.05,36538,14810,14,8638
logreg,101,source_heldout,0.1,36535,14545,17,8903
logreg,101,source_heldout,0.15,36528,14505,24,8943
logreg,101,source_heldout,0.2,36525,14481,27,8967
logreg,101,source_heldout,0.25,36513,14471,39,8977
logreg,101,source_heldout,0.3,36499,14463,53,8985
logreg,101,source_heldout,0.35,36485,14434,67,9014
logreg,101,source_heldout,0.4,35400,14385,1152,9063
logreg,101,source_heldout,0.45,34239,14375,2313,9073
logreg,101,source_heldout,0.5,28113,8364,8439,15084
logreg,101,source_heldout,0.55,16231,742,20321,22706
logreg,101,source_heldout,0.6,15966,484,20586,22964
logreg,101,source_heldout,0.65,15936,475,20616,22973
logreg,101,source_heldout,0.7,15890,468,20662,22980
logreg,101,source_heldout,0.75,15807,468,20745,22980
logreg,101,source_heldout,0.8,14648,270,21904,23178
logreg,101,source_heldout,0.85,11406,149,25146,23299
logreg,101,source_heldout,0.9,10479,119,26073,23329
logreg,101,source_heldout,0.95,10063,102,26489,23346
logreg,101,source_heldout,0.975,8441,91,28111,23357
logreg,101,source_heldout,0.99,7309,74,29243,23374
logreg,101,source_heldout,0.995,4467,57,32085,23391
logreg,101,source_heldout,0.999,2390,20,34162,23428
logreg,101,target,0.05,738,32702,101,5884
logreg,101,target,0.1,738,32133,101,6453
logreg,101,target,0.15,738,31573,101,7013
logreg,101,target,0.2,738,31094,101,7492
logreg,101,target,0.25,738,30762,101,7824
logreg,101,target,0.3,582,30514,257,8072
logreg,101,target,0.35,582,30394,257,8192
logreg,101,target,0.4,582,30316,257,8270
logreg,101,target,0.45,582,30250,257,8336
logreg,101,target,0.5,582,30228,257,8358
logreg,101,target,0.55,582,6267,257,32319
logreg,101,target,0.6,582,6222,257,32364
logreg,101,target,0.65,580,6214,259,32372
logreg,101,target,0.7,580,6207,259,32379
logreg,101,target,0.75,580,5799,259,32787
logreg,101,target,0.8,580,5795,259,32791
logreg,101,target,0.85,580,5761,259,32825
logreg,101,target,0.9,580,5691,259,32895
logreg,101,target,0.95,580,5659,259,32927
logreg,101,target,0.975,580,5657,259,32929
logreg,101,target,0.99,580,5597,259,32989
logreg,101,target,0.995,580,1243,259,37343
logreg,101,target,0.999,0,11,839,38575
tree,101,source_heldout,0.05,36541,14092,11,9356
tree,101,source_heldout,0.1,36541,14092,11,9356
tree,101,source_heldout,0.15,36540,14088,12,9360
tree,101,source_heldout,0.2,36535,14084,17,9364
tree,101,source_heldout,0.25,36533,14081,19,9367
tree,101,source_heldout,0.3,36533,14078,19,9370
tree,101,source_heldout,0.35,36427,13978,125,9470
tree,101,source_heldout,0.4,29551,7183,7001,16265
tree,101,source_heldout,0.45,29551,7183,7001,16265
tree,101,source_heldout,0.5,29551,7183,7001,16265
tree,101,source_heldout,0.55,18402,235,18150,23213
tree,101,source_heldout,0.6,18394,228,18158,23220
tree,101,source_heldout,0.65,18394,227,18158,23221
tree,101,source_heldout,0.7,18389,225,18163,23223
tree,101,source_heldout,0.75,18389,225,18163,23223
tree,101,source_heldout,0.8,17375,42,19177,23406
tree,101,source_heldout,0.85,17375,42,19177,23406
tree,101,source_heldout,0.9,17375,42,19177,23406
tree,101,source_heldout,0.95,17227,31,19325,23417
tree,101,source_heldout,0.975,17227,31,19325,23417
tree,101,source_heldout,0.99,16412,23,20140,23425
tree,101,source_heldout,0.995,16288,22,20264,23426
tree,101,source_heldout,0.999,11681,14,24871,23434
tree,101,target,0.05,697,30167,142,8419
tree,101,target,0.1,697,30167,142,8419
tree,101,target,0.15,697,30167,142,8419
tree,101,target,0.2,697,30167,142,8419
tree,101,target,0.25,697,30167,142,8419
tree,101,target,0.3,697,30167,142,8419
tree,101,target,0.35,697,30167,142,8419
tree,101,target,0.4,697,30167,142,8419
tree,101,target,0.45,697,30167,142,8419
tree,101,target,0.5,697,30167,142,8419
tree,101,target,0.55,697,30167,142,8419
tree,101,target,0.6,697,30167,142,8419
tree,101,target,0.65,697,30167,142,8419
tree,101,target,0.7,697,30141,142,8445
tree,101,target,0.75,697,30141,142,8445
tree,101,target,0.8,697,29735,142,8851
tree,101,target,0.85,697,29735,142,8851
tree,101,target,0.9,697,29735,142,8851
tree,101,target,0.95,697,29735,142,8851
tree,101,target,0.975,697,29735,142,8851
tree,101,target,0.99,697,29735,142,8851
tree,101,target,0.995,697,25344,142,13242
tree,101,target,0.999,697,25344,142,13242
rf,101,source_heldout,0.05,36364,14029,188,9419
rf,101,source_heldout,0.1,36130,13870,422,9578
rf,101,source_heldout,0.15,35830,13668,722,9780
rf,101,source_heldout,0.2,35487,13409,1065,10039
rf,101,source_heldout,0.25,34999,13021,1553,10427
rf,101,source_heldout,0.3,34419,12497,2133,10951
rf,101,source_heldout,0.35,33800,11936,2752,11512
rf,101,source_heldout,0.4,33166,11304,3386,12144
rf,101,source_heldout,0.45,32457,10574,4095,12874
rf,101,source_heldout,0.5,31862,9961,4690,13487
rf,101,source_heldout,0.55,20209,2484,16343,20964
rf,101,source_heldout,0.6,19786,2008,16766,21440
rf,101,source_heldout,0.65,19427,1601,17125,21847
rf,101,source_heldout,0.7,19142,1251,17410,22197
rf,101,source_heldout,0.75,18930,951,17622,22497
rf,101,source_heldout,0.8,17775,560,18777,22888
rf,101,source_heldout,0.85,17645,409,18907,23039
rf,101,source_heldout,0.9,17527,270,19025,23178
rf,101,source_heldout,0.95,17387,127,19165,23321
rf,101,source_heldout,0.975,17282,52,19270,23396
rf,101,source_heldout,0.99,16308,4,20244,23444
rf,101,source_heldout,0.995,13850,1,22702,23447
rf,101,source_heldout,0.999,11859,0,24693,23448
rf,101,target,0.05,837,35945,2,2641
rf,101,target,0.1,837,35185,2,3401
rf,101,target,0.15,837,30508,2,8078
rf,101,target,0.2,837,30409,2,8177
rf,101,target,0.25,837,30272,2,8314
rf,101,target,0.3,837,30258,2,8328
rf,101,target,0.35,836,30212,3,8374
rf,101,target,0.4,739,30053,100,8533
rf,101,target,0.45,738,29952,101,8634
rf,101,target,0.5,582,29478,257,9108
rf,101,target,0.55,582,7994,257,30592
rf,101,target,0.6,580,5499,259,33087
rf,101,target,0.65,580,5481,259,33105
rf,101,target,0.7,440,5427,399,33159
rf,101,target,0.75,0,4407,839,34179
rf,101,target,0.8,0,4399,839,34187
rf,101,target,0.85,0,4399,839,34187
rf,101,target,0.9,0,4399,839,34187
rf,101,target,0.95,0,4393,839,34193
rf,101,target,0.975,0,4385,839,34201
rf,101,target,0.99,0,59,839,38527
rf,101,target,0.995,0,0,839,38586
rf,101,target,0.999,0,0,839,38586
xgboost,101,source_heldout,0.05,36547,14100,5,9348
xgboost,101,source_heldout,0.1,36547,14095,5,9353
xgboost,101,source_heldout,0.15,36547,14094,5,9354
xgboost,101,source_heldout,0.2,36547,14091,5,9357
xgboost,101,source_heldout,0.25,36544,14088,8,9360
xgboost,101,source_heldout,0.3,36544,14087,8,9361
xgboost,101,source_heldout,0.35,36417,13971,135,9477
xgboost,101,source_heldout,0.4,32301,10009,4251,13439
xgboost,101,source_heldout,0.45,29541,7161,7011,16287
xgboost,101,source_heldout,0.5,29527,7152,7025,16296
xgboost,101,source_heldout,0.55,18387,212,18165,23236
xgboost,101,source_heldout,0.6,18385,211,18167,23237
xgboost,101,source_heldout,0.65,18383,209,18169,23239
xgboost,101,source_heldout,0.7,18379,206,18173,23242
xgboost,101,source_heldout,0.75,18375,205,18177,23243
xgboost,101,source_heldout,0.8,17357,20,19195,23428
xgboost,101,source_heldout,0.85,17349,20,19203,23428
xgboost,101,source_heldout,0.9,17329,16,19223,23432
xgboost,101,source_heldout,0.95,17327,16,19225,23432
xgboost,101,source_heldout,0.975,17263,13,19289,23435
xgboost,101,source_heldout,0.99,16359,3,20193,23445
xgboost,101,source_heldout,0.995,16313,3,20239,23445
xgboost,101,source_heldout,0.999,13950,0,22602,23448
xgboost,101,target,0.05,837,30241,2,8345
xgboost,101,target,0.1,837,30206,2,8380
xgboost,101,target,0.15,837,30175,2,8411
xgboost,101,target,0.2,837,8665,2,29921
xgboost,101,target,0.25,837,8595,2,29991
xgboost,101,target,0.3,837,8589,2,29997
xgboost,101,target,0.35,837,8586,2,30000
xgboost,101,target,0.4,829,8582,10,30004
xgboost,101,target,0.45,739,8491,100,30095
xgboost,101,target,0.5,739,8485,100,30101
xgboost,101,target,0.55,738,8476,101,30110
xgboost,101,target,0.6,598,8361,241,30225
xgboost,101,target,0.65,596,5830,243,32756
xgboost,101,target,0.7,440,5606,399,32980
xgboost,101,target,0.75,440,5519,399,33067
xgboost,101,target,0.8,440,5476,399,33110
xgboost,101,target,0.85,440,5446,399,33140
xgboost,101,target,0.9,440,5427,399,33159
xgboost,101,target,0.95,440,5021,399,33565
xgboost,101,target,0.975,440,5017,399,33569
xgboost,101,target,0.99,0,4410,839,34176
xgboost,101,target,0.995,0,1,839,38585
xgboost,101,target,0.999,0,0,839,38586
hgb,101,source_heldout,0.05,36549,14106,3,9342
hgb,101,source_heldout,0.1,36549,14104,3,9344
hgb,101,source_heldout,0.15,36547,14094,5,9354
hgb,101,source_heldout,0.2,36547,14093,5,9355
hgb,101,source_heldout,0.25,36547,14091,5,9357
hgb,101,source_heldout,0.3,36547,14089,5,9359
hgb,101,source_heldout,0.35,36504,14060,48,9388
hgb,101,source_heldout,0.4,32053,9809,4499,13639
hgb,101,source_heldout,0.45,29521,7152,7031,16296
hgb,101,source_heldout,0.5,29519,7151,7033,16297
hgb,101,source_heldout,0.55,18384,210,18168,23238
hgb,101,source_heldout,0.6,18384,210,18168,23238
hgb,101,source_heldout,0.65,18380,208,18172,23240
hgb,101,source_heldout,0.7,18373,206,18179,23242
hgb,101,source_heldout,0.75,18373,206,18179,23242
hgb,101,source_heldout,0.8,17359,22,19193,23426
hgb,101,source_heldout,0.85,17359,22,19193,23426
hgb,101,source_heldout,0.9,17345,20,19207,23428
hgb,101,source_heldout,0.95,17325,15,19227,23433
hgb,101,source_heldout,0.975,17244,12,19308,23436
hgb,101,source_heldout,0.99,16386,2,20166,23446
hgb,101,source_heldout,0.995,16378,2,20174,23446
hgb,101,source_heldout,0.999,12247,0,24305,23448
hgb,101,target,0.05,697,30095,142,8491
hgb,101,target,0.1,697,30072,142,8514
hgb,101,target,0.15,697,29981,142,8605
hgb,101,target,0.2,694,8516,145,30070
hgb,101,target,0.25,600,6022,239,32564
hgb,101,target,0.3,596,6022,243,32564
hgb,101,target,0.35,596,6021,243,32565
hgb,101,target,0.4,596,6021,243,32565
hgb,101,target,0.45,596,6021,243,32565
hgb,101,target,0.5,596,6021,243,32565
hgb,101,target,0.55,596,5932,243,32654
hgb,101,target,0.6,596,5932,243,32654
hgb,101,target,0.65,596,5905,243,32681
hgb,101,target,0.7,156,4847,683,33739
hgb,101,target,0.75,156,4847,683,33739
hgb,101,target,0.8,156,4847,683,33739
hgb,101,target,0.85,156,4847,683,33739
hgb,101,target,0.9,156,4821,683,33765
hgb,101,target,0.95,155,4818,684,33768
hgb,101,target,0.975,31,4776,808,33810
hgb,101,target,0.99,0,4513,839,34073
hgb,101,target,0.995,0,4402,839,34184
hgb,101,target,0.999,0,10,839,38576
mlp,101,source_heldout,0.05,36544,14146,8,9302
mlp,101,source_heldout,0.1,36544,14137,8,9311
mlp,101,source_heldout,0.15,36543,14127,9,9321
mlp,101,source_heldout,0.2,36543,14125,9,9323
mlp,101,source_heldout,0.25,36542,14123,10,9325
mlp,101,source_heldout,0.3,36542,14122,10,9326
mlp,101,source_heldout,0.35,36348,13919,204,9529
mlp,101,source_heldout,0.4,35551,13147,1001,10301
mlp,101,source_heldout,0.45,29512,7175,7040,16273
mlp,101,source_heldout,0.5,29512,7174,7040,16274
mlp,101,source_heldout,0.55,18377,236,18175,23212
mlp,101,source_heldout,0.6,18374,236,18178,23212
mlp,101,source_heldout,0.65,18373,236,18179,23212
mlp,101,source_heldout,0.7,18372,235,18180,23213
mlp,101,source_heldout,0.75,17359,51,19193,23397
mlp,101,source_heldout,0.8,17357,50,19195,23398
mlp,101,source_heldout,0.85,17349,49,19203,23399
mlp,101,source_heldout,0.9,17251,49,19301,23399
mlp,101,source_heldout,0.95,17108,36,19444,23412
mlp,101,source_heldout,0.975,15420,14,21132,23434
mlp,101,source_heldout,0.99,14560,5,21992,23443
mlp,101,source_heldout,0.995,12535,4,24017,23444
mlp,101,source_heldout,0.999,9048,3,27504,23445
mlp,101,target,0.05,736,6452,103,32134
mlp,101,target,0.1,736,6330,103,32256
mlp,101,target,0.15,736,6295,103,32291
mlp,101,target,0.2,736,6250,103,32336
mlp,101,target,0.25,736,6233,103,32353
mlp,101,target,0.3,736,6215,103,32371
mlp,101,target,0.35,736,6202,103,32384
mlp,101,target,0.4,736,6172,103,32414
mlp,101,target,0.45,736,6160,103,32426
mlp,101,target,0.5,736,6149,103,32437
mlp,101,target,0.55,736,6123,103,32463
mlp,101,target,0.6,736,6083,103,32503
mlp,101,target,0.65,736,6054,103,32532
mlp,101,target,0.7,736,5595,103,32991
mlp,101,target,0.75,736,5569,103,33017
mlp,101,target,0.8,736,5567,103,33019
mlp,101,target,0.85,736,5567,103,33019
mlp,101,target,0.9,736,5563,103,33023
mlp,101,target,0.95,736,5525,103,33061
mlp,101,target,0.975,156,4904,683,33682
mlp,101,target,0.99,156,4815,683,33771
mlp,101,target,0.995,156,4815,683,33771
mlp,101,target,0.999,156,4805,683,33781
majority,102,source_heldout,0.05,36338,23662,0,0
majority,102,source_heldout,0.1,36338,23662,0,0
majority,102,source_heldout,0.15,36338,23662,0,0
majority,102,source_heldout,0.2,36338,23662,0,0
majority,102,source_heldout,0.25,36338,23662,0,0
majority,102,source_heldout,0.3,36338,23662,0,0
majority,102,source_heldout,0.35,36338,23662,0,0
majority,102,source_heldout,0.4,36338,23662,0,0
majority,102,source_heldout,0.45,36338,23662,0,0
majority,102,source_heldout,0.5,36338,23662,0,0
majority,102,source_heldout,0.55,36338,23662,0,0
majority,102,source_heldout,0.6,36338,23662,0,0
majority,102,source_heldout,0.65,36338,23662,0,0
majority,102,source_heldout,0.7,36338,23662,0,0
majority,102,source_heldout,0.75,36338,23662,0,0
majority,102,source_heldout,0.8,36338,23662,0,0
majority,102,source_heldout,0.85,36338,23662,0,0
majority,102,source_heldout,0.9,36338,23662,0,0
majority,102,source_heldout,0.95,36338,23662,0,0
majority,102,source_heldout,0.975,36338,23662,0,0
majority,102,source_heldout,0.99,36338,23662,0,0
majority,102,source_heldout,0.995,36338,23662,0,0
majority,102,source_heldout,0.999,36338,23662,0,0
majority,102,target,0.05,839,38586,0,0
majority,102,target,0.1,839,38586,0,0
majority,102,target,0.15,839,38586,0,0
majority,102,target,0.2,839,38586,0,0
majority,102,target,0.25,839,38586,0,0
majority,102,target,0.3,839,38586,0,0
majority,102,target,0.35,839,38586,0,0
majority,102,target,0.4,839,38586,0,0
majority,102,target,0.45,839,38586,0,0
majority,102,target,0.5,839,38586,0,0
majority,102,target,0.55,839,38586,0,0
majority,102,target,0.6,839,38586,0,0
majority,102,target,0.65,839,38586,0,0
majority,102,target,0.7,839,38586,0,0
majority,102,target,0.75,839,38586,0,0
majority,102,target,0.8,839,38586,0,0
majority,102,target,0.85,839,38586,0,0
majority,102,target,0.9,839,38586,0,0
majority,102,target,0.95,839,38586,0,0
majority,102,target,0.975,839,38586,0,0
majority,102,target,0.99,839,38586,0,0
majority,102,target,0.995,839,38586,0,0
majority,102,target,0.999,839,38586,0,0
stratified,102,source_heldout,0.05,22094,14257,14244,9405
stratified,102,source_heldout,0.1,22094,14257,14244,9405
stratified,102,source_heldout,0.15,22094,14257,14244,9405
stratified,102,source_heldout,0.2,22094,14257,14244,9405
stratified,102,source_heldout,0.25,22094,14257,14244,9405
stratified,102,source_heldout,0.3,22094,14257,14244,9405
stratified,102,source_heldout,0.35,22094,14257,14244,9405
stratified,102,source_heldout,0.4,22094,14257,14244,9405
stratified,102,source_heldout,0.45,22094,14257,14244,9405
stratified,102,source_heldout,0.5,22094,14257,14244,9405
stratified,102,source_heldout,0.55,22094,14257,14244,9405
stratified,102,source_heldout,0.6,22094,14257,14244,9405
stratified,102,source_heldout,0.65,22094,14257,14244,9405
stratified,102,source_heldout,0.7,22094,14257,14244,9405
stratified,102,source_heldout,0.75,22094,14257,14244,9405
stratified,102,source_heldout,0.8,22094,14257,14244,9405
stratified,102,source_heldout,0.85,22094,14257,14244,9405
stratified,102,source_heldout,0.9,22094,14257,14244,9405
stratified,102,source_heldout,0.95,22094,14257,14244,9405
stratified,102,source_heldout,0.975,22094,14257,14244,9405
stratified,102,source_heldout,0.99,22094,14257,14244,9405
stratified,102,source_heldout,0.995,22094,14257,14244,9405
stratified,102,source_heldout,0.999,22094,14257,14244,9405
stratified,102,target,0.05,481,23394,358,15192
stratified,102,target,0.1,481,23394,358,15192
stratified,102,target,0.15,481,23394,358,15192
stratified,102,target,0.2,481,23394,358,15192
stratified,102,target,0.25,481,23394,358,15192
stratified,102,target,0.3,481,23394,358,15192
stratified,102,target,0.35,481,23394,358,15192
stratified,102,target,0.4,481,23394,358,15192
stratified,102,target,0.45,481,23394,358,15192
stratified,102,target,0.5,481,23394,358,15192
stratified,102,target,0.55,481,23394,358,15192
stratified,102,target,0.6,481,23394,358,15192
stratified,102,target,0.65,481,23394,358,15192
stratified,102,target,0.7,481,23394,358,15192
stratified,102,target,0.75,481,23394,358,15192
stratified,102,target,0.8,481,23394,358,15192
stratified,102,target,0.85,481,23394,358,15192
stratified,102,target,0.9,481,23394,358,15192
stratified,102,target,0.95,481,23394,358,15192
stratified,102,target,0.975,481,23394,358,15192
stratified,102,target,0.99,481,23394,358,15192
stratified,102,target,0.995,481,23394,358,15192
stratified,102,target,0.999,481,23394,358,15192
logreg,102,source_heldout,0.05,36320,14808,18,8854
logreg,102,source_heldout,0.1,36317,14508,21,9154
logreg,102,source_heldout,0.15,36309,14457,29,9205
logreg,102,source_heldout,0.2,36303,14436,35,9226
logreg,102,source_heldout,0.25,36290,14418,48,9244
logreg,102,source_heldout,0.3,36278,14403,60,9259
logreg,102,source_heldout,0.35,36268,14379,70,9283
logreg,102,source_heldout,0.4,34173,14341,2165,9321
logreg,102,source_heldout,0.45,34064,14336,2274,9326
logreg,102,source_heldout,0.5,28104,8351,8234,15311
logreg,102,source_heldout,0.55,16291,796,20047,22866
logreg,102,source_heldout,0.6,15942,487,20396,23175
logreg,102,source_heldout,0.65,15912,472,20426,23190
logreg,102,source_heldout,0.7,15873,461,20465,23201
logreg,102,source_heldout,0.75,15787,455,20551,23207
logreg,102,source_heldout,0.8,14698,189,21640,23473
logreg,102,source_heldout,0.85,11365,147,24973,23515
logreg,102,source_heldout,0.9,10400,123,25938,23539
logreg,102,source_heldout,0.95,9981,101,26357,23561
logreg,102,source_heldout,0.975,8450,87,27888,23575
logreg,102,source_heldout,0.99,7413,78,28925,23584
logreg,102,source_heldout,0.995,4677,49,31661,23613
logreg,102,source_heldout,0.999,2515,19,33823,23643
logreg,102,target,0.05,738,32689,101,5897
logreg,102,target,0.1,738,32260,101,6326
logreg,102,target,0.15,738,31891,101,6695
logreg,102,target,0.2,738,31382,101,7204
logreg,102,target,0.25,634,31029,205,7557
logreg,102,target,0.3,582,30763,257,7823
logreg,102,target,0.35,582,30546,257,8040
logreg,102,target,0.4,582,30397,257,8189
logreg,102,target,0.45,582,30258,257,8328
logreg,102,target,0.5,582,30242,257,8344
logreg,102,target,0.55,582,30228,257,8358
logreg,102,target,0.6,582,6238,257,32348
logreg,102,target,0.65,580,6218,259,32368
logreg,102,target,0.7,580,6210,259,32376
logreg,102,target,0.75,580,5799,259,32787
logreg,102,target,0.8,580,5796,259,32790
logreg,102,target,0.85,580,5760,259,32826
logreg,102,target,0.9,580,5754,259,32832
logreg,102,target,0.95,580,5676,259,32910
logreg,102,target,0.975,580,5657,259,32929
logreg,102,target,0.99,580,5597,259,32989
logreg,102,target,0.995,580,1263,259,37323
logreg,102,target,0.999,0,11,839,38575
tree,102,source_heldout,0.05,36320,14038,18,9624
tree,102,source_heldout,0.1,36312,14034,26,9628
tree,102,source_heldout,0.15,36307,14033,31,9629
tree,102,source_heldout,0.2,36304,14031,34,9631
tree,102,source_heldout,0.25,36281,14020,57,9642
tree,102,source_heldout,0.3,36207,13936,131,9726
tree,102,source_heldout,0.35,36088,13818,250,9844
tree,102,source_heldout,0.4,32543,10347,3795,13315
tree,102,source_heldout,0.45,29575,7281,6763,16381
tree,102,source_heldout,0.5,29535,7238,6803,16424
tree,102,source_heldout,0.55,18342,265,17996,23397
tree,102,source_heldout,0.6,18338,260,18000,23402
tree,102,source_heldout,0.65,18318,238,18020,23424
tree,102,source_heldout,0.7,18315,236,18023,23426
tree,102,source_heldout,0.75,18308,226,18030,23436
tree,102,source_heldout,0.8,17312,43,19026,23619
tree,102,source_heldout,0.85,17309,38,19029,23624
tree,102,source_heldout,0.9,17309,38,19029,23624
tree,102,source_heldout,0.95,17069,27,19269,23635
tree,102,source_heldout,0.975,17018,27,19320,23635
tree,102,source_heldout,0.99,16867,23,19471,23639
tree,102,source_heldout,0.995,15960,18,20378,23644
tree,102,source_heldout,0.999,13912,12,22426,23650
tree,102,target,0.05,697,29586,142,9000
tree,102,target,0.1,697,29586,142,9000
tree,102,target,0.15,697,29586,142,9000
tree,102,target,0.2,697,29586,142,9000
tree,102,target,0.25,697,29586,142,9000
tree,102,target,0.3,697,29586,142,9000
tree,102,target,0.35,697,29586,142,9000
tree,102,target,0.4,697,29586,142,9000
tree,102,target,0.45,697,29586,142,9000
tree,102,target,0.5,697,29586,142,9000
tree,102,target,0.55,697,29553,142,9033
tree,102,target,0.6,697,29553,142,9033
tree,102,target,0.65,697,29553,142,9033
tree,102,target,0.7,697,29553,142,9033
tree,102,target,0.75,697,29553,142,9033
tree,102,target,0.8,697,29121,142,9465
tree,102,target,0.85,697,29121,142,9465
tree,102,target,0.9,697,29121,142,9465
tree,102,target,0.95,697,29119,142,9467
tree,102,target,0.975,697,29119,142,9467
tree,102,target,0.99,697,29119,142,9467
tree,102,target,0.995,697,24728,142,13858
tree,102,target,0.999,697,24728,142,13858
rf,102,source_heldout,0.05,36228,14030,110,9632
rf,102,source_heldout,0.1,36023,13883,315,9779
rf,102,source_heldout,0.15,35721,13671,617,9991
rf,102,source_heldout,0.2,35356,13370,982,10292
rf,102,source_heldout,0.25,34847,13019,1491,10643
rf,102,source_heldout,0.3,34210,12496,2128,11166
rf,102,source_heldout,0.35,33564,11975,2774,11687
rf,102,source_heldout,0.4,32938,11356,3400,12306
rf,102,source_heldout,0.45,32213,10662,4125,13000
rf,102,source_heldout,0.5,31650,9996,4688,13666
rf,102,source_heldout,0.55,19960,2432,16378,21230
rf,102,source_heldout,0.6,19553,1931,16785,21731
rf,102,source_heldout,0.65,19193,1495,17145,22167
rf,102,source_heldout,0.7,18920,1144,17418,22518
rf,102,source_heldout,0.75,18742,879,17596,22783
rf,102,source_heldout,0.8,17602,504,18736,23158
rf,102,source_heldout,0.85,17489,336,18849,23326
rf,102,source_heldout,0.9,17361,172,18977,23490
rf,102,source_heldout,0.95,17247,47,19091,23615
rf,102,source_heldout,0.975,17175,14,19163,23648
rf,102,source_heldout,0.99,14910,12,21428,23650
rf,102,source_heldout,0.995,13814,4,22524,23658
rf,102,source_heldout,0.999,10322,0,26016,23662
rf,102,target,0.05,837,35974,2,2612
rf,102,target,0.1,837,34576,2,4010
rf,102,target,0.15,837,30819,2,7767
rf,102,target,0.2,837,30487,2,8099
rf,102,target,0.25,837,30294,2,8292
rf,102,target,0.3,837,30229,2,8357
rf,102,target,0.35,836,30156,3,8430
rf,102,target,0.4,798,30027,41,8559
rf,102,target,0.45,739,29829,100,8757
rf,102,target,0.5,582,29796,257,8790
rf,102,target,0.55,582,5494,257,33092
rf,102,target,0.6,580,5490,259,33096
rf,102,target,0.65,580,5482,259,33104
rf,102,target,0.7,580,5467,259,33119
rf,102,target,0.75,440,4987,399,33599
rf,102,target,0.8,0,4405,839,34181
rf,102,target,0.85,0,4400,839,34186
rf,102,target,0.9,0,4399,839,34187
rf,102,target,0.95,0,4393,839,34193
rf,102,target,0.975,0,4385,839,34201
rf,102,target,0.99,0,59,839,38527
rf,102,target,0.995,0,0,839,38586
rf,102,target,0.999,0,0,839,38586
xgboost,102,source_heldout,0.05,36336,14060,2,9602
xgboost,102,source_heldout,0.1,36333,14053,5,9609
xgboost,102,source_heldout,0.15,36333,14051,5,9611
xgboost,102,source_heldout,0.2,36332,14049,6,9613
xgboost,102,source_heldout,0.25,36332,14046,6,9616
xgboost,102,source_heldout,0.3,36329,14041,9,9621
xgboost,102,source_heldout,0.35,36000,13755,338,9907
xgboost,102,source_heldout,0.4,32130,9914,4208,13748
xgboost,102,source_heldout,0.45,29612,7314,6726,16348
xgboost,102,source_heldout,0.5,29483,7170,6855,16492
xgboost,102,source_heldout,0.55,18299,205,18039,23457
xgboost,102,source_heldout,0.6,18292,204,18046,23458
xgboost,102,source_heldout,0.65,18291,204,18047,23458
xgboost,102,source_heldout,0.7,18290,204,18048,23458
xgboost,102,source_heldout,0.75,18289,204,18049,23458
xgboost,102,source_heldout,0.8,17284,19,19054,23643
xgboost,102,source_heldout,0.85,17273,19,19065,23643
xgboost,102,source_heldout,0.9,17260,17,19078,23645
xgboost,102,source_heldout,0.95,17209,13,19129,23649
xgboost,102,source_heldout,0.975,17135,10,19203,23652
xgboost,102,source_heldout,0.99,17086,9,19252,23653
xgboost,102,source_heldout,0.995,16212,4,20126,23658
xgboost,102,source_heldout,0.999,11965,0,24373,23662
xgboost,102,target,0.05,837,30505,2,8081
xgboost,102,target,0.1,837,30163,2,8423
xgboost,102,target,0.15,837,30156,2,8430
xgboost,102,target,0.2,837,30156,2,8430
xgboost,102,target,0.25,837,30063,2,8523
xgboost,102,target,0.3,837,30058,2,8528
xgboost,102,target,0.35,837,29969,2,8617
xgboost,102,target,0.4,837,29960,2,8626
xgboost,102,target,0.45,837,29954,2,8632
xgboost,102,target,0.5,837,29953,2,8633
xgboost,102,target,0.55,837,29882,2,8704
xgboost,102,target,0.6,837,29881,2,8705
xgboost,102,target,0.65,837,29870,2,8716
xgboost,102,target,0.7,837,29764,2,8822
xgboost,102,target,0.75,837,29546,2,9040
xgboost,102,target,0.8,837,5594,2,32992
xgboost,102,target,0.85,836,5594,3,32992
xgboost,102,target,0.9,582,5583,257,33003
xgboost,102,target,0.95,440,5050,399,33536
xgboost,102,target,0.975,440,5032,399,33554
xgboost,102,target,0.99,440,4993,399,33593
xgboost,102,target,0.995,440,4981,399,33605
xgboost,102,target,0.999,0,0,839,38586
hgb,102,source_heldout,0.05,36336,14070,2,9592
hgb,102,source_heldout,0.1,36336,14060,2,9602
hgb,102,source_heldout,0.15,36335,14055,3,9607
hgb,102,source_heldout,0.2,36333,14043,5,9619
hgb,102,source_heldout,0.25,36333,14043,5,9619
hgb,102,source_heldout,0.3,36333,14041,5,9621
hgb,102,source_heldout,0.35,36268,13973,70,9689
hgb,102,source_heldout,0.4,31694,9470,4644,14192
hgb,102,source_heldout,0.45,29491,7173,6847,16489
hgb,102,source_heldout,0.5,29489,7173,6849,16489
hgb,102,source_heldout,0.55,18305,209,18033,23453
hgb,102,source_heldout,0.6,18297,207,18041,23455
hgb,102,source_heldout,0.65,18295,204,18043,23458
hgb,102,source_heldout,0.7,18293,204,18045,23458
hgb,102,source_heldout,0.75,18292,204,18046,23458
hgb,102,source_heldout,0.8,17294,20,19044,23642
hgb,102,source_heldout,0.85,17262,17,19076,23645
hgb,102,source_heldout,0.9,17261,17,19077,23645
hgb,102,source_heldout,0.95,17204,13,19134,23649
hgb,102,source_heldout,0.975,17126,10,19212,23652
hgb,102,source_heldout,0.99,17118,10,19220,23652
hgb,102,source_heldout,0.995,16176,4,20162,23658
hgb,102,source_heldout,0.999,12402,0,23936,23662
hgb,102,target,0.05,837,30166,2,8420
hgb,102,target,0.1,739,30054,100,8532
hgb,102,target,0.15,739,30042,100,8544
hgb,102,target,0.2,739,30042,100,8544
hgb,102,target,0.25,739,30042,100,8544
hgb,102,target,0.3,739,30042,100,8544
hgb,102,target,0.35,739,30042,100,8544
hgb,102,target,0.4,739,30039,100,8547
hgb,102,target,0.45,738,30039,101,8547
hgb,102,target,0.5,738,30038,101,8548
hgb,102,target,0.55,738,30018,101,8568
hgb,102,target,0.6,738,30008,101,8578
hgb,102,target,0.65,738,29676,101,8910
hgb,102,target,0.7,738,29676,101,8910
hgb,102,target,0.75,738,29653,101,8933
hgb,102,target,0.8,598,29613,241,8973
hgb,102,target,0.85,598,29520,241,9066
hgb,102,target,0.9,598,29449,241,9137
hgb,102,target,0.95,442,29032,397,9554
hgb,102,target,0.975,440,5034,399,33552
hgb,102,target,0.99,0,4452,839,34134
hgb,102,target,0.995,0,27,839,38559
hgb,102,target,0.999,0,9,839,38577
mlp,102,source_heldout,0.05,36321,14135,17,9527
mlp,102,source_heldout,0.1,36319,14097,19,9565
mlp,102,source_heldout,0.15,36315,14091,23,9571
mlp,102,source_heldout,0.2,36314,14086,24,9576
mlp,102,source_heldout,0.25,36300,14078,38,9584
mlp,102,source_heldout,0.3,36294,14078,44,9584
mlp,102,source_heldout,0.35,36291,14078,47,9584
mlp,102,source_heldout,0.4,29451,7209,6887,16453
mlp,102,source_heldout,0.45,29449,7207,6889,16455
mlp,102,source_heldout,0.5,29447,7204,6891,16458
mlp,102,source_heldout,0.55,18262,240,18076,23422
mlp,102,source_heldout,0.6,18256,240,18082,23422
mlp,102,source_heldout,0.65,18253,239,18085,23423
mlp,102,source_heldout,0.7,18252,237,18086,23425
mlp,102,source_heldout,0.75,18250,237,18088,23425
mlp,102,source_heldout,0.8,17255,53,19083,23609
mlp,102,source_heldout,0.85,17252,52,19086,23610
mlp,102,source_heldout,0.9,17248,52,19090,23610
mlp,102,source_heldout,0.95,17197,46,19141,23616
mlp,102,source_heldout,0.975,17055,33,19283,23629
mlp,102,source_heldout,0.99,16963,32,19375,23630
mlp,102,source_heldout,0.995,14495,6,21843,23656
mlp,102,source_heldout,0.999,11769,3,24569,23659
mlp,102,target,0.05,736,6312,103,32274
mlp,102,target,0.1,736,6228,103,32358
mlp,102,target,0.15,736,6080,103,32506
mlp,102,target,0.2,736,6080,103,32506
mlp,102,target,0.25,736,6080,103,32506
mlp,102,target,0.3,736,6079,103,32507
mlp,102,target,0.35,736,6027,103,32559
mlp,102,target,0.4,736,5986,103,32600
mlp,102,target,0.45,736,5986,103,32600
mlp,102,target,0.5,736,5986,103,32600
mlp,102,target,0.55,736,5960,103,32626
mlp,102,target,0.6,736,5960,103,32626
mlp,102,target,0.65,736,5960,103,32626
mlp,102,target,0.7,736,5960,103,32626
mlp,102,target,0.75,736,5960,103,32626
mlp,102,target,0.8,736,5554,103,33032
mlp,102,target,0.85,736,5470,103,33116
mlp,102,target,0.9,736,5469,103,33117
mlp,102,target,0.95,736,5442,103,33144
mlp,102,target,0.975,156,4821,683,33765
mlp,102,target,0.99,156,4809,683,33777
mlp,102,target,0.995,156,4808,683,33778
mlp,102,target,0.999,156,4805,683,33781
majority,103,source_heldout,0.05,36433,23567,0,0
majority,103,source_heldout,0.1,36433,23567,0,0
majority,103,source_heldout,0.15,36433,23567,0,0
majority,103,source_heldout,0.2,36433,23567,0,0
majority,103,source_heldout,0.25,36433,23567,0,0
majority,103,source_heldout,0.3,36433,23567,0,0
majority,103,source_heldout,0.35,36433,23567,0,0
majority,103,source_heldout,0.4,36433,23567,0,0
majority,103,source_heldout,0.45,36433,23567,0,0
majority,103,source_heldout,0.5,36433,23567,0,0
majority,103,source_heldout,0.55,36433,23567,0,0
majority,103,source_heldout,0.6,36433,23567,0,0
majority,103,source_heldout,0.65,36433,23567,0,0
majority,103,source_heldout,0.7,36433,23567,0,0
majority,103,source_heldout,0.75,36433,23567,0,0
majority,103,source_heldout,0.8,36433,23567,0,0
majority,103,source_heldout,0.85,36433,23567,0,0
majority,103,source_heldout,0.9,36433,23567,0,0
majority,103,source_heldout,0.95,36433,23567,0,0
majority,103,source_heldout,0.975,36433,23567,0,0
majority,103,source_heldout,0.99,36433,23567,0,0
majority,103,source_heldout,0.995,36433,23567,0,0
majority,103,source_heldout,0.999,36433,23567,0,0
majority,103,target,0.05,839,38586,0,0
majority,103,target,0.1,839,38586,0,0
majority,103,target,0.15,839,38586,0,0
majority,103,target,0.2,839,38586,0,0
majority,103,target,0.25,839,38586,0,0
majority,103,target,0.3,839,38586,0,0
majority,103,target,0.35,839,38586,0,0
majority,103,target,0.4,839,38586,0,0
majority,103,target,0.45,839,38586,0,0
majority,103,target,0.5,839,38586,0,0
majority,103,target,0.55,839,38586,0,0
majority,103,target,0.6,839,38586,0,0
majority,103,target,0.65,839,38586,0,0
majority,103,target,0.7,839,38586,0,0
majority,103,target,0.75,839,38586,0,0
majority,103,target,0.8,839,38586,0,0
majority,103,target,0.85,839,38586,0,0
majority,103,target,0.9,839,38586,0,0
majority,103,target,0.95,839,38586,0,0
majority,103,target,0.975,839,38586,0,0
majority,103,target,0.99,839,38586,0,0
majority,103,target,0.995,839,38586,0,0
majority,103,target,0.999,839,38586,0,0
stratified,103,source_heldout,0.05,22159,14264,14274,9303
stratified,103,source_heldout,0.1,22159,14264,14274,9303
stratified,103,source_heldout,0.15,22159,14264,14274,9303
stratified,103,source_heldout,0.2,22159,14264,14274,9303
stratified,103,source_heldout,0.25,22159,14264,14274,9303
stratified,103,source_heldout,0.3,22159,14264,14274,9303
stratified,103,source_heldout,0.35,22159,14264,14274,9303
stratified,103,source_heldout,0.4,22159,14264,14274,9303
stratified,103,source_heldout,0.45,22159,14264,14274,9303
stratified,103,source_heldout,0.5,22159,14264,14274,9303
stratified,103,source_heldout,0.55,22159,14264,14274,9303
stratified,103,source_heldout,0.6,22159,14264,14274,9303
stratified,103,source_heldout,0.65,22159,14264,14274,9303
stratified,103,source_heldout,0.7,22159,14264,14274,9303
stratified,103,source_heldout,0.75,22159,14264,14274,9303
stratified,103,source_heldout,0.8,22159,14264,14274,9303
stratified,103,source_heldout,0.85,22159,14264,14274,9303
stratified,103,source_heldout,0.9,22159,14264,14274,9303
stratified,103,source_heldout,0.95,22159,14264,14274,9303
stratified,103,source_heldout,0.975,22159,14264,14274,9303
stratified,103,source_heldout,0.99,22159,14264,14274,9303
stratified,103,source_heldout,0.995,22159,14264,14274,9303
stratified,103,source_heldout,0.999,22159,14264,14274,9303
stratified,103,target,0.05,483,23439,356,15147
stratified,103,target,0.1,483,23439,356,15147
stratified,103,target,0.15,483,23439,356,15147
stratified,103,target,0.2,483,23439,356,15147
stratified,103,target,0.25,483,23439,356,15147
stratified,103,target,0.3,483,23439,356,15147
stratified,103,target,0.35,483,23439,356,15147
stratified,103,target,0.4,483,23439,356,15147
stratified,103,target,0.45,483,23439,356,15147
stratified,103,target,0.5,483,23439,356,15147
stratified,103,target,0.55,483,23439,356,15147
stratified,103,target,0.6,483,23439,356,15147
stratified,103,target,0.65,483,23439,356,15147
stratified,103,target,0.7,483,23439,356,15147
stratified,103,target,0.75,483,23439,356,15147
stratified,103,target,0.8,483,23439,356,15147
stratified,103,target,0.85,483,23439,356,15147
stratified,103,target,0.9,483,23439,356,15147
stratified,103,target,0.95,483,23439,356,15147
stratified,103,target,0.975,483,23439,356,15147
stratified,103,target,0.99,483,23439,356,15147
stratified,103,target,0.995,483,23439,356,15147
stratified,103,target,0.999,483,23439,356,15147
logreg,103,source_heldout,0.05,36422,14764,11,8803
logreg,103,source_heldout,0.1,36420,14579,13,8988
logreg,103,source_heldout,0.15,36416,14544,17,9023
logreg,103,source_heldout,0.2,36414,14510,19,9057
logreg,103,source_heldout,0.25,36408,14496,25,9071
logreg,103,source_heldout,0.3,36397,14484,36,9083
logreg,103,source_heldout,0.35,36389,14470,44,9097
logreg,103,source_heldout,0.4,34288,14431,2145,9136
logreg,103,source_heldout,0.45,34254,14416,2179,9151
logreg,103,source_heldout,0.5,28165,8341,8268,15226
logreg,103,source_heldout,0.55,16258,682,20175,22885
logreg,103,source_heldout,0.6,16051,494,20382,23073
logreg,103,source_heldout,0.65,16017,491,20416,23076
logreg,103,source_heldout,0.7,15968,482,20465,23085
logreg,103,source_heldout,0.75,15910,472,20523,23095
logreg,103,source_heldout,0.8,14653,268,21780,23299
logreg,103,source_heldout,0.85,11338,156,25095,23411
logreg,103,source_heldout,0.9,10412,139,26021,23428
logreg,103,source_heldout,0.95,10019,112,26414,23455
logreg,103,source_heldout,0.975,8537,97,27896,23470
logreg,103,source_heldout,0.99,7209,85,29224,23482
logreg,103,source_heldout,0.995,4475,60,31958,23507
logreg,103,source_heldout,0.999,2430,24,34003,23543
logreg,103,target,0.05,738,32742,101,5844
logreg,103,target,0.1,738,32320,101,6266
logreg,103,target,0.15,738,31978,101,6608
logreg,103,target,0.2,738,31452,101,7134
logreg,103,target,0.25,738,31113,101,7473
logreg,103,target,0.3,582,30691,257,7895
logreg,103,target,0.35,582,30456,257,8130
logreg,103,target,0.4,582,30341,257,8245
logreg,103,target,0.45,582,30320,257,8266
logreg,103,target,0.5,582,6340,257,32246
logreg,103,target,0.55,582,6290,257,32296
logreg,103,target,0.6,580,6254,259,32332
logreg,103,target,0.65,580,6233,259,32353
logreg,103,target,0.7,580,6216,259,32370
logreg,103,target,0.75,580,5805,259,32781
logreg,103,target,0.8,580,5799,259,32787
logreg,103,target,0.85,580,5766,259,32820
logreg,103,target,0.9,580,5756,259,32830
logreg,103,target,0.95,580,5684,259,32902
logreg,103,target,0.975,580,5658,259,32928
logreg,103,target,0.99,580,5598,259,32988
logreg,103,target,0.995,580,5597,259,32989
logreg,103,target,0.999,0,93,839,38493
tree,103,source_heldout,0.05,36418,14116,15,9451
tree,103,source_heldout,0.1,36418,14115,15,9452
tree,103,source_heldout,0.15,36415,14115,18,9452
tree,103,source_heldout,0.2,36414,14113,19,9454
tree,103,source_heldout,0.25,36406,14109,27,9458
tree,103,source_heldout,0.3,36397,14100,36,9467
tree,103,source_heldout,0.35,36308,13994,125,9573
tree,103,source_heldout,0.4,29764,7488,6669,16079
tree,103,source_heldout,0.45,29605,7333,6828,16234
tree,103,source_heldout,0.5,29541,7241,6892,16326
tree,103,source_heldout,0.55,18336,231,18097,23336
tree,103,source_heldout,0.6,18329,227,18104,23340
tree,103,source_heldout,0.65,18329,227,18104,23340
tree,103,source_heldout,0.7,18328,227,18105,23340
tree,103,source_heldout,0.75,18326,222,18107,23345
tree,103,source_heldout,0.8,17282,50,19151,23517
tree,103,source_heldout,0.85,17282,50,19151,23517
tree,103,source_heldout,0.9,17282,50,19151,23517
tree,103,source_heldout,0.95,17154,48,19279,23519
tree,103,source_heldout,0.975,17154,48,19279,23519
tree,103,source_heldout,0.99,15641,34,20792,23533
tree,103,source_heldout,0.995,15641,34,20792,23533
tree,103,source_heldout,0.999,14033,29,22400,23538
tree,103,target,0.05,442,29538,397,9048
tree,103,target,0.1,442,29538,397,9048
tree,103,target,0.15,442,29538,397,9048
tree,103,target,0.2,442,29538,397,9048
tree,103,target,0.25,442,29538,397,9048
tree,103,target,0.3,442,29538,397,9048
tree,103,target,0.35,442,29538,397,9048
tree,103,target,0.4,442,29512,397,9074
tree,103,target,0.45,442,29512,397,9074
tree,103,target,0.5,442,29512,397,9074
tree,103,target,0.55,442,29512,397,9074
tree,103,target,0.6,442,29512,397,9074
tree,103,target,0.65,442,29512,397,9074
tree,103,target,0.7,442,29512,397,9074
tree,103,target,0.75,442,29512,397,9074
tree,103,target,0.8,442,29106,397,9480
tree,103,target,0.85,442,29106,397,9480
tree,103,target,0.9,442,29106,397,9480
tree,103,target,0.95,442,29106,397,9480
tree,103,target,0.975,442,29106,397,9480
tree,103,target,0.99,442,29097,397,9489
tree,103,target,0.995,442,29097,397,9489
tree,103,target,0.999,442,29097,397,9489
rf,103,source_heldout,0.05,36354,14116,79,9451
rf,103,source_heldout,0.1,36141,13907,292,9660
rf,103,source_heldout,0.15,35797,13684,636,9883
rf,103,source_heldout,0.2,35411,13376,1022,10191
rf,103,source_heldout,0.25,34898,12980,1535,10587
rf,103,source_heldout,0.3,34340,12447,2093,11120
rf,103,source_heldout,0.35,33648,11821,2785,11746
rf,103,source_heldout,0.4,32981,11175,3452,12392
rf,103,source_heldout,0.45,32278,10519,4155,13048
rf,103,source_heldout,0.5,31712,9911,4721,13656
rf,103,source_heldout,0.55,20031,2351,16402,21216
rf,103,source_heldout,0.6,19586,1863,16847,21704
rf,103,source_heldout,0.65,19236,1445,17197,22122
rf,103,source_heldout,0.7,19001,1132,17432,22435
rf,103,source_heldout,0.75,18820,878,17613,22689
rf,103,source_heldout,0.8,17614,523,18819,23044
rf,103,source_heldout,0.85,17476,346,18957,23221
rf,103,source_heldout,0.9,17362,211,19071,23356
rf,103,source_heldout,0.95,17236,60,19197,23507
rf,103,source_heldout,0.975,17146,17,19287,23550
rf,103,source_heldout,0.99,14053,9,22380,23558
rf,103,source_heldout,0.995,13967,9,22466,23558
rf,103,source_heldout,0.999,11032,4,25401,23563
rf,103,target,0.05,837,36201,2,2385
rf,103,target,0.1,837,32080,2,6506
rf,103,target,0.15,837,30703,2,7883
rf,103,target,0.2,837,30293,2,8293
rf,103,target,0.25,837,30263,2,8323
rf,103,target,0.3,837,30195,2,8391
rf,103,target,0.35,798,30113,41,8473
rf,103,target,0.4,739,30021,100,8565
rf,103,target,0.45,738,29981,101,8605
rf,103,target,0.5,738,29576,101,9010
rf,103,target,0.55,582,5494,257,33092
rf,103,target,0.6,580,5483,259,33103
rf,103,target,0.65,440,5416,399,33170
rf,103,target,0.7,0,4814,839,33772
rf,103,target,0.75,0,4401,839,34185
rf,103,target,0.8,0,4400,839,34186
rf,103,target,0.85,0,4399,839,34187
rf,103,target,0.9,0,4399,839,34187
rf,103,target,0.95,0,4393,839,34193
rf,103,target,0.975,0,4391,839,34195
rf,103,target,0.99,0,4385,839,34201
rf,103,target,0.995,0,59,839,38527
rf,103,target,0.999,0,0,839,38586
xgboost,103,source_heldout,0.05,36431,14133,2,9434
xgboost,103,source_heldout,0.1,36431,14124,2,9443
xgboost,103,source_heldout,0.15,36431,14119,2,9448
xgboost,103,source_heldout,0.2,36430,14117,3,9450
xgboost,103,source_heldout,0.25,36430,14116,3,9451
xgboost,103,source_heldout,0.3,36429,14115,4,9452
xgboost,103,source_heldout,0.35,36223,13920,210,9647
xgboost,103,source_heldout,0.4,31875,9626,4558,13941
xgboost,103,source_heldout,0.45,29579,7286,6854,16281
xgboost,103,source_heldout,0.5,29499,7196,6934,16371
xgboost,103,source_heldout,0.55,18313,197,18120,23370
xgboost,103,source_heldout,0.6,18313,197,18120,23370
xgboost,103,source_heldout,0.65,18309,194,18124,23373
xgboost,103,source_heldout,0.7,18308,193,18125,23374
xgboost,103,source_heldout,0.75,18308,193,18125,23374
xgboost,103,source_heldout,0.8,17261,20,19172,23547
xgboost,103,source_heldout,0.85,17260,20,19173,23547
xgboost,103,source_heldout,0.9,17240,19,19193,23548
xgboost,103,source_heldout,0.95,17186,18,19247,23549
xgboost,103,source_heldout,0.975,17148,18,19285,23549
xgboost,103,source_heldout,0.99,16252,12,20181,23555
xgboost,103,source_heldout,0.995,16224,12,20209,23555
xgboost,103,source_heldout,0.999,14084,4,22349,23563
xgboost,103,target,0.05,837,30149,2,8437
xgboost,103,target,0.1,837,30054,2,8532
xgboost,103,target,0.15,837,29964,2,8622
xgboost,103,target,0.2,837,29961,2,8625
xgboost,103,target,0.25,837,29889,2,8697
xgboost,103,target,0.3,837,29889,2,8697
xgboost,103,target,0.35,829,29888,10,8698
xgboost,103,target,0.4,738,8405,101,30181
xgboost,103,target,0.45,736,8185,103,30401
xgboost,103,target,0.5,736,8066,103,30520
xgboost,103,target,0.55,736,8063,103,30523
xgboost,103,target,0.6,736,8060,103,30526
xgboost,103,target,0.65,736,8058,103,30528
xgboost,103,target,0.7,595,5525,244,33061
xgboost,103,target,0.75,447,5516,392,33070
xgboost,103,target,0.8,440,5473,399,33113
xgboost,103,target,0.85,440,5446,399,33140
xgboost,103,target,0.9,440,5443,399,33143
xgboost,103,target,0.95,440,5001,399,33585
xgboost,103,target,0.975,440,5001,399,33585
xgboost,103,target,0.99,440,4999,399,33587
xgboost,103,target,0.995,0,4406,839,34180
xgboost,103,target,0.999,0,67,839,38519
hgb,103,source_heldout,0.05,36432,14127,1,9440
hgb,103,source_heldout,0.1,36432,14124,1,9443
hgb,103,source_heldout,0.15,36430,14114,3,9453
hgb,103,source_heldout,0.2,36430,14114,3,9453
hgb,103,source_heldout,0.25,36430,14111,3,9456
hgb,103,source_heldout,0.3,36430,14105,3,9462
hgb,103,source_heldout,0.35,36414,14087,19,9480
hgb,103,source_heldout,0.4,31176,8969,5257,14598
hgb,103,source_heldout,0.45,29568,7276,6865,16291
hgb,103,source_heldout,0.5,29497,7177,6936,16390
hgb,103,source_heldout,0.55,18322,199,18111,23368
hgb,103,source_heldout,0.6,18318,196,18115,23371
hgb,103,source_heldout,0.65,18317,196,18116,23371
hgb,103,source_heldout,0.7,18311,192,18122,23375
hgb,103,source_heldout,0.75,18311,191,18122,23376
hgb,103,source_heldout,0.8,17266,19,19167,23548
hgb,103,source_heldout,0.85,17247,18,19186,23549
hgb,103,source_heldout,0.9,17245,17,19188,23550
hgb,103,source_heldout,0.95,17242,17,19191,23550
hgb,103,source_heldout,0.975,17144,16,19289,23551
hgb,103,source_heldout,0.99,17137,16,19296,23551
hgb,103,source_heldout,0.995,16300,9,20133,23558
hgb,103,source_heldout,0.999,12570,4,23863,23563
hgb,103,target,0.05,837,30073,2,8513
hgb,103,target,0.1,837,30067,2,8519
hgb,103,target,0.15,837,30050,2,8536
hgb,103,target,0.2,837,30045,2,8541
hgb,103,target,0.25,837,30044,2,8542
hgb,103,target,0.3,812,29938,27,8648
hgb,103,target,0.35,741,29938,98,8648
hgb,103,target,0.4,741,29938,98,8648
hgb,103,target,0.45,601,29899,238,8687
hgb,103,target,0.5,601,29898,238,8688
hgb,103,target,0.55,601,29897,238,8689
hgb,103,target,0.6,601,29874,238,8712
hgb,103,target,0.65,599,29654,240,8932
hgb,103,target,0.7,599,29654,240,8932
hgb,103,target,0.75,599,29628,240,8958
hgb,103,target,0.8,599,29218,240,9368
hgb,103,target,0.85,159,28637,680,9949
hgb,103,target,0.9,156,7174,683,31412
hgb,103,target,0.95,156,4653,683,33933
hgb,103,target,0.975,156,4634,683,33952
hgb,103,target,0.99,156,4444,683,34142
hgb,103,target,0.995,136,4442,703,34144
hgb,103,target,0.999,0,4410,839,34176
mlp,103,source_heldout,0.05,36424,14166,9,9401
mlp,103,source_heldout,0.1,36424,14146,9,9421
mlp,103,source_heldout,0.15,36420,14140,13,9427
mlp,103,source_heldout,0.2,36418,14137,15,9430
mlp,103,source_heldout,0.25,36418,14136,15,9431
mlp,103,source_heldout,0.3,36418,14135,15,9432
mlp,103,source_heldout,0.35,36418,14135,15,9432
mlp,103,source_heldout,0.4,35588,13344,845,10223
mlp,103,source_heldout,0.45,29485,7207,6948,16360
mlp,103,source_heldout,0.5,29483,7204,6950,16363
mlp,103,source_heldout,0.55,18308,225,18125,23342
mlp,103,source_heldout,0.6,18308,224,18125,23343
mlp,103,source_heldout,0.65,18307,224,18126,23343
mlp,103,source_heldout,0.7,18306,222,18127,23345
mlp,103,source_heldout,0.75,18304,221,18129,23346
mlp,103,source_heldout,0.8,18244,221,18189,23346
mlp,103,source_heldout,0.85,15173,49,21260,23518
mlp,103,source_heldout,0.9,15163,49,21270,23518
mlp,103,source_heldout,0.95,15004,38,21429,23529
mlp,103,source_heldout,0.975,14922,37,21511,23530
mlp,103,source_heldout,0.99,12438,11,23995,23556
mlp,103,source_heldout,0.995,10738,11,25695,23556
mlp,103,source_heldout,0.999,9941,8,26492,23559
mlp,103,target,0.05,736,9749,103,28837
mlp,103,target,0.1,736,9478,103,29108
mlp,103,target,0.15,736,8914,103,29672
mlp,103,target,0.2,736,8830,103,29756
mlp,103,target,0.25,736,8728,103,29858
mlp,103,target,0.3,736,8622,103,29964
mlp,103,target,0.35,736,8570,103,30016
mlp,103,target,0.4,736,8533,103,30053
mlp,103,target,0.45,736,8474,103,30112
mlp,103,target,0.5,735,8432,104,30154
mlp,103,target,0.55,735,8398,104,30188
mlp,103,target,0.6,735,8365,104,30221
mlp,103,target,0.65,735,8298,104,30288
mlp,103,target,0.7,733,8181,106,30405
mlp,103,target,0.75,712,7732,127,30854
mlp,103,target,0.8,687,7280,152,31306
mlp,103,target,0.85,617,7223,222,31363
mlp,103,target,0.9,581,7093,258,31493
mlp,103,target,0.95,580,5806,259,32780
mlp,103,target,0.975,580,5426,259,33160
mlp,103,target,0.99,580,5392,259,33194
mlp,103,target,0.995,580,5388,259,33198
mlp,103,target,0.999,0,4764,839,33822
majority,104,source_heldout,0.05,36608,23392,0,0
majority,104,source_heldout,0.1,36608,23392,0,0
majority,104,source_heldout,0.15,36608,23392,0,0
majority,104,source_heldout,0.2,36608,23392,0,0
majority,104,source_heldout,0.25,36608,23392,0,0
majority,104,source_heldout,0.3,36608,23392,0,0
majority,104,source_heldout,0.35,36608,23392,0,0
majority,104,source_heldout,0.4,36608,23392,0,0
majority,104,source_heldout,0.45,36608,23392,0,0
majority,104,source_heldout,0.5,36608,23392,0,0
majority,104,source_heldout,0.55,36608,23392,0,0
majority,104,source_heldout,0.6,36608,23392,0,0
majority,104,source_heldout,0.65,36608,23392,0,0
majority,104,source_heldout,0.7,36608,23392,0,0
majority,104,source_heldout,0.75,36608,23392,0,0
majority,104,source_heldout,0.8,36608,23392,0,0
majority,104,source_heldout,0.85,36608,23392,0,0
majority,104,source_heldout,0.9,36608,23392,0,0
majority,104,source_heldout,0.95,36608,23392,0,0
majority,104,source_heldout,0.975,36608,23392,0,0
majority,104,source_heldout,0.99,36608,23392,0,0
majority,104,source_heldout,0.995,36608,23392,0,0
majority,104,source_heldout,0.999,36608,23392,0,0
majority,104,target,0.05,839,38586,0,0
majority,104,target,0.1,839,38586,0,0
majority,104,target,0.15,839,38586,0,0
majority,104,target,0.2,839,38586,0,0
majority,104,target,0.25,839,38586,0,0
majority,104,target,0.3,839,38586,0,0
majority,104,target,0.35,839,38586,0,0
majority,104,target,0.4,839,38586,0,0
majority,104,target,0.45,839,38586,0,0
majority,104,target,0.5,839,38586,0,0
majority,104,target,0.55,839,38586,0,0
majority,104,target,0.6,839,38586,0,0
majority,104,target,0.65,839,38586,0,0
majority,104,target,0.7,839,38586,0,0
majority,104,target,0.75,839,38586,0,0
majority,104,target,0.8,839,38586,0,0
majority,104,target,0.85,839,38586,0,0
majority,104,target,0.9,839,38586,0,0
majority,104,target,0.95,839,38586,0,0
majority,104,target,0.975,839,38586,0,0
majority,104,target,0.99,839,38586,0,0
majority,104,target,0.995,839,38586,0,0
majority,104,target,0.999,839,38586,0,0
stratified,104,source_heldout,0.05,22268,14110,14340,9282
stratified,104,source_heldout,0.1,22268,14110,14340,9282
stratified,104,source_heldout,0.15,22268,14110,14340,9282
stratified,104,source_heldout,0.2,22268,14110,14340,9282
stratified,104,source_heldout,0.25,22268,14110,14340,9282
stratified,104,source_heldout,0.3,22268,14110,14340,9282
stratified,104,source_heldout,0.35,22268,14110,14340,9282
stratified,104,source_heldout,0.4,22268,14110,14340,9282
stratified,104,source_heldout,0.45,22268,14110,14340,9282
stratified,104,source_heldout,0.5,22268,14110,14340,9282
stratified,104,source_heldout,0.55,22268,14110,14340,9282
stratified,104,source_heldout,0.6,22268,14110,14340,9282
stratified,104,source_heldout,0.65,22268,14110,14340,9282
stratified,104,source_heldout,0.7,22268,14110,14340,9282
stratified,104,source_heldout,0.75,22268,14110,14340,9282
stratified,104,source_heldout,0.8,22268,14110,14340,9282
stratified,104,source_heldout,0.85,22268,14110,14340,9282
stratified,104,source_heldout,0.9,22268,14110,14340,9282
stratified,104,source_heldout,0.95,22268,14110,14340,9282
stratified,104,source_heldout,0.975,22268,14110,14340,9282
stratified,104,source_heldout,0.99,22268,14110,14340,9282
stratified,104,source_heldout,0.995,22268,14110,14340,9282
stratified,104,source_heldout,0.999,22268,14110,14340,9282
stratified,104,target,0.05,481,23412,358,15174
stratified,104,target,0.1,481,23412,358,15174
stratified,104,target,0.15,481,23412,358,15174
stratified,104,target,0.2,481,23412,358,15174
stratified,104,target,0.25,481,23412,358,15174
stratified,104,target,0.3,481,23412,358,15174
stratified,104,target,0.35,481,23412,358,15174
stratified,104,target,0.4,481,23412,358,15174
stratified,104,target,0.45,481,23412,358,15174
stratified,104,target,0.5,481,23412,358,15174
stratified,104,target,0.55,481,23412,358,15174
stratified,104,target,0.6,481,23412,358,15174
stratified,104,target,0.65,481,23412,358,15174
stratified,104,target,0.7,481,23412,358,15174
stratified,104,target,0.75,481,23412,358,15174
stratified,104,target,0.8,481,23412,358,15174
stratified,104,target,0.85,481,23412,358,15174
stratified,104,target,0.9,481,23412,358,15174
stratified,104,target,0.95,481,23412,358,15174
stratified,104,target,0.975,481,23412,358,15174
stratified,104,target,0.99,481,23412,358,15174
stratified,104,target,0.995,481,23412,358,15174
stratified,104,target,0.999,481,23412,358,15174
logreg,104,source_heldout,0.05,36598,14846,10,8546
logreg,104,source_heldout,0.1,36595,14544,13,8848
logreg,104,source_heldout,0.15,36593,14511,15,8881
logreg,104,source_heldout,0.2,36586,14480,22,8912
logreg,104,source_heldout,0.25,36574,14444,34,8948
logreg,104,source_heldout,0.3,36559,14432,49,8960
logreg,104,source_heldout,0.35,36541,14427,67,8965
logreg,104,source_heldout,0.4,34355,14384,2253,9008
logreg,104,source_heldout,0.45,34321,14353,2287,9039
logreg,104,source_heldout,0.5,28233,8255,8375,15137
logreg,104,source_heldout,0.55,16232,640,20376,22752
logreg,104,source_heldout,0.6,16019,475,20589,22917
logreg,104,source_heldout,0.65,15984,469,20624,22923
logreg,104,source_heldout,0.7,15923,468,20685,22924
logreg,104,source_heldout,0.75,15833,458,20775,22934
logreg,104,source_heldout,0.8,14645,238,21963,23154
logreg,104,source_heldout,0.85,11441,155,25167,23237
logreg,104,source_heldout,0.9,10507,126,26101,23266
logreg,104,source_heldout,0.95,10088,99,26520,23293
logreg,104,source_heldout,0.975,8397,82,28211,23310
logreg,104,source_heldout,0.99,7198,66,29410,23326
logreg,104,source_heldout,0.995,4431,49,32177,23343
logreg,104,source_heldout,0.999,2486,25,34122,23367
logreg,104,target,0.05,738,32784,101,5802
logreg,104,target,0.1,738,32189,101,6397
logreg,104,target,0.15,738,31461,101,7125
logreg,104,target,0.2,738,31009,101,7577
logreg,104,target,0.25,738,30699,101,7887
logreg,104,target,0.3,582,30470,257,8116
logreg,104,target,0.35,582,30306,257,8280
logreg,104,target,0.4,582,30265,257,8321
logreg,104,target,0.45,582,30251,257,8335
logreg,104,target,0.5,582,30227,257,8359
logreg,104,target,0.55,582,6266,257,32320
logreg,104,target,0.6,582,6229,257,32357
logreg,104,target,0.65,580,6218,259,32368
logreg,104,target,0.7,580,6208,259,32378
logreg,104,target,0.75,580,5800,259,32786
logreg,104,target,0.8,580,5794,259,32792
logreg,104,target,0.85,580,5762,259,32824
logreg,104,target,0.9,580,5693,259,32893
logreg,104,target,0.95,580,5659,259,32927
logreg,104,target,0.975,580,5658,259,32928
logreg,104,target,0.99,580,5598,259,32988
logreg,104,target,0.995,580,1243,259,37343
logreg,104,target,0.999,0,11,839,38575
tree,104,source_heldout,0.05,36594,14063,14,9329
tree,104,source_heldout,0.1,36589,14059,19,9333
tree,104,source_heldout,0.15,36587,14054,21,9338
tree,104,source_heldout,0.2,36579,14040,29,9352
tree,104,source_heldout,0.25,36569,14037,39,9355
tree,104,source_heldout,0.3,36546,14025,62,9367
tree,104,source_heldout,0.35,36512,13982,96,9410
tree,104,source_heldout,0.4,30014,7479,6594,15913
tree,104,source_heldout,0.45,29723,7192,6885,16200
tree,104,source_heldout,0.5,29699,7168,6909,16224
tree,104,source_heldout,0.55,18412,243,18196,23149
tree,104,source_heldout,0.6,18401,221,18207,23171
tree,104,source_heldout,0.65,18401,221,18207,23171
tree,104,source_heldout,0.7,18396,216,18212,23176
tree,104,source_heldout,0.75,18394,216,18214,23176
tree,104,source_heldout,0.8,17413,52,19195,23340
tree,104,source_heldout,0.85,17413,52,19195,23340
tree,104,source_heldout,0.9,17406,51,19202,23341
tree,104,source_heldout,0.95,17406,51,19202,23341
tree,104,source_heldout,0.975,17288,48,19320,23344
tree,104,source_heldout,0.99,16814,44,19794,23348
tree,104,source_heldout,0.995,15991,32,20617,23360
tree,104,source_heldout,0.999,9924,23,26684,23369
tree,104,target,0.05,442,29704,397,8882
tree,104,target,0.1,442,29704,397,8882
tree,104,target,0.15,442,29704,397,8882
tree,104,target,0.2,442,29704,397,8882
tree,104,target,0.25,442,29704,397,8882
tree,104,target,0.3,442,29704,397,8882
tree,104,target,0.35,442,29704,397,8882
tree,104,target,0.4,442,29704,397,8882
tree,104,target,0.45,442,29704,397,8882
tree,104,target,0.5,442,29704,397,8882
tree,104,target,0.55,442,29704,397,8882
tree,104,target,0.6,442,29704,397,8882
tree,104,target,0.65,442,29704,397,8882
tree,104,target,0.7,2,29090,837,9496
tree,104,target,0.75,2,29090,837,9496
tree,104,target,0.8,2,28648,837,9938
tree,104,target,0.85,2,28648,837,9938
tree,104,target,0.9,2,28648,837,9938
tree,104,target,0.95,2,28648,837,9938
tree,104,target,0.975,2,28648,837,9938
tree,104,target,0.99,2,28646,837,9940
tree,104,target,0.995,2,28646,837,9940
tree,104,target,0.999,2,28646,837,9940
rf,104,source_heldout,0.05,36475,14018,133,9374
rf,104,source_heldout,0.1,36237,13850,371,9542
rf,104,source_heldout,0.15,35975,13669,633,9723
rf,104,source_heldout,0.2,35604,13392,1004,10000
rf,104,source_heldout,0.25,35075,12993,1533,10399
rf,104,source_heldout,0.3,34471,12479,2137,10913
rf,104,source_heldout,0.35,33755,11815,2853,11577
rf,104,source_heldout,0.4,33092,11184,3516,12208
rf,104,source_heldout,0.45,32406,10473,4202,12919
rf,104,source_heldout,0.5,31852,9852,4756,13540
rf,104,source_heldout,0.55,20048,2382,16560,21010
rf,104,source_heldout,0.6,19639,1915,16969,21477
rf,104,source_heldout,0.65,19252,1451,17356,21941
rf,104,source_heldout,0.7,19003,1130,17605,22262
rf,104,source_heldout,0.75,18816,856,17792,22536
rf,104,source_heldout,0.8,17723,535,18885,22857
rf,104,source_heldout,0.85,17601,382,19007,23010
rf,104,source_heldout,0.9,17483,222,19125,23170
rf,104,source_heldout,0.95,17362,70,19246,23322
rf,104,source_heldout,0.975,17275,19,19333,23373
rf,104,source_heldout,0.99,14931,16,21677,23376
rf,104,source_heldout,0.995,14007,4,22601,23388
rf,104,source_heldout,0.999,10284,1,26324,23391
rf,104,target,0.05,837,36103,2,2483
rf,104,target,0.1,837,35560,2,3026
rf,104,target,0.15,837,30683,2,7903
rf,104,target,0.2,837,30332,2,8254
rf,104,target,0.25,837,30280,2,8306
rf,104,target,0.3,837,30234,2,8352
rf,104,target,0.35,830,30118,9,8468
rf,104,target,0.4,739,29945,100,8641
rf,104,target,0.45,738,29821,101,8765
rf,104,target,0.5,582,29796,257,8790
rf,104,target,0.55,582,29453,257,9133
rf,104,target,0.6,580,5492,259,33094
rf,104,target,0.65,580,5483,259,33103
rf,104,target,0.7,580,5467,259,33119
rf,104,target,0.75,440,5020,399,33566
rf,104,target,0.8,440,4985,399,33601
rf,104,target,0.85,0,4394,839,34192
rf,104,target,0.9,0,4394,839,34192
rf,104,target,0.95,0,4385,839,34201
rf,104,target,0.975,0,4385,839,34201
rf,104,target,0.99,0,4385,839,34201
rf,104,target,0.995,0,59,839,38527
rf,104,target,0.999,0,59,839,38527
xgboost,104,source_heldout,0.05,36608,14079,0,9313
xgboost,104,source_heldout,0.1,36607,14068,1,9324
xgboost,104,source_heldout,0.15,36606,14064,2,9328
xgboost,104,source_heldout,0.2,36606,14055,2,9337
xgboost,104,source_heldout,0.25,36606,14055,2,9337
xgboost,104,source_heldout,0.3,36596,14051,12,9341
xgboost,104,source_heldout,0.35,36378,13864,230,9528
xgboost,104,source_heldout,0.4,31854,9320,4754,14072
xgboost,104,source_heldout,0.45,29708,7146,6900,16246
xgboost,104,source_heldout,0.5,29662,7102,6946,16290
xgboost,104,source_heldout,0.55,18387,184,18221,23208
xgboost,104,source_heldout,0.6,18386,183,18222,23209
xgboost,104,source_heldout,0.65,18386,183,18222,23209
xgboost,104,source_heldout,0.7,18379,183,18229,23209
xgboost,104,source_heldout,0.75,18373,183,18235,23209
xgboost,104,source_heldout,0.8,17390,22,19218,23370
xgboost,104,source_heldout,0.85,17387,21,19221,23371
xgboost,104,source_heldout,0.9,17380,20,19228,23372
xgboost,104,source_heldout,0.95,17349,19,19259,23373
xgboost,104,source_heldout,0.975,17299,18,19309,23374
xgboost,104,source_heldout,0.99,17234,16,19374,23376
xgboost,104,source_heldout,0.995,16356,4,20252,23388
xgboost,104,source_heldout,0.999,12494,1,24114,23391
xgboost,104,target,0.05,837,30196,2,8390
xgboost,104,target,0.1,837,30143,2,8443
xgboost,104,target,0.15,837,30109,2,8477
xgboost,104,target,0.2,837,30098,2,8488
xgboost,104,target,0.25,837,30085,2,8501
xgboost,104,target,0.3,837,30036,2,8550
xgboost,104,target,0.35,837,30036,2,8550
xgboost,104,target,0.4,837,30036,2,8550
xgboost,104,target,0.45,837,29947,2,8639
xgboost,104,target,0.5,837,29875,2,8711
xgboost,104,target,0.55,835,29873,4,8713
xgboost,104,target,0.6,770,29784,69,8802
xgboost,104,target,0.65,728,29762,111,8824
xgboost,104,target,0.7,678,29544,161,9042
xgboost,104,target,0.75,582,8075,257,30511
xgboost,104,target,0.8,582,8057,257,30529
xgboost,104,target,0.85,580,5156,259,33430
xgboost,104,target,0.9,580,5154,259,33432
xgboost,104,target,0.95,440,5086,399,33500
xgboost,104,target,0.975,440,5050,399,33536
xgboost,104,target,0.99,440,4992,399,33594
xgboost,104,target,0.995,0,4410,839,34176
xgboost,104,target,0.999,0,4396,839,34190
hgb,104,source_heldout,0.05,36606,14069,2,9323
hgb,104,source_heldout,0.1,36605,14061,3,9331
hgb,104,source_heldout,0.15,36604,14053,4,9339
hgb,104,source_heldout,0.2,36602,14053,6,9339
hgb,104,source_heldout,0.25,36602,14050,6,9342
hgb,104,source_heldout,0.3,36600,14047,8,9345
hgb,104,source_heldout,0.35,36595,14042,13,9350
hgb,104,source_heldout,0.4,30841,8283,5767,15109
hgb,104,source_heldout,0.45,29679,7115,6929,16277
hgb,104,source_heldout,0.5,29678,7115,6930,16277
hgb,104,source_heldout,0.55,18402,199,18206,23193
hgb,104,source_heldout,0.6,18369,182,18239,23210
hgb,104,source_heldout,0.65,18367,182,18241,23210
hgb,104,source_heldout,0.7,18367,182,18241,23210
hgb,104,source_heldout,0.75,18366,182,18242,23210
hgb,104,source_heldout,0.8,17386,21,19222,23371
hgb,104,source_heldout,0.85,17376,21,19232,23371
hgb,104,source_heldout,0.9,17337,21,19271,23371
hgb,104,source_heldout,0.95,17331,20,19277,23372
hgb,104,source_heldout,0.975,17315,20,19293,23372
hgb,104,source_heldout,0.99,16387,4,20221,23388
hgb,104,source_heldout,0.995,16304,4,20304,23388
hgb,104,source_heldout,0.999,12398,2,24210,23390
hgb,104,target,0.05,837,30226,2,8360
hgb,104,target,0.1,837,29988,2,8598
hgb,104,target,0.15,835,29952,4,8634
hgb,104,target,0.2,762,29835,77,8751
hgb,104,target,0.25,762,29818,77,8768
hgb,104,target,0.3,599,29779,240,8807
hgb,104,target,0.35,599,29779,240,8807
hgb,104,target,0.4,599,29668,240,8918
hgb,104,target,0.45,599,29668,240,8918
hgb,104,target,0.5,599,29668,240,8918
hgb,104,target,0.55,599,29668,240,8918
hgb,104,target,0.6,599,29664,240,8922
hgb,104,target,0.65,598,29664,241,8922
hgb,104,target,0.7,598,29654,241,8932
hgb,104,target,0.75,598,27122,241,11464
hgb,104,target,0.8,598,26716,241,11870
hgb,104,target,0.85,598,26554,241,12032
hgb,104,target,0.9,589,5091,250,33495
hgb,104,target,0.95,440,5066,399,33520
hgb,104,target,0.975,440,5062,399,33524
hgb,104,target,0.99,0,4447,839,34139
hgb,104,target,0.995,0,4429,839,34157
hgb,104,target,0.999,0,4390,839,34196
mlp,104,source_heldout,0.05,36600,14128,8,9264
mlp,104,source_heldout,0.1,36595,14101,13,9291
mlp,104,source_heldout,0.15,36589,14091,19,9301
mlp,104,source_heldout,0.2,36585,14089,23,9303
mlp,104,source_heldout,0.25,36583,14087,25,9305
mlp,104,source_heldout,0.3,36580,14087,28,9305
mlp,104,source_heldout,0.35,35582,13125,1026,10267
mlp,104,source_heldout,0.4,29649,7136,6959,16256
mlp,104,source_heldout,0.45,29640,7133,6968,16259
mlp,104,source_heldout,0.5,29637,7133,6971,16259
mlp,104,source_heldout,0.55,18358,215,18250,23177
mlp,104,source_heldout,0.6,18356,215,18252,23177
mlp,104,source_heldout,0.65,18352,215,18256,23177
mlp,104,source_heldout,0.7,18351,213,18257,23179
mlp,104,source_heldout,0.75,17369,52,19239,23340
mlp,104,source_heldout,0.8,17368,51,19240,23341
mlp,104,source_heldout,0.85,17364,51,19244,23341
mlp,104,source_heldout,0.9,17359,49,19249,23343
mlp,104,source_heldout,0.95,15951,47,20657,23345
mlp,104,source_heldout,0.975,14963,41,21645,23351
mlp,104,source_heldout,0.99,14084,25,22524,23367
mlp,104,source_heldout,0.995,10813,5,25795,23387
mlp,104,source_heldout,0.999,10273,5,26335,23387
mlp,104,target,0.05,736,6128,103,32458
mlp,104,target,0.1,736,6062,103,32524
mlp,104,target,0.15,736,6051,103,32535
mlp,104,target,0.2,736,6051,103,32535
mlp,104,target,0.25,736,6050,103,32536
mlp,104,target,0.3,736,6023,103,32563
mlp,104,target,0.35,736,6023,103,32563
mlp,104,target,0.4,736,6023,103,32563
mlp,104,target,0.45,736,6023,103,32563
mlp,104,target,0.5,736,6022,103,32564
mlp,104,target,0.55,736,6022,103,32564
mlp,104,target,0.6,736,6022,103,32564
mlp,104,target,0.65,736,5616,103,32970
mlp,104,target,0.7,736,5614,103,32972
mlp,104,target,0.75,736,5613,103,32973
mlp,104,target,0.8,736,5613,103,32973
mlp,104,target,0.85,736,5610,103,32976
mlp,104,target,0.9,736,5609,103,32977
mlp,104,target,0.95,736,5522,103,33064
mlp,104,target,0.975,736,5417,103,33169
mlp,104,target,0.99,735,5399,104,33187
mlp,104,target,0.995,724,5399,115,33187
mlp,104,target,0.999,0,4772,839,33814
majority,105,source_heldout,0.05,36380,23620,0,0
majority,105,source_heldout,0.1,36380,23620,0,0
majority,105,source_heldout,0.15,36380,23620,0,0
majority,105,source_heldout,0.2,36380,23620,0,0
majority,105,source_heldout,0.25,36380,23620,0,0
majority,105,source_heldout,0.3,36380,23620,0,0
majority,105,source_heldout,0.35,36380,23620,0,0
majority,105,source_heldout,0.4,36380,23620,0,0
majority,105,source_heldout,0.45,36380,23620,0,0
majority,105,source_heldout,0.5,36380,23620,0,0
majority,105,source_heldout,0.55,36380,23620,0,0
majority,105,source_heldout,0.6,36380,23620,0,0
majority,105,source_heldout,0.65,36380,23620,0,0
majority,105,source_heldout,0.7,36380,23620,0,0
majority,105,source_heldout,0.75,36380,23620,0,0
majority,105,source_heldout,0.8,36380,23620,0,0
majority,105,source_heldout,0.85,36380,23620,0,0
majority,105,source_heldout,0.9,36380,23620,0,0
majority,105,source_heldout,0.95,36380,23620,0,0
majority,105,source_heldout,0.975,36380,23620,0,0
majority,105,source_heldout,0.99,36380,23620,0,0
majority,105,source_heldout,0.995,36380,23620,0,0
majority,105,source_heldout,0.999,36380,23620,0,0
majority,105,target,0.05,839,38586,0,0
majority,105,target,0.1,839,38586,0,0
majority,105,target,0.15,839,38586,0,0
majority,105,target,0.2,839,38586,0,0
majority,105,target,0.25,839,38586,0,0
majority,105,target,0.3,839,38586,0,0
majority,105,target,0.35,839,38586,0,0
majority,105,target,0.4,839,38586,0,0
majority,105,target,0.45,839,38586,0,0
majority,105,target,0.5,839,38586,0,0
majority,105,target,0.55,839,38586,0,0
majority,105,target,0.6,839,38586,0,0
majority,105,target,0.65,839,38586,0,0
majority,105,target,0.7,839,38586,0,0
majority,105,target,0.75,839,38586,0,0
majority,105,target,0.8,839,38586,0,0
majority,105,target,0.85,839,38586,0,0
majority,105,target,0.9,839,38586,0,0
majority,105,target,0.95,839,38586,0,0
majority,105,target,0.975,839,38586,0,0
majority,105,target,0.99,839,38586,0,0
majority,105,target,0.995,839,38586,0,0
majority,105,target,0.999,839,38586,0,0
stratified,105,source_heldout,0.05,22142,14208,14238,9412
stratified,105,source_heldout,0.1,22142,14208,14238,9412
stratified,105,source_heldout,0.15,22142,14208,14238,9412
stratified,105,source_heldout,0.2,22142,14208,14238,9412
stratified,105,source_heldout,0.25,22142,14208,14238,9412
stratified,105,source_heldout,0.3,22142,14208,14238,9412
stratified,105,source_heldout,0.35,22142,14208,14238,9412
stratified,105,source_heldout,0.4,22142,14208,14238,9412
stratified,105,source_heldout,0.45,22142,14208,14238,9412
stratified,105,source_heldout,0.5,22142,14208,14238,9412
stratified,105,source_heldout,0.55,22142,14208,14238,9412
stratified,105,source_heldout,0.6,22142,14208,14238,9412
stratified,105,source_heldout,0.65,22142,14208,14238,9412
stratified,105,source_heldout,0.7,22142,14208,14238,9412
stratified,105,source_heldout,0.75,22142,14208,14238,9412
stratified,105,source_heldout,0.8,22142,14208,14238,9412
stratified,105,source_heldout,0.85,22142,14208,14238,9412
stratified,105,source_heldout,0.9,22142,14208,14238,9412
stratified,105,source_heldout,0.95,22142,14208,14238,9412
stratified,105,source_heldout,0.975,22142,14208,14238,9412
stratified,105,source_heldout,0.99,22142,14208,14238,9412
stratified,105,source_heldout,0.995,22142,14208,14238,9412
stratified,105,source_heldout,0.999,22142,14208,14238,9412
stratified,105,target,0.05,481,23393,358,15193
stratified,105,target,0.1,481,23393,358,15193
stratified,105,target,0.15,481,23393,358,15193
stratified,105,target,0.2,481,23393,358,15193
stratified,105,target,0.25,481,23393,358,15193
stratified,105,target,0.3,481,23393,358,15193
stratified,105,target,0.35,481,23393,358,15193
stratified,105,target,0.4,481,23393,358,15193
stratified,105,target,0.45,481,23393,358,15193
stratified,105,target,0.5,481,23393,358,15193
stratified,105,target,0.55,481,23393,358,15193
stratified,105,target,0.6,481,23393,358,15193
stratified,105,target,0.65,481,23393,358,15193
stratified,105,target,0.7,481,23393,358,15193
stratified,105,target,0.75,481,23393,358,15193
stratified,105,target,0.8,481,23393,358,15193
stratified,105,target,0.85,481,23393,358,15193
stratified,105,target,0.9,481,23393,358,15193
stratified,105,target,0.95,481,23393,358,15193
stratified,105,target,0.975,481,23393,358,15193
stratified,105,target,0.99,481,23393,358,15193
stratified,105,target,0.995,481,23393,358,15193
stratified,105,target,0.999,481,23393,358,15193
logreg,105,source_heldout,0.05,36363,14882,17,8738
logreg,105,source_heldout,0.1,36359,14592,21,9028
logreg,105,source_heldout,0.15,36348,14542,32,9078
logreg,105,source_heldout,0.2,36343,14522,37,9098
logreg,105,source_heldout,0.25,36336,14507,44,9113
logreg,105,source_heldout,0.3,36326,14496,54,9124
logreg,105,source_heldout,0.35,36307,14468,73,9152
logreg,105,source_heldout,0.4,34211,14428,2169,9192
logreg,105,source_heldout,0.45,34147,14421,2233,9199
logreg,105,source_heldout,0.5,28094,8299,8286,15321
logreg,105,source_heldout,0.55,16146,679,20234,22941
logreg,105,source_heldout,0.6,15919,485,20461,23135
logreg,105,source_heldout,0.65,15890,480,20490,23140
logreg,105,source_heldout,0.7,15848,469,20532,23151
logreg,105,source_heldout,0.75,15743,465,20637,23155
logreg,105,source_heldout,0.8,14660,281,21720,23339
logreg,105,source_heldout,0.85,11456,171,24924,23449
logreg,105,source_heldout,0.9,10502,145,25878,23475
logreg,105,source_heldout,0.95,10067,116,26313,23504
logreg,105,source_heldout,0.975,8478,103,27902,23517
logreg,105,source_heldout,0.99,7305,91,29075,23529
logreg,105,source_heldout,0.995,4358,65,32022,23555
logreg,105,source_heldout,0.999,2344,18,34036,23602
logreg,105,target,0.05,738,32706,101,5880
logreg,105,target,0.1,738,32226,101,6360
logreg,105,target,0.15,738,31853,101,6733
logreg,105,target,0.2,738,31271,101,7315
logreg,105,target,0.25,582,30908,257,7678
logreg,105,target,0.3,582,30643,257,7943
logreg,105,target,0.35,582,30447,257,8139
logreg,105,target,0.4,582,30333,257,8253
logreg,105,target,0.45,582,30258,257,8328
logreg,105,target,0.5,582,30239,257,8347
logreg,105,target,0.55,582,6273,257,32313
logreg,105,target,0.6,582,6234,257,32352
logreg,105,target,0.65,580,6215,259,32371
logreg,105,target,0.7,580,6210,259,32376
logreg,105,target,0.75,580,5800,259,32786
logreg,105,target,0.8,580,5797,259,32789
logreg,105,target,0.85,580,5761,259,32825
logreg,105,target,0.9,580,5755,259,32831
logreg,105,target,0.95,580,5676,259,32910
logreg,105,target,0.975,580,5657,259,32929
logreg,105,target,0.99,580,5598,259,32988
logreg,105,target,0.995,580,1263,259,37323
logreg,105,target,0.999,0,11,839,38575
tree,105,source_heldout,0.05,36353,14114,27,9506
tree,105,source_heldout,0.1,36353,14110,27,9510
tree,105,source_heldout,0.15,36352,14109,28,9511
tree,105,source_heldout,0.2,36347,14105,33,9515
tree,105,source_heldout,0.25,36343,14103,37,9517
tree,105,source_heldout,0.3,36315,14083,65,9537
tree,105,source_heldout,0.35,36232,14028,148,9592
tree,105,source_heldout,0.4,29863,7594,6517,16026
tree,105,source_heldout,0.45,29580,7254,6800,16366
tree,105,source_heldout,0.5,29482,7134,6898,16486
tree,105,source_heldout,0.55,18252,221,18128,23399
tree,105,source_heldout,0.6,18247,219,18133,23401
tree,105,source_heldout,0.65,18243,218,18137,23402
tree,105,source_heldout,0.7,18239,217,18141,23403
tree,105,source_heldout,0.75,18238,209,18142,23411
tree,105,source_heldout,0.8,17319,51,19061,23569
tree,105,source_heldout,0.85,17296,51,19084,23569
tree,105,source_heldout,0.9,17296,51,19084,23569
tree,105,source_heldout,0.95,17152,43,19228,23577
tree,105,source_heldout,0.975,17076,43,19304,23577
tree,105,source_heldout,0.99,15562,30,20818,23590
tree,105,source_heldout,0.995,15562,30,20818,23590
tree,105,source_heldout,0.999,12086,26,24294,23594
tree,105,target,0.05,442,29516,397,9070
tree,105,target,0.1,442,29516,397,9070
tree,105,target,0.15,442,29516,397,9070
tree,105,target,0.2,442,29516,397,9070
tree,105,target,0.25,442,29516,397,9070
tree,105,target,0.3,442,29516,397,9070
tree,105,target,0.35,442,29516,397,9070
tree,105,target,0.4,442,29516,397,9070
tree,105,target,0.45,442,29516,397,9070
tree,105,target,0.5,442,29516,397,9070
tree,105,target,0.55,442,29516,397,9070
tree,105,target,0.6,442,29516,397,9070
tree,105,target,0.65,442,29516,397,9070
tree,105,target,0.7,442,29516,397,9070
tree,105,target,0.75,442,29516,397,9070
tree,105,target,0.8,442,29051,397,9535
tree,105,target,0.85,442,29051,397,9535
tree,105,target,0.9,442,29051,397,9535
tree,105,target,0.95,442,29051,397,9535
tree,105,target,0.975,442,29051,397,9535
tree,105,target,0.99,442,24658,397,13928
tree,105,target,0.995,442,24658,397,13928
tree,105,target,0.999,442,24658,397,13928
rf,105,source_heldout,0.05,36253,14093,127,9527
rf,105,source_heldout,0.1,36025,13927,355,9693
rf,105,source_heldout,0.15,35765,13715,615,9905
rf,105,source_heldout,0.2,35392,13433,988,10187
rf,105,source_heldout,0.25,34923,13069,1457,10551
rf,105,source_heldout,0.3,34326,12546,2054,11074
rf,105,source_heldout,0.35,33615,11927,2765,11693
rf,105,source_heldout,0.4,32929,11273,3451,12347
rf,105,source_heldout,0.45,32209,10609,4171,13011
rf,105,source_heldout,0.5,31648,9934,4732,13686
rf,105,source_heldout,0.55,19931,2494,16449,21126
rf,105,source_heldout,0.6,19487,1972,16893,21648
rf,105,source_heldout,0.65,19137,1526,17243,22094
rf,105,source_heldout,0.7,18873,1153,17507,22467
rf,105,source_heldout,0.75,18708,888,17672,22732
rf,105,source_heldout,0.8,17617,525,18763,23095
rf,105,source_heldout,0.85,17474,370,18906,23250
rf,105,source_heldout,0.9,17371,228,19009,23392
rf,105,source_heldout,0.95,17259,79,19121,23541
rf,105,source_heldout,0.975,17176,23,19204,23597
rf,105,source_heldout,0.99,14015,6,22365,23614
rf,105,source_heldout,0.995,13847,4,22533,23616
rf,105,source_heldout,0.999,8518,0,27862,23620
rf,105,target,0.05,837,36177,2,2409
rf,105,target,0.1,837,34627,2,3959
rf,105,target,0.15,837,30661,2,7925
rf,105,target,0.2,837,30406,2,8180
rf,105,target,0.25,837,30309,2,8277
rf,105,target,0.3,837,30276,2,8310
rf,105,target,0.35,828,30246,11,8340
rf,105,target,0.4,739,30105,100,8481
rf,105,target,0.45,738,29848,101,8738
rf,105,target,0.5,738,5639,101,32947
rf,105,target,0.55,736,5500,103,33086
rf,105,target,0.6,580,5492,259,33094
rf,105,target,0.65,580,5480,259,33106
rf,105,target,0.7,580,5466,259,33120
rf,105,target,0.75,580,5465,259,33121
rf,105,target,0.8,440,5012,399,33574
rf,105,target,0.85,440,4986,399,33600
rf,105,target,0.9,0,4400,839,34186
rf,105,target,0.95,0,4389,839,34197
rf,105,target,0.975,0,4385,839,34201
rf,105,target,0.99,0,0,839,38586
rf,105,target,0.995,0,0,839,38586
rf,105,target,0.999,0,0,839,38586
xgboost,105,source_heldout,0.05,36375,14133,5,9487
xgboost,105,source_heldout,0.1,36373,14123,7,9497
xgboost,105,source_heldout,0.15,36373,14117,7,9503
xgboost,105,source_heldout,0.2,36372,14114,8,9506
xgboost,105,source_heldout,0.25,36366,14110,14,9510
xgboost,105,source_heldout,0.3,36366,14108,14,9512
xgboost,105,source_heldout,0.35,36131,13915,249,9705
xgboost,105,source_heldout,0.4,32138,9822,4242,13798
xgboost,105,source_heldout,0.45,29514,7145,6866,16475
xgboost,105,source_heldout,0.5,29469,7100,6911,16520
xgboost,105,source_heldout,0.55,18226,181,18154,23439
xgboost,105,source_heldout,0.6,18223,181,18157,23439
xgboost,105,source_heldout,0.65,18220,180,18160,23440
xgboost,105,source_heldout,0.7,18220,180,18160,23440
xgboost,105,source_heldout,0.75,18219,179,18161,23441
xgboost,105,source_heldout,0.8,17299,22,19081,23598
xgboost,105,source_heldout,0.85,17283,21,19097,23599
xgboost,105,source_heldout,0.9,17282,20,19098,23600
xgboost,105,source_heldout,0.95,17223,17,19157,23603
xgboost,105,source_heldout,0.975,17136,14,19244,23606
xgboost,105,source_heldout,0.99,16268,4,20112,23616
xgboost,105,source_heldout,0.995,16143,4,20237,23616
xgboost,105,source_heldout,0.999,12247,0,24133,23620
xgboost,105,target,0.05,837,30307,2,8279
xgboost,105,target,0.1,837,30136,2,8450
xgboost,105,target,0.15,837,30016,2,8570
xgboost,105,target,0.2,837,29977,2,8609
xgboost,105,target,0.25,837,29900,2,8686
xgboost,105,target,0.3,837,29893,2,8693
xgboost,105,target,0.35,837,29889,2,8697
xgboost,105,target,0.4,837,29889,2,8697
xgboost,105,target,0.45,837,29889,2,8697
xgboost,105,target,0.5,837,29888,2,8698
xgboost,105,target,0.55,837,29888,2,8698
xgboost,105,target,0.6,837,29888,2,8698
xgboost,105,target,0.65,836,29878,3,8708
xgboost,105,target,0.7,835,29877,4,8709
xgboost,105,target,0.75,695,8378,144,30208
xgboost,105,target,0.8,695,8257,144,30329
xgboost,105,target,0.85,603,7820,236,30766
xgboost,105,target,0.9,442,5095,397,33491
xgboost,105,target,0.95,440,5053,399,33533
xgboost,105,target,0.975,440,5006,399,33580
xgboost,105,target,0.99,440,4989,399,33597
xgboost,105,target,0.995,0,16,839,38570
xgboost,105,target,0.999,0,0,839,38586
hgb,105,source_heldout,0.05,36376,14134,4,9486
hgb,105,source_heldout,0.1,36376,14128,4,9492
hgb,105,source_heldout,0.15,36374,14118,6,9502
hgb,105,source_heldout,0.2,36373,14116,7,9504
hgb,105,source_heldout,0.25,36371,14112,9,9508
hgb,105,source_heldout,0.3,36371,14112,9,9508
hgb,105,source_heldout,0.35,36366,14111,14,9509
hgb,105,source_heldout,0.4,30413,8069,5967,15551
hgb,105,source_heldout,0.45,29453,7095,6927,16525
hgb,105,source_heldout,0.5,29453,7095,6927,16525
hgb,105,source_heldout,0.55,18227,188,18153,23432
hgb,105,source_heldout,0.6,18226,188,18154,23432
hgb,105,source_heldout,0.65,18223,187,18157,23433
hgb,105,source_heldout,0.7,18220,182,18160,23438
hgb,105,source_heldout,0.75,18214,180,18166,23440
hgb,105,source_heldout,0.8,17293,23,19087,23597
hgb,105,source_heldout,0.85,17285,22,19095,23598
hgb,105,source_heldout,0.9,17283,22,19097,23598
hgb,105,source_heldout,0.95,17177,16,19203,23604
hgb,105,source_heldout,0.975,17142,15,19238,23605
hgb,105,source_heldout,0.99,16297,5,20083,23615
hgb,105,source_heldout,0.995,16196,5,20184,23615
hgb,105,source_heldout,0.999,10386,0,25994,23620
hgb,105,target,0.05,837,30242,2,8344
hgb,105,target,0.1,837,30189,2,8397
hgb,105,target,0.15,837,30177,2,8409
hgb,105,target,0.2,837,30176,2,8410
hgb,105,target,0.25,837,29841,2,8745
hgb,105,target,0.3,837,29836,2,8750
hgb,105,target,0.35,837,29831,2,8755
hgb,105,target,0.4,837,29831,2,8755
hgb,105,target,0.45,836,29768,3,8818
hgb,105,target,0.5,773,29768,66,8818
hgb,105,target,0.55,773,29711,66,8875
hgb,105,target,0.6,741,29711,98,8875
hgb,105,target,0.65,741,29711,98,8875
hgb,105,target,0.7,739,29550,100,9036
hgb,105,target,0.75,739,29543,100,9043
hgb,105,target,0.8,739,29543,100,9043
hgb,105,target,0.85,599,29504,240,9082
hgb,105,target,0.9,598,29478,241,9108
hgb,105,target,0.95,598,29071,241,9515
hgb,105,target,0.975,598,26558,241,12028
hgb,105,target,0.99,596,5069,243,33517
hgb,105,target,0.995,156,85,683,38501
hgb,105,target,0.999,156,35,683,38551
mlp,105,source_heldout,0.05,36370,14259,10,9361
mlp,105,source_heldout,0.1,36366,14184,14,9436
mlp,105,source_heldout,0.15,36365,14163,15,9457
mlp,105,source_heldout,0.2,36357,14158,23,9462
mlp,105,source_heldout,0.25,36357,14151,23,9469
mlp,105,source_heldout,0.3,36357,14150,23,9470
mlp,105,source_heldout,0.35,30001,7699,6379,15921
mlp,105,source_heldout,0.4,29447,7129,6933,16491
mlp,105,source_heldout,0.45,29444,7122,6936,16498
mlp,105,source_heldout,0.5,29444,7121,6936,16499
mlp,105,source_heldout,0.55,18210,214,18170,23406
mlp,105,source_heldout,0.6,18209,214,18171,23406
mlp,105,source_heldout,0.65,18208,212,18172,23408
mlp,105,source_heldout,0.7,18203,212,18177,23408
mlp,105,source_heldout,0.75,17264,51,19116,23569
mlp,105,source_heldout,0.8,17150,46,19230,23574
mlp,105,source_heldout,0.85,17129,44,19251,23576
mlp,105,source_heldout,0.9,17103,40,19277,23580
mlp,105,source_heldout,0.95,17004,36,19376,23584
mlp,105,source_heldout,0.975,15103,34,21277,23586
mlp,105,source_heldout,0.99,11936,5,24444,23615
mlp,105,source_heldout,0.995,11688,4,24692,23616
mlp,105,source_heldout,0.999,10136,2,26244,23618
mlp,105,target,0.05,736,6181,103,32405
mlp,105,target,0.1,736,6046,103,32540
mlp,105,target,0.15,736,6010,103,32576
mlp,105,target,0.2,736,5991,103,32595
mlp,105,target,0.25,736,5951,103,32635
mlp,105,target,0.3,736,5947,103,32639
mlp,105,target,0.35,736,5945,103,32641
mlp,105,target,0.4,736,5944,103,32642
mlp,105,target,0.45,736,5944,103,32642
mlp,105,target,0.5,736,5944,103,32642
mlp,105,target,0.55,736,5944,103,32642
mlp,105,target,0.6,736,5944,103,32642
mlp,105,target,0.65,736,5536,103,33050
mlp,105,target,0.7,736,5536,103,33050
mlp,105,target,0.75,736,5535,103,33051
mlp,105,target,0.8,736,5535,103,33051
mlp,105,target,0.85,736,5533,103,33053
mlp,105,target,0.9,736,5530,103,33056
mlp,105,target,0.95,736,5529,103,33057
mlp,105,target,0.975,736,5445,103,33141
mlp,105,target,0.99,736,5405,103,33181
mlp,105,target,0.995,736,5403,103,33183
mlp,105,target,0.999,156,4780,683,33806
majority,106,source_heldout,0.05,36210,23790,0,0
majority,106,source_heldout,0.1,36210,23790,0,0
majority,106,source_heldout,0.15,36210,23790,0,0
majority,106,source_heldout,0.2,36210,23790,0,0
majority,106,source_heldout,0.25,36210,23790,0,0
majority,106,source_heldout,0.3,36210,23790,0,0
majority,106,source_heldout,0.35,36210,23790,0,0
majority,106,source_heldout,0.4,36210,23790,0,0
majority,106,source_heldout,0.45,36210,23790,0,0
majority,106,source_heldout,0.5,36210,23790,0,0
majority,106,source_heldout,0.55,36210,23790,0,0
majority,106,source_heldout,0.6,36210,23790,0,0
majority,106,source_heldout,0.65,36210,23790,0,0
majority,106,source_heldout,0.7,36210,23790,0,0
majority,106,source_heldout,0.75,36210,23790,0,0
majority,106,source_heldout,0.8,36210,23790,0,0
majority,106,source_heldout,0.85,36210,23790,0,0
majority,106,source_heldout,0.9,36210,23790,0,0
majority,106,source_heldout,0.95,36210,23790,0,0
majority,106,source_heldout,0.975,36210,23790,0,0
majority,106,source_heldout,0.99,36210,23790,0,0
majority,106,source_heldout,0.995,36210,23790,0,0
majority,106,source_heldout,0.999,36210,23790,0,0
majority,106,target,0.05,839,38586,0,0
majority,106,target,0.1,839,38586,0,0
majority,106,target,0.15,839,38586,0,0
majority,106,target,0.2,839,38586,0,0
majority,106,target,0.25,839,38586,0,0
majority,106,target,0.3,839,38586,0,0
majority,106,target,0.35,839,38586,0,0
majority,106,target,0.4,839,38586,0,0
majority,106,target,0.45,839,38586,0,0
majority,106,target,0.5,839,38586,0,0
majority,106,target,0.55,839,38586,0,0
majority,106,target,0.6,839,38586,0,0
majority,106,target,0.65,839,38586,0,0
majority,106,target,0.7,839,38586,0,0
majority,106,target,0.75,839,38586,0,0
majority,106,target,0.8,839,38586,0,0
majority,106,target,0.85,839,38586,0,0
majority,106,target,0.9,839,38586,0,0
majority,106,target,0.95,839,38586,0,0
majority,106,target,0.975,839,38586,0,0
majority,106,target,0.99,839,38586,0,0
majority,106,target,0.995,839,38586,0,0
majority,106,target,0.999,839,38586,0,0
stratified,106,source_heldout,0.05,21894,14348,14316,9442
stratified,106,source_heldout,0.1,21894,14348,14316,9442
stratified,106,source_heldout,0.15,21894,14348,14316,9442
stratified,106,source_heldout,0.2,21894,14348,14316,9442
stratified,106,source_heldout,0.25,21894,14348,14316,9442
stratified,106,source_heldout,0.3,21894,14348,14316,9442
stratified,106,source_heldout,0.35,21894,14348,14316,9442
stratified,106,source_heldout,0.4,21894,14348,14316,9442
stratified,106,source_heldout,0.45,21894,14348,14316,9442
stratified,106,source_heldout,0.5,21894,14348,14316,9442
stratified,106,source_heldout,0.55,21894,14348,14316,9442
stratified,106,source_heldout,0.6,21894,14348,14316,9442
stratified,106,source_heldout,0.65,21894,14348,14316,9442
stratified,106,source_heldout,0.7,21894,14348,14316,9442
stratified,106,source_heldout,0.75,21894,14348,14316,9442
stratified,106,source_heldout,0.8,21894,14348,14316,9442
stratified,106,source_heldout,0.85,21894,14348,14316,9442
stratified,106,source_heldout,0.9,21894,14348,14316,9442
stratified,106,source_heldout,0.95,21894,14348,14316,9442
stratified,106,source_heldout,0.975,21894,14348,14316,9442
stratified,106,source_heldout,0.99,21894,14348,14316,9442
stratified,106,source_heldout,0.995,21894,14348,14316,9442
stratified,106,source_heldout,0.999,21894,14348,14316,9442
stratified,106,target,0.05,481,23314,358,15272
stratified,106,target,0.1,481,23314,358,15272
stratified,106,target,0.15,481,23314,358,15272
stratified,106,target,0.2,481,23314,358,15272
stratified,106,target,0.25,481,23314,358,15272
stratified,106,target,0.3,481,23314,358,15272
stratified,106,target,0.35,481,23314,358,15272
stratified,106,target,0.4,481,23314,358,15272
stratified,106,target,0.45,481,23314,358,15272
stratified,106,target,0.5,481,23314,358,15272
stratified,106,target,0.55,481,23314,358,15272
stratified,106,target,0.6,481,23314,358,15272
stratified,106,target,0.65,481,23314,358,15272
stratified,106,target,0.7,481,23314,358,15272
stratified,106,target,0.75,481,23314,358,15272
stratified,106,target,0.8,481,23314,358,15272
stratified,106,target,0.85,481,23314,358,15272
stratified,106,target,0.9,481,23314,358,15272
stratified,106,target,0.95,481,23314,358,15272
stratified,106,target,0.975,481,23314,358,15272
stratified,106,target,0.99,481,23314,358,15272
stratified,106,target,0.995,481,23314,358,15272
stratified,106,target,0.999,481,23314,358,15272
logreg,106,source_heldout,0.05,36196,15067,14,8723
logreg,106,source_heldout,0.1,36194,14814,16,8976
logreg,106,source_heldout,0.15,36186,14785,24,9005
logreg,106,source_heldout,0.2,36181,14769,29,9021
logreg,106,source_heldout,0.25,36175,14760,35,9030
logreg,106,source_heldout,0.3,36162,14720,48,9070
logreg,106,source_heldout,0.35,36152,14678,58,9112
logreg,106,source_heldout,0.4,35494,14663,716,9127
logreg,106,source_heldout,0.45,33985,14657,2225,9133
logreg,106,source_heldout,0.5,28010,8531,8200,15259
logreg,106,source_heldout,0.55,16067,685,20143,23105
logreg,106,source_heldout,0.6,15837,512,20373,23278
logreg,106,source_heldout,0.65,15810,502,20400,23288
logreg,106,source_heldout,0.7,15773,499,20437,23291
logreg,106,source_heldout,0.75,15657,488,20553,23302
logreg,106,source_heldout,0.8,14471,294,21739,23496
logreg,106,source_heldout,0.85,11215,141,24995,23649
logreg,106,source_heldout,0.9,10226,128,25984,23662
logreg,106,source_heldout,0.95,9800,110,26410,23680
logreg,106,source_heldout,0.975,8194,94,28016,23696
logreg,106,source_heldout,0.99,7081,74,29129,23716
logreg,106,source_heldout,0.995,4245,58,31965,23732
logreg,106,source_heldout,0.999,2185,16,34025,23774
logreg,106,target,0.05,738,32642,101,5944
logreg,106,target,0.1,738,32047,101,6539
logreg,106,target,0.15,738,31399,101,7187
logreg,106,target,0.2,738,30896,101,7690
logreg,106,target,0.25,738,30620,101,7966
logreg,106,target,0.3,582,30423,257,8163
logreg,106,target,0.35,582,30344,257,8242
logreg,106,target,0.4,582,30336,257,8250
logreg,106,target,0.45,582,30273,257,8313
logreg,106,target,0.5,582,30214,257,8372
logreg,106,target,0.55,582,6255,257,32331
logreg,106,target,0.6,580,6221,259,32365
logreg,106,target,0.65,580,6213,259,32373
logreg,106,target,0.7,580,6209,259,32377
logreg,106,target,0.75,580,5800,259,32786
logreg,106,target,0.8,580,5796,259,32790
logreg,106,target,0.85,580,5759,259,32827
logreg,106,target,0.9,580,5687,259,32899
logreg,106,target,0.95,580,5658,259,32928
logreg,106,target,0.975,580,5657,259,32929
logreg,106,target,0.99,580,5597,259,32989
logreg,106,target,0.995,580,1172,259,37414
logreg,106,target,0.999,0,11,839,38575
tree,106,source_heldout,0.05,36187,14318,23,9472
tree,106,source_heldout,0.1,36186,14317,24,9473
tree,106,source_heldout,0.15,36186,14317,24,9473
tree,106,source_heldout,0.2,36185,14317,25,9473
tree,106,source_heldout,0.25,36164,14296,46,9494
tree,106,source_heldout,0.3,36151,14289,59,9501
tree,106,source_heldout,0.35,36129,14276,81,9514
tree,106,source_heldout,0.4,29436,7397,6774,16393
tree,106,source_heldout,0.45,29402,7359,6808,16431
tree,106,source_heldout,0.5,29370,7344,6840,16446
tree,106,source_heldout,0.55,18141,220,18069,23570
tree,106,source_heldout,0.6,18135,212,18075,23578
tree,106,source_heldout,0.65,18135,212,18075,23578
tree,106,source_heldout,0.7,18134,211,18076,23579
tree,106,source_heldout,0.75,18127,208,18083,23582
tree,106,source_heldout,0.8,17154,35,19056,23755
tree,106,source_heldout,0.85,17154,34,19056,23756
tree,106,source_heldout,0.9,17154,34,19056,23756
tree,106,source_heldout,0.95,17025,30,19185,23760
tree,106,source_heldout,0.975,17025,30,19185,23760
tree,106,source_heldout,0.99,15570,22,20640,23768
tree,106,source_heldout,0.995,15505,20,20705,23770
tree,106,source_heldout,0.999,11332,16,24878,23774
tree,106,target,0.05,442,29583,397,9003
tree,106,target,0.1,442,29583,397,9003
tree,106,target,0.15,442,29583,397,9003
tree,106,target,0.2,442,29583,397,9003
tree,106,target,0.25,442,29583,397,9003
tree,106,target,0.3,442,29583,397,9003
tree,106,target,0.35,442,29583,397,9003
tree,106,target,0.4,2,28976,837,9610
tree,106,target,0.45,2,28976,837,9610
tree,106,target,0.5,2,28976,837,9610
tree,106,target,0.55,2,28976,837,9610
tree,106,target,0.6,2,28976,837,9610
tree,106,target,0.65,2,28976,837,9610
tree,106,target,0.7,2,28976,837,9610
tree,106,target,0.75,2,28976,837,9610
tree,106,target,0.8,2,28570,837,10016
tree,106,target,0.85,2,28570,837,10016
tree,106,target,0.9,2,28570,837,10016
tree,106,target,0.95,2,28570,837,10016
tree,106,target,0.975,2,28570,837,10016
tree,106,target,0.99,2,28561,837,10025
tree,106,target,0.995,2,24170,837,14416
tree,106,target,0.999,2,24170,837,14416
rf,106,source_heldout,0.05,36139,14340,71,9450
rf,106,source_heldout,0.1,35925,14172,285,9618
rf,106,source_heldout,0.15,35663,13984,547,9806
rf,106,source_heldout,0.2,35253,13675,957,10115
rf,106,source_heldout,0.25,34784,13283,1426,10507
rf,106,source_heldout,0.3,34211,12755,1999,11035
rf,106,source_heldout,0.35,33504,12098,2706,11692
rf,106,source_heldout,0.4,32803,11510,3407,12280
rf,106,source_heldout,0.45,32134,10772,4076,13018
rf,106,source_heldout,0.5,31513,10122,4697,13668
rf,106,source_heldout,0.55,19755,2434,16455,21356
rf,106,source_heldout,0.6,19314,1911,16896,21879
rf,106,source_heldout,0.65,18988,1459,17222,22331
rf,106,source_heldout,0.7,18721,1109,17489,22681
rf,106,source_heldout,0.75,18540,853,17670,22937
rf,106,source_heldout,0.8,17449,471,18761,23319
rf,106,source_heldout,0.85,17332,308,18878,23482
rf,106,source_heldout,0.9,17216,163,18994,23627
rf,106,source_heldout,0.95,17066,11,19144,23779
rf,106,source_heldout,0.975,16992,10,19218,23780
rf,106,source_heldout,0.99,13847,6,22363,23784
rf,106,source_heldout,0.995,13684,4,22526,23786
rf,106,source_heldout,0.999,10885,1,25325,23789
rf,106,target,0.05,837,35783,2,2803
rf,106,target,0.1,837,35267,2,3319
rf,106,target,0.15,837,30674,2,7912
rf,106,target,0.2,837,30307,2,8279
rf,106,target,0.25,837,30260,2,8326
rf,106,target,0.3,837,30140,2,8446
rf,106,target,0.35,798,30103,41,8483
rf,106,target,0.4,738,29848,101,8738
rf,106,target,0.45,738,29814,101,8772
rf,106,target,0.5,738,29569,101,9017
rf,106,target,0.55,582,29452,257,9134
rf,106,target,0.6,582,5487,257,33099
rf,106,target,0.65,580,5468,259,33118
rf,106,target,0.7,580,5433,259,33153
rf,106,target,0.75,0,4812,839,33774
rf,106,target,0.8,0,4401,839,34185
rf,106,target,0.85,0,4400,839,34186
rf,106,target,0.9,0,4400,839,34186
rf,106,target,0.95,0,4395,839,34191
rf,106,target,0.975,0,4385,839,34201
rf,106,target,0.99,0,4385,839,34201
rf,106,target,0.995,0,0,839,38586
rf,106,target,0.999,0,0,839,38586
xgboost,106,source_heldout,0.05,36205,14350,5,9440
xgboost,106,source_heldout,0.1,36204,14336,6,9454
xgboost,106,source_heldout,0.15,36204,14332,6,9458
xgboost,106,source_heldout,0.2,36204,14332,6,9458
xgboost,106,source_heldout,0.25,36204,14329,6,9461
xgboost,106,source_heldout,0.3,36193,14323,17,9467
xgboost,106,source_heldout,0.35,35908,14064,302,9726
xgboost,106,source_heldout,0.4,31707,9753,4503,14037
xgboost,106,source_heldout,0.45,29423,7379,6787,16411
xgboost,106,source_heldout,0.5,29360,7313,6850,16477
xgboost,106,source_heldout,0.55,18129,190,18081,23600
xgboost,106,source_heldout,0.6,18127,189,18083,23601
xgboost,106,source_heldout,0.65,18122,187,18088,23603
xgboost,106,source_heldout,0.7,18121,187,18089,23603
xgboost,106,source_heldout,0.75,18120,187,18090,23603
xgboost,106,source_heldout,0.8,17141,12,19069,23778
xgboost,106,source_heldout,0.85,17115,12,19095,23778
xgboost,106,source_heldout,0.9,17093,12,19117,23778
xgboost,106,source_heldout,0.95,17059,12,19151,23778
xgboost,106,source_heldout,0.975,17037,10,19173,23780
xgboost,106,source_heldout,0.99,16099,6,20111,23784
xgboost,106,source_heldout,0.995,16070,6,20140,23784
xgboost,106,source_heldout,0.999,13908,1,22302,23789
xgboost,106,target,0.05,837,30143,2,8443
xgboost,106,target,0.1,837,30122,2,8464
xgboost,106,target,0.15,837,30063,2,8523
xgboost,106,target,0.2,837,29959,2,8627
xgboost,106,target,0.25,837,29887,2,8699
xgboost,106,target,0.3,837,29886,2,8700
xgboost,106,target,0.35,836,29885,3,8701
xgboost,106,target,0.4,835,8415,4,30171
xgboost,106,target,0.45,824,8402,15,30184
xgboost,106,target,0.5,787,8391,52,30195
xgboost,106,target,0.55,681,8387,158,30199
xgboost,106,target,0.6,680,5894,159,32692
xgboost,106,target,0.65,538,5551,301,33035
xgboost,106,target,0.7,442,5526,397,33060
xgboost,106,target,0.75,442,5518,397,33068
xgboost,106,target,0.8,442,5505,397,33081
xgboost,106,target,0.85,442,5442,397,33144
xgboost,106,target,0.9,440,5004,399,33582
xgboost,106,target,0.95,440,5004,399,33582
xgboost,106,target,0.975,440,4992,399,33594
xgboost,106,target,0.99,440,4981,399,33605
xgboost,106,target,0.995,0,63,839,38523
xgboost,106,target,0.999,0,0,839,38586
hgb,106,source_heldout,0.05,36205,14339,5,9451
hgb,106,source_heldout,0.1,36205,14334,5,9456
hgb,106,source_heldout,0.15,36205,14331,5,9459
hgb,106,source_heldout,0.2,36205,14330,5,9460
hgb,106,source_heldout,0.25,36205,14329,5,9461
hgb,106,source_heldout,0.3,36196,14317,14,9473
hgb,106,source_heldout,0.35,36146,14252,64,9538
hgb,106,source_heldout,0.4,31804,9907,4406,13883
hgb,106,source_heldout,0.45,29369,7339,6841,16451
hgb,106,source_heldout,0.5,29354,7310,6856,16480
hgb,106,source_heldout,0.55,18126,189,18084,23601
hgb,106,source_heldout,0.6,18125,189,18085,23601
hgb,106,source_heldout,0.65,18122,187,18088,23603
hgb,106,source_heldout,0.7,18122,187,18088,23603
hgb,106,source_heldout,0.75,18121,187,18089,23603
hgb,106,source_heldout,0.8,17146,16,19064,23774
hgb,106,source_heldout,0.85,17134,13,19076,23777
hgb,106,source_heldout,0.9,17134,12,19076,23778
hgb,106,source_heldout,0.95,17036,10,19174,23780
hgb,106,source_heldout,0.975,17031,10,19179,23780
hgb,106,source_heldout,0.99,16146,6,20064,23784
hgb,106,source_heldout,0.995,16027,4,20183,23786
hgb,106,source_heldout,0.999,12318,1,23892,23789
hgb,106,target,0.05,739,30251,100,8335
hgb,106,target,0.1,739,30222,100,8364
hgb,106,target,0.15,739,30154,100,8432
hgb,106,target,0.2,739,30090,100,8496
hgb,106,target,0.25,664,30081,175,8505
hgb,106,target,0.3,602,30041,237,8545
hgb,106,target,0.35,602,30041,237,8545
hgb,106,target,0.4,602,30022,237,8564
hgb,106,target,0.45,597,30022,242,8564
hgb,106,target,0.5,582,29615,257,8971
hgb,106,target,0.55,582,29615,257,8971
hgb,106,target,0.6,582,29455,257,9131
hgb,106,target,0.65,582,29455,257,9131
hgb,106,target,0.7,582,29429,257,9157
hgb,106,target,0.75,582,29429,257,9157
hgb,106,target,0.8,582,29429,257,9157
hgb,106,target,0.85,442,29390,397,9196
hgb,106,target,0.9,442,29375,397,9211
hgb,106,target,0.95,442,29375,397,9211
hgb,106,target,0.975,442,29156,397,9430
hgb,106,target,0.99,442,29044,397,9542
hgb,106,target,0.995,442,24650,397,13936
hgb,106,target,0.999,0,60,839,38526
mlp,106,source_heldout,0.05,36194,14462,16,9328
mlp,106,source_heldout,0.1,36190,14398,20,9392
mlp,106,source_heldout,0.15,36187,14383,23,9407
mlp,106,source_heldout,0.2,36182,14376,28,9414
mlp,106,source_heldout,0.25,36178,14372,32,9418
mlp,106,source_heldout,0.3,36174,14369,36,9421
mlp,106,source_heldout,0.35,36174,14366,36,9424
mlp,106,source_heldout,0.4,29336,7351,6874,16439
mlp,106,source_heldout,0.45,29334,7350,6876,16440
mlp,106,source_heldout,0.5,29333,7350,6877,16440
mlp,106,source_heldout,0.55,18105,230,18105,23560
mlp,106,source_heldout,0.6,18104,230,18106,23560
mlp,106,source_heldout,0.65,18102,230,18108,23560
mlp,106,source_heldout,0.7,18099,226,18111,23564
mlp,106,source_heldout,0.75,18033,224,18177,23566
mlp,106,source_heldout,0.8,17042,53,19168,23737
mlp,106,source_heldout,0.85,17037,52,19173,23738
mlp,106,source_heldout,0.9,16920,45,19290,23745
mlp,106,source_heldout,0.95,15266,15,20944,23775
mlp,106,source_heldout,0.975,15207,13,21003,23777
mlp,106,source_heldout,0.99,14044,7,22166,23783
mlp,106,source_heldout,0.995,13608,7,22602,23783
mlp,106,source_heldout,0.999,8390,2,27820,23788
mlp,106,target,0.05,580,6499,259,32087
mlp,106,target,0.1,580,6394,259,32192
mlp,106,target,0.15,580,6174,259,32412
mlp,106,target,0.2,580,6055,259,32531
mlp,106,target,0.25,580,6018,259,32568
mlp,106,target,0.3,580,6017,259,32569
mlp,106,target,0.35,580,6014,259,32572
mlp,106,target,0.4,580,6014,259,32572
mlp,106,target,0.45,580,6014,259,32572
mlp,106,target,0.5,580,6014,259,32572
mlp,106,target,0.55,580,6014,259,32572
mlp,106,target,0.6,580,5932,259,32654
mlp,106,target,0.65,580,5931,259,32655
mlp,106,target,0.7,580,5524,259,33062
mlp,106,target,0.75,580,5512,259,33074
mlp,106,target,0.8,580,5512,259,33074
mlp,106,target,0.85,580,5512,259,33074
mlp,106,target,0.9,580,5428,259,33158
mlp,106,target,0.95,580,5427,259,33159
mlp,106,target,0.975,580,5400,259,33186
mlp,106,target,0.99,0,4777,839,33809
mlp,106,target,0.995,0,4770,839,33816
mlp,106,target,0.999,0,4764,839,33822
majority,107,source_heldout,0.05,36344,23656,0,0
majority,107,source_heldout,0.1,36344,23656,0,0
majority,107,source_heldout,0.15,36344,23656,0,0
majority,107,source_heldout,0.2,36344,23656,0,0
majority,107,source_heldout,0.25,36344,23656,0,0
majority,107,source_heldout,0.3,36344,23656,0,0
majority,107,source_heldout,0.35,36344,23656,0,0
majority,107,source_heldout,0.4,36344,23656,0,0
majority,107,source_heldout,0.45,36344,23656,0,0
majority,107,source_heldout,0.5,36344,23656,0,0
majority,107,source_heldout,0.55,36344,23656,0,0
majority,107,source_heldout,0.6,36344,23656,0,0
majority,107,source_heldout,0.65,36344,23656,0,0
majority,107,source_heldout,0.7,36344,23656,0,0
majority,107,source_heldout,0.75,36344,23656,0,0
majority,107,source_heldout,0.8,36344,23656,0,0
majority,107,source_heldout,0.85,36344,23656,0,0
majority,107,source_heldout,0.9,36344,23656,0,0
majority,107,source_heldout,0.95,36344,23656,0,0
majority,107,source_heldout,0.975,36344,23656,0,0
majority,107,source_heldout,0.99,36344,23656,0,0
majority,107,source_heldout,0.995,36344,23656,0,0
majority,107,source_heldout,0.999,36344,23656,0,0
majority,107,target,0.05,839,38586,0,0
majority,107,target,0.1,839,38586,0,0
majority,107,target,0.15,839,38586,0,0
majority,107,target,0.2,839,38586,0,0
majority,107,target,0.25,839,38586,0,0
majority,107,target,0.3,839,38586,0,0
majority,107,target,0.35,839,38586,0,0
majority,107,target,0.4,839,38586,0,0
majority,107,target,0.45,839,38586,0,0
majority,107,target,0.5,839,38586,0,0
majority,107,target,0.55,839,38586,0,0
majority,107,target,0.6,839,38586,0,0
majority,107,target,0.65,839,38586,0,0
majority,107,target,0.7,839,38586,0,0
majority,107,target,0.75,839,38586,0,0
majority,107,target,0.8,839,38586,0,0
majority,107,target,0.85,839,38586,0,0
majority,107,target,0.9,839,38586,0,0
majority,107,target,0.95,839,38586,0,0
majority,107,target,0.975,839,38586,0,0
majority,107,target,0.99,839,38586,0,0
majority,107,target,0.995,839,38586,0,0
majority,107,target,0.999,839,38586,0,0
stratified,107,source_heldout,0.05,22092,14275,14252,9381
stratified,107,source_heldout,0.1,22092,14275,14252,9381
stratified,107,source_heldout,0.15,22092,14275,14252,9381
stratified,107,source_heldout,0.2,22092,14275,14252,9381
stratified,107,source_heldout,0.25,22092,14275,14252,9381
stratified,107,source_heldout,0.3,22092,14275,14252,9381
stratified,107,source_heldout,0.35,22092,14275,14252,9381
stratified,107,source_heldout,0.4,22092,14275,14252,9381
stratified,107,source_heldout,0.45,22092,14275,14252,9381
stratified,107,source_heldout,0.5,22092,14275,14252,9381
stratified,107,source_heldout,0.55,22092,14275,14252,9381
stratified,107,source_heldout,0.6,22092,14275,14252,9381
stratified,107,source_heldout,0.65,22092,14275,14252,9381
stratified,107,source_heldout,0.7,22092,14275,14252,9381
stratified,107,source_heldout,0.75,22092,14275,14252,9381
stratified,107,source_heldout,0.8,22092,14275,14252,9381
stratified,107,source_heldout,0.85,22092,14275,14252,9381
stratified,107,source_heldout,0.9,22092,14275,14252,9381
stratified,107,source_heldout,0.95,22092,14275,14252,9381
stratified,107,source_heldout,0.975,22092,14275,14252,9381
stratified,107,source_heldout,0.99,22092,14275,14252,9381
stratified,107,source_heldout,0.995,22092,14275,14252,9381
stratified,107,source_heldout,0.999,22092,14275,14252,9381
stratified,107,target,0.05,481,23404,358,15182
stratified,107,target,0.1,481,23404,358,15182
stratified,107,target,0.15,481,23404,358,15182
stratified,107,target,0.2,481,23404,358,15182
stratified,107,target,0.25,481,23404,358,15182
stratified,107,target,0.3,481,23404,358,15182
stratified,107,target,0.35,481,23404,358,15182
stratified,107,target,0.4,481,23404,358,15182
stratified,107,target,0.45,481,23404,358,15182
stratified,107,target,0.5,481,23404,358,15182
stratified,107,target,0.55,481,23404,358,15182
stratified,107,target,0.6,481,23404,358,15182
stratified,107,target,0.65,481,23404,358,15182
stratified,107,target,0.7,481,23404,358,15182
stratified,107,target,0.75,481,23404,358,15182
stratified,107,target,0.8,481,23404,358,15182
stratified,107,target,0.85,481,23404,358,15182
stratified,107,target,0.9,481,23404,358,15182
stratified,107,target,0.95,481,23404,358,15182
stratified,107,target,0.975,481,23404,358,15182
stratified,107,target,0.99,481,23404,358,15182
stratified,107,target,0.995,481,23404,358,15182
stratified,107,target,0.999,481,23404,358,15182
logreg,107,source_heldout,0.05,36334,14949,10,8707
logreg,107,source_heldout,0.1,36330,14683,14,8973
logreg,107,source_heldout,0.15,36324,14650,20,9006
logreg,107,source_heldout,0.2,36317,14623,27,9033
logreg,107,source_heldout,0.25,36308,14611,36,9045
logreg,107,source_heldout,0.3,36297,14591,47,9065
logreg,107,source_heldout,0.35,36287,14586,57,9070
logreg,107,source_heldout,0.4,34317,14554,2027,9102
logreg,107,source_heldout,0.45,34162,14528,2182,9128
logreg,107,source_heldout,0.5,28076,8472,8268,15184
logreg,107,source_heldout,0.55,16006,694,20338,22962
logreg,107,source_heldout,0.6,15821,521,20523,23135
logreg,107,source_heldout,0.65,15787,508,20557,23148
logreg,107,source_heldout,0.7,15740,501,20604,23155
logreg,107,source_heldout,0.75,15644,494,20700,23162
logreg,107,source_heldout,0.8,14487,302,21857,23354
logreg,107,source_heldout,0.85,11293,154,25051,23502
logreg,107,source_heldout,0.9,10399,133,25945,23523
logreg,107,source_heldout,0.95,10040,103,26304,23553
logreg,107,source_heldout,0.975,8422,89,27922,23567
logreg,107,source_heldout,0.99,7238,73,29106,23583
logreg,107,source_heldout,0.995,4570,49,31774,23607
logreg,107,source_heldout,0.999,2442,25,33902,23631
logreg,107,target,0.05,738,32779,101,5807
logreg,107,target,0.1,738,32204,101,6382
logreg,107,target,0.15,738,31571,101,7015
logreg,107,target,0.2,738,31116,101,7470
logreg,107,target,0.25,738,30798,101,7788
logreg,107,target,0.3,582,30456,257,8130
logreg,107,target,0.35,582,30330,257,8256
logreg,107,target,0.4,582,30313,257,8273
logreg,107,target,0.45,582,30269,257,8317
logreg,107,target,0.5,582,6299,257,32287
logreg,107,target,0.55,582,6285,257,32301
logreg,107,target,0.6,580,6237,259,32349
logreg,107,target,0.65,580,6221,259,32365
logreg,107,target,0.7,580,6210,259,32376
logreg,107,target,0.75,580,5800,259,32786
logreg,107,target,0.8,580,5797,259,32789
logreg,107,target,0.85,580,5759,259,32827
logreg,107,target,0.9,580,5693,259,32893
logreg,107,target,0.95,580,5660,259,32926
logreg,107,target,0.975,580,5658,259,32928
logreg,107,target,0.99,580,5598,259,32988
logreg,107,target,0.995,580,1243,259,37343
logreg,107,target,0.999,0,11,839,38575
tree,107,source_heldout,0.05,36330,14170,14,9486
tree,107,source_heldout,0.1,36327,14167,17,9489
tree,107,source_heldout,0.15,36324,14160,20,9496
tree,107,source_heldout,0.2,36320,14158,24,9498
tree,107,source_heldout,0.25,36314,14149,30,9507
tree,107,source_heldout,0.3,36292,14127,52,9529
tree,107,source_heldout,0.35,36287,14117,57,9539
tree,107,source_heldout,0.4,29478,7383,6866,16273
tree,107,source_heldout,0.45,29406,7303,6938,16353
tree,107,source_heldout,0.5,29367,7264,6977,16392
tree,107,source_heldout,0.55,18093,213,18251,23443
tree,107,source_heldout,0.6,18093,213,18251,23443
tree,107,source_heldout,0.65,18091,209,18253,23447
tree,107,source_heldout,0.7,18089,208,18255,23448
tree,107,source_heldout,0.75,18087,208,18257,23448
tree,107,source_heldout,0.8,17107,41,19237,23615
tree,107,source_heldout,0.85,17106,41,19238,23615
tree,107,source_heldout,0.9,17104,41,19240,23615
tree,107,source_heldout,0.95,16966,36,19378,23620
tree,107,source_heldout,0.975,16966,36,19378,23620
tree,107,source_heldout,0.99,15569,25,20775,23631
tree,107,source_heldout,0.995,15569,25,20775,23631
tree,107,source_heldout,0.999,11496,20,24848,23636
tree,107,target,0.05,697,29727,142,8859
tree,107,target,0.1,697,29727,142,8859
tree,107,target,0.15,697,29727,142,8859
tree,107,target,0.2,697,29727,142,8859
tree,107,target,0.25,697,29727,142,8859
tree,107,target,0.3,697,29727,142,8859
tree,107,target,0.35,697,29727,142,8859
tree,107,target,0.4,697,29727,142,8859
tree,107,target,0.45,697,29727,142,8859
tree,107,target,0.5,697,29727,142,8859
tree,107,target,0.55,697,29727,142,8859
tree,107,target,0.6,697,29701,142,8885
tree,107,target,0.65,697,29701,142,8885
tree,107,target,0.7,697,29701,142,8885
tree,107,target,0.75,697,29701,142,8885
tree,107,target,0.8,697,29295,142,9291
tree,107,target,0.85,697,29295,142,9291
tree,107,target,0.9,697,29295,142,9291
tree,107,target,0.95,697,29287,142,9299
tree,107,target,0.975,697,29287,142,9299
tree,107,target,0.99,697,29285,142,9301
tree,107,target,0.995,697,29285,142,9301
tree,107,target,0.999,697,29278,142,9308
rf,107,source_heldout,0.05,36312,14202,32,9454
rf,107,source_heldout,0.1,36065,14010,279,9646
rf,107,source_heldout,0.15,35793,13809,551,9847
rf,107,source_heldout,0.2,35390,13541,954,10115
rf,107,source_heldout,0.25,34824,13158,1520,10498
rf,107,source_heldout,0.3,34166,12637,2178,11019
rf,107,source_heldout,0.35,33422,12015,2922,11641
rf,107,source_heldout,0.4,32671,11342,3673,12314
rf,107,source_heldout,0.45,31972,10612,4372,13044
rf,107,source_heldout,0.5,31385,9967,4959,13689
rf,107,source_heldout,0.55,19635,2350,16709,21306
rf,107,source_heldout,0.6,19257,1872,17087,21784
rf,107,source_heldout,0.65,18924,1430,17420,22226
rf,107,source_heldout,0.7,18657,1059,17687,22597
rf,107,source_heldout,0.75,18496,833,17848,22823
rf,107,source_heldout,0.8,17378,471,18966,23185
rf,107,source_heldout,0.85,17253,321,19091,23335
rf,107,source_heldout,0.9,17142,140,19202,23516
rf,107,source_heldout,0.95,17026,15,19318,23641
rf,107,source_heldout,0.975,16970,14,19374,23642
rf,107,source_heldout,0.99,13916,6,22428,23650
rf,107,source_heldout,0.995,13807,6,22537,23650
rf,107,source_heldout,0.999,11984,2,24360,23654
rf,107,target,0.05,837,36065,2,2521
rf,107,target,0.1,837,35264,2,3322
rf,107,target,0.15,837,30755,2,7831
rf,107,target,0.2,837,30338,2,8248
rf,107,target,0.25,837,30303,2,8283
rf,107,target,0.3,837,30242,2,8344
rf,107,target,0.35,817,30066,22,8520
rf,107,target,0.4,739,30035,100,8551
rf,107,target,0.45,738,29636,101,8950
rf,107,target,0.5,582,29603,257,8983
rf,107,target,0.55,582,5579,257,33007
rf,107,target,0.6,580,5485,259,33101
rf,107,target,0.65,440,5443,399,33143
rf,107,target,0.7,440,5401,399,33185
rf,107,target,0.75,0,4403,839,34183
rf,107,target,0.8,0,4401,839,34185
rf,107,target,0.85,0,4399,839,34187
rf,107,target,0.9,0,4399,839,34187
rf,107,target,0.95,0,4385,839,34201
rf,107,target,0.975,0,4385,839,34201
rf,107,target,0.99,0,59,839,38527
rf,107,target,0.995,0,59,839,38527
rf,107,target,0.999,0,59,839,38527
xgboost,107,source_heldout,0.05,36337,14187,7,9469
xgboost,107,source_heldout,0.1,36337,14177,7,9479
xgboost,107,source_heldout,0.15,36337,14172,7,9484
xgboost,107,source_heldout,0.2,36337,14170,7,9486
xgboost,107,source_heldout,0.25,36336,14167,8,9489
xgboost,107,source_heldout,0.3,36335,14163,9,9493
xgboost,107,source_heldout,0.35,36131,13950,213,9706
xgboost,107,source_heldout,0.4,31487,9345,4857,14311
xgboost,107,source_heldout,0.45,29442,7327,6902,16329
xgboost,107,source_heldout,0.5,29374,7255,6970,16401
xgboost,107,source_heldout,0.55,18092,187,18252,23469
xgboost,107,source_heldout,0.6,18092,187,18252,23469
xgboost,107,source_heldout,0.65,18092,187,18252,23469
xgboost,107,source_heldout,0.7,18084,186,18260,23470
xgboost,107,source_heldout,0.75,18079,186,18265,23470
xgboost,107,source_heldout,0.8,17099,17,19245,23639
xgboost,107,source_heldout,0.85,17098,17,19246,23639
xgboost,107,source_heldout,0.9,17071,15,19273,23641
xgboost,107,source_heldout,0.95,17039,15,19305,23641
xgboost,107,source_heldout,0.975,16995,14,19349,23642
xgboost,107,source_heldout,0.99,16111,6,20233,23650
xgboost,107,source_heldout,0.995,16067,6,20277,23650
xgboost,107,source_heldout,0.999,13843,2,22501,23654
xgboost,107,target,0.05,837,30246,2,8340
xgboost,107,target,0.1,837,30141,2,8445
xgboost,107,target,0.15,837,30108,2,8478
xgboost,107,target,0.2,837,30060,2,8526
xgboost,107,target,0.25,837,30058,2,8528
xgboost,107,target,0.3,837,30053,2,8533
xgboost,107,target,0.35,837,8504,2,30082
xgboost,107,target,0.4,837,8428,2,30158
xgboost,107,target,0.45,837,8428,2,30158
xgboost,107,target,0.5,837,8427,2,30159
xgboost,107,target,0.55,837,8427,2,30159
xgboost,107,target,0.6,837,5630,2,32956
xgboost,107,target,0.65,837,5609,2,32977
xgboost,107,target,0.7,837,5604,2,32982
xgboost,107,target,0.75,837,5603,2,32983
xgboost,107,target,0.8,837,5598,2,32988
xgboost,107,target,0.85,738,5577,101,33009
xgboost,107,target,0.9,736,5557,103,33029
xgboost,107,target,0.95,444,5028,395,33558
xgboost,107,target,0.975,440,5001,399,33585
xgboost,107,target,0.99,440,4991,399,33595
xgboost,107,target,0.995,440,4990,399,33596
xgboost,107,target,0.999,0,59,839,38527
hgb,107,source_heldout,0.05,36340,14195,4,9461
hgb,107,source_heldout,0.1,36340,14174,4,9482
hgb,107,source_heldout,0.15,36340,14172,4,9484
hgb,107,source_heldout,0.2,36340,14171,4,9485
hgb,107,source_heldout,0.25,36340,14171,4,9485
hgb,107,source_heldout,0.3,36339,14170,5,9486
hgb,107,source_heldout,0.35,36305,14121,39,9535
hgb,107,source_heldout,0.4,30211,8097,6133,15559
hgb,107,source_heldout,0.45,29354,7238,6990,16418
hgb,107,source_heldout,0.5,29352,7235,6992,16421
hgb,107,source_heldout,0.55,18098,194,18246,23462
hgb,107,source_heldout,0.6,18096,193,18248,23463
hgb,107,source_heldout,0.65,18093,191,18251,23465
hgb,107,source_heldout,0.7,18093,191,18251,23465
hgb,107,source_heldout,0.75,18093,190,18251,23466
hgb,107,source_heldout,0.8,17105,20,19239,23636
hgb,107,source_heldout,0.85,17105,20,19239,23636
hgb,107,source_heldout,0.9,17076,17,19268,23639
hgb,107,source_heldout,0.95,17022,14,19322,23642
hgb,107,source_heldout,0.975,16951,10,19393,23646
hgb,107,source_heldout,0.99,16124,6,20220,23650
hgb,107,source_heldout,0.995,16102,6,20242,23650
hgb,107,source_heldout,0.999,12206,2,24138,23654
hgb,107,target,0.05,837,30262,2,8324
hgb,107,target,0.1,837,30234,2,8352
hgb,107,target,0.15,837,30176,2,8410
hgb,107,target,0.2,837,29899,2,8687
hgb,107,target,0.25,837,29894,2,8692
hgb,107,target,0.3,837,29647,2,8939
hgb,107,target,0.35,837,29646,2,8940
hgb,107,target,0.4,837,29583,2,9003
hgb,107,target,0.45,837,29491,2,9095
hgb,107,target,0.5,837,29085,2,9501
hgb,107,target,0.55,837,29085,2,9501
hgb,107,target,0.6,837,29085,2,9501
hgb,107,target,0.65,837,29085,2,9501
hgb,107,target,0.7,837,29085,2,9501
hgb,107,target,0.75,824,29084,15,9502
hgb,107,target,0.8,739,29080,100,9506
hgb,107,target,0.85,739,29080,100,9506
hgb,107,target,0.9,739,7621,100,30965
hgb,107,target,0.95,737,7619,102,30967
hgb,107,target,0.975,596,5084,243,33502
hgb,107,target,0.99,596,5079,243,33507
hgb,107,target,0.995,156,4445,683,34141
hgb,107,target,0.999,156,4420,683,34166
mlp,107,source_heldout,0.05,36334,14277,10,9379
mlp,107,source_heldout,0.1,36331,14257,13,9399
mlp,107,source_heldout,0.15,36330,14225,14,9431
mlp,107,source_heldout,0.2,36328,14221,16,9435
mlp,107,source_heldout,0.25,36328,14207,16,9449
mlp,107,source_heldout,0.3,36328,14204,16,9452
mlp,107,source_heldout,0.35,36328,14193,16,9463
mlp,107,source_heldout,0.4,29347,7263,6997,16393
mlp,107,source_heldout,0.45,29347,7260,6997,16396
mlp,107,source_heldout,0.5,29342,7260,7002,16396
mlp,107,source_heldout,0.55,18086,214,18258,23442
mlp,107,source_heldout,0.6,18085,214,18259,23442
mlp,107,source_heldout,0.65,18085,214,18259,23442
mlp,107,source_heldout,0.7,18081,210,18263,23446
mlp,107,source_heldout,0.75,18075,210,18269,23446
mlp,107,source_heldout,0.8,18069,207,18275,23449
mlp,107,source_heldout,0.85,17081,40,19263,23616
mlp,107,source_heldout,0.9,17068,40,19276,23616
mlp,107,source_heldout,0.95,16905,28,19439,23628
mlp,107,source_heldout,0.975,16780,25,19564,23631
mlp,107,source_heldout,0.99,16142,25,20202,23631
mlp,107,source_heldout,0.995,15873,25,20471,23631
mlp,107,source_heldout,0.999,9841,4,26503,23652
mlp,107,target,0.05,736,6054,103,32532
mlp,107,target,0.1,736,6054,103,32532
mlp,107,target,0.15,736,6044,103,32542
mlp,107,target,0.2,736,6035,103,32551
mlp,107,target,0.25,736,6006,103,32580
mlp,107,target,0.3,736,5985,103,32601
mlp,107,target,0.35,736,5974,103,32612
mlp,107,target,0.4,736,5944,103,32642
mlp,107,target,0.45,736,5943,103,32643
mlp,107,target,0.5,736,5943,103,32643
mlp,107,target,0.55,736,5942,103,32644
mlp,107,target,0.6,736,5941,103,32645
mlp,107,target,0.65,736,5937,103,32649
mlp,107,target,0.7,736,5937,103,32649
mlp,107,target,0.75,736,5531,103,33055
mlp,107,target,0.8,736,5531,103,33055
mlp,107,target,0.85,736,5529,103,33057
mlp,107,target,0.9,736,5529,103,33057
mlp,107,target,0.95,736,5529,103,33057
mlp,107,target,0.975,736,5527,103,33059
mlp,107,target,0.99,736,5501,103,33085
mlp,107,target,0.995,296,4907,543,33679
mlp,107,target,0.999,156,4782,683,33804
majority,108,source_heldout,0.05,36524,23476,0,0
majority,108,source_heldout,0.1,36524,23476,0,0
majority,108,source_heldout,0.15,36524,23476,0,0
majority,108,source_heldout,0.2,36524,23476,0,0
majority,108,source_heldout,0.25,36524,23476,0,0
majority,108,source_heldout,0.3,36524,23476,0,0
majority,108,source_heldout,0.35,36524,23476,0,0
majority,108,source_heldout,0.4,36524,23476,0,0
majority,108,source_heldout,0.45,36524,23476,0,0
majority,108,source_heldout,0.5,36524,23476,0,0
majority,108,source_heldout,0.55,36524,23476,0,0
majority,108,source_heldout,0.6,36524,23476,0,0
majority,108,source_heldout,0.65,36524,23476,0,0
majority,108,source_heldout,0.7,36524,23476,0,0
majority,108,source_heldout,0.75,36524,23476,0,0
majority,108,source_heldout,0.8,36524,23476,0,0
majority,108,source_heldout,0.85,36524,23476,0,0
majority,108,source_heldout,0.9,36524,23476,0,0
majority,108,source_heldout,0.95,36524,23476,0,0
majority,108,source_heldout,0.975,36524,23476,0,0
majority,108,source_heldout,0.99,36524,23476,0,0
majority,108,source_heldout,0.995,36524,23476,0,0
majority,108,source_heldout,0.999,36524,23476,0,0
majority,108,target,0.05,839,38586,0,0
majority,108,target,0.1,839,38586,0,0
majority,108,target,0.15,839,38586,0,0
majority,108,target,0.2,839,38586,0,0
majority,108,target,0.25,839,38586,0,0
majority,108,target,0.3,839,38586,0,0
majority,108,target,0.35,839,38586,0,0
majority,108,target,0.4,839,38586,0,0
majority,108,target,0.45,839,38586,0,0
majority,108,target,0.5,839,38586,0,0
majority,108,target,0.55,839,38586,0,0
majority,108,target,0.6,839,38586,0,0
majority,108,target,0.65,839,38586,0,0
majority,108,target,0.7,839,38586,0,0
majority,108,target,0.75,839,38586,0,0
majority,108,target,0.8,839,38586,0,0
majority,108,target,0.85,839,38586,0,0
majority,108,target,0.9,839,38586,0,0
majority,108,target,0.95,839,38586,0,0
majority,108,target,0.975,839,38586,0,0
majority,108,target,0.99,839,38586,0,0
majority,108,target,0.995,839,38586,0,0
majority,108,target,0.999,839,38586,0,0
stratified,108,source_heldout,0.05,22135,14147,14389,9329
stratified,108,source_heldout,0.1,22135,14147,14389,9329
stratified,108,source_heldout,0.15,22135,14147,14389,9329
stratified,108,source_heldout,0.2,22135,14147,14389,9329
stratified,108,source_heldout,0.25,22135,14147,14389,9329
stratified,108,source_heldout,0.3,22135,14147,14389,9329
stratified,108,source_heldout,0.35,22135,14147,14389,9329
stratified,108,source_heldout,0.4,22135,14147,14389,9329
stratified,108,source_heldout,0.45,22135,14147,14389,9329
stratified,108,source_heldout,0.5,22135,14147,14389,9329
stratified,108,source_heldout,0.55,22135,14147,14389,9329
stratified,108,source_heldout,0.6,22135,14147,14389,9329
stratified,108,source_heldout,0.65,22135,14147,14389,9329
stratified,108,source_heldout,0.7,22135,14147,14389,9329
stratified,108,source_heldout,0.75,22135,14147,14389,9329
stratified,108,source_heldout,0.8,22135,14147,14389,9329
stratified,108,source_heldout,0.85,22135,14147,14389,9329
stratified,108,source_heldout,0.9,22135,14147,14389,9329
stratified,108,source_heldout,0.95,22135,14147,14389,9329
stratified,108,source_heldout,0.975,22135,14147,14389,9329
stratified,108,source_heldout,0.99,22135,14147,14389,9329
stratified,108,source_heldout,0.995,22135,14147,14389,9329
stratified,108,source_heldout,0.999,22135,14147,14389,9329
stratified,108,target,0.05,481,23339,358,15247
stratified,108,target,0.1,481,23339,358,15247
stratified,108,target,0.15,481,23339,358,15247
stratified,108,target,0.2,481,23339,358,15247
stratified,108,target,0.25,481,23339,358,15247
stratified,108,target,0.3,481,23339,358,15247
stratified,108,target,0.35,481,23339,358,15247
stratified,108,target,0.4,481,23339,358,15247
stratified,108,target,0.45,481,23339,358,15247
stratified,108,target,0.5,481,23339,358,15247
stratified,108,target,0.55,481,23339,358,15247
stratified,108,target,0.6,481,23339,358,15247
stratified,108,target,0.65,481,23339,358,15247
stratified,108,target,0.7,481,23339,358,15247
stratified,108,target,0.75,481,23339,358,15247
stratified,108,target,0.8,481,23339,358,15247
stratified,108,target,0.85,481,23339,358,15247
stratified,108,target,0.9,481,23339,358,15247
stratified,108,target,0.95,481,23339,358,15247
stratified,108,target,0.975,481,23339,358,15247
stratified,108,target,0.99,481,23339,358,15247
stratified,108,target,0.995,481,23339,358,15247
stratified,108,target,0.999,481,23339,358,15247
logreg,108,source_heldout,0.05,36515,14891,9,8585
logreg,108,source_heldout,0.1,36506,14602,18,8874
logreg,108,source_heldout,0.15,36505,14589,19,8887
logreg,108,source_heldout,0.2,36501,14560,23,8916
logreg,108,source_heldout,0.25,36493,14543,31,8933
logreg,108,source_heldout,0.3,36478,14536,46,8940
logreg,108,source_heldout,0.35,36467,14530,57,8946
logreg,108,source_heldout,0.4,34311,14525,2213,8951
logreg,108,source_heldout,0.45,34269,14467,2255,9009
logreg,108,source_heldout,0.5,28307,8433,8217,15043
logreg,108,source_heldout,0.55,16429,741,20095,22735
logreg,108,source_heldout,0.6,16198,524,20326,22952
logreg,108,source_heldout,0.65,16164,517,20360,22959
logreg,108,source_heldout,0.7,16125,513,20399,22963
logreg,108,source_heldout,0.75,16043,509,20481,22967
logreg,108,source_heldout,0.8,14950,211,21574,23265
logreg,108,source_heldout,0.85,11591,172,24933,23304
logreg,108,source_heldout,0.9,10628,141,25896,23335
logreg,108,source_heldout,0.95,10260,119,26264,23357
logreg,108,source_heldout,0.975,8708,109,27816,23367
logreg,108,source_heldout,0.99,7598,98,28926,23378
logreg,108,source_heldout,0.995,4893,67,31631,23409
logreg,108,source_heldout,0.999,2503,36,34021,23440
logreg,108,target,0.05,738,32771,101,5815
logreg,108,target,0.1,738,32324,101,6262
logreg,108,target,0.15,738,31905,101,6681
logreg,108,target,0.2,738,31326,101,7260
logreg,108,target,0.25,738,30971,101,7615
logreg,108,target,0.3,697,30697,142,7889
logreg,108,target,0.35,582,30448,257,8138
logreg,108,target,0.4,582,30306,257,8280
logreg,108,target,0.45,582,30262,257,8324
logreg,108,target,0.5,582,30240,257,8346
logreg,108,target,0.55,582,30227,257,8359
logreg,108,target,0.6,582,6240,257,32346
logreg,108,target,0.65,582,6221,257,32365
logreg,108,target,0.7,580,6211,259,32375
logreg,108,target,0.75,580,5801,259,32785
logreg,108,target,0.8,580,5795,259,32791
logreg,108,target,0.85,580,5764,259,32822
logreg,108,target,0.9,580,5756,259,32830
logreg,108,target,0.95,580,5676,259,32910
logreg,108,target,0.975,580,5657,259,32929
logreg,108,target,0.99,580,5598,259,32988
logreg,108,target,0.995,580,1263,259,37323
logreg,108,target,0.999,0,11,839,38575
tree,108,source_heldout,0.05,36506,14124,18,9352
tree,108,source_heldout,0.1,36505,14124,19,9352
tree,108,source_heldout,0.15,36504,14123,20,9353
tree,108,source_heldout,0.2,36489,14118,35,9358
tree,108,source_heldout,0.25,36477,14106,47,9370
tree,108,source_heldout,0.3,36473,14106,51,9370
tree,108,source_heldout,0.35,36120,13799,404,9677
tree,108,source_heldout,0.4,30132,7813,6392,15663
tree,108,source_heldout,0.45,29747,7348,6777,16128
tree,108,source_heldout,0.5,29728,7321,6796,16155
tree,108,source_heldout,0.55,18594,267,17930,23209
tree,108,source_heldout,0.6,18573,239,17951,23237
tree,108,source_heldout,0.65,18572,236,17952,23240
tree,108,source_heldout,0.7,18567,229,17957,23247
tree,108,source_heldout,0.75,18566,226,17958,23250
tree,108,source_heldout,0.8,17574,49,18950,23427
tree,108,source_heldout,0.85,17572,49,18952,23427
tree,108,source_heldout,0.9,17572,49,18952,23427
tree,108,source_heldout,0.95,17425,37,19099,23439
tree,108,source_heldout,0.975,17364,36,19160,23440
tree,108,source_heldout,0.99,15915,23,20609,23453
tree,108,source_heldout,0.995,15915,23,20609,23453
tree,108,source_heldout,0.999,14299,20,22225,23456
tree,108,target,0.05,697,29599,142,8987
tree,108,target,0.1,697,29599,142,8987
tree,108,target,0.15,697,29599,142,8987
tree,108,target,0.2,697,29599,142,8987
tree,108,target,0.25,697,29599,142,8987
tree,108,target,0.3,697,29599,142,8987
tree,108,target,0.35,697,29599,142,8987
tree,108,target,0.4,697,29599,142,8987
tree,108,target,0.45,697,29599,142,8987
tree,108,target,0.5,697,29599,142,8987
tree,108,target,0.55,697,29599,142,8987
tree,108,target,0.6,697,29599,142,8987
tree,108,target,0.65,697,29599,142,8987
tree,108,target,0.7,697,29566,142,9020
tree,108,target,0.75,697,29566,142,9020
tree,108,target,0.8,697,29160,142,9426
tree,108,target,0.85,697,29160,142,9426
tree,108,target,0.9,697,29160,142,9426
tree,108,target,0.95,697,29160,142,9426
tree,108,target,0.975,697,29160,142,9426
tree,108,target,0.99,697,29160,142,9426
tree,108,target,0.995,697,29160,142,9426
tree,108,target,0.999,697,29160,142,9426
rf,108,source_heldout,0.05,36335,14062,189,9414
rf,108,source_heldout,0.1,36107,13894,417,9582
rf,108,source_heldout,0.15,35830,13691,694,9785
rf,108,source_heldout,0.2,35420,13404,1104,10072
rf,108,source_heldout,0.25,34924,13016,1600,10460
rf,108,source_heldout,0.3,34382,12532,2142,10944
rf,108,source_heldout,0.35,33711,11927,2813,11549
rf,108,source_heldout,0.4,33082,11308,3442,12168
rf,108,source_heldout,0.45,32395,10611,4129,12865
rf,108,source_heldout,0.5,31899,10066,4625,13410
rf,108,source_heldout,0.55,20260,2508,16264,20968
rf,108,source_heldout,0.6,19865,2046,16659,21430
rf,108,source_heldout,0.65,19518,1587,17006,21889
rf,108,source_heldout,0.7,19260,1236,17264,22240
rf,108,source_heldout,0.75,19050,959,17474,22517
rf,108,source_heldout,0.8,17917,583,18607,22893
rf,108,source_heldout,0.85,17793,418,18731,23058
rf,108,source_heldout,0.9,17668,262,18856,23214
rf,108,source_heldout,0.95,17523,105,19001,23371
rf,108,source_heldout,0.975,17446,38,19078,23438
rf,108,source_heldout,0.99,16484,8,20040,23468
rf,108,source_heldout,0.995,16287,4,20237,23472
rf,108,source_heldout,0.999,10667,1,25857,23475
rf,108,target,0.05,837,36194,2,2392
rf,108,target,0.1,837,35413,2,3173
rf,108,target,0.15,837,30639,2,7947
rf,108,target,0.2,837,30314,2,8272
rf,108,target,0.25,837,30273,2,8313
rf,108,target,0.3,837,30156,2,8430
rf,108,target,0.35,837,30117,2,8469
rf,108,target,0.4,836,30096,3,8490
rf,108,target,0.45,798,29988,41,8598
rf,108,target,0.5,738,29825,101,8761
rf,108,target,0.55,736,5553,103,33033
rf,108,target,0.6,736,5505,103,33081
rf,108,target,0.65,736,5474,103,33112
rf,108,target,0.7,440,5014,399,33572
rf,108,target,0.75,440,5013,399,33573
rf,108,target,0.8,0,4403,839,34183
rf,108,target,0.85,0,4399,839,34187
rf,108,target,0.9,0,4399,839,34187
rf,108,target,0.95,0,4393,839,34193
rf,108,target,0.975,0,4391,839,34195
rf,108,target,0.99,0,4385,839,34201
rf,108,target,0.995,0,4385,839,34201
rf,108,target,0.999,0,4385,839,34201
xgboost,108,source_heldout,0.05,36520,14144,4,9332
xgboost,108,source_heldout,0.1,36520,14128,4,9348
xgboost,108,source_heldout,0.15,36520,14127,4,9349
xgboost,108,source_heldout,0.2,36518,14122,6,9354
xgboost,108,source_heldout,0.25,36518,14120,6,9356
xgboost,108,source_heldout,0.3,36512,14113,12,9363
xgboost,108,source_heldout,0.35,36306,13917,218,9559
xgboost,108,source_heldout,0.4,31859,9599,4665,13877
xgboost,108,source_heldout,0.45,29882,7510,6642,15966
xgboost,108,source_heldout,0.5,29685,7254,6839,16222
xgboost,108,source_heldout,0.55,18557,206,17967,23270
xgboost,108,source_heldout,0.6,18555,205,17969,23271
xgboost,108,source_heldout,0.65,18550,203,17974,23273
xgboost,108,source_heldout,0.7,18540,196,17984,23280
xgboost,108,source_heldout,0.75,18539,195,17985,23281
xgboost,108,source_heldout,0.8,17547,20,18977,23456
xgboost,108,source_heldout,0.85,17545,19,18979,23457
xgboost,108,source_heldout,0.9,17514,15,19010,23461
xgboost,108,source_heldout,0.95,17496,14,19028,23462
xgboost,108,source_heldout,0.975,17475,14,19049,23462
xgboost,108,source_heldout,0.99,17391,13,19133,23463
xgboost,108,source_heldout,0.995,16427,6,20097,23470
xgboost,108,source_heldout,0.999,14386,2,22138,23474
xgboost,108,target,0.05,837,30247,2,8339
xgboost,108,target,0.1,837,30166,2,8420
xgboost,108,target,0.15,837,29969,2,8617
xgboost,108,target,0.2,837,29893,2,8693
xgboost,108,target,0.25,837,29892,2,8694
xgboost,108,target,0.3,837,29786,2,8800
xgboost,108,target,0.35,837,29780,2,8806
xgboost,108,target,0.4,837,29561,2,9025
xgboost,108,target,0.45,837,29551,2,9035
xgboost,108,target,0.5,837,29550,2,9036
xgboost,108,target,0.55,837,29544,2,9042
xgboost,108,target,0.6,837,29541,2,9045
xgboost,108,target,0.65,837,8077,2,30509
xgboost,108,target,0.7,837,8074,2,30512
xgboost,108,target,0.75,837,8072,2,30514
xgboost,108,target,0.8,837,5577,2,33009
xgboost,108,target,0.85,739,5544,100,33042
xgboost,108,target,0.9,739,5542,100,33044
xgboost,108,target,0.95,595,5056,244,33530
xgboost,108,target,0.975,440,5045,399,33541
xgboost,108,target,0.99,440,4998,399,33588
xgboost,108,target,0.995,440,4998,399,33588
xgboost,108,target,0.999,0,59,839,38527
hgb,108,source_heldout,0.05,36524,14143,0,9333
hgb,108,source_heldout,0.1,36524,14129,0,9347
hgb,108,source_heldout,0.15,36522,14121,2,9355
hgb,108,source_heldout,0.2,36522,14120,2,9356
hgb,108,source_heldout,0.25,36522,14117,2,9359
hgb,108,source_heldout,0.3,36521,14112,3,9364
hgb,108,source_heldout,0.35,36482,14078,42,9398
hgb,108,source_heldout,0.4,31130,8794,5394,14682
hgb,108,source_heldout,0.45,29704,7269,6820,16207
hgb,108,source_heldout,0.5,29688,7251,6836,16225
hgb,108,source_heldout,0.55,18561,204,17963,23272
hgb,108,source_heldout,0.6,18559,204,17965,23272
hgb,108,source_heldout,0.65,18552,200,17972,23276
hgb,108,source_heldout,0.7,18550,199,17974,23277
hgb,108,source_heldout,0.75,18550,198,17974,23278
hgb,108,source_heldout,0.8,17552,21,18972,23455
hgb,108,source_heldout,0.85,17543,19,18981,23457
hgb,108,source_heldout,0.9,17520,15,19004,23461
hgb,108,source_heldout,0.95,17497,13,19027,23463
hgb,108,source_heldout,0.975,17485,13,19039,23463
hgb,108,source_heldout,0.99,16544,5,19980,23471
hgb,108,source_heldout,0.995,16530,5,19994,23471
hgb,108,source_heldout,0.999,12717,1,23807,23475
hgb,108,target,0.05,837,30246,2,8340
hgb,108,target,0.1,837,30186,2,8400
hgb,108,target,0.15,837,30165,2,8421
hgb,108,target,0.2,837,30164,2,8422
hgb,108,target,0.25,837,30164,2,8422
hgb,108,target,0.3,837,30145,2,8441
hgb,108,target,0.35,837,30039,2,8547
hgb,108,target,0.4,837,30039,2,8547
hgb,108,target,0.45,837,30039,2,8547
hgb,108,target,0.5,837,30013,2,8573
hgb,108,target,0.55,837,29853,2,8733
hgb,108,target,0.6,837,29853,2,8733
hgb,108,target,0.65,837,29853,2,8733
hgb,108,target,0.7,837,29447,2,9139
hgb,108,target,0.75,837,29446,2,9140
hgb,108,target,0.8,835,29446,4,9140
hgb,108,target,0.85,739,29441,100,9145
hgb,108,target,0.9,599,29401,240,9185
hgb,108,target,0.95,599,29401,240,9185
hgb,108,target,0.975,599,29294,240,9292
hgb,108,target,0.99,599,29069,240,9517
hgb,108,target,0.995,156,7020,683,31566
hgb,108,target,0.999,156,4456,683,34130
mlp,108,source_heldout,0.05,36518,14205,6,9271
mlp,108,source_heldout,0.1,36517,14187,7,9289
mlp,108,source_heldout,0.15,36517,14180,7,9296
mlp,108,source_heldout,0.2,36517,14160,7,9316
mlp,108,source_heldout,0.25,36516,14155,8,9321
mlp,108,source_heldout,0.3,36514,14152,10,9324
mlp,108,source_heldout,0.35,36353,14006,171,9470
mlp,108,source_heldout,0.4,34560,12211,1964,11265
mlp,108,source_heldout,0.45,29677,7289,6847,16187
mlp,108,source_heldout,0.5,29677,7287,6847,16189
mlp,108,source_heldout,0.55,18546,239,17978,23237
mlp,108,source_heldout,0.6,18545,237,17979,23239
mlp,108,source_heldout,0.65,18543,236,17981,23240
mlp,108,source_heldout,0.7,18543,236,17981,23240
mlp,108,source_heldout,0.75,18539,234,17985,23242
mlp,108,source_heldout,0.8,18526,233,17998,23243
mlp,108,source_heldout,0.85,18516,227,18008,23249
mlp,108,source_heldout,0.9,17501,51,19023,23425
mlp,108,source_heldout,0.95,17355,51,19169,23425
mlp,108,source_heldout,0.975,17110,49,19414,23427
mlp,108,source_heldout,0.99,14866,16,21658,23460
mlp,108,source_heldout,0.995,14410,14,22114,23462
mlp,108,source_heldout,0.999,12150,7,24374,23469
mlp,108,target,0.05,736,6340,103,32246
mlp,108,target,0.1,736,6072,103,32514
mlp,108,target,0.15,736,6033,103,32553
mlp,108,target,0.2,736,6025,103,32561
mlp,108,target,0.25,736,6002,103,32584
mlp,108,target,0.3,736,5996,103,32590
mlp,108,target,0.35,736,5992,103,32594
mlp,108,target,0.4,736,5978,103,32608
mlp,108,target,0.45,736,5946,103,32640
mlp,108,target,0.5,736,5941,103,32645
mlp,108,target,0.55,736,5937,103,32649
mlp,108,target,0.6,736,5937,103,32649
mlp,108,target,0.65,736,5937,103,32649
mlp,108,target,0.7,736,5935,103,32651
mlp,108,target,0.75,736,5934,103,32652
mlp,108,target,0.8,736,5528,103,33058
mlp,108,target,0.85,736,5528,103,33058
mlp,108,target,0.9,736,5527,103,33059
mlp,108,target,0.95,736,5522,103,33064
mlp,108,target,0.975,736,5494,103,33092
mlp,108,target,0.99,736,5494,103,33092
mlp,108,target,0.995,736,5401,103,33185
mlp,108,target,0.999,156,4774,683,33812
majority,109,source_heldout,0.05,36221,23779,0,0
majority,109,source_heldout,0.1,36221,23779,0,0
majority,109,source_heldout,0.15,36221,23779,0,0
majority,109,source_heldout,0.2,36221,23779,0,0
majority,109,source_heldout,0.25,36221,23779,0,0
majority,109,source_heldout,0.3,36221,23779,0,0
majority,109,source_heldout,0.35,36221,23779,0,0
majority,109,source_heldout,0.4,36221,23779,0,0
majority,109,source_heldout,0.45,36221,23779,0,0
majority,109,source_heldout,0.5,36221,23779,0,0
majority,109,source_heldout,0.55,36221,23779,0,0
majority,109,source_heldout,0.6,36221,23779,0,0
majority,109,source_heldout,0.65,36221,23779,0,0
majority,109,source_heldout,0.7,36221,23779,0,0
majority,109,source_heldout,0.75,36221,23779,0,0
majority,109,source_heldout,0.8,36221,23779,0,0
majority,109,source_heldout,0.85,36221,23779,0,0
majority,109,source_heldout,0.9,36221,23779,0,0
majority,109,source_heldout,0.95,36221,23779,0,0
majority,109,source_heldout,0.975,36221,23779,0,0
majority,109,source_heldout,0.99,36221,23779,0,0
majority,109,source_heldout,0.995,36221,23779,0,0
majority,109,source_heldout,0.999,36221,23779,0,0
majority,109,target,0.05,839,38586,0,0
majority,109,target,0.1,839,38586,0,0
majority,109,target,0.15,839,38586,0,0
majority,109,target,0.2,839,38586,0,0
majority,109,target,0.25,839,38586,0,0
majority,109,target,0.3,839,38586,0,0
majority,109,target,0.35,839,38586,0,0
majority,109,target,0.4,839,38586,0,0
majority,109,target,0.45,839,38586,0,0
majority,109,target,0.5,839,38586,0,0
majority,109,target,0.55,839,38586,0,0
majority,109,target,0.6,839,38586,0,0
majority,109,target,0.65,839,38586,0,0
majority,109,target,0.7,839,38586,0,0
majority,109,target,0.75,839,38586,0,0
majority,109,target,0.8,839,38586,0,0
majority,109,target,0.85,839,38586,0,0
majority,109,target,0.9,839,38586,0,0
majority,109,target,0.95,839,38586,0,0
majority,109,target,0.975,839,38586,0,0
majority,109,target,0.99,839,38586,0,0
majority,109,target,0.995,839,38586,0,0
majority,109,target,0.999,839,38586,0,0
stratified,109,source_heldout,0.05,21998,14440,14223,9339
stratified,109,source_heldout,0.1,21998,14440,14223,9339
stratified,109,source_heldout,0.15,21998,14440,14223,9339
stratified,109,source_heldout,0.2,21998,14440,14223,9339
stratified,109,source_heldout,0.25,21998,14440,14223,9339
stratified,109,source_heldout,0.3,21998,14440,14223,9339
stratified,109,source_heldout,0.35,21998,14440,14223,9339
stratified,109,source_heldout,0.4,21998,14440,14223,9339
stratified,109,source_heldout,0.45,21998,14440,14223,9339
stratified,109,source_heldout,0.5,21998,14440,14223,9339
stratified,109,source_heldout,0.55,21998,14440,14223,9339
stratified,109,source_heldout,0.6,21998,14440,14223,9339
stratified,109,source_heldout,0.65,21998,14440,14223,9339
stratified,109,source_heldout,0.7,21998,14440,14223,9339
stratified,109,source_heldout,0.75,21998,14440,14223,9339
stratified,109,source_heldout,0.8,21998,14440,14223,9339
stratified,109,source_heldout,0.85,21998,14440,14223,9339
stratified,109,source_heldout,0.9,21998,14440,14223,9339
stratified,109,source_heldout,0.95,21998,14440,14223,9339
stratified,109,source_heldout,0.975,21998,14440,14223,9339
stratified,109,source_heldout,0.99,21998,14440,14223,9339
stratified,109,source_heldout,0.995,21998,14440,14223,9339
stratified,109,source_heldout,0.999,21998,14440,14223,9339
stratified,109,target,0.05,484,23448,355,15138
stratified,109,target,0.1,484,23448,355,15138
stratified,109,target,0.15,484,23448,355,15138
stratified,109,target,0.2,484,23448,355,15138
stratified,109,target,0.25,484,23448,355,15138
stratified,109,target,0.3,484,23448,355,15138
stratified,109,target,0.35,484,23448,355,15138
stratified,109,target,0.4,484,23448,355,15138
stratified,109,target,0.45,484,23448,355,15138
stratified,109,target,0.5,484,23448,355,15138
stratified,109,target,0.55,484,23448,355,15138
stratified,109,target,0.6,484,23448,355,15138
stratified,109,target,0.65,484,23448,355,15138
stratified,109,target,0.7,484,23448,355,15138
stratified,109,target,0.75,484,23448,355,15138
stratified,109,target,0.8,484,23448,355,15138
stratified,109,target,0.85,484,23448,355,15138
stratified,109,target,0.9,484,23448,355,15138
stratified,109,target,0.95,484,23448,355,15138
stratified,109,target,0.975,484,23448,355,15138
stratified,109,target,0.99,484,23448,355,15138
stratified,109,target,0.995,484,23448,355,15138
stratified,109,target,0.999,484,23448,355,15138
logreg,109,source_heldout,0.05,36212,15065,9,8714
logreg,109,source_heldout,0.1,36209,14761,12,9018
logreg,109,source_heldout,0.15,36201,14738,20,9041
logreg,109,source_heldout,0.2,36198,14706,23,9073
logreg,109,source_heldout,0.25,36186,14683,35,9096
logreg,109,source_heldout,0.3,36176,14669,45,9110
logreg,109,source_heldout,0.35,36163,14664,58,9115
logreg,109,source_heldout,0.4,33982,14634,2239,9145
logreg,109,source_heldout,0.45,33957,14605,2264,9174
logreg,109,source_heldout,0.5,27910,8543,8311,15236
logreg,109,source_heldout,0.55,16164,808,20057,22971
logreg,109,source_heldout,0.6,15893,537,20328,23242
logreg,109,source_heldout,0.65,15855,525,20366,23254
logreg,109,source_heldout,0.7,15818,520,20403,23259
logreg,109,source_heldout,0.75,15723,504,20498,23275
logreg,109,source_heldout,0.8,14602,173,21619,23606
logreg,109,source_heldout,0.85,11449,149,24772,23630
logreg,109,source_heldout,0.9,10459,126,25762,23653
logreg,109,source_heldout,0.95,10022,108,26199,23671
logreg,109,source_heldout,0.975,8338,87,27883,23692
logreg,109,source_heldout,0.99,7287,70,28934,23709
logreg,109,source_heldout,0.995,4555,51,31666,23728
logreg,109,source_heldout,0.999,2365,14,33856,23765
logreg,109,target,0.05,738,32728,101,5858
logreg,109,target,0.1,738,32239,101,6347
logreg,109,target,0.15,738,31840,101,6746
logreg,109,target,0.2,738,31287,101,7299
logreg,109,target,0.25,738,30930,101,7656
logreg,109,target,0.3,582,30672,257,7914
logreg,109,target,0.35,582,30435,257,8151
logreg,109,target,0.4,582,30297,257,8289
logreg,109,target,0.45,582,30258,257,8328
logreg,109,target,0.5,582,30238,257,8348
logreg,109,target,0.55,582,6274,257,32312
logreg,109,target,0.6,582,6236,257,32350
logreg,109,target,0.65,580,6216,259,32370
logreg,109,target,0.7,580,6211,259,32375
logreg,109,target,0.75,580,5801,259,32785
logreg,109,target,0.8,580,5796,259,32790
logreg,109,target,0.85,580,5764,259,32822
logreg,109,target,0.9,580,5756,259,32830
logreg,109,target,0.95,580,5668,259,32918
logreg,109,target,0.975,580,5657,259,32929
logreg,109,target,0.99,580,5598,259,32988
logreg,109,target,0.995,580,1250,259,37336
logreg,109,target,0.999,0,11,839,38575
tree,109,source_heldout,0.05,36208,14291,13,9488
tree,109,source_heldout,0.1,36208,14290,13,9489
tree,109,source_heldout,0.15,36204,14287,17,9492
tree,109,source_heldout,0.2,36204,14287,17,9492
tree,109,source_heldout,0.25,36200,14285,21,9494
tree,109,source_heldout,0.3,36186,14274,35,9505
tree,109,source_heldout,0.35,36186,14274,35,9505
tree,109,source_heldout,0.4,29391,7350,6830,16429
tree,109,source_heldout,0.45,29391,7350,6830,16429
tree,109,source_heldout,0.5,29360,7321,6861,16458
tree,109,source_heldout,0.55,18258,255,17963,23524
tree,109,source_heldout,0.6,18258,255,17963,23524
tree,109,source_heldout,0.65,18252,250,17969,23529
tree,109,source_heldout,0.7,18249,249,17972,23530
tree,109,source_heldout,0.75,18248,249,17973,23530
tree,109,source_heldout,0.8,17305,51,18916,23728
tree,109,source_heldout,0.85,17305,51,18916,23728
tree,109,source_heldout,0.9,17297,51,18924,23728
tree,109,source_heldout,0.95,17153,40,19068,23739
tree,109,source_heldout,0.975,17065,39,19156,23740
tree,109,source_heldout,0.99,16190,33,20031,23746
tree,109,source_heldout,0.995,16116,32,20105,23747
tree,109,source_heldout,0.999,8409,16,27812,23763
tree,109,target,0.05,582,30026,257,8560
tree,109,target,0.1,582,30026,257,8560
tree,109,target,0.15,582,30026,257,8560
tree,109,target,0.2,582,30026,257,8560
tree,109,target,0.25,582,30026,257,8560
tree,109,target,0.3,582,30026,257,8560
tree,109,target,0.35,582,30026,257,8560
tree,109,target,0.4,582,30026,257,8560
tree,109,target,0.45,582,30026,257,8560
tree,109,target,0.5,582,30026,257,8560
tree,109,target,0.55,582,30026,257,8560
tree,109,target,0.6,582,30026,257,8560
tree,109,target,0.65,582,30026,257,8560
tree,109,target,0.7,142,29412,697,9174
tree,109,target,0.75,142,29412,697,9174
tree,109,target,0.8,142,29006,697,9580
tree,109,target,0.85,142,29006,697,9580
tree,109,target,0.9,142,29006,697,9580
tree,109,target,0.95,142,29006,697,9580
tree,109,target,0.975,142,29006,697,9580
tree,109,target,0.99,142,29006,697,9580
tree,109,target,0.995,142,24615,697,13971
tree,109,target,0.999,142,24594,697,13992
rf,109,source_heldout,0.05,36096,14250,125,9529
rf,109,source_heldout,0.1,35890,14078,331,9701
rf,109,source_heldout,0.15,35620,13872,601,9907
rf,109,source_heldout,0.2,35283,13597,938,10182
rf,109,source_heldout,0.25,34771,13241,1450,10538
rf,109,source_heldout,0.3,34168,12719,2053,11060
rf,109,source_heldout,0.35,33461,12082,2760,11697
rf,109,source_heldout,0.4,32798,11446,3423,12333
rf,109,source_heldout,0.45,32086,10728,4135,13051
rf,109,source_heldout,0.5,31487,10082,4734,13697
rf,109,source_heldout,0.55,19891,2476,16330,21303
rf,109,source_heldout,0.6,19493,1984,16728,21795
rf,109,source_heldout,0.65,19132,1517,17089,22262
rf,109,source_heldout,0.7,18871,1180,17350,22599
rf,109,source_heldout,0.75,18710,927,17511,22852
rf,109,source_heldout,0.8,17601,509,18620,23270
rf,109,source_heldout,0.85,17498,365,18723,23414
rf,109,source_heldout,0.9,17380,185,18841,23594
rf,109,source_heldout,0.95,17245,55,18976,23724
rf,109,source_heldout,0.975,17166,12,19055,23767
rf,109,source_heldout,0.99,16095,2,20126,23777
rf,109,source_heldout,0.995,13771,1,22450,23778
rf,109,source_heldout,0.999,11853,0,24368,23779
rf,109,target,0.05,837,36338,2,2248
rf,109,target,0.1,837,35043,2,3543
rf,109,target,0.15,837,30537,2,8049
rf,109,target,0.2,837,30280,2,8306
rf,109,target,0.25,837,30193,2,8393
rf,109,target,0.3,798,30133,41,8453
rf,109,target,0.35,739,30018,100,8568
rf,109,target,0.4,738,30014,101,8572
rf,109,target,0.45,738,29963,101,8623
rf,109,target,0.5,582,29530,257,9056
rf,109,target,0.55,582,5482,257,33104
rf,109,target,0.6,580,5477,259,33109
rf,109,target,0.65,580,5468,259,33118
rf,109,target,0.7,580,5459,259,33127
rf,109,target,0.75,440,5012,399,33574
rf,109,target,0.8,440,4986,399,33600
rf,109,target,0.85,0,4404,839,34182
rf,109,target,0.9,0,4399,839,34187
rf,109,target,0.95,0,4393,839,34193
rf,109,target,0.975,0,4385,839,34201
rf,109,target,0.99,0,59,839,38527
rf,109,target,0.995,0,0,839,38586
rf,109,target,0.999,0,0,839,38586
xgboost,109,source_heldout,0.05,36220,14296,1,9483
xgboost,109,source_heldout,0.1,36220,14280,1,9499
xgboost,109,source_heldout,0.15,36219,14279,2,9500
xgboost,109,source_heldout,0.2,36218,14276,3,9503
xgboost,109,source_heldout,0.25,36218,14275,3,9504
xgboost,109,source_heldout,0.3,36215,14273,6,9506
xgboost,109,source_heldout,0.35,35987,14067,234,9712
xgboost,109,source_heldout,0.4,31710,9833,4511,13946
xgboost,109,source_heldout,0.45,29477,7413,6744,16366
xgboost,109,source_heldout,0.5,29352,7281,6869,16498
xgboost,109,source_heldout,0.55,18258,223,17963,23556
xgboost,109,source_heldout,0.6,18258,223,17963,23556
xgboost,109,source_heldout,0.65,18248,217,17973,23562
xgboost,109,source_heldout,0.7,18248,217,17973,23562
xgboost,109,source_heldout,0.75,18237,214,17984,23565
xgboost,109,source_heldout,0.8,17290,15,18931,23764
xgboost,109,source_heldout,0.85,17284,14,18937,23765
xgboost,109,source_heldout,0.9,17269,14,18952,23765
xgboost,109,source_heldout,0.95,17206,11,19015,23768
xgboost,109,source_heldout,0.975,17128,9,19093,23770
xgboost,109,source_heldout,0.99,16213,3,20008,23776
xgboost,109,source_heldout,0.995,16173,3,20048,23776
xgboost,109,source_heldout,0.999,13938,1,22283,23778
xgboost,109,target,0.05,738,30243,101,8343
xgboost,109,target,0.1,738,30090,101,8496
xgboost,109,target,0.15,737,30046,102,8540
xgboost,109,target,0.2,737,29938,102,8648
xgboost,109,target,0.25,725,29936,114,8650
xgboost,109,target,0.3,676,29862,163,8724
xgboost,109,target,0.35,582,29858,257,8728
xgboost,109,target,0.4,582,29858,257,8728
xgboost,109,target,0.45,582,29858,257,8728
xgboost,109,target,0.5,582,29856,257,8730
xgboost,109,target,0.55,582,29856,257,8730
xgboost,109,target,0.6,442,8347,397,30239
xgboost,109,target,0.65,442,8342,397,30244
xgboost,109,target,0.7,442,5845,397,32741
xgboost,109,target,0.75,442,5845,397,32741
xgboost,109,target,0.8,442,5745,397,32841
xgboost,109,target,0.85,440,5723,399,32863
xgboost,109,target,0.9,440,5482,399,33104
xgboost,109,target,0.95,440,5066,399,33520
xgboost,109,target,0.975,440,5001,399,33585
xgboost,109,target,0.99,0,4399,839,34187
xgboost,109,target,0.995,0,4399,839,34187
xgboost,109,target,0.999,0,0,839,38586
hgb,109,source_heldout,0.05,36221,14301,0,9478
hgb,109,source_heldout,0.1,36219,14285,2,9494
hgb,109,source_heldout,0.15,36219,14283,2,9496
hgb,109,source_heldout,0.2,36218,14282,3,9497
hgb,109,source_heldout,0.25,36218,14278,3,9501
hgb,109,source_heldout,0.3,36216,14278,5,9501
hgb,109,source_heldout,0.35,36216,14277,5,9502
hgb,109,source_heldout,0.4,31198,9252,5023,14527
hgb,109,source_heldout,0.45,29371,7308,6850,16471
hgb,109,source_heldout,0.5,29365,7304,6856,16475
hgb,109,source_heldout,0.55,18241,223,17980,23556
hgb,109,source_heldout,0.6,18239,223,17982,23556
hgb,109,source_heldout,0.65,18239,223,17982,23556
hgb,109,source_heldout,0.7,18237,220,17984,23559
hgb,109,source_heldout,0.75,18232,219,17989,23560
hgb,109,source_heldout,0.8,17282,16,18939,23763
hgb,109,source_heldout,0.85,17271,14,18950,23765
hgb,109,source_heldout,0.9,17270,14,18951,23765
hgb,109,source_heldout,0.95,17142,9,19079,23770
hgb,109,source_heldout,0.975,17136,9,19085,23770
hgb,109,source_heldout,0.99,17123,9,19098,23770
hgb,109,source_heldout,0.995,14457,1,21764,23778
hgb,109,source_heldout,0.999,11062,1,25159,23778
hgb,109,target,0.05,837,30390,2,8196
hgb,109,target,0.1,837,30188,2,8398
hgb,109,target,0.15,739,30176,100,8410
hgb,109,target,0.2,739,30150,100,8436
hgb,109,target,0.25,739,30136,100,8450
hgb,109,target,0.3,739,30120,100,8466
hgb,109,target,0.35,739,30119,100,8467
hgb,109,target,0.4,739,30050,100,8536
hgb,109,target,0.45,739,29951,100,8635
hgb,109,target,0.5,739,29951,100,8635
hgb,109,target,0.55,738,27361,101,11225
hgb,109,target,0.6,598,26916,241,11670
hgb,109,target,0.65,598,26916,241,11670
hgb,109,target,0.7,598,26916,241,11670
hgb,109,target,0.75,596,5455,243,33131
hgb,109,target,0.8,596,5455,243,33131
hgb,109,target,0.85,596,5448,243,33138
hgb,109,target,0.9,596,5448,243,33138
hgb,109,target,0.95,596,5445,243,33141
hgb,109,target,0.975,596,5317,243,33269
hgb,109,target,0.99,156,4447,683,34139
hgb,109,target,0.995,156,35,683,38551
hgb,109,target,0.999,0,15,839,38571
mlp,109,source_heldout,0.05,36211,14371,10,9408
mlp,109,source_heldout,0.1,36208,14328,13,9451
mlp,109,source_heldout,0.15,36206,14317,15,9462
mlp,109,source_heldout,0.2,36206,14310,15,9469
mlp,109,source_heldout,0.25,36206,14307,15,9472
mlp,109,source_heldout,0.3,36198,14296,23,9483
mlp,109,source_heldout,0.35,36196,14296,25,9483
mlp,109,source_heldout,0.4,36196,14295,25,9484
mlp,109,source_heldout,0.45,34155,12093,2066,11686
mlp,109,source_heldout,0.5,29329,7307,6892,16472
mlp,109,source_heldout,0.55,18232,249,17989,23530
mlp,109,source_heldout,0.6,18224,249,17997,23530
mlp,109,source_heldout,0.65,18216,247,18005,23532
mlp,109,source_heldout,0.7,18205,247,18016,23532
mlp,109,source_heldout,0.75,18190,245,18031,23534
mlp,109,source_heldout,0.8,18168,245,18053,23534
mlp,109,source_heldout,0.85,17201,48,19020,23731
mlp,109,source_heldout,0.9,17115,47,19106,23732
mlp,109,source_heldout,0.95,16624,26,19597,23753
mlp,109,source_heldout,0.975,16000,26,20221,23753
mlp,109,source_heldout,0.99,12582,5,23639,23774
mlp,109,source_heldout,0.995,10717,3,25504,23776
mlp,109,source_heldout,0.999,6991,2,29230,23777
mlp,109,target,0.05,736,6119,103,32467
mlp,109,target,0.1,736,6091,103,32495
mlp,109,target,0.15,736,6053,103,32533
mlp,109,target,0.2,736,6042,103,32544
mlp,109,target,0.25,736,6016,103,32570
mlp,109,target,0.3,736,6016,103,32570
mlp,109,target,0.35,736,6016,103,32570
mlp,109,target,0.4,736,6015,103,32571
mlp,109,target,0.45,736,6014,103,32572
mlp,109,target,0.5,736,5932,103,32654
mlp,109,target,0.55,736,5931,103,32655
mlp,109,target,0.6,736,5931,103,32655
mlp,109,target,0.65,736,5931,103,32655
mlp,109,target,0.7,736,5525,103,33061
mlp,109,target,0.75,736,5523,103,33063
mlp,109,target,0.8,736,5441,103,33145
mlp,109,target,0.85,736,5441,103,33145
mlp,109,target,0.9,736,5440,103,33146
mlp,109,target,0.95,736,5438,103,33148
mlp,109,target,0.975,736,5426,103,33160
mlp,109,target,0.99,736,5090,103,33496
mlp,109,target,0.995,736,5043,103,33543
mlp,109,target,0.999,584,5020,255,33566
majority,110,source_heldout,0.05,36441,23559,0,0
majority,110,source_heldout,0.1,36441,23559,0,0
majority,110,source_heldout,0.15,36441,23559,0,0
majority,110,source_heldout,0.2,36441,23559,0,0
majority,110,source_heldout,0.25,36441,23559,0,0
majority,110,source_heldout,0.3,36441,23559,0,0
majority,110,source_heldout,0.35,36441,23559,0,0
majority,110,source_heldout,0.4,36441,23559,0,0
majority,110,source_heldout,0.45,36441,23559,0,0
majority,110,source_heldout,0.5,36441,23559,0,0
majority,110,source_heldout,0.55,36441,23559,0,0
majority,110,source_heldout,0.6,36441,23559,0,0
majority,110,source_heldout,0.65,36441,23559,0,0
majority,110,source_heldout,0.7,36441,23559,0,0
majority,110,source_heldout,0.75,36441,23559,0,0
majority,110,source_heldout,0.8,36441,23559,0,0
majority,110,source_heldout,0.85,36441,23559,0,0
majority,110,source_heldout,0.9,36441,23559,0,0
majority,110,source_heldout,0.95,36441,23559,0,0
majority,110,source_heldout,0.975,36441,23559,0,0
majority,110,source_heldout,0.99,36441,23559,0,0
majority,110,source_heldout,0.995,36441,23559,0,0
majority,110,source_heldout,0.999,36441,23559,0,0
majority,110,target,0.05,839,38586,0,0
majority,110,target,0.1,839,38586,0,0
majority,110,target,0.15,839,38586,0,0
majority,110,target,0.2,839,38586,0,0
majority,110,target,0.25,839,38586,0,0
majority,110,target,0.3,839,38586,0,0
majority,110,target,0.35,839,38586,0,0
majority,110,target,0.4,839,38586,0,0
majority,110,target,0.45,839,38586,0,0
majority,110,target,0.5,839,38586,0,0
majority,110,target,0.55,839,38586,0,0
majority,110,target,0.6,839,38586,0,0
majority,110,target,0.65,839,38586,0,0
majority,110,target,0.7,839,38586,0,0
majority,110,target,0.75,839,38586,0,0
majority,110,target,0.8,839,38586,0,0
majority,110,target,0.85,839,38586,0,0
majority,110,target,0.9,839,38586,0,0
majority,110,target,0.95,839,38586,0,0
majority,110,target,0.975,839,38586,0,0
majority,110,target,0.99,839,38586,0,0
majority,110,target,0.995,839,38586,0,0
majority,110,target,0.999,839,38586,0,0
stratified,110,source_heldout,0.05,22180,14208,14261,9351
stratified,110,source_heldout,0.1,22180,14208,14261,9351
stratified,110,source_heldout,0.15,22180,14208,14261,9351
stratified,110,source_heldout,0.2,22180,14208,14261,9351
stratified,110,source_heldout,0.25,22180,14208,14261,9351
stratified,110,source_heldout,0.3,22180,14208,14261,9351
stratified,110,source_heldout,0.35,22180,14208,14261,9351
stratified,110,source_heldout,0.4,22180,14208,14261,9351
stratified,110,source_heldout,0.45,22180,14208,14261,9351
stratified,110,source_heldout,0.5,22180,14208,14261,9351
stratified,110,source_heldout,0.55,22180,14208,14261,9351
stratified,110,source_heldout,0.6,22180,14208,14261,9351
stratified,110,source_heldout,0.65,22180,14208,14261,9351
stratified,110,source_heldout,0.7,22180,14208,14261,9351
stratified,110,source_heldout,0.75,22180,14208,14261,9351
stratified,110,source_heldout,0.8,22180,14208,14261,9351
stratified,110,source_heldout,0.85,22180,14208,14261,9351
stratified,110,source_heldout,0.9,22180,14208,14261,9351
stratified,110,source_heldout,0.95,22180,14208,14261,9351
stratified,110,source_heldout,0.975,22180,14208,14261,9351
stratified,110,source_heldout,0.99,22180,14208,14261,9351
stratified,110,source_heldout,0.995,22180,14208,14261,9351
stratified,110,source_heldout,0.999,22180,14208,14261,9351
stratified,110,target,0.05,481,23419,358,15167
stratified,110,target,0.1,481,23419,358,15167
stratified,110,target,0.15,481,23419,358,15167
stratified,110,target,0.2,481,23419,358,15167
stratified,110,target,0.25,481,23419,358,15167
stratified,110,target,0.3,481,23419,358,15167
stratified,110,target,0.35,481,23419,358,15167
stratified,110,target,0.4,481,23419,358,15167
stratified,110,target,0.45,481,23419,358,15167
stratified,110,target,0.5,481,23419,358,15167
stratified,110,target,0.55,481,23419,358,15167
stratified,110,target,0.6,481,23419,358,15167
stratified,110,target,0.65,481,23419,358,15167
stratified,110,target,0.7,481,23419,358,15167
stratified,110,target,0.75,481,23419,358,15167
stratified,110,target,0.8,481,23419,358,15167
stratified,110,target,0.85,481,23419,358,15167
stratified,110,target,0.9,481,23419,358,15167
stratified,110,target,0.95,481,23419,358,15167
stratified,110,target,0.975,481,23419,358,15167
stratified,110,target,0.99,481,23419,358,15167
stratified,110,target,0.995,481,23419,358,15167
stratified,110,target,0.999,481,23419,358,15167
logreg,110,source_heldout,0.05,36430,14815,11,8744
logreg,110,source_heldout,0.1,36426,14540,15,9019
logreg,110,source_heldout,0.15,36419,14498,22,9061
logreg,110,source_heldout,0.2,36412,14466,29,9093
logreg,110,source_heldout,0.25,36405,14452,36,9107
logreg,110,source_heldout,0.3,36396,14443,45,9116
logreg,110,source_heldout,0.35,36388,14434,53,9125
logreg,110,source_heldout,0.4,34552,14368,1889,9191
logreg,110,source_heldout,0.45,34201,14348,2240,9211
logreg,110,source_heldout,0.5,28143,8307,8298,15252
logreg,110,source_heldout,0.55,16296,750,20145,22809
logreg,110,source_heldout,0.6,16014,489,20427,23070
logreg,110,source_heldout,0.65,15981,481,20460,23078
logreg,110,source_heldout,0.7,15936,476,20505,23083
logreg,110,source_heldout,0.75,15829,467,20612,23092
logreg,110,source_heldout,0.8,14663,259,21778,23300
logreg,110,source_heldout,0.85,11426,133,25015,23426
logreg,110,source_heldout,0.9,10446,111,25995,23448
logreg,110,source_heldout,0.95,10026,90,26415,23469
logreg,110,source_heldout,0.975,8419,78,28022,23481
logreg,110,source_heldout,0.99,7313,66,29128,23493
logreg,110,source_heldout,0.995,4542,53,31899,23506
logreg,110,source_heldout,0.999,2351,19,34090,23540
logreg,110,target,0.05,738,32761,101,5825
logreg,110,target,0.1,738,32159,101,6427
logreg,110,target,0.15,738,31392,101,7194
logreg,110,target,0.2,738,30890,101,7696
logreg,110,target,0.25,738,30622,101,7964
logreg,110,target,0.3,584,30430,255,8156
logreg,110,target,0.35,582,30352,257,8234
logreg,110,target,0.4,582,30260,257,8326
logreg,110,target,0.45,582,30239,257,8347
logreg,110,target,0.5,582,30215,257,8371
logreg,110,target,0.55,582,30208,257,8378
logreg,110,target,0.6,582,6225,257,32361
logreg,110,target,0.65,580,6212,259,32374
logreg,110,target,0.7,580,6207,259,32379
logreg,110,target,0.75,580,5800,259,32786
logreg,110,target,0.8,580,5795,259,32791
logreg,110,target,0.85,580,5764,259,32822
logreg,110,target,0.9,580,5691,259,32895
logreg,110,target,0.95,580,5659,259,32927
logreg,110,target,0.975,580,5657,259,32929
logreg,110,target,0.99,580,5598,259,32988
logreg,110,target,0.995,580,1243,259,37343
logreg,110,target,0.999,0,11,839,38575
tree,110,source_heldout,0.05,36428,14068,13,9491
tree,110,source_heldout,0.1,36426,14063,15,9496
tree,110,source_heldout,0.15,36426,14063,15,9496
tree,110,source_heldout,0.2,36420,14061,21,9498
tree,110,source_heldout,0.25,36420,14061,21,9498
tree,110,source_heldout,0.3,36410,14051,31,9508
tree,110,source_heldout,0.35,36404,14045,37,9514
tree,110,source_heldout,0.4,29584,7246,6857,16313
tree,110,source_heldout,0.45,29584,7246,6857,16313
tree,110,source_heldout,0.5,29492,7165,6949,16394
tree,110,source_heldout,0.55,18329,218,18112,23341
tree,110,source_heldout,0.6,18329,218,18112,23341
tree,110,source_heldout,0.65,18328,217,18113,23342
tree,110,source_heldout,0.7,18326,217,18115,23342
tree,110,source_heldout,0.75,18326,217,18115,23342
tree,110,source_heldout,0.8,17333,30,19108,23529
tree,110,source_heldout,0.85,17333,30,19108,23529
tree,110,source_heldout,0.9,17333,30,19108,23529
tree,110,source_heldout,0.95,17191,22,19250,23537
tree,110,source_heldout,0.975,17186,22,19255,23537
tree,110,source_heldout,0.99,15686,13,20755,23546
tree,110,source_heldout,0.995,15686,13,20755,23546
tree,110,source_heldout,0.999,11546,11,24895,23548
tree,110,target,0.05,442,29834,397,8752
tree,110,target,0.1,442,29834,397,8752
tree,110,target,0.15,442,29834,397,8752
tree,110,target,0.2,442,29834,397,8752
tree,110,target,0.25,442,29834,397,8752
tree,110,target,0.3,442,29834,397,8752
tree,110,target,0.35,442,29834,397,8752
tree,110,target,0.4,442,29834,397,8752
tree,110,target,0.45,442,29834,397,8752
tree,110,target,0.5,442,29834,397,8752
tree,110,target,0.55,442,29834,397,8752
tree,110,target,0.6,442,29834,397,8752
tree,110,target,0.65,442,29834,397,8752
tree,110,target,0.7,2,29227,837,9359
tree,110,target,0.75,2,29227,837,9359
tree,110,target,0.8,2,28821,837,9765
tree,110,target,0.85,2,28821,837,9765
tree,110,target,0.9,2,28821,837,9765
tree,110,target,0.95,2,28821,837,9765
tree,110,target,0.975,2,28821,837,9765
tree,110,target,0.99,2,24428,837,14158
tree,110,target,0.995,2,24428,837,14158
tree,110,target,0.999,2,24428,837,14158
rf,110,source_heldout,0.05,36308,14041,133,9518
rf,110,source_heldout,0.1,36080,13855,361,9704
rf,110,source_heldout,0.15,35816,13707,625,9852
rf,110,source_heldout,0.2,35447,13427,994,10132
rf,110,source_heldout,0.25,34963,13030,1478,10529
rf,110,source_heldout,0.3,34370,12584,2071,10975
rf,110,source_heldout,0.35,33643,11952,2798,11607
rf,110,source_heldout,0.4,33003,11330,3438,12229
rf,110,source_heldout,0.45,32332,10615,4109,12944
rf,110,source_heldout,0.5,31758,10038,4683,13521
rf,110,source_heldout,0.55,20041,2485,16400,21074
rf,110,source_heldout,0.6,19620,2004,16821,21555
rf,110,source_heldout,0.65,19312,1574,17129,21985
rf,110,source_heldout,0.7,19030,1198,17411,22361
rf,110,source_heldout,0.75,18823,914,17618,22645
rf,110,source_heldout,0.8,17680,509,18761,23050
rf,110,source_heldout,0.85,17544,361,18897,23198
rf,110,source_heldout,0.9,17414,206,19027,23353
rf,110,source_heldout,0.95,17291,89,19150,23470
rf,110,source_heldout,0.975,17215,20,19226,23539
rf,110,source_heldout,0.99,13979,3,22462,23556
rf,110,source_heldout,0.995,13876,1,22565,23558
rf,110,source_heldout,0.999,9465,0,26976,23559
rf,110,target,0.05,837,36212,2,2374
rf,110,target,0.1,837,34631,2,3955
rf,110,target,0.15,837,30685,2,7901
rf,110,target,0.2,837,30338,2,8248
rf,110,target,0.25,837,30290,2,8296
rf,110,target,0.3,837,30265,2,8321
rf,110,target,0.35,836,30225,3,8361
rf,110,target,0.4,798,29980,41,8606
rf,110,target,0.45,738,29825,101,8761
rf,110,target,0.5,738,29801,101,8785
rf,110,target,0.55,582,5537,257,33049
rf,110,target,0.6,580,5494,259,33092
rf,110,target,0.65,580,5485,259,33101
rf,110,target,0.7,580,5466,259,33120
rf,110,target,0.75,440,5020,399,33566
rf,110,target,0.8,440,4992,399,33594
rf,110,target,0.85,0,4400,839,34186
rf,110,target,0.9,0,4399,839,34187
rf,110,target,0.95,0,4393,839,34193
rf,110,target,0.975,0,4391,839,34195
rf,110,target,0.99,0,0,839,38586
rf,110,target,0.995,0,0,839,38586
rf,110,target,0.999,0,0,839,38586
xgboost,110,source_heldout,0.05,36441,14101,0,9458
xgboost,110,source_heldout,0.1,36439,14088,2,9471
xgboost,110,source_heldout,0.15,36438,14069,3,9490
xgboost,110,source_heldout,0.2,36438,14068,3,9491
xgboost,110,source_heldout,0.25,36436,14066,5,9493
xgboost,110,source_heldout,0.3,36436,14063,5,9496
xgboost,110,source_heldout,0.35,36319,13963,122,9596
xgboost,110,source_heldout,0.4,32306,9918,4135,13641
xgboost,110,source_heldout,0.45,29571,7221,6870,16338
xgboost,110,source_heldout,0.5,29495,7152,6946,16407
xgboost,110,source_heldout,0.55,18330,205,18111,23354
xgboost,110,source_heldout,0.6,18325,203,18116,23356
xgboost,110,source_heldout,0.65,18323,203,18118,23356
xgboost,110,source_heldout,0.7,18313,203,18128,23356
xgboost,110,source_heldout,0.75,18311,203,18130,23356
xgboost,110,source_heldout,0.8,17319,16,19122,23543
xgboost,110,source_heldout,0.85,17316,15,19125,23544
xgboost,110,source_heldout,0.9,17297,15,19144,23544
xgboost,110,source_heldout,0.95,17250,12,19191,23547
xgboost,110,source_heldout,0.975,17157,7,19284,23552
xgboost,110,source_heldout,0.99,16256,3,20185,23556
xgboost,110,source_heldout,0.995,16133,1,20308,23558
xgboost,110,source_heldout,0.999,14030,0,22411,23559
xgboost,110,target,0.05,837,30255,2,8331
xgboost,110,target,0.1,837,29984,2,8602
xgboost,110,target,0.15,837,29969,2,8617
xgboost,110,target,0.2,837,29939,2,8647
xgboost,110,target,0.25,744,29904,95,8682
xgboost,110,target,0.3,739,29892,100,8694
xgboost,110,target,0.35,739,29891,100,8695
xgboost,110,target,0.4,739,29891,100,8695
xgboost,110,target,0.45,739,29890,100,8696
xgboost,110,target,0.5,738,29878,101,8708
xgboost,110,target,0.55,737,29878,102,8708
xgboost,110,target,0.6,658,29858,181,8728
xgboost,110,target,0.65,582,29853,257,8733
xgboost,110,target,0.7,582,8389,257,30197
xgboost,110,target,0.75,582,8387,257,30199
xgboost,110,target,0.8,582,8381,257,30205
xgboost,110,target,0.85,582,8050,257,30536
xgboost,110,target,0.9,582,7620,257,30966
xgboost,110,target,0.95,582,5075,257,33511
xgboost,110,target,0.975,440,5000,399,33586
xgboost,110,target,0.99,440,607,399,37979
xgboost,110,target,0.995,440,607,399,37979
xgboost,110,target,0.999,0,11,839,38575
hgb,110,source_heldout,0.05,36440,14101,1,9458
hgb,110,source_heldout,0.1,36438,14068,3,9491
hgb,110,source_heldout,0.15,36438,14068,3,9491
hgb,110,source_heldout,0.2,36438,14065,3,9494
hgb,110,source_heldout,0.25,36438,14064,3,9495
hgb,110,source_heldout,0.3,36437,14064,4,9495
hgb,110,source_heldout,0.35,36428,14054,13,9505
hgb,110,source_heldout,0.4,31632,9293,4809,14266
hgb,110,source_heldout,0.45,29510,7169,6931,16390
hgb,110,source_heldout,0.5,29498,7156,6943,16403
hgb,110,source_heldout,0.55,18330,204,18111,23355
hgb,110,source_heldout,0.6,18328,204,18113,23355
hgb,110,source_heldout,0.65,18327,204,18114,23355
hgb,110,source_heldout,0.7,18326,203,18115,23356
hgb,110,source_heldout,0.75,18313,202,18128,23357
hgb,110,source_heldout,0.8,17320,15,19121,23544
hgb,110,source_heldout,0.85,17309,14,19132,23545
hgb,110,source_heldout,0.9,17309,14,19132,23545
hgb,110,source_heldout,0.95,17179,9,19262,23550
hgb,110,source_heldout,0.975,17174,8,19267,23551
hgb,110,source_heldout,0.99,16212,4,20229,23555
hgb,110,source_heldout,0.995,16197,4,20244,23555
hgb,110,source_heldout,0.999,12212,0,24229,23559
hgb,110,target,0.05,837,30311,2,8275
hgb,110,target,0.1,837,30282,2,8304
hgb,110,target,0.15,837,30107,2,8479
hgb,110,target,0.2,837,30042,2,8544
hgb,110,target,0.25,837,30042,2,8544
hgb,110,target,0.3,837,30041,2,8545
hgb,110,target,0.35,765,30040,74,8546
hgb,110,target,0.4,739,29874,100,8712
hgb,110,target,0.45,739,29874,100,8712
hgb,110,target,0.5,739,29858,100,8728
hgb,110,target,0.55,739,29858,100,8728
hgb,110,target,0.6,739,29858,100,8728
hgb,110,target,0.65,738,29858,101,8728
hgb,110,target,0.7,738,29857,101,8729
hgb,110,target,0.75,738,29857,101,8729
hgb,110,target,0.8,738,27345,101,11241
hgb,110,target,0.85,738,27345,101,11241
hgb,110,target,0.9,738,27212,101,11374
hgb,110,target,0.95,738,26572,101,12014
hgb,110,target,0.975,581,5102,258,33484
hgb,110,target,0.99,140,73,699,38513
hgb,110,target,0.995,0,22,839,38564
hgb,110,target,0.999,0,8,839,38578
mlp,110,source_heldout,0.05,36428,14118,13,9441
mlp,110,source_heldout,0.1,36427,14107,14,9452
mlp,110,source_heldout,0.15,36427,14103,14,9456
mlp,110,source_heldout,0.2,36426,14099,15,9460
mlp,110,source_heldout,0.25,36425,14085,16,9474
mlp,110,source_heldout,0.3,36425,14083,16,9476
mlp,110,source_heldout,0.35,36423,14083,18,9476
mlp,110,source_heldout,0.4,33149,10793,3292,12766
mlp,110,source_heldout,0.45,29485,7182,6956,16377
mlp,110,source_heldout,0.5,29482,7174,6959,16385
mlp,110,source_heldout,0.55,18316,227,18125,23332
mlp,110,source_heldout,0.6,18314,227,18127,23332
mlp,110,source_heldout,0.65,18309,225,18132,23334
mlp,110,source_heldout,0.7,18305,224,18136,23335
mlp,110,source_heldout,0.75,18302,223,18139,23336
mlp,110,source_heldout,0.8,18295,219,18146,23340
mlp,110,source_heldout,0.85,17230,26,19211,23533
mlp,110,source_heldout,0.9,17154,23,19287,23536
mlp,110,source_heldout,0.95,17049,23,19392,23536
mlp,110,source_heldout,0.975,15431,9,21010,23550
mlp,110,source_heldout,0.99,14413,5,22028,23554
mlp,110,source_heldout,0.995,14341,4,22100,23555
mlp,110,source_heldout,0.999,12709,3,23732,23556
mlp,110,target,0.05,736,6253,103,32333
mlp,110,target,0.1,736,6212,103,32374
mlp,110,target,0.15,736,6173,103,32413
mlp,110,target,0.2,736,6148,103,32438
mlp,110,target,0.25,736,6076,103,32510
mlp,110,target,0.3,736,6061,103,32525
mlp,110,target,0.35,736,6060,103,32526
mlp,110,target,0.4,736,6041,103,32545
mlp,110,target,0.45,736,6015,103,32571
mlp,110,target,0.5,736,6014,103,32572
mlp,110,target,0.55,736,6010,103,32576
mlp,110,target,0.6,736,5998,103,32588
mlp,110,target,0.65,736,5998,103,32588
mlp,110,target,0.7,736,5997,103,32589
mlp,110,target,0.75,736,5982,103,32604
mlp,110,target,0.8,736,5576,103,33010
mlp,110,target,0.85,156,4955,683,33631
mlp,110,target,0.9,156,4929,683,33657
mlp,110,target,0.95,156,4929,683,33657
mlp,110,target,0.975,156,4846,683,33740
mlp,110,target,0.99,156,4844,683,33742
mlp,110,target,0.995,156,4844,683,33742
mlp,110,target,0.999,156,4832,683,33754
