model,split_seed,domain,group,tau,tp,fp,fn,tn
majority,101,target,003a-pfcp.csv,0.05,103,14141,0,0
majority,101,target,003a-pfcp.csv,0.1,103,14141,0,0
majority,101,target,003a-pfcp.csv,0.15,103,14141,0,0
majority,101,target,003a-pfcp.csv,0.2,103,14141,0,0
majority,101,target,003a-pfcp.csv,0.25,103,14141,0,0
majority,101,target,003a-pfcp.csv,0.3,103,14141,0,0
majority,101,target,003a-pfcp.csv,0.35,103,14141,0,0
majority,101,target,003a-pfcp.csv,0.4,103,14141,0,0
majority,101,target,003a-pfcp.csv,0.45,103,14141,0,0
majority,101,target,003a-pfcp.csv,0.5,103,14141,0,0
majority,101,target,003a-pfcp.csv,0.55,103,14141,0,0
majority,101,target,003a-pfcp.csv,0.6,103,14141,0,0
majority,101,target,003a-pfcp.csv,0.65,103,14141,0,0
majority,101,target,003a-pfcp.csv,0.7,103,14141,0,0
majority,101,target,003a-pfcp.csv,0.75,103,14141,0,0
majority,101,target,003a-pfcp.csv,0.8,103,14141,0,0
majority,101,target,003a-pfcp.csv,0.85,103,14141,0,0
majority,101,target,003a-pfcp.csv,0.9,103,14141,0,0
majority,101,target,003a-pfcp.csv,0.95,103,14141,0,0
majority,101,target,003a-pfcp.csv,0.975,103,14141,0,0
majority,101,target,003a-pfcp.csv,0.99,103,14141,0,0
majority,101,target,003a-pfcp.csv,0.995,103,14141,0,0
majority,101,target,003a-pfcp.csv,0.999,103,14141,0,0
majority,101,target,004-syn-flood.csv,0.05,580,16081,0,0
majority,101,target,004-syn-flood.csv,0.1,580,16081,0,0
majority,101,target,004-syn-flood.csv,0.15,580,16081,0,0
majority,101,target,004-syn-flood.csv,0.2,580,16081,0,0
majority,101,target,004-syn-flood.csv,0.25,580,16081,0,0
majority,101,target,004-syn-flood.csv,0.3,580,16081,0,0
majority,101,target,004-syn-flood.csv,0.35,580,16081,0,0
majority,101,target,004-syn-flood.csv,0.4,580,16081,0,0
majority,101,target,004-syn-flood.csv,0.45,580,16081,0,0
majority,101,target,004-syn-flood.csv,0.5,580,16081,0,0
majority,101,target,004-syn-flood.csv,0.55,580,16081,0,0
majority,101,target,004-syn-flood.csv,0.6,580,16081,0,0
majority,101,target,004-syn-flood.csv,0.65,580,16081,0,0
majority,101,target,004-syn-flood.csv,0.7,580,16081,0,0
majority,101,target,004-syn-flood.csv,0.75,580,16081,0,0
majority,101,target,004-syn-flood.csv,0.8,580,16081,0,0
majority,101,target,004-syn-flood.csv,0.85,580,16081,0,0
majority,101,target,004-syn-flood.csv,0.9,580,16081,0,0
majority,101,target,004-syn-flood.csv,0.95,580,16081,0,0
majority,101,target,004-syn-flood.csv,0.975,580,16081,0,0
majority,101,target,004-syn-flood.csv,0.99,580,16081,0,0
majority,101,target,004-syn-flood.csv,0.995,580,16081,0,0
majority,101,target,004-syn-flood.csv,0.999,580,16081,0,0
majority,101,target,005-icmp-flood.csv,0.05,156,8364,0,0
majority,101,target,005-icmp-flood.csv,0.1,156,8364,0,0
majority,101,target,005-icmp-flood.csv,0.15,156,8364,0,0
majority,101,target,005-icmp-flood.csv,0.2,156,8364,0,0
majority,101,target,005-icmp-flood.csv,0.25,156,8364,0,0
majority,101,target,005-icmp-flood.csv,0.3,156,8364,0,0
majority,101,target,005-icmp-flood.csv,0.35,156,8364,0,0
majority,101,target,005-icmp-flood.csv,0.4,156,8364,0,0
majority,101,target,005-icmp-flood.csv,0.45,156,8364,0,0
majority,101,target,005-icmp-flood.csv,0.5,156,8364,0,0
majority,101,target,005-icmp-flood.csv,0.55,156,8364,0,0
majority,101,target,005-icmp-flood.csv,0.6,156,8364,0,0
majority,101,target,005-icmp-flood.csv,0.65,156,8364,0,0
majority,101,target,005-icmp-flood.csv,0.7,156,8364,0,0
majority,101,target,005-icmp-flood.csv,0.75,156,8364,0,0
majority,101,target,005-icmp-flood.csv,0.8,156,8364,0,0
majority,101,target,005-icmp-flood.csv,0.85,156,8364,0,0
majority,101,target,005-icmp-flood.csv,0.9,156,8364,0,0
majority,101,target,005-icmp-flood.csv,0.95,156,8364,0,0
majority,101,target,005-icmp-flood.csv,0.975,156,8364,0,0
majority,101,target,005-icmp-flood.csv,0.99,156,8364,0,0
majority,101,target,005-icmp-flood.csv,0.995,156,8364,0,0
majority,101,target,005-icmp-flood.csv,0.999,156,8364,0,0
stratified,101,target,003a-pfcp.csv,0.05,59,8528,44,5613
stratified,101,target,003a-pfcp.csv,0.1,59,8528,44,5613
stratified,101,target,003a-pfcp.csv,0.15,59,8528,44,5613
stratified,101,target,003a-pfcp.csv,0.2,59,8528,44,5613
stratified,101,target,003a-pfcp.csv,0.25,59,8528,44,5613
stratified,101,target,003a-pfcp.csv,0.3,59,8528,44,5613
stratified,101,target,003a-pfcp.csv,0.35,59,8528,44,5613
stratified,101,target,003a-pfcp.csv,0.4,59,8528,44,5613
stratified,101,target,003a-pfcp.csv,0.45,59,8528,44,5613
stratified,101,target,003a-pfcp.csv,0.5,59,8528,44,5613
stratified,101,target,003a-pfcp.csv,0.55,59,8528,44,5613
stratified,101,target,003a-pfcp.csv,0.6,59,8528,44,5613
stratified,101,target,003a-pfcp.csv,0.65,59,8528,44,5613
stratified,101,target,003a-pfcp.csv,0.7,59,8528,44,5613
stratified,101,target,003a-pfcp.csv,0.75,59,8528,44,5613
stratified,101,target,003a-pfcp.csv,0.8,59,8528,44,5613
stratified,101,target,003a-pfcp.csv,0.85,59,8528,44,5613
stratified,101,target,003a-pfcp.csv,0.9,59,8528,44,5613
stratified,101,target,003a-pfcp.csv,0.95,59,8528,44,5613
stratified,101,target,003a-pfcp.csv,0.975,59,8528,44,5613
stratified,101,target,003a-pfcp.csv,0.99,59,8528,44,5613
stratified,101,target,003a-pfcp.csv,0.995,59,8528,44,5613
stratified,101,target,003a-pfcp.csv,0.999,59,8528,44,5613
stratified,101,target,004-syn-flood.csv,0.05,338,9771,242,6310
stratified,101,target,004-syn-flood.csv,0.1,338,9771,242,6310
stratified,101,target,004-syn-flood.csv,0.15,338,9771,242,6310
stratified,101,target,004-syn-flood.csv,0.2,338,9771,242,6310
stratified,101,target,004-syn-flood.csv,0.25,338,9771,242,6310
stratified,101,target,004-syn-flood.csv,0.3,338,9771,242,6310
stratified,101,target,004-syn-flood.csv,0.35,338,9771,242,6310
stratified,101,target,004-syn-flood.csv,0.4,338,9771,242,6310
stratified,101,target,004-syn-flood.csv,0.45,338,9771,242,6310
stratified,101,target,004-syn-flood.csv,0.5,338,9771,242,6310
stratified,101,target,004-syn-flood.csv,0.55,338,9771,242,6310
stratified,101,target,004-syn-flood.csv,0.6,338,9771,242,6310
stratified,101,target,004-syn-flood.csv,0.65,338,9771,242,6310
stratified,101,target,004-syn-flood.csv,0.7,338,9771,242,6310
stratified,101,target,004-syn-flood.csv,0.75,338,9771,242,6310
stratified,101,target,004-syn-flood.csv,0.8,338,9771,242,6310
stratified,101,target,004-syn-flood.csv,0.85,338,9771,242,6310
stratified,101,target,004-syn-flood.csv,0.9,338,9771,242,6310
stratified,101,target,004-syn-flood.csv,0.95,338,9771,242,6310
stratified,101,target,004-syn-flood.csv,0.975,338,9771,242,6310
stratified,101,target,004-syn-flood.csv,0.99,338,9771,242,6310
stratified,101,target,004-syn-flood.csv,0.995,338,9771,242,6310
stratified,101,target,004-syn-flood.csv,0.999,338,9771,242,6310
stratified,101,target,005-icmp-flood.csv,0.05,84,5096,72,3268
stratified,101,target,005-icmp-flood.csv,0.1,84,5096,72,3268
stratified,101,target,005-icmp-flood.csv,0.15,84,5096,72,3268
stratified,101,target,005-icmp-flood.csv,0.2,84,5096,72,3268
stratified,101,target,005-icmp-flood.csv,0.25,84,5096,72,3268
stratified,101,target,005-icmp-flood.csv,0.3,84,5096,72,3268
stratified,101,target,005-icmp-flood.csv,0.35,84,5096,72,3268
stratified,101,target,005-icmp-flood.csv,0.4,84,5096,72,3268
stratified,101,target,005-icmp-flood.csv,0.45,84,5096,72,3268
stratified,101,target,005-icmp-flood.csv,0.5,84,5096,72,3268
stratified,101,target,005-icmp-flood.csv,0.55,84,5096,72,3268
stratified,101,target,005-icmp-flood.csv,0.6,84,5096,72,3268
stratified,101,target,005-icmp-flood.csv,0.65,84,5096,72,3268
stratified,101,target,005-icmp-flood.csv,0.7,84,5096,72,3268
stratified,101,target,005-icmp-flood.csv,0.75,84,5096,72,3268
stratified,101,target,005-icmp-flood.csv,0.8,84,5096,72,3268
stratified,101,target,005-icmp-flood.csv,0.85,84,5096,72,3268
stratified,101,target,005-icmp-flood.csv,0.9,84,5096,72,3268
stratified,101,target,005-icmp-flood.csv,0.95,84,5096,72,3268
stratified,101,target,005-icmp-flood.csv,0.975,84,5096,72,3268
stratified,101,target,005-icmp-flood.csv,0.99,84,5096,72,3268
stratified,101,target,005-icmp-flood.csv,0.995,84,5096,72,3268
stratified,101,target,005-icmp-flood.csv,0.999,84,5096,72,3268
logreg,101,target,003a-pfcp.csv,0.05,2,12076,101,2065
logreg,101,target,003a-pfcp.csv,0.1,2,11767,101,2374
logreg,101,target,003a-pfcp.csv,0.15,2,11549,101,2592
logreg,101,target,003a-pfcp.csv,0.2,2,11391,101,2750
logreg,101,target,003a-pfcp.csv,0.25,2,11298,101,2843
logreg,101,target,003a-pfcp.csv,0.3,2,11228,101,2913
logreg,101,target,003a-pfcp.csv,0.35,2,11195,101,2946
logreg,101,target,003a-pfcp.csv,0.4,2,11178,101,2963
logreg,101,target,003a-pfcp.csv,0.45,2,11147,101,2994
logreg,101,target,003a-pfcp.csv,0.5,2,11137,101,3004
logreg,101,target,003a-pfcp.csv,0.55,2,698,101,13443
logreg,101,target,003a-pfcp.csv,0.6,2,670,101,13471
logreg,101,target,003a-pfcp.csv,0.65,0,668,103,13473
logreg,101,target,003a-pfcp.csv,0.7,0,664,103,13477
logreg,101,target,003a-pfcp.csv,0.75,0,258,103,13883
logreg,101,target,003a-pfcp.csv,0.8,0,256,103,13885
logreg,101,target,003a-pfcp.csv,0.85,0,246,103,13895
logreg,101,target,003a-pfcp.csv,0.9,0,242,103,13899
logreg,101,target,003a-pfcp.csv,0.95,0,238,103,13903
logreg,101,target,003a-pfcp.csv,0.975,0,238,103,13903
logreg,101,target,003a-pfcp.csv,0.99,0,179,103,13962
logreg,101,target,003a-pfcp.csv,0.995,0,172,103,13969
logreg,101,target,003a-pfcp.csv,0.999,0,11,103,14130
logreg,101,target,004-syn-flood.csv,0.05,580,13526,0,2555
logreg,101,target,004-syn-flood.csv,0.1,580,13370,0,2711
logreg,101,target,004-syn-flood.csv,0.15,580,13188,0,2893
logreg,101,target,004-syn-flood.csv,0.2,580,13027,0,3054
logreg,101,target,004-syn-flood.csv,0.25,580,12928,0,3153
logreg,101,target,004-syn-flood.csv,0.3,580,12842,0,3239
logreg,101,target,004-syn-flood.csv,0.35,580,12792,0,3289
logreg,101,target,004-syn-flood.csv,0.4,580,12744,0,3337
logreg,101,target,004-syn-flood.csv,0.45,580,12726,0,3355
logreg,101,target,004-syn-flood.csv,0.5,580,12715,0,3366
logreg,101,target,004-syn-flood.csv,0.55,580,5337,0,10744
logreg,101,target,004-syn-flood.csv,0.6,580,5329,0,10752
logreg,101,target,004-syn-flood.csv,0.65,580,5325,0,10756
logreg,101,target,004-syn-flood.csv,0.7,580,5322,0,10759
logreg,101,target,004-syn-flood.csv,0.75,580,5322,0,10759
logreg,101,target,004-syn-flood.csv,0.8,580,5320,0,10761
logreg,101,target,004-syn-flood.csv,0.85,580,5306,0,10775
logreg,101,target,004-syn-flood.csv,0.9,580,5241,0,10840
logreg,101,target,004-syn-flood.csv,0.95,580,5220,0,10861
logreg,101,target,004-syn-flood.csv,0.975,580,5218,0,10863
logreg,101,target,004-syn-flood.csv,0.99,580,5218,0,10863
logreg,101,target,004-syn-flood.csv,0.995,580,879,0,15202
logreg,101,target,004-syn-flood.csv,0.999,0,0,580,16081
logreg,101,target,005-icmp-flood.csv,0.05,156,7100,0,1264
logreg,101,target,005-icmp-flood.csv,0.1,156,6996,0,1368
logreg,101,target,005-icmp-flood.csv,0.15,156,6836,0,1528
logreg,101,target,005-icmp-flood.csv,0.2,156,6676,0,1688
logreg,101,target,005-icmp-flood.csv,0.25,156,6536,0,1828
logreg,101,target,005-icmp-flood.csv,0.3,0,6444,156,1920
logreg,101,target,005-icmp-flood.csv,0.35,0,6407,156,1957
logreg,101,target,005-icmp-flood.csv,0.4,0,6394,156,1970
logreg,101,target,005-icmp-flood.csv,0.45,0,6377,156,1987
logreg,101,target,005-icmp-flood.csv,0.5,0,6376,156,1988
logreg,101,target,005-icmp-flood.csv,0.55,0,232,156,8132
logreg,101,target,005-icmp-flood.csv,0.6,0,223,156,8141
logreg,101,target,005-icmp-flood.csv,0.65,0,221,156,8143
logreg,101,target,005-icmp-flood.csv,0.7,0,221,156,8143
logreg,101,target,005-icmp-flood.csv,0.75,0,219,156,8145
logreg,101,target,005-icmp-flood.csv,0.8,0,219,156,8145
logreg,101,target,005-icmp-flood.csv,0.85,0,209,156,8155
logreg,101,target,005-icmp-flood.csv,0.9,0,208,156,8156
logreg,101,target,005-icmp-flood.csv,0.95,0,201,156,8163
logreg,101,target,005-icmp-flood.csv,0.975,0,201,156,8163
logreg,101,target,005-icmp-flood.csv,0.99,0,200,156,8164
logreg,101,target,005-icmp-flood.csv,0.995,0,192,156,8172
logreg,101,target,005-icmp-flood.csv,0.999,0,0,156,8364
tree,101,target,003a-pfcp.csv,0.05,101,11146,2,2995
tree,101,target,003a-pfcp.csv,0.1,101,11146,2,2995
tree,101,target,003a-pfcp.csv,0.15,101,11146,2,2995
tree,101,target,003a-pfcp.csv,0.2,101,11146,2,2995
tree,101,target,003a-pfcp.csv,0.25,101,11146,2,2995
tree,101,target,003a-pfcp.csv,0.3,101,11146,2,2995
tree,101,target,003a-pfcp.csv,0.35,101,11146,2,2995
tree,101,target,003a-pfcp.csv,0.4,101,11146,2,2995
tree,101,target,003a-pfcp.csv,0.45,101,11146,2,2995
tree,101,target,003a-pfcp.csv,0.5,101,11146,2,2995
tree,101,target,003a-pfcp.csv,0.55,101,11146,2,2995
tree,101,target,003a-pfcp.csv,0.6,101,11146,2,2995
tree,101,target,003a-pfcp.csv,0.65,101,11146,2,2995
tree,101,target,003a-pfcp.csv,0.7,101,11138,2,3003
tree,101,target,003a-pfcp.csv,0.75,101,11138,2,3003
tree,101,target,003a-pfcp.csv,0.8,101,10732,2,3409
tree,101,target,003a-pfcp.csv,0.85,101,10732,2,3409
tree,101,target,003a-pfcp.csv,0.9,101,10732,2,3409
tree,101,target,003a-pfcp.csv,0.95,101,10732,2,3409
tree,101,target,003a-pfcp.csv,0.975,101,10732,2,3409
tree,101,target,003a-pfcp.csv,0.99,101,10732,2,3409
tree,101,target,003a-pfcp.csv,0.995,101,10667,2,3474
tree,101,target,003a-pfcp.csv,0.999,101,10667,2,3474
tree,101,target,004-syn-flood.csv,0.05,440,12610,140,3471
tree,101,target,004-syn-flood.csv,0.1,440,12610,140,3471
tree,101,target,004-syn-flood.csv,0.15,440,12610,140,3471
tree,101,target,004-syn-flood.csv,0.2,440,12610,140,3471
tree,101,target,004-syn-flood.csv,0.25,440,12610,140,3471
tree,101,target,004-syn-flood.csv,0.3,440,12610,140,3471
tree,101,target,004-syn-flood.csv,0.35,440,12610,140,3471
tree,101,target,004-syn-flood.csv,0.4,440,12610,140,3471
tree,101,target,004-syn-flood.csv,0.45,440,12610,140,3471
tree,101,target,004-syn-flood.csv,0.5,440,12610,140,3471
tree,101,target,004-syn-flood.csv,0.55,440,12610,140,3471
tree,101,target,004-syn-flood.csv,0.6,440,12610,140,3471
tree,101,target,004-syn-flood.csv,0.65,440,12610,140,3471
tree,101,target,004-syn-flood.csv,0.7,440,12598,140,3483
tree,101,target,004-syn-flood.csv,0.75,440,12598,140,3483
tree,101,target,004-syn-flood.csv,0.8,440,12598,140,3483
tree,101,target,004-syn-flood.csv,0.85,440,12598,140,3483
tree,101,target,004-syn-flood.csv,0.9,440,12598,140,3483
tree,101,target,004-syn-flood.csv,0.95,440,12598,140,3483
tree,101,target,004-syn-flood.csv,0.975,440,12598,140,3483
tree,101,target,004-syn-flood.csv,0.99,440,12598,140,3483
tree,101,target,004-syn-flood.csv,0.995,440,8272,140,7809
tree,101,target,004-syn-flood.csv,0.999,440,8272,140,7809
tree,101,target,005-icmp-flood.csv,0.05,156,6411,0,1953
tree,101,target,005-icmp-flood.csv,0.1,156,6411,0,1953
tree,101,target,005-icmp-flood.csv,0.15,156,6411,0,1953
tree,101,target,005-icmp-flood.csv,0.2,156,6411,0,1953
tree,101,target,005-icmp-flood.csv,0.25,156,6411,0,1953
tree,101,target,005-icmp-flood.csv,0.3,156,6411,0,1953
tree,101,target,005-icmp-flood.csv,0.35,156,6411,0,1953
tree,101,target,005-icmp-flood.csv,0.4,156,6411,0,1953
tree,101,target,005-icmp-flood.csv,0.45,156,6411,0,1953
tree,101,target,005-icmp-flood.csv,0.5,156,6411,0,1953
tree,101,target,005-icmp-flood.csv,0.55,156,6411,0,1953
tree,101,target,005-icmp-flood.csv,0.6,156,6411,0,1953
tree,101,target,005-icmp-flood.csv,0.65,156,6411,0,1953
tree,101,target,005-icmp-flood.csv,0.7,156,6405,0,1959
tree,101,target,005-icmp-flood.csv,0.75,156,6405,0,1959
tree,101,target,005-icmp-flood.csv,0.8,156,6405,0,1959
tree,101,target,005-icmp-flood.csv,0.85,156,6405,0,1959
tree,101,target,005-icmp-flood.csv,0.9,156,6405,0,1959
tree,101,target,005-icmp-flood.csv,0.95,156,6405,0,1959
tree,101,target,005-icmp-flood.csv,0.975,156,6405,0,1959
tree,101,target,005-icmp-flood.csv,0.99,156,6405,0,1959
tree,101,target,005-icmp-flood.csv,0.995,156,6405,0,1959
tree,101,target,005-icmp-flood.csv,0.999,156,6405,0,1959
rf,101,target,003a-pfcp.csv,0.05,101,13334,2,807
rf,101,target,003a-pfcp.csv,0.1,101,13015,2,1126
rf,101,target,003a-pfcp.csv,0.15,101,11349,2,2792
rf,101,target,003a-pfcp.csv,0.2,101,11328,2,2813
rf,101,target,003a-pfcp.csv,0.25,101,11263,2,2878
rf,101,target,003a-pfcp.csv,0.3,101,11252,2,2889
rf,101,target,003a-pfcp.csv,0.35,100,11212,3,2929
rf,101,target,003a-pfcp.csv,0.4,3,11112,100,3029
rf,101,target,003a-pfcp.csv,0.45,2,11071,101,3070
rf,101,target,003a-pfcp.csv,0.5,2,10968,101,3173
rf,101,target,003a-pfcp.csv,0.55,2,1801,101,12340
rf,101,target,003a-pfcp.csv,0.6,0,525,103,13616
rf,101,target,003a-pfcp.csv,0.65,0,513,103,13628
rf,101,target,003a-pfcp.csv,0.7,0,498,103,13643
rf,101,target,003a-pfcp.csv,0.75,0,80,103,14061
rf,101,target,003a-pfcp.csv,0.8,0,73,103,14068
rf,101,target,003a-pfcp.csv,0.85,0,73,103,14068
rf,101,target,003a-pfcp.csv,0.9,0,73,103,14068
rf,101,target,003a-pfcp.csv,0.95,0,67,103,14074
rf,101,target,003a-pfcp.csv,0.975,0,59,103,14082
rf,101,target,003a-pfcp.csv,0.99,0,59,103,14082
rf,101,target,003a-pfcp.csv,0.995,0,0,103,14141
rf,101,target,003a-pfcp.csv,0.999,0,0,103,14141
rf,101,target,004-syn-flood.csv,0.05,580,15017,0,1064
rf,101,target,004-syn-flood.csv,0.1,580,14744,0,1337
rf,101,target,004-syn-flood.csv,0.15,580,12743,0,3338
rf,101,target,004-syn-flood.csv,0.2,580,12687,0,3394
rf,101,target,004-syn-flood.csv,0.25,580,12620,0,3461
rf,101,target,004-syn-flood.csv,0.3,580,12618,0,3463
rf,101,target,004-syn-flood.csv,0.35,580,12613,0,3468
rf,101,target,004-syn-flood.csv,0.4,580,12576,0,3505
rf,101,target,004-syn-flood.csv,0.45,580,12554,0,3527
rf,101,target,004-syn-flood.csv,0.5,580,12348,0,3733
rf,101,target,004-syn-flood.csv,0.55,580,5667,0,10414
rf,101,target,004-syn-flood.csv,0.6,580,4964,0,11117
rf,101,target,004-syn-flood.csv,0.65,580,4960,0,11121
rf,101,target,004-syn-flood.csv,0.7,440,4921,140,11160
rf,101,target,004-syn-flood.csv,0.75,0,4326,580,11755
rf,101,target,004-syn-flood.csv,0.8,0,4326,580,11755
rf,101,target,004-syn-flood.csv,0.85,0,4326,580,11755
rf,101,target,004-syn-flood.csv,0.9,0,4326,580,11755
rf,101,target,004-syn-flood.csv,0.95,0,4326,580,11755
rf,101,target,004-syn-flood.csv,0.975,0,4326,580,11755
rf,101,target,004-syn-flood.csv,0.99,0,0,580,16081
rf,101,target,004-syn-flood.csv,0.995,0,0,580,16081
rf,101,target,004-syn-flood.csv,0.999,0,0,580,16081
rf,101,target,005-icmp-flood.csv,0.05,156,7594,0,770
rf,101,target,005-icmp-flood.csv,0.1,156,7426,0,938
rf,101,target,005-icmp-flood.csv,0.15,156,6416,0,1948
rf,101,target,005-icmp-flood.csv,0.2,156,6394,0,1970
rf,101,target,005-icmp-flood.csv,0.25,156,6389,0,1975
rf,101,target,005-icmp-flood.csv,0.3,156,6388,0,1976
rf,101,target,005-icmp-flood.csv,0.35,156,6387,0,1977
rf,101,target,005-icmp-flood.csv,0.4,156,6365,0,1999
rf,101,target,005-icmp-flood.csv,0.45,156,6327,0,2037
rf,101,target,005-icmp-flood.csv,0.5,0,6162,156,2202
rf,101,target,005-icmp-flood.csv,0.55,0,526,156,7838
rf,101,target,005-icmp-flood.csv,0.6,0,10,156,8354
rf,101,target,005-icmp-flood.csv,0.65,0,8,156,8356
rf,101,target,005-icmp-flood.csv,0.7,0,8,156,8356
rf,101,target,005-icmp-flood.csv,0.75,0,1,156,8363
rf,101,target,005-icmp-flood.csv,0.8,0,0,156,8364
rf,101,target,005-icmp-flood.csv,0.85,0,0,156,8364
rf,101,target,005-icmp-flood.csv,0.9,0,0,156,8364
rf,101,target,005-icmp-flood.csv,0.95,0,0,156,8364
rf,101,target,005-icmp-flood.csv,0.975,0,0,156,8364
rf,101,target,005-icmp-flood.csv,0.99,0,0,156,8364
rf,101,target,005-icmp-flood.csv,0.995,0,0,156,8364
rf,101,target,005-icmp-flood.csv,0.999,0,0,156,8364
xgboost,101,target,003a-pfcp.csv,0.05,101,11229,2,2912
xgboost,101,target,003a-pfcp.csv,0.1,101,11198,2,2943
xgboost,101,target,003a-pfcp.csv,0.15,101,11169,2,2972
xgboost,101,target,003a-pfcp.csv,0.2,101,1968,2,12173
xgboost,101,target,003a-pfcp.csv,0.25,101,1942,2,12199
xgboost,101,target,003a-pfcp.csv,0.3,101,1938,2,12203
xgboost,101,target,003a-pfcp.csv,0.35,101,1938,2,12203
xgboost,101,target,003a-pfcp.csv,0.4,93,1936,10,12205
xgboost,101,target,003a-pfcp.csv,0.45,3,1936,100,12205
xgboost,101,target,003a-pfcp.csv,0.5,3,1936,100,12205
xgboost,101,target,003a-pfcp.csv,0.55,2,1936,101,12205
xgboost,101,target,003a-pfcp.csv,0.6,2,1936,101,12205
xgboost,101,target,003a-pfcp.csv,0.65,0,634,103,13507
xgboost,101,target,003a-pfcp.csv,0.7,0,553,103,13588
xgboost,101,target,003a-pfcp.csv,0.75,0,533,103,13608
xgboost,101,target,003a-pfcp.csv,0.8,0,531,103,13610
xgboost,101,target,003a-pfcp.csv,0.85,0,523,103,13618
xgboost,101,target,003a-pfcp.csv,0.9,0,509,103,13632
xgboost,101,target,003a-pfcp.csv,0.95,0,103,103,14038
xgboost,101,target,003a-pfcp.csv,0.975,0,99,103,14042
xgboost,101,target,003a-pfcp.csv,0.99,0,84,103,14057
xgboost,101,target,003a-pfcp.csv,0.995,0,1,103,14140
xgboost,101,target,003a-pfcp.csv,0.999,0,0,103,14141
xgboost,101,target,004-syn-flood.csv,0.05,580,12619,0,3462
xgboost,101,target,004-syn-flood.csv,0.1,580,12617,0,3464
xgboost,101,target,004-syn-flood.csv,0.15,580,12615,0,3466
xgboost,101,target,004-syn-flood.csv,0.2,580,5939,0,10142
xgboost,101,target,004-syn-flood.csv,0.25,580,5912,0,10169
xgboost,101,target,004-syn-flood.csv,0.3,580,5910,0,10171
xgboost,101,target,004-syn-flood.csv,0.35,580,5909,0,10172
xgboost,101,target,004-syn-flood.csv,0.4,580,5908,0,10173
xgboost,101,target,004-syn-flood.csv,0.45,580,5866,0,10215
xgboost,101,target,004-syn-flood.csv,0.5,580,5866,0,10215
xgboost,101,target,004-syn-flood.csv,0.55,580,5862,0,10219
xgboost,101,target,004-syn-flood.csv,0.6,440,5785,140,10296
xgboost,101,target,004-syn-flood.csv,0.65,440,5081,140,11000
xgboost,101,target,004-syn-flood.csv,0.7,440,4994,140,11087
xgboost,101,target,004-syn-flood.csv,0.75,440,4955,140,11126
xgboost,101,target,004-syn-flood.csv,0.8,440,4929,140,11152
xgboost,101,target,004-syn-flood.csv,0.85,440,4916,140,11165
xgboost,101,target,004-syn-flood.csv,0.9,440,4914,140,11167
xgboost,101,target,004-syn-flood.csv,0.95,440,4914,140,11167
xgboost,101,target,004-syn-flood.csv,0.975,440,4914,140,11167
xgboost,101,target,004-syn-flood.csv,0.99,0,4326,580,11755
xgboost,101,target,004-syn-flood.csv,0.995,0,0,580,16081
xgboost,101,target,004-syn-flood.csv,0.999,0,0,580,16081
xgboost,101,target,005-icmp-flood.csv,0.05,156,6393,0,1971
xgboost,101,target,005-icmp-flood.csv,0.1,156,6391,0,1973
xgboost,101,target,005-icmp-flood.csv,0.15,156,6391,0,1973
xgboost,101,target,005-icmp-flood.csv,0.2,156,758,0,7606
xgboost,101,target,005-icmp-flood.csv,0.25,156,741,0,7623
xgboost,101,target,005-icmp-flood.csv,0.3,156,741,0,7623
xgboost,101,target,005-icmp-flood.csv,0.35,156,739,0,7625
xgboost,101,target,005-icmp-flood.csv,0.4,156,738,0,7626
xgboost,101,target,005-icmp-flood.csv,0.45,156,689,0,7675
xgboost,101,target,005-icmp-flood.csv,0.5,156,683,0,7681
xgboost,101,target,005-icmp-flood.csv,0.55,156,678,0,7686
xgboost,101,target,005-icmp-flood.csv,0.6,156,640,0,7724
xgboost,101,target,005-icmp-flood.csv,0.65,156,115,0,8249
xgboost,101,target,005-icmp-flood.csv,0.7,0,59,156,8305
xgboost,101,target,005-icmp-flood.csv,0.75,0,31,156,8333
xgboost,101,target,005-icmp-flood.csv,0.8,0,16,156,8348
xgboost,101,target,005-icmp-flood.csv,0.85,0,7,156,8357
xgboost,101,target,005-icmp-flood.csv,0.9,0,4,156,8360
xgboost,101,target,005-icmp-flood.csv,0.95,0,4,156,8360
xgboost,101,target,005-icmp-flood.csv,0.975,0,4,156,8360
xgboost,101,target,005-icmp-flood.csv,0.99,0,0,156,8364
xgboost,101,target,005-icmp-flood.csv,0.995,0,0,156,8364
xgboost,101,target,005-icmp-flood.csv,0.999,0,0,156,8364
hgb,101,target,003a-pfcp.csv,0.05,101,11123,2,3018
hgb,101,target,003a-pfcp.csv,0.1,101,11110,2,3031
hgb,101,target,003a-pfcp.csv,0.15,101,11084,2,3057
hgb,101,target,003a-pfcp.csv,0.2,98,1914,5,12227
hgb,101,target,003a-pfcp.csv,0.25,4,639,99,13502
hgb,101,target,003a-pfcp.csv,0.3,0,639,103,13502
hgb,101,target,003a-pfcp.csv,0.35,0,639,103,13502
hgb,101,target,003a-pfcp.csv,0.4,0,639,103,13502
hgb,101,target,003a-pfcp.csv,0.45,0,639,103,13502
hgb,101,target,003a-pfcp.csv,0.5,0,639,103,13502
hgb,101,target,003a-pfcp.csv,0.55,0,639,103,13502
hgb,101,target,003a-pfcp.csv,0.6,0,639,103,13502
hgb,101,target,003a-pfcp.csv,0.65,0,630,103,13511
hgb,101,target,003a-pfcp.csv,0.7,0,224,103,13917
hgb,101,target,003a-pfcp.csv,0.75,0,224,103,13917
hgb,101,target,003a-pfcp.csv,0.8,0,224,103,13917
hgb,101,target,003a-pfcp.csv,0.85,0,224,103,13917
hgb,101,target,003a-pfcp.csv,0.9,0,216,103,13925
hgb,101,target,003a-pfcp.csv,0.95,0,216,103,13925
hgb,101,target,003a-pfcp.csv,0.975,0,196,103,13945
hgb,101,target,003a-pfcp.csv,0.99,0,95,103,14046
hgb,101,target,003a-pfcp.csv,0.995,0,71,103,14070
hgb,101,target,003a-pfcp.csv,0.999,0,8,103,14133
hgb,101,target,004-syn-flood.csv,0.05,440,12605,140,3476
hgb,101,target,004-syn-flood.csv,0.1,440,12598,140,3483
hgb,101,target,004-syn-flood.csv,0.15,440,12534,140,3547
hgb,101,target,004-syn-flood.csv,0.2,440,5866,140,10215
hgb,101,target,004-syn-flood.csv,0.25,440,5163,140,10918
hgb,101,target,004-syn-flood.csv,0.3,440,5163,140,10918
hgb,101,target,004-syn-flood.csv,0.35,440,5162,140,10919
hgb,101,target,004-syn-flood.csv,0.4,440,5162,140,10919
hgb,101,target,004-syn-flood.csv,0.45,440,5162,140,10919
hgb,101,target,004-syn-flood.csv,0.5,440,5162,140,10919
hgb,101,target,004-syn-flood.csv,0.55,440,5120,140,10961
hgb,101,target,004-syn-flood.csv,0.6,440,5120,140,10961
hgb,101,target,004-syn-flood.csv,0.65,440,5108,140,10973
hgb,101,target,004-syn-flood.csv,0.7,0,4489,580,11592
hgb,101,target,004-syn-flood.csv,0.75,0,4489,580,11592
hgb,101,target,004-syn-flood.csv,0.8,0,4489,580,11592
hgb,101,target,004-syn-flood.csv,0.85,0,4489,580,11592
hgb,101,target,004-syn-flood.csv,0.9,0,4478,580,11603
hgb,101,target,004-syn-flood.csv,0.95,0,4477,580,11604
hgb,101,target,004-syn-flood.csv,0.975,0,4471,580,11610
hgb,101,target,004-syn-flood.csv,0.99,0,4379,580,11702
hgb,101,target,004-syn-flood.csv,0.995,0,4328,580,11753
hgb,101,target,004-syn-flood.csv,0.999,0,1,580,16080
hgb,101,target,005-icmp-flood.csv,0.05,156,6367,0,1997
hgb,101,target,005-icmp-flood.csv,0.1,156,6364,0,2000
hgb,101,target,005-icmp-flood.csv,0.15,156,6363,0,2001
hgb,101,target,005-icmp-flood.csv,0.2,156,736,0,7628
hgb,101,target,005-icmp-flood.csv,0.25,156,220,0,8144
hgb,101,target,005-icmp-flood.csv,0.3,156,220,0,8144
hgb,101,target,005-icmp-flood.csv,0.35,156,220,0,8144
hgb,101,target,005-icmp-flood.csv,0.4,156,220,0,8144
hgb,101,target,005-icmp-flood.csv,0.45,156,220,0,8144
hgb,101,target,005-icmp-flood.csv,0.5,156,220,0,8144
hgb,101,target,005-icmp-flood.csv,0.55,156,173,0,8191
hgb,101,target,005-icmp-flood.csv,0.6,156,173,0,8191
hgb,101,target,005-icmp-flood.csv,0.65,156,167,0,8197
hgb,101,target,005-icmp-flood.csv,0.7,156,134,0,8230
hgb,101,target,005-icmp-flood.csv,0.75,156,134,0,8230
hgb,101,target,005-icmp-flood.csv,0.8,156,134,0,8230
hgb,101,target,005-icmp-flood.csv,0.85,156,134,0,8230
hgb,101,target,005-icmp-flood.csv,0.9,156,127,0,8237
hgb,101,target,005-icmp-flood.csv,0.95,155,125,1,8239
hgb,101,target,005-icmp-flood.csv,0.975,31,109,125,8255
hgb,101,target,005-icmp-flood.csv,0.99,0,39,156,8325
hgb,101,target,005-icmp-flood.csv,0.995,0,3,156,8361
hgb,101,target,005-icmp-flood.csv,0.999,0,1,156,8363
mlp,101,target,003a-pfcp.csv,0.05,0,852,103,13289
mlp,101,target,003a-pfcp.csv,0.1,0,803,103,13338
mlp,101,target,003a-pfcp.csv,0.15,0,781,103,13360
mlp,101,target,003a-pfcp.csv,0.2,0,746,103,13395
mlp,101,target,003a-pfcp.csv,0.25,0,736,103,13405
mlp,101,target,003a-pfcp.csv,0.3,0,733,103,13408
mlp,101,target,003a-pfcp.csv,0.35,0,730,103,13411
mlp,101,target,003a-pfcp.csv,0.4,0,704,103,13437
mlp,101,target,003a-pfcp.csv,0.45,0,704,103,13437
mlp,101,target,003a-pfcp.csv,0.5,0,702,103,13439
mlp,101,target,003a-pfcp.csv,0.55,0,697,103,13444
mlp,101,target,003a-pfcp.csv,0.6,0,694,103,13447
mlp,101,target,003a-pfcp.csv,0.65,0,689,103,13452
mlp,101,target,003a-pfcp.csv,0.7,0,274,103,13867
mlp,101,target,003a-pfcp.csv,0.75,0,272,103,13869
mlp,101,target,003a-pfcp.csv,0.8,0,270,103,13871
mlp,101,target,003a-pfcp.csv,0.85,0,270,103,13871
mlp,101,target,003a-pfcp.csv,0.9,0,267,103,13874
mlp,101,target,003a-pfcp.csv,0.95,0,248,103,13893
mlp,101,target,003a-pfcp.csv,0.975,0,247,103,13894
mlp,101,target,003a-pfcp.csv,0.99,0,214,103,13927
mlp,101,target,003a-pfcp.csv,0.995,0,214,103,13927
mlp,101,target,003a-pfcp.csv,0.999,0,210,103,13931
mlp,101,target,004-syn-flood.csv,0.05,580,5315,0,10766
mlp,101,target,004-syn-flood.csv,0.1,580,5268,0,10813
mlp,101,target,004-syn-flood.csv,0.15,580,5264,0,10817
mlp,101,target,004-syn-flood.csv,0.2,580,5257,0,10824
mlp,101,target,004-syn-flood.csv,0.25,580,5254,0,10827
mlp,101,target,004-syn-flood.csv,0.3,580,5251,0,10830
mlp,101,target,004-syn-flood.csv,0.35,580,5248,0,10833
mlp,101,target,004-syn-flood.csv,0.4,580,5246,0,10835
mlp,101,target,004-syn-flood.csv,0.45,580,5238,0,10843
mlp,101,target,004-syn-flood.csv,0.5,580,5233,0,10848
mlp,101,target,004-syn-flood.csv,0.55,580,5224,0,10857
mlp,101,target,004-syn-flood.csv,0.6,580,5197,0,10884
mlp,101,target,004-syn-flood.csv,0.65,580,5182,0,10899
mlp,101,target,004-syn-flood.csv,0.7,580,5157,0,10924
mlp,101,target,004-syn-flood.csv,0.75,580,5144,0,10937
mlp,101,target,004-syn-flood.csv,0.8,580,5144,0,10937
mlp,101,target,004-syn-flood.csv,0.85,580,5144,0,10937
mlp,101,target,004-syn-flood.csv,0.9,580,5144,0,10937
mlp,101,target,004-syn-flood.csv,0.95,580,5131,0,10950
mlp,101,target,004-syn-flood.csv,0.975,0,4511,580,11570
mlp,101,target,004-syn-flood.csv,0.99,0,4477,580,11604
mlp,101,target,004-syn-flood.csv,0.995,0,4477,580,11604
mlp,101,target,004-syn-flood.csv,0.999,0,4473,580,11608
mlp,101,target,005-icmp-flood.csv,0.05,156,285,0,8079
mlp,101,target,005-icmp-flood.csv,0.1,156,259,0,8105
mlp,101,target,005-icmp-flood.csv,0.15,156,250,0,8114
mlp,101,target,005-icmp-flood.csv,0.2,156,247,0,8117
mlp,101,target,005-icmp-flood.csv,0.25,156,243,0,8121
mlp,101,target,005-icmp-flood.csv,0.3,156,231,0,8133
mlp,101,target,005-icmp-flood.csv,0.35,156,224,0,8140
mlp,101,target,005-icmp-flood.csv,0.4,156,222,0,8142
mlp,101,target,005-icmp-flood.csv,0.45,156,218,0,8146
mlp,101,target,005-icmp-flood.csv,0.5,156,214,0,8150
mlp,101,target,005-icmp-flood.csv,0.55,156,202,0,8162
mlp,101,target,005-icmp-flood.csv,0.6,156,192,0,8172
mlp,101,target,005-icmp-flood.csv,0.65,156,183,0,8181
mlp,101,target,005-icmp-flood.csv,0.7,156,164,0,8200
mlp,101,target,005-icmp-flood.csv,0.75,156,153,0,8211
mlp,101,target,005-icmp-flood.csv,0.8,156,153,0,8211
mlp,101,target,005-icmp-flood.csv,0.85,156,153,0,8211
mlp,101,target,005-icmp-flood.csv,0.9,156,152,0,8212
mlp,101,target,005-icmp-flood.csv,0.95,156,146,0,8218
mlp,101,target,005-icmp-flood.csv,0.975,156,146,0,8218
mlp,101,target,005-icmp-flood.csv,0.99,156,124,0,8240
mlp,101,target,005-icmp-flood.csv,0.995,156,124,0,8240
mlp,101,target,005-icmp-flood.csv,0.999,156,122,0,8242
majority,102,target,003a-pfcp.csv,0.05,103,14141,0,0
majority,102,target,003a-pfcp.csv,0.1,103,14141,0,0
majority,102,target,003a-pfcp.csv,0.15,103,14141,0,0
majority,102,target,003a-pfcp.csv,0.2,103,14141,0,0
majority,102,target,003a-pfcp.csv,0.25,103,14141,0,0
majority,102,target,003a-pfcp.csv,0.3,103,14141,0,0
majority,102,target,003a-pfcp.csv,0.35,103,14141,0,0
majority,102,target,003a-pfcp.csv,0.4,103,14141,0,0
majority,102,target,003a-pfcp.csv,0.45,103,14141,0,0
majority,102,target,003a-pfcp.csv,0.5,103,14141,0,0
majority,102,target,003a-pfcp.csv,0.55,103,14141,0,0
majority,102,target,003a-pfcp.csv,0.6,103,14141,0,0
majority,102,target,003a-pfcp.csv,0.65,103,14141,0,0
majority,102,target,003a-pfcp.csv,0.7,103,14141,0,0
majority,102,target,003a-pfcp.csv,0.75,103,14141,0,0
majority,102,target,003a-pfcp.csv,0.8,103,14141,0,0
majority,102,target,003a-pfcp.csv,0.85,103,14141,0,0
majority,102,target,003a-pfcp.csv,0.9,103,14141,0,0
majority,102,target,003a-pfcp.csv,0.95,103,14141,0,0
majority,102,target,003a-pfcp.csv,0.975,103,14141,0,0
majority,102,target,003a-pfcp.csv,0.99,103,14141,0,0
majority,102,target,003a-pfcp.csv,0.995,103,14141,0,0
majority,102,target,003a-pfcp.csv,0.999,103,14141,0,0
majority,102,target,004-syn-flood.csv,0.05,580,16081,0,0
majority,102,target,004-syn-flood.csv,0.1,580,16081,0,0
majority,102,target,004-syn-flood.csv,0.15,580,16081,0,0
majority,102,target,004-syn-flood.csv,0.2,580,16081,0,0
majority,102,target,004-syn-flood.csv,0.25,580,16081,0,0
majority,102,target,004-syn-flood.csv,0.3,580,16081,0,0
majority,102,target,004-syn-flood.csv,0.35,580,16081,0,0
majority,102,target,004-syn-flood.csv,0.4,580,16081,0,0
majority,102,target,004-syn-flood.csv,0.45,580,16081,0,0
majority,102,target,004-syn-flood.csv,0.5,580,16081,0,0
majority,102,target,004-syn-flood.csv,0.55,580,16081,0,0
majority,102,target,004-syn-flood.csv,0.6,580,16081,0,0
majority,102,target,004-syn-flood.csv,0.65,580,16081,0,0
majority,102,target,004-syn-flood.csv,0.7,580,16081,0,0
majority,102,target,004-syn-flood.csv,0.75,580,16081,0,0
majority,102,target,004-syn-flood.csv,0.8,580,16081,0,0
majority,102,target,004-syn-flood.csv,0.85,580,16081,0,0
majority,102,target,004-syn-flood.csv,0.9,580,16081,0,0
majority,102,target,004-syn-flood.csv,0.95,580,16081,0,0
majority,102,target,004-syn-flood.csv,0.975,580,16081,0,0
majority,102,target,004-syn-flood.csv,0.99,580,16081,0,0
majority,102,target,004-syn-flood.csv,0.995,580,16081,0,0
majority,102,target,004-syn-flood.csv,0.999,580,16081,0,0
majority,102,target,005-icmp-flood.csv,0.05,156,8364,0,0
majority,102,target,005-icmp-flood.csv,0.1,156,8364,0,0
majority,102,target,005-icmp-flood.csv,0.15,156,8364,0,0
majority,102,target,005-icmp-flood.csv,0.2,156,8364,0,0
majority,102,target,005-icmp-flood.csv,0.25,156,8364,0,0
majority,102,target,005-icmp-flood.csv,0.3,156,8364,0,0
majority,102,target,005-icmp-flood.csv,0.35,156,8364,0,0
majority,102,target,005-icmp-flood.csv,0.4,156,8364,0,0
majority,102,target,005-icmp-flood.csv,0.45,156,8364,0,0
majority,102,target,005-icmp-flood.csv,0.5,156,8364,0,0
majority,102,target,005-icmp-flood.csv,0.55,156,8364,0,0
majority,102,target,005-icmp-flood.csv,0.6,156,8364,0,0
majority,102,target,005-icmp-flood.csv,0.65,156,8364,0,0
majority,102,target,005-icmp-flood.csv,0.7,156,8364,0,0
majority,102,target,005-icmp-flood.csv,0.75,156,8364,0,0
majority,102,target,005-icmp-flood.csv,0.8,156,8364,0,0
majority,102,target,005-icmp-flood.csv,0.85,156,8364,0,0
majority,102,target,005-icmp-flood.csv,0.9,156,8364,0,0
majority,102,target,005-icmp-flood.csv,0.95,156,8364,0,0
majority,102,target,005-icmp-flood.csv,0.975,156,8364,0,0
majority,102,target,005-icmp-flood.csv,0.99,156,8364,0,0
majority,102,target,005-icmp-flood.csv,0.995,156,8364,0,0
majority,102,target,005-icmp-flood.csv,0.999,156,8364,0,0
stratified,102,target,003a-pfcp.csv,0.05,59,8528,44,5613
stratified,102,target,003a-pfcp.csv,0.1,59,8528,44,5613
stratified,102,target,003a-pfcp.csv,0.15,59,8528,44,5613
stratified,102,target,003a-pfcp.csv,0.2,59,8528,44,5613
stratified,102,target,003a-pfcp.csv,0.25,59,8528,44,5613
stratified,102,target,003a-pfcp.csv,0.3,59,8528,44,5613
stratified,102,target,003a-pfcp.csv,0.35,59,8528,44,5613
stratified,102,target,003a-pfcp.csv,0.4,59,8528,44,5613
stratified,102,target,003a-pfcp.csv,0.45,59,8528,44,5613
stratified,102,target,003a-pfcp.csv,0.5,59,8528,44,5613
stratified,102,target,003a-pfcp.csv,0.55,59,8528,44,5613
stratified,102,target,003a-pfcp.csv,0.6,59,8528,44,5613
stratified,102,target,003a-pfcp.csv,0.65,59,8528,44,5613
stratified,102,target,003a-pfcp.csv,0.7,59,8528,44,5613
stratified,102,target,003a-pfcp.csv,0.75,59,8528,44,5613
stratified,102,target,003a-pfcp.csv,0.8,59,8528,44,5613
stratified,102,target,003a-pfcp.csv,0.85,59,8528,44,5613
stratified,102,target,003a-pfcp.csv,0.9,59,8528,44,5613
stratified,102,target,003a-pfcp.csv,0.95,59,8528,44,5613
stratified,102,target,003a-pfcp.csv,0.975,59,8528,44,5613
stratified,102,target,003a-pfcp.csv,0.99,59,8528,44,5613
stratified,102,target,003a-pfcp.csv,0.995,59,8528,44,5613
stratified,102,target,003a-pfcp.csv,0.999,59,8528,44,5613
stratified,102,target,004-syn-flood.csv,0.05,338,9771,242,6310
stratified,102,target,004-syn-flood.csv,0.1,338,9771,242,6310
stratified,102,target,004-syn-flood.csv,0.15,338,9771,242,6310
stratified,102,target,004-syn-flood.csv,0.2,338,9771,242,6310
stratified,102,target,004-syn-flood.csv,0.25,338,9771,242,6310
stratified,102,target,004-syn-flood.csv,0.3,338,9771,242,6310
stratified,102,target,004-syn-flood.csv,0.35,338,9771,242,6310
stratified,102,target,004-syn-flood.csv,0.4,338,9771,242,6310
stratified,102,target,004-syn-flood.csv,0.45,338,9771,242,6310
stratified,102,target,004-syn-flood.csv,0.5,338,9771,242,6310
stratified,102,target,004-syn-flood.csv,0.55,338,9771,242,6310
stratified,102,target,004-syn-flood.csv,0.6,338,9771,242,6310
stratified,102,target,004-syn-flood.csv,0.65,338,9771,242,6310
stratified,102,target,004-syn-flood.csv,0.7,338,9771,242,6310
stratified,102,target,004-syn-flood.csv,0.75,338,9771,242,6310
stratified,102,target,004-syn-flood.csv,0.8,338,9771,242,6310
stratified,102,target,004-syn-flood.csv,0.85,338,9771,242,6310
stratified,102,target,004-syn-flood.csv,0.9,338,9771,242,6310
stratified,102,target,004-syn-flood.csv,0.95,338,9771,242,6310
stratified,102,target,004-syn-flood.csv,0.975,338,9771,242,6310
stratified,102,target,004-syn-flood.csv,0.99,338,9771,242,6310
stratified,102,target,004-syn-flood.csv,0.995,338,9771,242,6310
stratified,102,target,004-syn-flood.csv,0.999,338,9771,242,6310
stratified,102,target,005-icmp-flood.csv,0.05,84,5095,72,3269
stratified,102,target,005-icmp-flood.csv,0.1,84,5095,72,3269
stratified,102,target,005-icmp-flood.csv,0.15,84,5095,72,3269
stratified,102,target,005-icmp-flood.csv,0.2,84,5095,72,3269
stratified,102,target,005-icmp-flood.csv,0.25,84,5095,72,3269
stratified,102,target,005-icmp-flood.csv,0.3,84,5095,72,3269
stratified,102,target,005-icmp-flood.csv,0.35,84,5095,72,3269
stratified,102,target,005-icmp-flood.csv,0.4,84,5095,72,3269
stratified,102,target,005-icmp-flood.csv,0.45,84,5095,72,3269
stratified,102,target,005-icmp-flood.csv,0.5,84,5095,72,3269
stratified,102,target,005-icmp-flood.csv,0.55,84,5095,72,3269
stratified,102,target,005-icmp-flood.csv,0.6,84,5095,72,3269
stratified,102,target,005-icmp-flood.csv,0.65,84,5095,72,3269
stratified,102,target,005-icmp-flood.csv,0.7,84,5095,72,3269
stratified,102,target,005-icmp-flood.csv,0.75,84,5095,72,3269
stratified,102,target,005-icmp-flood.csv,0.8,84,5095,72,3269
stratified,102,target,005-icmp-flood.csv,0.85,84,5095,72,3269
stratified,102,target,005-icmp-flood.csv,0.9,84,5095,72,3269
stratified,102,target,005-icmp-flood.csv,0.95,84,5095,72,3269
stratified,102,target,005-icmp-flood.csv,0.975,84,5095,72,3269
stratified,102,target,005-icmp-flood.csv,0.99,84,5095,72,3269
stratified,102,target,005-icmp-flood.csv,0.995,84,5095,72,3269
stratified,102,target,005-icmp-flood.csv,0.999,84,5095,72,3269
logreg,102,target,003a-pfcp.csv,0.05,2,12060,101,2081
logreg,102,target,003a-pfcp.csv,0.1,2,11785,101,2356
logreg,102,target,003a-pfcp.csv,0.15,2,11621,101,2520
logreg,102,target,003a-pfcp.csv,0.2,2,11461,101,2680
logreg,102,target,003a-pfcp.csv,0.25,2,11357,101,2784
logreg,102,target,003a-pfcp.csv,0.3,2,11282,101,2859
logreg,102,target,003a-pfcp.csv,0.35,2,11222,101,2919
logreg,102,target,003a-pfcp.csv,0.4,2,11189,101,2952
logreg,102,target,003a-pfcp.csv,0.45,2,11150,101,2991
logreg,102,target,003a-pfcp.csv,0.5,2,11137,101,3004
logreg,102,target,003a-pfcp.csv,0.55,2,11135,101,3006
logreg,102,target,003a-pfcp.csv,0.6,2,671,101,13470
logreg,102,target,003a-pfcp.csv,0.65,0,664,103,13477
logreg,102,target,003a-pfcp.csv,0.7,0,664,103,13477
logreg,102,target,003a-pfcp.csv,0.75,0,258,103,13883
logreg,102,target,003a-pfcp.csv,0.8,0,256,103,13885
logreg,102,target,003a-pfcp.csv,0.85,0,244,103,13897
logreg,102,target,003a-pfcp.csv,0.9,0,242,103,13899
logreg,102,target,003a-pfcp.csv,0.95,0,238,103,13903
logreg,102,target,003a-pfcp.csv,0.975,0,238,103,13903
logreg,102,target,003a-pfcp.csv,0.99,0,179,103,13962
logreg,102,target,003a-pfcp.csv,0.995,0,172,103,13969
logreg,102,target,003a-pfcp.csv,0.999,0,11,103,14130
logreg,102,target,004-syn-flood.csv,0.05,580,13528,0,2553
logreg,102,target,004-syn-flood.csv,0.1,580,13420,0,2661
logreg,102,target,004-syn-flood.csv,0.15,580,13307,0,2774
logreg,102,target,004-syn-flood.csv,0.2,580,13133,0,2948
logreg,102,target,004-syn-flood.csv,0.25,580,13015,0,3066
logreg,102,target,004-syn-flood.csv,0.3,580,12937,0,3144
logreg,102,target,004-syn-flood.csv,0.35,580,12862,0,3219
logreg,102,target,004-syn-flood.csv,0.4,580,12798,0,3283
logreg,102,target,004-syn-flood.csv,0.45,580,12727,0,3354
logreg,102,target,004-syn-flood.csv,0.5,580,12726,0,3355
logreg,102,target,004-syn-flood.csv,0.55,580,12716,0,3365
logreg,102,target,004-syn-flood.csv,0.6,580,5335,0,10746
logreg,102,target,004-syn-flood.csv,0.65,580,5330,0,10751
logreg,102,target,004-syn-flood.csv,0.7,580,5325,0,10756
logreg,102,target,004-syn-flood.csv,0.75,580,5322,0,10759
logreg,102,target,004-syn-flood.csv,0.8,580,5321,0,10760
logreg,102,target,004-syn-flood.csv,0.85,580,5306,0,10775
logreg,102,target,004-syn-flood.csv,0.9,580,5304,0,10777
logreg,102,target,004-syn-flood.csv,0.95,580,5233,0,10848
logreg,102,target,004-syn-flood.csv,0.975,580,5218,0,10863
logreg,102,target,004-syn-flood.csv,0.99,580,5218,0,10863
logreg,102,target,004-syn-flood.csv,0.995,580,891,0,15190
logreg,102,target,004-syn-flood.csv,0.999,0,0,580,16081
logreg,102,target,005-icmp-flood.csv,0.05,156,7101,0,1263
logreg,102,target,005-icmp-flood.csv,0.1,156,7055,0,1309
logreg,102,target,005-icmp-flood.csv,0.15,156,6963,0,1401
logreg,102,target,005-icmp-flood.csv,0.2,156,6788,0,1576
logreg,102,target,005-icmp-flood.csv,0.25,52,6657,104,1707
logreg,102,target,005-icmp-flood.csv,0.3,0,6544,156,1820
logreg,102,target,005-icmp-flood.csv,0.35,0,6462,156,1902
logreg,102,target,005-icmp-flood.csv,0.4,0,6410,156,1954
logreg,102,target,005-icmp-flood.csv,0.45,0,6381,156,1983
logreg,102,target,005-icmp-flood.csv,0.5,0,6379,156,1985
logreg,102,target,005-icmp-flood.csv,0.55,0,6377,156,1987
logreg,102,target,005-icmp-flood.csv,0.6,0,232,156,8132
logreg,102,target,005-icmp-flood.csv,0.65,0,224,156,8140
logreg,102,target,005-icmp-flood.csv,0.7,0,221,156,8143
logreg,102,target,005-icmp-flood.csv,0.75,0,219,156,8145
logreg,102,target,005-icmp-flood.csv,0.8,0,219,156,8145
logreg,102,target,005-icmp-flood.csv,0.85,0,210,156,8154
logreg,102,target,005-icmp-flood.csv,0.9,0,208,156,8156
logreg,102,target,005-icmp-flood.csv,0.95,0,205,156,8159
logreg,102,target,005-icmp-flood.csv,0.975,0,201,156,8163
logreg,102,target,005-icmp-flood.csv,0.99,0,200,156,8164
logreg,102,target,005-icmp-flood.csv,0.995,0,200,156,8164
logreg,102,target,005-icmp-flood.csv,0.999,0,0,156,8364
tree,102,target,003a-pfcp.csv,0.05,101,11034,2,3107
tree,102,target,003a-pfcp.csv,0.1,101,11034,2,3107
tree,102,target,003a-pfcp.csv,0.15,101,11034,2,3107
tree,102,target,003a-pfcp.csv,0.2,101,11034,2,3107
tree,102,target,003a-pfcp.csv,0.25,101,11034,2,3107
tree,102,target,003a-pfcp.csv,0.3,101,11034,2,3107
tree,102,target,003a-pfcp.csv,0.35,101,11034,2,3107
tree,102,target,003a-pfcp.csv,0.4,101,11034,2,3107
tree,102,target,003a-pfcp.csv,0.45,101,11034,2,3107
tree,102,target,003a-pfcp.csv,0.5,101,11034,2,3107
tree,102,target,003a-pfcp.csv,0.55,101,11019,2,3122
tree,102,target,003a-pfcp.csv,0.6,101,11019,2,3122
tree,102,target,003a-pfcp.csv,0.65,101,11019,2,3122
tree,102,target,003a-pfcp.csv,0.7,101,11019,2,3122
tree,102,target,003a-pfcp.csv,0.75,101,11019,2,3122
tree,102,target,003a-pfcp.csv,0.8,101,10587,2,3554
tree,102,target,003a-pfcp.csv,0.85,101,10587,2,3554
tree,102,target,003a-pfcp.csv,0.9,101,10587,2,3554
tree,102,target,003a-pfcp.csv,0.95,101,10585,2,3556
tree,102,target,003a-pfcp.csv,0.975,101,10585,2,3556
tree,102,target,003a-pfcp.csv,0.99,101,10585,2,3556
tree,102,target,003a-pfcp.csv,0.995,101,10520,2,3621
tree,102,target,003a-pfcp.csv,0.999,101,10520,2,3621
tree,102,target,004-syn-flood.csv,0.05,440,12340,140,3741
tree,102,target,004-syn-flood.csv,0.1,440,12340,140,3741
tree,102,target,004-syn-flood.csv,0.15,440,12340,140,3741
tree,102,target,004-syn-flood.csv,0.2,440,12340,140,3741
tree,102,target,004-syn-flood.csv,0.25,440,12340,140,3741
tree,102,target,004-syn-flood.csv,0.3,440,12340,140,3741
tree,102,target,004-syn-flood.csv,0.35,440,12340,140,3741
tree,102,target,004-syn-flood.csv,0.4,440,12340,140,3741
tree,102,target,004-syn-flood.csv,0.45,440,12340,140,3741
tree,102,target,004-syn-flood.csv,0.5,440,12340,140,3741
tree,102,target,004-syn-flood.csv,0.55,440,12328,140,3753
tree,102,target,004-syn-flood.csv,0.6,440,12328,140,3753
tree,102,target,004-syn-flood.csv,0.65,440,12328,140,3753
tree,102,target,004-syn-flood.csv,0.7,440,12328,140,3753
tree,102,target,004-syn-flood.csv,0.75,440,12328,140,3753
tree,102,target,004-syn-flood.csv,0.8,440,12328,140,3753
tree,102,target,004-syn-flood.csv,0.85,440,12328,140,3753
tree,102,target,004-syn-flood.csv,0.9,440,12328,140,3753
tree,102,target,004-syn-flood.csv,0.95,440,12328,140,3753
tree,102,target,004-syn-flood.csv,0.975,440,12328,140,3753
tree,102,target,004-syn-flood.csv,0.99,440,12328,140,3753
tree,102,target,004-syn-flood.csv,0.995,440,8002,140,8079
tree,102,target,004-syn-flood.csv,0.999,440,8002,140,8079
tree,102,target,005-icmp-flood.csv,0.05,156,6212,0,2152
tree,102,target,005-icmp-flood.csv,0.1,156,6212,0,2152
tree,102,target,005-icmp-flood.csv,0.15,156,6212,0,2152
tree,102,target,005-icmp-flood.csv,0.2,156,6212,0,2152
tree,102,target,005-icmp-flood.csv,0.25,156,6212,0,2152
tree,102,target,005-icmp-flood.csv,0.3,156,6212,0,2152
tree,102,target,005-icmp-flood.csv,0.35,156,6212,0,2152
tree,102,target,005-icmp-flood.csv,0.4,156,6212,0,2152
tree,102,target,005-icmp-flood.csv,0.45,156,6212,0,2152
tree,102,target,005-icmp-flood.csv,0.5,156,6212,0,2152
tree,102,target,005-icmp-flood.csv,0.55,156,6206,0,2158
tree,102,target,005-icmp-flood.csv,0.6,156,6206,0,2158
tree,102,target,005-icmp-flood.csv,0.65,156,6206,0,2158
tree,102,target,005-icmp-flood.csv,0.7,156,6206,0,2158
tree,102,target,005-icmp-flood.csv,0.75,156,6206,0,2158
tree,102,target,005-icmp-flood.csv,0.8,156,6206,0,2158
tree,102,target,005-icmp-flood.csv,0.85,156,6206,0,2158
tree,102,target,005-icmp-flood.csv,0.9,156,6206,0,2158
tree,102,target,005-icmp-flood.csv,0.95,156,6206,0,2158
tree,102,target,005-icmp-flood.csv,0.975,156,6206,0,2158
tree,102,target,005-icmp-flood.csv,0.99,156,6206,0,2158
tree,102,target,005-icmp-flood.csv,0.995,156,6206,0,2158
tree,102,target,005-icmp-flood.csv,0.999,156,6206,0,2158
rf,102,target,003a-pfcp.csv,0.05,101,13298,2,843
rf,102,target,003a-pfcp.csv,0.1,101,12787,2,1354
rf,102,target,003a-pfcp.csv,0.15,101,11387,2,2754
rf,102,target,003a-pfcp.csv,0.2,101,11302,2,2839
rf,102,target,003a-pfcp.csv,0.25,101,11288,2,2853
rf,102,target,003a-pfcp.csv,0.3,101,11228,2,2913
rf,102,target,003a-pfcp.csv,0.35,100,11158,3,2983
rf,102,target,003a-pfcp.csv,0.4,62,11088,41,3053
rf,102,target,003a-pfcp.csv,0.45,3,11071,100,3070
rf,102,target,003a-pfcp.csv,0.5,2,11071,101,3070
rf,102,target,003a-pfcp.csv,0.55,2,519,101,13622
rf,102,target,003a-pfcp.csv,0.6,0,516,103,13625
rf,102,target,003a-pfcp.csv,0.65,0,514,103,13627
rf,102,target,003a-pfcp.csv,0.7,0,499,103,13642
rf,102,target,003a-pfcp.csv,0.75,0,77,103,14064
rf,102,target,003a-pfcp.csv,0.8,0,76,103,14065
rf,102,target,003a-pfcp.csv,0.85,0,73,103,14068
rf,102,target,003a-pfcp.csv,0.9,0,73,103,14068
rf,102,target,003a-pfcp.csv,0.95,0,67,103,14074
rf,102,target,003a-pfcp.csv,0.975,0,59,103,14082
rf,102,target,003a-pfcp.csv,0.99,0,59,103,14082
rf,102,target,003a-pfcp.csv,0.995,0,0,103,14141
rf,102,target,003a-pfcp.csv,0.999,0,0,103,14141
rf,102,target,004-syn-flood.csv,0.05,580,15054,0,1027
rf,102,target,004-syn-flood.csv,0.1,580,14496,0,1585
rf,102,target,004-syn-flood.csv,0.15,580,12998,0,3083
rf,102,target,004-syn-flood.csv,0.2,580,12794,0,3287
rf,102,target,004-syn-flood.csv,0.25,580,12617,0,3464
rf,102,target,004-syn-flood.csv,0.3,580,12614,0,3467
rf,102,target,004-syn-flood.csv,0.35,580,12612,0,3469
rf,102,target,004-syn-flood.csv,0.4,580,12576,0,3505
rf,102,target,004-syn-flood.csv,0.45,580,12482,0,3599
rf,102,target,004-syn-flood.csv,0.5,580,12480,0,3601
rf,102,target,004-syn-flood.csv,0.55,580,4965,0,11116
rf,102,target,004-syn-flood.csv,0.6,580,4964,0,11117
rf,102,target,004-syn-flood.csv,0.65,580,4960,0,11121
rf,102,target,004-syn-flood.csv,0.7,580,4960,0,11121
rf,102,target,004-syn-flood.csv,0.75,440,4908,140,11173
rf,102,target,004-syn-flood.csv,0.8,0,4327,580,11754
rf,102,target,004-syn-flood.csv,0.85,0,4327,580,11754
rf,102,target,004-syn-flood.csv,0.9,0,4326,580,11755
rf,102,target,004-syn-flood.csv,0.95,0,4326,580,11755
rf,102,target,004-syn-flood.csv,0.975,0,4326,580,11755
rf,102,target,004-syn-flood.csv,0.99,0,0,580,16081
rf,102,target,004-syn-flood.csv,0.995,0,0,580,16081
rf,102,target,004-syn-flood.csv,0.999,0,0,580,16081
rf,102,target,005-icmp-flood.csv,0.05,156,7622,0,742
rf,102,target,005-icmp-flood.csv,0.1,156,7293,0,1071
rf,102,target,005-icmp-flood.csv,0.15,156,6434,0,1930
rf,102,target,005-icmp-flood.csv,0.2,156,6391,0,1973
rf,102,target,005-icmp-flood.csv,0.25,156,6389,0,1975
rf,102,target,005-icmp-flood.csv,0.3,156,6387,0,1977
rf,102,target,005-icmp-flood.csv,0.35,156,6386,0,1978
rf,102,target,005-icmp-flood.csv,0.4,156,6363,0,2001
rf,102,target,005-icmp-flood.csv,0.45,156,6276,0,2088
rf,102,target,005-icmp-flood.csv,0.5,0,6245,156,2119
rf,102,target,005-icmp-flood.csv,0.55,0,10,156,8354
rf,102,target,005-icmp-flood.csv,0.6,0,10,156,8354
rf,102,target,005-icmp-flood.csv,0.65,0,8,156,8356
rf,102,target,005-icmp-flood.csv,0.7,0,8,156,8356
rf,102,target,005-icmp-flood.csv,0.75,0,2,156,8362
rf,102,target,005-icmp-flood.csv,0.8,0,2,156,8362
rf,102,target,005-icmp-flood.csv,0.85,0,0,156,8364
rf,102,target,005-icmp-flood.csv,0.9,0,0,156,8364
rf,102,target,005-icmp-flood.csv,0.95,0,0,156,8364
rf,102,target,005-icmp-flood.csv,0.975,0,0,156,8364
rf,102,target,005-icmp-flood.csv,0.99,0,0,156,8364
rf,102,target,005-icmp-flood.csv,0.995,0,0,156,8364
rf,102,target,005-icmp-flood.csv,0.999,0,0,156,8364
xgboost,102,target,003a-pfcp.csv,0.05,101,11268,2,2873
xgboost,102,target,003a-pfcp.csv,0.1,101,11163,2,2978
xgboost,102,target,003a-pfcp.csv,0.15,101,11160,2,2981
xgboost,102,target,003a-pfcp.csv,0.2,101,11160,2,2981
xgboost,102,target,003a-pfcp.csv,0.25,101,11124,2,3017
xgboost,102,target,003a-pfcp.csv,0.3,101,11119,2,3022
xgboost,102,target,003a-pfcp.csv,0.35,101,11119,2,3022
xgboost,102,target,003a-pfcp.csv,0.4,101,11111,2,3030
xgboost,102,target,003a-pfcp.csv,0.45,101,11111,2,3030
xgboost,102,target,003a-pfcp.csv,0.5,101,11110,2,3031
xgboost,102,target,003a-pfcp.csv,0.55,101,11110,2,3031
xgboost,102,target,003a-pfcp.csv,0.6,101,11110,2,3031
xgboost,102,target,003a-pfcp.csv,0.65,101,11099,2,3042
xgboost,102,target,003a-pfcp.csv,0.7,101,11080,2,3061
xgboost,102,target,003a-pfcp.csv,0.75,101,10999,2,3142
xgboost,102,target,003a-pfcp.csv,0.8,101,561,2,13580
xgboost,102,target,003a-pfcp.csv,0.85,100,561,3,13580
xgboost,102,target,003a-pfcp.csv,0.9,2,560,101,13581
xgboost,102,target,003a-pfcp.csv,0.95,0,111,103,14030
xgboost,102,target,003a-pfcp.csv,0.975,0,103,103,14038
xgboost,102,target,003a-pfcp.csv,0.99,0,85,103,14056
xgboost,102,target,003a-pfcp.csv,0.995,0,74,103,14067
xgboost,102,target,003a-pfcp.csv,0.999,0,0,103,14141
xgboost,102,target,004-syn-flood.csv,0.05,580,12827,0,3254
xgboost,102,target,004-syn-flood.csv,0.1,580,12615,0,3466
xgboost,102,target,004-syn-flood.csv,0.15,580,12611,0,3470
xgboost,102,target,004-syn-flood.csv,0.2,580,12611,0,3470
xgboost,102,target,004-syn-flood.csv,0.25,580,12576,0,3505
xgboost,102,target,004-syn-flood.csv,0.3,580,12576,0,3505
xgboost,102,target,004-syn-flood.csv,0.35,580,12534,0,3547
xgboost,102,target,004-syn-flood.csv,0.4,580,12533,0,3548
xgboost,102,target,004-syn-flood.csv,0.45,580,12529,0,3552
xgboost,102,target,004-syn-flood.csv,0.5,580,12529,0,3552
xgboost,102,target,004-syn-flood.csv,0.55,580,12491,0,3590
xgboost,102,target,004-syn-flood.csv,0.6,580,12490,0,3591
xgboost,102,target,004-syn-flood.csv,0.65,580,12490,0,3591
xgboost,102,target,004-syn-flood.csv,0.7,580,12439,0,3642
xgboost,102,target,004-syn-flood.csv,0.75,580,12352,0,3729
xgboost,102,target,004-syn-flood.csv,0.8,580,4981,0,11100
xgboost,102,target,004-syn-flood.csv,0.85,580,4981,0,11100
xgboost,102,target,004-syn-flood.csv,0.9,580,4978,0,11103
xgboost,102,target,004-syn-flood.csv,0.95,440,4927,140,11154
xgboost,102,target,004-syn-flood.csv,0.975,440,4922,140,11159
xgboost,102,target,004-syn-flood.csv,0.99,440,4908,140,11173
xgboost,102,target,004-syn-flood.csv,0.995,440,4907,140,11174
xgboost,102,target,004-syn-flood.csv,0.999,0,0,580,16081
xgboost,102,target,005-icmp-flood.csv,0.05,156,6410,0,1954
xgboost,102,target,005-icmp-flood.csv,0.1,156,6385,0,1979
xgboost,102,target,005-icmp-flood.csv,0.15,156,6385,0,1979
xgboost,102,target,005-icmp-flood.csv,0.2,156,6385,0,1979
xgboost,102,target,005-icmp-flood.csv,0.25,156,6363,0,2001
xgboost,102,target,005-icmp-flood.csv,0.3,156,6363,0,2001
xgboost,102,target,005-icmp-flood.csv,0.35,156,6316,0,2048
xgboost,102,target,005-icmp-flood.csv,0.4,156,6316,0,2048
xgboost,102,target,005-icmp-flood.csv,0.45,156,6314,0,2050
xgboost,102,target,005-icmp-flood.csv,0.5,156,6314,0,2050
xgboost,102,target,005-icmp-flood.csv,0.55,156,6281,0,2083
xgboost,102,target,005-icmp-flood.csv,0.6,156,6281,0,2083
xgboost,102,target,005-icmp-flood.csv,0.65,156,6281,0,2083
xgboost,102,target,005-icmp-flood.csv,0.7,156,6245,0,2119
xgboost,102,target,005-icmp-flood.csv,0.75,156,6195,0,2169
xgboost,102,target,005-icmp-flood.csv,0.8,156,52,0,8312
xgboost,102,target,005-icmp-flood.csv,0.85,156,52,0,8312
xgboost,102,target,005-icmp-flood.csv,0.9,0,45,156,8319
xgboost,102,target,005-icmp-flood.csv,0.95,0,12,156,8352
xgboost,102,target,005-icmp-flood.csv,0.975,0,7,156,8357
xgboost,102,target,005-icmp-flood.csv,0.99,0,0,156,8364
xgboost,102,target,005-icmp-flood.csv,0.995,0,0,156,8364
xgboost,102,target,005-icmp-flood.csv,0.999,0,0,156,8364
hgb,102,target,003a-pfcp.csv,0.05,101,11159,2,2982
hgb,102,target,003a-pfcp.csv,0.1,3,11114,100,3027
hgb,102,target,003a-pfcp.csv,0.15,3,11104,100,3037
hgb,102,target,003a-pfcp.csv,0.2,3,11104,100,3037
hgb,102,target,003a-pfcp.csv,0.25,3,11104,100,3037
hgb,102,target,003a-pfcp.csv,0.3,3,11104,100,3037
hgb,102,target,003a-pfcp.csv,0.35,3,11104,100,3037
hgb,102,target,003a-pfcp.csv,0.4,3,11104,100,3037
hgb,102,target,003a-pfcp.csv,0.45,2,11104,101,3037
hgb,102,target,003a-pfcp.csv,0.5,2,11104,101,3037
hgb,102,target,003a-pfcp.csv,0.55,2,11104,101,3037
hgb,102,target,003a-pfcp.csv,0.6,2,11104,101,3037
hgb,102,target,003a-pfcp.csv,0.65,2,10978,101,3163
hgb,102,target,003a-pfcp.csv,0.7,2,10978,101,3163
hgb,102,target,003a-pfcp.csv,0.75,2,10967,101,3174
hgb,102,target,003a-pfcp.csv,0.8,2,10967,101,3174
hgb,102,target,003a-pfcp.csv,0.85,2,10965,101,3176
hgb,102,target,003a-pfcp.csv,0.9,2,10965,101,3176
hgb,102,target,003a-pfcp.csv,0.95,2,10558,101,3583
hgb,102,target,003a-pfcp.csv,0.975,0,97,103,14044
hgb,102,target,003a-pfcp.csv,0.99,0,96,103,14045
hgb,102,target,003a-pfcp.csv,0.995,0,16,103,14125
hgb,102,target,003a-pfcp.csv,0.999,0,7,103,14134
hgb,102,target,004-syn-flood.csv,0.05,580,12642,0,3439
hgb,102,target,004-syn-flood.csv,0.1,580,12577,0,3504
hgb,102,target,004-syn-flood.csv,0.15,580,12575,0,3506
hgb,102,target,004-syn-flood.csv,0.2,580,12575,0,3506
hgb,102,target,004-syn-flood.csv,0.25,580,12575,0,3506
hgb,102,target,004-syn-flood.csv,0.3,580,12575,0,3506
hgb,102,target,004-syn-flood.csv,0.35,580,12575,0,3506
hgb,102,target,004-syn-flood.csv,0.4,580,12572,0,3509
hgb,102,target,004-syn-flood.csv,0.45,580,12572,0,3509
hgb,102,target,004-syn-flood.csv,0.5,580,12572,0,3509
hgb,102,target,004-syn-flood.csv,0.55,580,12560,0,3521
hgb,102,target,004-syn-flood.csv,0.6,580,12560,0,3521
hgb,102,target,004-syn-flood.csv,0.65,580,12433,0,3648
hgb,102,target,004-syn-flood.csv,0.7,580,12433,0,3648
hgb,102,target,004-syn-flood.csv,0.75,580,12433,0,3648
hgb,102,target,004-syn-flood.csv,0.8,440,12394,140,3687
hgb,102,target,004-syn-flood.csv,0.85,440,12352,140,3729
hgb,102,target,004-syn-flood.csv,0.9,440,12314,140,3767
hgb,102,target,004-syn-flood.csv,0.95,440,12311,140,3770
hgb,102,target,004-syn-flood.csv,0.975,440,4926,140,11155
hgb,102,target,004-syn-flood.csv,0.99,0,4345,580,11736
hgb,102,target,004-syn-flood.csv,0.995,0,6,580,16075
hgb,102,target,004-syn-flood.csv,0.999,0,1,580,16080
hgb,102,target,005-icmp-flood.csv,0.05,156,6365,0,1999
hgb,102,target,005-icmp-flood.csv,0.1,156,6363,0,2001
hgb,102,target,005-icmp-flood.csv,0.15,156,6363,0,2001
hgb,102,target,005-icmp-flood.csv,0.2,156,6363,0,2001
hgb,102,target,005-icmp-flood.csv,0.25,156,6363,0,2001
hgb,102,target,005-icmp-flood.csv,0.3,156,6363,0,2001
hgb,102,target,005-icmp-flood.csv,0.35,156,6363,0,2001
hgb,102,target,005-icmp-flood.csv,0.4,156,6363,0,2001
hgb,102,target,005-icmp-flood.csv,0.45,156,6363,0,2001
hgb,102,target,005-icmp-flood.csv,0.5,156,6362,0,2002
hgb,102,target,005-icmp-flood.csv,0.55,156,6354,0,2010
hgb,102,target,005-icmp-flood.csv,0.6,156,6344,0,2020
hgb,102,target,005-icmp-flood.csv,0.65,156,6265,0,2099
hgb,102,target,005-icmp-flood.csv,0.7,156,6265,0,2099
hgb,102,target,005-icmp-flood.csv,0.75,156,6253,0,2111
hgb,102,target,005-icmp-flood.csv,0.8,156,6252,0,2112
hgb,102,target,005-icmp-flood.csv,0.85,156,6203,0,2161
hgb,102,target,005-icmp-flood.csv,0.9,156,6170,0,2194
hgb,102,target,005-icmp-flood.csv,0.95,0,6163,156,2201
hgb,102,target,005-icmp-flood.csv,0.975,0,11,156,8353
hgb,102,target,005-icmp-flood.csv,0.99,0,11,156,8353
hgb,102,target,005-icmp-flood.csv,0.995,0,5,156,8359
hgb,102,target,005-icmp-flood.csv,0.999,0,1,156,8363
mlp,102,target,003a-pfcp.csv,0.05,0,949,103,13192
mlp,102,target,003a-pfcp.csv,0.1,0,867,103,13274
mlp,102,target,003a-pfcp.csv,0.15,0,719,103,13422
mlp,102,target,003a-pfcp.csv,0.2,0,719,103,13422
mlp,102,target,003a-pfcp.csv,0.25,0,719,103,13422
mlp,102,target,003a-pfcp.csv,0.3,0,719,103,13422
mlp,102,target,003a-pfcp.csv,0.35,0,696,103,13445
mlp,102,target,003a-pfcp.csv,0.4,0,683,103,13458
mlp,102,target,003a-pfcp.csv,0.45,0,683,103,13458
mlp,102,target,003a-pfcp.csv,0.5,0,683,103,13458
mlp,102,target,003a-pfcp.csv,0.55,0,657,103,13484
mlp,102,target,003a-pfcp.csv,0.6,0,657,103,13484
mlp,102,target,003a-pfcp.csv,0.65,0,657,103,13484
mlp,102,target,003a-pfcp.csv,0.7,0,657,103,13484
mlp,102,target,003a-pfcp.csv,0.75,0,657,103,13484
mlp,102,target,003a-pfcp.csv,0.8,0,251,103,13890
mlp,102,target,003a-pfcp.csv,0.85,0,225,103,13916
mlp,102,target,003a-pfcp.csv,0.9,0,225,103,13916
mlp,102,target,003a-pfcp.csv,0.95,0,217,103,13924
mlp,102,target,003a-pfcp.csv,0.975,0,217,103,13924
mlp,102,target,003a-pfcp.csv,0.99,0,206,103,13935
mlp,102,target,003a-pfcp.csv,0.995,0,205,103,13936
mlp,102,target,003a-pfcp.csv,0.999,0,204,103,13937
mlp,102,target,004-syn-flood.csv,0.05,580,5185,0,10896
mlp,102,target,004-syn-flood.csv,0.1,580,5183,0,10898
mlp,102,target,004-syn-flood.csv,0.15,580,5183,0,10898
mlp,102,target,004-syn-flood.csv,0.2,580,5183,0,10898
mlp,102,target,004-syn-flood.csv,0.25,580,5183,0,10898
mlp,102,target,004-syn-flood.csv,0.3,580,5182,0,10899
mlp,102,target,004-syn-flood.csv,0.35,580,5165,0,10916
mlp,102,target,004-syn-flood.csv,0.4,580,5148,0,10933
mlp,102,target,004-syn-flood.csv,0.45,580,5148,0,10933
mlp,102,target,004-syn-flood.csv,0.5,580,5148,0,10933
mlp,102,target,004-syn-flood.csv,0.55,580,5148,0,10933
mlp,102,target,004-syn-flood.csv,0.6,580,5148,0,10933
mlp,102,target,004-syn-flood.csv,0.65,580,5148,0,10933
mlp,102,target,004-syn-flood.csv,0.7,580,5148,0,10933
mlp,102,target,004-syn-flood.csv,0.75,580,5148,0,10933
mlp,102,target,004-syn-flood.csv,0.8,580,5148,0,10933
mlp,102,target,004-syn-flood.csv,0.85,580,5113,0,10968
mlp,102,target,004-syn-flood.csv,0.9,580,5112,0,10969
mlp,102,target,004-syn-flood.csv,0.95,580,5099,0,10982
mlp,102,target,004-syn-flood.csv,0.975,0,4478,580,11603
mlp,102,target,004-syn-flood.csv,0.99,0,4478,580,11603
mlp,102,target,004-syn-flood.csv,0.995,0,4478,580,11603
mlp,102,target,004-syn-flood.csv,0.999,0,4477,580,11604
mlp,102,target,005-icmp-flood.csv,0.05,156,178,0,8186
mlp,102,target,005-icmp-flood.csv,0.1,156,178,0,8186
mlp,102,target,005-icmp-flood.csv,0.15,156,178,0,8186
mlp,102,target,005-icmp-flood.csv,0.2,156,178,0,8186
mlp,102,target,005-icmp-flood.csv,0.25,156,178,0,8186
mlp,102,target,005-icmp-flood.csv,0.3,156,178,0,8186
mlp,102,target,005-icmp-flood.csv,0.35,156,166,0,8198
mlp,102,target,005-icmp-flood.csv,0.4,156,155,0,8209
mlp,102,target,005-icmp-flood.csv,0.45,156,155,0,8209
mlp,102,target,005-icmp-flood.csv,0.5,156,155,0,8209
mlp,102,target,005-icmp-flood.csv,0.55,156,155,0,8209
mlp,102,target,005-icmp-flood.csv,0.6,156,155,0,8209
mlp,102,target,005-icmp-flood.csv,0.65,156,155,0,8209
mlp,102,target,005-icmp-flood.csv,0.7,156,155,0,8209
mlp,102,target,005-icmp-flood.csv,0.75,156,155,0,8209
mlp,102,target,005-icmp-flood.csv,0.8,156,155,0,8209
mlp,102,target,005-icmp-flood.csv,0.85,156,132,0,8232
mlp,102,target,005-icmp-flood.csv,0.9,156,132,0,8232
mlp,102,target,005-icmp-flood.csv,0.95,156,126,0,8238
mlp,102,target,005-icmp-flood.csv,0.975,156,126,0,8238
mlp,102,target,005-icmp-flood.csv,0.99,156,125,0,8239
mlp,102,target,005-icmp-flood.csv,0.995,156,125,0,8239
mlp,102,target,005-icmp-flood.csv,0.999,156,124,0,8240
majority,103,target,003a-pfcp.csv,0.05,103,14141,0,0
majority,103,target,003a-pfcp.csv,0.1,103,14141,0,0
majority,103,target,003a-pfcp.csv,0.15,103,14141,0,0
majority,103,target,003a-pfcp.csv,0.2,103,14141,0,0
majority,103,target,003a-pfcp.csv,0.25,103,14141,0,0
majority,103,target,003a-pfcp.csv,0.3,103,14141,0,0
majority,103,target,003a-pfcp.csv,0.35,103,14141,0,0
majority,103,target,003a-pfcp.csv,0.4,103,14141,0,0
majority,103,target,003a-pfcp.csv,0.45,103,14141,0,0
majority,103,target,003a-pfcp.csv,0.5,103,14141,0,0
majority,103,target,003a-pfcp.csv,0.55,103,14141,0,0
majority,103,target,003a-pfcp.csv,0.6,103,14141,0,0
majority,103,target,003a-pfcp.csv,0.65,103,14141,0,0
majority,103,target,003a-pfcp.csv,0.7,103,14141,0,0
majority,103,target,003a-pfcp.csv,0.75,103,14141,0,0
majority,103,target,003a-pfcp.csv,0.8,103,14141,0,0
majority,103,target,003a-pfcp.csv,0.85,103,14141,0,0
majority,103,target,003a-pfcp.csv,0.9,103,14141,0,0
majority,103,target,003a-pfcp.csv,0.95,103,14141,0,0
majority,103,target,003a-pfcp.csv,0.975,103,14141,0,0
majority,103,target,003a-pfcp.csv,0.99,103,14141,0,0
majority,103,target,003a-pfcp.csv,0.995,103,14141,0,0
majority,103,target,003a-pfcp.csv,0.999,103,14141,0,0
majority,103,target,004-syn-flood.csv,0.05,580,16081,0,0
majority,103,target,004-syn-flood.csv,0.1,580,16081,0,0
majority,103,target,004-syn-flood.csv,0.15,580,16081,0,0
majority,103,target,004-syn-flood.csv,0.2,580,16081,0,0
majority,103,target,004-syn-flood.csv,0.25,580,16081,0,0
majority,103,target,004-syn-flood.csv,0.3,580,16081,0,0
majority,103,target,004-syn-flood.csv,0.35,580,16081,0,0
majority,103,target,004-syn-flood.csv,0.4,580,16081,0,0
majority,103,target,004-syn-flood.csv,0.45,580,16081,0,0
majority,103,target,004-syn-flood.csv,0.5,580,16081,0,0
majority,103,target,004-syn-flood.csv,0.55,580,16081,0,0
majority,103,target,004-syn-flood.csv,0.6,580,16081,0,0
majority,103,target,004-syn-flood.csv,0.65,580,16081,0,0
majority,103,target,004-syn-flood.csv,0.7,580,16081,0,0
majority,103,target,004-syn-flood.csv,0.75,580,16081,0,0
majority,103,target,004-syn-flood.csv,0.8,580,16081,0,0
majority,103,target,004-syn-flood.csv,0.85,580,16081,0,0
majority,103,target,004-syn-flood.csv,0.9,580,16081,0,0
majority,103,target,004-syn-flood.csv,0.95,580,16081,0,0
majority,103,target,004-syn-flood.csv,0.975,580,16081,0,0
majority,103,target,004-syn-flood.csv,0.99,580,16081,0,0
majority,103,target,004-syn-flood.csv,0.995,580,16081,0,0
majority,103,target,004-syn-flood.csv,0.999,580,16081,0,0
majority,103,target,005-icmp-flood.csv,0.05,156,8364,0,0
majority,103,target,005-icmp-flood.csv,0.1,156,8364,0,0
majority,103,target,005-icmp-flood.csv,0.15,156,8364,0,0
majority,103,target,005-icmp-flood.csv,0.2,156,8364,0,0
majority,103,target,005-icmp-flood.csv,0.25,156,8364,0,0
majority,103,target,005-icmp-flood.csv,0.3,156,8364,0,0
majority,103,target,005-icmp-flood.csv,0.35,156,8364,0,0
majority,103,target,005-icmp-flood.csv,0.4,156,8364,0,0
majority,103,target,005-icmp-flood.csv,0.45,156,8364,0,0
majority,103,target,005-icmp-flood.csv,0.5,156,8364,0,0
majority,103,target,005-icmp-flood.csv,0.55,156,8364,0,0
majority,103,target,005-icmp-flood.csv,0.6,156,8364,0,0
majority,103,target,005-icmp-flood.csv,0.65,156,8364,0,0
majority,103,target,005-icmp-flood.csv,0.7,156,8364,0,0
majority,103,target,005-icmp-flood.csv,0.75,156,8364,0,0
majority,103,target,005-icmp-flood.csv,0.8,156,8364,0,0
majority,103,target,005-icmp-flood.csv,0.85,156,8364,0,0
majority,103,target,005-icmp-flood.csv,0.9,156,8364,0,0
majority,103,target,005-icmp-flood.csv,0.95,156,8364,0,0
majority,103,target,005-icmp-flood.csv,0.975,156,8364,0,0
majority,103,target,005-icmp-flood.csv,0.99,156,8364,0,0
majority,103,target,005-icmp-flood.csv,0.995,156,8364,0,0
majority,103,target,005-icmp-flood.csv,0.999,156,8364,0,0
stratified,103,target,003a-pfcp.csv,0.05,59,8546,44,5595
stratified,103,target,003a-pfcp.csv,0.1,59,8546,44,5595
stratified,103,target,003a-pfcp.csv,0.15,59,8546,44,5595
stratified,103,target,003a-pfcp.csv,0.2,59,8546,44,5595
stratified,103,target,003a-pfcp.csv,0.25,59,8546,44,5595
stratified,103,target,003a-pfcp.csv,0.3,59,8546,44,5595
stratified,103,target,003a-pfcp.csv,0.35,59,8546,44,5595
stratified,103,target,003a-pfcp.csv,0.4,59,8546,44,5595
stratified,103,target,003a-pfcp.csv,0.45,59,8546,44,5595
stratified,103,target,003a-pfcp.csv,0.5,59,8546,44,5595
stratified,103,target,003a-pfcp.csv,0.55,59,8546,44,5595
stratified,103,target,003a-pfcp.csv,0.6,59,8546,44,5595
stratified,103,target,003a-pfcp.csv,0.65,59,8546,44,5595
stratified,103,target,003a-pfcp.csv,0.7,59,8546,44,5595
stratified,103,target,003a-pfcp.csv,0.75,59,8546,44,5595
stratified,103,target,003a-pfcp.csv,0.8,59,8546,44,5595
stratified,103,target,003a-pfcp.csv,0.85,59,8546,44,5595
stratified,103,target,003a-pfcp.csv,0.9,59,8546,44,5595
stratified,103,target,003a-pfcp.csv,0.95,59,8546,44,5595
stratified,103,target,003a-pfcp.csv,0.975,59,8546,44,5595
stratified,103,target,003a-pfcp.csv,0.99,59,8546,44,5595
stratified,103,target,003a-pfcp.csv,0.995,59,8546,44,5595
stratified,103,target,003a-pfcp.csv,0.999,59,8546,44,5595
stratified,103,target,004-syn-flood.csv,0.05,340,9785,240,6296
stratified,103,target,004-syn-flood.csv,0.1,340,9785,240,6296
stratified,103,target,004-syn-flood.csv,0.15,340,9785,240,6296
stratified,103,target,004-syn-flood.csv,0.2,340,9785,240,6296
stratified,103,target,004-syn-flood.csv,0.25,340,9785,240,6296
stratified,103,target,004-syn-flood.csv,0.3,340,9785,240,6296
stratified,103,target,004-syn-flood.csv,0.35,340,9785,240,6296
stratified,103,target,004-syn-flood.csv,0.4,340,9785,240,6296
stratified,103,target,004-syn-flood.csv,0.45,340,9785,240,6296
stratified,103,target,004-syn-flood.csv,0.5,340,9785,240,6296
stratified,103,target,004-syn-flood.csv,0.55,340,9785,240,6296
stratified,103,target,004-syn-flood.csv,0.6,340,9785,240,6296
stratified,103,target,004-syn-flood.csv,0.65,340,9785,240,6296
stratified,103,target,004-syn-flood.csv,0.7,340,9785,240,6296
stratified,103,target,004-syn-flood.csv,0.75,340,9785,240,6296
stratified,103,target,004-syn-flood.csv,0.8,340,9785,240,6296
stratified,103,target,004-syn-flood.csv,0.85,340,9785,240,6296
stratified,103,target,004-syn-flood.csv,0.9,340,9785,240,6296
stratified,103,target,004-syn-flood.csv,0.95,340,9785,240,6296
stratified,103,target,004-syn-flood.csv,0.975,340,9785,240,6296
stratified,103,target,004-syn-flood.csv,0.99,340,9785,240,6296
stratified,103,target,004-syn-flood.csv,0.995,340,9785,240,6296
stratified,103,target,004-syn-flood.csv,0.999,340,9785,240,6296
stratified,103,target,005-icmp-flood.csv,0.05,84,5108,72,3256
stratified,103,target,005-icmp-flood.csv,0.1,84,5108,72,3256
stratified,103,target,005-icmp-flood.csv,0.15,84,5108,72,3256
stratified,103,target,005-icmp-flood.csv,0.2,84,5108,72,3256
stratified,103,target,005-icmp-flood.csv,0.25,84,5108,72,3256
stratified,103,target,005-icmp-flood.csv,0.3,84,5108,72,3256
stratified,103,target,005-icmp-flood.csv,0.35,84,5108,72,3256
stratified,103,target,005-icmp-flood.csv,0.4,84,5108,72,3256
stratified,103,target,005-icmp-flood.csv,0.45,84,5108,72,3256
stratified,103,target,005-icmp-flood.csv,0.5,84,5108,72,3256
stratified,103,target,005-icmp-flood.csv,0.55,84,5108,72,3256
stratified,103,target,005-icmp-flood.csv,0.6,84,5108,72,3256
stratified,103,target,005-icmp-flood.csv,0.65,84,5108,72,3256
stratified,103,target,005-icmp-flood.csv,0.7,84,5108,72,3256
stratified,103,target,005-icmp-flood.csv,0.75,84,5108,72,3256
stratified,103,target,005-icmp-flood.csv,0.8,84,5108,72,3256
stratified,103,target,005-icmp-flood.csv,0.85,84,5108,72,3256
stratified,103,target,005-icmp-flood.csv,0.9,84,5108,72,3256
stratified,103,target,005-icmp-flood.csv,0.95,84,5108,72,3256
stratified,103,target,005-icmp-flood.csv,0.975,84,5108,72,3256
stratified,103,target,005-icmp-flood.csv,0.99,84,5108,72,3256
stratified,103,target,005-icmp-flood.csv,0.995,84,5108,72,3256
stratified,103,target,005-icmp-flood.csv,0.999,84,5108,72,3256
logreg,103,target,003a-pfcp.csv,0.05,2,12159,101,1982
logreg,103,target,003a-pfcp.csv,0.1,2,11905,101,2236
logreg,103,target,003a-pfcp.csv,0.15,2,11708,101,2433
logreg,103,target,003a-pfcp.csv,0.2,2,11562,101,2579
logreg,103,target,003a-pfcp.csv,0.25,2,11448,101,2693
logreg,103,target,003a-pfcp.csv,0.3,2,11298,101,2843
logreg,103,target,003a-pfcp.csv,0.35,2,11226,101,2915
logreg,103,target,003a-pfcp.csv,0.4,2,11193,101,2948
logreg,103,target,003a-pfcp.csv,0.45,2,11179,101,2962
logreg,103,target,003a-pfcp.csv,0.5,2,726,101,13415
logreg,103,target,003a-pfcp.csv,0.55,2,704,101,13437
logreg,103,target,003a-pfcp.csv,0.6,0,670,103,13471
logreg,103,target,003a-pfcp.csv,0.65,0,669,103,13472
logreg,103,target,003a-pfcp.csv,0.7,0,664,103,13477
logreg,103,target,003a-pfcp.csv,0.75,0,258,103,13883
logreg,103,target,003a-pfcp.csv,0.8,0,258,103,13883
logreg,103,target,003a-pfcp.csv,0.85,0,250,103,13891
logreg,103,target,003a-pfcp.csv,0.9,0,244,103,13897
logreg,103,target,003a-pfcp.csv,0.95,0,238,103,13903
logreg,103,target,003a-pfcp.csv,0.975,0,238,103,13903
logreg,103,target,003a-pfcp.csv,0.99,0,179,103,13962
logreg,103,target,003a-pfcp.csv,0.995,0,179,103,13962
logreg,103,target,003a-pfcp.csv,0.999,0,37,103,14104
logreg,103,target,004-syn-flood.csv,0.05,580,13494,0,2587
logreg,103,target,004-syn-flood.csv,0.1,580,13392,0,2689
logreg,103,target,004-syn-flood.csv,0.15,580,13312,0,2769
logreg,103,target,004-syn-flood.csv,0.2,580,13123,0,2958
logreg,103,target,004-syn-flood.csv,0.25,580,13013,0,3068
logreg,103,target,004-syn-flood.csv,0.3,580,12895,0,3186
logreg,103,target,004-syn-flood.csv,0.35,580,12802,0,3279
logreg,103,target,004-syn-flood.csv,0.4,580,12763,0,3318
logreg,103,target,004-syn-flood.csv,0.45,580,12757,0,3324
logreg,103,target,004-syn-flood.csv,0.5,580,5379,0,10702
logreg,103,target,004-syn-flood.csv,0.55,580,5352,0,10729
logreg,103,target,004-syn-flood.csv,0.6,580,5351,0,10730
logreg,103,target,004-syn-flood.csv,0.65,580,5339,0,10742
logreg,103,target,004-syn-flood.csv,0.7,580,5330,0,10751
logreg,103,target,004-syn-flood.csv,0.75,580,5326,0,10755
logreg,103,target,004-syn-flood.csv,0.8,580,5321,0,10760
logreg,103,target,004-syn-flood.csv,0.85,580,5306,0,10775
logreg,103,target,004-syn-flood.csv,0.9,580,5304,0,10777
logreg,103,target,004-syn-flood.csv,0.95,580,5239,0,10842
logreg,103,target,004-syn-flood.csv,0.975,580,5219,0,10862
logreg,103,target,004-syn-flood.csv,0.99,580,5218,0,10863
logreg,103,target,004-syn-flood.csv,0.995,580,5218,0,10863
logreg,103,target,004-syn-flood.csv,0.999,0,34,580,16047
logreg,103,target,005-icmp-flood.csv,0.05,156,7089,0,1275
logreg,103,target,005-icmp-flood.csv,0.1,156,7023,0,1341
logreg,103,target,005-icmp-flood.csv,0.15,156,6958,0,1406
logreg,103,target,005-icmp-flood.csv,0.2,156,6767,0,1597
logreg,103,target,005-icmp-flood.csv,0.25,156,6652,0,1712
logreg,103,target,005-icmp-flood.csv,0.3,0,6498,156,1866
logreg,103,target,005-icmp-flood.csv,0.35,0,6428,156,1936
logreg,103,target,005-icmp-flood.csv,0.4,0,6385,156,1979
logreg,103,target,005-icmp-flood.csv,0.45,0,6384,156,1980
logreg,103,target,005-icmp-flood.csv,0.5,0,235,156,8129
logreg,103,target,005-icmp-flood.csv,0.55,0,234,156,8130
logreg,103,target,005-icmp-flood.csv,0.6,0,233,156,8131
logreg,103,target,005-icmp-flood.csv,0.65,0,225,156,8139
logreg,103,target,005-icmp-flood.csv,0.7,0,222,156,8142
logreg,103,target,005-icmp-flood.csv,0.75,0,221,156,8143
logreg,103,target,005-icmp-flood.csv,0.8,0,220,156,8144
logreg,103,target,005-icmp-flood.csv,0.85,0,210,156,8154
logreg,103,target,005-icmp-flood.csv,0.9,0,208,156,8156
logreg,103,target,005-icmp-flood.csv,0.95,0,207,156,8157
logreg,103,target,005-icmp-flood.csv,0.975,0,201,156,8163
logreg,103,target,005-icmp-flood.csv,0.99,0,201,156,8163
logreg,103,target,005-icmp-flood.csv,0.995,0,200,156,8164
logreg,103,target,005-icmp-flood.csv,0.999,0,22,156,8342
tree,103,target,003a-pfcp.csv,0.05,2,11000,101,3141
tree,103,target,003a-pfcp.csv,0.1,2,11000,101,3141
tree,103,target,003a-pfcp.csv,0.15,2,11000,101,3141
tree,103,target,003a-pfcp.csv,0.2,2,11000,101,3141
tree,103,target,003a-pfcp.csv,0.25,2,11000,101,3141
tree,103,target,003a-pfcp.csv,0.3,2,11000,101,3141
tree,103,target,003a-pfcp.csv,0.35,2,11000,101,3141
tree,103,target,003a-pfcp.csv,0.4,2,10992,101,3149
tree,103,target,003a-pfcp.csv,0.45,2,10992,101,3149
tree,103,target,003a-pfcp.csv,0.5,2,10992,101,3149
tree,103,target,003a-pfcp.csv,0.55,2,10992,101,3149
tree,103,target,003a-pfcp.csv,0.6,2,10992,101,3149
tree,103,target,003a-pfcp.csv,0.65,2,10992,101,3149
tree,103,target,003a-pfcp.csv,0.7,2,10992,101,3149
tree,103,target,003a-pfcp.csv,0.75,2,10992,101,3149
tree,103,target,003a-pfcp.csv,0.8,2,10586,101,3555
tree,103,target,003a-pfcp.csv,0.85,2,10586,101,3555
tree,103,target,003a-pfcp.csv,0.9,2,10586,101,3555
tree,103,target,003a-pfcp.csv,0.95,2,10586,101,3555
tree,103,target,003a-pfcp.csv,0.975,2,10586,101,3555
tree,103,target,003a-pfcp.csv,0.99,2,10577,101,3564
tree,103,target,003a-pfcp.csv,0.995,2,10577,101,3564
tree,103,target,003a-pfcp.csv,0.999,2,10577,101,3564
tree,103,target,004-syn-flood.csv,0.05,440,12351,140,3730
tree,103,target,004-syn-flood.csv,0.1,440,12351,140,3730
tree,103,target,004-syn-flood.csv,0.15,440,12351,140,3730
tree,103,target,004-syn-flood.csv,0.2,440,12351,140,3730
tree,103,target,004-syn-flood.csv,0.25,440,12351,140,3730
tree,103,target,004-syn-flood.csv,0.3,440,12351,140,3730
tree,103,target,004-syn-flood.csv,0.35,440,12351,140,3730
tree,103,target,004-syn-flood.csv,0.4,440,12339,140,3742
tree,103,target,004-syn-flood.csv,0.45,440,12339,140,3742
tree,103,target,004-syn-flood.csv,0.5,440,12339,140,3742
tree,103,target,004-syn-flood.csv,0.55,440,12339,140,3742
tree,103,target,004-syn-flood.csv,0.6,440,12339,140,3742
tree,103,target,004-syn-flood.csv,0.65,440,12339,140,3742
tree,103,target,004-syn-flood.csv,0.7,440,12339,140,3742
tree,103,target,004-syn-flood.csv,0.75,440,12339,140,3742
tree,103,target,004-syn-flood.csv,0.8,440,12339,140,3742
tree,103,target,004-syn-flood.csv,0.85,440,12339,140,3742
tree,103,target,004-syn-flood.csv,0.9,440,12339,140,3742
tree,103,target,004-syn-flood.csv,0.95,440,12339,140,3742
tree,103,target,004-syn-flood.csv,0.975,440,12339,140,3742
tree,103,target,004-syn-flood.csv,0.99,440,12339,140,3742
tree,103,target,004-syn-flood.csv,0.995,440,12339,140,3742
tree,103,target,004-syn-flood.csv,0.999,440,12339,140,3742
tree,103,target,005-icmp-flood.csv,0.05,0,6187,156,2177
tree,103,target,005-icmp-flood.csv,0.1,0,6187,156,2177
tree,103,target,005-icmp-flood.csv,0.15,0,6187,156,2177
tree,103,target,005-icmp-flood.csv,0.2,0,6187,156,2177
tree,103,target,005-icmp-flood.csv,0.25,0,6187,156,2177
tree,103,target,005-icmp-flood.csv,0.3,0,6187,156,2177
tree,103,target,005-icmp-flood.csv,0.35,0,6187,156,2177
tree,103,target,005-icmp-flood.csv,0.4,0,6181,156,2183
tree,103,target,005-icmp-flood.csv,0.45,0,6181,156,2183
tree,103,target,005-icmp-flood.csv,0.5,0,6181,156,2183
tree,103,target,005-icmp-flood.csv,0.55,0,6181,156,2183
tree,103,target,005-icmp-flood.csv,0.6,0,6181,156,2183
tree,103,target,005-icmp-flood.csv,0.65,0,6181,156,2183
tree,103,target,005-icmp-flood.csv,0.7,0,6181,156,2183
tree,103,target,005-icmp-flood.csv,0.75,0,6181,156,2183
tree,103,target,005-icmp-flood.csv,0.8,0,6181,156,2183
tree,103,target,005-icmp-flood.csv,0.85,0,6181,156,2183
tree,103,target,005-icmp-flood.csv,0.9,0,6181,156,2183
tree,103,target,005-icmp-flood.csv,0.95,0,6181,156,2183
tree,103,target,005-icmp-flood.csv,0.975,0,6181,156,2183
tree,103,target,005-icmp-flood.csv,0.99,0,6181,156,2183
tree,103,target,005-icmp-flood.csv,0.995,0,6181,156,2183
tree,103,target,005-icmp-flood.csv,0.999,0,6181,156,2183
rf,103,target,003a-pfcp.csv,0.05,101,13460,2,681
rf,103,target,003a-pfcp.csv,0.1,101,11701,2,2440
rf,103,target,003a-pfcp.csv,0.15,101,11367,2,2774
rf,103,target,003a-pfcp.csv,0.2,101,11278,2,2863
rf,103,target,003a-pfcp.csv,0.25,101,11252,2,2889
rf,103,target,003a-pfcp.csv,0.3,101,11187,2,2954
rf,103,target,003a-pfcp.csv,0.35,62,11109,41,3032
rf,103,target,003a-pfcp.csv,0.4,3,11074,100,3067
rf,103,target,003a-pfcp.csv,0.45,2,11062,101,3079
rf,103,target,003a-pfcp.csv,0.5,2,10958,101,3183
rf,103,target,003a-pfcp.csv,0.55,2,520,101,13621
rf,103,target,003a-pfcp.csv,0.6,0,514,103,13627
rf,103,target,003a-pfcp.csv,0.65,0,506,103,13635
rf,103,target,003a-pfcp.csv,0.7,0,485,103,13656
rf,103,target,003a-pfcp.csv,0.75,0,73,103,14068
rf,103,target,003a-pfcp.csv,0.8,0,73,103,14068
rf,103,target,003a-pfcp.csv,0.85,0,73,103,14068
rf,103,target,003a-pfcp.csv,0.9,0,73,103,14068
rf,103,target,003a-pfcp.csv,0.95,0,67,103,14074
rf,103,target,003a-pfcp.csv,0.975,0,65,103,14076
rf,103,target,003a-pfcp.csv,0.99,0,59,103,14082
rf,103,target,003a-pfcp.csv,0.995,0,59,103,14082
rf,103,target,003a-pfcp.csv,0.999,0,0,103,14141
rf,103,target,004-syn-flood.csv,0.05,580,15085,0,996
rf,103,target,004-syn-flood.csv,0.1,580,13548,0,2533
rf,103,target,004-syn-flood.csv,0.15,580,12943,0,3138
rf,103,target,004-syn-flood.csv,0.2,580,12623,0,3458
rf,103,target,004-syn-flood.csv,0.25,580,12621,0,3460
rf,103,target,004-syn-flood.csv,0.3,580,12619,0,3462
rf,103,target,004-syn-flood.csv,0.35,580,12616,0,3465
rf,103,target,004-syn-flood.csv,0.4,580,12581,0,3500
rf,103,target,004-syn-flood.csv,0.45,580,12563,0,3518
rf,103,target,004-syn-flood.csv,0.5,580,12396,0,3685
rf,103,target,004-syn-flood.csv,0.55,580,4965,0,11116
rf,103,target,004-syn-flood.csv,0.6,580,4961,0,11120
rf,103,target,004-syn-flood.csv,0.65,440,4908,140,11173
rf,103,target,004-syn-flood.csv,0.7,0,4327,580,11754
rf,103,target,004-syn-flood.csv,0.75,0,4327,580,11754
rf,103,target,004-syn-flood.csv,0.8,0,4327,580,11754
rf,103,target,004-syn-flood.csv,0.85,0,4326,580,11755
rf,103,target,004-syn-flood.csv,0.9,0,4326,580,11755
rf,103,target,004-syn-flood.csv,0.95,0,4326,580,11755
rf,103,target,004-syn-flood.csv,0.975,0,4326,580,11755
rf,103,target,004-syn-flood.csv,0.99,0,4326,580,11755
rf,103,target,004-syn-flood.csv,0.995,0,0,580,16081
rf,103,target,004-syn-flood.csv,0.999,0,0,580,16081
rf,103,target,005-icmp-flood.csv,0.05,156,7656,0,708
rf,103,target,005-icmp-flood.csv,0.1,156,6831,0,1533
rf,103,target,005-icmp-flood.csv,0.15,156,6393,0,1971
rf,103,target,005-icmp-flood.csv,0.2,156,6392,0,1972
rf,103,target,005-icmp-flood.csv,0.25,156,6390,0,1974
rf,103,target,005-icmp-flood.csv,0.3,156,6389,0,1975
rf,103,target,005-icmp-flood.csv,0.35,156,6388,0,1976
rf,103,target,005-icmp-flood.csv,0.4,156,6366,0,1998
rf,103,target,005-icmp-flood.csv,0.45,156,6356,0,2008
rf,103,target,005-icmp-flood.csv,0.5,156,6222,0,2142
rf,103,target,005-icmp-flood.csv,0.55,0,9,156,8355
rf,103,target,005-icmp-flood.csv,0.6,0,8,156,8356
rf,103,target,005-icmp-flood.csv,0.65,0,2,156,8362
rf,103,target,005-icmp-flood.csv,0.7,0,2,156,8362
rf,103,target,005-icmp-flood.csv,0.75,0,1,156,8363
rf,103,target,005-icmp-flood.csv,0.8,0,0,156,8364
rf,103,target,005-icmp-flood.csv,0.85,0,0,156,8364
rf,103,target,005-icmp-flood.csv,0.9,0,0,156,8364
rf,103,target,005-icmp-flood.csv,0.95,0,0,156,8364
rf,103,target,005-icmp-flood.csv,0.975,0,0,156,8364
rf,103,target,005-icmp-flood.csv,0.99,0,0,156,8364
rf,103,target,005-icmp-flood.csv,0.995,0,0,156,8364
rf,103,target,005-icmp-flood.csv,0.999,0,0,156,8364
xgboost,103,target,003a-pfcp.csv,0.05,101,11201,2,2940
xgboost,103,target,003a-pfcp.csv,0.1,101,11113,2,3028
xgboost,103,target,003a-pfcp.csv,0.15,101,11113,2,3028
xgboost,103,target,003a-pfcp.csv,0.2,101,11112,2,3029
xgboost,103,target,003a-pfcp.csv,0.25,101,11112,2,3029
xgboost,103,target,003a-pfcp.csv,0.3,101,11112,2,3029
xgboost,103,target,003a-pfcp.csv,0.35,93,11112,10,3029
xgboost,103,target,003a-pfcp.csv,0.4,2,1937,101,12204
xgboost,103,target,003a-pfcp.csv,0.45,0,1854,103,12287
xgboost,103,target,003a-pfcp.csv,0.5,0,1835,103,12306
xgboost,103,target,003a-pfcp.csv,0.55,0,1835,103,12306
xgboost,103,target,003a-pfcp.csv,0.6,0,1835,103,12306
xgboost,103,target,003a-pfcp.csv,0.65,0,1835,103,12306
xgboost,103,target,003a-pfcp.csv,0.7,0,561,103,13580
xgboost,103,target,003a-pfcp.csv,0.75,0,559,103,13582
xgboost,103,target,003a-pfcp.csv,0.8,0,541,103,13600
xgboost,103,target,003a-pfcp.csv,0.85,0,514,103,13627
xgboost,103,target,003a-pfcp.csv,0.9,0,512,103,13629
xgboost,103,target,003a-pfcp.csv,0.95,0,92,103,14049
xgboost,103,target,003a-pfcp.csv,0.975,0,92,103,14049
xgboost,103,target,003a-pfcp.csv,0.99,0,91,103,14050
xgboost,103,target,003a-pfcp.csv,0.995,0,80,103,14061
xgboost,103,target,003a-pfcp.csv,0.999,0,67,103,14074
xgboost,103,target,004-syn-flood.csv,0.05,580,12583,0,3498
xgboost,103,target,004-syn-flood.csv,0.1,580,12577,0,3504
xgboost,103,target,004-syn-flood.csv,0.15,580,12535,0,3546
xgboost,103,target,004-syn-flood.csv,0.2,580,12533,0,3548
xgboost,103,target,004-syn-flood.csv,0.25,580,12494,0,3587
xgboost,103,target,004-syn-flood.csv,0.3,580,12494,0,3587
xgboost,103,target,004-syn-flood.csv,0.35,580,12494,0,3587
xgboost,103,target,004-syn-flood.csv,0.4,580,5823,0,10258
xgboost,103,target,004-syn-flood.csv,0.45,580,5736,0,10345
xgboost,103,target,004-syn-flood.csv,0.5,580,5685,0,10396
xgboost,103,target,004-syn-flood.csv,0.55,580,5684,0,10397
xgboost,103,target,004-syn-flood.csv,0.6,580,5683,0,10398
xgboost,103,target,004-syn-flood.csv,0.65,580,5682,0,10399
xgboost,103,target,004-syn-flood.csv,0.7,440,4940,140,11141
xgboost,103,target,004-syn-flood.csv,0.75,440,4939,140,11142
xgboost,103,target,004-syn-flood.csv,0.8,440,4923,140,11158
xgboost,103,target,004-syn-flood.csv,0.85,440,4923,140,11158
xgboost,103,target,004-syn-flood.csv,0.9,440,4922,140,11159
xgboost,103,target,004-syn-flood.csv,0.95,440,4908,140,11173
xgboost,103,target,004-syn-flood.csv,0.975,440,4908,140,11173
xgboost,103,target,004-syn-flood.csv,0.99,440,4908,140,11173
xgboost,103,target,004-syn-flood.csv,0.995,0,4326,580,11755
xgboost,103,target,004-syn-flood.csv,0.999,0,0,580,16081
xgboost,103,target,005-icmp-flood.csv,0.05,156,6365,0,1999
xgboost,103,target,005-icmp-flood.csv,0.1,156,6364,0,2000
xgboost,103,target,005-icmp-flood.csv,0.15,156,6316,0,2048
xgboost,103,target,005-icmp-flood.csv,0.2,156,6316,0,2048
xgboost,103,target,005-icmp-flood.csv,0.25,156,6283,0,2081
xgboost,103,target,005-icmp-flood.csv,0.3,156,6283,0,2081
xgboost,103,target,005-icmp-flood.csv,0.35,156,6282,0,2082
xgboost,103,target,005-icmp-flood.csv,0.4,156,645,0,7719
xgboost,103,target,005-icmp-flood.csv,0.45,156,595,0,7769
xgboost,103,target,005-icmp-flood.csv,0.5,156,546,0,7818
xgboost,103,target,005-icmp-flood.csv,0.55,156,544,0,7820
xgboost,103,target,005-icmp-flood.csv,0.6,156,542,0,7822
xgboost,103,target,005-icmp-flood.csv,0.65,156,541,0,7823
xgboost,103,target,005-icmp-flood.csv,0.7,155,24,1,8340
xgboost,103,target,005-icmp-flood.csv,0.75,7,18,149,8346
xgboost,103,target,005-icmp-flood.csv,0.8,0,9,156,8355
xgboost,103,target,005-icmp-flood.csv,0.85,0,9,156,8355
xgboost,103,target,005-icmp-flood.csv,0.9,0,9,156,8355
xgboost,103,target,005-icmp-flood.csv,0.95,0,1,156,8363
xgboost,103,target,005-icmp-flood.csv,0.975,0,1,156,8363
xgboost,103,target,005-icmp-flood.csv,0.99,0,0,156,8364
xgboost,103,target,005-icmp-flood.csv,0.995,0,0,156,8364
xgboost,103,target,005-icmp-flood.csv,0.999,0,0,156,8364
hgb,103,target,003a-pfcp.csv,0.05,101,11118,2,3023
hgb,103,target,003a-pfcp.csv,0.1,101,11115,2,3026
hgb,103,target,003a-pfcp.csv,0.15,101,11106,2,3035
hgb,103,target,003a-pfcp.csv,0.2,101,11106,2,3035
hgb,103,target,003a-pfcp.csv,0.25,101,11106,2,3035
hgb,103,target,003a-pfcp.csv,0.3,76,11087,27,3054
hgb,103,target,003a-pfcp.csv,0.35,5,11087,98,3054
hgb,103,target,003a-pfcp.csv,0.4,5,11087,98,3054
hgb,103,target,003a-pfcp.csv,0.45,5,11087,98,3054
hgb,103,target,003a-pfcp.csv,0.5,5,11087,98,3054
hgb,103,target,003a-pfcp.csv,0.55,5,11087,98,3054
hgb,103,target,003a-pfcp.csv,0.6,5,11086,98,3055
hgb,103,target,003a-pfcp.csv,0.65,3,11004,100,3137
hgb,103,target,003a-pfcp.csv,0.7,3,11004,100,3137
hgb,103,target,003a-pfcp.csv,0.75,3,10978,100,3163
hgb,103,target,003a-pfcp.csv,0.8,3,10570,100,3571
hgb,103,target,003a-pfcp.csv,0.85,3,10570,100,3571
hgb,103,target,003a-pfcp.csv,0.9,0,1403,103,12738
hgb,103,target,003a-pfcp.csv,0.95,0,129,103,14012
hgb,103,target,003a-pfcp.csv,0.975,0,111,103,14030
hgb,103,target,003a-pfcp.csv,0.99,0,102,103,14039
hgb,103,target,003a-pfcp.csv,0.995,0,102,103,14039
hgb,103,target,003a-pfcp.csv,0.999,0,82,103,14059
hgb,103,target,004-syn-flood.csv,0.05,580,12581,0,3500
hgb,103,target,004-syn-flood.csv,0.1,580,12581,0,3500
hgb,103,target,004-syn-flood.csv,0.15,580,12579,0,3502
hgb,103,target,004-syn-flood.csv,0.2,580,12576,0,3505
hgb,103,target,004-syn-flood.csv,0.25,580,12575,0,3506
hgb,103,target,004-syn-flood.csv,0.3,580,12524,0,3557
hgb,103,target,004-syn-flood.csv,0.35,580,12524,0,3557
hgb,103,target,004-syn-flood.csv,0.4,580,12524,0,3557
hgb,103,target,004-syn-flood.csv,0.45,440,12485,140,3596
hgb,103,target,004-syn-flood.csv,0.5,440,12485,140,3596
hgb,103,target,004-syn-flood.csv,0.55,440,12484,140,3597
hgb,103,target,004-syn-flood.csv,0.6,440,12471,140,3610
hgb,103,target,004-syn-flood.csv,0.65,440,12383,140,3698
hgb,103,target,004-syn-flood.csv,0.7,440,12383,140,3698
hgb,103,target,004-syn-flood.csv,0.75,440,12383,140,3698
hgb,103,target,004-syn-flood.csv,0.8,440,12383,140,3698
hgb,103,target,004-syn-flood.csv,0.85,0,11802,580,4279
hgb,103,target,004-syn-flood.csv,0.9,0,5133,580,10948
hgb,103,target,004-syn-flood.csv,0.95,0,4426,580,11655
hgb,103,target,004-syn-flood.csv,0.975,0,4425,580,11656
hgb,103,target,004-syn-flood.csv,0.99,0,4332,580,11749
hgb,103,target,004-syn-flood.csv,0.995,0,4332,580,11749
hgb,103,target,004-syn-flood.csv,0.999,0,4327,580,11754
hgb,103,target,005-icmp-flood.csv,0.05,156,6374,0,1990
hgb,103,target,005-icmp-flood.csv,0.1,156,6371,0,1993
hgb,103,target,005-icmp-flood.csv,0.15,156,6365,0,1999
hgb,103,target,005-icmp-flood.csv,0.2,156,6363,0,2001
hgb,103,target,005-icmp-flood.csv,0.25,156,6363,0,2001
hgb,103,target,005-icmp-flood.csv,0.3,156,6327,0,2037
hgb,103,target,005-icmp-flood.csv,0.35,156,6327,0,2037
hgb,103,target,005-icmp-flood.csv,0.4,156,6327,0,2037
hgb,103,target,005-icmp-flood.csv,0.45,156,6327,0,2037
hgb,103,target,005-icmp-flood.csv,0.5,156,6326,0,2038
hgb,103,target,005-icmp-flood.csv,0.55,156,6326,0,2038
hgb,103,target,005-icmp-flood.csv,0.6,156,6317,0,2047
hgb,103,target,005-icmp-flood.csv,0.65,156,6267,0,2097
hgb,103,target,005-icmp-flood.csv,0.7,156,6267,0,2097
hgb,103,target,005-icmp-flood.csv,0.75,156,6267,0,2097
hgb,103,target,005-icmp-flood.csv,0.8,156,6265,0,2099
hgb,103,target,005-icmp-flood.csv,0.85,156,6265,0,2099
hgb,103,target,005-icmp-flood.csv,0.9,156,638,0,7726
hgb,103,target,005-icmp-flood.csv,0.95,156,98,0,8266
hgb,103,target,005-icmp-flood.csv,0.975,156,98,0,8266
hgb,103,target,005-icmp-flood.csv,0.99,156,10,0,8354
hgb,103,target,005-icmp-flood.csv,0.995,136,8,20,8356
hgb,103,target,005-icmp-flood.csv,0.999,0,1,156,8363
mlp,103,target,003a-pfcp.csv,0.05,0,2251,103,11890
mlp,103,target,003a-pfcp.csv,0.1,0,2182,103,11959
mlp,103,target,003a-pfcp.csv,0.15,0,1904,103,12237
mlp,103,target,003a-pfcp.csv,0.2,0,1850,103,12291
mlp,103,target,003a-pfcp.csv,0.25,0,1775,103,12366
mlp,103,target,003a-pfcp.csv,0.3,0,1689,103,12452
mlp,103,target,003a-pfcp.csv,0.35,0,1650,103,12491
mlp,103,target,003a-pfcp.csv,0.4,0,1629,103,12512
mlp,103,target,003a-pfcp.csv,0.45,0,1598,103,12543
mlp,103,target,003a-pfcp.csv,0.5,0,1573,103,12568
mlp,103,target,003a-pfcp.csv,0.55,0,1560,103,12581
mlp,103,target,003a-pfcp.csv,0.6,0,1553,103,12588
mlp,103,target,003a-pfcp.csv,0.65,0,1517,103,12624
mlp,103,target,003a-pfcp.csv,0.7,0,1505,103,12636
mlp,103,target,003a-pfcp.csv,0.75,0,1269,103,12872
mlp,103,target,003a-pfcp.csv,0.8,0,846,103,13295
mlp,103,target,003a-pfcp.csv,0.85,0,830,103,13311
mlp,103,target,003a-pfcp.csv,0.9,0,764,103,13377
mlp,103,target,003a-pfcp.csv,0.95,0,274,103,13867
mlp,103,target,003a-pfcp.csv,0.975,0,214,103,13927
mlp,103,target,003a-pfcp.csv,0.99,0,204,103,13937
mlp,103,target,003a-pfcp.csv,0.995,0,203,103,13938
mlp,103,target,003a-pfcp.csv,0.999,0,200,103,13941
mlp,103,target,004-syn-flood.csv,0.05,580,6773,0,9308
mlp,103,target,004-syn-flood.csv,0.1,580,6605,0,9476
mlp,103,target,004-syn-flood.csv,0.15,580,6417,0,9664
mlp,103,target,004-syn-flood.csv,0.2,580,6390,0,9691
mlp,103,target,004-syn-flood.csv,0.25,580,6371,0,9710
mlp,103,target,004-syn-flood.csv,0.3,580,6355,0,9726
mlp,103,target,004-syn-flood.csv,0.35,580,6342,0,9739
mlp,103,target,004-syn-flood.csv,0.4,580,6331,0,9750
mlp,103,target,004-syn-flood.csv,0.45,580,6312,0,9769
mlp,103,target,004-syn-flood.csv,0.5,580,6298,0,9783
mlp,103,target,004-syn-flood.csv,0.55,580,6280,0,9801
mlp,103,target,004-syn-flood.csv,0.6,580,6257,0,9824
mlp,103,target,004-syn-flood.csv,0.65,580,6226,0,9855
mlp,103,target,004-syn-flood.csv,0.7,580,6123,0,9958
mlp,103,target,004-syn-flood.csv,0.75,580,5998,0,10083
mlp,103,target,004-syn-flood.csv,0.8,580,5975,0,10106
mlp,103,target,004-syn-flood.csv,0.85,580,5945,0,10136
mlp,103,target,004-syn-flood.csv,0.9,580,5895,0,10186
mlp,103,target,004-syn-flood.csv,0.95,580,5391,0,10690
mlp,103,target,004-syn-flood.csv,0.975,580,5110,0,10971
mlp,103,target,004-syn-flood.csv,0.99,580,5094,0,10987
mlp,103,target,004-syn-flood.csv,0.995,580,5093,0,10988
mlp,103,target,004-syn-flood.csv,0.999,0,4472,580,11609
mlp,103,target,005-icmp-flood.csv,0.05,156,725,0,7639
mlp,103,target,005-icmp-flood.csv,0.1,156,691,0,7673
mlp,103,target,005-icmp-flood.csv,0.15,156,593,0,7771
mlp,103,target,005-icmp-flood.csv,0.2,156,590,0,7774
mlp,103,target,005-icmp-flood.csv,0.25,156,582,0,7782
mlp,103,target,005-icmp-flood.csv,0.3,156,578,0,7786
mlp,103,target,005-icmp-flood.csv,0.35,156,578,0,7786
mlp,103,target,005-icmp-flood.csv,0.4,156,573,0,7791
mlp,103,target,005-icmp-flood.csv,0.45,156,564,0,7800
mlp,103,target,005-icmp-flood.csv,0.5,155,561,1,7803
mlp,103,target,005-icmp-flood.csv,0.55,155,558,1,7806
mlp,103,target,005-icmp-flood.csv,0.6,155,555,1,7809
mlp,103,target,005-icmp-flood.csv,0.65,155,555,1,7809
mlp,103,target,005-icmp-flood.csv,0.7,153,553,3,7811
mlp,103,target,005-icmp-flood.csv,0.75,132,465,24,7899
mlp,103,target,005-icmp-flood.csv,0.8,107,459,49,7905
mlp,103,target,005-icmp-flood.csv,0.85,37,448,119,7916
mlp,103,target,005-icmp-flood.csv,0.9,1,434,155,7930
mlp,103,target,005-icmp-flood.csv,0.95,0,141,156,8223
mlp,103,target,005-icmp-flood.csv,0.975,0,102,156,8262
mlp,103,target,005-icmp-flood.csv,0.99,0,94,156,8270
mlp,103,target,005-icmp-flood.csv,0.995,0,92,156,8272
mlp,103,target,005-icmp-flood.csv,0.999,0,92,156,8272
majority,104,target,003a-pfcp.csv,0.05,103,14141,0,0
majority,104,target,003a-pfcp.csv,0.1,103,14141,0,0
majority,104,target,003a-pfcp.csv,0.15,103,14141,0,0
majority,104,target,003a-pfcp.csv,0.2,103,14141,0,0
majority,104,target,003a-pfcp.csv,0.25,103,14141,0,0
majority,104,target,003a-pfcp.csv,0.3,103,14141,0,0
majority,104,target,003a-pfcp.csv,0.35,103,14141,0,0
majority,104,target,003a-pfcp.csv,0.4,103,14141,0,0
majority,104,target,003a-pfcp.csv,0.45,103,14141,0,0
majority,104,target,003a-pfcp.csv,0.5,103,14141,0,0
majority,104,target,003a-pfcp.csv,0.55,103,14141,0,0
majority,104,target,003a-pfcp.csv,0.6,103,14141,0,0
majority,104,target,003a-pfcp.csv,0.65,103,14141,0,0
majority,104,target,003a-pfcp.csv,0.7,103,14141,0,0
majority,104,target,003a-pfcp.csv,0.75,103,14141,0,0
majority,104,target,003a-pfcp.csv,0.8,103,14141,0,0
majority,104,target,003a-pfcp.csv,0.85,103,14141,0,0
majority,104,target,003a-pfcp.csv,0.9,103,14141,0,0
majority,104,target,003a-pfcp.csv,0.95,103,14141,0,0
majority,104,target,003a-pfcp.csv,0.975,103,14141,0,0
majority,104,target,003a-pfcp.csv,0.99,103,14141,0,0
majority,104,target,003a-pfcp.csv,0.995,103,14141,0,0
majority,104,target,003a-pfcp.csv,0.999,103,14141,0,0
majority,104,target,004-syn-flood.csv,0.05,580,16081,0,0
majority,104,target,004-syn-flood.csv,0.1,580,16081,0,0
majority,104,target,004-syn-flood.csv,0.15,580,16081,0,0
majority,104,target,004-syn-flood.csv,0.2,580,16081,0,0
majority,104,target,004-syn-flood.csv,0.25,580,16081,0,0
majority,104,target,004-syn-flood.csv,0.3,580,16081,0,0
majority,104,target,004-syn-flood.csv,0.35,580,16081,0,0
majority,104,target,004-syn-flood.csv,0.4,580,16081,0,0
majority,104,target,004-syn-flood.csv,0.45,580,16081,0,0
majority,104,target,004-syn-flood.csv,0.5,580,16081,0,0
majority,104,target,004-syn-flood.csv,0.55,580,16081,0,0
majority,104,target,004-syn-flood.csv,0.6,580,16081,0,0
majority,104,target,004-syn-flood.csv,0.65,580,16081,0,0
majority,104,target,004-syn-flood.csv,0.7,580,16081,0,0
majority,104,target,004-syn-flood.csv,0.75,580,16081,0,0
majority,104,target,004-syn-flood.csv,0.8,580,16081,0,0
majority,104,target,004-syn-flood.csv,0.85,580,16081,0,0
majority,104,target,004-syn-flood.csv,0.9,580,16081,0,0
majority,104,target,004-syn-flood.csv,0.95,580,16081,0,0
majority,104,target,004-syn-flood.csv,0.975,580,16081,0,0
majority,104,target,004-syn-flood.csv,0.99,580,16081,0,0
majority,104,target,004-syn-flood.csv,0.995,580,16081,0,0
majority,104,target,004-syn-flood.csv,0.999,580,16081,0,0
majority,104,target,005-icmp-flood.csv,0.05,156,8364,0,0
majority,104,target,005-icmp-flood.csv,0.1,156,8364,0,0
majority,104,target,005-icmp-flood.csv,0.15,156,8364,0,0
majority,104,target,005-icmp-flood.csv,0.2,156,8364,0,0
majority,104,target,005-icmp-flood.csv,0.25,156,8364,0,0
majority,104,target,005-icmp-flood.csv,0.3,156,8364,0,0
majority,104,target,005-icmp-flood.csv,0.35,156,8364,0,0
majority,104,target,005-icmp-flood.csv,0.4,156,8364,0,0
majority,104,target,005-icmp-flood.csv,0.45,156,8364,0,0
majority,104,target,005-icmp-flood.csv,0.5,156,8364,0,0
majority,104,target,005-icmp-flood.csv,0.55,156,8364,0,0
majority,104,target,005-icmp-flood.csv,0.6,156,8364,0,0
majority,104,target,005-icmp-flood.csv,0.65,156,8364,0,0
majority,104,target,005-icmp-flood.csv,0.7,156,8364,0,0
majority,104,target,005-icmp-flood.csv,0.75,156,8364,0,0
majority,104,target,005-icmp-flood.csv,0.8,156,8364,0,0
majority,104,target,005-icmp-flood.csv,0.85,156,8364,0,0
majority,104,target,005-icmp-flood.csv,0.9,156,8364,0,0
majority,104,target,005-icmp-flood.csv,0.95,156,8364,0,0
majority,104,target,005-icmp-flood.csv,0.975,156,8364,0,0
majority,104,target,005-icmp-flood.csv,0.99,156,8364,0,0
majority,104,target,005-icmp-flood.csv,0.995,156,8364,0,0
majority,104,target,005-icmp-flood.csv,0.999,156,8364,0,0
stratified,104,target,003a-pfcp.csv,0.05,59,8536,44,5605
stratified,104,target,003a-pfcp.csv,0.1,59,8536,44,5605
stratified,104,target,003a-pfcp.csv,0.15,59,8536,44,5605
stratified,104,target,003a-pfcp.csv,0.2,59,8536,44,5605
stratified,104,target,003a-pfcp.csv,0.25,59,8536,44,5605
stratified,104,target,003a-pfcp.csv,0.3,59,8536,44,5605
stratified,104,target,003a-pfcp.csv,0.35,59,8536,44,5605
stratified,104,target,003a-pfcp.csv,0.4,59,8536,44,5605
stratified,104,target,003a-pfcp.csv,0.45,59,8536,44,5605
stratified,104,target,003a-pfcp.csv,0.5,59,8536,44,5605
stratified,104,target,003a-pfcp.csv,0.55,59,8536,44,5605
stratified,104,target,003a-pfcp.csv,0.6,59,8536,44,5605
stratified,104,target,003a-pfcp.csv,0.65,59,8536,44,5605
stratified,104,target,003a-pfcp.csv,0.7,59,8536,44,5605
stratified,104,target,003a-pfcp.csv,0.75,59,8536,44,5605
stratified,104,target,003a-pfcp.csv,0.8,59,8536,44,5605
stratified,104,target,003a-pfcp.csv,0.85,59,8536,44,5605
stratified,104,target,003a-pfcp.csv,0.9,59,8536,44,5605
stratified,104,target,003a-pfcp.csv,0.95,59,8536,44,5605
stratified,104,target,003a-pfcp.csv,0.975,59,8536,44,5605
stratified,104,target,003a-pfcp.csv,0.99,59,8536,44,5605
stratified,104,target,003a-pfcp.csv,0.995,59,8536,44,5605
stratified,104,target,003a-pfcp.csv,0.999,59,8536,44,5605
stratified,104,target,004-syn-flood.csv,0.05,338,9776,242,6305
stratified,104,target,004-syn-flood.csv,0.1,338,9776,242,6305
stratified,104,target,004-syn-flood.csv,0.15,338,9776,242,6305
stratified,104,target,004-syn-flood.csv,0.2,338,9776,242,6305
stratified,104,target,004-syn-flood.csv,0.25,338,9776,242,6305
stratified,104,target,004-syn-flood.csv,0.3,338,9776,242,6305
stratified,104,target,004-syn-flood.csv,0.35,338,9776,242,6305
stratified,104,target,004-syn-flood.csv,0.4,338,9776,242,6305
stratified,104,target,004-syn-flood.csv,0.45,338,9776,242,6305
stratified,104,target,004-syn-flood.csv,0.5,338,9776,242,6305
stratified,104,target,004-syn-flood.csv,0.55,338,9776,242,6305
stratified,104,target,004-syn-flood.csv,0.6,338,9776,242,6305
stratified,104,target,004-syn-flood.csv,0.65,338,9776,242,6305
stratified,104,target,004-syn-flood.csv,0.7,338,9776,242,6305
stratified,104,target,004-syn-flood.csv,0.75,338,9776,242,6305
stratified,104,target,004-syn-flood.csv,0.8,338,9776,242,6305
stratified,104,target,004-syn-flood.csv,0.85,338,9776,242,6305
stratified,104,target,004-syn-flood.csv,0.9,338,9776,242,6305
stratified,104,target,004-syn-flood.csv,0.95,338,9776,242,6305
stratified,104,target,004-syn-flood.csv,0.975,338,9776,242,6305
stratified,104,target,004-syn-flood.csv,0.99,338,9776,242,6305
stratified,104,target,004-syn-flood.csv,0.995,338,9776,242,6305
stratified,104,target,004-syn-flood.csv,0.999,338,9776,242,6305
stratified,104,target,005-icmp-flood.csv,0.05,84,5100,72,3264
stratified,104,target,005-icmp-flood.csv,0.1,84,5100,72,3264
stratified,104,target,005-icmp-flood.csv,0.15,84,5100,72,3264
stratified,104,target,005-icmp-flood.csv,0.2,84,5100,72,3264
stratified,104,target,005-icmp-flood.csv,0.25,84,5100,72,3264
stratified,104,target,005-icmp-flood.csv,0.3,84,5100,72,3264
stratified,104,target,005-icmp-flood.csv,0.35,84,5100,72,3264
stratified,104,target,005-icmp-flood.csv,0.4,84,5100,72,3264
stratified,104,target,005-icmp-flood.csv,0.45,84,5100,72,3264
stratified,104,target,005-icmp-flood.csv,0.5,84,5100,72,3264
stratified,104,target,005-icmp-flood.csv,0.55,84,5100,72,3264
stratified,104,target,005-icmp-flood.csv,0.6,84,5100,72,3264
stratified,104,target,005-icmp-flood.csv,0.65,84,5100,72,3264
stratified,104,target,005-icmp-flood.csv,0.7,84,5100,72,3264
stratified,104,target,005-icmp-flood.csv,0.75,84,5100,72,3264
stratified,104,target,005-icmp-flood.csv,0.8,84,5100,72,3264
stratified,104,target,005-icmp-flood.csv,0.85,84,5100,72,3264
stratified,104,target,005-icmp-flood.csv,0.9,84,5100,72,3264
stratified,104,target,005-icmp-flood.csv,0.95,84,5100,72,3264
stratified,104,target,005-icmp-flood.csv,0.975,84,5100,72,3264
stratified,104,target,005-icmp-flood.csv,0.99,84,5100,72,3264
stratified,104,target,005-icmp-flood.csv,0.995,84,5100,72,3264
stratified,104,target,005-icmp-flood.csv,0.999,84,5100,72,3264
logreg,104,target,003a-pfcp.csv,0.05,2,12098,101,2043
logreg,104,target,003a-pfcp.csv,0.1,2,11817,101,2324
logreg,104,target,003a-pfcp.csv,0.15,2,11499,101,2642
logreg,104,target,003a-pfcp.csv,0.2,2,11364,101,2777
logreg,104,target,003a-pfcp.csv,0.25,2,11283,101,2858
logreg,104,target,003a-pfcp.csv,0.3,2,11210,101,2931
logreg,104,target,003a-pfcp.csv,0.35,2,11159,101,2982
logreg,104,target,003a-pfcp.csv,0.4,2,11149,101,2992
logreg,104,target,003a-pfcp.csv,0.45,2,11145,101,2996
logreg,104,target,003a-pfcp.csv,0.5,2,11135,101,3006
logreg,104,target,003a-pfcp.csv,0.55,2,697,101,13444
logreg,104,target,003a-pfcp.csv,0.6,2,670,101,13471
logreg,104,target,003a-pfcp.csv,0.65,0,664,103,13477
logreg,104,target,003a-pfcp.csv,0.7,0,664,103,13477
logreg,104,target,003a-pfcp.csv,0.75,0,258,103,13883
logreg,104,target,003a-pfcp.csv,0.8,0,254,103,13887
logreg,104,target,003a-pfcp.csv,0.85,0,246,103,13895
logreg,104,target,003a-pfcp.csv,0.9,0,244,103,13897
logreg,104,target,003a-pfcp.csv,0.95,0,238,103,13903
logreg,104,target,003a-pfcp.csv,0.975,0,238,103,13903
logreg,104,target,003a-pfcp.csv,0.99,0,179,103,13962
logreg,104,target,003a-pfcp.csv,0.995,0,172,103,13969
logreg,104,target,003a-pfcp.csv,0.999,0,11,103,14130
logreg,104,target,004-syn-flood.csv,0.05,580,13576,0,2505
logreg,104,target,004-syn-flood.csv,0.1,580,13373,0,2708
logreg,104,target,004-syn-flood.csv,0.15,580,13160,0,2921
logreg,104,target,004-syn-flood.csv,0.2,580,13000,0,3081
logreg,104,target,004-syn-flood.csv,0.25,580,12910,0,3171
logreg,104,target,004-syn-flood.csv,0.3,580,12825,0,3256
logreg,104,target,004-syn-flood.csv,0.35,580,12760,0,3321
logreg,104,target,004-syn-flood.csv,0.4,580,12731,0,3350
logreg,104,target,004-syn-flood.csv,0.45,580,12726,0,3355
logreg,104,target,004-syn-flood.csv,0.5,580,12716,0,3365
logreg,104,target,004-syn-flood.csv,0.55,580,5337,0,10744
logreg,104,target,004-syn-flood.csv,0.6,580,5329,0,10752
logreg,104,target,004-syn-flood.csv,0.65,580,5325,0,10756
logreg,104,target,004-syn-flood.csv,0.7,580,5322,0,10759
logreg,104,target,004-syn-flood.csv,0.75,580,5322,0,10759
logreg,104,target,004-syn-flood.csv,0.8,580,5321,0,10760
logreg,104,target,004-syn-flood.csv,0.85,580,5306,0,10775
logreg,104,target,004-syn-flood.csv,0.9,580,5241,0,10840
logreg,104,target,004-syn-flood.csv,0.95,580,5220,0,10861
logreg,104,target,004-syn-flood.csv,0.975,580,5219,0,10862
logreg,104,target,004-syn-flood.csv,0.99,580,5218,0,10863
logreg,104,target,004-syn-flood.csv,0.995,580,879,0,15202
logreg,104,target,004-syn-flood.csv,0.999,0,0,580,16081
logreg,104,target,005-icmp-flood.csv,0.05,156,7110,0,1254
logreg,104,target,005-icmp-flood.csv,0.1,156,6999,0,1365
logreg,104,target,005-icmp-flood.csv,0.15,156,6802,0,1562
logreg,104,target,005-icmp-flood.csv,0.2,156,6645,0,1719
logreg,104,target,005-icmp-flood.csv,0.25,156,6506,0,1858
logreg,104,target,005-icmp-flood.csv,0.3,0,6435,156,1929
logreg,104,target,005-icmp-flood.csv,0.35,0,6387,156,1977
logreg,104,target,005-icmp-flood.csv,0.4,0,6385,156,1979
logreg,104,target,005-icmp-flood.csv,0.45,0,6380,156,1984
logreg,104,target,005-icmp-flood.csv,0.5,0,6376,156,1988
logreg,104,target,005-icmp-flood.csv,0.55,0,232,156,8132
logreg,104,target,005-icmp-flood.csv,0.6,0,230,156,8134
logreg,104,target,005-icmp-flood.csv,0.65,0,229,156,8135
logreg,104,target,005-icmp-flood.csv,0.7,0,222,156,8142
logreg,104,target,005-icmp-flood.csv,0.75,0,220,156,8144
logreg,104,target,005-icmp-flood.csv,0.8,0,219,156,8145
logreg,104,target,005-icmp-flood.csv,0.85,0,210,156,8154
logreg,104,target,005-icmp-flood.csv,0.9,0,208,156,8156
logreg,104,target,005-icmp-flood.csv,0.95,0,201,156,8163
logreg,104,target,005-icmp-flood.csv,0.975,0,201,156,8163
logreg,104,target,005-icmp-flood.csv,0.99,0,201,156,8163
logreg,104,target,005-icmp-flood.csv,0.995,0,192,156,8172
logreg,104,target,005-icmp-flood.csv,0.999,0,0,156,8364
tree,104,target,003a-pfcp.csv,0.05,2,11041,101,3100
tree,104,target,003a-pfcp.csv,0.1,2,11041,101,3100
tree,104,target,003a-pfcp.csv,0.15,2,11041,101,3100
tree,104,target,003a-pfcp.csv,0.2,2,11041,101,3100
tree,104,target,003a-pfcp.csv,0.25,2,11041,101,3100
tree,104,target,003a-pfcp.csv,0.3,2,11041,101,3100
tree,104,target,003a-pfcp.csv,0.35,2,11041,101,3100
tree,104,target,003a-pfcp.csv,0.4,2,11041,101,3100
tree,104,target,003a-pfcp.csv,0.45,2,11041,101,3100
tree,104,target,003a-pfcp.csv,0.5,2,11041,101,3100
tree,104,target,003a-pfcp.csv,0.55,2,11041,101,3100
tree,104,target,003a-pfcp.csv,0.6,2,11041,101,3100
tree,104,target,003a-pfcp.csv,0.65,2,11041,101,3100
tree,104,target,003a-pfcp.csv,0.7,2,11026,101,3115
tree,104,target,003a-pfcp.csv,0.75,2,11026,101,3115
tree,104,target,003a-pfcp.csv,0.8,2,10584,101,3557
tree,104,target,003a-pfcp.csv,0.85,2,10584,101,3557
tree,104,target,003a-pfcp.csv,0.9,2,10584,101,3557
tree,104,target,003a-pfcp.csv,0.95,2,10584,101,3557
tree,104,target,003a-pfcp.csv,0.975,2,10584,101,3557
tree,104,target,003a-pfcp.csv,0.99,2,10582,101,3559
tree,104,target,003a-pfcp.csv,0.995,2,10582,101,3559
tree,104,target,003a-pfcp.csv,0.999,2,10582,101,3559
tree,104,target,004-syn-flood.csv,0.05,440,12408,140,3673
tree,104,target,004-syn-flood.csv,0.1,440,12408,140,3673
tree,104,target,004-syn-flood.csv,0.15,440,12408,140,3673
tree,104,target,004-syn-flood.csv,0.2,440,12408,140,3673
tree,104,target,004-syn-flood.csv,0.25,440,12408,140,3673
tree,104,target,004-syn-flood.csv,0.3,440,12408,140,3673
tree,104,target,004-syn-flood.csv,0.35,440,12408,140,3673
tree,104,target,004-syn-flood.csv,0.4,440,12408,140,3673
tree,104,target,004-syn-flood.csv,0.45,440,12408,140,3673
tree,104,target,004-syn-flood.csv,0.5,440,12408,140,3673
tree,104,target,004-syn-flood.csv,0.55,440,12408,140,3673
tree,104,target,004-syn-flood.csv,0.6,440,12408,140,3673
tree,104,target,004-syn-flood.csv,0.65,440,12408,140,3673
tree,104,target,004-syn-flood.csv,0.7,0,11815,580,4266
tree,104,target,004-syn-flood.csv,0.75,0,11815,580,4266
tree,104,target,004-syn-flood.csv,0.8,0,11815,580,4266
tree,104,target,004-syn-flood.csv,0.85,0,11815,580,4266
tree,104,target,004-syn-flood.csv,0.9,0,11815,580,4266
tree,104,target,004-syn-flood.csv,0.95,0,11815,580,4266
tree,104,target,004-syn-flood.csv,0.975,0,11815,580,4266
tree,104,target,004-syn-flood.csv,0.99,0,11815,580,4266
tree,104,target,004-syn-flood.csv,0.995,0,11815,580,4266
tree,104,target,004-syn-flood.csv,0.999,0,11815,580,4266
tree,104,target,005-icmp-flood.csv,0.05,0,6255,156,2109
tree,104,target,005-icmp-flood.csv,0.1,0,6255,156,2109
tree,104,target,005-icmp-flood.csv,0.15,0,6255,156,2109
tree,104,target,005-icmp-flood.csv,0.2,0,6255,156,2109
tree,104,target,005-icmp-flood.csv,0.25,0,6255,156,2109
tree,104,target,005-icmp-flood.csv,0.3,0,6255,156,2109
tree,104,target,005-icmp-flood.csv,0.35,0,6255,156,2109
tree,104,target,005-icmp-flood.csv,0.4,0,6255,156,2109
tree,104,target,005-icmp-flood.csv,0.45,0,6255,156,2109
tree,104,target,005-icmp-flood.csv,0.5,0,6255,156,2109
tree,104,target,005-icmp-flood.csv,0.55,0,6255,156,2109
tree,104,target,005-icmp-flood.csv,0.6,0,6255,156,2109
tree,104,target,005-icmp-flood.csv,0.65,0,6255,156,2109
tree,104,target,005-icmp-flood.csv,0.7,0,6249,156,2115
tree,104,target,005-icmp-flood.csv,0.75,0,6249,156,2115
tree,104,target,005-icmp-flood.csv,0.8,0,6249,156,2115
tree,104,target,005-icmp-flood.csv,0.85,0,6249,156,2115
tree,104,target,005-icmp-flood.csv,0.9,0,6249,156,2115
tree,104,target,005-icmp-flood.csv,0.95,0,6249,156,2115
tree,104,target,005-icmp-flood.csv,0.975,0,6249,156,2115
tree,104,target,005-icmp-flood.csv,0.99,0,6249,156,2115
tree,104,target,005-icmp-flood.csv,0.995,0,6249,156,2115
tree,104,target,005-icmp-flood.csv,0.999,0,6249,156,2115
rf,104,target,003a-pfcp.csv,0.05,101,13441,2,700
rf,104,target,003a-pfcp.csv,0.1,101,13144,2,997
rf,104,target,003a-pfcp.csv,0.15,101,11347,2,2794
rf,104,target,003a-pfcp.csv,0.2,101,11322,2,2819
rf,104,target,003a-pfcp.csv,0.25,101,11272,2,2869
rf,104,target,003a-pfcp.csv,0.3,101,11229,2,2912
rf,104,target,003a-pfcp.csv,0.35,94,11173,9,2968
rf,104,target,003a-pfcp.csv,0.4,3,11075,100,3066
rf,104,target,003a-pfcp.csv,0.45,2,11072,101,3069
rf,104,target,003a-pfcp.csv,0.5,2,11071,101,3070
rf,104,target,003a-pfcp.csv,0.55,2,10958,101,3183
rf,104,target,003a-pfcp.csv,0.6,0,517,103,13624
rf,104,target,003a-pfcp.csv,0.65,0,514,103,13627
rf,104,target,003a-pfcp.csv,0.7,0,500,103,13641
rf,104,target,003a-pfcp.csv,0.75,0,92,103,14049
rf,104,target,003a-pfcp.csv,0.8,0,76,103,14065
rf,104,target,003a-pfcp.csv,0.85,0,67,103,14074
rf,104,target,003a-pfcp.csv,0.9,0,67,103,14074
rf,104,target,003a-pfcp.csv,0.95,0,59,103,14082
rf,104,target,003a-pfcp.csv,0.975,0,59,103,14082
rf,104,target,003a-pfcp.csv,0.99,0,59,103,14082
rf,104,target,003a-pfcp.csv,0.995,0,59,103,14082
rf,104,target,003a-pfcp.csv,0.999,0,59,103,14082
rf,104,target,004-syn-flood.csv,0.05,580,15041,0,1040
rf,104,target,004-syn-flood.csv,0.1,580,14921,0,1160
rf,104,target,004-syn-flood.csv,0.15,580,12942,0,3139
rf,104,target,004-syn-flood.csv,0.2,580,12619,0,3462
rf,104,target,004-syn-flood.csv,0.25,580,12618,0,3463
rf,104,target,004-syn-flood.csv,0.3,580,12616,0,3465
rf,104,target,004-syn-flood.csv,0.35,580,12580,0,3501
rf,104,target,004-syn-flood.csv,0.4,580,12539,0,3542
rf,104,target,004-syn-flood.csv,0.45,580,12492,0,3589
rf,104,target,004-syn-flood.csv,0.5,580,12480,0,3601
rf,104,target,004-syn-flood.csv,0.55,580,12341,0,3740
rf,104,target,004-syn-flood.csv,0.6,580,4965,0,11116
rf,104,target,004-syn-flood.csv,0.65,580,4961,0,11120
rf,104,target,004-syn-flood.csv,0.7,580,4959,0,11122
rf,104,target,004-syn-flood.csv,0.75,440,4920,140,11161
rf,104,target,004-syn-flood.csv,0.8,440,4908,140,11173
rf,104,target,004-syn-flood.csv,0.85,0,4327,580,11754
rf,104,target,004-syn-flood.csv,0.9,0,4327,580,11754
rf,104,target,004-syn-flood.csv,0.95,0,4326,580,11755
rf,104,target,004-syn-flood.csv,0.975,0,4326,580,11755
rf,104,target,004-syn-flood.csv,0.99,0,4326,580,11755
rf,104,target,004-syn-flood.csv,0.995,0,0,580,16081
rf,104,target,004-syn-flood.csv,0.999,0,0,580,16081
rf,104,target,005-icmp-flood.csv,0.05,156,7621,0,743
rf,104,target,005-icmp-flood.csv,0.1,156,7495,0,869
rf,104,target,005-icmp-flood.csv,0.15,156,6394,0,1970
rf,104,target,005-icmp-flood.csv,0.2,156,6391,0,1973
rf,104,target,005-icmp-flood.csv,0.25,156,6390,0,1974
rf,104,target,005-icmp-flood.csv,0.3,156,6389,0,1975
rf,104,target,005-icmp-flood.csv,0.35,156,6365,0,1999
rf,104,target,005-icmp-flood.csv,0.4,156,6331,0,2033
rf,104,target,005-icmp-flood.csv,0.45,156,6257,0,2107
rf,104,target,005-icmp-flood.csv,0.5,0,6245,156,2119
rf,104,target,005-icmp-flood.csv,0.55,0,6154,156,2210
rf,104,target,005-icmp-flood.csv,0.6,0,10,156,8354
rf,104,target,005-icmp-flood.csv,0.65,0,8,156,8356
rf,104,target,005-icmp-flood.csv,0.7,0,8,156,8356
rf,104,target,005-icmp-flood.csv,0.75,0,8,156,8356
rf,104,target,005-icmp-flood.csv,0.8,0,1,156,8363
rf,104,target,005-icmp-flood.csv,0.85,0,0,156,8364
rf,104,target,005-icmp-flood.csv,0.9,0,0,156,8364
rf,104,target,005-icmp-flood.csv,0.95,0,0,156,8364
rf,104,target,005-icmp-flood.csv,0.975,0,0,156,8364
rf,104,target,005-icmp-flood.csv,0.99,0,0,156,8364
rf,104,target,005-icmp-flood.csv,0.995,0,0,156,8364
rf,104,target,005-icmp-flood.csv,0.999,0,0,156,8364
xgboost,104,target,003a-pfcp.csv,0.05,101,11189,2,2952
xgboost,104,target,003a-pfcp.csv,0.1,101,11168,2,2973
xgboost,104,target,003a-pfcp.csv,0.15,101,11141,2,3000
xgboost,104,target,003a-pfcp.csv,0.2,101,11140,2,3001
xgboost,104,target,003a-pfcp.csv,0.25,101,11140,2,3001
xgboost,104,target,003a-pfcp.csv,0.3,101,11103,2,3038
xgboost,104,target,003a-pfcp.csv,0.35,101,11103,2,3038
xgboost,104,target,003a-pfcp.csv,0.4,101,11103,2,3038
xgboost,104,target,003a-pfcp.csv,0.45,101,11103,2,3038
xgboost,104,target,003a-pfcp.csv,0.5,101,11102,2,3039
xgboost,104,target,003a-pfcp.csv,0.55,99,11102,4,3039
xgboost,104,target,003a-pfcp.csv,0.6,90,11083,13,3058
xgboost,104,target,003a-pfcp.csv,0.65,57,11082,46,3059
xgboost,104,target,003a-pfcp.csv,0.7,7,11001,96,3140
xgboost,104,target,003a-pfcp.csv,0.75,2,1837,101,12304
xgboost,104,target,003a-pfcp.csv,0.8,2,1835,101,12306
xgboost,104,target,003a-pfcp.csv,0.85,0,153,103,13988
xgboost,104,target,003a-pfcp.csv,0.9,0,152,103,13989
xgboost,104,target,003a-pfcp.csv,0.95,0,126,103,14015
xgboost,104,target,003a-pfcp.csv,0.975,0,114,103,14027
xgboost,104,target,003a-pfcp.csv,0.99,0,84,103,14057
xgboost,104,target,003a-pfcp.csv,0.995,0,84,103,14057
xgboost,104,target,003a-pfcp.csv,0.999,0,70,103,14071
xgboost,104,target,004-syn-flood.csv,0.05,580,12617,0,3464
xgboost,104,target,004-syn-flood.csv,0.1,580,12596,0,3485
xgboost,104,target,004-syn-flood.csv,0.15,580,12594,0,3487
xgboost,104,target,004-syn-flood.csv,0.2,580,12588,0,3493
xgboost,104,target,004-syn-flood.csv,0.25,580,12584,0,3497
xgboost,104,target,004-syn-flood.csv,0.3,580,12572,0,3509
xgboost,104,target,004-syn-flood.csv,0.35,580,12572,0,3509
xgboost,104,target,004-syn-flood.csv,0.4,580,12572,0,3509
xgboost,104,target,004-syn-flood.csv,0.45,580,12530,0,3551
xgboost,104,target,004-syn-flood.csv,0.5,580,12492,0,3589
xgboost,104,target,004-syn-flood.csv,0.55,580,12490,0,3591
xgboost,104,target,004-syn-flood.csv,0.6,580,12451,0,3630
xgboost,104,target,004-syn-flood.csv,0.65,580,12438,0,3643
xgboost,104,target,004-syn-flood.csv,0.7,580,12351,0,3730
xgboost,104,target,004-syn-flood.csv,0.75,580,5683,0,10398
xgboost,104,target,004-syn-flood.csv,0.8,580,5683,0,10398
xgboost,104,target,004-syn-flood.csv,0.85,580,4980,0,11101
xgboost,104,target,004-syn-flood.csv,0.9,580,4980,0,11101
xgboost,104,target,004-syn-flood.csv,0.95,440,4940,140,11141
xgboost,104,target,004-syn-flood.csv,0.975,440,4926,140,11155
xgboost,104,target,004-syn-flood.csv,0.99,440,4908,140,11173
xgboost,104,target,004-syn-flood.csv,0.995,0,4326,580,11755
xgboost,104,target,004-syn-flood.csv,0.999,0,4326,580,11755
xgboost,104,target,005-icmp-flood.csv,0.05,156,6390,0,1974
xgboost,104,target,005-icmp-flood.csv,0.1,156,6379,0,1985
xgboost,104,target,005-icmp-flood.csv,0.15,156,6374,0,1990
xgboost,104,target,005-icmp-flood.csv,0.2,156,6370,0,1994
xgboost,104,target,005-icmp-flood.csv,0.25,156,6361,0,2003
xgboost,104,target,005-icmp-flood.csv,0.3,156,6361,0,2003
xgboost,104,target,005-icmp-flood.csv,0.35,156,6361,0,2003
xgboost,104,target,005-icmp-flood.csv,0.4,156,6361,0,2003
xgboost,104,target,005-icmp-flood.csv,0.45,156,6314,0,2050
xgboost,104,target,005-icmp-flood.csv,0.5,156,6281,0,2083
xgboost,104,target,005-icmp-flood.csv,0.55,156,6281,0,2083
xgboost,104,target,005-icmp-flood.csv,0.6,100,6250,56,2114
xgboost,104,target,005-icmp-flood.csv,0.65,91,6242,65,2122
xgboost,104,target,005-icmp-flood.csv,0.7,91,6192,65,2172
xgboost,104,target,005-icmp-flood.csv,0.75,0,555,156,7809
xgboost,104,target,005-icmp-flood.csv,0.8,0,539,156,7825
xgboost,104,target,005-icmp-flood.csv,0.85,0,23,156,8341
xgboost,104,target,005-icmp-flood.csv,0.9,0,22,156,8342
xgboost,104,target,005-icmp-flood.csv,0.95,0,20,156,8344
xgboost,104,target,005-icmp-flood.csv,0.975,0,10,156,8354
xgboost,104,target,005-icmp-flood.csv,0.99,0,0,156,8364
xgboost,104,target,005-icmp-flood.csv,0.995,0,0,156,8364
xgboost,104,target,005-icmp-flood.csv,0.999,0,0,156,8364
hgb,104,target,003a-pfcp.csv,0.05,101,11223,2,2918
hgb,104,target,003a-pfcp.csv,0.1,101,11132,2,3009
hgb,104,target,003a-pfcp.csv,0.15,99,11115,4,3026
hgb,104,target,003a-pfcp.csv,0.2,26,11042,77,3099
hgb,104,target,003a-pfcp.csv,0.25,26,11025,77,3116
hgb,104,target,003a-pfcp.csv,0.3,3,11025,100,3116
hgb,104,target,003a-pfcp.csv,0.35,3,11025,100,3116
hgb,104,target,003a-pfcp.csv,0.4,3,11002,100,3139
hgb,104,target,003a-pfcp.csv,0.45,3,11002,100,3139
hgb,104,target,003a-pfcp.csv,0.5,3,11002,100,3139
hgb,104,target,003a-pfcp.csv,0.55,3,11002,100,3139
hgb,104,target,003a-pfcp.csv,0.6,3,11000,100,3141
hgb,104,target,003a-pfcp.csv,0.65,2,11000,101,3141
hgb,104,target,003a-pfcp.csv,0.7,2,11000,101,3141
hgb,104,target,003a-pfcp.csv,0.75,2,9700,101,4441
hgb,104,target,003a-pfcp.csv,0.8,2,9294,101,4847
hgb,104,target,003a-pfcp.csv,0.85,2,9294,101,4847
hgb,104,target,003a-pfcp.csv,0.9,0,128,103,14013
hgb,104,target,003a-pfcp.csv,0.95,0,125,103,14016
hgb,104,target,003a-pfcp.csv,0.975,0,121,103,14020
hgb,104,target,003a-pfcp.csv,0.99,0,111,103,14030
hgb,104,target,003a-pfcp.csv,0.995,0,93,103,14048
hgb,104,target,003a-pfcp.csv,0.999,0,62,103,14079
hgb,104,target,004-syn-flood.csv,0.05,580,12609,0,3472
hgb,104,target,004-syn-flood.csv,0.1,580,12520,0,3561
hgb,104,target,004-syn-flood.csv,0.15,580,12510,0,3571
hgb,104,target,004-syn-flood.csv,0.2,580,12482,0,3599
hgb,104,target,004-syn-flood.csv,0.25,580,12482,0,3599
hgb,104,target,004-syn-flood.csv,0.3,440,12443,140,3638
hgb,104,target,004-syn-flood.csv,0.35,440,12443,140,3638
hgb,104,target,004-syn-flood.csv,0.4,440,12391,140,3690
hgb,104,target,004-syn-flood.csv,0.45,440,12391,140,3690
hgb,104,target,004-syn-flood.csv,0.5,440,12391,140,3690
hgb,104,target,004-syn-flood.csv,0.55,440,12391,140,3690
hgb,104,target,004-syn-flood.csv,0.6,440,12391,140,3690
hgb,104,target,004-syn-flood.csv,0.65,440,12391,140,3690
hgb,104,target,004-syn-flood.csv,0.7,440,12390,140,3691
hgb,104,target,004-syn-flood.csv,0.75,440,11687,140,4394
hgb,104,target,004-syn-flood.csv,0.8,440,11687,140,4394
hgb,104,target,004-syn-flood.csv,0.85,440,11607,140,4474
hgb,104,target,004-syn-flood.csv,0.9,440,4939,140,11142
hgb,104,target,004-syn-flood.csv,0.95,440,4928,140,11153
hgb,104,target,004-syn-flood.csv,0.975,440,4928,140,11153
hgb,104,target,004-syn-flood.csv,0.99,0,4332,580,11749
hgb,104,target,004-syn-flood.csv,0.995,0,4332,580,11749
hgb,104,target,004-syn-flood.csv,0.999,0,4328,580,11753
hgb,104,target,005-icmp-flood.csv,0.05,156,6394,0,1970
hgb,104,target,005-icmp-flood.csv,0.1,156,6336,0,2028
hgb,104,target,005-icmp-flood.csv,0.15,156,6327,0,2037
hgb,104,target,005-icmp-flood.csv,0.2,156,6311,0,2053
hgb,104,target,005-icmp-flood.csv,0.25,156,6311,0,2053
hgb,104,target,005-icmp-flood.csv,0.3,156,6311,0,2053
hgb,104,target,005-icmp-flood.csv,0.35,156,6311,0,2053
hgb,104,target,005-icmp-flood.csv,0.4,156,6275,0,2089
hgb,104,target,005-icmp-flood.csv,0.45,156,6275,0,2089
hgb,104,target,005-icmp-flood.csv,0.5,156,6275,0,2089
hgb,104,target,005-icmp-flood.csv,0.55,156,6275,0,2089
hgb,104,target,005-icmp-flood.csv,0.6,156,6273,0,2091
hgb,104,target,005-icmp-flood.csv,0.65,156,6273,0,2091
hgb,104,target,005-icmp-flood.csv,0.7,156,6264,0,2100
hgb,104,target,005-icmp-flood.csv,0.75,156,5735,0,2629
hgb,104,target,005-icmp-flood.csv,0.8,156,5735,0,2629
hgb,104,target,005-icmp-flood.csv,0.85,156,5653,0,2711
hgb,104,target,005-icmp-flood.csv,0.9,149,24,7,8340
hgb,104,target,005-icmp-flood.csv,0.95,0,13,156,8351
hgb,104,target,005-icmp-flood.csv,0.975,0,13,156,8351
hgb,104,target,005-icmp-flood.csv,0.99,0,4,156,8360
hgb,104,target,005-icmp-flood.csv,0.995,0,4,156,8360
hgb,104,target,005-icmp-flood.csv,0.999,0,0,156,8364
mlp,104,target,003a-pfcp.csv,0.05,0,793,103,13348
mlp,104,target,003a-pfcp.csv,0.1,0,728,103,13413
mlp,104,target,003a-pfcp.csv,0.15,0,717,103,13424
mlp,104,target,003a-pfcp.csv,0.2,0,717,103,13424
mlp,104,target,003a-pfcp.csv,0.25,0,717,103,13424
mlp,104,target,003a-pfcp.csv,0.3,0,691,103,13450
mlp,104,target,003a-pfcp.csv,0.35,0,691,103,13450
mlp,104,target,003a-pfcp.csv,0.4,0,691,103,13450
mlp,104,target,003a-pfcp.csv,0.45,0,691,103,13450
mlp,104,target,003a-pfcp.csv,0.5,0,690,103,13451
mlp,104,target,003a-pfcp.csv,0.55,0,690,103,13451
mlp,104,target,003a-pfcp.csv,0.6,0,690,103,13451
mlp,104,target,003a-pfcp.csv,0.65,0,284,103,13857
mlp,104,target,003a-pfcp.csv,0.7,0,282,103,13859
mlp,104,target,003a-pfcp.csv,0.75,0,281,103,13860
mlp,104,target,003a-pfcp.csv,0.8,0,281,103,13860
mlp,104,target,003a-pfcp.csv,0.85,0,279,103,13862
mlp,104,target,003a-pfcp.csv,0.9,0,278,103,13863
mlp,104,target,003a-pfcp.csv,0.95,0,249,103,13892
mlp,104,target,003a-pfcp.csv,0.975,0,205,103,13936
mlp,104,target,003a-pfcp.csv,0.99,0,203,103,13938
mlp,104,target,003a-pfcp.csv,0.995,0,203,103,13938
mlp,104,target,003a-pfcp.csv,0.999,0,203,103,13938
mlp,104,target,004-syn-flood.csv,0.05,580,5182,0,10899
mlp,104,target,004-syn-flood.csv,0.1,580,5181,0,10900
mlp,104,target,004-syn-flood.csv,0.15,580,5181,0,10900
mlp,104,target,004-syn-flood.csv,0.2,580,5181,0,10900
mlp,104,target,004-syn-flood.csv,0.25,580,5181,0,10900
mlp,104,target,004-syn-flood.csv,0.3,580,5180,0,10901
mlp,104,target,004-syn-flood.csv,0.35,580,5180,0,10901
mlp,104,target,004-syn-flood.csv,0.4,580,5180,0,10901
mlp,104,target,004-syn-flood.csv,0.45,580,5180,0,10901
mlp,104,target,004-syn-flood.csv,0.5,580,5180,0,10901
mlp,104,target,004-syn-flood.csv,0.55,580,5180,0,10901
mlp,104,target,004-syn-flood.csv,0.6,580,5180,0,10901
mlp,104,target,004-syn-flood.csv,0.65,580,5180,0,10901
mlp,104,target,004-syn-flood.csv,0.7,580,5180,0,10901
mlp,104,target,004-syn-flood.csv,0.75,580,5180,0,10901
mlp,104,target,004-syn-flood.csv,0.8,580,5180,0,10901
mlp,104,target,004-syn-flood.csv,0.85,580,5180,0,10901
mlp,104,target,004-syn-flood.csv,0.9,580,5180,0,10901
mlp,104,target,004-syn-flood.csv,0.95,580,5145,0,10936
mlp,104,target,004-syn-flood.csv,0.975,580,5106,0,10975
mlp,104,target,004-syn-flood.csv,0.99,580,5097,0,10984
mlp,104,target,004-syn-flood.csv,0.995,580,5097,0,10984
mlp,104,target,004-syn-flood.csv,0.999,0,4476,580,11605
mlp,104,target,005-icmp-flood.csv,0.05,156,153,0,8211
mlp,104,target,005-icmp-flood.csv,0.1,156,153,0,8211
mlp,104,target,005-icmp-flood.csv,0.15,156,153,0,8211
mlp,104,target,005-icmp-flood.csv,0.2,156,153,0,8211
mlp,104,target,005-icmp-flood.csv,0.25,156,152,0,8212
mlp,104,target,005-icmp-flood.csv,0.3,156,152,0,8212
mlp,104,target,005-icmp-flood.csv,0.35,156,152,0,8212
mlp,104,target,005-icmp-flood.csv,0.4,156,152,0,8212
mlp,104,target,005-icmp-flood.csv,0.45,156,152,0,8212
mlp,104,target,005-icmp-flood.csv,0.5,156,152,0,8212
mlp,104,target,005-icmp-flood.csv,0.55,156,152,0,8212
mlp,104,target,005-icmp-flood.csv,0.6,156,152,0,8212
mlp,104,target,005-icmp-flood.csv,0.65,156,152,0,8212
mlp,104,target,005-icmp-flood.csv,0.7,156,152,0,8212
mlp,104,target,005-icmp-flood.csv,0.75,156,152,0,8212
mlp,104,target,005-icmp-flood.csv,0.8,156,152,0,8212
mlp,104,target,005-icmp-flood.csv,0.85,156,151,0,8213
mlp,104,target,005-icmp-flood.csv,0.9,156,151,0,8213
mlp,104,target,005-icmp-flood.csv,0.95,156,128,0,8236
mlp,104,target,005-icmp-flood.csv,0.975,156,106,0,8258
mlp,104,target,005-icmp-flood.csv,0.99,155,99,1,8265
mlp,104,target,005-icmp-flood.csv,0.995,144,99,12,8265
mlp,104,target,005-icmp-flood.csv,0.999,0,93,156,8271
majority,105,target,003a-pfcp.csv,0.05,103,14141,0,0
majority,105,target,003a-pfcp.csv,0.1,103,14141,0,0
majority,105,target,003a-pfcp.csv,0.15,103,14141,0,0
majority,105,target,003a-pfcp.csv,0.2,103,14141,0,0
majority,105,target,003a-pfcp.csv,0.25,103,14141,0,0
majority,105,target,003a-pfcp.csv,0.3,103,14141,0,0
majority,105,target,003a-pfcp.csv,0.35,103,14141,0,0
majority,105,target,003a-pfcp.csv,0.4,103,14141,0,0
majority,105,target,003a-pfcp.csv,0.45,103,14141,0,0
majority,105,target,003a-pfcp.csv,0.5,103,14141,0,0
majority,105,target,003a-pfcp.csv,0.55,103,14141,0,0
majority,105,target,003a-pfcp.csv,0.6,103,14141,0,0
majority,105,target,003a-pfcp.csv,0.65,103,14141,0,0
majority,105,target,003a-pfcp.csv,0.7,103,14141,0,0
majority,105,target,003a-pfcp.csv,0.75,103,14141,0,0
majority,105,target,003a-pfcp.csv,0.8,103,14141,0,0
majority,105,target,003a-pfcp.csv,0.85,103,14141,0,0
majority,105,target,003a-pfcp.csv,0.9,103,14141,0,0
majority,105,target,003a-pfcp.csv,0.95,103,14141,0,0
majority,105,target,003a-pfcp.csv,0.975,103,14141,0,0
majority,105,target,003a-pfcp.csv,0.99,103,14141,0,0
majority,105,target,003a-pfcp.csv,0.995,103,14141,0,0
majority,105,target,003a-pfcp.csv,0.999,103,14141,0,0
majority,105,target,004-syn-flood.csv,0.05,580,16081,0,0
majority,105,target,004-syn-flood.csv,0.1,580,16081,0,0
majority,105,target,004-syn-flood.csv,0.15,580,16081,0,0
majority,105,target,004-syn-flood.csv,0.2,580,16081,0,0
majority,105,target,004-syn-flood.csv,0.25,580,16081,0,0
majority,105,target,004-syn-flood.csv,0.3,580,16081,0,0
majority,105,target,004-syn-flood.csv,0.35,580,16081,0,0
majority,105,target,004-syn-flood.csv,0.4,580,16081,0,0
majority,105,target,004-syn-flood.csv,0.45,580,16081,0,0
majority,105,target,004-syn-flood.csv,0.5,580,16081,0,0
majority,105,target,004-syn-flood.csv,0.55,580,16081,0,0
majority,105,target,004-syn-flood.csv,0.6,580,16081,0,0
majority,105,target,004-syn-flood.csv,0.65,580,16081,0,0
majority,105,target,004-syn-flood.csv,0.7,580,16081,0,0
majority,105,target,004-syn-flood.csv,0.75,580,16081,0,0
majority,105,target,004-syn-flood.csv,0.8,580,16081,0,0
majority,105,target,004-syn-flood.csv,0.85,580,16081,0,0
majority,105,target,004-syn-flood.csv,0.9,580,16081,0,0
majority,105,target,004-syn-flood.csv,0.95,580,16081,0,0
majority,105,target,004-syn-flood.csv,0.975,580,16081,0,0
majority,105,target,004-syn-flood.csv,0.99,580,16081,0,0
majority,105,target,004-syn-flood.csv,0.995,580,16081,0,0
majority,105,target,004-syn-flood.csv,0.999,580,16081,0,0
majority,105,target,005-icmp-flood.csv,0.05,156,8364,0,0
majority,105,target,005-icmp-flood.csv,0.1,156,8364,0,0
majority,105,target,005-icmp-flood.csv,0.15,156,8364,0,0
majority,105,target,005-icmp-flood.csv,0.2,156,8364,0,0
majority,105,target,005-icmp-flood.csv,0.25,156,8364,0,0
majority,105,target,005-icmp-flood.csv,0.3,156,8364,0,0
majority,105,target,005-icmp-flood.csv,0.35,156,8364,0,0
majority,105,target,005-icmp-flood.csv,0.4,156,8364,0,0
majority,105,target,005-icmp-flood.csv,0.45,156,8364,0,0
majority,105,target,005-icmp-flood.csv,0.5,156,8364,0,0
majority,105,target,005-icmp-flood.csv,0.55,156,8364,0,0
majority,105,target,005-icmp-flood.csv,0.6,156,8364,0,0
majority,105,target,005-icmp-flood.csv,0.65,156,8364,0,0
majority,105,target,005-icmp-flood.csv,0.7,156,8364,0,0
majority,105,target,005-icmp-flood.csv,0.75,156,8364,0,0
majority,105,target,005-icmp-flood.csv,0.8,156,8364,0,0
majority,105,target,005-icmp-flood.csv,0.85,156,8364,0,0
majority,105,target,005-icmp-flood.csv,0.9,156,8364,0,0
majority,105,target,005-icmp-flood.csv,0.95,156,8364,0,0
majority,105,target,005-icmp-flood.csv,0.975,156,8364,0,0
majority,105,target,005-icmp-flood.csv,0.99,156,8364,0,0
majority,105,target,005-icmp-flood.csv,0.995,156,8364,0,0
majority,105,target,005-icmp-flood.csv,0.999,156,8364,0,0
stratified,105,target,003a-pfcp.csv,0.05,59,8528,44,5613
stratified,105,target,003a-pfcp.csv,0.1,59,8528,44,5613
stratified,105,target,003a-pfcp.csv,0.15,59,8528,44,5613
stratified,105,target,003a-pfcp.csv,0.2,59,8528,44,5613
stratified,105,target,003a-pfcp.csv,0.25,59,8528,44,5613
stratified,105,target,003a-pfcp.csv,0.3,59,8528,44,5613
stratified,105,target,003a-pfcp.csv,0.35,59,8528,44,5613
stratified,105,target,003a-pfcp.csv,0.4,59,8528,44,5613
stratified,105,target,003a-pfcp.csv,0.45,59,8528,44,5613
stratified,105,target,003a-pfcp.csv,0.5,59,8528,44,5613
stratified,105,target,003a-pfcp.csv,0.55,59,8528,44,5613
stratified,105,target,003a-pfcp.csv,0.6,59,8528,44,5613
stratified,105,target,003a-pfcp.csv,0.65,59,8528,44,5613
stratified,105,target,003a-pfcp.csv,0.7,59,8528,44,5613
stratified,105,target,003a-pfcp.csv,0.75,59,8528,44,5613
stratified,105,target,003a-pfcp.csv,0.8,59,8528,44,5613
stratified,105,target,003a-pfcp.csv,0.85,59,8528,44,5613
stratified,105,target,003a-pfcp.csv,0.9,59,8528,44,5613
stratified,105,target,003a-pfcp.csv,0.95,59,8528,44,5613
stratified,105,target,003a-pfcp.csv,0.975,59,8528,44,5613
stratified,105,target,003a-pfcp.csv,0.99,59,8528,44,5613
stratified,105,target,003a-pfcp.csv,0.995,59,8528,44,5613
stratified,105,target,003a-pfcp.csv,0.999,59,8528,44,5613
stratified,105,target,004-syn-flood.csv,0.05,338,9770,242,6311
stratified,105,target,004-syn-flood.csv,0.1,338,9770,242,6311
stratified,105,target,004-syn-flood.csv,0.15,338,9770,242,6311
stratified,105,target,004-syn-flood.csv,0.2,338,9770,242,6311
stratified,105,target,004-syn-flood.csv,0.25,338,9770,242,6311
stratified,105,target,004-syn-flood.csv,0.3,338,9770,242,6311
stratified,105,target,004-syn-flood.csv,0.35,338,9770,242,6311
stratified,105,target,004-syn-flood.csv,0.4,338,9770,242,6311
stratified,105,target,004-syn-flood.csv,0.45,338,9770,242,6311
stratified,105,target,004-syn-flood.csv,0.5,338,9770,242,6311
stratified,105,target,004-syn-flood.csv,0.55,338,9770,242,6311
stratified,105,target,004-syn-flood.csv,0.6,338,9770,242,6311
stratified,105,target,004-syn-flood.csv,0.65,338,9770,242,6311
stratified,105,target,004-syn-flood.csv,0.7,338,9770,242,6311
stratified,105,target,004-syn-flood.csv,0.75,338,9770,242,6311
stratified,105,target,004-syn-flood.csv,0.8,338,9770,242,6311
stratified,105,target,004-syn-flood.csv,0.85,338,9770,242,6311
stratified,105,target,004-syn-flood.csv,0.9,338,9770,242,6311
stratified,105,target,004-syn-flood.csv,0.95,338,9770,242,6311
stratified,105,target,004-syn-flood.csv,0.975,338,9770,242,6311
stratified,105,target,004-syn-flood.csv,0.99,338,9770,242,6311
stratified,105,target,004-syn-flood.csv,0.995,338,9770,242,6311
stratified,105,target,004-syn-flood.csv,0.999,338,9770,242,6311
stratified,105,target,005-icmp-flood.csv,0.05,84,5095,72,3269
stratified,105,target,005-icmp-flood.csv,0.1,84,5095,72,3269
stratified,105,target,005-icmp-flood.csv,0.15,84,5095,72,3269
stratified,105,target,005-icmp-flood.csv,0.2,84,5095,72,3269
stratified,105,target,005-icmp-flood.csv,0.25,84,5095,72,3269
stratified,105,target,005-icmp-flood.csv,0.3,84,5095,72,3269
stratified,105,target,005-icmp-flood.csv,0.35,84,5095,72,3269
stratified,105,target,005-icmp-flood.csv,0.4,84,5095,72,3269
stratified,105,target,005-icmp-flood.csv,0.45,84,5095,72,3269
stratified,105,target,005-icmp-flood.csv,0.5,84,5095,72,3269
stratified,105,target,005-icmp-flood.csv,0.55,84,5095,72,3269
stratified,105,target,005-icmp-flood.csv,0.6,84,5095,72,3269
stratified,105,target,005-icmp-flood.csv,0.65,84,5095,72,3269
stratified,105,target,005-icmp-flood.csv,0.7,84,5095,72,3269
stratified,105,target,005-icmp-flood.csv,0.75,84,5095,72,3269
stratified,105,target,005-icmp-flood.csv,0.8,84,5095,72,3269
stratified,105,target,005-icmp-flood.csv,0.85,84,5095,72,3269
stratified,105,target,005-icmp-flood.csv,0.9,84,5095,72,3269
stratified,105,target,005-icmp-flood.csv,0.95,84,5095,72,3269
stratified,105,target,005-icmp-flood.csv,0.975,84,5095,72,3269
stratified,105,target,005-icmp-flood.csv,0.99,84,5095,72,3269
stratified,105,target,005-icmp-flood.csv,0.995,84,5095,72,3269
stratified,105,target,005-icmp-flood.csv,0.999,84,5095,72,3269
logreg,105,target,003a-pfcp.csv,0.05,2,12076,101,2065
logreg,105,target,003a-pfcp.csv,0.1,2,11801,101,2340
logreg,105,target,003a-pfcp.csv,0.15,2,11627,101,2514
logreg,105,target,003a-pfcp.csv,0.2,2,11430,101,2711
logreg,105,target,003a-pfcp.csv,0.25,2,11323,101,2818
logreg,105,target,003a-pfcp.csv,0.3,2,11248,101,2893
logreg,105,target,003a-pfcp.csv,0.35,2,11200,101,2941
logreg,105,target,003a-pfcp.csv,0.4,2,11166,101,2975
logreg,105,target,003a-pfcp.csv,0.45,2,11150,101,2991
logreg,105,target,003a-pfcp.csv,0.5,2,11136,101,3005
logreg,105,target,003a-pfcp.csv,0.55,2,698,101,13443
logreg,105,target,003a-pfcp.csv,0.6,2,670,101,13471
logreg,105,target,003a-pfcp.csv,0.65,0,666,103,13475
logreg,105,target,003a-pfcp.csv,0.7,0,664,103,13477
logreg,105,target,003a-pfcp.csv,0.75,0,258,103,13883
logreg,105,target,003a-pfcp.csv,0.8,0,256,103,13885
logreg,105,target,003a-pfcp.csv,0.85,0,245,103,13896
logreg,105,target,003a-pfcp.csv,0.9,0,242,103,13899
logreg,105,target,003a-pfcp.csv,0.95,0,238,103,13903
logreg,105,target,003a-pfcp.csv,0.975,0,238,103,13903
logreg,105,target,003a-pfcp.csv,0.99,0,179,103,13962
logreg,105,target,003a-pfcp.csv,0.995,0,172,103,13969
logreg,105,target,003a-pfcp.csv,0.999,0,11,103,14130
logreg,105,target,004-syn-flood.csv,0.05,580,13531,0,2550
logreg,105,target,004-syn-flood.csv,0.1,580,13398,0,2683
logreg,105,target,004-syn-flood.csv,0.15,580,13295,0,2786
logreg,105,target,004-syn-flood.csv,0.2,580,13100,0,2981
logreg,105,target,004-syn-flood.csv,0.25,580,12978,0,3103
logreg,105,target,004-syn-flood.csv,0.3,580,12901,0,3180
logreg,105,target,004-syn-flood.csv,0.35,580,12817,0,3264
logreg,105,target,004-syn-flood.csv,0.4,580,12773,0,3308
logreg,105,target,004-syn-flood.csv,0.45,580,12727,0,3354
logreg,105,target,004-syn-flood.csv,0.5,580,12726,0,3355
logreg,105,target,004-syn-flood.csv,0.55,580,5341,0,10740
logreg,105,target,004-syn-flood.csv,0.6,580,5332,0,10749
logreg,105,target,004-syn-flood.csv,0.65,580,5326,0,10755
logreg,105,target,004-syn-flood.csv,0.7,580,5325,0,10756
logreg,105,target,004-syn-flood.csv,0.75,580,5322,0,10759
logreg,105,target,004-syn-flood.csv,0.8,580,5322,0,10759
logreg,105,target,004-syn-flood.csv,0.85,580,5306,0,10775
logreg,105,target,004-syn-flood.csv,0.9,580,5305,0,10776
logreg,105,target,004-syn-flood.csv,0.95,580,5233,0,10848
logreg,105,target,004-syn-flood.csv,0.975,580,5218,0,10863
logreg,105,target,004-syn-flood.csv,0.99,580,5218,0,10863
logreg,105,target,004-syn-flood.csv,0.995,580,891,0,15190
logreg,105,target,004-syn-flood.csv,0.999,0,0,580,16081
logreg,105,target,005-icmp-flood.csv,0.05,156,7099,0,1265
logreg,105,target,005-icmp-flood.csv,0.1,156,7027,0,1337
logreg,105,target,005-icmp-flood.csv,0.15,156,6931,0,1433
logreg,105,target,005-icmp-flood.csv,0.2,156,6741,0,1623
logreg,105,target,005-icmp-flood.csv,0.25,0,6607,156,1757
logreg,105,target,005-icmp-flood.csv,0.3,0,6494,156,1870
logreg,105,target,005-icmp-flood.csv,0.35,0,6430,156,1934
logreg,105,target,005-icmp-flood.csv,0.4,0,6394,156,1970
logreg,105,target,005-icmp-flood.csv,0.45,0,6381,156,1983
logreg,105,target,005-icmp-flood.csv,0.5,0,6377,156,1987
logreg,105,target,005-icmp-flood.csv,0.55,0,234,156,8130
logreg,105,target,005-icmp-flood.csv,0.6,0,232,156,8132
logreg,105,target,005-icmp-flood.csv,0.65,0,223,156,8141
logreg,105,target,005-icmp-flood.csv,0.7,0,221,156,8143
logreg,105,target,005-icmp-flood.csv,0.75,0,220,156,8144
logreg,105,target,005-icmp-flood.csv,0.8,0,219,156,8145
logreg,105,target,005-icmp-flood.csv,0.85,0,210,156,8154
logreg,105,target,005-icmp-flood.csv,0.9,0,208,156,8156
logreg,105,target,005-icmp-flood.csv,0.95,0,205,156,8159
logreg,105,target,005-icmp-flood.csv,0.975,0,201,156,8163
logreg,105,target,005-icmp-flood.csv,0.99,0,201,156,8163
logreg,105,target,005-icmp-flood.csv,0.995,0,200,156,8164
logreg,105,target,005-icmp-flood.csv,0.999,0,0,156,8364
tree,105,target,003a-pfcp.csv,0.05,2,11014,101,3127
tree,105,target,003a-pfcp.csv,0.1,2,11014,101,3127
tree,105,target,003a-pfcp.csv,0.15,2,11014,101,3127
tree,105,target,003a-pfcp.csv,0.2,2,11014,101,3127
tree,105,target,003a-pfcp.csv,0.25,2,11014,101,3127
tree,105,target,003a-pfcp.csv,0.3,2,11014,101,3127
tree,105,target,003a-pfcp.csv,0.35,2,11014,101,3127
tree,105,target,003a-pfcp.csv,0.4,2,11014,101,3127
tree,105,target,003a-pfcp.csv,0.45,2,11014,101,3127
tree,105,target,003a-pfcp.csv,0.5,2,11014,101,3127
tree,105,target,003a-pfcp.csv,0.55,2,11014,101,3127
tree,105,target,003a-pfcp.csv,0.6,2,11014,101,3127
tree,105,target,003a-pfcp.csv,0.65,2,11014,101,3127
tree,105,target,003a-pfcp.csv,0.7,2,11014,101,3127
tree,105,target,003a-pfcp.csv,0.75,2,11014,101,3127
tree,105,target,003a-pfcp.csv,0.8,2,10567,101,3574
tree,105,target,003a-pfcp.csv,0.85,2,10567,101,3574
tree,105,target,003a-pfcp.csv,0.9,2,10567,101,3574
tree,105,target,003a-pfcp.csv,0.95,2,10567,101,3574
tree,105,target,003a-pfcp.csv,0.975,2,10567,101,3574
tree,105,target,003a-pfcp.csv,0.99,2,10500,101,3641
tree,105,target,003a-pfcp.csv,0.995,2,10500,101,3641
tree,105,target,003a-pfcp.csv,0.999,2,10500,101,3641
tree,105,target,004-syn-flood.csv,0.05,440,12329,140,3752
tree,105,target,004-syn-flood.csv,0.1,440,12329,140,3752
tree,105,target,004-syn-flood.csv,0.15,440,12329,140,3752
tree,105,target,004-syn-flood.csv,0.2,440,12329,140,3752
tree,105,target,004-syn-flood.csv,0.25,440,12329,140,3752
tree,105,target,004-syn-flood.csv,0.3,440,12329,140,3752
tree,105,target,004-syn-flood.csv,0.35,440,12329,140,3752
tree,105,target,004-syn-flood.csv,0.4,440,12329,140,3752
tree,105,target,004-syn-flood.csv,0.45,440,12329,140,3752
tree,105,target,004-syn-flood.csv,0.5,440,12329,140,3752
tree,105,target,004-syn-flood.csv,0.55,440,12329,140,3752
tree,105,target,004-syn-flood.csv,0.6,440,12329,140,3752
tree,105,target,004-syn-flood.csv,0.65,440,12329,140,3752
tree,105,target,004-syn-flood.csv,0.7,440,12329,140,3752
tree,105,target,004-syn-flood.csv,0.75,440,12329,140,3752
tree,105,target,004-syn-flood.csv,0.8,440,12317,140,3764
tree,105,target,004-syn-flood.csv,0.85,440,12317,140,3764
tree,105,target,004-syn-flood.csv,0.9,440,12317,140,3764
tree,105,target,004-syn-flood.csv,0.95,440,12317,140,3764
tree,105,target,004-syn-flood.csv,0.975,440,12317,140,3764
tree,105,target,004-syn-flood.csv,0.99,440,7991,140,8090
tree,105,target,004-syn-flood.csv,0.995,440,7991,140,8090
tree,105,target,004-syn-flood.csv,0.999,440,7991,140,8090
tree,105,target,005-icmp-flood.csv,0.05,0,6173,156,2191
tree,105,target,005-icmp-flood.csv,0.1,0,6173,156,2191
tree,105,target,005-icmp-flood.csv,0.15,0,6173,156,2191
tree,105,target,005-icmp-flood.csv,0.2,0,6173,156,2191
tree,105,target,005-icmp-flood.csv,0.25,0,6173,156,2191
tree,105,target,005-icmp-flood.csv,0.3,0,6173,156,2191
tree,105,target,005-icmp-flood.csv,0.35,0,6173,156,2191
tree,105,target,005-icmp-flood.csv,0.4,0,6173,156,2191
tree,105,target,005-icmp-flood.csv,0.45,0,6173,156,2191
tree,105,target,005-icmp-flood.csv,0.5,0,6173,156,2191
tree,105,target,005-icmp-flood.csv,0.55,0,6173,156,2191
tree,105,target,005-icmp-flood.csv,0.6,0,6173,156,2191
tree,105,target,005-icmp-flood.csv,0.65,0,6173,156,2191
tree,105,target,005-icmp-flood.csv,0.7,0,6173,156,2191
tree,105,target,005-icmp-flood.csv,0.75,0,6173,156,2191
tree,105,target,005-icmp-flood.csv,0.8,0,6167,156,2197
tree,105,target,005-icmp-flood.csv,0.85,0,6167,156,2197
tree,105,target,005-icmp-flood.csv,0.9,0,6167,156,2197
tree,105,target,005-icmp-flood.csv,0.95,0,6167,156,2197
tree,105,target,005-icmp-flood.csv,0.975,0,6167,156,2197
tree,105,target,005-icmp-flood.csv,0.99,0,6167,156,2197
tree,105,target,005-icmp-flood.csv,0.995,0,6167,156,2197
tree,105,target,005-icmp-flood.csv,0.999,0,6167,156,2197
rf,105,target,003a-pfcp.csv,0.05,101,13385,2,756
rf,105,target,003a-pfcp.csv,0.1,101,12666,2,1475
rf,105,target,003a-pfcp.csv,0.15,101,11346,2,2795
rf,105,target,003a-pfcp.csv,0.2,101,11329,2,2812
rf,105,target,003a-pfcp.csv,0.25,101,11301,2,2840
rf,105,target,003a-pfcp.csv,0.3,101,11272,2,2869
rf,105,target,003a-pfcp.csv,0.35,92,11247,11,2894
rf,105,target,003a-pfcp.csv,0.4,3,11183,100,2958
rf,105,target,003a-pfcp.csv,0.45,2,11094,101,3047
rf,105,target,003a-pfcp.csv,0.5,2,539,101,13602
rf,105,target,003a-pfcp.csv,0.55,0,517,103,13624
rf,105,target,003a-pfcp.csv,0.6,0,517,103,13624
rf,105,target,003a-pfcp.csv,0.65,0,513,103,13628
rf,105,target,003a-pfcp.csv,0.7,0,499,103,13642
rf,105,target,003a-pfcp.csv,0.75,0,498,103,13643
rf,105,target,003a-pfcp.csv,0.8,0,84,103,14057
rf,105,target,003a-pfcp.csv,0.85,0,76,103,14065
rf,105,target,003a-pfcp.csv,0.9,0,73,103,14068
rf,105,target,003a-pfcp.csv,0.95,0,63,103,14078
rf,105,target,003a-pfcp.csv,0.975,0,59,103,14082
rf,105,target,003a-pfcp.csv,0.99,0,0,103,14141
rf,105,target,003a-pfcp.csv,0.995,0,0,103,14141
rf,105,target,003a-pfcp.csv,0.999,0,0,103,14141
rf,105,target,004-syn-flood.csv,0.05,580,15115,0,966
rf,105,target,004-syn-flood.csv,0.1,580,14599,0,1482
rf,105,target,004-syn-flood.csv,0.15,580,12916,0,3165
rf,105,target,004-syn-flood.csv,0.2,580,12684,0,3397
rf,105,target,004-syn-flood.csv,0.25,580,12618,0,3463
rf,105,target,004-syn-flood.csv,0.3,580,12615,0,3466
rf,105,target,004-syn-flood.csv,0.35,580,12612,0,3469
rf,105,target,004-syn-flood.csv,0.4,580,12566,0,3515
rf,105,target,004-syn-flood.csv,0.45,580,12480,0,3601
rf,105,target,004-syn-flood.csv,0.5,580,5021,0,11060
rf,105,target,004-syn-flood.csv,0.55,580,4967,0,11114
rf,105,target,004-syn-flood.csv,0.6,580,4965,0,11116
rf,105,target,004-syn-flood.csv,0.65,580,4959,0,11122
rf,105,target,004-syn-flood.csv,0.7,580,4959,0,11122
rf,105,target,004-syn-flood.csv,0.75,580,4959,0,11122
rf,105,target,004-syn-flood.csv,0.8,440,4920,140,11161
rf,105,target,004-syn-flood.csv,0.85,440,4908,140,11173
rf,105,target,004-syn-flood.csv,0.9,0,4327,580,11754
rf,105,target,004-syn-flood.csv,0.95,0,4326,580,11755
rf,105,target,004-syn-flood.csv,0.975,0,4326,580,11755
rf,105,target,004-syn-flood.csv,0.99,0,0,580,16081
rf,105,target,004-syn-flood.csv,0.995,0,0,580,16081
rf,105,target,004-syn-flood.csv,0.999,0,0,580,16081
rf,105,target,005-icmp-flood.csv,0.05,156,7677,0,687
rf,105,target,005-icmp-flood.csv,0.1,156,7362,0,1002
rf,105,target,005-icmp-flood.csv,0.15,156,6399,0,1965
rf,105,target,005-icmp-flood.csv,0.2,156,6393,0,1971
rf,105,target,005-icmp-flood.csv,0.25,156,6390,0,1974
rf,105,target,005-icmp-flood.csv,0.3,156,6389,0,1975
rf,105,target,005-icmp-flood.csv,0.35,156,6387,0,1977
rf,105,target,005-icmp-flood.csv,0.4,156,6356,0,2008
rf,105,target,005-icmp-flood.csv,0.45,156,6274,0,2090
rf,105,target,005-icmp-flood.csv,0.5,156,79,0,8285
rf,105,target,005-icmp-flood.csv,0.55,156,16,0,8348
rf,105,target,005-icmp-flood.csv,0.6,0,10,156,8354
rf,105,target,005-icmp-flood.csv,0.65,0,8,156,8356
rf,105,target,005-icmp-flood.csv,0.7,0,8,156,8356
rf,105,target,005-icmp-flood.csv,0.75,0,8,156,8356
rf,105,target,005-icmp-flood.csv,0.8,0,8,156,8356
rf,105,target,005-icmp-flood.csv,0.85,0,2,156,8362
rf,105,target,005-icmp-flood.csv,0.9,0,0,156,8364
rf,105,target,005-icmp-flood.csv,0.95,0,0,156,8364
rf,105,target,005-icmp-flood.csv,0.975,0,0,156,8364
rf,105,target,005-icmp-flood.csv,0.99,0,0,156,8364
rf,105,target,005-icmp-flood.csv,0.995,0,0,156,8364
rf,105,target,005-icmp-flood.csv,0.999,0,0,156,8364
xgboost,105,target,003a-pfcp.csv,0.05,101,11208,2,2933
xgboost,105,target,003a-pfcp.csv,0.1,101,11195,2,2946
xgboost,105,target,003a-pfcp.csv,0.15,101,11163,2,2978
xgboost,105,target,003a-pfcp.csv,0.2,101,11127,2,3014
xgboost,105,target,003a-pfcp.csv,0.25,101,11123,2,3018
xgboost,105,target,003a-pfcp.csv,0.3,101,11116,2,3025
xgboost,105,target,003a-pfcp.csv,0.35,101,11112,2,3029
xgboost,105,target,003a-pfcp.csv,0.4,101,11112,2,3029
xgboost,105,target,003a-pfcp.csv,0.45,101,11112,2,3029
xgboost,105,target,003a-pfcp.csv,0.5,101,11112,2,3029
xgboost,105,target,003a-pfcp.csv,0.55,101,11112,2,3029
xgboost,105,target,003a-pfcp.csv,0.6,101,11112,2,3029
xgboost,105,target,003a-pfcp.csv,0.65,100,11102,3,3039
xgboost,105,target,003a-pfcp.csv,0.7,100,11102,3,3039
xgboost,105,target,003a-pfcp.csv,0.75,100,1937,3,12204
xgboost,105,target,003a-pfcp.csv,0.8,100,1903,3,12238
xgboost,105,target,003a-pfcp.csv,0.85,8,1469,95,12672
xgboost,105,target,003a-pfcp.csv,0.9,2,114,101,14027
xgboost,105,target,003a-pfcp.csv,0.95,0,111,103,14030
xgboost,105,target,003a-pfcp.csv,0.975,0,88,103,14053
xgboost,105,target,003a-pfcp.csv,0.99,0,79,103,14062
xgboost,105,target,003a-pfcp.csv,0.995,0,16,103,14125
xgboost,105,target,003a-pfcp.csv,0.999,0,0,103,14141
xgboost,105,target,004-syn-flood.csv,0.05,580,12724,0,3357
xgboost,105,target,004-syn-flood.csv,0.1,580,12620,0,3461
xgboost,105,target,004-syn-flood.csv,0.15,580,12534,0,3547
xgboost,105,target,004-syn-flood.csv,0.2,580,12533,0,3548
xgboost,105,target,004-syn-flood.csv,0.25,580,12494,0,3587
xgboost,105,target,004-syn-flood.csv,0.3,580,12494,0,3587
xgboost,105,target,004-syn-flood.csv,0.35,580,12494,0,3587
xgboost,105,target,004-syn-flood.csv,0.4,580,12494,0,3587
xgboost,105,target,004-syn-flood.csv,0.45,580,12494,0,3587
xgboost,105,target,004-syn-flood.csv,0.5,580,12493,0,3588
xgboost,105,target,004-syn-flood.csv,0.55,580,12493,0,3588
xgboost,105,target,004-syn-flood.csv,0.6,580,12493,0,3588
xgboost,105,target,004-syn-flood.csv,0.65,580,12493,0,3588
xgboost,105,target,004-syn-flood.csv,0.7,580,12493,0,3588
xgboost,105,target,004-syn-flood.csv,0.75,440,5786,140,10295
xgboost,105,target,004-syn-flood.csv,0.8,440,5735,140,10346
xgboost,105,target,004-syn-flood.csv,0.85,440,5734,140,10347
xgboost,105,target,004-syn-flood.csv,0.9,440,4942,140,11139
xgboost,105,target,004-syn-flood.csv,0.95,440,4929,140,11152
xgboost,105,target,004-syn-flood.csv,0.975,440,4913,140,11168
xgboost,105,target,004-syn-flood.csv,0.99,440,4909,140,11172
xgboost,105,target,004-syn-flood.csv,0.995,0,0,580,16081
xgboost,105,target,004-syn-flood.csv,0.999,0,0,580,16081
xgboost,105,target,005-icmp-flood.csv,0.05,156,6375,0,1989
xgboost,105,target,005-icmp-flood.csv,0.1,156,6321,0,2043
xgboost,105,target,005-icmp-flood.csv,0.15,156,6319,0,2045
xgboost,105,target,005-icmp-flood.csv,0.2,156,6317,0,2047
xgboost,105,target,005-icmp-flood.csv,0.25,156,6283,0,2081
xgboost,105,target,005-icmp-flood.csv,0.3,156,6283,0,2081
xgboost,105,target,005-icmp-flood.csv,0.35,156,6283,0,2081
xgboost,105,target,005-icmp-flood.csv,0.4,156,6283,0,2081
xgboost,105,target,005-icmp-flood.csv,0.45,156,6283,0,2081
xgboost,105,target,005-icmp-flood.csv,0.5,156,6283,0,2081
xgboost,105,target,005-icmp-flood.csv,0.55,156,6283,0,2081
xgboost,105,target,005-icmp-flood.csv,0.6,156,6283,0,2081
xgboost,105,target,005-icmp-flood.csv,0.65,156,6283,0,2081
xgboost,105,target,005-icmp-flood.csv,0.7,155,6282,1,2082
xgboost,105,target,005-icmp-flood.csv,0.75,155,655,1,7709
xgboost,105,target,005-icmp-flood.csv,0.8,155,619,1,7745
xgboost,105,target,005-icmp-flood.csv,0.85,155,617,1,7747
xgboost,105,target,005-icmp-flood.csv,0.9,0,39,156,8325
xgboost,105,target,005-icmp-flood.csv,0.95,0,13,156,8351
xgboost,105,target,005-icmp-flood.csv,0.975,0,5,156,8359
xgboost,105,target,005-icmp-flood.csv,0.99,0,1,156,8363
xgboost,105,target,005-icmp-flood.csv,0.995,0,0,156,8364
xgboost,105,target,005-icmp-flood.csv,0.999,0,0,156,8364
hgb,105,target,003a-pfcp.csv,0.05,101,11302,2,2839
hgb,105,target,003a-pfcp.csv,0.1,101,11253,2,2888
hgb,105,target,003a-pfcp.csv,0.15,101,11241,2,2900
hgb,105,target,003a-pfcp.csv,0.2,101,11240,2,2901
hgb,105,target,003a-pfcp.csv,0.25,101,11130,2,3011
hgb,105,target,003a-pfcp.csv,0.3,101,11125,2,3016
hgb,105,target,003a-pfcp.csv,0.35,101,11125,2,3016
hgb,105,target,003a-pfcp.csv,0.4,101,11125,2,3016
hgb,105,target,003a-pfcp.csv,0.45,100,11062,3,3079
hgb,105,target,003a-pfcp.csv,0.5,37,11062,66,3079
hgb,105,target,003a-pfcp.csv,0.55,37,11005,66,3136
hgb,105,target,003a-pfcp.csv,0.6,5,11005,98,3136
hgb,105,target,003a-pfcp.csv,0.65,5,11005,98,3136
hgb,105,target,003a-pfcp.csv,0.7,3,11005,100,3136
hgb,105,target,003a-pfcp.csv,0.75,3,11002,100,3139
hgb,105,target,003a-pfcp.csv,0.8,3,11002,100,3139
hgb,105,target,003a-pfcp.csv,0.85,3,11002,100,3139
hgb,105,target,003a-pfcp.csv,0.9,2,10976,101,3165
hgb,105,target,003a-pfcp.csv,0.95,2,10570,101,3571
hgb,105,target,003a-pfcp.csv,0.975,2,9276,101,4865
hgb,105,target,003a-pfcp.csv,0.99,0,102,103,14039
hgb,105,target,003a-pfcp.csv,0.995,0,29,103,14112
hgb,105,target,003a-pfcp.csv,0.999,0,4,103,14137
hgb,105,target,004-syn-flood.csv,0.05,580,12576,0,3505
hgb,105,target,004-syn-flood.csv,0.1,580,12573,0,3508
hgb,105,target,004-syn-flood.csv,0.15,580,12573,0,3508
hgb,105,target,004-syn-flood.csv,0.2,580,12573,0,3508
hgb,105,target,004-syn-flood.csv,0.25,580,12434,0,3647
hgb,105,target,004-syn-flood.csv,0.3,580,12434,0,3647
hgb,105,target,004-syn-flood.csv,0.35,580,12431,0,3650
hgb,105,target,004-syn-flood.csv,0.4,580,12431,0,3650
hgb,105,target,004-syn-flood.csv,0.45,580,12431,0,3650
hgb,105,target,004-syn-flood.csv,0.5,580,12431,0,3650
hgb,105,target,004-syn-flood.csv,0.55,580,12431,0,3650
hgb,105,target,004-syn-flood.csv,0.6,580,12431,0,3650
hgb,105,target,004-syn-flood.csv,0.65,580,12431,0,3650
hgb,105,target,004-syn-flood.csv,0.7,580,12350,0,3731
hgb,105,target,004-syn-flood.csv,0.75,580,12349,0,3732
hgb,105,target,004-syn-flood.csv,0.8,580,12349,0,3732
hgb,105,target,004-syn-flood.csv,0.85,440,12310,140,3771
hgb,105,target,004-syn-flood.csv,0.9,440,12310,140,3771
hgb,105,target,004-syn-flood.csv,0.95,440,12309,140,3772
hgb,105,target,004-syn-flood.csv,0.975,440,11606,140,4475
hgb,105,target,004-syn-flood.csv,0.99,440,4925,140,11156
hgb,105,target,004-syn-flood.csv,0.995,0,16,580,16065
hgb,105,target,004-syn-flood.csv,0.999,0,1,580,16080
hgb,105,target,005-icmp-flood.csv,0.05,156,6364,0,2000
hgb,105,target,005-icmp-flood.csv,0.1,156,6363,0,2001
hgb,105,target,005-icmp-flood.csv,0.15,156,6363,0,2001
hgb,105,target,005-icmp-flood.csv,0.2,156,6363,0,2001
hgb,105,target,005-icmp-flood.csv,0.25,156,6277,0,2087
hgb,105,target,005-icmp-flood.csv,0.3,156,6277,0,2087
hgb,105,target,005-icmp-flood.csv,0.35,156,6275,0,2089
hgb,105,target,005-icmp-flood.csv,0.4,156,6275,0,2089
hgb,105,target,005-icmp-flood.csv,0.45,156,6275,0,2089
hgb,105,target,005-icmp-flood.csv,0.5,156,6275,0,2089
hgb,105,target,005-icmp-flood.csv,0.55,156,6275,0,2089
hgb,105,target,005-icmp-flood.csv,0.6,156,6275,0,2089
hgb,105,target,005-icmp-flood.csv,0.65,156,6275,0,2089
hgb,105,target,005-icmp-flood.csv,0.7,156,6195,0,2169
hgb,105,target,005-icmp-flood.csv,0.75,156,6192,0,2172
hgb,105,target,005-icmp-flood.csv,0.8,156,6192,0,2172
hgb,105,target,005-icmp-flood.csv,0.85,156,6192,0,2172
hgb,105,target,005-icmp-flood.csv,0.9,156,6192,0,2172
hgb,105,target,005-icmp-flood.csv,0.95,156,6192,0,2172
hgb,105,target,005-icmp-flood.csv,0.975,156,5676,0,2688
hgb,105,target,005-icmp-flood.csv,0.99,156,42,0,8322
hgb,105,target,005-icmp-flood.csv,0.995,156,40,0,8324
hgb,105,target,005-icmp-flood.csv,0.999,156,30,0,8334
mlp,105,target,003a-pfcp.csv,0.05,0,835,103,13306
mlp,105,target,003a-pfcp.csv,0.1,0,759,103,13382
mlp,105,target,003a-pfcp.csv,0.15,0,724,103,13417
mlp,105,target,003a-pfcp.csv,0.2,0,705,103,13436
mlp,105,target,003a-pfcp.csv,0.25,0,665,103,13476
mlp,105,target,003a-pfcp.csv,0.3,0,663,103,13478
mlp,105,target,003a-pfcp.csv,0.35,0,661,103,13480
mlp,105,target,003a-pfcp.csv,0.4,0,661,103,13480
mlp,105,target,003a-pfcp.csv,0.45,0,661,103,13480
mlp,105,target,003a-pfcp.csv,0.5,0,661,103,13480
mlp,105,target,003a-pfcp.csv,0.55,0,661,103,13480
mlp,105,target,003a-pfcp.csv,0.6,0,661,103,13480
mlp,105,target,003a-pfcp.csv,0.65,0,253,103,13888
mlp,105,target,003a-pfcp.csv,0.7,0,253,103,13888
mlp,105,target,003a-pfcp.csv,0.75,0,253,103,13888
mlp,105,target,003a-pfcp.csv,0.8,0,253,103,13888
mlp,105,target,003a-pfcp.csv,0.85,0,253,103,13888
mlp,105,target,003a-pfcp.csv,0.9,0,251,103,13890
mlp,105,target,003a-pfcp.csv,0.95,0,251,103,13890
mlp,105,target,003a-pfcp.csv,0.975,0,225,103,13916
mlp,105,target,003a-pfcp.csv,0.99,0,205,103,13936
mlp,105,target,003a-pfcp.csv,0.995,0,204,103,13937
mlp,105,target,003a-pfcp.csv,0.999,0,204,103,13937
mlp,105,target,004-syn-flood.csv,0.05,580,5188,0,10893
mlp,105,target,004-syn-flood.csv,0.1,580,5153,0,10928
mlp,105,target,004-syn-flood.csv,0.15,580,5153,0,10928
mlp,105,target,004-syn-flood.csv,0.2,580,5153,0,10928
mlp,105,target,004-syn-flood.csv,0.25,580,5153,0,10928
mlp,105,target,004-syn-flood.csv,0.3,580,5152,0,10929
mlp,105,target,004-syn-flood.csv,0.35,580,5152,0,10929
mlp,105,target,004-syn-flood.csv,0.4,580,5151,0,10930
mlp,105,target,004-syn-flood.csv,0.45,580,5151,0,10930
mlp,105,target,004-syn-flood.csv,0.5,580,5151,0,10930
mlp,105,target,004-syn-flood.csv,0.55,580,5151,0,10930
mlp,105,target,004-syn-flood.csv,0.6,580,5151,0,10930
mlp,105,target,004-syn-flood.csv,0.65,580,5151,0,10930
mlp,105,target,004-syn-flood.csv,0.7,580,5151,0,10930
mlp,105,target,004-syn-flood.csv,0.75,580,5151,0,10930
mlp,105,target,004-syn-flood.csv,0.8,580,5151,0,10930
mlp,105,target,004-syn-flood.csv,0.85,580,5149,0,10932
mlp,105,target,004-syn-flood.csv,0.9,580,5148,0,10933
mlp,105,target,004-syn-flood.csv,0.95,580,5147,0,10934
mlp,105,target,004-syn-flood.csv,0.975,580,5111,0,10970
mlp,105,target,004-syn-flood.csv,0.99,580,5099,0,10982
mlp,105,target,004-syn-flood.csv,0.995,580,5098,0,10983
mlp,105,target,004-syn-flood.csv,0.999,0,4477,580,11604
mlp,105,target,005-icmp-flood.csv,0.05,156,158,0,8206
mlp,105,target,005-icmp-flood.csv,0.1,156,134,0,8230
mlp,105,target,005-icmp-flood.csv,0.15,156,133,0,8231
mlp,105,target,005-icmp-flood.csv,0.2,156,133,0,8231
mlp,105,target,005-icmp-flood.csv,0.25,156,133,0,8231
mlp,105,target,005-icmp-flood.csv,0.3,156,132,0,8232
mlp,105,target,005-icmp-flood.csv,0.35,156,132,0,8232
mlp,105,target,005-icmp-flood.csv,0.4,156,132,0,8232
mlp,105,target,005-icmp-flood.csv,0.45,156,132,0,8232
mlp,105,target,005-icmp-flood.csv,0.5,156,132,0,8232
mlp,105,target,005-icmp-flood.csv,0.55,156,132,0,8232
mlp,105,target,005-icmp-flood.csv,0.6,156,132,0,8232
mlp,105,target,005-icmp-flood.csv,0.65,156,132,0,8232
mlp,105,target,005-icmp-flood.csv,0.7,156,132,0,8232
mlp,105,target,005-icmp-flood.csv,0.75,156,131,0,8233
mlp,105,target,005-icmp-flood.csv,0.8,156,131,0,8233
mlp,105,target,005-icmp-flood.csv,0.85,156,131,0,8233
mlp,105,target,005-icmp-flood.csv,0.9,156,131,0,8233
mlp,105,target,005-icmp-flood.csv,0.95,156,131,0,8233
mlp,105,target,005-icmp-flood.csv,0.975,156,109,0,8255
mlp,105,target,005-icmp-flood.csv,0.99,156,101,0,8263
mlp,105,target,005-icmp-flood.csv,0.995,156,101,0,8263
mlp,105,target,005-icmp-flood.csv,0.999,156,99,0,8265
majority,106,target,003a-pfcp.csv,0.05,103,14141,0,0
majority,106,target,003a-pfcp.csv,0.1,103,14141,0,0
majority,106,target,003a-pfcp.csv,0.15,103,14141,0,0
majority,106,target,003a-pfcp.csv,0.2,103,14141,0,0
majority,106,target,003a-pfcp.csv,0.25,103,14141,0,0
majority,106,target,003a-pfcp.csv,0.3,103,14141,0,0
majority,106,target,003a-pfcp.csv,0.35,103,14141,0,0
majority,106,target,003a-pfcp.csv,0.4,103,14141,0,0
majority,106,target,003a-pfcp.csv,0.45,103,14141,0,0
majority,106,target,003a-pfcp.csv,0.5,103,14141,0,0
majority,106,target,003a-pfcp.csv,0.55,103,14141,0,0
majority,106,target,003a-pfcp.csv,0.6,103,14141,0,0
majority,106,target,003a-pfcp.csv,0.65,103,14141,0,0
majority,106,target,003a-pfcp.csv,0.7,103,14141,0,0
majority,106,target,003a-pfcp.csv,0.75,103,14141,0,0
majority,106,target,003a-pfcp.csv,0.8,103,14141,0,0
majority,106,target,003a-pfcp.csv,0.85,103,14141,0,0
majority,106,target,003a-pfcp.csv,0.9,103,14141,0,0
majority,106,target,003a-pfcp.csv,0.95,103,14141,0,0
majority,106,target,003a-pfcp.csv,0.975,103,14141,0,0
majority,106,target,003a-pfcp.csv,0.99,103,14141,0,0
majority,106,target,003a-pfcp.csv,0.995,103,14141,0,0
majority,106,target,003a-pfcp.csv,0.999,103,14141,0,0
majority,106,target,004-syn-flood.csv,0.05,580,16081,0,0
majority,106,target,004-syn-flood.csv,0.1,580,16081,0,0
majority,106,target,004-syn-flood.csv,0.15,580,16081,0,0
majority,106,target,004-syn-flood.csv,0.2,580,16081,0,0
majority,106,target,004-syn-flood.csv,0.25,580,16081,0,0
majority,106,target,004-syn-flood.csv,0.3,580,16081,0,0
majority,106,target,004-syn-flood.csv,0.35,580,16081,0,0
majority,106,target,004-syn-flood.csv,0.4,580,16081,0,0
majority,106,target,004-syn-flood.csv,0.45,580,16081,0,0
majority,106,target,004-syn-flood.csv,0.5,580,16081,0,0
majority,106,target,004-syn-flood.csv,0.55,580,16081,0,0
majority,106,target,004-syn-flood.csv,0.6,580,16081,0,0
majority,106,target,004-syn-flood.csv,0.65,580,16081,0,0
majority,106,target,004-syn-flood.csv,0.7,580,16081,0,0
majority,106,target,004-syn-flood.csv,0.75,580,16081,0,0
majority,106,target,004-syn-flood.csv,0.8,580,16081,0,0
majority,106,target,004-syn-flood.csv,0.85,580,16081,0,0
majority,106,target,004-syn-flood.csv,0.9,580,16081,0,0
majority,106,target,004-syn-flood.csv,0.95,580,16081,0,0
majority,106,target,004-syn-flood.csv,0.975,580,16081,0,0
majority,106,target,004-syn-flood.csv,0.99,580,16081,0,0
majority,106,target,004-syn-flood.csv,0.995,580,16081,0,0
majority,106,target,004-syn-flood.csv,0.999,580,16081,0,0
majority,106,target,005-icmp-flood.csv,0.05,156,8364,0,0
majority,106,target,005-icmp-flood.csv,0.1,156,8364,0,0
majority,106,target,005-icmp-flood.csv,0.15,156,8364,0,0
majority,106,target,005-icmp-flood.csv,0.2,156,8364,0,0
majority,106,target,005-icmp-flood.csv,0.25,156,8364,0,0
majority,106,target,005-icmp-flood.csv,0.3,156,8364,0,0
majority,106,target,005-icmp-flood.csv,0.35,156,8364,0,0
majority,106,target,005-icmp-flood.csv,0.4,156,8364,0,0
majority,106,target,005-icmp-flood.csv,0.45,156,8364,0,0
majority,106,target,005-icmp-flood.csv,0.5,156,8364,0,0
majority,106,target,005-icmp-flood.csv,0.55,156,8364,0,0
majority,106,target,005-icmp-flood.csv,0.6,156,8364,0,0
majority,106,target,005-icmp-flood.csv,0.65,156,8364,0,0
majority,106,target,005-icmp-flood.csv,0.7,156,8364,0,0
majority,106,target,005-icmp-flood.csv,0.75,156,8364,0,0
majority,106,target,005-icmp-flood.csv,0.8,156,8364,0,0
majority,106,target,005-icmp-flood.csv,0.85,156,8364,0,0
majority,106,target,005-icmp-flood.csv,0.9,156,8364,0,0
majority,106,target,005-icmp-flood.csv,0.95,156,8364,0,0
majority,106,target,005-icmp-flood.csv,0.975,156,8364,0,0
majority,106,target,005-icmp-flood.csv,0.99,156,8364,0,0
majority,106,target,005-icmp-flood.csv,0.995,156,8364,0,0
majority,106,target,005-icmp-flood.csv,0.999,156,8364,0,0
stratified,106,target,003a-pfcp.csv,0.05,59,8494,44,5647
stratified,106,target,003a-pfcp.csv,0.1,59,8494,44,5647
stratified,106,target,003a-pfcp.csv,0.15,59,8494,44,5647
stratified,106,target,003a-pfcp.csv,0.2,59,8494,44,5647
stratified,106,target,003a-pfcp.csv,0.25,59,8494,44,5647
stratified,106,target,003a-pfcp.csv,0.3,59,8494,44,5647
stratified,106,target,003a-pfcp.csv,0.35,59,8494,44,5647
stratified,106,target,003a-pfcp.csv,0.4,59,8494,44,5647
stratified,106,target,003a-pfcp.csv,0.45,59,8494,44,5647
stratified,106,target,003a-pfcp.csv,0.5,59,8494,44,5647
stratified,106,target,003a-pfcp.csv,0.55,59,8494,44,5647
stratified,106,target,003a-pfcp.csv,0.6,59,8494,44,5647
stratified,106,target,003a-pfcp.csv,0.65,59,8494,44,5647
stratified,106,target,003a-pfcp.csv,0.7,59,8494,44,5647
stratified,106,target,003a-pfcp.csv,0.75,59,8494,44,5647
stratified,106,target,003a-pfcp.csv,0.8,59,8494,44,5647
stratified,106,target,003a-pfcp.csv,0.85,59,8494,44,5647
stratified,106,target,003a-pfcp.csv,0.9,59,8494,44,5647
stratified,106,target,003a-pfcp.csv,0.95,59,8494,44,5647
stratified,106,target,003a-pfcp.csv,0.975,59,8494,44,5647
stratified,106,target,003a-pfcp.csv,0.99,59,8494,44,5647
stratified,106,target,003a-pfcp.csv,0.995,59,8494,44,5647
stratified,106,target,003a-pfcp.csv,0.999,59,8494,44,5647
stratified,106,target,004-syn-flood.csv,0.05,338,9741,242,6340
stratified,106,target,004-syn-flood.csv,0.1,338,9741,242,6340
stratified,106,target,004-syn-flood.csv,0.15,338,9741,242,6340
stratified,106,target,004-syn-flood.csv,0.2,338,9741,242,6340
stratified,106,target,004-syn-flood.csv,0.25,338,9741,242,6340
stratified,106,target,004-syn-flood.csv,0.3,338,9741,242,6340
stratified,106,target,004-syn-flood.csv,0.35,338,9741,242,6340
stratified,106,target,004-syn-flood.csv,0.4,338,9741,242,6340
stratified,106,target,004-syn-flood.csv,0.45,338,9741,242,6340
stratified,106,target,004-syn-flood.csv,0.5,338,9741,242,6340
stratified,106,target,004-syn-flood.csv,0.55,338,9741,242,6340
stratified,106,target,004-syn-flood.csv,0.6,338,9741,242,6340
stratified,106,target,004-syn-flood.csv,0.65,338,9741,242,6340
stratified,106,target,004-syn-flood.csv,0.7,338,9741,242,6340
stratified,106,target,004-syn-flood.csv,0.75,338,9741,242,6340
stratified,106,target,004-syn-flood.csv,0.8,338,9741,242,6340
stratified,106,target,004-syn-flood.csv,0.85,338,9741,242,6340
stratified,106,target,004-syn-flood.csv,0.9,338,9741,242,6340
stratified,106,target,004-syn-flood.csv,0.95,338,9741,242,6340
stratified,106,target,004-syn-flood.csv,0.975,338,9741,242,6340
stratified,106,target,004-syn-flood.csv,0.99,338,9741,242,6340
stratified,106,target,004-syn-flood.csv,0.995,338,9741,242,6340
stratified,106,target,004-syn-flood.csv,0.999,338,9741,242,6340
stratified,106,target,005-icmp-flood.csv,0.05,84,5079,72,3285
stratified,106,target,005-icmp-flood.csv,0.1,84,5079,72,3285
stratified,106,target,005-icmp-flood.csv,0.15,84,5079,72,3285
stratified,106,target,005-icmp-flood.csv,0.2,84,5079,72,3285
stratified,106,target,005-icmp-flood.csv,0.25,84,5079,72,3285
stratified,106,target,005-icmp-flood.csv,0.3,84,5079,72,3285
stratified,106,target,005-icmp-flood.csv,0.35,84,5079,72,3285
stratified,106,target,005-icmp-flood.csv,0.4,84,5079,72,3285
stratified,106,target,005-icmp-flood.csv,0.45,84,5079,72,3285
stratified,106,target,005-icmp-flood.csv,0.5,84,5079,72,3285
stratified,106,target,005-icmp-flood.csv,0.55,84,5079,72,3285
stratified,106,target,005-icmp-flood.csv,0.6,84,5079,72,3285
stratified,106,target,005-icmp-flood.csv,0.65,84,5079,72,3285
stratified,106,target,005-icmp-flood.csv,0.7,84,5079,72,3285
stratified,106,target,005-icmp-flood.csv,0.75,84,5079,72,3285
stratified,106,target,005-icmp-flood.csv,0.8,84,5079,72,3285
stratified,106,target,005-icmp-flood.csv,0.85,84,5079,72,3285
stratified,106,target,005-icmp-flood.csv,0.9,84,5079,72,3285
stratified,106,target,005-icmp-flood.csv,0.95,84,5079,72,3285
stratified,106,target,005-icmp-flood.csv,0.975,84,5079,72,3285
stratified,106,target,005-icmp-flood.csv,0.99,84,5079,72,3285
stratified,106,target,005-icmp-flood.csv,0.995,84,5079,72,3285
stratified,106,target,005-icmp-flood.csv,0.999,84,5079,72,3285
logreg,106,target,003a-pfcp.csv,0.05,2,12068,101,2073
logreg,106,target,003a-pfcp.csv,0.1,2,11735,101,2406
logreg,106,target,003a-pfcp.csv,0.15,2,11480,101,2661
logreg,106,target,003a-pfcp.csv,0.2,2,11320,101,2821
logreg,106,target,003a-pfcp.csv,0.25,2,11241,101,2900
logreg,106,target,003a-pfcp.csv,0.3,2,11188,101,2953
logreg,106,target,003a-pfcp.csv,0.35,2,11177,101,2964
logreg,106,target,003a-pfcp.csv,0.4,2,11175,101,2966
logreg,106,target,003a-pfcp.csv,0.45,2,11159,101,2982
logreg,106,target,003a-pfcp.csv,0.5,2,11135,101,3006
logreg,106,target,003a-pfcp.csv,0.55,2,697,101,13444
logreg,106,target,003a-pfcp.csv,0.6,0,669,103,13472
logreg,106,target,003a-pfcp.csv,0.65,0,669,103,13472
logreg,106,target,003a-pfcp.csv,0.7,0,667,103,13474
logreg,106,target,003a-pfcp.csv,0.75,0,259,103,13882
logreg,106,target,003a-pfcp.csv,0.8,0,257,103,13884
logreg,106,target,003a-pfcp.csv,0.85,0,245,103,13896
logreg,106,target,003a-pfcp.csv,0.9,0,241,103,13900
logreg,106,target,003a-pfcp.csv,0.95,0,238,103,13903
logreg,106,target,003a-pfcp.csv,0.975,0,238,103,13903
logreg,106,target,003a-pfcp.csv,0.99,0,179,103,13962
logreg,106,target,003a-pfcp.csv,0.995,0,172,103,13969
logreg,106,target,003a-pfcp.csv,0.999,0,11,103,14130
logreg,106,target,004-syn-flood.csv,0.05,580,13490,0,2591
logreg,106,target,004-syn-flood.csv,0.1,580,13336,0,2745
logreg,106,target,004-syn-flood.csv,0.15,580,13139,0,2942
logreg,106,target,004-syn-flood.csv,0.2,580,12968,0,3113
logreg,106,target,004-syn-flood.csv,0.25,580,12885,0,3196
logreg,106,target,004-syn-flood.csv,0.3,580,12810,0,3271
logreg,106,target,004-syn-flood.csv,0.35,580,12764,0,3317
logreg,106,target,004-syn-flood.csv,0.4,580,12758,0,3323
logreg,106,target,004-syn-flood.csv,0.45,580,12726,0,3355
logreg,106,target,004-syn-flood.csv,0.5,580,12702,0,3379
logreg,106,target,004-syn-flood.csv,0.55,580,5326,0,10755
logreg,106,target,004-syn-flood.csv,0.6,580,5324,0,10757
logreg,106,target,004-syn-flood.csv,0.65,580,5324,0,10757
logreg,106,target,004-syn-flood.csv,0.7,580,5322,0,10759
logreg,106,target,004-syn-flood.csv,0.75,580,5322,0,10759
logreg,106,target,004-syn-flood.csv,0.8,580,5320,0,10761
logreg,106,target,004-syn-flood.csv,0.85,580,5304,0,10777
logreg,106,target,004-syn-flood.csv,0.9,580,5238,0,10843
logreg,106,target,004-syn-flood.csv,0.95,580,5219,0,10862
logreg,106,target,004-syn-flood.csv,0.975,580,5218,0,10863
logreg,106,target,004-syn-flood.csv,0.99,580,5218,0,10863
logreg,106,target,004-syn-flood.csv,0.995,580,841,0,15240
logreg,106,target,004-syn-flood.csv,0.999,0,0,580,16081
logreg,106,target,005-icmp-flood.csv,0.05,156,7084,0,1280
logreg,106,target,005-icmp-flood.csv,0.1,156,6976,0,1388
logreg,106,target,005-icmp-flood.csv,0.15,156,6780,0,1584
logreg,106,target,005-icmp-flood.csv,0.2,156,6608,0,1756
logreg,106,target,005-icmp-flood.csv,0.25,156,6494,0,1870
logreg,106,target,005-icmp-flood.csv,0.3,0,6425,156,1939
logreg,106,target,005-icmp-flood.csv,0.35,0,6403,156,1961
logreg,106,target,005-icmp-flood.csv,0.4,0,6403,156,1961
logreg,106,target,005-icmp-flood.csv,0.45,0,6388,156,1976
logreg,106,target,005-icmp-flood.csv,0.5,0,6377,156,1987
logreg,106,target,005-icmp-flood.csv,0.55,0,232,156,8132
logreg,106,target,005-icmp-flood.csv,0.6,0,228,156,8136
logreg,106,target,005-icmp-flood.csv,0.65,0,220,156,8144
logreg,106,target,005-icmp-flood.csv,0.7,0,220,156,8144
logreg,106,target,005-icmp-flood.csv,0.75,0,219,156,8145
logreg,106,target,005-icmp-flood.csv,0.8,0,219,156,8145
logreg,106,target,005-icmp-flood.csv,0.85,0,210,156,8154
logreg,106,target,005-icmp-flood.csv,0.9,0,208,156,8156
logreg,106,target,005-icmp-flood.csv,0.95,0,201,156,8163
logreg,106,target,005-icmp-flood.csv,0.975,0,201,156,8163
logreg,106,target,005-icmp-flood.csv,0.99,0,200,156,8164
logreg,106,target,005-icmp-flood.csv,0.995,0,159,156,8205
logreg,106,target,005-icmp-flood.csv,0.999,0,0,156,8364
tree,106,target,003a-pfcp.csv,0.05,2,10982,101,3159
tree,106,target,003a-pfcp.csv,0.1,2,10982,101,3159
tree,106,target,003a-pfcp.csv,0.15,2,10982,101,3159
tree,106,target,003a-pfcp.csv,0.2,2,10982,101,3159
tree,106,target,003a-pfcp.csv,0.25,2,10982,101,3159
tree,106,target,003a-pfcp.csv,0.3,2,10982,101,3159
tree,106,target,003a-pfcp.csv,0.35,2,10982,101,3159
tree,106,target,003a-pfcp.csv,0.4,2,10974,101,3167
tree,106,target,003a-pfcp.csv,0.45,2,10974,101,3167
tree,106,target,003a-pfcp.csv,0.5,2,10974,101,3167
tree,106,target,003a-pfcp.csv,0.55,2,10974,101,3167
tree,106,target,003a-pfcp.csv,0.6,2,10974,101,3167
tree,106,target,003a-pfcp.csv,0.65,2,10974,101,3167
tree,106,target,003a-pfcp.csv,0.7,2,10974,101,3167
tree,106,target,003a-pfcp.csv,0.75,2,10974,101,3167
tree,106,target,003a-pfcp.csv,0.8,2,10568,101,3573
tree,106,target,003a-pfcp.csv,0.85,2,10568,101,3573
tree,106,target,003a-pfcp.csv,0.9,2,10568,101,3573
tree,106,target,003a-pfcp.csv,0.95,2,10568,101,3573
tree,106,target,003a-pfcp.csv,0.975,2,10568,101,3573
tree,106,target,003a-pfcp.csv,0.99,2,10559,101,3582
tree,106,target,003a-pfcp.csv,0.995,2,10494,101,3647
tree,106,target,003a-pfcp.csv,0.999,2,10494,101,3647
tree,106,target,004-syn-flood.csv,0.05,440,12372,140,3709
tree,106,target,004-syn-flood.csv,0.1,440,12372,140,3709
tree,106,target,004-syn-flood.csv,0.15,440,12372,140,3709
tree,106,target,004-syn-flood.csv,0.2,440,12372,140,3709
tree,106,target,004-syn-flood.csv,0.25,440,12372,140,3709
tree,106,target,004-syn-flood.csv,0.3,440,12372,140,3709
tree,106,target,004-syn-flood.csv,0.35,440,12372,140,3709
tree,106,target,004-syn-flood.csv,0.4,0,11779,580,4302
tree,106,target,004-syn-flood.csv,0.45,0,11779,580,4302
tree,106,target,004-syn-flood.csv,0.5,0,11779,580,4302
tree,106,target,004-syn-flood.csv,0.55,0,11779,580,4302
tree,106,target,004-syn-flood.csv,0.6,0,11779,580,4302
tree,106,target,004-syn-flood.csv,0.65,0,11779,580,4302
tree,106,target,004-syn-flood.csv,0.7,0,11779,580,4302
tree,106,target,004-syn-flood.csv,0.75,0,11779,580,4302
tree,106,target,004-syn-flood.csv,0.8,0,11779,580,4302
tree,106,target,004-syn-flood.csv,0.85,0,11779,580,4302
tree,106,target,004-syn-flood.csv,0.9,0,11779,580,4302
tree,106,target,004-syn-flood.csv,0.95,0,11779,580,4302
tree,106,target,004-syn-flood.csv,0.975,0,11779,580,4302
tree,106,target,004-syn-flood.csv,0.99,0,11779,580,4302
tree,106,target,004-syn-flood.csv,0.995,0,7453,580,8628
tree,106,target,004-syn-flood.csv,0.999,0,7453,580,8628
tree,106,target,005-icmp-flood.csv,0.05,0,6229,156,2135
tree,106,target,005-icmp-flood.csv,0.1,0,6229,156,2135
tree,106,target,005-icmp-flood.csv,0.15,0,6229,156,2135
tree,106,target,005-icmp-flood.csv,0.2,0,6229,156,2135
tree,106,target,005-icmp-flood.csv,0.25,0,6229,156,2135
tree,106,target,005-icmp-flood.csv,0.3,0,6229,156,2135
tree,106,target,005-icmp-flood.csv,0.35,0,6229,156,2135
tree,106,target,005-icmp-flood.csv,0.4,0,6223,156,2141
tree,106,target,005-icmp-flood.csv,0.45,0,6223,156,2141
tree,106,target,005-icmp-flood.csv,0.5,0,6223,156,2141
tree,106,target,005-icmp-flood.csv,0.55,0,6223,156,2141
tree,106,target,005-icmp-flood.csv,0.6,0,6223,156,2141
tree,106,target,005-icmp-flood.csv,0.65,0,6223,156,2141
tree,106,target,005-icmp-flood.csv,0.7,0,6223,156,2141
tree,106,target,005-icmp-flood.csv,0.75,0,6223,156,2141
tree,106,target,005-icmp-flood.csv,0.8,0,6223,156,2141
tree,106,target,005-icmp-flood.csv,0.85,0,6223,156,2141
tree,106,target,005-icmp-flood.csv,0.9,0,6223,156,2141
tree,106,target,005-icmp-flood.csv,0.95,0,6223,156,2141
tree,106,target,005-icmp-flood.csv,0.975,0,6223,156,2141
tree,106,target,005-icmp-flood.csv,0.99,0,6223,156,2141
tree,106,target,005-icmp-flood.csv,0.995,0,6223,156,2141
tree,106,target,005-icmp-flood.csv,0.999,0,6223,156,2141
rf,106,target,003a-pfcp.csv,0.05,101,13275,2,866
rf,106,target,003a-pfcp.csv,0.1,101,13071,2,1070
rf,106,target,003a-pfcp.csv,0.15,101,11339,2,2802
rf,106,target,003a-pfcp.csv,0.2,101,11298,2,2843
rf,106,target,003a-pfcp.csv,0.25,101,11256,2,2885
rf,106,target,003a-pfcp.csv,0.3,101,11139,2,3002
rf,106,target,003a-pfcp.csv,0.35,62,11107,41,3034
rf,106,target,003a-pfcp.csv,0.4,2,11072,101,3069
rf,106,target,003a-pfcp.csv,0.45,2,11060,101,3081
rf,106,target,003a-pfcp.csv,0.5,2,10979,101,3162
rf,106,target,003a-pfcp.csv,0.55,2,10958,101,3183
rf,106,target,003a-pfcp.csv,0.6,2,518,101,13623
rf,106,target,003a-pfcp.csv,0.65,0,500,103,13641
rf,106,target,003a-pfcp.csv,0.7,0,484,103,13657
rf,106,target,003a-pfcp.csv,0.75,0,483,103,13658
rf,106,target,003a-pfcp.csv,0.8,0,73,103,14068
rf,106,target,003a-pfcp.csv,0.85,0,73,103,14068
rf,106,target,003a-pfcp.csv,0.9,0,73,103,14068
rf,106,target,003a-pfcp.csv,0.95,0,69,103,14072
rf,106,target,003a-pfcp.csv,0.975,0,59,103,14082
rf,106,target,003a-pfcp.csv,0.99,0,59,103,14082
rf,106,target,003a-pfcp.csv,0.995,0,0,103,14141
rf,106,target,003a-pfcp.csv,0.999,0,0,103,14141
rf,106,target,004-syn-flood.csv,0.05,580,14967,0,1114
rf,106,target,004-syn-flood.csv,0.1,580,14819,0,1262
rf,106,target,004-syn-flood.csv,0.15,580,12942,0,3139
rf,106,target,004-syn-flood.csv,0.2,580,12619,0,3462
rf,106,target,004-syn-flood.csv,0.25,580,12616,0,3465
rf,106,target,004-syn-flood.csv,0.3,580,12613,0,3468
rf,106,target,004-syn-flood.csv,0.35,580,12610,0,3471
rf,106,target,004-syn-flood.csv,0.4,580,12493,0,3588
rf,106,target,004-syn-flood.csv,0.45,580,12480,0,3601
rf,106,target,004-syn-flood.csv,0.5,580,12392,0,3689
rf,106,target,004-syn-flood.csv,0.55,580,12340,0,3741
rf,106,target,004-syn-flood.csv,0.6,580,4961,0,11120
rf,106,target,004-syn-flood.csv,0.65,580,4960,0,11121
rf,106,target,004-syn-flood.csv,0.7,580,4947,0,11134
rf,106,target,004-syn-flood.csv,0.75,0,4327,580,11754
rf,106,target,004-syn-flood.csv,0.8,0,4327,580,11754
rf,106,target,004-syn-flood.csv,0.85,0,4327,580,11754
rf,106,target,004-syn-flood.csv,0.9,0,4327,580,11754
rf,106,target,004-syn-flood.csv,0.95,0,4326,580,11755
rf,106,target,004-syn-flood.csv,0.975,0,4326,580,11755
rf,106,target,004-syn-flood.csv,0.99,0,4326,580,11755
rf,106,target,004-syn-flood.csv,0.995,0,0,580,16081
rf,106,target,004-syn-flood.csv,0.999,0,0,580,16081
rf,106,target,005-icmp-flood.csv,0.05,156,7541,0,823
rf,106,target,005-icmp-flood.csv,0.1,156,7377,0,987
rf,106,target,005-icmp-flood.csv,0.15,156,6393,0,1971
rf,106,target,005-icmp-flood.csv,0.2,156,6390,0,1974
rf,106,target,005-icmp-flood.csv,0.25,156,6388,0,1976
rf,106,target,005-icmp-flood.csv,0.3,156,6388,0,1976
rf,106,target,005-icmp-flood.csv,0.35,156,6386,0,1978
rf,106,target,005-icmp-flood.csv,0.4,156,6283,0,2081
rf,106,target,005-icmp-flood.csv,0.45,156,6274,0,2090
rf,106,target,005-icmp-flood.csv,0.5,156,6198,0,2166
rf,106,target,005-icmp-flood.csv,0.55,0,6154,156,2210
rf,106,target,005-icmp-flood.csv,0.6,0,8,156,8356
rf,106,target,005-icmp-flood.csv,0.65,0,8,156,8356
rf,106,target,005-icmp-flood.csv,0.7,0,2,156,8362
rf,106,target,005-icmp-flood.csv,0.75,0,2,156,8362
rf,106,target,005-icmp-flood.csv,0.8,0,1,156,8363
rf,106,target,005-icmp-flood.csv,0.85,0,0,156,8364
rf,106,target,005-icmp-flood.csv,0.9,0,0,156,8364
rf,106,target,005-icmp-flood.csv,0.95,0,0,156,8364
rf,106,target,005-icmp-flood.csv,0.975,0,0,156,8364
rf,106,target,005-icmp-flood.csv,0.99,0,0,156,8364
rf,106,target,005-icmp-flood.csv,0.995,0,0,156,8364
rf,106,target,005-icmp-flood.csv,0.999,0,0,156,8364
xgboost,106,target,003a-pfcp.csv,0.05,101,11198,2,2943
xgboost,106,target,003a-pfcp.csv,0.1,101,11182,2,2959
xgboost,106,target,003a-pfcp.csv,0.15,101,11123,2,3018
xgboost,106,target,003a-pfcp.csv,0.2,101,11110,2,3031
xgboost,106,target,003a-pfcp.csv,0.25,101,11110,2,3031
xgboost,106,target,003a-pfcp.csv,0.3,101,11110,2,3031
xgboost,106,target,003a-pfcp.csv,0.35,101,11110,2,3031
xgboost,106,target,003a-pfcp.csv,0.4,100,1945,3,12196
xgboost,106,target,003a-pfcp.csv,0.45,100,1945,3,12196
xgboost,106,target,003a-pfcp.csv,0.5,100,1935,3,12206
xgboost,106,target,003a-pfcp.csv,0.55,100,1935,3,12206
xgboost,106,target,003a-pfcp.csv,0.6,100,661,3,13480
xgboost,106,target,003a-pfcp.csv,0.65,98,561,5,13580
xgboost,106,target,003a-pfcp.csv,0.7,2,561,101,13580
xgboost,106,target,003a-pfcp.csv,0.75,2,561,101,13580
xgboost,106,target,003a-pfcp.csv,0.8,2,557,101,13584
xgboost,106,target,003a-pfcp.csv,0.85,2,514,101,13627
xgboost,106,target,003a-pfcp.csv,0.9,0,94,103,14047
xgboost,106,target,003a-pfcp.csv,0.95,0,94,103,14047
xgboost,106,target,003a-pfcp.csv,0.975,0,82,103,14059
xgboost,106,target,003a-pfcp.csv,0.99,0,74,103,14067
xgboost,106,target,003a-pfcp.csv,0.995,0,63,103,14078
xgboost,106,target,003a-pfcp.csv,0.999,0,0,103,14141
xgboost,106,target,004-syn-flood.csv,0.05,580,12580,0,3501
xgboost,106,target,004-syn-flood.csv,0.1,580,12577,0,3504
xgboost,106,target,004-syn-flood.csv,0.15,580,12577,0,3504
xgboost,106,target,004-syn-flood.csv,0.2,580,12533,0,3548
xgboost,106,target,004-syn-flood.csv,0.25,580,12494,0,3587
xgboost,106,target,004-syn-flood.csv,0.3,580,12493,0,3588
xgboost,106,target,004-syn-flood.csv,0.35,580,12493,0,3588
xgboost,106,target,004-syn-flood.csv,0.4,580,5825,0,10256
xgboost,106,target,004-syn-flood.csv,0.45,580,5825,0,10256
xgboost,106,target,004-syn-flood.csv,0.5,580,5825,0,10256
xgboost,106,target,004-syn-flood.csv,0.55,580,5825,0,10256
xgboost,106,target,004-syn-flood.csv,0.6,580,5122,0,10959
xgboost,106,target,004-syn-flood.csv,0.65,440,4957,140,11124
xgboost,106,target,004-syn-flood.csv,0.7,440,4942,140,11139
xgboost,106,target,004-syn-flood.csv,0.75,440,4939,140,11142
xgboost,106,target,004-syn-flood.csv,0.8,440,4933,140,11148
xgboost,106,target,004-syn-flood.csv,0.85,440,4921,140,11160
xgboost,106,target,004-syn-flood.csv,0.9,440,4909,140,11172
xgboost,106,target,004-syn-flood.csv,0.95,440,4909,140,11172
xgboost,106,target,004-syn-flood.csv,0.975,440,4909,140,11172
xgboost,106,target,004-syn-flood.csv,0.99,440,4907,140,11174
xgboost,106,target,004-syn-flood.csv,0.995,0,0,580,16081
xgboost,106,target,004-syn-flood.csv,0.999,0,0,580,16081
xgboost,106,target,005-icmp-flood.csv,0.05,156,6365,0,1999
xgboost,106,target,005-icmp-flood.csv,0.1,156,6363,0,2001
xgboost,106,target,005-icmp-flood.csv,0.15,156,6363,0,2001
xgboost,106,target,005-icmp-flood.csv,0.2,156,6316,0,2048
xgboost,106,target,005-icmp-flood.csv,0.25,156,6283,0,2081
xgboost,106,target,005-icmp-flood.csv,0.3,156,6283,0,2081
xgboost,106,target,005-icmp-flood.csv,0.35,155,6282,1,2082
xgboost,106,target,005-icmp-flood.csv,0.4,155,645,1,7719
xgboost,106,target,005-icmp-flood.csv,0.45,144,632,12,7732
xgboost,106,target,005-icmp-flood.csv,0.5,107,631,49,7733
xgboost,106,target,005-icmp-flood.csv,0.55,1,627,155,7737
xgboost,106,target,005-icmp-flood.csv,0.6,0,111,156,8253
xgboost,106,target,005-icmp-flood.csv,0.65,0,33,156,8331
xgboost,106,target,005-icmp-flood.csv,0.7,0,23,156,8341
xgboost,106,target,005-icmp-flood.csv,0.75,0,18,156,8346
xgboost,106,target,005-icmp-flood.csv,0.8,0,15,156,8349
xgboost,106,target,005-icmp-flood.csv,0.85,0,7,156,8357
xgboost,106,target,005-icmp-flood.csv,0.9,0,1,156,8363
xgboost,106,target,005-icmp-flood.csv,0.95,0,1,156,8363
xgboost,106,target,005-icmp-flood.csv,0.975,0,1,156,8363
xgboost,106,target,005-icmp-flood.csv,0.99,0,0,156,8364
xgboost,106,target,005-icmp-flood.csv,0.995,0,0,156,8364
xgboost,106,target,005-icmp-flood.csv,0.999,0,0,156,8364
hgb,106,target,003a-pfcp.csv,0.05,3,11240,100,2901
hgb,106,target,003a-pfcp.csv,0.1,3,11238,100,2903
hgb,106,target,003a-pfcp.csv,0.15,3,11238,100,2903
hgb,106,target,003a-pfcp.csv,0.2,3,11175,100,2966
hgb,106,target,003a-pfcp.csv,0.25,3,11171,100,2970
hgb,106,target,003a-pfcp.csv,0.3,2,11133,101,3008
hgb,106,target,003a-pfcp.csv,0.35,2,11133,101,3008
hgb,106,target,003a-pfcp.csv,0.4,2,11114,101,3027
hgb,106,target,003a-pfcp.csv,0.45,2,11114,101,3027
hgb,106,target,003a-pfcp.csv,0.5,2,10708,101,3433
hgb,106,target,003a-pfcp.csv,0.55,2,10708,101,3433
hgb,106,target,003a-pfcp.csv,0.6,2,10708,101,3433
hgb,106,target,003a-pfcp.csv,0.65,2,10708,101,3433
hgb,106,target,003a-pfcp.csv,0.7,2,10682,101,3459
hgb,106,target,003a-pfcp.csv,0.75,2,10682,101,3459
hgb,106,target,003a-pfcp.csv,0.8,2,10682,101,3459
hgb,106,target,003a-pfcp.csv,0.85,2,10682,101,3459
hgb,106,target,003a-pfcp.csv,0.9,2,10672,101,3469
hgb,106,target,003a-pfcp.csv,0.95,2,10672,101,3469
hgb,106,target,003a-pfcp.csv,0.975,2,10591,101,3550
hgb,106,target,003a-pfcp.csv,0.99,2,10570,101,3571
hgb,106,target,003a-pfcp.csv,0.995,2,10503,101,3638
hgb,106,target,003a-pfcp.csv,0.999,0,38,103,14103
hgb,106,target,004-syn-flood.csv,0.05,580,12639,0,3442
hgb,106,target,004-syn-flood.csv,0.1,580,12639,0,3442
hgb,106,target,004-syn-flood.csv,0.15,580,12575,0,3506
hgb,106,target,004-syn-flood.csv,0.2,580,12574,0,3507
hgb,106,target,004-syn-flood.csv,0.25,580,12573,0,3508
hgb,106,target,004-syn-flood.csv,0.3,580,12573,0,3508
hgb,106,target,004-syn-flood.csv,0.35,580,12573,0,3508
hgb,106,target,004-syn-flood.csv,0.4,580,12573,0,3508
hgb,106,target,004-syn-flood.csv,0.45,580,12573,0,3508
hgb,106,target,004-syn-flood.csv,0.5,580,12573,0,3508
hgb,106,target,004-syn-flood.csv,0.55,580,12573,0,3508
hgb,106,target,004-syn-flood.csv,0.6,580,12493,0,3588
hgb,106,target,004-syn-flood.csv,0.65,580,12493,0,3588
hgb,106,target,004-syn-flood.csv,0.7,580,12493,0,3588
hgb,106,target,004-syn-flood.csv,0.75,580,12493,0,3588
hgb,106,target,004-syn-flood.csv,0.8,580,12493,0,3588
hgb,106,target,004-syn-flood.csv,0.85,440,12454,140,3627
hgb,106,target,004-syn-flood.csv,0.9,440,12451,140,3630
hgb,106,target,004-syn-flood.csv,0.95,440,12451,140,3630
hgb,106,target,004-syn-flood.csv,0.975,440,12363,140,3718
hgb,106,target,004-syn-flood.csv,0.99,440,12310,140,3771
hgb,106,target,004-syn-flood.csv,0.995,440,7984,140,8097
hgb,106,target,004-syn-flood.csv,0.999,0,13,580,16068
hgb,106,target,005-icmp-flood.csv,0.05,156,6372,0,1992
hgb,106,target,005-icmp-flood.csv,0.1,156,6345,0,2019
hgb,106,target,005-icmp-flood.csv,0.15,156,6341,0,2023
hgb,106,target,005-icmp-flood.csv,0.2,156,6341,0,2023
hgb,106,target,005-icmp-flood.csv,0.25,81,6337,75,2027
hgb,106,target,005-icmp-flood.csv,0.3,20,6335,136,2029
hgb,106,target,005-icmp-flood.csv,0.35,20,6335,136,2029
hgb,106,target,005-icmp-flood.csv,0.4,20,6335,136,2029
hgb,106,target,005-icmp-flood.csv,0.45,15,6335,141,2029
hgb,106,target,005-icmp-flood.csv,0.5,0,6334,156,2030
hgb,106,target,005-icmp-flood.csv,0.55,0,6334,156,2030
hgb,106,target,005-icmp-flood.csv,0.6,0,6254,156,2110
hgb,106,target,005-icmp-flood.csv,0.65,0,6254,156,2110
hgb,106,target,005-icmp-flood.csv,0.7,0,6254,156,2110
hgb,106,target,005-icmp-flood.csv,0.75,0,6254,156,2110
hgb,106,target,005-icmp-flood.csv,0.8,0,6254,156,2110
hgb,106,target,005-icmp-flood.csv,0.85,0,6254,156,2110
hgb,106,target,005-icmp-flood.csv,0.9,0,6252,156,2112
hgb,106,target,005-icmp-flood.csv,0.95,0,6252,156,2112
hgb,106,target,005-icmp-flood.csv,0.975,0,6202,156,2162
hgb,106,target,005-icmp-flood.csv,0.99,0,6164,156,2200
hgb,106,target,005-icmp-flood.csv,0.995,0,6163,156,2201
hgb,106,target,005-icmp-flood.csv,0.999,0,9,156,8355
mlp,106,target,003a-pfcp.csv,0.05,0,949,103,13192
mlp,106,target,003a-pfcp.csv,0.1,0,866,103,13275
mlp,106,target,003a-pfcp.csv,0.15,0,753,103,13388
mlp,106,target,003a-pfcp.csv,0.2,0,723,103,13418
mlp,106,target,003a-pfcp.csv,0.25,0,686,103,13455
mlp,106,target,003a-pfcp.csv,0.3,0,685,103,13456
mlp,106,target,003a-pfcp.csv,0.35,0,683,103,13458
mlp,106,target,003a-pfcp.csv,0.4,0,683,103,13458
mlp,106,target,003a-pfcp.csv,0.45,0,683,103,13458
mlp,106,target,003a-pfcp.csv,0.5,0,683,103,13458
mlp,106,target,003a-pfcp.csv,0.55,0,683,103,13458
mlp,106,target,003a-pfcp.csv,0.6,0,657,103,13484
mlp,106,target,003a-pfcp.csv,0.65,0,657,103,13484
mlp,106,target,003a-pfcp.csv,0.7,0,251,103,13890
mlp,106,target,003a-pfcp.csv,0.75,0,240,103,13901
mlp,106,target,003a-pfcp.csv,0.8,0,240,103,13901
mlp,106,target,003a-pfcp.csv,0.85,0,240,103,13901
mlp,106,target,003a-pfcp.csv,0.9,0,213,103,13928
mlp,106,target,003a-pfcp.csv,0.95,0,212,103,13929
mlp,106,target,003a-pfcp.csv,0.975,0,203,103,13938
mlp,106,target,003a-pfcp.csv,0.99,0,203,103,13938
mlp,106,target,003a-pfcp.csv,0.995,0,196,103,13945
mlp,106,target,003a-pfcp.csv,0.999,0,192,103,13949
mlp,106,target,004-syn-flood.csv,0.05,580,5401,0,10680
mlp,106,target,004-syn-flood.csv,0.1,580,5379,0,10702
mlp,106,target,004-syn-flood.csv,0.15,580,5272,0,10809
mlp,106,target,004-syn-flood.csv,0.2,580,5183,0,10898
mlp,106,target,004-syn-flood.csv,0.25,580,5183,0,10898
mlp,106,target,004-syn-flood.csv,0.3,580,5183,0,10898
mlp,106,target,004-syn-flood.csv,0.35,580,5183,0,10898
mlp,106,target,004-syn-flood.csv,0.4,580,5183,0,10898
mlp,106,target,004-syn-flood.csv,0.45,580,5183,0,10898
mlp,106,target,004-syn-flood.csv,0.5,580,5183,0,10898
mlp,106,target,004-syn-flood.csv,0.55,580,5183,0,10898
mlp,106,target,004-syn-flood.csv,0.6,580,5149,0,10932
mlp,106,target,004-syn-flood.csv,0.65,580,5149,0,10932
mlp,106,target,004-syn-flood.csv,0.7,580,5148,0,10933
mlp,106,target,004-syn-flood.csv,0.75,580,5147,0,10934
mlp,106,target,004-syn-flood.csv,0.8,580,5147,0,10934
mlp,106,target,004-syn-flood.csv,0.85,580,5147,0,10934
mlp,106,target,004-syn-flood.csv,0.9,580,5112,0,10969
mlp,106,target,004-syn-flood.csv,0.95,580,5112,0,10969
mlp,106,target,004-syn-flood.csv,0.975,580,5100,0,10981
mlp,106,target,004-syn-flood.csv,0.99,0,4478,580,11603
mlp,106,target,004-syn-flood.csv,0.995,0,4478,580,11603
mlp,106,target,004-syn-flood.csv,0.999,0,4477,580,11604
mlp,106,target,005-icmp-flood.csv,0.05,0,149,156,8215
mlp,106,target,005-icmp-flood.csv,0.1,0,149,156,8215
mlp,106,target,005-icmp-flood.csv,0.15,0,149,156,8215
mlp,106,target,005-icmp-flood.csv,0.2,0,149,156,8215
mlp,106,target,005-icmp-flood.csv,0.25,0,149,156,8215
mlp,106,target,005-icmp-flood.csv,0.3,0,149,156,8215
mlp,106,target,005-icmp-flood.csv,0.35,0,148,156,8216
mlp,106,target,005-icmp-flood.csv,0.4,0,148,156,8216
mlp,106,target,005-icmp-flood.csv,0.45,0,148,156,8216
mlp,106,target,005-icmp-flood.csv,0.5,0,148,156,8216
mlp,106,target,005-icmp-flood.csv,0.55,0,148,156,8216
mlp,106,target,005-icmp-flood.csv,0.6,0,126,156,8238
mlp,106,target,005-icmp-flood.csv,0.65,0,125,156,8239
mlp,106,target,005-icmp-flood.csv,0.7,0,125,156,8239
mlp,106,target,005-icmp-flood.csv,0.75,0,125,156,8239
mlp,106,target,005-icmp-flood.csv,0.8,0,125,156,8239
mlp,106,target,005-icmp-flood.csv,0.85,0,125,156,8239
mlp,106,target,005-icmp-flood.csv,0.9,0,103,156,8261
mlp,106,target,005-icmp-flood.csv,0.95,0,103,156,8261
mlp,106,target,005-icmp-flood.csv,0.975,0,97,156,8267
mlp,106,target,005-icmp-flood.csv,0.99,0,96,156,8268
mlp,106,target,005-icmp-flood.csv,0.995,0,96,156,8268
mlp,106,target,005-icmp-flood.csv,0.999,0,95,156,8269
majority,107,target,003a-pfcp.csv,0.05,103,14141,0,0
majority,107,target,003a-pfcp.csv,0.1,103,14141,0,0
majority,107,target,003a-pfcp.csv,0.15,103,14141,0,0
majority,107,target,003a-pfcp.csv,0.2,103,14141,0,0
majority,107,target,003a-pfcp.csv,0.25,103,14141,0,0
majority,107,target,003a-pfcp.csv,0.3,103,14141,0,0
majority,107,target,003a-pfcp.csv,0.35,103,14141,0,0
majority,107,target,003a-pfcp.csv,0.4,103,14141,0,0
majority,107,target,003a-pfcp.csv,0.45,103,14141,0,0
majority,107,target,003a-pfcp.csv,0.5,103,14141,0,0
majority,107,target,003a-pfcp.csv,0.55,103,14141,0,0
majority,107,target,003a-pfcp.csv,0.6,103,14141,0,0
majority,107,target,003a-pfcp.csv,0.65,103,14141,0,0
majority,107,target,003a-pfcp.csv,0.7,103,14141,0,0
majority,107,target,003a-pfcp.csv,0.75,103,14141,0,0
majority,107,target,003a-pfcp.csv,0.8,103,14141,0,0
majority,107,target,003a-pfcp.csv,0.85,103,14141,0,0
majority,107,target,003a-pfcp.csv,0.9,103,14141,0,0
majority,107,target,003a-pfcp.csv,0.95,103,14141,0,0
majority,107,target,003a-pfcp.csv,0.975,103,14141,0,0
majority,107,target,003a-pfcp.csv,0.99,103,14141,0,0
majority,107,target,003a-pfcp.csv,0.995,103,14141,0,0
majority,107,target,003a-pfcp.csv,0.999,103,14141,0,0
majority,107,target,004-syn-flood.csv,0.05,580,16081,0,0
majority,107,target,004-syn-flood.csv,0.1,580,16081,0,0
majority,107,target,004-syn-flood.csv,0.15,580,16081,0,0
majority,107,target,004-syn-flood.csv,0.2,580,16081,0,0
majority,107,target,004-syn-flood.csv,0.25,580,16081,0,0
majority,107,target,004-syn-flood.csv,0.3,580,16081,0,0
majority,107,target,004-syn-flood.csv,0.35,580,16081,0,0
majority,107,target,004-syn-flood.csv,0.4,580,16081,0,0
majority,107,target,004-syn-flood.csv,0.45,580,16081,0,0
majority,107,target,004-syn-flood.csv,0.5,580,16081,0,0
majority,107,target,004-syn-flood.csv,0.55,580,16081,0,0
majority,107,target,004-syn-flood.csv,0.6,580,16081,0,0
majority,107,target,004-syn-flood.csv,0.65,580,16081,0,0
majority,107,target,004-syn-flood.csv,0.7,580,16081,0,0
majority,107,target,004-syn-flood.csv,0.75,580,16081,0,0
majority,107,target,004-syn-flood.csv,0.8,580,16081,0,0
majority,107,target,004-syn-flood.csv,0.85,580,16081,0,0
majority,107,target,004-syn-flood.csv,0.9,580,16081,0,0
majority,107,target,004-syn-flood.csv,0.95,580,16081,0,0
majority,107,target,004-syn-flood.csv,0.975,580,16081,0,0
majority,107,target,004-syn-flood.csv,0.99,580,16081,0,0
majority,107,target,004-syn-flood.csv,0.995,580,16081,0,0
majority,107,target,004-syn-flood.csv,0.999,580,16081,0,0
majority,107,target,005-icmp-flood.csv,0.05,156,8364,0,0
majority,107,target,005-icmp-flood.csv,0.1,156,8364,0,0
majority,107,target,005-icmp-flood.csv,0.15,156,8364,0,0
majority,107,target,005-icmp-flood.csv,0.2,156,8364,0,0
majority,107,target,005-icmp-flood.csv,0.25,156,8364,0,0
majority,107,target,005-icmp-flood.csv,0.3,156,8364,0,0
majority,107,target,005-icmp-flood.csv,0.35,156,8364,0,0
majority,107,target,005-icmp-flood.csv,0.4,156,8364,0,0
majority,107,target,005-icmp-flood.csv,0.45,156,8364,0,0
majority,107,target,005-icmp-flood.csv,0.5,156,8364,0,0
majority,107,target,005-icmp-flood.csv,0.55,156,8364,0,0
majority,107,target,005-icmp-flood.csv,0.6,156,8364,0,0
majority,107,target,005-icmp-flood.csv,0.65,156,8364,0,0
majority,107,target,005-icmp-flood.csv,0.7,156,8364,0,0
majority,107,target,005-icmp-flood.csv,0.75,156,8364,0,0
majority,107,target,005-icmp-flood.csv,0.8,156,8364,0,0
majority,107,target,005-icmp-flood.csv,0.85,156,8364,0,0
majority,107,target,005-icmp-flood.csv,0.9,156,8364,0,0
majority,107,target,005-icmp-flood.csv,0.95,156,8364,0,0
majority,107,target,005-icmp-flood.csv,0.975,156,8364,0,0
majority,107,target,005-icmp-flood.csv,0.99,156,8364,0,0
majority,107,target,005-icmp-flood.csv,0.995,156,8364,0,0
majority,107,target,005-icmp-flood.csv,0.999,156,8364,0,0
stratified,107,target,003a-pfcp.csv,0.05,59,8531,44,5610
stratified,107,target,003a-pfcp.csv,0.1,59,8531,44,5610
stratified,107,target,003a-pfcp.csv,0.15,59,8531,44,5610
stratified,107,target,003a-pfcp.csv,0.2,59,8531,44,5610
stratified,107,target,003a-pfcp.csv,0.25,59,8531,44,5610
stratified,107,target,003a-pfcp.csv,0.3,59,8531,44,5610
stratified,107,target,003a-pfcp.csv,0.35,59,8531,44,5610
stratified,107,target,003a-pfcp.csv,0.4,59,8531,44,5610
stratified,107,target,003a-pfcp.csv,0.45,59,8531,44,5610
stratified,107,target,003a-pfcp.csv,0.5,59,8531,44,5610
stratified,107,target,003a-pfcp.csv,0.55,59,8531,44,5610
stratified,107,target,003a-pfcp.csv,0.6,59,8531,44,5610
stratified,107,target,003a-pfcp.csv,0.65,59,8531,44,5610
stratified,107,target,003a-pfcp.csv,0.7,59,8531,44,5610
stratified,107,target,003a-pfcp.csv,0.75,59,8531,44,5610
stratified,107,target,003a-pfcp.csv,0.8,59,8531,44,5610
stratified,107,target,003a-pfcp.csv,0.85,59,8531,44,5610
stratified,107,target,003a-pfcp.csv,0.9,59,8531,44,5610
stratified,107,target,003a-pfcp.csv,0.95,59,8531,44,5610
stratified,107,target,003a-pfcp.csv,0.975,59,8531,44,5610
stratified,107,target,003a-pfcp.csv,0.99,59,8531,44,5610
stratified,107,target,003a-pfcp.csv,0.995,59,8531,44,5610
stratified,107,target,003a-pfcp.csv,0.999,59,8531,44,5610
stratified,107,target,004-syn-flood.csv,0.05,338,9774,242,6307
stratified,107,target,004-syn-flood.csv,0.1,338,9774,242,6307
stratified,107,target,004-syn-flood.csv,0.15,338,9774,242,6307
stratified,107,target,004-syn-flood.csv,0.2,338,9774,242,6307
stratified,107,target,004-syn-flood.csv,0.25,338,9774,242,6307
stratified,107,target,004-syn-flood.csv,0.3,338,9774,242,6307
stratified,107,target,004-syn-flood.csv,0.35,338,9774,242,6307
stratified,107,target,004-syn-flood.csv,0.4,338,9774,242,6307
stratified,107,target,004-syn-flood.csv,0.45,338,9774,242,6307
stratified,107,target,004-syn-flood.csv,0.5,338,9774,242,6307
stratified,107,target,004-syn-flood.csv,0.55,338,9774,242,6307
stratified,107,target,004-syn-flood.csv,0.6,338,9774,242,6307
stratified,107,target,004-syn-flood.csv,0.65,338,9774,242,6307
stratified,107,target,004-syn-flood.csv,0.7,338,9774,242,6307
stratified,107,target,004-syn-flood.csv,0.75,338,9774,242,6307
stratified,107,target,004-syn-flood.csv,0.8,338,9774,242,6307
stratified,107,target,004-syn-flood.csv,0.85,338,9774,242,6307
stratified,107,target,004-syn-flood.csv,0.9,338,9774,242,6307
stratified,107,target,004-syn-flood.csv,0.95,338,9774,242,6307
stratified,107,target,004-syn-flood.csv,0.975,338,9774,242,6307
stratified,107,target,004-syn-flood.csv,0.99,338,9774,242,6307
stratified,107,target,004-syn-flood.csv,0.995,338,9774,242,6307
stratified,107,target,004-syn-flood.csv,0.999,338,9774,242,6307
stratified,107,target,005-icmp-flood.csv,0.05,84,5099,72,3265
stratified,107,target,005-icmp-flood.csv,0.1,84,5099,72,3265
stratified,107,target,005-icmp-flood.csv,0.15,84,5099,72,3265
stratified,107,target,005-icmp-flood.csv,0.2,84,5099,72,3265
stratified,107,target,005-icmp-flood.csv,0.25,84,5099,72,3265
stratified,107,target,005-icmp-flood.csv,0.3,84,5099,72,3265
stratified,107,target,005-icmp-flood.csv,0.35,84,5099,72,3265
stratified,107,target,005-icmp-flood.csv,0.4,84,5099,72,3265
stratified,107,target,005-icmp-flood.csv,0.45,84,5099,72,3265
stratified,107,target,005-icmp-flood.csv,0.5,84,5099,72,3265
stratified,107,target,005-icmp-flood.csv,0.55,84,5099,72,3265
stratified,107,target,005-icmp-flood.csv,0.6,84,5099,72,3265
stratified,107,target,005-icmp-flood.csv,0.65,84,5099,72,3265
stratified,107,target,005-icmp-flood.csv,0.7,84,5099,72,3265
stratified,107,target,005-icmp-flood.csv,0.75,84,5099,72,3265
stratified,107,target,005-icmp-flood.csv,0.8,84,5099,72,3265
stratified,107,target,005-icmp-flood.csv,0.85,84,5099,72,3265
stratified,107,target,005-icmp-flood.csv,0.9,84,5099,72,3265
stratified,107,target,005-icmp-flood.csv,0.95,84,5099,72,3265
stratified,107,target,005-icmp-flood.csv,0.975,84,5099,72,3265
stratified,107,target,005-icmp-flood.csv,0.99,84,5099,72,3265
stratified,107,target,005-icmp-flood.csv,0.995,84,5099,72,3265
stratified,107,target,005-icmp-flood.csv,0.999,84,5099,72,3265
logreg,107,target,003a-pfcp.csv,0.05,2,12121,101,2020
logreg,107,target,003a-pfcp.csv,0.1,2,11817,101,2324
logreg,107,target,003a-pfcp.csv,0.15,2,11560,101,2581
logreg,107,target,003a-pfcp.csv,0.2,2,11402,101,2739
logreg,107,target,003a-pfcp.csv,0.25,2,11311,101,2830
logreg,107,target,003a-pfcp.csv,0.3,2,11207,101,2934
logreg,107,target,003a-pfcp.csv,0.35,2,11181,101,2960
logreg,107,target,003a-pfcp.csv,0.4,2,11170,101,2971
logreg,107,target,003a-pfcp.csv,0.45,2,11164,101,2977
logreg,107,target,003a-pfcp.csv,0.5,2,712,101,13429
logreg,107,target,003a-pfcp.csv,0.55,2,712,101,13429
logreg,107,target,003a-pfcp.csv,0.6,0,670,103,13471
logreg,107,target,003a-pfcp.csv,0.65,0,669,103,13472
logreg,107,target,003a-pfcp.csv,0.7,0,664,103,13477
logreg,107,target,003a-pfcp.csv,0.75,0,258,103,13883
logreg,107,target,003a-pfcp.csv,0.8,0,258,103,13883
logreg,107,target,003a-pfcp.csv,0.85,0,246,103,13895
logreg,107,target,003a-pfcp.csv,0.9,0,244,103,13897
logreg,107,target,003a-pfcp.csv,0.95,0,238,103,13903
logreg,107,target,003a-pfcp.csv,0.975,0,238,103,13903
logreg,107,target,003a-pfcp.csv,0.99,0,179,103,13962
logreg,107,target,003a-pfcp.csv,0.995,0,172,103,13969
logreg,107,target,003a-pfcp.csv,0.999,0,11,103,14130
logreg,107,target,004-syn-flood.csv,0.05,580,13550,0,2531
logreg,107,target,004-syn-flood.csv,0.1,580,13377,0,2704
logreg,107,target,004-syn-flood.csv,0.15,580,13185,0,2896
logreg,107,target,004-syn-flood.csv,0.2,580,13029,0,3052
logreg,107,target,004-syn-flood.csv,0.25,580,12941,0,3140
logreg,107,target,004-syn-flood.csv,0.3,580,12814,0,3267
logreg,107,target,004-syn-flood.csv,0.35,580,12762,0,3319
logreg,107,target,004-syn-flood.csv,0.4,580,12757,0,3324
logreg,107,target,004-syn-flood.csv,0.45,580,12727,0,3354
logreg,107,target,004-syn-flood.csv,0.5,580,5353,0,10728
logreg,107,target,004-syn-flood.csv,0.55,580,5340,0,10741
logreg,107,target,004-syn-flood.csv,0.6,580,5337,0,10744
logreg,107,target,004-syn-flood.csv,0.65,580,5330,0,10751
logreg,107,target,004-syn-flood.csv,0.7,580,5324,0,10757
logreg,107,target,004-syn-flood.csv,0.75,580,5321,0,10760
logreg,107,target,004-syn-flood.csv,0.8,580,5320,0,10761
logreg,107,target,004-syn-flood.csv,0.85,580,5305,0,10776
logreg,107,target,004-syn-flood.csv,0.9,580,5241,0,10840
logreg,107,target,004-syn-flood.csv,0.95,580,5221,0,10860
logreg,107,target,004-syn-flood.csv,0.975,580,5219,0,10862
logreg,107,target,004-syn-flood.csv,0.99,580,5218,0,10863
logreg,107,target,004-syn-flood.csv,0.995,580,879,0,15202
logreg,107,target,004-syn-flood.csv,0.999,0,0,580,16081
logreg,107,target,005-icmp-flood.csv,0.05,156,7108,0,1256
logreg,107,target,005-icmp-flood.csv,0.1,156,7010,0,1354
logreg,107,target,005-icmp-flood.csv,0.15,156,6826,0,1538
logreg,107,target,005-icmp-flood.csv,0.2,156,6685,0,1679
logreg,107,target,005-icmp-flood.csv,0.25,156,6546,0,1818
logreg,107,target,005-icmp-flood.csv,0.3,0,6435,156,1929
logreg,107,target,005-icmp-flood.csv,0.35,0,6387,156,1977
logreg,107,target,005-icmp-flood.csv,0.4,0,6386,156,1978
logreg,107,target,005-icmp-flood.csv,0.45,0,6378,156,1986
logreg,107,target,005-icmp-flood.csv,0.5,0,234,156,8130
logreg,107,target,005-icmp-flood.csv,0.55,0,233,156,8131
logreg,107,target,005-icmp-flood.csv,0.6,0,230,156,8134
logreg,107,target,005-icmp-flood.csv,0.65,0,222,156,8142
logreg,107,target,005-icmp-flood.csv,0.7,0,222,156,8142
logreg,107,target,005-icmp-flood.csv,0.75,0,221,156,8143
logreg,107,target,005-icmp-flood.csv,0.8,0,219,156,8145
logreg,107,target,005-icmp-flood.csv,0.85,0,208,156,8156
logreg,107,target,005-icmp-flood.csv,0.9,0,208,156,8156
logreg,107,target,005-icmp-flood.csv,0.95,0,201,156,8163
logreg,107,target,005-icmp-flood.csv,0.975,0,201,156,8163
logreg,107,target,005-icmp-flood.csv,0.99,0,201,156,8163
logreg,107,target,005-icmp-flood.csv,0.995,0,192,156,8172
logreg,107,target,005-icmp-flood.csv,0.999,0,0,156,8364
tree,107,target,003a-pfcp.csv,0.05,101,11003,2,3138
tree,107,target,003a-pfcp.csv,0.1,101,11003,2,3138
tree,107,target,003a-pfcp.csv,0.15,101,11003,2,3138
tree,107,target,003a-pfcp.csv,0.2,101,11003,2,3138
tree,107,target,003a-pfcp.csv,0.25,101,11003,2,3138
tree,107,target,003a-pfcp.csv,0.3,101,11003,2,3138
tree,107,target,003a-pfcp.csv,0.35,101,11003,2,3138
tree,107,target,003a-pfcp.csv,0.4,101,11003,2,3138
tree,107,target,003a-pfcp.csv,0.45,101,11003,2,3138
tree,107,target,003a-pfcp.csv,0.5,101,11003,2,3138
tree,107,target,003a-pfcp.csv,0.55,101,11003,2,3138
tree,107,target,003a-pfcp.csv,0.6,101,10995,2,3146
tree,107,target,003a-pfcp.csv,0.65,101,10995,2,3146
tree,107,target,003a-pfcp.csv,0.7,101,10995,2,3146
tree,107,target,003a-pfcp.csv,0.75,101,10995,2,3146
tree,107,target,003a-pfcp.csv,0.8,101,10589,2,3552
tree,107,target,003a-pfcp.csv,0.85,101,10589,2,3552
tree,107,target,003a-pfcp.csv,0.9,101,10589,2,3552
tree,107,target,003a-pfcp.csv,0.95,101,10586,2,3555
tree,107,target,003a-pfcp.csv,0.975,101,10586,2,3555
tree,107,target,003a-pfcp.csv,0.99,101,10584,2,3557
tree,107,target,003a-pfcp.csv,0.995,101,10584,2,3557
tree,107,target,003a-pfcp.csv,0.999,101,10577,2,3564
tree,107,target,004-syn-flood.csv,0.05,440,12428,140,3653
tree,107,target,004-syn-flood.csv,0.1,440,12428,140,3653
tree,107,target,004-syn-flood.csv,0.15,440,12428,140,3653
tree,107,target,004-syn-flood.csv,0.2,440,12428,140,3653
tree,107,target,004-syn-flood.csv,0.25,440,12428,140,3653
tree,107,target,004-syn-flood.csv,0.3,440,12428,140,3653
tree,107,target,004-syn-flood.csv,0.35,440,12428,140,3653
tree,107,target,004-syn-flood.csv,0.4,440,12428,140,3653
tree,107,target,004-syn-flood.csv,0.45,440,12428,140,3653
tree,107,target,004-syn-flood.csv,0.5,440,12428,140,3653
tree,107,target,004-syn-flood.csv,0.55,440,12428,140,3653
tree,107,target,004-syn-flood.csv,0.6,440,12416,140,3665
tree,107,target,004-syn-flood.csv,0.65,440,12416,140,3665
tree,107,target,004-syn-flood.csv,0.7,440,12416,140,3665
tree,107,target,004-syn-flood.csv,0.75,440,12416,140,3665
tree,107,target,004-syn-flood.csv,0.8,440,12416,140,3665
tree,107,target,004-syn-flood.csv,0.85,440,12416,140,3665
tree,107,target,004-syn-flood.csv,0.9,440,12416,140,3665
tree,107,target,004-syn-flood.csv,0.95,440,12411,140,3670
tree,107,target,004-syn-flood.csv,0.975,440,12411,140,3670
tree,107,target,004-syn-flood.csv,0.99,440,12411,140,3670
tree,107,target,004-syn-flood.csv,0.995,440,12411,140,3670
tree,107,target,004-syn-flood.csv,0.999,440,12411,140,3670
tree,107,target,005-icmp-flood.csv,0.05,156,6296,0,2068
tree,107,target,005-icmp-flood.csv,0.1,156,6296,0,2068
tree,107,target,005-icmp-flood.csv,0.15,156,6296,0,2068
tree,107,target,005-icmp-flood.csv,0.2,156,6296,0,2068
tree,107,target,005-icmp-flood.csv,0.25,156,6296,0,2068
tree,107,target,005-icmp-flood.csv,0.3,156,6296,0,2068
tree,107,target,005-icmp-flood.csv,0.35,156,6296,0,2068
tree,107,target,005-icmp-flood.csv,0.4,156,6296,0,2068
tree,107,target,005-icmp-flood.csv,0.45,156,6296,0,2068
tree,107,target,005-icmp-flood.csv,0.5,156,6296,0,2068
tree,107,target,005-icmp-flood.csv,0.55,156,6296,0,2068
tree,107,target,005-icmp-flood.csv,0.6,156,6290,0,2074
tree,107,target,005-icmp-flood.csv,0.65,156,6290,0,2074
tree,107,target,005-icmp-flood.csv,0.7,156,6290,0,2074
tree,107,target,005-icmp-flood.csv,0.75,156,6290,0,2074
tree,107,target,005-icmp-flood.csv,0.8,156,6290,0,2074
tree,107,target,005-icmp-flood.csv,0.85,156,6290,0,2074
tree,107,target,005-icmp-flood.csv,0.9,156,6290,0,2074
tree,107,target,005-icmp-flood.csv,0.95,156,6290,0,2074
tree,107,target,005-icmp-flood.csv,0.975,156,6290,0,2074
tree,107,target,005-icmp-flood.csv,0.99,156,6290,0,2074
tree,107,target,005-icmp-flood.csv,0.995,156,6290,0,2074
tree,107,target,005-icmp-flood.csv,0.999,156,6290,0,2074
rf,107,target,003a-pfcp.csv,0.05,101,13451,2,690
rf,107,target,003a-pfcp.csv,0.1,101,13093,2,1048
rf,107,target,003a-pfcp.csv,0.15,101,11409,2,2732
rf,107,target,003a-pfcp.csv,0.2,101,11328,2,2813
rf,107,target,003a-pfcp.csv,0.25,101,11295,2,2846
rf,107,target,003a-pfcp.csv,0.3,101,11239,2,2902
rf,107,target,003a-pfcp.csv,0.35,81,11123,22,3018
rf,107,target,003a-pfcp.csv,0.4,3,11096,100,3045
rf,107,target,003a-pfcp.csv,0.45,2,10969,101,3172
rf,107,target,003a-pfcp.csv,0.5,2,10957,101,3184
rf,107,target,003a-pfcp.csv,0.55,2,519,101,13622
rf,107,target,003a-pfcp.csv,0.6,0,517,103,13624
rf,107,target,003a-pfcp.csv,0.65,0,514,103,13627
rf,107,target,003a-pfcp.csv,0.7,0,491,103,13650
rf,107,target,003a-pfcp.csv,0.75,0,75,103,14066
rf,107,target,003a-pfcp.csv,0.8,0,73,103,14068
rf,107,target,003a-pfcp.csv,0.85,0,73,103,14068
rf,107,target,003a-pfcp.csv,0.9,0,73,103,14068
rf,107,target,003a-pfcp.csv,0.95,0,59,103,14082
rf,107,target,003a-pfcp.csv,0.975,0,59,103,14082
rf,107,target,003a-pfcp.csv,0.99,0,59,103,14082
rf,107,target,003a-pfcp.csv,0.995,0,59,103,14082
rf,107,target,003a-pfcp.csv,0.999,0,59,103,14082
rf,107,target,004-syn-flood.csv,0.05,580,15023,0,1058
rf,107,target,004-syn-flood.csv,0.1,580,14804,0,1277
rf,107,target,004-syn-flood.csv,0.15,580,12948,0,3133
rf,107,target,004-syn-flood.csv,0.2,580,12620,0,3461
rf,107,target,004-syn-flood.csv,0.25,580,12619,0,3462
rf,107,target,004-syn-flood.csv,0.3,580,12615,0,3466
rf,107,target,004-syn-flood.csv,0.35,580,12578,0,3503
rf,107,target,004-syn-flood.csv,0.4,580,12575,0,3506
rf,107,target,004-syn-flood.csv,0.45,580,12424,0,3657
rf,107,target,004-syn-flood.csv,0.5,580,12414,0,3667
rf,107,target,004-syn-flood.csv,0.55,580,5004,0,11077
rf,107,target,004-syn-flood.csv,0.6,580,4960,0,11121
rf,107,target,004-syn-flood.csv,0.65,440,4921,140,11160
rf,107,target,004-syn-flood.csv,0.7,440,4908,140,11173
rf,107,target,004-syn-flood.csv,0.75,0,4327,580,11754
rf,107,target,004-syn-flood.csv,0.8,0,4327,580,11754
rf,107,target,004-syn-flood.csv,0.85,0,4326,580,11755
rf,107,target,004-syn-flood.csv,0.9,0,4326,580,11755
rf,107,target,004-syn-flood.csv,0.95,0,4326,580,11755
rf,107,target,004-syn-flood.csv,0.975,0,4326,580,11755
rf,107,target,004-syn-flood.csv,0.99,0,0,580,16081
rf,107,target,004-syn-flood.csv,0.995,0,0,580,16081
rf,107,target,004-syn-flood.csv,0.999,0,0,580,16081
rf,107,target,005-icmp-flood.csv,0.05,156,7591,0,773
rf,107,target,005-icmp-flood.csv,0.1,156,7367,0,997
rf,107,target,005-icmp-flood.csv,0.15,156,6398,0,1966
rf,107,target,005-icmp-flood.csv,0.2,156,6390,0,1974
rf,107,target,005-icmp-flood.csv,0.25,156,6389,0,1975
rf,107,target,005-icmp-flood.csv,0.3,156,6388,0,1976
rf,107,target,005-icmp-flood.csv,0.35,156,6365,0,1999
rf,107,target,005-icmp-flood.csv,0.4,156,6364,0,2000
rf,107,target,005-icmp-flood.csv,0.45,156,6243,0,2121
rf,107,target,005-icmp-flood.csv,0.5,0,6232,156,2132
rf,107,target,005-icmp-flood.csv,0.55,0,56,156,8308
rf,107,target,005-icmp-flood.csv,0.6,0,8,156,8356
rf,107,target,005-icmp-flood.csv,0.65,0,8,156,8356
rf,107,target,005-icmp-flood.csv,0.7,0,2,156,8362
rf,107,target,005-icmp-flood.csv,0.75,0,1,156,8363
rf,107,target,005-icmp-flood.csv,0.8,0,1,156,8363
rf,107,target,005-icmp-flood.csv,0.85,0,0,156,8364
rf,107,target,005-icmp-flood.csv,0.9,0,0,156,8364
rf,107,target,005-icmp-flood.csv,0.95,0,0,156,8364
rf,107,target,005-icmp-flood.csv,0.975,0,0,156,8364
rf,107,target,005-icmp-flood.csv,0.99,0,0,156,8364
rf,107,target,005-icmp-flood.csv,0.995,0,0,156,8364
rf,107,target,005-icmp-flood.csv,0.999,0,0,156,8364
xgboost,107,target,003a-pfcp.csv,0.05,101,11226,2,2915
xgboost,107,target,003a-pfcp.csv,0.1,101,11192,2,2949
xgboost,107,target,003a-pfcp.csv,0.15,101,11163,2,2978
xgboost,107,target,003a-pfcp.csv,0.2,101,11118,2,3023
xgboost,107,target,003a-pfcp.csv,0.25,101,11118,2,3023
xgboost,107,target,003a-pfcp.csv,0.3,101,11114,2,3027
xgboost,107,target,003a-pfcp.csv,0.35,101,1949,2,12192
xgboost,107,target,003a-pfcp.csv,0.4,101,1949,2,12192
xgboost,107,target,003a-pfcp.csv,0.45,101,1949,2,12192
xgboost,107,target,003a-pfcp.csv,0.5,101,1949,2,12192
xgboost,107,target,003a-pfcp.csv,0.55,101,1949,2,12192
xgboost,107,target,003a-pfcp.csv,0.6,101,575,2,13566
xgboost,107,target,003a-pfcp.csv,0.65,101,575,2,13566
xgboost,107,target,003a-pfcp.csv,0.7,101,572,2,13569
xgboost,107,target,003a-pfcp.csv,0.75,101,571,2,13570
xgboost,107,target,003a-pfcp.csv,0.8,101,571,2,13570
xgboost,107,target,003a-pfcp.csv,0.85,2,557,101,13584
xgboost,107,target,003a-pfcp.csv,0.9,0,551,103,13590
xgboost,107,target,003a-pfcp.csv,0.95,0,120,103,14021
xgboost,107,target,003a-pfcp.csv,0.975,0,94,103,14047
xgboost,107,target,003a-pfcp.csv,0.99,0,84,103,14057
xgboost,107,target,003a-pfcp.csv,0.995,0,83,103,14058
xgboost,107,target,003a-pfcp.csv,0.999,0,59,103,14082
xgboost,107,target,004-syn-flood.csv,0.05,580,12617,0,3464
xgboost,107,target,004-syn-flood.csv,0.1,580,12580,0,3501
xgboost,107,target,004-syn-flood.csv,0.15,580,12579,0,3502
xgboost,107,target,004-syn-flood.csv,0.2,580,12576,0,3505
xgboost,107,target,004-syn-flood.csv,0.25,580,12576,0,3505
xgboost,107,target,004-syn-flood.csv,0.3,580,12575,0,3506
xgboost,107,target,004-syn-flood.csv,0.35,580,5865,0,10216
xgboost,107,target,004-syn-flood.csv,0.4,580,5824,0,10257
xgboost,107,target,004-syn-flood.csv,0.45,580,5824,0,10257
xgboost,107,target,004-syn-flood.csv,0.5,580,5824,0,10257
xgboost,107,target,004-syn-flood.csv,0.55,580,5824,0,10257
xgboost,107,target,004-syn-flood.csv,0.6,580,4995,0,11086
xgboost,107,target,004-syn-flood.csv,0.65,580,4982,0,11099
xgboost,107,target,004-syn-flood.csv,0.7,580,4980,0,11101
xgboost,107,target,004-syn-flood.csv,0.75,580,4980,0,11101
xgboost,107,target,004-syn-flood.csv,0.8,580,4978,0,11103
xgboost,107,target,004-syn-flood.csv,0.85,580,4974,0,11107
xgboost,107,target,004-syn-flood.csv,0.9,580,4973,0,11108
xgboost,107,target,004-syn-flood.csv,0.95,440,4908,140,11173
xgboost,107,target,004-syn-flood.csv,0.975,440,4907,140,11174
xgboost,107,target,004-syn-flood.csv,0.99,440,4907,140,11174
xgboost,107,target,004-syn-flood.csv,0.995,440,4907,140,11174
xgboost,107,target,004-syn-flood.csv,0.999,0,0,580,16081
xgboost,107,target,005-icmp-flood.csv,0.05,156,6403,0,1961
xgboost,107,target,005-icmp-flood.csv,0.1,156,6369,0,1995
xgboost,107,target,005-icmp-flood.csv,0.15,156,6366,0,1998
xgboost,107,target,005-icmp-flood.csv,0.2,156,6366,0,1998
xgboost,107,target,005-icmp-flood.csv,0.25,156,6364,0,2000
xgboost,107,target,005-icmp-flood.csv,0.3,156,6364,0,2000
xgboost,107,target,005-icmp-flood.csv,0.35,156,690,0,7674
xgboost,107,target,005-icmp-flood.csv,0.4,156,655,0,7709
xgboost,107,target,005-icmp-flood.csv,0.45,156,655,0,7709
xgboost,107,target,005-icmp-flood.csv,0.5,156,654,0,7710
xgboost,107,target,005-icmp-flood.csv,0.55,156,654,0,7710
xgboost,107,target,005-icmp-flood.csv,0.6,156,60,0,8304
xgboost,107,target,005-icmp-flood.csv,0.65,156,52,0,8312
xgboost,107,target,005-icmp-flood.csv,0.7,156,52,0,8312
xgboost,107,target,005-icmp-flood.csv,0.75,156,52,0,8312
xgboost,107,target,005-icmp-flood.csv,0.8,156,49,0,8315
xgboost,107,target,005-icmp-flood.csv,0.85,156,46,0,8318
xgboost,107,target,005-icmp-flood.csv,0.9,156,33,0,8331
xgboost,107,target,005-icmp-flood.csv,0.95,4,0,152,8364
xgboost,107,target,005-icmp-flood.csv,0.975,0,0,156,8364
xgboost,107,target,005-icmp-flood.csv,0.99,0,0,156,8364
xgboost,107,target,005-icmp-flood.csv,0.995,0,0,156,8364
xgboost,107,target,005-icmp-flood.csv,0.999,0,0,156,8364
hgb,107,target,003a-pfcp.csv,0.05,101,11323,2,2818
hgb,107,target,003a-pfcp.csv,0.1,101,11297,2,2844
hgb,107,target,003a-pfcp.csv,0.15,101,11239,2,2902
hgb,107,target,003a-pfcp.csv,0.2,101,11209,2,2932
hgb,107,target,003a-pfcp.csv,0.25,101,11205,2,2936
hgb,107,target,003a-pfcp.csv,0.3,101,11122,2,3019
hgb,107,target,003a-pfcp.csv,0.35,101,11121,2,3020
hgb,107,target,003a-pfcp.csv,0.4,101,11058,2,3083
hgb,107,target,003a-pfcp.csv,0.45,101,10973,2,3168
hgb,107,target,003a-pfcp.csv,0.5,101,10567,2,3574
hgb,107,target,003a-pfcp.csv,0.55,101,10567,2,3574
hgb,107,target,003a-pfcp.csv,0.6,101,10567,2,3574
hgb,107,target,003a-pfcp.csv,0.65,101,10567,2,3574
hgb,107,target,003a-pfcp.csv,0.7,101,10567,2,3574
hgb,107,target,003a-pfcp.csv,0.75,88,10566,15,3575
hgb,107,target,003a-pfcp.csv,0.8,3,10566,100,3575
hgb,107,target,003a-pfcp.csv,0.85,3,10566,100,3575
hgb,107,target,003a-pfcp.csv,0.9,3,1402,100,12739
hgb,107,target,003a-pfcp.csv,0.95,1,1400,102,12741
hgb,107,target,003a-pfcp.csv,0.975,0,124,103,14017
hgb,107,target,003a-pfcp.csv,0.99,0,122,103,14019
hgb,107,target,003a-pfcp.csv,0.995,0,88,103,14053
hgb,107,target,003a-pfcp.csv,0.999,0,63,103,14078
hgb,107,target,004-syn-flood.csv,0.05,580,12574,0,3507
hgb,107,target,004-syn-flood.csv,0.1,580,12574,0,3507
hgb,107,target,004-syn-flood.csv,0.15,580,12574,0,3507
hgb,107,target,004-syn-flood.csv,0.2,580,12443,0,3638
hgb,107,target,004-syn-flood.csv,0.25,580,12442,0,3639
hgb,107,target,004-syn-flood.csv,0.3,580,12338,0,3743
hgb,107,target,004-syn-flood.csv,0.35,580,12338,0,3743
hgb,107,target,004-syn-flood.csv,0.4,580,12338,0,3743
hgb,107,target,004-syn-flood.csv,0.45,580,12335,0,3746
hgb,107,target,004-syn-flood.csv,0.5,580,12335,0,3746
hgb,107,target,004-syn-flood.csv,0.55,580,12335,0,3746
hgb,107,target,004-syn-flood.csv,0.6,580,12335,0,3746
hgb,107,target,004-syn-flood.csv,0.65,580,12335,0,3746
hgb,107,target,004-syn-flood.csv,0.7,580,12335,0,3746
hgb,107,target,004-syn-flood.csv,0.75,580,12335,0,3746
hgb,107,target,004-syn-flood.csv,0.8,580,12333,0,3748
hgb,107,target,004-syn-flood.csv,0.85,580,12333,0,3748
hgb,107,target,004-syn-flood.csv,0.9,580,5665,0,10416
hgb,107,target,004-syn-flood.csv,0.95,580,5665,0,10416
hgb,107,target,004-syn-flood.csv,0.975,440,4922,140,11159
hgb,107,target,004-syn-flood.csv,0.99,440,4920,140,11161
hgb,107,target,004-syn-flood.csv,0.995,0,4327,580,11754
hgb,107,target,004-syn-flood.csv,0.999,0,4327,580,11754
hgb,107,target,005-icmp-flood.csv,0.05,156,6365,0,1999
hgb,107,target,005-icmp-flood.csv,0.1,156,6363,0,2001
hgb,107,target,005-icmp-flood.csv,0.15,156,6363,0,2001
hgb,107,target,005-icmp-flood.csv,0.2,156,6247,0,2117
hgb,107,target,005-icmp-flood.csv,0.25,156,6247,0,2117
hgb,107,target,005-icmp-flood.csv,0.3,156,6187,0,2177
hgb,107,target,005-icmp-flood.csv,0.35,156,6187,0,2177
hgb,107,target,005-icmp-flood.csv,0.4,156,6187,0,2177
hgb,107,target,005-icmp-flood.csv,0.45,156,6183,0,2181
hgb,107,target,005-icmp-flood.csv,0.5,156,6183,0,2181
hgb,107,target,005-icmp-flood.csv,0.55,156,6183,0,2181
hgb,107,target,005-icmp-flood.csv,0.6,156,6183,0,2181
hgb,107,target,005-icmp-flood.csv,0.65,156,6183,0,2181
hgb,107,target,005-icmp-flood.csv,0.7,156,6183,0,2181
hgb,107,target,005-icmp-flood.csv,0.75,156,6183,0,2181
hgb,107,target,005-icmp-flood.csv,0.8,156,6181,0,2183
hgb,107,target,005-icmp-flood.csv,0.85,156,6181,0,2183
hgb,107,target,005-icmp-flood.csv,0.9,156,554,0,7810
hgb,107,target,005-icmp-flood.csv,0.95,156,554,0,7810
hgb,107,target,005-icmp-flood.csv,0.975,156,38,0,8326
hgb,107,target,005-icmp-flood.csv,0.99,156,37,0,8327
hgb,107,target,005-icmp-flood.csv,0.995,156,30,0,8334
hgb,107,target,005-icmp-flood.csv,0.999,156,30,0,8334
mlp,107,target,003a-pfcp.csv,0.05,0,771,103,13370
mlp,107,target,003a-pfcp.csv,0.1,0,771,103,13370
mlp,107,target,003a-pfcp.csv,0.15,0,761,103,13380
mlp,107,target,003a-pfcp.csv,0.2,0,752,103,13389
mlp,107,target,003a-pfcp.csv,0.25,0,723,103,13418
mlp,107,target,003a-pfcp.csv,0.3,0,703,103,13438
mlp,107,target,003a-pfcp.csv,0.35,0,692,103,13449
mlp,107,target,003a-pfcp.csv,0.4,0,664,103,13477
mlp,107,target,003a-pfcp.csv,0.45,0,663,103,13478
mlp,107,target,003a-pfcp.csv,0.5,0,663,103,13478
mlp,107,target,003a-pfcp.csv,0.55,0,662,103,13479
mlp,107,target,003a-pfcp.csv,0.6,0,661,103,13480
mlp,107,target,003a-pfcp.csv,0.65,0,657,103,13484
mlp,107,target,003a-pfcp.csv,0.7,0,657,103,13484
mlp,107,target,003a-pfcp.csv,0.75,0,251,103,13890
mlp,107,target,003a-pfcp.csv,0.8,0,251,103,13890
mlp,107,target,003a-pfcp.csv,0.85,0,251,103,13890
mlp,107,target,003a-pfcp.csv,0.9,0,251,103,13890
mlp,107,target,003a-pfcp.csv,0.95,0,251,103,13890
mlp,107,target,003a-pfcp.csv,0.975,0,251,103,13890
mlp,107,target,003a-pfcp.csv,0.99,0,243,103,13898
mlp,107,target,003a-pfcp.csv,0.995,0,232,103,13909
mlp,107,target,003a-pfcp.csv,0.999,0,204,103,13937
mlp,107,target,004-syn-flood.csv,0.05,580,5151,0,10930
mlp,107,target,004-syn-flood.csv,0.1,580,5151,0,10930
mlp,107,target,004-syn-flood.csv,0.15,580,5151,0,10930
mlp,107,target,004-syn-flood.csv,0.2,580,5151,0,10930
mlp,107,target,004-syn-flood.csv,0.25,580,5151,0,10930
mlp,107,target,004-syn-flood.csv,0.3,580,5150,0,10931
mlp,107,target,004-syn-flood.csv,0.35,580,5150,0,10931
mlp,107,target,004-syn-flood.csv,0.4,580,5148,0,10933
mlp,107,target,004-syn-flood.csv,0.45,580,5148,0,10933
mlp,107,target,004-syn-flood.csv,0.5,580,5148,0,10933
mlp,107,target,004-syn-flood.csv,0.55,580,5148,0,10933
mlp,107,target,004-syn-flood.csv,0.6,580,5148,0,10933
mlp,107,target,004-syn-flood.csv,0.65,580,5148,0,10933
mlp,107,target,004-syn-flood.csv,0.7,580,5148,0,10933
mlp,107,target,004-syn-flood.csv,0.75,580,5148,0,10933
mlp,107,target,004-syn-flood.csv,0.8,580,5148,0,10933
mlp,107,target,004-syn-flood.csv,0.85,580,5146,0,10935
mlp,107,target,004-syn-flood.csv,0.9,580,5146,0,10935
mlp,107,target,004-syn-flood.csv,0.95,580,5146,0,10935
mlp,107,target,004-syn-flood.csv,0.975,580,5146,0,10935
mlp,107,target,004-syn-flood.csv,0.99,580,5134,0,10947
mlp,107,target,004-syn-flood.csv,0.995,140,4552,440,11529
mlp,107,target,004-syn-flood.csv,0.999,0,4478,580,11603
mlp,107,target,005-icmp-flood.csv,0.05,156,132,0,8232
mlp,107,target,005-icmp-flood.csv,0.1,156,132,0,8232
mlp,107,target,005-icmp-flood.csv,0.15,156,132,0,8232
mlp,107,target,005-icmp-flood.csv,0.2,156,132,0,8232
mlp,107,target,005-icmp-flood.csv,0.25,156,132,0,8232
mlp,107,target,005-icmp-flood.csv,0.3,156,132,0,8232
mlp,107,target,005-icmp-flood.csv,0.35,156,132,0,8232
mlp,107,target,005-icmp-flood.csv,0.4,156,132,0,8232
mlp,107,target,005-icmp-flood.csv,0.45,156,132,0,8232
mlp,107,target,005-icmp-flood.csv,0.5,156,132,0,8232
mlp,107,target,005-icmp-flood.csv,0.55,156,132,0,8232
mlp,107,target,005-icmp-flood.csv,0.6,156,132,0,8232
mlp,107,target,005-icmp-flood.csv,0.65,156,132,0,8232
mlp,107,target,005-icmp-flood.csv,0.7,156,132,0,8232
mlp,107,target,005-icmp-flood.csv,0.75,156,132,0,8232
mlp,107,target,005-icmp-flood.csv,0.8,156,132,0,8232
mlp,107,target,005-icmp-flood.csv,0.85,156,132,0,8232
mlp,107,target,005-icmp-flood.csv,0.9,156,132,0,8232
mlp,107,target,005-icmp-flood.csv,0.95,156,132,0,8232
mlp,107,target,005-icmp-flood.csv,0.975,156,130,0,8234
mlp,107,target,005-icmp-flood.csv,0.99,156,124,0,8240
mlp,107,target,005-icmp-flood.csv,0.995,156,123,0,8241
mlp,107,target,005-icmp-flood.csv,0.999,156,100,0,8264
majority,108,target,003a-pfcp.csv,0.05,103,14141,0,0
majority,108,target,003a-pfcp.csv,0.1,103,14141,0,0
majority,108,target,003a-pfcp.csv,0.15,103,14141,0,0
majority,108,target,003a-pfcp.csv,0.2,103,14141,0,0
majority,108,target,003a-pfcp.csv,0.25,103,14141,0,0
majority,108,target,003a-pfcp.csv,0.3,103,14141,0,0
majority,108,target,003a-pfcp.csv,0.35,103,14141,0,0
majority,108,target,003a-pfcp.csv,0.4,103,14141,0,0
majority,108,target,003a-pfcp.csv,0.45,103,14141,0,0
majority,108,target,003a-pfcp.csv,0.5,103,14141,0,0
majority,108,target,003a-pfcp.csv,0.55,103,14141,0,0
majority,108,target,003a-pfcp.csv,0.6,103,14141,0,0
majority,108,target,003a-pfcp.csv,0.65,103,14141,0,0
majority,108,target,003a-pfcp.csv,0.7,103,14141,0,0
majority,108,target,003a-pfcp.csv,0.75,103,14141,0,0
majority,108,target,003a-pfcp.csv,0.8,103,14141,0,0
majority,108,target,003a-pfcp.csv,0.85,103,14141,0,0
majority,108,target,003a-pfcp.csv,0.9,103,14141,0,0
majority,108,target,003a-pfcp.csv,0.95,103,14141,0,0
majority,108,target,003a-pfcp.csv,0.975,103,14141,0,0
majority,108,target,003a-pfcp.csv,0.99,103,14141,0,0
majority,108,target,003a-pfcp.csv,0.995,103,14141,0,0
majority,108,target,003a-pfcp.csv,0.999,103,14141,0,0
majority,108,target,004-syn-flood.csv,0.05,580,16081,0,0
majority,108,target,004-syn-flood.csv,0.1,580,16081,0,0
majority,108,target,004-syn-flood.csv,0.15,580,16081,0,0
majority,108,target,004-syn-flood.csv,0.2,580,16081,0,0
majority,108,target,004-syn-flood.csv,0.25,580,16081,0,0
majority,108,target,004-syn-flood.csv,0.3,580,16081,0,0
majority,108,target,004-syn-flood.csv,0.35,580,16081,0,0
majority,108,target,004-syn-flood.csv,0.4,580,16081,0,0
majority,108,target,004-syn-flood.csv,0.45,580,16081,0,0
majority,108,target,004-syn-flood.csv,0.5,580,16081,0,0
majority,108,target,004-syn-flood.csv,0.55,580,16081,0,0
majority,108,target,004-syn-flood.csv,0.6,580,16081,0,0
majority,108,target,004-syn-flood.csv,0.65,580,16081,0,0
majority,108,target,004-syn-flood.csv,0.7,580,16081,0,0
majority,108,target,004-syn-flood.csv,0.75,580,16081,0,0
majority,108,target,004-syn-flood.csv,0.8,580,16081,0,0
majority,108,target,004-syn-flood.csv,0.85,580,16081,0,0
majority,108,target,004-syn-flood.csv,0.9,580,16081,0,0
majority,108,target,004-syn-flood.csv,0.95,580,16081,0,0
majority,108,target,004-syn-flood.csv,0.975,580,16081,0,0
majority,108,target,004-syn-flood.csv,0.99,580,16081,0,0
majority,108,target,004-syn-flood.csv,0.995,580,16081,0,0
majority,108,target,004-syn-flood.csv,0.999,580,16081,0,0
majority,108,target,005-icmp-flood.csv,0.05,156,8364,0,0
majority,108,target,005-icmp-flood.csv,0.1,156,8364,0,0
majority,108,target,005-icmp-flood.csv,0.15,156,8364,0,0
majority,108,target,005-icmp-flood.csv,0.2,156,8364,0,0
majority,108,target,005-icmp-flood.csv,0.25,156,8364,0,0
majority,108,target,005-icmp-flood.csv,0.3,156,8364,0,0
majority,108,target,005-icmp-flood.csv,0.35,156,8364,0,0
majority,108,target,005-icmp-flood.csv,0.4,156,8364,0,0
majority,108,target,005-icmp-flood.csv,0.45,156,8364,0,0
majority,108,target,005-icmp-flood.csv,0.5,156,8364,0,0
majority,108,target,005-icmp-flood.csv,0.55,156,8364,0,0
majority,108,target,005-icmp-flood.csv,0.6,156,8364,0,0
majority,108,target,005-icmp-flood.csv,0.65,156,8364,0,0
majority,108,target,005-icmp-flood.csv,0.7,156,8364,0,0
majority,108,target,005-icmp-flood.csv,0.75,156,8364,0,0
majority,108,target,005-icmp-flood.csv,0.8,156,8364,0,0
majority,108,target,005-icmp-flood.csv,0.85,156,8364,0,0
majority,108,target,005-icmp-flood.csv,0.9,156,8364,0,0
majority,108,target,005-icmp-flood.csv,0.95,156,8364,0,0
majority,108,target,005-icmp-flood.csv,0.975,156,8364,0,0
majority,108,target,005-icmp-flood.csv,0.99,156,8364,0,0
majority,108,target,005-icmp-flood.csv,0.995,156,8364,0,0
majority,108,target,005-icmp-flood.csv,0.999,156,8364,0,0
stratified,108,target,003a-pfcp.csv,0.05,59,8506,44,5635
stratified,108,target,003a-pfcp.csv,0.1,59,8506,44,5635
stratified,108,target,003a-pfcp.csv,0.15,59,8506,44,5635
stratified,108,target,003a-pfcp.csv,0.2,59,8506,44,5635
stratified,108,target,003a-pfcp.csv,0.25,59,8506,44,5635
stratified,108,target,003a-pfcp.csv,0.3,59,8506,44,5635
stratified,108,target,003a-pfcp.csv,0.35,59,8506,44,5635
stratified,108,target,003a-pfcp.csv,0.4,59,8506,44,5635
stratified,108,target,003a-pfcp.csv,0.45,59,8506,44,5635
stratified,108,target,003a-pfcp.csv,0.5,59,8506,44,5635
stratified,108,target,003a-pfcp.csv,0.55,59,8506,44,5635
stratified,108,target,003a-pfcp.csv,0.6,59,8506,44,5635
stratified,108,target,003a-pfcp.csv,0.65,59,8506,44,5635
stratified,108,target,003a-pfcp.csv,0.7,59,8506,44,5635
stratified,108,target,003a-pfcp.csv,0.75,59,8506,44,5635
stratified,108,target,003a-pfcp.csv,0.8,59,8506,44,5635
stratified,108,target,003a-pfcp.csv,0.85,59,8506,44,5635
stratified,108,target,003a-pfcp.csv,0.9,59,8506,44,5635
stratified,108,target,003a-pfcp.csv,0.95,59,8506,44,5635
stratified,108,target,003a-pfcp.csv,0.975,59,8506,44,5635
stratified,108,target,003a-pfcp.csv,0.99,59,8506,44,5635
stratified,108,target,003a-pfcp.csv,0.995,59,8506,44,5635
stratified,108,target,003a-pfcp.csv,0.999,59,8506,44,5635
stratified,108,target,004-syn-flood.csv,0.05,338,9750,242,6331
stratified,108,target,004-syn-flood.csv,0.1,338,9750,242,6331
stratified,108,target,004-syn-flood.csv,0.15,338,9750,242,6331
stratified,108,target,004-syn-flood.csv,0.2,338,9750,242,6331
stratified,108,target,004-syn-flood.csv,0.25,338,9750,242,6331
stratified,108,target,004-syn-flood.csv,0.3,338,9750,242,6331
stratified,108,target,004-syn-flood.csv,0.35,338,9750,242,6331
stratified,108,target,004-syn-flood.csv,0.4,338,9750,242,6331
stratified,108,target,004-syn-flood.csv,0.45,338,9750,242,6331
stratified,108,target,004-syn-flood.csv,0.5,338,9750,242,6331
stratified,108,target,004-syn-flood.csv,0.55,338,9750,242,6331
stratified,108,target,004-syn-flood.csv,0.6,338,9750,242,6331
stratified,108,target,004-syn-flood.csv,0.65,338,9750,242,6331
stratified,108,target,004-syn-flood.csv,0.7,338,9750,242,6331
stratified,108,target,004-syn-flood.csv,0.75,338,9750,242,6331
stratified,108,target,004-syn-flood.csv,0.8,338,9750,242,6331
stratified,108,target,004-syn-flood.csv,0.85,338,9750,242,6331
stratified,108,target,004-syn-flood.csv,0.9,338,9750,242,6331
stratified,108,target,004-syn-flood.csv,0.95,338,9750,242,6331
stratified,108,target,004-syn-flood.csv,0.975,338,9750,242,6331
stratified,108,target,004-syn-flood.csv,0.99,338,9750,242,6331
stratified,108,target,004-syn-flood.csv,0.995,338,9750,242,6331
stratified,108,target,004-syn-flood.csv,0.999,338,9750,242,6331
stratified,108,target,005-icmp-flood.csv,0.05,84,5083,72,3281
stratified,108,target,005-icmp-flood.csv,0.1,84,5083,72,3281
stratified,108,target,005-icmp-flood.csv,0.15,84,5083,72,3281
stratified,108,target,005-icmp-flood.csv,0.2,84,5083,72,3281
stratified,108,target,005-icmp-flood.csv,0.25,84,5083,72,3281
stratified,108,target,005-icmp-flood.csv,0.3,84,5083,72,3281
stratified,108,target,005-icmp-flood.csv,0.35,84,5083,72,3281
stratified,108,target,005-icmp-flood.csv,0.4,84,5083,72,3281
stratified,108,target,005-icmp-flood.csv,0.45,84,5083,72,3281
stratified,108,target,005-icmp-flood.csv,0.5,84,5083,72,3281
stratified,108,target,005-icmp-flood.csv,0.55,84,5083,72,3281
stratified,108,target,005-icmp-flood.csv,0.6,84,5083,72,3281
stratified,108,target,005-icmp-flood.csv,0.65,84,5083,72,3281
stratified,108,target,005-icmp-flood.csv,0.7,84,5083,72,3281
stratified,108,target,005-icmp-flood.csv,0.75,84,5083,72,3281
stratified,108,target,005-icmp-flood.csv,0.8,84,5083,72,3281
stratified,108,target,005-icmp-flood.csv,0.85,84,5083,72,3281
stratified,108,target,005-icmp-flood.csv,0.9,84,5083,72,3281
stratified,108,target,005-icmp-flood.csv,0.95,84,5083,72,3281
stratified,108,target,005-icmp-flood.csv,0.975,84,5083,72,3281
stratified,108,target,005-icmp-flood.csv,0.99,84,5083,72,3281
stratified,108,target,005-icmp-flood.csv,0.995,84,5083,72,3281
stratified,108,target,005-icmp-flood.csv,0.999,84,5083,72,3281
logreg,108,target,003a-pfcp.csv,0.05,2,12109,101,2032
logreg,108,target,003a-pfcp.csv,0.1,2,11854,101,2287
logreg,108,target,003a-pfcp.csv,0.15,2,11648,101,2493
logreg,108,target,003a-pfcp.csv,0.2,2,11452,101,2689
logreg,108,target,003a-pfcp.csv,0.25,2,11351,101,2790
logreg,108,target,003a-pfcp.csv,0.3,2,11273,101,2868
logreg,108,target,003a-pfcp.csv,0.35,2,11200,101,2941
logreg,108,target,003a-pfcp.csv,0.4,2,11160,101,2981
logreg,108,target,003a-pfcp.csv,0.45,2,11149,101,2992
logreg,108,target,003a-pfcp.csv,0.5,2,11135,101,3006
logreg,108,target,003a-pfcp.csv,0.55,2,11135,101,3006
logreg,108,target,003a-pfcp.csv,0.6,2,671,101,13470
logreg,108,target,003a-pfcp.csv,0.65,2,668,101,13473
logreg,108,target,003a-pfcp.csv,0.7,0,664,103,13477
logreg,108,target,003a-pfcp.csv,0.75,0,258,103,13883
logreg,108,target,003a-pfcp.csv,0.8,0,256,103,13885
logreg,108,target,003a-pfcp.csv,0.85,0,248,103,13893
logreg,108,target,003a-pfcp.csv,0.9,0,243,103,13898
logreg,108,target,003a-pfcp.csv,0.95,0,238,103,13903
logreg,108,target,003a-pfcp.csv,0.975,0,238,103,13903
logreg,108,target,003a-pfcp.csv,0.99,0,179,103,13962
logreg,108,target,003a-pfcp.csv,0.995,0,172,103,13969
logreg,108,target,003a-pfcp.csv,0.999,0,11,103,14130
logreg,108,target,004-syn-flood.csv,0.05,580,13555,0,2526
logreg,108,target,004-syn-flood.csv,0.1,580,13424,0,2657
logreg,108,target,004-syn-flood.csv,0.15,580,13308,0,2773
logreg,108,target,004-syn-flood.csv,0.2,580,13115,0,2966
logreg,108,target,004-syn-flood.csv,0.25,580,12989,0,3092
logreg,108,target,004-syn-flood.csv,0.3,580,12910,0,3171
logreg,108,target,004-syn-flood.csv,0.35,580,12819,0,3262
logreg,108,target,004-syn-flood.csv,0.4,580,12759,0,3322
logreg,108,target,004-syn-flood.csv,0.45,580,12729,0,3352
logreg,108,target,004-syn-flood.csv,0.5,580,12727,0,3354
logreg,108,target,004-syn-flood.csv,0.55,580,12715,0,3366
logreg,108,target,004-syn-flood.csv,0.6,580,5337,0,10744
logreg,108,target,004-syn-flood.csv,0.65,580,5330,0,10751
logreg,108,target,004-syn-flood.csv,0.7,580,5325,0,10756
logreg,108,target,004-syn-flood.csv,0.75,580,5322,0,10759
logreg,108,target,004-syn-flood.csv,0.8,580,5320,0,10761
logreg,108,target,004-syn-flood.csv,0.85,580,5306,0,10775
logreg,108,target,004-syn-flood.csv,0.9,580,5305,0,10776
logreg,108,target,004-syn-flood.csv,0.95,580,5233,0,10848
logreg,108,target,004-syn-flood.csv,0.975,580,5218,0,10863
logreg,108,target,004-syn-flood.csv,0.99,580,5218,0,10863
logreg,108,target,004-syn-flood.csv,0.995,580,891,0,15190
logreg,108,target,004-syn-flood.csv,0.999,0,0,580,16081
logreg,108,target,005-icmp-flood.csv,0.05,156,7107,0,1257
logreg,108,target,005-icmp-flood.csv,0.1,156,7046,0,1318
logreg,108,target,005-icmp-flood.csv,0.15,156,6949,0,1415
logreg,108,target,005-icmp-flood.csv,0.2,156,6759,0,1605
logreg,108,target,005-icmp-flood.csv,0.25,156,6631,0,1733
logreg,108,target,005-icmp-flood.csv,0.3,115,6514,41,1850
logreg,108,target,005-icmp-flood.csv,0.35,0,6429,156,1935
logreg,108,target,005-icmp-flood.csv,0.4,0,6387,156,1977
logreg,108,target,005-icmp-flood.csv,0.45,0,6384,156,1980
logreg,108,target,005-icmp-flood.csv,0.5,0,6378,156,1986
logreg,108,target,005-icmp-flood.csv,0.55,0,6377,156,1987
logreg,108,target,005-icmp-flood.csv,0.6,0,232,156,8132
logreg,108,target,005-icmp-flood.csv,0.65,0,223,156,8141
logreg,108,target,005-icmp-flood.csv,0.7,0,222,156,8142
logreg,108,target,005-icmp-flood.csv,0.75,0,221,156,8143
logreg,108,target,005-icmp-flood.csv,0.8,0,219,156,8145
logreg,108,target,005-icmp-flood.csv,0.85,0,210,156,8154
logreg,108,target,005-icmp-flood.csv,0.9,0,208,156,8156
logreg,108,target,005-icmp-flood.csv,0.95,0,205,156,8159
logreg,108,target,005-icmp-flood.csv,0.975,0,201,156,8163
logreg,108,target,005-icmp-flood.csv,0.99,0,201,156,8163
logreg,108,target,005-icmp-flood.csv,0.995,0,200,156,8164
logreg,108,target,005-icmp-flood.csv,0.999,0,0,156,8364
tree,108,target,003a-pfcp.csv,0.05,101,11033,2,3108
tree,108,target,003a-pfcp.csv,0.1,101,11033,2,3108
tree,108,target,003a-pfcp.csv,0.15,101,11033,2,3108
tree,108,target,003a-pfcp.csv,0.2,101,11033,2,3108
tree,108,target,003a-pfcp.csv,0.25,101,11033,2,3108
tree,108,target,003a-pfcp.csv,0.3,101,11033,2,3108
tree,108,target,003a-pfcp.csv,0.35,101,11033,2,3108
tree,108,target,003a-pfcp.csv,0.4,101,11033,2,3108
tree,108,target,003a-pfcp.csv,0.45,101,11033,2,3108
tree,108,target,003a-pfcp.csv,0.5,101,11033,2,3108
tree,108,target,003a-pfcp.csv,0.55,101,11033,2,3108
tree,108,target,003a-pfcp.csv,0.6,101,11033,2,3108
tree,108,target,003a-pfcp.csv,0.65,101,11033,2,3108
tree,108,target,003a-pfcp.csv,0.7,101,11018,2,3123
tree,108,target,003a-pfcp.csv,0.75,101,11018,2,3123
tree,108,target,003a-pfcp.csv,0.8,101,10612,2,3529
tree,108,target,003a-pfcp.csv,0.85,101,10612,2,3529
tree,108,target,003a-pfcp.csv,0.9,101,10612,2,3529
tree,108,target,003a-pfcp.csv,0.95,101,10612,2,3529
tree,108,target,003a-pfcp.csv,0.975,101,10612,2,3529
tree,108,target,003a-pfcp.csv,0.99,101,10612,2,3529
tree,108,target,003a-pfcp.csv,0.995,101,10612,2,3529
tree,108,target,003a-pfcp.csv,0.999,101,10612,2,3529
tree,108,target,004-syn-flood.csv,0.05,440,12349,140,3732
tree,108,target,004-syn-flood.csv,0.1,440,12349,140,3732
tree,108,target,004-syn-flood.csv,0.15,440,12349,140,3732
tree,108,target,004-syn-flood.csv,0.2,440,12349,140,3732
tree,108,target,004-syn-flood.csv,0.25,440,12349,140,3732
tree,108,target,004-syn-flood.csv,0.3,440,12349,140,3732
tree,108,target,004-syn-flood.csv,0.35,440,12349,140,3732
tree,108,target,004-syn-flood.csv,0.4,440,12349,140,3732
tree,108,target,004-syn-flood.csv,0.45,440,12349,140,3732
tree,108,target,004-syn-flood.csv,0.5,440,12349,140,3732
tree,108,target,004-syn-flood.csv,0.55,440,12349,140,3732
tree,108,target,004-syn-flood.csv,0.6,440,12349,140,3732
tree,108,target,004-syn-flood.csv,0.65,440,12349,140,3732
tree,108,target,004-syn-flood.csv,0.7,440,12337,140,3744
tree,108,target,004-syn-flood.csv,0.75,440,12337,140,3744
tree,108,target,004-syn-flood.csv,0.8,440,12337,140,3744
tree,108,target,004-syn-flood.csv,0.85,440,12337,140,3744
tree,108,target,004-syn-flood.csv,0.9,440,12337,140,3744
tree,108,target,004-syn-flood.csv,0.95,440,12337,140,3744
tree,108,target,004-syn-flood.csv,0.975,440,12337,140,3744
tree,108,target,004-syn-flood.csv,0.99,440,12337,140,3744
tree,108,target,004-syn-flood.csv,0.995,440,12337,140,3744
tree,108,target,004-syn-flood.csv,0.999,440,12337,140,3744
tree,108,target,005-icmp-flood.csv,0.05,156,6217,0,2147
tree,108,target,005-icmp-flood.csv,0.1,156,6217,0,2147
tree,108,target,005-icmp-flood.csv,0.15,156,6217,0,2147
tree,108,target,005-icmp-flood.csv,0.2,156,6217,0,2147
tree,108,target,005-icmp-flood.csv,0.25,156,6217,0,2147
tree,108,target,005-icmp-flood.csv,0.3,156,6217,0,2147
tree,108,target,005-icmp-flood.csv,0.35,156,6217,0,2147
tree,108,target,005-icmp-flood.csv,0.4,156,6217,0,2147
tree,108,target,005-icmp-flood.csv,0.45,156,6217,0,2147
tree,108,target,005-icmp-flood.csv,0.5,156,6217,0,2147
tree,108,target,005-icmp-flood.csv,0.55,156,6217,0,2147
tree,108,target,005-icmp-flood.csv,0.6,156,6217,0,2147
tree,108,target,005-icmp-flood.csv,0.65,156,6217,0,2147
tree,108,target,005-icmp-flood.csv,0.7,156,6211,0,2153
tree,108,target,005-icmp-flood.csv,0.75,156,6211,0,2153
tree,108,target,005-icmp-flood.csv,0.8,156,6211,0,2153
tree,108,target,005-icmp-flood.csv,0.85,156,6211,0,2153
tree,108,target,005-icmp-flood.csv,0.9,156,6211,0,2153
tree,108,target,005-icmp-flood.csv,0.95,156,6211,0,2153
tree,108,target,005-icmp-flood.csv,0.975,156,6211,0,2153
tree,108,target,005-icmp-flood.csv,0.99,156,6211,0,2153
tree,108,target,005-icmp-flood.csv,0.995,156,6211,0,2153
tree,108,target,005-icmp-flood.csv,0.999,156,6211,0,2153
rf,108,target,003a-pfcp.csv,0.05,101,13433,2,708
rf,108,target,003a-pfcp.csv,0.1,101,13137,2,1004
rf,108,target,003a-pfcp.csv,0.15,101,11360,2,2781
rf,108,target,003a-pfcp.csv,0.2,101,11301,2,2840
rf,108,target,003a-pfcp.csv,0.25,101,11265,2,2876
rf,108,target,003a-pfcp.csv,0.3,101,11150,2,2991
rf,108,target,003a-pfcp.csv,0.35,101,11117,2,3024
rf,108,target,003a-pfcp.csv,0.4,100,11099,3,3042
rf,108,target,003a-pfcp.csv,0.45,62,11072,41,3069
rf,108,target,003a-pfcp.csv,0.5,2,11071,101,3070
rf,108,target,003a-pfcp.csv,0.55,0,518,103,13623
rf,108,target,003a-pfcp.csv,0.6,0,502,103,13639
rf,108,target,003a-pfcp.csv,0.65,0,500,103,13641
rf,108,target,003a-pfcp.csv,0.7,0,86,103,14055
rf,108,target,003a-pfcp.csv,0.75,0,85,103,14056
rf,108,target,003a-pfcp.csv,0.8,0,76,103,14065
rf,108,target,003a-pfcp.csv,0.85,0,73,103,14068
rf,108,target,003a-pfcp.csv,0.9,0,73,103,14068
rf,108,target,003a-pfcp.csv,0.95,0,67,103,14074
rf,108,target,003a-pfcp.csv,0.975,0,65,103,14076
rf,108,target,003a-pfcp.csv,0.99,0,59,103,14082
rf,108,target,003a-pfcp.csv,0.995,0,59,103,14082
rf,108,target,003a-pfcp.csv,0.999,0,59,103,14082
rf,108,target,004-syn-flood.csv,0.05,580,15089,0,992
rf,108,target,004-syn-flood.csv,0.1,580,14863,0,1218
rf,108,target,004-syn-flood.csv,0.15,580,12882,0,3199
rf,108,target,004-syn-flood.csv,0.2,580,12622,0,3459
rf,108,target,004-syn-flood.csv,0.25,580,12619,0,3462
rf,108,target,004-syn-flood.csv,0.3,580,12617,0,3464
rf,108,target,004-syn-flood.csv,0.35,580,12613,0,3468
rf,108,target,004-syn-flood.csv,0.4,580,12611,0,3470
rf,108,target,004-syn-flood.csv,0.45,580,12562,0,3519
rf,108,target,004-syn-flood.csv,0.5,580,12480,0,3601
rf,108,target,004-syn-flood.csv,0.55,580,4984,0,11097
rf,108,target,004-syn-flood.csv,0.6,580,4964,0,11117
rf,108,target,004-syn-flood.csv,0.65,580,4961,0,11120
rf,108,target,004-syn-flood.csv,0.7,440,4920,140,11161
rf,108,target,004-syn-flood.csv,0.75,440,4920,140,11161
rf,108,target,004-syn-flood.csv,0.8,0,4327,580,11754
rf,108,target,004-syn-flood.csv,0.85,0,4326,580,11755
rf,108,target,004-syn-flood.csv,0.9,0,4326,580,11755
rf,108,target,004-syn-flood.csv,0.95,0,4326,580,11755
rf,108,target,004-syn-flood.csv,0.975,0,4326,580,11755
rf,108,target,004-syn-flood.csv,0.99,0,4326,580,11755
rf,108,target,004-syn-flood.csv,0.995,0,4326,580,11755
rf,108,target,004-syn-flood.csv,0.999,0,4326,580,11755
rf,108,target,005-icmp-flood.csv,0.05,156,7672,0,692
rf,108,target,005-icmp-flood.csv,0.1,156,7413,0,951
rf,108,target,005-icmp-flood.csv,0.15,156,6397,0,1967
rf,108,target,005-icmp-flood.csv,0.2,156,6391,0,1973
rf,108,target,005-icmp-flood.csv,0.25,156,6389,0,1975
rf,108,target,005-icmp-flood.csv,0.3,156,6389,0,1975
rf,108,target,005-icmp-flood.csv,0.35,156,6387,0,1977
rf,108,target,005-icmp-flood.csv,0.4,156,6386,0,1978
rf,108,target,005-icmp-flood.csv,0.45,156,6354,0,2010
rf,108,target,005-icmp-flood.csv,0.5,156,6274,0,2090
rf,108,target,005-icmp-flood.csv,0.55,156,51,0,8313
rf,108,target,005-icmp-flood.csv,0.6,156,39,0,8325
rf,108,target,005-icmp-flood.csv,0.65,156,13,0,8351
rf,108,target,005-icmp-flood.csv,0.7,0,8,156,8356
rf,108,target,005-icmp-flood.csv,0.75,0,8,156,8356
rf,108,target,005-icmp-flood.csv,0.8,0,0,156,8364
rf,108,target,005-icmp-flood.csv,0.85,0,0,156,8364
rf,108,target,005-icmp-flood.csv,0.9,0,0,156,8364
rf,108,target,005-icmp-flood.csv,0.95,0,0,156,8364
rf,108,target,005-icmp-flood.csv,0.975,0,0,156,8364
rf,108,target,005-icmp-flood.csv,0.99,0,0,156,8364
rf,108,target,005-icmp-flood.csv,0.995,0,0,156,8364
rf,108,target,005-icmp-flood.csv,0.999,0,0,156,8364
xgboost,108,target,003a-pfcp.csv,0.05,101,11243,2,2898
xgboost,108,target,003a-pfcp.csv,0.1,101,11178,2,2963
xgboost,108,target,003a-pfcp.csv,0.15,101,11115,2,3026
xgboost,108,target,003a-pfcp.csv,0.2,101,11113,2,3028
xgboost,108,target,003a-pfcp.csv,0.25,101,11113,2,3028
xgboost,108,target,003a-pfcp.csv,0.3,101,11094,2,3047
xgboost,108,target,003a-pfcp.csv,0.35,101,11094,2,3047
xgboost,108,target,003a-pfcp.csv,0.4,101,11013,2,3128
xgboost,108,target,003a-pfcp.csv,0.45,101,11003,2,3138
xgboost,108,target,003a-pfcp.csv,0.5,101,11003,2,3138
xgboost,108,target,003a-pfcp.csv,0.55,101,11000,2,3141
xgboost,108,target,003a-pfcp.csv,0.6,101,11000,2,3141
xgboost,108,target,003a-pfcp.csv,0.65,101,1834,2,12307
xgboost,108,target,003a-pfcp.csv,0.7,101,1833,2,12308
xgboost,108,target,003a-pfcp.csv,0.75,101,1833,2,12308
xgboost,108,target,003a-pfcp.csv,0.8,101,557,2,13584
xgboost,108,target,003a-pfcp.csv,0.85,3,526,100,13615
xgboost,108,target,003a-pfcp.csv,0.9,3,526,100,13615
xgboost,108,target,003a-pfcp.csv,0.95,0,102,103,14039
xgboost,108,target,003a-pfcp.csv,0.975,0,101,103,14040
xgboost,108,target,003a-pfcp.csv,0.99,0,91,103,14050
xgboost,108,target,003a-pfcp.csv,0.995,0,91,103,14050
xgboost,108,target,003a-pfcp.csv,0.999,0,59,103,14082
xgboost,108,target,004-syn-flood.csv,0.05,580,12615,0,3466
xgboost,108,target,004-syn-flood.csv,0.1,580,12607,0,3474
xgboost,108,target,004-syn-flood.csv,0.15,580,12537,0,3544
xgboost,108,target,004-syn-flood.csv,0.2,580,12497,0,3584
xgboost,108,target,004-syn-flood.csv,0.25,580,12496,0,3585
xgboost,108,target,004-syn-flood.csv,0.3,580,12445,0,3636
xgboost,108,target,004-syn-flood.csv,0.35,580,12441,0,3640
xgboost,108,target,004-syn-flood.csv,0.4,580,12353,0,3728
xgboost,108,target,004-syn-flood.csv,0.45,580,12353,0,3728
xgboost,108,target,004-syn-flood.csv,0.5,580,12353,0,3728
xgboost,108,target,004-syn-flood.csv,0.55,580,12350,0,3731
xgboost,108,target,004-syn-flood.csv,0.6,580,12349,0,3732
xgboost,108,target,004-syn-flood.csv,0.65,580,5680,0,10401
xgboost,108,target,004-syn-flood.csv,0.7,580,5678,0,10403
xgboost,108,target,004-syn-flood.csv,0.75,580,5677,0,10404
xgboost,108,target,004-syn-flood.csv,0.8,580,4974,0,11107
xgboost,108,target,004-syn-flood.csv,0.85,580,4973,0,11108
xgboost,108,target,004-syn-flood.csv,0.9,580,4972,0,11109
xgboost,108,target,004-syn-flood.csv,0.95,440,4920,140,11161
xgboost,108,target,004-syn-flood.csv,0.975,440,4920,140,11161
xgboost,108,target,004-syn-flood.csv,0.99,440,4907,140,11174
xgboost,108,target,004-syn-flood.csv,0.995,440,4907,140,11174
xgboost,108,target,004-syn-flood.csv,0.999,0,0,580,16081
xgboost,108,target,005-icmp-flood.csv,0.05,156,6389,0,1975
xgboost,108,target,005-icmp-flood.csv,0.1,156,6381,0,1983
xgboost,108,target,005-icmp-flood.csv,0.15,156,6317,0,2047
xgboost,108,target,005-icmp-flood.csv,0.2,156,6283,0,2081
xgboost,108,target,005-icmp-flood.csv,0.25,156,6283,0,2081
xgboost,108,target,005-icmp-flood.csv,0.3,156,6247,0,2117
xgboost,108,target,005-icmp-flood.csv,0.35,156,6245,0,2119
xgboost,108,target,005-icmp-flood.csv,0.4,156,6195,0,2169
xgboost,108,target,005-icmp-flood.csv,0.45,156,6195,0,2169
xgboost,108,target,005-icmp-flood.csv,0.5,156,6194,0,2170
xgboost,108,target,005-icmp-flood.csv,0.55,156,6194,0,2170
xgboost,108,target,005-icmp-flood.csv,0.6,156,6192,0,2172
xgboost,108,target,005-icmp-flood.csv,0.65,156,563,0,7801
xgboost,108,target,005-icmp-flood.csv,0.7,156,563,0,7801
xgboost,108,target,005-icmp-flood.csv,0.75,156,562,0,7802
xgboost,108,target,005-icmp-flood.csv,0.8,156,46,0,8318
xgboost,108,target,005-icmp-flood.csv,0.85,156,45,0,8319
xgboost,108,target,005-icmp-flood.csv,0.9,156,44,0,8320
xgboost,108,target,005-icmp-flood.csv,0.95,155,34,1,8330
xgboost,108,target,005-icmp-flood.csv,0.975,0,24,156,8340
xgboost,108,target,005-icmp-flood.csv,0.99,0,0,156,8364
xgboost,108,target,005-icmp-flood.csv,0.995,0,0,156,8364
xgboost,108,target,005-icmp-flood.csv,0.999,0,0,156,8364
hgb,108,target,003a-pfcp.csv,0.05,101,11305,2,2836
hgb,108,target,003a-pfcp.csv,0.1,101,11247,2,2894
hgb,108,target,003a-pfcp.csv,0.15,101,11228,2,2913
hgb,108,target,003a-pfcp.csv,0.2,101,11227,2,2914
hgb,108,target,003a-pfcp.csv,0.25,101,11227,2,2914
hgb,108,target,003a-pfcp.csv,0.3,101,11208,2,2933
hgb,108,target,003a-pfcp.csv,0.35,101,11103,2,3038
hgb,108,target,003a-pfcp.csv,0.4,101,11103,2,3038
hgb,108,target,003a-pfcp.csv,0.45,101,11103,2,3038
hgb,108,target,003a-pfcp.csv,0.5,101,11077,2,3064
hgb,108,target,003a-pfcp.csv,0.55,101,11077,2,3064
hgb,108,target,003a-pfcp.csv,0.6,101,11077,2,3064
hgb,108,target,003a-pfcp.csv,0.65,101,11077,2,3064
hgb,108,target,003a-pfcp.csv,0.7,101,10671,2,3470
hgb,108,target,003a-pfcp.csv,0.75,101,10670,2,3471
hgb,108,target,003a-pfcp.csv,0.8,99,10670,4,3471
hgb,108,target,003a-pfcp.csv,0.85,3,10670,100,3471
hgb,108,target,003a-pfcp.csv,0.9,3,10670,100,3471
hgb,108,target,003a-pfcp.csv,0.95,3,10670,100,3471
hgb,108,target,003a-pfcp.csv,0.975,3,10651,100,3490
hgb,108,target,003a-pfcp.csv,0.99,3,10564,100,3577
hgb,108,target,003a-pfcp.csv,0.995,0,1396,103,12745
hgb,108,target,003a-pfcp.csv,0.999,0,94,103,14047
hgb,108,target,004-syn-flood.csv,0.05,580,12577,0,3504
hgb,108,target,004-syn-flood.csv,0.1,580,12575,0,3506
hgb,108,target,004-syn-flood.csv,0.15,580,12574,0,3507
hgb,108,target,004-syn-flood.csv,0.2,580,12574,0,3507
hgb,108,target,004-syn-flood.csv,0.25,580,12574,0,3507
hgb,108,target,004-syn-flood.csv,0.3,580,12574,0,3507
hgb,108,target,004-syn-flood.csv,0.35,580,12573,0,3508
hgb,108,target,004-syn-flood.csv,0.4,580,12573,0,3508
hgb,108,target,004-syn-flood.csv,0.45,580,12573,0,3508
hgb,108,target,004-syn-flood.csv,0.5,580,12573,0,3508
hgb,108,target,004-syn-flood.csv,0.55,580,12493,0,3588
hgb,108,target,004-syn-flood.csv,0.6,580,12493,0,3588
hgb,108,target,004-syn-flood.csv,0.65,580,12493,0,3588
hgb,108,target,004-syn-flood.csv,0.7,580,12493,0,3588
hgb,108,target,004-syn-flood.csv,0.75,580,12493,0,3588
hgb,108,target,004-syn-flood.csv,0.8,580,12493,0,3588
hgb,108,target,004-syn-flood.csv,0.85,580,12490,0,3591
hgb,108,target,004-syn-flood.csv,0.9,440,12450,140,3631
hgb,108,target,004-syn-flood.csv,0.95,440,12450,140,3631
hgb,108,target,004-syn-flood.csv,0.975,440,12399,140,3682
hgb,108,target,004-syn-flood.csv,0.99,440,12311,140,3770
hgb,108,target,004-syn-flood.csv,0.995,0,5059,580,11022
hgb,108,target,004-syn-flood.csv,0.999,0,4331,580,11750
hgb,108,target,005-icmp-flood.csv,0.05,156,6364,0,2000
hgb,108,target,005-icmp-flood.csv,0.1,156,6364,0,2000
hgb,108,target,005-icmp-flood.csv,0.15,156,6363,0,2001
hgb,108,target,005-icmp-flood.csv,0.2,156,6363,0,2001
hgb,108,target,005-icmp-flood.csv,0.25,156,6363,0,2001
hgb,108,target,005-icmp-flood.csv,0.3,156,6363,0,2001
hgb,108,target,005-icmp-flood.csv,0.35,156,6363,0,2001
hgb,108,target,005-icmp-flood.csv,0.4,156,6363,0,2001
hgb,108,target,005-icmp-flood.csv,0.45,156,6363,0,2001
hgb,108,target,005-icmp-flood.csv,0.5,156,6363,0,2001
hgb,108,target,005-icmp-flood.csv,0.55,156,6283,0,2081
hgb,108,target,005-icmp-flood.csv,0.6,156,6283,0,2081
hgb,108,target,005-icmp-flood.csv,0.65,156,6283,0,2081
hgb,108,target,005-icmp-flood.csv,0.7,156,6283,0,2081
hgb,108,target,005-icmp-flood.csv,0.75,156,6283,0,2081
hgb,108,target,005-icmp-flood.csv,0.8,156,6283,0,2081
hgb,108,target,005-icmp-flood.csv,0.85,156,6281,0,2083
hgb,108,target,005-icmp-flood.csv,0.9,156,6281,0,2083
hgb,108,target,005-icmp-flood.csv,0.95,156,6281,0,2083
hgb,108,target,005-icmp-flood.csv,0.975,156,6244,0,2120
hgb,108,target,005-icmp-flood.csv,0.99,156,6194,0,2170
hgb,108,target,005-icmp-flood.csv,0.995,156,565,0,7799
hgb,108,target,005-icmp-flood.csv,0.999,156,31,0,8333
mlp,108,target,003a-pfcp.csv,0.05,0,909,103,13232
mlp,108,target,003a-pfcp.csv,0.1,0,793,103,13348
mlp,108,target,003a-pfcp.csv,0.15,0,755,103,13386
mlp,108,target,003a-pfcp.csv,0.2,0,747,103,13394
mlp,108,target,003a-pfcp.csv,0.25,0,725,103,13416
mlp,108,target,003a-pfcp.csv,0.3,0,719,103,13422
mlp,108,target,003a-pfcp.csv,0.35,0,715,103,13426
mlp,108,target,003a-pfcp.csv,0.4,0,701,103,13440
mlp,108,target,003a-pfcp.csv,0.45,0,669,103,13472
mlp,108,target,003a-pfcp.csv,0.5,0,664,103,13477
mlp,108,target,003a-pfcp.csv,0.55,0,660,103,13481
mlp,108,target,003a-pfcp.csv,0.6,0,660,103,13481
mlp,108,target,003a-pfcp.csv,0.65,0,660,103,13481
mlp,108,target,003a-pfcp.csv,0.7,0,659,103,13482
mlp,108,target,003a-pfcp.csv,0.75,0,658,103,13483
mlp,108,target,003a-pfcp.csv,0.8,0,252,103,13889
mlp,108,target,003a-pfcp.csv,0.85,0,252,103,13889
mlp,108,target,003a-pfcp.csv,0.9,0,252,103,13889
mlp,108,target,003a-pfcp.csv,0.95,0,250,103,13891
mlp,108,target,003a-pfcp.csv,0.975,0,241,103,13900
mlp,108,target,003a-pfcp.csv,0.99,0,241,103,13900
mlp,108,target,003a-pfcp.csv,0.995,0,204,103,13937
mlp,108,target,003a-pfcp.csv,0.999,0,203,103,13938
mlp,108,target,004-syn-flood.csv,0.05,580,5299,0,10782
mlp,108,target,004-syn-flood.csv,0.1,580,5147,0,10934
mlp,108,target,004-syn-flood.csv,0.15,580,5147,0,10934
mlp,108,target,004-syn-flood.csv,0.2,580,5147,0,10934
mlp,108,target,004-syn-flood.csv,0.25,580,5146,0,10935
mlp,108,target,004-syn-flood.csv,0.3,580,5146,0,10935
mlp,108,target,004-syn-flood.csv,0.35,580,5146,0,10935
mlp,108,target,004-syn-flood.csv,0.4,580,5146,0,10935
mlp,108,target,004-syn-flood.csv,0.45,580,5146,0,10935
mlp,108,target,004-syn-flood.csv,0.5,580,5146,0,10935
mlp,108,target,004-syn-flood.csv,0.55,580,5146,0,10935
mlp,108,target,004-syn-flood.csv,0.6,580,5146,0,10935
mlp,108,target,004-syn-flood.csv,0.65,580,5146,0,10935
mlp,108,target,004-syn-flood.csv,0.7,580,5146,0,10935
mlp,108,target,004-syn-flood.csv,0.75,580,5146,0,10935
mlp,108,target,004-syn-flood.csv,0.8,580,5146,0,10935
mlp,108,target,004-syn-flood.csv,0.85,580,5146,0,10935
mlp,108,target,004-syn-flood.csv,0.9,580,5146,0,10935
mlp,108,target,004-syn-flood.csv,0.95,580,5144,0,10937
mlp,108,target,004-syn-flood.csv,0.975,580,5131,0,10950
mlp,108,target,004-syn-flood.csv,0.99,580,5131,0,10950
mlp,108,target,004-syn-flood.csv,0.995,580,5097,0,10984
mlp,108,target,004-syn-flood.csv,0.999,0,4473,580,11608
mlp,108,target,005-icmp-flood.csv,0.05,156,132,0,8232
mlp,108,target,005-icmp-flood.csv,0.1,156,132,0,8232
mlp,108,target,005-icmp-flood.csv,0.15,156,131,0,8233
mlp,108,target,005-icmp-flood.csv,0.2,156,131,0,8233
mlp,108,target,005-icmp-flood.csv,0.25,156,131,0,8233
mlp,108,target,005-icmp-flood.csv,0.3,156,131,0,8233
mlp,108,target,005-icmp-flood.csv,0.35,156,131,0,8233
mlp,108,target,005-icmp-flood.csv,0.4,156,131,0,8233
mlp,108,target,005-icmp-flood.csv,0.45,156,131,0,8233
mlp,108,target,005-icmp-flood.csv,0.5,156,131,0,8233
mlp,108,target,005-icmp-flood.csv,0.55,156,131,0,8233
mlp,108,target,005-icmp-flood.csv,0.6,156,131,0,8233
mlp,108,target,005-icmp-flood.csv,0.65,156,131,0,8233
mlp,108,target,005-icmp-flood.csv,0.7,156,130,0,8234
mlp,108,target,005-icmp-flood.csv,0.75,156,130,0,8234
mlp,108,target,005-icmp-flood.csv,0.8,156,130,0,8234
mlp,108,target,005-icmp-flood.csv,0.85,156,130,0,8234
mlp,108,target,005-icmp-flood.csv,0.9,156,129,0,8235
mlp,108,target,005-icmp-flood.csv,0.95,156,128,0,8236
mlp,108,target,005-icmp-flood.csv,0.975,156,122,0,8242
mlp,108,target,005-icmp-flood.csv,0.99,156,122,0,8242
mlp,108,target,005-icmp-flood.csv,0.995,156,100,0,8264
mlp,108,target,005-icmp-flood.csv,0.999,156,98,0,8266
majority,109,target,003a-pfcp.csv,0.05,103,14141,0,0
majority,109,target,003a-pfcp.csv,0.1,103,14141,0,0
majority,109,target,003a-pfcp.csv,0.15,103,14141,0,0
majority,109,target,003a-pfcp.csv,0.2,103,14141,0,0
majority,109,target,003a-pfcp.csv,0.25,103,14141,0,0
majority,109,target,003a-pfcp.csv,0.3,103,14141,0,0
majority,109,target,003a-pfcp.csv,0.35,103,14141,0,0
majority,109,target,003a-pfcp.csv,0.4,103,14141,0,0
majority,109,target,003a-pfcp.csv,0.45,103,14141,0,0
majority,109,target,003a-pfcp.csv,0.5,103,14141,0,0
majority,109,target,003a-pfcp.csv,0.55,103,14141,0,0
majority,109,target,003a-pfcp.csv,0.6,103,14141,0,0
majority,109,target,003a-pfcp.csv,0.65,103,14141,0,0
majority,109,target,003a-pfcp.csv,0.7,103,14141,0,0
majority,109,target,003a-pfcp.csv,0.75,103,14141,0,0
majority,109,target,003a-pfcp.csv,0.8,103,14141,0,0
majority,109,target,003a-pfcp.csv,0.85,103,14141,0,0
majority,109,target,003a-pfcp.csv,0.9,103,14141,0,0
majority,109,target,003a-pfcp.csv,0.95,103,14141,0,0
majority,109,target,003a-pfcp.csv,0.975,103,14141,0,0
majority,109,target,003a-pfcp.csv,0.99,103,14141,0,0
majority,109,target,003a-pfcp.csv,0.995,103,14141,0,0
majority,109,target,003a-pfcp.csv,0.999,103,14141,0,0
majority,109,target,004-syn-flood.csv,0.05,580,16081,0,0
majority,109,target,004-syn-flood.csv,0.1,580,16081,0,0
majority,109,target,004-syn-flood.csv,0.15,580,16081,0,0
majority,109,target,004-syn-flood.csv,0.2,580,16081,0,0
majority,109,target,004-syn-flood.csv,0.25,580,16081,0,0
majority,109,target,004-syn-flood.csv,0.3,580,16081,0,0
majority,109,target,004-syn-flood.csv,0.35,580,16081,0,0
majority,109,target,004-syn-flood.csv,0.4,580,16081,0,0
majority,109,target,004-syn-flood.csv,0.45,580,16081,0,0
majority,109,target,004-syn-flood.csv,0.5,580,16081,0,0
majority,109,target,004-syn-flood.csv,0.55,580,16081,0,0
majority,109,target,004-syn-flood.csv,0.6,580,16081,0,0
majority,109,target,004-syn-flood.csv,0.65,580,16081,0,0
majority,109,target,004-syn-flood.csv,0.7,580,16081,0,0
majority,109,target,004-syn-flood.csv,0.75,580,16081,0,0
majority,109,target,004-syn-flood.csv,0.8,580,16081,0,0
majority,109,target,004-syn-flood.csv,0.85,580,16081,0,0
majority,109,target,004-syn-flood.csv,0.9,580,16081,0,0
majority,109,target,004-syn-flood.csv,0.95,580,16081,0,0
majority,109,target,004-syn-flood.csv,0.975,580,16081,0,0
majority,109,target,004-syn-flood.csv,0.99,580,16081,0,0
majority,109,target,004-syn-flood.csv,0.995,580,16081,0,0
majority,109,target,004-syn-flood.csv,0.999,580,16081,0,0
majority,109,target,005-icmp-flood.csv,0.05,156,8364,0,0
majority,109,target,005-icmp-flood.csv,0.1,156,8364,0,0
majority,109,target,005-icmp-flood.csv,0.15,156,8364,0,0
majority,109,target,005-icmp-flood.csv,0.2,156,8364,0,0
majority,109,target,005-icmp-flood.csv,0.25,156,8364,0,0
majority,109,target,005-icmp-flood.csv,0.3,156,8364,0,0
majority,109,target,005-icmp-flood.csv,0.35,156,8364,0,0
majority,109,target,005-icmp-flood.csv,0.4,156,8364,0,0
majority,109,target,005-icmp-flood.csv,0.45,156,8364,0,0
majority,109,target,005-icmp-flood.csv,0.5,156,8364,0,0
majority,109,target,005-icmp-flood.csv,0.55,156,8364,0,0
majority,109,target,005-icmp-flood.csv,0.6,156,8364,0,0
majority,109,target,005-icmp-flood.csv,0.65,156,8364,0,0
majority,109,target,005-icmp-flood.csv,0.7,156,8364,0,0
majority,109,target,005-icmp-flood.csv,0.75,156,8364,0,0
majority,109,target,005-icmp-flood.csv,0.8,156,8364,0,0
majority,109,target,005-icmp-flood.csv,0.85,156,8364,0,0
majority,109,target,005-icmp-flood.csv,0.9,156,8364,0,0
majority,109,target,005-icmp-flood.csv,0.95,156,8364,0,0
majority,109,target,005-icmp-flood.csv,0.975,156,8364,0,0
majority,109,target,005-icmp-flood.csv,0.99,156,8364,0,0
majority,109,target,005-icmp-flood.csv,0.995,156,8364,0,0
majority,109,target,005-icmp-flood.csv,0.999,156,8364,0,0
stratified,109,target,003a-pfcp.csv,0.05,59,8548,44,5593
stratified,109,target,003a-pfcp.csv,0.1,59,8548,44,5593
stratified,109,target,003a-pfcp.csv,0.15,59,8548,44,5593
stratified,109,target,003a-pfcp.csv,0.2,59,8548,44,5593
stratified,109,target,003a-pfcp.csv,0.25,59,8548,44,5593
stratified,109,target,003a-pfcp.csv,0.3,59,8548,44,5593
stratified,109,target,003a-pfcp.csv,0.35,59,8548,44,5593
stratified,109,target,003a-pfcp.csv,0.4,59,8548,44,5593
stratified,109,target,003a-pfcp.csv,0.45,59,8548,44,5593
stratified,109,target,003a-pfcp.csv,0.5,59,8548,44,5593
stratified,109,target,003a-pfcp.csv,0.55,59,8548,44,5593
stratified,109,target,003a-pfcp.csv,0.6,59,8548,44,5593
stratified,109,target,003a-pfcp.csv,0.65,59,8548,44,5593
stratified,109,target,003a-pfcp.csv,0.7,59,8548,44,5593
stratified,109,target,003a-pfcp.csv,0.75,59,8548,44,5593
stratified,109,target,003a-pfcp.csv,0.8,59,8548,44,5593
stratified,109,target,003a-pfcp.csv,0.85,59,8548,44,5593
stratified,109,target,003a-pfcp.csv,0.9,59,8548,44,5593
stratified,109,target,003a-pfcp.csv,0.95,59,8548,44,5593
stratified,109,target,003a-pfcp.csv,0.975,59,8548,44,5593
stratified,109,target,003a-pfcp.csv,0.99,59,8548,44,5593
stratified,109,target,003a-pfcp.csv,0.995,59,8548,44,5593
stratified,109,target,003a-pfcp.csv,0.999,59,8548,44,5593
stratified,109,target,004-syn-flood.csv,0.05,341,9788,239,6293
stratified,109,target,004-syn-flood.csv,0.1,341,9788,239,6293
stratified,109,target,004-syn-flood.csv,0.15,341,9788,239,6293
stratified,109,target,004-syn-flood.csv,0.2,341,9788,239,6293
stratified,109,target,004-syn-flood.csv,0.25,341,9788,239,6293
stratified,109,target,004-syn-flood.csv,0.3,341,9788,239,6293
stratified,109,target,004-syn-flood.csv,0.35,341,9788,239,6293
stratified,109,target,004-syn-flood.csv,0.4,341,9788,239,6293
stratified,109,target,004-syn-flood.csv,0.45,341,9788,239,6293
stratified,109,target,004-syn-flood.csv,0.5,341,9788,239,6293
stratified,109,target,004-syn-flood.csv,0.55,341,9788,239,6293
stratified,109,target,004-syn-flood.csv,0.6,341,9788,239,6293
stratified,109,target,004-syn-flood.csv,0.65,341,9788,239,6293
stratified,109,target,004-syn-flood.csv,0.7,341,9788,239,6293
stratified,109,target,004-syn-flood.csv,0.75,341,9788,239,6293
stratified,109,target,004-syn-flood.csv,0.8,341,9788,239,6293
stratified,109,target,004-syn-flood.csv,0.85,341,9788,239,6293
stratified,109,target,004-syn-flood.csv,0.9,341,9788,239,6293
stratified,109,target,004-syn-flood.csv,0.95,341,9788,239,6293
stratified,109,target,004-syn-flood.csv,0.975,341,9788,239,6293
stratified,109,target,004-syn-flood.csv,0.99,341,9788,239,6293
stratified,109,target,004-syn-flood.csv,0.995,341,9788,239,6293
stratified,109,target,004-syn-flood.csv,0.999,341,9788,239,6293
stratified,109,target,005-icmp-flood.csv,0.05,84,5112,72,3252
stratified,109,target,005-icmp-flood.csv,0.1,84,5112,72,3252
stratified,109,target,005-icmp-flood.csv,0.15,84,5112,72,3252
stratified,109,target,005-icmp-flood.csv,0.2,84,5112,72,3252
stratified,109,target,005-icmp-flood.csv,0.25,84,5112,72,3252
stratified,109,target,005-icmp-flood.csv,0.3,84,5112,72,3252
stratified,109,target,005-icmp-flood.csv,0.35,84,5112,72,3252
stratified,109,target,005-icmp-flood.csv,0.4,84,5112,72,3252
stratified,109,target,005-icmp-flood.csv,0.45,84,5112,72,3252
stratified,109,target,005-icmp-flood.csv,0.5,84,5112,72,3252
stratified,109,target,005-icmp-flood.csv,0.55,84,5112,72,3252
stratified,109,target,005-icmp-flood.csv,0.6,84,5112,72,3252
stratified,109,target,005-icmp-flood.csv,0.65,84,5112,72,3252
stratified,109,target,005-icmp-flood.csv,0.7,84,5112,72,3252
stratified,109,target,005-icmp-flood.csv,0.75,84,5112,72,3252
stratified,109,target,005-icmp-flood.csv,0.8,84,5112,72,3252
stratified,109,target,005-icmp-flood.csv,0.85,84,5112,72,3252
stratified,109,target,005-icmp-flood.csv,0.9,84,5112,72,3252
stratified,109,target,005-icmp-flood.csv,0.95,84,5112,72,3252
stratified,109,target,005-icmp-flood.csv,0.975,84,5112,72,3252
stratified,109,target,005-icmp-flood.csv,0.99,84,5112,72,3252
stratified,109,target,005-icmp-flood.csv,0.995,84,5112,72,3252
stratified,109,target,005-icmp-flood.csv,0.999,84,5112,72,3252
logreg,109,target,003a-pfcp.csv,0.05,2,12074,101,2067
logreg,109,target,003a-pfcp.csv,0.1,2,11788,101,2353
logreg,109,target,003a-pfcp.csv,0.15,2,11622,101,2519
logreg,109,target,003a-pfcp.csv,0.2,2,11439,101,2702
logreg,109,target,003a-pfcp.csv,0.25,2,11333,101,2808
logreg,109,target,003a-pfcp.csv,0.3,2,11265,101,2876
logreg,109,target,003a-pfcp.csv,0.35,2,11197,101,2944
logreg,109,target,003a-pfcp.csv,0.4,2,11154,101,2987
logreg,109,target,003a-pfcp.csv,0.45,2,11148,101,2993
logreg,109,target,003a-pfcp.csv,0.5,2,11135,101,3006
logreg,109,target,003a-pfcp.csv,0.55,2,697,101,13444
logreg,109,target,003a-pfcp.csv,0.6,2,669,101,13472
logreg,109,target,003a-pfcp.csv,0.65,0,664,103,13477
logreg,109,target,003a-pfcp.csv,0.7,0,664,103,13477
logreg,109,target,003a-pfcp.csv,0.75,0,258,103,13883
logreg,109,target,003a-pfcp.csv,0.8,0,256,103,13885
logreg,109,target,003a-pfcp.csv,0.85,0,248,103,13893
logreg,109,target,003a-pfcp.csv,0.9,0,243,103,13898
logreg,109,target,003a-pfcp.csv,0.95,0,238,103,13903
logreg,109,target,003a-pfcp.csv,0.975,0,238,103,13903
logreg,109,target,003a-pfcp.csv,0.99,0,179,103,13962
logreg,109,target,003a-pfcp.csv,0.995,0,172,103,13969
logreg,109,target,003a-pfcp.csv,0.999,0,11,103,14130
logreg,109,target,004-syn-flood.csv,0.05,580,13547,0,2534
logreg,109,target,004-syn-flood.csv,0.1,580,13406,0,2675
logreg,109,target,004-syn-flood.csv,0.15,580,13297,0,2784
logreg,109,target,004-syn-flood.csv,0.2,580,13102,0,2979
logreg,109,target,004-syn-flood.csv,0.25,580,12981,0,3100
logreg,109,target,004-syn-flood.csv,0.3,580,12907,0,3174
logreg,109,target,004-syn-flood.csv,0.35,580,12812,0,3269
logreg,109,target,004-syn-flood.csv,0.4,580,12757,0,3324
logreg,109,target,004-syn-flood.csv,0.45,580,12728,0,3353
logreg,109,target,004-syn-flood.csv,0.5,580,12725,0,3356
logreg,109,target,004-syn-flood.csv,0.55,580,5344,0,10737
logreg,109,target,004-syn-flood.csv,0.6,580,5335,0,10746
logreg,109,target,004-syn-flood.csv,0.65,580,5329,0,10752
logreg,109,target,004-syn-flood.csv,0.7,580,5325,0,10756
logreg,109,target,004-syn-flood.csv,0.75,580,5322,0,10759
logreg,109,target,004-syn-flood.csv,0.8,580,5321,0,10760
logreg,109,target,004-syn-flood.csv,0.85,580,5306,0,10775
logreg,109,target,004-syn-flood.csv,0.9,580,5305,0,10776
logreg,109,target,004-syn-flood.csv,0.95,580,5229,0,10852
logreg,109,target,004-syn-flood.csv,0.975,580,5218,0,10863
logreg,109,target,004-syn-flood.csv,0.99,580,5218,0,10863
logreg,109,target,004-syn-flood.csv,0.995,580,886,0,15195
logreg,109,target,004-syn-flood.csv,0.999,0,0,580,16081
logreg,109,target,005-icmp-flood.csv,0.05,156,7107,0,1257
logreg,109,target,005-icmp-flood.csv,0.1,156,7045,0,1319
logreg,109,target,005-icmp-flood.csv,0.15,156,6921,0,1443
logreg,109,target,005-icmp-flood.csv,0.2,156,6746,0,1618
logreg,109,target,005-icmp-flood.csv,0.25,156,6616,0,1748
logreg,109,target,005-icmp-flood.csv,0.3,0,6500,156,1864
logreg,109,target,005-icmp-flood.csv,0.35,0,6426,156,1938
logreg,109,target,005-icmp-flood.csv,0.4,0,6386,156,1978
logreg,109,target,005-icmp-flood.csv,0.45,0,6382,156,1982
logreg,109,target,005-icmp-flood.csv,0.5,0,6378,156,1986
logreg,109,target,005-icmp-flood.csv,0.55,0,233,156,8131
logreg,109,target,005-icmp-flood.csv,0.6,0,232,156,8132
logreg,109,target,005-icmp-flood.csv,0.65,0,223,156,8141
logreg,109,target,005-icmp-flood.csv,0.7,0,222,156,8142
logreg,109,target,005-icmp-flood.csv,0.75,0,221,156,8143
logreg,109,target,005-icmp-flood.csv,0.8,0,219,156,8145
logreg,109,target,005-icmp-flood.csv,0.85,0,210,156,8154
logreg,109,target,005-icmp-flood.csv,0.9,0,208,156,8156
logreg,109,target,005-icmp-flood.csv,0.95,0,201,156,8163
logreg,109,target,005-icmp-flood.csv,0.975,0,201,156,8163
logreg,109,target,005-icmp-flood.csv,0.99,0,201,156,8163
logreg,109,target,005-icmp-flood.csv,0.995,0,192,156,8172
logreg,109,target,005-icmp-flood.csv,0.999,0,0,156,8364
tree,109,target,003a-pfcp.csv,0.05,2,11121,101,3020
tree,109,target,003a-pfcp.csv,0.1,2,11121,101,3020
tree,109,target,003a-pfcp.csv,0.15,2,11121,101,3020
tree,109,target,003a-pfcp.csv,0.2,2,11121,101,3020
tree,109,target,003a-pfcp.csv,0.25,2,11121,101,3020
tree,109,target,003a-pfcp.csv,0.3,2,11121,101,3020
tree,109,target,003a-pfcp.csv,0.35,2,11121,101,3020
tree,109,target,003a-pfcp.csv,0.4,2,11121,101,3020
tree,109,target,003a-pfcp.csv,0.45,2,11121,101,3020
tree,109,target,003a-pfcp.csv,0.5,2,11121,101,3020
tree,109,target,003a-pfcp.csv,0.55,2,11121,101,3020
tree,109,target,003a-pfcp.csv,0.6,2,11121,101,3020
tree,109,target,003a-pfcp.csv,0.65,2,11121,101,3020
tree,109,target,003a-pfcp.csv,0.7,2,11106,101,3035
tree,109,target,003a-pfcp.csv,0.75,2,11106,101,3035
tree,109,target,003a-pfcp.csv,0.8,2,10700,101,3441
tree,109,target,003a-pfcp.csv,0.85,2,10700,101,3441
tree,109,target,003a-pfcp.csv,0.9,2,10700,101,3441
tree,109,target,003a-pfcp.csv,0.95,2,10700,101,3441
tree,109,target,003a-pfcp.csv,0.975,2,10700,101,3441
tree,109,target,003a-pfcp.csv,0.99,2,10700,101,3441
tree,109,target,003a-pfcp.csv,0.995,2,10635,101,3506
tree,109,target,003a-pfcp.csv,0.999,2,10628,101,3513
tree,109,target,004-syn-flood.csv,0.05,580,12577,0,3504
tree,109,target,004-syn-flood.csv,0.1,580,12577,0,3504
tree,109,target,004-syn-flood.csv,0.15,580,12577,0,3504
tree,109,target,004-syn-flood.csv,0.2,580,12577,0,3504
tree,109,target,004-syn-flood.csv,0.25,580,12577,0,3504
tree,109,target,004-syn-flood.csv,0.3,580,12577,0,3504
tree,109,target,004-syn-flood.csv,0.35,580,12577,0,3504
tree,109,target,004-syn-flood.csv,0.4,580,12577,0,3504
tree,109,target,004-syn-flood.csv,0.45,580,12577,0,3504
tree,109,target,004-syn-flood.csv,0.5,580,12577,0,3504
tree,109,target,004-syn-flood.csv,0.55,580,12577,0,3504
tree,109,target,004-syn-flood.csv,0.6,580,12577,0,3504
tree,109,target,004-syn-flood.csv,0.65,580,12577,0,3504
tree,109,target,004-syn-flood.csv,0.7,140,11984,440,4097
tree,109,target,004-syn-flood.csv,0.75,140,11984,440,4097
tree,109,target,004-syn-flood.csv,0.8,140,11984,440,4097
tree,109,target,004-syn-flood.csv,0.85,140,11984,440,4097
tree,109,target,004-syn-flood.csv,0.9,140,11984,440,4097
tree,109,target,004-syn-flood.csv,0.95,140,11984,440,4097
tree,109,target,004-syn-flood.csv,0.975,140,11984,440,4097
tree,109,target,004-syn-flood.csv,0.99,140,11984,440,4097
tree,109,target,004-syn-flood.csv,0.995,140,7658,440,8423
tree,109,target,004-syn-flood.csv,0.999,140,7650,440,8431
tree,109,target,005-icmp-flood.csv,0.05,0,6328,156,2036
tree,109,target,005-icmp-flood.csv,0.1,0,6328,156,2036
tree,109,target,005-icmp-flood.csv,0.15,0,6328,156,2036
tree,109,target,005-icmp-flood.csv,0.2,0,6328,156,2036
tree,109,target,005-icmp-flood.csv,0.25,0,6328,156,2036
tree,109,target,005-icmp-flood.csv,0.3,0,6328,156,2036
tree,109,target,005-icmp-flood.csv,0.35,0,6328,156,2036
tree,109,target,005-icmp-flood.csv,0.4,0,6328,156,2036
tree,109,target,005-icmp-flood.csv,0.45,0,6328,156,2036
tree,109,target,005-icmp-flood.csv,0.5,0,6328,156,2036
tree,109,target,005-icmp-flood.csv,0.55,0,6328,156,2036
tree,109,target,005-icmp-flood.csv,0.6,0,6328,156,2036
tree,109,target,005-icmp-flood.csv,0.65,0,6328,156,2036
tree,109,target,005-icmp-flood.csv,0.7,0,6322,156,2042
tree,109,target,005-icmp-flood.csv,0.75,0,6322,156,2042
tree,109,target,005-icmp-flood.csv,0.8,0,6322,156,2042
tree,109,target,005-icmp-flood.csv,0.85,0,6322,156,2042
tree,109,target,005-icmp-flood.csv,0.9,0,6322,156,2042
tree,109,target,005-icmp-flood.csv,0.95,0,6322,156,2042
tree,109,target,005-icmp-flood.csv,0.975,0,6322,156,2042
tree,109,target,005-icmp-flood.csv,0.99,0,6322,156,2042
tree,109,target,005-icmp-flood.csv,0.995,0,6322,156,2042
tree,109,target,005-icmp-flood.csv,0.999,0,6316,156,2048
rf,109,target,003a-pfcp.csv,0.05,101,13427,2,714
rf,109,target,003a-pfcp.csv,0.1,101,12891,2,1250
rf,109,target,003a-pfcp.csv,0.15,101,11308,2,2833
rf,109,target,003a-pfcp.csv,0.2,101,11269,2,2872
rf,109,target,003a-pfcp.csv,0.25,101,11185,2,2956
rf,109,target,003a-pfcp.csv,0.3,62,11129,41,3012
rf,109,target,003a-pfcp.csv,0.35,3,11076,100,3065
rf,109,target,003a-pfcp.csv,0.4,2,11073,101,3068
rf,109,target,003a-pfcp.csv,0.45,2,11071,101,3070
rf,109,target,003a-pfcp.csv,0.5,2,10944,101,3197
rf,109,target,003a-pfcp.csv,0.55,2,505,101,13636
rf,109,target,003a-pfcp.csv,0.6,0,503,103,13638
rf,109,target,003a-pfcp.csv,0.65,0,500,103,13641
rf,109,target,003a-pfcp.csv,0.7,0,492,103,13649
rf,109,target,003a-pfcp.csv,0.75,0,84,103,14057
rf,109,target,003a-pfcp.csv,0.8,0,76,103,14065
rf,109,target,003a-pfcp.csv,0.85,0,76,103,14065
rf,109,target,003a-pfcp.csv,0.9,0,73,103,14068
rf,109,target,003a-pfcp.csv,0.95,0,67,103,14074
rf,109,target,003a-pfcp.csv,0.975,0,59,103,14082
rf,109,target,003a-pfcp.csv,0.99,0,59,103,14082
rf,109,target,003a-pfcp.csv,0.995,0,0,103,14141
rf,109,target,003a-pfcp.csv,0.999,0,0,103,14141
rf,109,target,004-syn-flood.csv,0.05,580,15180,0,901
rf,109,target,004-syn-flood.csv,0.1,580,14722,0,1359
rf,109,target,004-syn-flood.csv,0.15,580,12826,0,3255
rf,109,target,004-syn-flood.csv,0.2,580,12620,0,3461
rf,109,target,004-syn-flood.csv,0.25,580,12619,0,3462
rf,109,target,004-syn-flood.csv,0.3,580,12615,0,3466
rf,109,target,004-syn-flood.csv,0.35,580,12577,0,3504
rf,109,target,004-syn-flood.csv,0.4,580,12576,0,3505
rf,109,target,004-syn-flood.csv,0.45,580,12562,0,3519
rf,109,target,004-syn-flood.csv,0.5,580,12383,0,3698
rf,109,target,004-syn-flood.csv,0.55,580,4966,0,11115
rf,109,target,004-syn-flood.csv,0.6,580,4964,0,11117
rf,109,target,004-syn-flood.csv,0.65,580,4960,0,11121
rf,109,target,004-syn-flood.csv,0.7,580,4959,0,11122
rf,109,target,004-syn-flood.csv,0.75,440,4920,140,11161
rf,109,target,004-syn-flood.csv,0.8,440,4908,140,11173
rf,109,target,004-syn-flood.csv,0.85,0,4327,580,11754
rf,109,target,004-syn-flood.csv,0.9,0,4326,580,11755
rf,109,target,004-syn-flood.csv,0.95,0,4326,580,11755
rf,109,target,004-syn-flood.csv,0.975,0,4326,580,11755
rf,109,target,004-syn-flood.csv,0.99,0,0,580,16081
rf,109,target,004-syn-flood.csv,0.995,0,0,580,16081
rf,109,target,004-syn-flood.csv,0.999,0,0,580,16081
rf,109,target,005-icmp-flood.csv,0.05,156,7731,0,633
rf,109,target,005-icmp-flood.csv,0.1,156,7430,0,934
rf,109,target,005-icmp-flood.csv,0.15,156,6403,0,1961
rf,109,target,005-icmp-flood.csv,0.2,156,6391,0,1973
rf,109,target,005-icmp-flood.csv,0.25,156,6389,0,1975
rf,109,target,005-icmp-flood.csv,0.3,156,6389,0,1975
rf,109,target,005-icmp-flood.csv,0.35,156,6365,0,1999
rf,109,target,005-icmp-flood.csv,0.4,156,6365,0,1999
rf,109,target,005-icmp-flood.csv,0.45,156,6330,0,2034
rf,109,target,005-icmp-flood.csv,0.5,0,6203,156,2161
rf,109,target,005-icmp-flood.csv,0.55,0,11,156,8353
rf,109,target,005-icmp-flood.csv,0.6,0,10,156,8354
rf,109,target,005-icmp-flood.csv,0.65,0,8,156,8356
rf,109,target,005-icmp-flood.csv,0.7,0,8,156,8356
rf,109,target,005-icmp-flood.csv,0.75,0,8,156,8356
rf,109,target,005-icmp-flood.csv,0.8,0,2,156,8362
rf,109,target,005-icmp-flood.csv,0.85,0,1,156,8363
rf,109,target,005-icmp-flood.csv,0.9,0,0,156,8364
rf,109,target,005-icmp-flood.csv,0.95,0,0,156,8364
rf,109,target,005-icmp-flood.csv,0.975,0,0,156,8364
rf,109,target,005-icmp-flood.csv,0.99,0,0,156,8364
rf,109,target,005-icmp-flood.csv,0.995,0,0,156,8364
rf,109,target,005-icmp-flood.csv,0.999,0,0,156,8364
xgboost,109,target,003a-pfcp.csv,0.05,2,11233,101,2908
xgboost,109,target,003a-pfcp.csv,0.1,2,11156,101,2985
xgboost,109,target,003a-pfcp.csv,0.15,2,11126,101,3015
xgboost,109,target,003a-pfcp.csv,0.2,2,11113,101,3028
xgboost,109,target,003a-pfcp.csv,0.25,2,11111,101,3030
xgboost,109,target,003a-pfcp.csv,0.3,2,11111,101,3030
xgboost,109,target,003a-pfcp.csv,0.35,2,11111,101,3030
xgboost,109,target,003a-pfcp.csv,0.4,2,11111,101,3030
xgboost,109,target,003a-pfcp.csv,0.45,2,11111,101,3030
xgboost,109,target,003a-pfcp.csv,0.5,2,11109,101,3032
xgboost,109,target,003a-pfcp.csv,0.55,2,11109,101,3032
xgboost,109,target,003a-pfcp.csv,0.6,2,1934,101,12207
xgboost,109,target,003a-pfcp.csv,0.65,2,1934,101,12207
xgboost,109,target,003a-pfcp.csv,0.7,2,660,101,13481
xgboost,109,target,003a-pfcp.csv,0.75,2,660,101,13481
xgboost,109,target,003a-pfcp.csv,0.8,2,627,101,13514
xgboost,109,target,003a-pfcp.csv,0.85,0,625,103,13516
xgboost,109,target,003a-pfcp.csv,0.9,0,543,103,13598
xgboost,109,target,003a-pfcp.csv,0.95,0,132,103,14009
xgboost,109,target,003a-pfcp.csv,0.975,0,93,103,14048
xgboost,109,target,003a-pfcp.csv,0.99,0,73,103,14068
xgboost,109,target,003a-pfcp.csv,0.995,0,73,103,14068
xgboost,109,target,003a-pfcp.csv,0.999,0,0,103,14141
xgboost,109,target,004-syn-flood.csv,0.05,580,12617,0,3464
xgboost,109,target,004-syn-flood.csv,0.1,580,12578,0,3503
xgboost,109,target,004-syn-flood.csv,0.15,580,12578,0,3503
xgboost,109,target,004-syn-flood.csv,0.2,580,12534,0,3547
xgboost,109,target,004-syn-flood.csv,0.25,580,12534,0,3547
xgboost,109,target,004-syn-flood.csv,0.3,580,12494,0,3587
xgboost,109,target,004-syn-flood.csv,0.35,580,12493,0,3588
xgboost,109,target,004-syn-flood.csv,0.4,580,12493,0,3588
xgboost,109,target,004-syn-flood.csv,0.45,580,12493,0,3588
xgboost,109,target,004-syn-flood.csv,0.5,580,12493,0,3588
xgboost,109,target,004-syn-flood.csv,0.55,580,12493,0,3588
xgboost,109,target,004-syn-flood.csv,0.6,440,5786,140,10295
xgboost,109,target,004-syn-flood.csv,0.65,440,5783,140,10298
xgboost,109,target,004-syn-flood.csv,0.7,440,5078,140,11003
xgboost,109,target,004-syn-flood.csv,0.75,440,5078,140,11003
xgboost,109,target,004-syn-flood.csv,0.8,440,5039,140,11042
xgboost,109,target,004-syn-flood.csv,0.85,440,5027,140,11054
xgboost,109,target,004-syn-flood.csv,0.9,440,4927,140,11154
xgboost,109,target,004-syn-flood.csv,0.95,440,4924,140,11157
xgboost,109,target,004-syn-flood.csv,0.975,440,4908,140,11173
xgboost,109,target,004-syn-flood.csv,0.99,0,4326,580,11755
xgboost,109,target,004-syn-flood.csv,0.995,0,4326,580,11755
xgboost,109,target,004-syn-flood.csv,0.999,0,0,580,16081
xgboost,109,target,005-icmp-flood.csv,0.05,156,6393,0,1971
xgboost,109,target,005-icmp-flood.csv,0.1,156,6356,0,2008
xgboost,109,target,005-icmp-flood.csv,0.15,155,6342,1,2022
xgboost,109,target,005-icmp-flood.csv,0.2,155,6291,1,2073
xgboost,109,target,005-icmp-flood.csv,0.25,143,6291,13,2073
xgboost,109,target,005-icmp-flood.csv,0.3,94,6257,62,2107
xgboost,109,target,005-icmp-flood.csv,0.35,0,6254,156,2110
xgboost,109,target,005-icmp-flood.csv,0.4,0,6254,156,2110
xgboost,109,target,005-icmp-flood.csv,0.45,0,6254,156,2110
xgboost,109,target,005-icmp-flood.csv,0.5,0,6254,156,2110
xgboost,109,target,005-icmp-flood.csv,0.55,0,6254,156,2110
xgboost,109,target,005-icmp-flood.csv,0.6,0,627,156,7737
xgboost,109,target,005-icmp-flood.csv,0.65,0,625,156,7739
xgboost,109,target,005-icmp-flood.csv,0.7,0,107,156,8257
xgboost,109,target,005-icmp-flood.csv,0.75,0,107,156,8257
xgboost,109,target,005-icmp-flood.csv,0.8,0,79,156,8285
xgboost,109,target,005-icmp-flood.csv,0.85,0,71,156,8293
xgboost,109,target,005-icmp-flood.csv,0.9,0,12,156,8352
xgboost,109,target,005-icmp-flood.csv,0.95,0,10,156,8354
xgboost,109,target,005-icmp-flood.csv,0.975,0,0,156,8364
xgboost,109,target,005-icmp-flood.csv,0.99,0,0,156,8364
xgboost,109,target,005-icmp-flood.csv,0.995,0,0,156,8364
xgboost,109,target,005-icmp-flood.csv,0.999,0,0,156,8364
hgb,109,target,003a-pfcp.csv,0.05,101,11376,2,2765
hgb,109,target,003a-pfcp.csv,0.1,101,11180,2,2961
hgb,109,target,003a-pfcp.csv,0.15,3,11176,100,2965
hgb,109,target,003a-pfcp.csv,0.2,3,11168,100,2973
hgb,109,target,003a-pfcp.csv,0.25,3,11154,100,2987
hgb,109,target,003a-pfcp.csv,0.3,3,11139,100,3002
hgb,109,target,003a-pfcp.csv,0.35,3,11139,100,3002
hgb,109,target,003a-pfcp.csv,0.4,3,11114,100,3027
hgb,109,target,003a-pfcp.csv,0.45,3,11104,100,3037
hgb,109,target,003a-pfcp.csv,0.5,3,11104,100,3037
hgb,109,target,003a-pfcp.csv,0.55,2,9804,101,4337
hgb,109,target,003a-pfcp.csv,0.6,2,9398,101,4743
hgb,109,target,003a-pfcp.csv,0.65,2,9398,101,4743
hgb,109,target,003a-pfcp.csv,0.7,2,9398,101,4743
hgb,109,target,003a-pfcp.csv,0.75,0,232,103,13909
hgb,109,target,003a-pfcp.csv,0.8,0,232,103,13909
hgb,109,target,003a-pfcp.csv,0.85,0,230,103,13911
hgb,109,target,003a-pfcp.csv,0.9,0,230,103,13911
hgb,109,target,003a-pfcp.csv,0.95,0,230,103,13911
hgb,109,target,003a-pfcp.csv,0.975,0,210,103,13931
hgb,109,target,003a-pfcp.csv,0.99,0,103,103,14038
hgb,109,target,003a-pfcp.csv,0.995,0,20,103,14121
hgb,109,target,003a-pfcp.csv,0.999,0,15,103,14126
hgb,109,target,004-syn-flood.csv,0.05,580,12620,0,3461
hgb,109,target,004-syn-flood.csv,0.1,580,12615,0,3466
hgb,109,target,004-syn-flood.csv,0.15,580,12609,0,3472
hgb,109,target,004-syn-flood.csv,0.2,580,12602,0,3479
hgb,109,target,004-syn-flood.csv,0.25,580,12602,0,3479
hgb,109,target,004-syn-flood.csv,0.3,580,12601,0,3480
hgb,109,target,004-syn-flood.csv,0.35,580,12600,0,3481
hgb,109,target,004-syn-flood.csv,0.4,580,12573,0,3508
hgb,109,target,004-syn-flood.csv,0.45,580,12531,0,3550
hgb,109,target,004-syn-flood.csv,0.5,580,12531,0,3550
hgb,109,target,004-syn-flood.csv,0.55,580,11790,0,4291
hgb,109,target,004-syn-flood.csv,0.6,440,11751,140,4330
hgb,109,target,004-syn-flood.csv,0.65,440,11751,140,4330
hgb,109,target,004-syn-flood.csv,0.7,440,11751,140,4330
hgb,109,target,004-syn-flood.csv,0.75,440,5083,140,10998
hgb,109,target,004-syn-flood.csv,0.8,440,5083,140,10998
hgb,109,target,004-syn-flood.csv,0.85,440,5080,140,11001
hgb,109,target,004-syn-flood.csv,0.9,440,5080,140,11001
hgb,109,target,004-syn-flood.csv,0.95,440,5079,140,11002
hgb,109,target,004-syn-flood.csv,0.975,440,5027,140,11054
hgb,109,target,004-syn-flood.csv,0.99,0,4332,580,11749
hgb,109,target,004-syn-flood.csv,0.995,0,6,580,16075
hgb,109,target,004-syn-flood.csv,0.999,0,0,580,16081
hgb,109,target,005-icmp-flood.csv,0.05,156,6394,0,1970
hgb,109,target,005-icmp-flood.csv,0.1,156,6393,0,1971
hgb,109,target,005-icmp-flood.csv,0.15,156,6391,0,1973
hgb,109,target,005-icmp-flood.csv,0.2,156,6380,0,1984
hgb,109,target,005-icmp-flood.csv,0.25,156,6380,0,1984
hgb,109,target,005-icmp-flood.csv,0.3,156,6380,0,1984
hgb,109,target,005-icmp-flood.csv,0.35,156,6380,0,1984
hgb,109,target,005-icmp-flood.csv,0.4,156,6363,0,2001
hgb,109,target,005-icmp-flood.csv,0.45,156,6316,0,2048
hgb,109,target,005-icmp-flood.csv,0.5,156,6316,0,2048
hgb,109,target,005-icmp-flood.csv,0.55,156,5767,0,2597
hgb,109,target,005-icmp-flood.csv,0.6,156,5767,0,2597
hgb,109,target,005-icmp-flood.csv,0.65,156,5767,0,2597
hgb,109,target,005-icmp-flood.csv,0.7,156,5767,0,2597
hgb,109,target,005-icmp-flood.csv,0.75,156,140,0,8224
hgb,109,target,005-icmp-flood.csv,0.8,156,140,0,8224
hgb,109,target,005-icmp-flood.csv,0.85,156,138,0,8226
hgb,109,target,005-icmp-flood.csv,0.9,156,138,0,8226
hgb,109,target,005-icmp-flood.csv,0.95,156,136,0,8228
hgb,109,target,005-icmp-flood.csv,0.975,156,80,0,8284
hgb,109,target,005-icmp-flood.csv,0.99,156,12,0,8352
hgb,109,target,005-icmp-flood.csv,0.995,156,9,0,8355
hgb,109,target,005-icmp-flood.csv,0.999,0,0,156,8364
mlp,109,target,003a-pfcp.csv,0.05,0,784,103,13357
mlp,109,target,003a-pfcp.csv,0.1,0,758,103,13383
mlp,109,target,003a-pfcp.csv,0.15,0,720,103,13421
mlp,109,target,003a-pfcp.csv,0.2,0,709,103,13432
mlp,109,target,003a-pfcp.csv,0.25,0,683,103,13458
mlp,109,target,003a-pfcp.csv,0.3,0,683,103,13458
mlp,109,target,003a-pfcp.csv,0.35,0,683,103,13458
mlp,109,target,003a-pfcp.csv,0.4,0,683,103,13458
mlp,109,target,003a-pfcp.csv,0.45,0,683,103,13458
mlp,109,target,003a-pfcp.csv,0.5,0,657,103,13484
mlp,109,target,003a-pfcp.csv,0.55,0,656,103,13485
mlp,109,target,003a-pfcp.csv,0.6,0,656,103,13485
mlp,109,target,003a-pfcp.csv,0.65,0,656,103,13485
mlp,109,target,003a-pfcp.csv,0.7,0,250,103,13891
mlp,109,target,003a-pfcp.csv,0.75,0,250,103,13891
mlp,109,target,003a-pfcp.csv,0.8,0,224,103,13917
mlp,109,target,003a-pfcp.csv,0.85,0,224,103,13917
mlp,109,target,003a-pfcp.csv,0.9,0,223,103,13918
mlp,109,target,003a-pfcp.csv,0.95,0,222,103,13919
mlp,109,target,003a-pfcp.csv,0.975,0,211,103,13930
mlp,109,target,003a-pfcp.csv,0.99,0,109,103,14032
mlp,109,target,003a-pfcp.csv,0.995,0,87,103,14054
mlp,109,target,003a-pfcp.csv,0.999,0,73,103,14068
mlp,109,target,004-syn-flood.csv,0.05,580,5182,0,10899
mlp,109,target,004-syn-flood.csv,0.1,580,5181,0,10900
mlp,109,target,004-syn-flood.csv,0.15,580,5181,0,10900
mlp,109,target,004-syn-flood.csv,0.2,580,5181,0,10900
mlp,109,target,004-syn-flood.csv,0.25,580,5181,0,10900
mlp,109,target,004-syn-flood.csv,0.3,580,5181,0,10900
mlp,109,target,004-syn-flood.csv,0.35,580,5181,0,10900
mlp,109,target,004-syn-flood.csv,0.4,580,5180,0,10901
mlp,109,target,004-syn-flood.csv,0.45,580,5179,0,10902
mlp,109,target,004-syn-flood.csv,0.5,580,5145,0,10936
mlp,109,target,004-syn-flood.csv,0.55,580,5145,0,10936
mlp,109,target,004-syn-flood.csv,0.6,580,5145,0,10936
mlp,109,target,004-syn-flood.csv,0.65,580,5145,0,10936
mlp,109,target,004-syn-flood.csv,0.7,580,5145,0,10936
mlp,109,target,004-syn-flood.csv,0.75,580,5144,0,10937
mlp,109,target,004-syn-flood.csv,0.8,580,5110,0,10971
mlp,109,target,004-syn-flood.csv,0.85,580,5110,0,10971
mlp,109,target,004-syn-flood.csv,0.9,580,5110,0,10971
mlp,109,target,004-syn-flood.csv,0.95,580,5110,0,10971
mlp,109,target,004-syn-flood.csv,0.975,580,5109,0,10972
mlp,109,target,004-syn-flood.csv,0.99,580,4966,0,11115
mlp,109,target,004-syn-flood.csv,0.995,580,4949,0,11132
mlp,109,target,004-syn-flood.csv,0.999,580,4947,0,11134
mlp,109,target,005-icmp-flood.csv,0.05,156,153,0,8211
mlp,109,target,005-icmp-flood.csv,0.1,156,152,0,8212
mlp,109,target,005-icmp-flood.csv,0.15,156,152,0,8212
mlp,109,target,005-icmp-flood.csv,0.2,156,152,0,8212
mlp,109,target,005-icmp-flood.csv,0.25,156,152,0,8212
mlp,109,target,005-icmp-flood.csv,0.3,156,152,0,8212
mlp,109,target,005-icmp-flood.csv,0.35,156,152,0,8212
mlp,109,target,005-icmp-flood.csv,0.4,156,152,0,8212
mlp,109,target,005-icmp-flood.csv,0.45,156,152,0,8212
mlp,109,target,005-icmp-flood.csv,0.5,156,130,0,8234
mlp,109,target,005-icmp-flood.csv,0.55,156,130,0,8234
mlp,109,target,005-icmp-flood.csv,0.6,156,130,0,8234
mlp,109,target,005-icmp-flood.csv,0.65,156,130,0,8234
mlp,109,target,005-icmp-flood.csv,0.7,156,130,0,8234
mlp,109,target,005-icmp-flood.csv,0.75,156,129,0,8235
mlp,109,target,005-icmp-flood.csv,0.8,156,107,0,8257
mlp,109,target,005-icmp-flood.csv,0.85,156,107,0,8257
mlp,109,target,005-icmp-flood.csv,0.9,156,107,0,8257
mlp,109,target,005-icmp-flood.csv,0.95,156,106,0,8258
mlp,109,target,005-icmp-flood.csv,0.975,156,106,0,8258
mlp,109,target,005-icmp-flood.csv,0.99,156,15,0,8349
mlp,109,target,005-icmp-flood.csv,0.995,156,7,0,8357
mlp,109,target,005-icmp-flood.csv,0.999,4,0,152,8364
majority,110,target,003a-pfcp.csv,0.05,103,14141,0,0
majority,110,target,003a-pfcp.csv,0.1,103,14141,0,0
majority,110,target,003a-pfcp.csv,0.15,103,14141,0,0
majority,110,target,003a-pfcp.csv,0.2,103,14141,0,0
majority,110,target,003a-pfcp.csv,0.25,103,14141,0,0
majority,110,target,003a-pfcp.csv,0.3,103,14141,0,0
majority,110,target,003a-pfcp.csv,0.35,103,14141,0,0
majority,110,target,003a-pfcp.csv,0.4,103,14141,0,0
majority,110,target,003a-pfcp.csv,0.45,103,14141,0,0
majority,110,target,003a-pfcp.csv,0.5,103,14141,0,0
majority,110,target,003a-pfcp.csv,0.55,103,14141,0,0
majority,110,target,003a-pfcp.csv,0.6,103,14141,0,0
majority,110,target,003a-pfcp.csv,0.65,103,14141,0,0
majority,110,target,003a-pfcp.csv,0.7,103,14141,0,0
majority,110,target,003a-pfcp.csv,0.75,103,14141,0,0
majority,110,target,003a-pfcp.csv,0.8,103,14141,0,0
majority,110,target,003a-pfcp.csv,0.85,103,14141,0,0
majority,110,target,003a-pfcp.csv,0.9,103,14141,0,0
majority,110,target,003a-pfcp.csv,0.95,103,14141,0,0
majority,110,target,003a-pfcp.csv,0.975,103,14141,0,0
majority,110,target,003a-pfcp.csv,0.99,103,14141,0,0
majority,110,target,003a-pfcp.csv,0.995,103,14141,0,0
majority,110,target,003a-pfcp.csv,0.999,103,14141,0,0
majority,110,target,004-syn-flood.csv,0.05,580,16081,0,0
majority,110,target,004-syn-flood.csv,0.1,580,16081,0,0
majority,110,target,004-syn-flood.csv,0.15,580,16081,0,0
majority,110,target,004-syn-flood.csv,0.2,580,16081,0,0
majority,110,target,004-syn-flood.csv,0.25,580,16081,0,0
majority,110,target,004-syn-flood.csv,0.3,580,16081,0,0
majority,110,target,004-syn-flood.csv,0.35,580,16081,0,0
majority,110,target,004-syn-flood.csv,0.4,580,16081,0,0
majority,110,target,004-syn-flood.csv,0.45,580,16081,0,0
majority,110,target,004-syn-flood.csv,0.5,580,16081,0,0
majority,110,target,004-syn-flood.csv,0.55,580,16081,0,0
majority,110,target,004-syn-flood.csv,0.6,580,16081,0,0
majority,110,target,004-syn-flood.csv,0.65,580,16081,0,0
majority,110,target,004-syn-flood.csv,0.7,580,16081,0,0
majority,110,target,004-syn-flood.csv,0.75,580,16081,0,0
majority,110,target,004-syn-flood.csv,0.8,580,16081,0,0
majority,110,target,004-syn-flood.csv,0.85,580,16081,0,0
majority,110,target,004-syn-flood.csv,0.9,580,16081,0,0
majority,110,target,004-syn-flood.csv,0.95,580,16081,0,0
majority,110,target,004-syn-flood.csv,0.975,580,16081,0,0
majority,110,target,004-syn-flood.csv,0.99,580,16081,0,0
majority,110,target,004-syn-flood.csv,0.995,580,16081,0,0
majority,110,target,004-syn-flood.csv,0.999,580,16081,0,0
majority,110,target,005-icmp-flood.csv,0.05,156,8364,0,0
majority,110,target,005-icmp-flood.csv,0.1,156,8364,0,0
majority,110,target,005-icmp-flood.csv,0.15,156,8364,0,0
majority,110,target,005-icmp-flood.csv,0.2,156,8364,0,0
majority,110,target,005-icmp-flood.csv,0.25,156,8364,0,0
majority,110,target,005-icmp-flood.csv,0.3,156,8364,0,0
majority,110,target,005-icmp-flood.csv,0.35,156,8364,0,0
majority,110,target,005-icmp-flood.csv,0.4,156,8364,0,0
majority,110,target,005-icmp-flood.csv,0.45,156,8364,0,0
majority,110,target,005-icmp-flood.csv,0.5,156,8364,0,0
majority,110,target,005-icmp-flood.csv,0.55,156,8364,0,0
majority,110,target,005-icmp-flood.csv,0.6,156,8364,0,0
majority,110,target,005-icmp-flood.csv,0.65,156,8364,0,0
majority,110,target,005-icmp-flood.csv,0.7,156,8364,0,0
majority,110,target,005-icmp-flood.csv,0.75,156,8364,0,0
majority,110,target,005-icmp-flood.csv,0.8,156,8364,0,0
majority,110,target,005-icmp-flood.csv,0.85,156,8364,0,0
majority,110,target,005-icmp-flood.csv,0.9,156,8364,0,0
majority,110,target,005-icmp-flood.csv,0.95,156,8364,0,0
majority,110,target,005-icmp-flood.csv,0.975,156,8364,0,0
majority,110,target,005-icmp-flood.csv,0.99,156,8364,0,0
majority,110,target,005-icmp-flood.csv,0.995,156,8364,0,0
majority,110,target,005-icmp-flood.csv,0.999,156,8364,0,0
stratified,110,target,003a-pfcp.csv,0.05,59,8538,44,5603
stratified,110,target,003a-pfcp.csv,0.1,59,8538,44,5603
stratified,110,target,003a-pfcp.csv,0.15,59,8538,44,5603
stratified,110,target,003a-pfcp.csv,0.2,59,8538,44,5603
stratified,110,target,003a-pfcp.csv,0.25,59,8538,44,5603
stratified,110,target,003a-pfcp.csv,0.3,59,8538,44,5603
stratified,110,target,003a-pfcp.csv,0.35,59,8538,44,5603
stratified,110,target,003a-pfcp.csv,0.4,59,8538,44,5603
stratified,110,target,003a-pfcp.csv,0.45,59,8538,44,5603
stratified,110,target,003a-pfcp.csv,0.5,59,8538,44,5603
stratified,110,target,003a-pfcp.csv,0.55,59,8538,44,5603
stratified,110,target,003a-pfcp.csv,0.6,59,8538,44,5603
stratified,110,target,003a-pfcp.csv,0.65,59,8538,44,5603
stratified,110,target,003a-pfcp.csv,0.7,59,8538,44,5603
stratified,110,target,003a-pfcp.csv,0.75,59,8538,44,5603
stratified,110,target,003a-pfcp.csv,0.8,59,8538,44,5603
stratified,110,target,003a-pfcp.csv,0.85,59,8538,44,5603
stratified,110,target,003a-pfcp.csv,0.9,59,8538,44,5603
stratified,110,target,003a-pfcp.csv,0.95,59,8538,44,5603
stratified,110,target,003a-pfcp.csv,0.975,59,8538,44,5603
stratified,110,target,003a-pfcp.csv,0.99,59,8538,44,5603
stratified,110,target,003a-pfcp.csv,0.995,59,8538,44,5603
stratified,110,target,003a-pfcp.csv,0.999,59,8538,44,5603
stratified,110,target,004-syn-flood.csv,0.05,338,9781,242,6300
stratified,110,target,004-syn-flood.csv,0.1,338,9781,242,6300
stratified,110,target,004-syn-flood.csv,0.15,338,9781,242,6300
stratified,110,target,004-syn-flood.csv,0.2,338,9781,242,6300
stratified,110,target,004-syn-flood.csv,0.25,338,9781,242,6300
stratified,110,target,004-syn-flood.csv,0.3,338,9781,242,6300
stratified,110,target,004-syn-flood.csv,0.35,338,9781,242,6300
stratified,110,target,004-syn-flood.csv,0.4,338,9781,242,6300
stratified,110,target,004-syn-flood.csv,0.45,338,9781,242,6300
stratified,110,target,004-syn-flood.csv,0.5,338,9781,242,6300
stratified,110,target,004-syn-flood.csv,0.55,338,9781,242,6300
stratified,110,target,004-syn-flood.csv,0.6,338,9781,242,6300
stratified,110,target,004-syn-flood.csv,0.65,338,9781,242,6300
stratified,110,target,004-syn-flood.csv,0.7,338,9781,242,6300
stratified,110,target,004-syn-flood.csv,0.75,338,9781,242,6300
stratified,110,target,004-syn-flood.csv,0.8,338,9781,242,6300
stratified,110,target,004-syn-flood.csv,0.85,338,9781,242,6300
stratified,110,target,004-syn-flood.csv,0.9,338,9781,242,6300
stratified,110,target,004-syn-flood.csv,0.95,338,9781,242,6300
stratified,110,target,004-syn-flood.csv,0.975,338,9781,242,6300
stratified,110,target,004-syn-flood.csv,0.99,338,9781,242,6300
stratified,110,target,004-syn-flood.csv,0.995,338,9781,242,6300
stratified,110,target,004-syn-flood.csv,0.999,338,9781,242,6300
stratified,110,target,005-icmp-flood.csv,0.05,84,5100,72,3264
stratified,110,target,005-icmp-flood.csv,0.1,84,5100,72,3264
stratified,110,target,005-icmp-flood.csv,0.15,84,5100,72,3264
stratified,110,target,005-icmp-flood.csv,0.2,84,5100,72,3264
stratified,110,target,005-icmp-flood.csv,0.25,84,5100,72,3264
stratified,110,target,005-icmp-flood.csv,0.3,84,5100,72,3264
stratified,110,target,005-icmp-flood.csv,0.35,84,5100,72,3264
stratified,110,target,005-icmp-flood.csv,0.4,84,5100,72,3264
stratified,110,target,005-icmp-flood.csv,0.45,84,5100,72,3264
stratified,110,target,005-icmp-flood.csv,0.5,84,5100,72,3264
stratified,110,target,005-icmp-flood.csv,0.55,84,5100,72,3264
stratified,110,target,005-icmp-flood.csv,0.6,84,5100,72,3264
stratified,110,target,005-icmp-flood.csv,0.65,84,5100,72,3264
stratified,110,target,005-icmp-flood.csv,0.7,84,5100,72,3264
stratified,110,target,005-icmp-flood.csv,0.75,84,5100,72,3264
stratified,110,target,005-icmp-flood.csv,0.8,84,5100,72,3264
stratified,110,target,005-icmp-flood.csv,0.85,84,5100,72,3264
stratified,110,target,005-icmp-flood.csv,0.9,84,5100,72,3264
stratified,110,target,005-icmp-flood.csv,0.95,84,5100,72,3264
stratified,110,target,005-icmp-flood.csv,0.975,84,5100,72,3264
stratified,110,target,005-icmp-flood.csv,0.99,84,5100,72,3264
stratified,110,target,005-icmp-flood.csv,0.995,84,5100,72,3264
stratified,110,target,005-icmp-flood.csv,0.999,84,5100,72,3264
logreg,110,target,003a-pfcp.csv,0.05,2,12110,101,2031
logreg,110,target,003a-pfcp.csv,0.1,2,11821,101,2320
logreg,110,target,003a-pfcp.csv,0.15,2,11491,101,2650
logreg,110,target,003a-pfcp.csv,0.2,2,11321,101,2820
logreg,110,target,003a-pfcp.csv,0.25,2,11243,101,2898
logreg,110,target,003a-pfcp.csv,0.3,2,11193,101,2948
logreg,110,target,003a-pfcp.csv,0.35,2,11177,101,2964
logreg,110,target,003a-pfcp.csv,0.4,2,11148,101,2993
logreg,110,target,003a-pfcp.csv,0.45,2,11145,101,2996
logreg,110,target,003a-pfcp.csv,0.5,2,11134,101,3007
logreg,110,target,003a-pfcp.csv,0.55,2,11134,101,3007
logreg,110,target,003a-pfcp.csv,0.6,2,670,101,13471
logreg,110,target,003a-pfcp.csv,0.65,0,666,103,13475
logreg,110,target,003a-pfcp.csv,0.7,0,664,103,13477
logreg,110,target,003a-pfcp.csv,0.75,0,258,103,13883
logreg,110,target,003a-pfcp.csv,0.8,0,256,103,13885
logreg,110,target,003a-pfcp.csv,0.85,0,248,103,13893
logreg,110,target,003a-pfcp.csv,0.9,0,243,103,13898
logreg,110,target,003a-pfcp.csv,0.95,0,238,103,13903
logreg,110,target,003a-pfcp.csv,0.975,0,238,103,13903
logreg,110,target,003a-pfcp.csv,0.99,0,179,103,13962
logreg,110,target,003a-pfcp.csv,0.995,0,172,103,13969
logreg,110,target,003a-pfcp.csv,0.999,0,11,103,14130
logreg,110,target,004-syn-flood.csv,0.05,580,13545,0,2536
logreg,110,target,004-syn-flood.csv,0.1,580,13348,0,2733
logreg,110,target,004-syn-flood.csv,0.15,580,13129,0,2952
logreg,110,target,004-syn-flood.csv,0.2,580,12966,0,3115
logreg,110,target,004-syn-flood.csv,0.25,580,12892,0,3189
logreg,110,target,004-syn-flood.csv,0.3,580,12813,0,3268
logreg,110,target,004-syn-flood.csv,0.35,580,12767,0,3314
logreg,110,target,004-syn-flood.csv,0.4,580,12728,0,3353
logreg,110,target,004-syn-flood.csv,0.45,580,12716,0,3365
logreg,110,target,004-syn-flood.csv,0.5,580,12705,0,3376
logreg,110,target,004-syn-flood.csv,0.55,580,12699,0,3382
logreg,110,target,004-syn-flood.csv,0.6,580,5325,0,10756
logreg,110,target,004-syn-flood.csv,0.65,580,5324,0,10757
logreg,110,target,004-syn-flood.csv,0.7,580,5322,0,10759
logreg,110,target,004-syn-flood.csv,0.75,580,5322,0,10759
logreg,110,target,004-syn-flood.csv,0.8,580,5320,0,10761
logreg,110,target,004-syn-flood.csv,0.85,580,5306,0,10775
logreg,110,target,004-syn-flood.csv,0.9,580,5240,0,10841
logreg,110,target,004-syn-flood.csv,0.95,580,5220,0,10861
logreg,110,target,004-syn-flood.csv,0.975,580,5218,0,10863
logreg,110,target,004-syn-flood.csv,0.99,580,5218,0,10863
logreg,110,target,004-syn-flood.csv,0.995,580,879,0,15202
logreg,110,target,004-syn-flood.csv,0.999,0,0,580,16081
logreg,110,target,005-icmp-flood.csv,0.05,156,7106,0,1258
logreg,110,target,005-icmp-flood.csv,0.1,156,6990,0,1374
logreg,110,target,005-icmp-flood.csv,0.15,156,6772,0,1592
logreg,110,target,005-icmp-flood.csv,0.2,156,6603,0,1761
logreg,110,target,005-icmp-flood.csv,0.25,156,6487,0,1877
logreg,110,target,005-icmp-flood.csv,0.3,2,6424,154,1940
logreg,110,target,005-icmp-flood.csv,0.35,0,6408,156,1956
logreg,110,target,005-icmp-flood.csv,0.4,0,6384,156,1980
logreg,110,target,005-icmp-flood.csv,0.45,0,6378,156,1986
logreg,110,target,005-icmp-flood.csv,0.5,0,6376,156,1988
logreg,110,target,005-icmp-flood.csv,0.55,0,6375,156,1989
logreg,110,target,005-icmp-flood.csv,0.6,0,230,156,8134
logreg,110,target,005-icmp-flood.csv,0.65,0,222,156,8142
logreg,110,target,005-icmp-flood.csv,0.7,0,221,156,8143
logreg,110,target,005-icmp-flood.csv,0.75,0,220,156,8144
logreg,110,target,005-icmp-flood.csv,0.8,0,219,156,8145
logreg,110,target,005-icmp-flood.csv,0.85,0,210,156,8154
logreg,110,target,005-icmp-flood.csv,0.9,0,208,156,8156
logreg,110,target,005-icmp-flood.csv,0.95,0,201,156,8163
logreg,110,target,005-icmp-flood.csv,0.975,0,201,156,8163
logreg,110,target,005-icmp-flood.csv,0.99,0,201,156,8163
logreg,110,target,005-icmp-flood.csv,0.995,0,192,156,8172
logreg,110,target,005-icmp-flood.csv,0.999,0,0,156,8364
tree,110,target,003a-pfcp.csv,0.05,2,11096,101,3045
tree,110,target,003a-pfcp.csv,0.1,2,11096,101,3045
tree,110,target,003a-pfcp.csv,0.15,2,11096,101,3045
tree,110,target,003a-pfcp.csv,0.2,2,11096,101,3045
tree,110,target,003a-pfcp.csv,0.25,2,11096,101,3045
tree,110,target,003a-pfcp.csv,0.3,2,11096,101,3045
tree,110,target,003a-pfcp.csv,0.35,2,11096,101,3045
tree,110,target,003a-pfcp.csv,0.4,2,11096,101,3045
tree,110,target,003a-pfcp.csv,0.45,2,11096,101,3045
tree,110,target,003a-pfcp.csv,0.5,2,11096,101,3045
tree,110,target,003a-pfcp.csv,0.55,2,11096,101,3045
tree,110,target,003a-pfcp.csv,0.6,2,11096,101,3045
tree,110,target,003a-pfcp.csv,0.65,2,11096,101,3045
tree,110,target,003a-pfcp.csv,0.7,2,11088,101,3053
tree,110,target,003a-pfcp.csv,0.75,2,11088,101,3053
tree,110,target,003a-pfcp.csv,0.8,2,10682,101,3459
tree,110,target,003a-pfcp.csv,0.85,2,10682,101,3459
tree,110,target,003a-pfcp.csv,0.9,2,10682,101,3459
tree,110,target,003a-pfcp.csv,0.95,2,10682,101,3459
tree,110,target,003a-pfcp.csv,0.975,2,10682,101,3459
tree,110,target,003a-pfcp.csv,0.99,2,10615,101,3526
tree,110,target,003a-pfcp.csv,0.995,2,10615,101,3526
tree,110,target,003a-pfcp.csv,0.999,2,10615,101,3526
tree,110,target,004-syn-flood.csv,0.05,440,12472,140,3609
tree,110,target,004-syn-flood.csv,0.1,440,12472,140,3609
tree,110,target,004-syn-flood.csv,0.15,440,12472,140,3609
tree,110,target,004-syn-flood.csv,0.2,440,12472,140,3609
tree,110,target,004-syn-flood.csv,0.25,440,12472,140,3609
tree,110,target,004-syn-flood.csv,0.3,440,12472,140,3609
tree,110,target,004-syn-flood.csv,0.35,440,12472,140,3609
tree,110,target,004-syn-flood.csv,0.4,440,12472,140,3609
tree,110,target,004-syn-flood.csv,0.45,440,12472,140,3609
tree,110,target,004-syn-flood.csv,0.5,440,12472,140,3609
tree,110,target,004-syn-flood.csv,0.55,440,12472,140,3609
tree,110,target,004-syn-flood.csv,0.6,440,12472,140,3609
tree,110,target,004-syn-flood.csv,0.65,440,12472,140,3609
tree,110,target,004-syn-flood.csv,0.7,0,11879,580,4202
tree,110,target,004-syn-flood.csv,0.75,0,11879,580,4202
tree,110,target,004-syn-flood.csv,0.8,0,11879,580,4202
tree,110,target,004-syn-flood.csv,0.85,0,11879,580,4202
tree,110,target,004-syn-flood.csv,0.9,0,11879,580,4202
tree,110,target,004-syn-flood.csv,0.95,0,11879,580,4202
tree,110,target,004-syn-flood.csv,0.975,0,11879,580,4202
tree,110,target,004-syn-flood.csv,0.99,0,7553,580,8528
tree,110,target,004-syn-flood.csv,0.995,0,7553,580,8528
tree,110,target,004-syn-flood.csv,0.999,0,7553,580,8528
tree,110,target,005-icmp-flood.csv,0.05,0,6266,156,2098
tree,110,target,005-icmp-flood.csv,0.1,0,6266,156,2098
tree,110,target,005-icmp-flood.csv,0.15,0,6266,156,2098
tree,110,target,005-icmp-flood.csv,0.2,0,6266,156,2098
tree,110,target,005-icmp-flood.csv,0.25,0,6266,156,2098
tree,110,target,005-icmp-flood.csv,0.3,0,6266,156,2098
tree,110,target,005-icmp-flood.csv,0.35,0,6266,156,2098
tree,110,target,005-icmp-flood.csv,0.4,0,6266,156,2098
tree,110,target,005-icmp-flood.csv,0.45,0,6266,156,2098
tree,110,target,005-icmp-flood.csv,0.5,0,6266,156,2098
tree,110,target,005-icmp-flood.csv,0.55,0,6266,156,2098
tree,110,target,005-icmp-flood.csv,0.6,0,6266,156,2098
tree,110,target,005-icmp-flood.csv,0.65,0,6266,156,2098
tree,110,target,005-icmp-flood.csv,0.7,0,6260,156,2104
tree,110,target,005-icmp-flood.csv,0.75,0,6260,156,2104
tree,110,target,005-icmp-flood.csv,0.8,0,6260,156,2104
tree,110,target,005-icmp-flood.csv,0.85,0,6260,156,2104
tree,110,target,005-icmp-flood.csv,0.9,0,6260,156,2104
tree,110,target,005-icmp-flood.csv,0.95,0,6260,156,2104
tree,110,target,005-icmp-flood.csv,0.975,0,6260,156,2104
tree,110,target,005-icmp-flood.csv,0.99,0,6260,156,2104
tree,110,target,005-icmp-flood.csv,0.995,0,6260,156,2104
tree,110,target,005-icmp-flood.csv,0.999,0,6260,156,2104
rf,110,target,003a-pfcp.csv,0.05,101,13466,2,675
rf,110,target,003a-pfcp.csv,0.1,101,12770,2,1371
rf,110,target,003a-pfcp.csv,0.15,101,11345,2,2796
rf,110,target,003a-pfcp.csv,0.2,101,11328,2,2813
rf,110,target,003a-pfcp.csv,0.25,101,11282,2,2859
rf,110,target,003a-pfcp.csv,0.3,101,11263,2,2878
rf,110,target,003a-pfcp.csv,0.35,100,11227,3,2914
rf,110,target,003a-pfcp.csv,0.4,62,11101,41,3040
rf,110,target,003a-pfcp.csv,0.45,2,11071,101,3070
rf,110,target,003a-pfcp.csv,0.5,2,11071,101,3070
rf,110,target,003a-pfcp.csv,0.55,2,533,101,13608
rf,110,target,003a-pfcp.csv,0.6,0,517,103,13624
rf,110,target,003a-pfcp.csv,0.65,0,516,103,13625
rf,110,target,003a-pfcp.csv,0.7,0,499,103,13642
rf,110,target,003a-pfcp.csv,0.75,0,92,103,14049
rf,110,target,003a-pfcp.csv,0.8,0,83,103,14058
rf,110,target,003a-pfcp.csv,0.85,0,73,103,14068
rf,110,target,003a-pfcp.csv,0.9,0,73,103,14068
rf,110,target,003a-pfcp.csv,0.95,0,67,103,14074
rf,110,target,003a-pfcp.csv,0.975,0,65,103,14076
rf,110,target,003a-pfcp.csv,0.99,0,0,103,14141
rf,110,target,003a-pfcp.csv,0.995,0,0,103,14141
rf,110,target,003a-pfcp.csv,0.999,0,0,103,14141
rf,110,target,004-syn-flood.csv,0.05,580,15086,0,995
rf,110,target,004-syn-flood.csv,0.1,580,14565,0,1516
rf,110,target,004-syn-flood.csv,0.15,580,12943,0,3138
rf,110,target,004-syn-flood.csv,0.2,580,12620,0,3461
rf,110,target,004-syn-flood.csv,0.25,580,12618,0,3463
rf,110,target,004-syn-flood.csv,0.3,580,12614,0,3467
rf,110,target,004-syn-flood.csv,0.35,580,12612,0,3469
rf,110,target,004-syn-flood.csv,0.4,580,12543,0,3538
rf,110,target,004-syn-flood.csv,0.45,580,12480,0,3601
rf,110,target,004-syn-flood.csv,0.5,580,12480,0,3601
rf,110,target,004-syn-flood.csv,0.55,580,4982,0,11099
rf,110,target,004-syn-flood.csv,0.6,580,4966,0,11115
rf,110,target,004-syn-flood.csv,0.65,580,4961,0,11120
rf,110,target,004-syn-flood.csv,0.7,580,4959,0,11122
rf,110,target,004-syn-flood.csv,0.75,440,4920,140,11161
rf,110,target,004-syn-flood.csv,0.8,440,4908,140,11173
rf,110,target,004-syn-flood.csv,0.85,0,4327,580,11754
rf,110,target,004-syn-flood.csv,0.9,0,4326,580,11755
rf,110,target,004-syn-flood.csv,0.95,0,4326,580,11755
rf,110,target,004-syn-flood.csv,0.975,0,4326,580,11755
rf,110,target,004-syn-flood.csv,0.99,0,0,580,16081
rf,110,target,004-syn-flood.csv,0.995,0,0,580,16081
rf,110,target,004-syn-flood.csv,0.999,0,0,580,16081
rf,110,target,005-icmp-flood.csv,0.05,156,7660,0,704
rf,110,target,005-icmp-flood.csv,0.1,156,7296,0,1068
rf,110,target,005-icmp-flood.csv,0.15,156,6397,0,1967
rf,110,target,005-icmp-flood.csv,0.2,156,6390,0,1974
rf,110,target,005-icmp-flood.csv,0.25,156,6390,0,1974
rf,110,target,005-icmp-flood.csv,0.3,156,6388,0,1976
rf,110,target,005-icmp-flood.csv,0.35,156,6386,0,1978
rf,110,target,005-icmp-flood.csv,0.4,156,6336,0,2028
rf,110,target,005-icmp-flood.csv,0.45,156,6274,0,2090
rf,110,target,005-icmp-flood.csv,0.5,156,6250,0,2114
rf,110,target,005-icmp-flood.csv,0.55,0,22,156,8342
rf,110,target,005-icmp-flood.csv,0.6,0,11,156,8353
rf,110,target,005-icmp-flood.csv,0.65,0,8,156,8356
rf,110,target,005-icmp-flood.csv,0.7,0,8,156,8356
rf,110,target,005-icmp-flood.csv,0.75,0,8,156,8356
rf,110,target,005-icmp-flood.csv,0.8,0,1,156,8363
rf,110,target,005-icmp-flood.csv,0.85,0,0,156,8364
rf,110,target,005-icmp-flood.csv,0.9,0,0,156,8364
rf,110,target,005-icmp-flood.csv,0.95,0,0,156,8364
rf,110,target,005-icmp-flood.csv,0.975,0,0,156,8364
rf,110,target,005-icmp-flood.csv,0.99,0,0,156,8364
rf,110,target,005-icmp-flood.csv,0.995,0,0,156,8364
rf,110,target,005-icmp-flood.csv,0.999,0,0,156,8364
xgboost,110,target,003a-pfcp.csv,0.05,101,11282,2,2859
xgboost,110,target,003a-pfcp.csv,0.1,101,11200,2,2941
xgboost,110,target,003a-pfcp.csv,0.15,101,11188,2,2953
xgboost,110,target,003a-pfcp.csv,0.2,101,11160,2,2981
xgboost,110,target,003a-pfcp.csv,0.25,8,11125,95,3016
xgboost,110,target,003a-pfcp.csv,0.3,3,11113,100,3028
xgboost,110,target,003a-pfcp.csv,0.35,3,11113,100,3028
xgboost,110,target,003a-pfcp.csv,0.4,3,11113,100,3028
xgboost,110,target,003a-pfcp.csv,0.45,3,11113,100,3028
xgboost,110,target,003a-pfcp.csv,0.5,3,11111,100,3030
xgboost,110,target,003a-pfcp.csv,0.55,2,11111,101,3030
xgboost,110,target,003a-pfcp.csv,0.6,2,11098,101,3043
xgboost,110,target,003a-pfcp.csv,0.65,2,11098,101,3043
xgboost,110,target,003a-pfcp.csv,0.7,2,1934,101,12207
xgboost,110,target,003a-pfcp.csv,0.75,2,1934,101,12207
xgboost,110,target,003a-pfcp.csv,0.8,2,1934,101,12207
xgboost,110,target,003a-pfcp.csv,0.85,2,1808,101,12333
xgboost,110,target,003a-pfcp.csv,0.9,2,1402,101,12739
xgboost,110,target,003a-pfcp.csv,0.95,2,109,101,14032
xgboost,110,target,003a-pfcp.csv,0.975,0,93,103,14048
xgboost,110,target,003a-pfcp.csv,0.99,0,26,103,14115
xgboost,110,target,003a-pfcp.csv,0.995,0,26,103,14115
xgboost,110,target,003a-pfcp.csv,0.999,0,11,103,14130
xgboost,110,target,004-syn-flood.csv,0.05,580,12608,0,3473
xgboost,110,target,004-syn-flood.csv,0.1,580,12499,0,3582
xgboost,110,target,004-syn-flood.csv,0.15,580,12497,0,3584
xgboost,110,target,004-syn-flood.csv,0.2,580,12496,0,3585
xgboost,110,target,004-syn-flood.csv,0.25,580,12496,0,3585
xgboost,110,target,004-syn-flood.csv,0.3,580,12496,0,3585
xgboost,110,target,004-syn-flood.csv,0.35,580,12496,0,3585
xgboost,110,target,004-syn-flood.csv,0.4,580,12496,0,3585
xgboost,110,target,004-syn-flood.csv,0.45,580,12495,0,3586
xgboost,110,target,004-syn-flood.csv,0.5,580,12495,0,3586
xgboost,110,target,004-syn-flood.csv,0.55,580,12495,0,3586
xgboost,110,target,004-syn-flood.csv,0.6,580,12494,0,3587
xgboost,110,target,004-syn-flood.csv,0.65,580,12493,0,3588
xgboost,110,target,004-syn-flood.csv,0.7,580,5825,0,10256
xgboost,110,target,004-syn-flood.csv,0.75,580,5825,0,10256
xgboost,110,target,004-syn-flood.csv,0.8,580,5822,0,10259
xgboost,110,target,004-syn-flood.csv,0.85,580,5695,0,10386
xgboost,110,target,004-syn-flood.csv,0.9,580,5682,0,10399
xgboost,110,target,004-syn-flood.csv,0.95,580,4960,0,11121
xgboost,110,target,004-syn-flood.csv,0.975,440,4907,140,11174
xgboost,110,target,004-syn-flood.csv,0.99,440,581,140,15500
xgboost,110,target,004-syn-flood.csv,0.995,440,581,140,15500
xgboost,110,target,004-syn-flood.csv,0.999,0,0,580,16081
xgboost,110,target,005-icmp-flood.csv,0.05,156,6365,0,1999
xgboost,110,target,005-icmp-flood.csv,0.1,156,6285,0,2079
xgboost,110,target,005-icmp-flood.csv,0.15,156,6284,0,2080
xgboost,110,target,005-icmp-flood.csv,0.2,156,6283,0,2081
xgboost,110,target,005-icmp-flood.csv,0.25,156,6283,0,2081
xgboost,110,target,005-icmp-flood.csv,0.3,156,6283,0,2081
xgboost,110,target,005-icmp-flood.csv,0.35,156,6282,0,2082
xgboost,110,target,005-icmp-flood.csv,0.4,156,6282,0,2082
xgboost,110,target,005-icmp-flood.csv,0.45,156,6282,0,2082
xgboost,110,target,005-icmp-flood.csv,0.5,155,6272,1,2092
xgboost,110,target,005-icmp-flood.csv,0.55,155,6272,1,2092
xgboost,110,target,005-icmp-flood.csv,0.6,76,6266,80,2098
xgboost,110,target,005-icmp-flood.csv,0.65,0,6262,156,2102
xgboost,110,target,005-icmp-flood.csv,0.7,0,630,156,7734
xgboost,110,target,005-icmp-flood.csv,0.75,0,628,156,7736
xgboost,110,target,005-icmp-flood.csv,0.8,0,625,156,7739
xgboost,110,target,005-icmp-flood.csv,0.85,0,547,156,7817
xgboost,110,target,005-icmp-flood.csv,0.9,0,536,156,7828
xgboost,110,target,005-icmp-flood.csv,0.95,0,6,156,8358
xgboost,110,target,005-icmp-flood.csv,0.975,0,0,156,8364
xgboost,110,target,005-icmp-flood.csv,0.99,0,0,156,8364
xgboost,110,target,005-icmp-flood.csv,0.995,0,0,156,8364
xgboost,110,target,005-icmp-flood.csv,0.999,0,0,156,8364
hgb,110,target,003a-pfcp.csv,0.05,101,11316,2,2825
hgb,110,target,003a-pfcp.csv,0.1,101,11301,2,2840
hgb,110,target,003a-pfcp.csv,0.15,101,11170,2,2971
hgb,110,target,003a-pfcp.csv,0.2,101,11109,2,3032
hgb,110,target,003a-pfcp.csv,0.25,101,11109,2,3032
hgb,110,target,003a-pfcp.csv,0.3,101,11109,2,3032
hgb,110,target,003a-pfcp.csv,0.35,29,11108,74,3033
hgb,110,target,003a-pfcp.csv,0.4,3,11104,100,3037
hgb,110,target,003a-pfcp.csv,0.45,3,11104,100,3037
hgb,110,target,003a-pfcp.csv,0.5,3,11104,100,3037
hgb,110,target,003a-pfcp.csv,0.55,3,11104,100,3037
hgb,110,target,003a-pfcp.csv,0.6,3,11104,100,3037
hgb,110,target,003a-pfcp.csv,0.65,2,11104,101,3037
hgb,110,target,003a-pfcp.csv,0.7,2,11104,101,3037
hgb,110,target,003a-pfcp.csv,0.75,2,11104,101,3037
hgb,110,target,003a-pfcp.csv,0.8,2,9829,101,4312
hgb,110,target,003a-pfcp.csv,0.85,2,9829,101,4312
hgb,110,target,003a-pfcp.csv,0.9,2,9784,101,4357
hgb,110,target,003a-pfcp.csv,0.95,2,9293,101,4848
hgb,110,target,003a-pfcp.csv,0.975,0,127,103,14014
hgb,110,target,003a-pfcp.csv,0.99,0,25,103,14116
hgb,110,target,003a-pfcp.csv,0.995,0,14,103,14127
hgb,110,target,003a-pfcp.csv,0.999,0,8,103,14133
hgb,110,target,004-syn-flood.csv,0.05,580,12609,0,3472
hgb,110,target,004-syn-flood.csv,0.1,580,12601,0,3480
hgb,110,target,004-syn-flood.csv,0.15,580,12574,0,3507
hgb,110,target,004-syn-flood.csv,0.2,580,12572,0,3509
hgb,110,target,004-syn-flood.csv,0.25,580,12572,0,3509
hgb,110,target,004-syn-flood.csv,0.3,580,12571,0,3510
hgb,110,target,004-syn-flood.csv,0.35,580,12571,0,3510
hgb,110,target,004-syn-flood.csv,0.4,580,12490,0,3591
hgb,110,target,004-syn-flood.csv,0.45,580,12490,0,3591
hgb,110,target,004-syn-flood.csv,0.5,580,12480,0,3601
hgb,110,target,004-syn-flood.csv,0.55,580,12480,0,3601
hgb,110,target,004-syn-flood.csv,0.6,580,12480,0,3601
hgb,110,target,004-syn-flood.csv,0.65,580,12480,0,3601
hgb,110,target,004-syn-flood.csv,0.7,580,12479,0,3602
hgb,110,target,004-syn-flood.csv,0.75,580,12479,0,3602
hgb,110,target,004-syn-flood.csv,0.8,580,11765,0,4316
hgb,110,target,004-syn-flood.csv,0.85,580,11765,0,4316
hgb,110,target,004-syn-flood.csv,0.9,580,11714,0,4367
hgb,110,target,004-syn-flood.csv,0.95,580,11635,0,4446
hgb,110,target,004-syn-flood.csv,0.975,580,4964,0,11117
hgb,110,target,004-syn-flood.csv,0.99,140,44,440,16037
hgb,110,target,004-syn-flood.csv,0.995,0,4,580,16077
hgb,110,target,004-syn-flood.csv,0.999,0,0,580,16081
hgb,110,target,005-icmp-flood.csv,0.05,156,6386,0,1978
hgb,110,target,005-icmp-flood.csv,0.1,156,6380,0,1984
hgb,110,target,005-icmp-flood.csv,0.15,156,6363,0,2001
hgb,110,target,005-icmp-flood.csv,0.2,156,6361,0,2003
hgb,110,target,005-icmp-flood.csv,0.25,156,6361,0,2003
hgb,110,target,005-icmp-flood.csv,0.3,156,6361,0,2003
hgb,110,target,005-icmp-flood.csv,0.35,156,6361,0,2003
hgb,110,target,005-icmp-flood.csv,0.4,156,6280,0,2084
hgb,110,target,005-icmp-flood.csv,0.45,156,6280,0,2084
hgb,110,target,005-icmp-flood.csv,0.5,156,6274,0,2090
hgb,110,target,005-icmp-flood.csv,0.55,156,6274,0,2090
hgb,110,target,005-icmp-flood.csv,0.6,156,6274,0,2090
hgb,110,target,005-icmp-flood.csv,0.65,156,6274,0,2090
hgb,110,target,005-icmp-flood.csv,0.7,156,6274,0,2090
hgb,110,target,005-icmp-flood.csv,0.75,156,6274,0,2090
hgb,110,target,005-icmp-flood.csv,0.8,156,5751,0,2613
hgb,110,target,005-icmp-flood.csv,0.85,156,5751,0,2613
hgb,110,target,005-icmp-flood.csv,0.9,156,5714,0,2650
hgb,110,target,005-icmp-flood.csv,0.95,156,5644,0,2720
hgb,110,target,005-icmp-flood.csv,0.975,1,11,155,8353
hgb,110,target,005-icmp-flood.csv,0.99,0,4,156,8360
hgb,110,target,005-icmp-flood.csv,0.995,0,4,156,8360
hgb,110,target,005-icmp-flood.csv,0.999,0,0,156,8364
mlp,110,target,003a-pfcp.csv,0.05,0,950,103,13191
mlp,110,target,003a-pfcp.csv,0.1,0,909,103,13232
mlp,110,target,003a-pfcp.csv,0.15,0,871,103,13270
mlp,110,target,003a-pfcp.csv,0.2,0,846,103,13295
mlp,110,target,003a-pfcp.csv,0.25,0,775,103,13366
mlp,110,target,003a-pfcp.csv,0.3,0,760,103,13381
mlp,110,target,003a-pfcp.csv,0.35,0,760,103,13381
mlp,110,target,003a-pfcp.csv,0.4,0,741,103,13400
mlp,110,target,003a-pfcp.csv,0.45,0,715,103,13426
mlp,110,target,003a-pfcp.csv,0.5,0,715,103,13426
mlp,110,target,003a-pfcp.csv,0.55,0,711,103,13430
mlp,110,target,003a-pfcp.csv,0.6,0,699,103,13442
mlp,110,target,003a-pfcp.csv,0.65,0,699,103,13442
mlp,110,target,003a-pfcp.csv,0.7,0,699,103,13442
mlp,110,target,003a-pfcp.csv,0.75,0,685,103,13456
mlp,110,target,003a-pfcp.csv,0.8,0,279,103,13862
mlp,110,target,003a-pfcp.csv,0.85,0,279,103,13862
mlp,110,target,003a-pfcp.csv,0.9,0,271,103,13870
mlp,110,target,003a-pfcp.csv,0.95,0,271,103,13870
mlp,110,target,003a-pfcp.csv,0.975,0,244,103,13897
mlp,110,target,003a-pfcp.csv,0.99,0,244,103,13897
mlp,110,target,003a-pfcp.csv,0.995,0,244,103,13897
mlp,110,target,003a-pfcp.csv,0.999,0,237,103,13904
mlp,110,target,004-syn-flood.csv,0.05,580,5147,0,10934
mlp,110,target,004-syn-flood.csv,0.1,580,5147,0,10934
mlp,110,target,004-syn-flood.csv,0.15,580,5147,0,10934
mlp,110,target,004-syn-flood.csv,0.2,580,5147,0,10934
mlp,110,target,004-syn-flood.csv,0.25,580,5147,0,10934
mlp,110,target,004-syn-flood.csv,0.3,580,5147,0,10934
mlp,110,target,004-syn-flood.csv,0.35,580,5146,0,10935
mlp,110,target,004-syn-flood.csv,0.4,580,5146,0,10935
mlp,110,target,004-syn-flood.csv,0.45,580,5146,0,10935
mlp,110,target,004-syn-flood.csv,0.5,580,5145,0,10936
mlp,110,target,004-syn-flood.csv,0.55,580,5145,0,10936
mlp,110,target,004-syn-flood.csv,0.6,580,5145,0,10936
mlp,110,target,004-syn-flood.csv,0.65,580,5145,0,10936
mlp,110,target,004-syn-flood.csv,0.7,580,5145,0,10936
mlp,110,target,004-syn-flood.csv,0.75,580,5144,0,10937
mlp,110,target,004-syn-flood.csv,0.8,580,5144,0,10937
mlp,110,target,004-syn-flood.csv,0.85,0,4523,580,11558
mlp,110,target,004-syn-flood.csv,0.9,0,4511,580,11570
mlp,110,target,004-syn-flood.csv,0.95,0,4511,580,11570
mlp,110,target,004-syn-flood.csv,0.975,0,4477,580,11604
mlp,110,target,004-syn-flood.csv,0.99,0,4477,580,11604
mlp,110,target,004-syn-flood.csv,0.995,0,4477,580,11604
mlp,110,target,004-syn-flood.csv,0.999,0,4477,580,11604
mlp,110,target,005-icmp-flood.csv,0.05,156,156,0,8208
mlp,110,target,005-icmp-flood.csv,0.1,156,156,0,8208
mlp,110,target,005-icmp-flood.csv,0.15,156,155,0,8209
mlp,110,target,005-icmp-flood.csv,0.2,156,155,0,8209
mlp,110,target,005-icmp-flood.csv,0.25,156,154,0,8210
mlp,110,target,005-icmp-flood.csv,0.3,156,154,0,8210
mlp,110,target,005-icmp-flood.csv,0.35,156,154,0,8210
mlp,110,target,005-icmp-flood.csv,0.4,156,154,0,8210
mlp,110,target,005-icmp-flood.csv,0.45,156,154,0,8210
mlp,110,target,005-icmp-flood.csv,0.5,156,154,0,8210
mlp,110,target,005-icmp-flood.csv,0.55,156,154,0,8210
mlp,110,target,005-icmp-flood.csv,0.6,156,154,0,8210
mlp,110,target,005-icmp-flood.csv,0.65,156,154,0,8210
mlp,110,target,005-icmp-flood.csv,0.7,156,153,0,8211
mlp,110,target,005-icmp-flood.csv,0.75,156,153,0,8211
mlp,110,target,005-icmp-flood.csv,0.8,156,153,0,8211
mlp,110,target,005-icmp-flood.csv,0.85,156,153,0,8211
mlp,110,target,005-icmp-flood.csv,0.9,156,147,0,8217
mlp,110,target,005-icmp-flood.csv,0.95,156,147,0,8217
mlp,110,target,005-icmp-flood.csv,0.975,156,125,0,8239
mlp,110,target,005-icmp-flood.csv,0.99,156,123,0,8241
mlp,110,target,005-icmp-flood.csv,0.995,156,123,0,8241
mlp,110,target,005-icmp-flood.csv,0.999,156,118,0,8246
