model,split_seed,domain,n_train,n_eval,train_prevalence,threshold,tp,fp,tn,fn,accuracy,balanced_accuracy,precision,recall,f1,f1_macro,mcc,fpr,fnr,tnr,roc_auc,pr_auc,pr_auc_benign,brier
majority,101,source_heldout,240000,60000,0.6069666666666667,0.5,36552,23448,0,0,0.6092,0.5,0.6092,1.0,0.7571464081531195,0.37857320407655976,0.0,1.0,0.0,0.0,0.5,0.6092,0.3908,0.3908
majority,101,target,240000,1640182,0.6069666666666667,0.5,1552136,88046,0,0,0.9463193718745847,0.5,0.9463193718745847,1.0,0.9724194143565897,0.48620970717829487,0.0,1.0,0.0,0.0,0.5,0.9463193718745847,0.05368062812541535,0.05368062812541535
stratified,101,source_heldout,240000,60000,0.6069666666666667,0.5,22206,14146,9302,14346,0.5251333333333333,0.5021128323961511,0.6108604753521126,0.6075180564674983,0.6091846812246242,0.502103806554218,0.004219316995850375,0.6032923916751962,0.39248194353250165,0.39670760832480384,0.502112832396151,0.6102087687587276,0.391812597512291,0.47486666666666666
stratified,101,target,240000,1640182,0.6069666666666667,0.5,942790,53515,34531,609346,0.5958613129518553,0.4998036369497738,0.9462865287236338,0.607414556456393,0.7398954890460482,0.41712620455228944,-0.00018126412361803537,0.6078072825568452,0.392585443543607,0.3921927174431547,0.49980363694977387,0.9462994224666172,0.05366069691200048,0.40413868704814465
logreg,101,source_heldout,240000,60000,0.6069666666666667,0.5,28113,8364,15084,8439,0.71995,0.7062096220289239,0.7707048276996463,0.7691234405778069,0.7699133221049173,0.7060909779714086,0.4121843385758069,0.35670419651995905,0.23087655942219304,0.6432958034800409,0.8131963860565457,0.8606845407043089,0.7538260920707041,0.15676377244947434
logreg,101,target,240000,1640182,0.6069666666666667,0.5,1197564,23003,65043,354572,0.7697968883940929,0.7551487594540862,0.9811538407969411,0.7715586778478175,0.8638242177398733,0.5600350097821596,0.2635948031348406,0.2612611589396452,0.22844132215218255,0.7387388410603548,0.8283969634977699,0.9808878015285706,0.4276674161343637,0.1726608245054094
tree,101,source_heldout,240000,60000,0.6069666666666667,0.5,29551,7183,16265,7001,0.7636,0.7510636127989054,0.8044590842271465,0.8084646530969578,0.8064568949048931,0.7514110051439309,0.5028370527454383,0.30633742749914705,0.19153534690304225,0.693662572500853,0.8643134275494393,0.8868673393270752,0.7817251408719907,0.1390191355625265
tree,101,target,240000,1640182,0.6069666666666667,0.5,649731,18483,69563,902405,0.43854523461420747,0.6043400343470711,0.9723396995573275,0.41860442641624185,0.5852509739455491,0.3582500919308223,0.09572313277164067,0.2099243577220998,0.5813955735837582,0.7900756422779002,0.6164674606289651,0.9603981979710101,0.06922856077546341,0.5622321740925975
rf,101,source_heldout,240000,60000,0.6069666666666667,0.5,31862,9961,13487,4690,0.7558166666666667,0.7234386484458815,0.7618296152834565,0.871689647625301,0.8130653907496013,0.7305447073868127,0.4744911013495894,0.42481235073353807,0.12831035237469907,0.5751876492664619,0.8436943208514592,0.8876226693230678,0.7841285097031732,0.15266489283050796
rf,101,target,240000,1640182,0.6069666666666667,0.5,583629,7039,81007,968507,0.40522088402384615,0.648034908760685,0.9880829840113228,0.376016663488251,0.5447339094009531,0.3435781435608444,0.1390106254985917,0.07994684596688095,0.623983336511749,0.920053154033119,0.8636970467936574,0.9842847336421021,0.5582624329241314,0.339736558281927
xgboost,101,source_heldout,240000,60000,0.6069666666666667,0.5,29527,7152,16296,7025,0.7637166666666667,0.7513963505785171,0.8050110417405054,0.8078080542788356,0.8064071226666303,0.7516394911158635,0.5032863039150336,0.30501535312180145,0.19219194572116438,0.6949846468781986,0.8643776491611732,0.8936606033696946,0.8070404811332119,0.13890205323696136
xgboost,101,target,240000,1640182,0.6069666666666667,0.5,888041,8111,79935,664095,0.590163774507951,0.7400094650926272,0.9909490800667744,0.5721412298922259,0.7254383471225607,0.45878611936911523,0.2173161503792896,0.09212229970697136,0.42785877010777407,0.9078777002930286,0.8243241463301756,0.9860577130025964,0.20675756135503076,0.3649168312549591
hgb,101,source_heldout,240000,60000,0.6069666666666667,0.5,29519,7151,16297,7033,0.7636,0.7513082412224432,0.8049904554131443,0.8075891880061282,0.8062877277321023,0.75153413279589,0.503074584638781,0.3049727055612419,0.19241081199387175,0.6950272944387581,0.8641480737443809,0.8934561332651894,0.8062459097728467,0.13880758946909796
hgb,101,target,240000,1640182,0.6069666666666667,0.5,736835,9788,78258,815301,0.4969527771917994,0.6817770292777817,0.9868903047455008,0.4747232201301948,0.6410719871026063,0.40026052633180037,0.16454185895765636,0.11116916157463144,0.5252767798698053,0.8888308384253686,0.8207239800885265,0.982072119674372,0.4369622295177235,0.4610706077467105
mlp,101,source_heldout,240000,60000,0.6069666666666667,0.5,29512,7174,16274,7040,0.7631,0.750722040281699,0.8044485634847081,0.8073976800175093,0.8059204238236981,0.7509778330572234,0.5019638102535611,0.3059535994541112,0.1926023199824907,0.6940464005458887,0.864150939316955,0.8933615621244425,0.8074425622461564,0.1382599025964737
mlp,101,target,240000,1640182,0.6069666666666667,0.5,670467,11536,76510,881669,0.4554232396160914,0.6504708301842954,0.9830851183939073,0.43196408046717555,0.6002016884356792,0.37323042915415827,0.137621265545646,0.13102242009858484,0.5680359195328244,0.8689775799014152,0.8051063338892761,0.9803849754091364,0.13507051051647534,0.4523981213569641
majority,102,source_heldout,240000,60000,0.606925,0.5,36338,23662,0,0,0.6056333333333334,0.5,0.6056333333333334,1.0,0.754385600697544,0.377192800348772,0.0,1.0,0.0,0.0,0.5,0.6056333333333334,0.39436666666666664,0.39436666666666664
majority,102,target,240000,1640182,0.606925,0.5,1552136,88046,0,0,0.9463193718745847,0.5,0.9463193718745847,1.0,0.9724194143565897,0.48620970717829487,0.0,1.0,0.0,0.0,0.5,0.9463193718745847,0.05368062812541535,0.05368062812541535
stratified,102,source_heldout,240000,60000,0.606925,0.5,22094,14257,9405,14244,0.5249833333333334,0.5027431953634319,0.607796209182691,0.6080136496229842,0.6079049099588658,0.5027434338215626,0.005486917080359657,0.6025272588961204,0.3919863503770158,0.39747274110387965,0.5027431953634319,0.6069483913721827,0.3956880916775334,0.47501666666666664
stratified,102,target,240000,1640182,0.606925,0.5,942732,53513,34533,609404,0.5958271703993825,0.49979631071939956,0.9462853013064055,0.6073771885968755,0.7398673903156553,0.4171110203142862,-0.0001880239204488339,0.6077845671580765,0.3926228114031245,0.39221543284192356,0.49979631071939956,0.9462986781886702,0.05365995401510548,0.4041728296006175
logreg,102,source_heldout,240000,60000,0.606925,0.5,28104,8351,15311,8234,0.7235833333333334,0.7102382520941739,0.7709230558222466,0.7734052507017447,0.7721621584493015,0.7104185715457048,0.4208429628506708,0.352928746513397,0.22659474929825527,0.647071253486603,0.8167760153673955,0.8613976543210105,0.7598059133677257,0.15610523594512257
logreg,102,target,240000,1640182,0.606925,0.5,1197308,22648,65398,354828,0.7698572475493574,0.757082284094505,0.9814353960306765,0.7713937438471886,0.8638299161788281,0.5605822858194484,0.2654656316374663,0.25722917565817865,0.22860625615281135,0.7427708243418213,0.8231739817728075,0.9783966909173304,0.412127944700067,0.17524715842968466
tree,102,source_heldout,240000,60000,0.606925,0.5,29535,7238,16424,6803,0.7659833333333333,0.7534471056384329,0.8031708046664673,0.81278551378722,0.8079495561543406,0.7542488295604606,0.5085837457413095,0.3058913025103542,0.18721448621278,0.6941086974896459,0.8661376310870543,0.8912451843845414,0.804502390496741,0.13869860423425576
tree,102,target,240000,1640182,0.606925,0.5,1073944,18630,69416,478192,0.6970933713453751,0.7401598278344061,0.9829485233952117,0.6919135952004206,0.8121449988845658,0.5152765632883375,0.22955657566266183,0.2115939395316085,0.30808640479957944,0.7884060604683916,0.7622437854816742,0.9752308340787033,0.1166884981935032,0.3044496809636308
rf,102,source_heldout,240000,60000,0.606925,0.5,31650,9996,13666,4688,0.7552666666666666,0.7242697750971996,0.759976948566489,0.8709890472783313,0.8117049651210505,0.731109527495788,0.4757238965346249,0.42244949708393204,0.12901095272166876,0.5775505029160679,0.8437714337487988,0.8863382685956305,0.7870102128571892,0.1515918907798005
rf,102,target,240000,1640182,0.606925,0.5,550752,9613,78433,1001384,0.3836068192432303,0.6228266607102244,0.9828451098837365,0.354834885602808,0.5214217650074485,0.3278703010314111,0.11674324494397405,0.10918156418235922,0.645165114397192,0.8908184358176408,0.846265905549832,0.983042118434328,0.54450779770698,0.34007658348102066
xgboost,102,source_heldout,240000,60000,0.606925,0.5,29483,7170,16492,6855,0.76625,0.7541685042591153,0.8043816331541757,0.8113545049259728,0.8078530229754354,0.7547529489784109,0.5095510009676022,0.3030174964077424,0.1886454950740272,0.6969825035922577,0.8667685524947102,0.893617546130735,0.8119945767264379,0.1383521556854248
xgboost,102,target,240000,1640182,0.606925,0.5,1032800,10717,77329,519336,0.6768328148949324,0.771842572242054,0.9897299229432774,0.6654056087868588,0.7957920415402213,0.5108327196109355,0.25471359293142964,0.12172046430275084,0.3345943912131411,0.8782795356972491,0.8644611754030669,0.9894401339981556,0.252120504863218,0.28236329555511475
hgb,102,source_heldout,240000,60000,0.606925,0.5,29489,7173,16489,6849,0.7663,0.7541876696809735,0.8043478260869565,0.8115196213330398,0.8079178082191781,0.7547886913436317,0.509625107808948,0.3031442819710929,0.1884803786669602,0.6968557180289071,0.8668926107739868,0.8936524427040751,0.8118549029260852,0.13814685986383937
hgb,102,target,240000,1640182,0.606925,0.5,1051004,10208,77838,501132,0.6882419146167925,0.7805972835858692,0.9903808098664546,0.6771339624878232,0.8043352817917858,0.518863492269773,0.2646695949244518,0.11593939531608477,0.3228660375121768,0.8840606046839152,0.8391034110877517,0.9830235395745487,0.23978409943150503,0.29476026001921607
mlp,102,source_heldout,240000,60000,0.606925,0.5,29447,7204,16458,6891,0.7650833333333333,0.7529547035122612,0.8034432894054733,0.8103638064835709,0.8068887092575594,0.7535326318404961,0.5071097180787069,0.3044543994590483,0.18963619351642907,0.6955456005409517,0.866312915204577,0.8932091256489503,0.8123958443535373,0.1405879408121109
mlp,102,target,240000,1640182,0.606925,0.5,999468,15836,72210,552668,0.6533896848032719,0.7320350795173381,0.9844027010629329,0.6439306864862357,0.7785716511388776,0.49057291928489793,0.21538114341939943,0.17986052745155942,0.35606931351376425,0.8201394725484406,0.7907692357804663,0.9770321929114179,0.14807025497589535,0.32590386271476746
majority,103,source_heldout,240000,60000,0.6081916666666667,0.5,36433,23567,0,0,0.6072166666666666,0.5,0.6072166666666666,1.0,0.7556127051942799,0.37780635259713996,0.0,1.0,0.0,0.0,0.5,0.6072166666666666,0.3927833333333333,0.3927833333333333
majority,103,target,240000,1640182,0.6081916666666667,0.5,1552136,88046,0,0,0.9463193718745847,0.5,0.9463193718745847,1.0,0.9724194143565897,0.48620970717829487,0.0,1.0,0.0,0.0,0.5,0.9463193718745847,0.05368062812541535,0.05368062812541535
stratified,103,source_heldout,240000,60000,0.6081916666666667,0.5,22159,14264,9303,14274,0.5243666666666666,0.5014796134056639,0.6083793207588611,0.6082123349710428,0.6082958164049632,0.5014794880429703,0.002959005294808411,0.6052531081597149,0.3917876650289573,0.39474689184028516,0.5014796134056639,0.6079238072268439,0.3934923499508068,0.47563333333333335
stratified,103,target,240000,1640182,0.6081916666666667,0.5,944710,53625,34421,607426,0.5969648490228523,0.4997974659859892,0.9462855654665018,0.6086515614611091,0.7408121872391413,0.41756506075584954,-0.0001870655264815886,0.6090566294891306,0.3913484385388909,0.3909433705108693,0.4997974659859893,0.9462987955515176,0.05366007122349076,0.40303515097714765
logreg,103,source_heldout,240000,60000,0.6081916666666667,0.5,28165,8341,15226,8268,0.7231833333333333,0.709567890548054,0.7715170109023174,0.773062882551533,0.7722891731446826,0.7096821229612833,0.41936651296253163,0.35392710145542494,0.22693711744846706,0.6460728985445751,0.8169323638827626,0.8613667159947036,0.7592197470419432,0.15626544533787243
logreg,103,target,240000,1640182,0.6081916666666667,0.5,1199798,22656,65390,352338,0.7713704942500283,0.7578389737297129,0.9814667872983359,0.7729979847126798,0.8648470584843166,0.5617105230378062,0.26676890395376135,0.257320037253254,0.2270020152873202,0.742679962746746,0.8352799914765325,0.9814972048354359,0.43141958561699123,0.17409762694363742
tree,103,source_heldout,240000,60000,0.6081916666666667,0.5,29541,7241,16326,6892,0.76445,0.7517895873539753,0.8031374041650807,0.8108308401723712,0.8069657856996517,0.7524408922085947,0.5049371286736932,0.30725166546442056,0.1891691598276288,0.6927483345355794,0.8647430540734151,0.8902244978726864,0.80045188658291,0.13932046133174264
tree,103,target,240000,1640182,0.6081916666666667,0.5,619166,19022,69024,932970,0.41958148546929547,0.5914330255168398,0.9701937360150927,0.3989122087239778,0.5653647588210694,0.34600482629321794,0.08453682062901478,0.21604615769029825,0.6010877912760222,0.7839538423097018,0.6577074955010905,0.9629956422779256,0.08269766091044281,0.5714935855097525
rf,103,source_heldout,240000,60000,0.6081916666666667,0.5,31712,9911,13656,4721,0.7561333333333333,0.7249369980959987,0.7618864570069432,0.8704196744709467,0.8125448396023368,0.7318493795570333,0.4766356378562251,0.4205456782789494,0.12958032552905333,0.5794543217210506,0.8449587321061893,0.8872679832874981,0.7870869018495528,0.15133459384337059
rf,103,target,240000,1640182,0.6081916666666667,0.5,523092,11214,76832,1029044,0.36576672588773684,0.6048245206784065,0.9790120268160941,0.33701428225361696,0.5014201209523198,0.3150626731258975,0.1008240967558156,0.12736524089680396,0.662985717746383,0.8726347591031961,0.8321618122241734,0.9801809453573764,0.4153466508430922,0.39317360622021574
xgboost,103,source_heldout,240000,60000,0.6081916666666667,0.5,29499,7196,16371,6934,0.7645,0.7521679116650484,0.8038969886905573,0.8096780391403398,0.8067771578601903,0.7526589322327065,0.5053490290996562,0.3053422158102431,0.1903219608596602,0.6946577841897569,0.8651931374284975,0.893181687129874,0.8092454881185313,0.1389789879322052
xgboost,103,target,240000,1640182,0.6081916666666667,0.5,1019622,10659,77387,532514,0.6688337026012967,0.76792682782833,0.9896542787841376,0.6569153733951149,0.789664875966972,0.5057104845973406,0.2498954685294344,0.1210617177384549,0.34308462660488515,0.8789382822615451,0.8452363547817096,0.9878200317975163,0.21909074735008333,0.3128665089607239
hgb,103,source_heldout,240000,60000,0.6081916666666667,0.5,29497,7177,16390,6936,0.7647833333333334,0.7525435700595327,0.8043027758084746,0.8096231438531002,0.8069541904332006,0.7529962132086248,0.5060188007636721,0.3045360037340349,0.19037685614689978,0.6954639962659651,0.8655969282892115,0.8933364381825877,0.8097218682259885,0.13879441436109186
hgb,103,target,240000,1640182,0.6081916666666667,0.5,781184,13519,74527,770952,0.5217171021264714,0.6748756824704707,0.9829886133561846,0.5032961029188164,0.6657329284198873,0.41270042687832426,0.1577339868068271,0.1535447379778752,0.4967038970811836,0.8464552620221248,0.8116941099646716,0.9840216675685005,0.3233425508130031,0.3740499346336047
mlp,103,source_heldout,240000,60000,0.6081916666666667,0.5,29483,7204,16363,6950,0.7641,0.7517786016579409,0.8036361653991877,0.8092388768424231,0.8064277899343545,0.7522539973562558,0.50453726538715,0.30568167352654135,0.19076112315757693,0.6943183264734587,0.8641934827642744,0.8922506627641705,0.8083073281736217,0.13893766701221466
mlp,103,target,240000,1640182,0.6081916666666667,0.5,980700,10722,77324,571436,0.6450649988842702,0.7550308548827316,0.9891852309107524,0.631838962565136,0.7711245428647587,0.4905071280160662,0.23511000735390195,0.1217772527996729,0.36816103743486395,0.8782227472003271,0.8209493309103818,0.9821557329949165,0.1519096473861263,0.35684072971343994
majority,104,source_heldout,240000,60000,0.6073291666666667,0.5,36608,23392,0,0,0.6101333333333333,0.5,0.6101333333333333,1.0,0.7578668433256045,0.37893342166280225,0.0,1.0,0.0,0.0,0.5,0.6101333333333333,0.38986666666666664,0.38986666666666664
majority,104,target,240000,1640182,0.6073291666666667,0.5,1552136,88046,0,0,0.9463193718745847,0.5,0.9463193718745847,1.0,0.9724194143565897,0.48620970717829487,0.0,1.0,0.0,0.0,0.5,0.9463193718745847,0.05368062812541535,0.05368062812541535
stratified,104,source_heldout,240000,60000,0.6073291666666667,0.5,22268,14110,9282,14340,0.5258333333333334,0.502542334119369,0.6121282093573038,0.6082823426573427,0.6101992162880553,0.5025301607453805,0.005075824045079665,0.6031976744186046,0.39171765734265734,0.39680232558139533,0.502542334119369,0.611346781194505,0.3910856907140171,0.4741666666666667
stratified,104,target,240000,1640182,0.6073291666666667,0.5,943329,53547,34499,608807,0.5961704249894219,0.49979554545169147,0.9462851949490207,0.6077618198405295,0.7401526552248479,0.4172478674455002,-0.00018876310042742345,0.6081707289371465,0.39223818015947054,0.39182927106285353,0.49979554545169147,0.9462986004441074,0.05365987643846867,0.4038295750105781
logreg,104,source_heldout,240000,60000,0.6073291666666667,0.5,28233,8255,15137,8375,0.7228333333333333,0.7091632210342667,0.7737612365709274,0.7712248688811189,0.7724909707781548,0.7089684940876959,0.41794311929284333,0.3528984268125855,0.22877513111888112,0.6471015731874145,0.815699912563123,0.8624737869850092,0.7551856124832681,0.1569293532147585
logreg,104,target,240000,1640182,0.6073291666666667,0.5,1227652,27999,60047,324484,0.7850951906556711,0.7364696760225257,0.9777016065769868,0.7909435771092224,0.8744623434754845,0.564294063076085,0.2516083218357038,0.318004225064171,0.2090564228907776,0.681995774935829,0.8249999538546082,0.9789339941918074,0.4413322815478876,0.15582581557889194
tree,104,source_heldout,240000,60000,0.6073291666666667,0.5,29699,7168,16224,6909,0.7653833333333333,0.7524206059629495,0.8055713781973038,0.8112707604895105,0.8084110241578768,0.7529212563024741,0.5058731175024868,0.3064295485636115,0.1887292395104895,0.6935704514363885,0.8645119252814826,0.8885682972621066,0.7890208606420064,0.13918851088435463
tree,104,target,240000,1640182,0.6073291666666667,0.5,1008251,11969,76077,543885,0.6611022435315105,0.7568245180886681,0.988268216659152,0.6495893401093719,0.7839124911170926,0.49940842124017704,0.2387573373268475,0.13594030393203552,0.35041065989062814,0.8640596960679645,0.7655884635708713,0.9757928901764281,0.11638945164907535,0.3504932536216957
rf,104,source_heldout,240000,60000,0.6073291666666667,0.5,31852,9852,13540,4756,0.7565333333333333,0.7244567056575435,0.7637636677536926,0.870083041958042,0.8134640923485545,0.7315257517969984,0.47557315030653596,0.4211696306429549,0.12991695804195805,0.5788303693570451,0.8436830646949558,0.8875705757682297,0.7837638367477333,0.15214188865557973
rf,104,target,240000,1640182,0.6073291666666667,0.5,744742,8495,79551,807394,0.5025619108123367,0.6916669169746716,0.988722009141877,0.4798174902199292,0.646092411076212,0.4046377279213895,0.1733734880053843,0.09648365627058583,0.5201825097800709,0.9035163437294141,0.85380699548193,0.9838023792360355,0.5566955867939074,0.3467081665166164
xgboost,104,source_heldout,240000,60000,0.6073291666666667,0.5,29662,7102,16290,6946,0.7658666666666667,0.7533259906560608,0.8068218909803069,0.8102600524475524,0.8085373166875648,0.7536295573744078,0.5072702136269631,0.3036080711354309,0.18973994755244755,0.6963919288645691,0.8656004090206189,0.8944601659491479,0.8075253264316689,0.1387385129928589
xgboost,104,target,240000,1640182,0.6073291666666667,0.5,1052307,8808,79238,499829,0.6898899024620438,0.7889674173010897,0.9916992974371298,0.6779734507800863,0.8053623628193388,0.5214586598878282,0.27255423737713436,0.100038616177907,0.3220265492199137,0.899961383822093,0.8445590095361111,0.9878709369570083,0.21135758979889308,0.2862875759601593
hgb,104,source_heldout,240000,60000,0.6073291666666667,0.5,29678,7115,16277,6930,0.7659166666666667,0.7532666493475745,0.8066208246133776,0.8106971153846154,0.8086538330540456,0.753626257714602,0.5072681303133297,0.30416381668946646,0.1893028846153846,0.6958361833105335,0.8658330541355287,0.8944337243998242,0.8075357639197489,0.13859339456243736
hgb,104,target,240000,1640182,0.6073291666666667,0.5,908994,13193,74853,643142,0.5998401396918147,0.7178992816505367,0.9856937909556305,0.5856406912796301,0.7347415838595042,0.4602357950747534,0.19798636747607617,0.14984212797855667,0.41435930872036986,0.8501578720214433,0.8242788971703893,0.9828700811586053,0.2464062245549002,0.33404419812216624
mlp,104,source_heldout,240000,60000,0.6073291666666667,0.5,29637,7133,16259,6971,0.7649333333333334,0.7523219155374379,0.8060103345118304,0.8095771416083916,0.8077898007577203,0.7526358381335683,0.5052836294352165,0.30493331053351574,0.19042285839160839,0.6950666894664843,0.8644757314741144,0.8935108920434597,0.8068783660305472,0.14028890430927277
mlp,104,target,240000,1640182,0.6073291666666667,0.5,1038511,9705,78341,513625,0.6809317502569837,0.779429290938362,0.9907414120753738,0.6690850544024493,0.7987464773999827,0.5145785586061107,0.26226953823937943,0.11022647252572519,0.33091494559755075,0.8897735274742749,0.8316379793178661,0.9837670880199099,0.14290269737146788,0.3300025463104248
majority,105,source_heldout,240000,60000,0.6069166666666667,0.5,36380,23620,0,0,0.6063333333333333,0.5,0.6063333333333333,1.0,0.7549284083834821,0.37746420419174104,0.0,1.0,0.0,0.0,0.5,0.6063333333333333,0.39366666666666666,0.39366666666666666
majority,105,target,240000,1640182,0.6069166666666667,0.5,1552136,88046,0,0,0.9463193718745847,0.5,0.9463193718745847,1.0,0.9724194143565897,0.48620970717829487,0.0,1.0,0.0,0.0,0.5,0.9463193718745847,0.05368062812541535,0.05368062812541535
stratified,105,source_heldout,240000,60000,0.6069166666666667,0.5,22142,14208,9412,14238,0.5259,0.5035534919531766,0.6091334250343879,0.608631115997801,0.6088821669187405,0.5035525706605549,0.007105405140680687,0.601524132091448,0.391368884002199,0.39847586790855205,0.5035534919531766,0.6080375562702424,0.39538160121586857,0.4741
stratified,105,target,240000,1640182,0.6069166666666667,0.5,942716,53512,34534,609420,0.5958180250728273,0.4997968353815721,0.9462853884853668,0.6073668802218363,0.7398597688556265,0.41710748005622855,-0.00018753873367029767,0.6077732094586921,0.3926331197781638,0.39222679054130793,0.4997968353815721,0.9462987314894961,0.05366000721466939,0.4041819749271727
logreg,105,source_heldout,240000,60000,0.6069166666666667,0.5,28094,8299,15321,8286,0.7235833333333334,0.7104413545234026,0.7719616409749127,0.7722374931280923,0.7720995424127081,0.7104616542393648,0.4209233803147908,0.35135478408128706,0.22776250687190763,0.6486452159187129,0.8160849322398486,0.860500940955449,0.7584899512014427,0.15675858810498358
logreg,105,target,240000,1640182,0.6069166666666667,0.5,1197703,22914,65132,354433,0.7699358973577323,0.7556989540807695,0.9812275267344303,0.7716482318559714,0.8639089020911708,0.5602653032532798,0.2641735395521618,0.26025032369443246,0.2283517681440286,0.7397496763055675,0.8281667147167162,0.9794931851022559,0.42701593647627,0.17335776627454594
tree,105,source_heldout,240000,60000,0.6069166666666667,0.5,29482,7134,16486,6898,0.7661333333333333,0.754179074116055,0.8051671400480664,0.8103903243540407,0.807770288782947,0.7546212519567871,0.5092678172472964,0.30203217612193056,0.18960967564595932,0.6979678238780694,0.8654191473807151,0.8893407436505938,0.7955810381289229,0.13922565536770418
tree,105,target,240000,1640182,0.6069166666666667,0.5,521183,17776,70270,1030953,0.3606020551377835,0.5669449499997101,0.9670178993207276,0.3357843642567404,0.4984785483203776,0.30832599045397935,0.06424687635851559,0.20189446425732005,0.6642156357432596,0.79810553574268,0.5734647158519164,0.9556417606946159,0.06267828359273343,0.639908442599707
rf,105,source_heldout,240000,60000,0.6069166666666667,0.5,31648,9934,13686,4732,0.7555666666666667,0.7246763744629904,0.7610985522581887,0.8699285321605278,0.8118827120905057,0.7315039422767576,0.4759756936970461,0.420575783234547,0.13007146783947224,0.579424216765453,0.843210154922241,0.8861736110681528,0.7861233231149936,0.1521696381848807
rf,105,target,240000,1640182,0.6069166666666667,0.5,561765,10176,77870,990371,0.3899780634100362,0.6231771600306315,0.9822079550163391,0.36193026899704667,0.5289497508800293,0.33181974743113796,0.11651172902143277,0.11557594893578357,0.6380697310029534,0.8844240510642164,0.8397836998491223,0.982702288902861,0.4043627661639784,0.35057324703002246
xgboost,105,source_heldout,240000,60000,0.6069166666666667,0.5,29469,7100,16520,6911,0.7664833333333333,0.7547201335605582,0.8058464819929448,0.8100329851566795,0.8079343102715596,0.755075526902586,0.5101672892333436,0.3005927180355631,0.18996701484332051,0.6994072819644369,0.8664755294918303,0.8937285277765393,0.8108326224951106,0.13870322704315186
xgboost,105,target,240000,1640182,0.6069166666666667,0.5,1037648,10988,77058,514488,0.6796233588711497,0.7718653227939202,0.989521626188687,0.668529046423767,0.7979538383218522,0.5123655405690651,0.2552095195309192,0.12479840083592668,0.331470953576233,0.8752015991640734,0.8509144600463454,0.986569135766288,0.2740827733421006,0.29940903186798096
hgb,105,source_heldout,240000,60000,0.6069166666666667,0.5,29453,7095,16525,6927,0.7663,0.7546060750223789,0.8058717303272409,0.8095931830676196,0.8077281702501097,0.7549220388979985,0.5098568995637851,0.30038103302286195,0.19040681693238043,0.699618966977138,0.866312191636964,0.8935141321799831,0.8103947605039399,0.13856497885703914
hgb,105,target,240000,1640182,0.6069166666666667,0.5,1059350,10741,77305,492786,0.69300541037519,0.780259009764861,0.9899625358964799,0.6825110686176985,0.807977341397217,0.5214490171006494,0.2652936359175872,0.12199304908797674,0.31748893138230155,0.8780069509120233,0.8423024136989674,0.9861003714439075,0.24173177060489118,0.2846706011574909
mlp,105,source_heldout,240000,60000,0.6069166666666667,0.5,29444,7121,16499,6936,0.7657166666666667,0.7539319996518079,0.8052509230138111,0.8093457943925234,0.8072931660840359,0.754278821911426,0.5085731810706097,0.3014817950889077,0.19065420560747665,0.6985182049110923,0.8657967520140915,0.8931092078710345,0.8108215946810933,0.14171354472637177
mlp,105,target,240000,1640182,0.6069166666666667,0.5,1079267,14073,73973,472869,0.7031170931030825,0.767753079642234,0.9871284321437065,0.695343062721308,0.8159340700879539,0.5244804988360159,0.25602101882222833,0.15983690343683984,0.3046569372786921,0.8401630965631601,0.8302128153804366,0.983685226326364,0.2676947212994836,0.279813289642334
majority,106,source_heldout,240000,60000,0.6052166666666666,0.5,36210,23790,0,0,0.6035,0.5,0.6035,1.0,0.7527284066105394,0.3763642033052697,0.0,1.0,0.0,0.0,0.5,0.6035,0.3965,0.3965
majority,106,target,240000,1640182,0.6052166666666666,0.5,1552136,88046,0,0,0.9463193718745847,0.5,0.9463193718745847,1.0,0.9724194143565897,0.48620970717829487,0.0,1.0,0.0,0.0,0.5,0.9463193718745847,0.05368062812541535,0.05368062812541535
stratified,106,source_heldout,240000,60000,0.6052166666666666,0.5,21894,14348,9442,14316,0.5222666666666667,0.5007645258341334,0.6041057336791568,0.6046396023198012,0.6043725501021366,0.5007645538430259,0.0015294054284788689,0.6031105506515343,0.3953603976801988,0.39688944934846576,0.5007645258341334,0.6038662505708771,0.3968667360081466,0.47773333333333334
stratified,106,target,240000,1640182,0.6052166666666666,0.5,940016,53365,34681,612120,0.5942614904931282,0.4997618571423854,0.9462794235041742,0.6056273419339543,0.7385658787586176,0.41647779762871306,-0.0002196564657722559,0.6061036276491834,0.39437265806604577,0.3938963723508166,0.4997618571423854,0.9462951780491984,0.05365646093211918,0.4057385095068718
logreg,106,source_heldout,240000,60000,0.6052166666666666,0.5,28010,8531,15259,8200,0.72115,0.7074735856724801,0.7665362195889549,0.7735432201049434,0.7700237797418592,0.70796052370445,0.41596743294314587,0.3585960487599832,0.2264567798950566,0.6414039512400168,0.8139356027534956,0.8580405790117773,0.7571811277124876,0.1571328750801213
logreg,106,target,240000,1640182,0.6052166666666666,0.5,1190982,20994,67052,361154,0.7670087831716237,0.7644372645948325,0.9826778748094022,0.7673180700660251,0.8617465573030326,0.5607555841922213,0.2713932043849275,0.23844354087636008,0.23268192993397485,0.7615564591236399,0.8335786615064777,0.9809183877676009,0.41509348113014716,0.1900234304523586
tree,106,source_heldout,240000,60000,0.6052166666666666,0.5,29370,7344,16446,6840,0.7636,0.7512003853101548,0.7999673149207387,0.8111019055509527,0.8054961329603423,0.7520980537348232,0.5043110474845873,0.3087011349306431,0.18889809444904723,0.6912988650693569,0.8640437141057158,0.883703625960413,0.7812744969767075,0.1394519094594023
tree,106,target,240000,1640182,0.6052166666666666,0.5,301334,11848,76198,1250802,0.2301768950031155,0.529787735224634,0.9621689624563353,0.19414149275578943,0.3230912906003159,0.21539407142906117,0.03416278939732306,0.1345660223065216,0.8058585072442106,0.8654339776934784,0.5920962784974676,0.956000263084227,0.06654973690794035,0.6891471611006627
rf,106,source_heldout,240000,60000,0.6052166666666666,0.5,31513,10122,13668,4697,0.7530166666666667,0.7224057820204615,0.7568872342980665,0.8702844518088926,0.8096345301560793,0.7290492660269188,0.47213130972166767,0.4254728877679697,0.12971554819110742,0.5745271122320302,0.8425900069871711,0.884385090463313,0.7859430965027479,0.15166107500546328
rf,106,target,240000,1640182,0.6052166666666666,0.5,501340,9362,78684,1050796,0.35363392599114,0.6083346323754081,0.9816683702041503,0.3230000463876877,0.48606822251674636,0.30766024655240387,0.10546150359168381,0.10633078163687164,0.6769999536123124,0.8936692183631284,0.8426219423686538,0.9818363152486371,0.5553769494909883,0.38572966221131505
xgboost,106,source_heldout,240000,60000,0.6052166666666666,0.5,29360,7313,16477,6850,0.76395,0.7517138361658714,0.8005889891745971,0.8108257387462027,0.8056748487301566,0.7525413528834475,0.5051797150601058,0.3073980664144599,0.1891742612537973,0.6926019335855401,0.8646933346984959,0.8912004646562672,0.8098809597366472,0.13916750252246857
xgboost,106,target,240000,1640182,0.6052166666666666,0.5,887971,8419,79627,664165,0.5899333122787593,0.7382378298170292,0.9906078827296154,0.572096130751429,0.7253106562887223,0.45837949559042634,0.21571789226114535,0.09562047111737046,0.427903869248571,0.9043795288826295,0.8357203689467987,0.9866876613167034,0.21816452979787165,0.36212772130966187
hgb,106,source_heldout,240000,60000,0.6052166666666666,0.5,29354,7310,16480,6856,0.7639,0.7516940378268424,0.8006218634082479,0.8106600386633527,0.8056096824656256,0.7525056433378079,0.5051045456628043,0.3072719630096679,0.18933996133664732,0.692728036990332,0.8645075373571034,0.8910720855895079,0.8093786206684258,0.1390781668255605
hgb,106,target,240000,1640182,0.6052166666666666,0.5,984914,10283,77763,567222,0.6479018791817006,0.7588813540355981,0.9896673723895872,0.6345539308411119,0.773290339347074,0.4927293598373909,0.238902740630357,0.11679122276991573,0.36544606915888816,0.8832087772300843,0.8541988448477443,0.986633537017705,0.24105571518399305,0.3288304575755709
mlp,106,source_heldout,240000,60000,0.6052166666666666,0.5,29333,7350,16440,6877,0.7628833333333334,0.7505633733165753,0.7996347081754491,0.8100800883733775,0.8048235084301648,0.751404472919309,0.5029100414408731,0.308953341740227,0.18991991162662247,0.691046658259773,0.8636654265279633,0.8904942553041851,0.8091694251513186,0.13913056254386902
mlp,106,target,240000,1640182,0.6052166666666666,0.5,628895,13601,74445,923241,0.42881826529007144,0.6253521378469578,0.9788309966132085,0.40518034502131256,0.5731211428613089,0.3551272158696136,0.11575753999678394,0.15447606932739705,0.5948196549786874,0.845523930672603,0.780415679897224,0.9781816599990563,0.13780534874235995,0.4801976978778839
majority,107,source_heldout,240000,60000,0.6071833333333333,0.5,36344,23656,0,0,0.6057333333333333,0.5,0.6057333333333333,1.0,0.7544631736278335,0.3772315868139168,0.0,1.0,0.0,0.0,0.5,0.6057333333333333,0.39426666666666665,0.39426666666666665
majority,107,target,240000,1640182,0.6071833333333333,0.5,1552136,88046,0,0,0.9463193718745847,0.5,0.9463193718745847,1.0,0.9724194143565897,0.48620970717829487,0.0,1.0,0.0,0.0,0.5,0.9463193718745847,0.05368062812541535,0.05368062812541535
stratified,107,source_heldout,240000,60000,0.6071833333333333,0.5,22092,14275,9381,14252,0.52455,0.5022086279820728,0.6074738086726977,0.6078582434514638,0.6076659652597268,0.5022089262954093,0.004418007183668219,0.6034409874873182,0.3921417565485362,0.3965590125126818,0.5022086279820728,0.60679129561589,0.3953287640043499,0.47545
stratified,107,target,240000,1640182,0.6071833333333333,0.5,943135,53532,34514,609001,0.5960612907591962,0.4998182336733988,0.9462889811742538,0.6076368307931779,0.7400611188860026,0.41720912691721057,-0.00016780648893398076,0.6080003634463803,0.39236316920682207,0.3919996365536197,0.4998182336733988,0.94630090536575,0.053662177215992764,0.4039387092408038
logreg,107,source_heldout,240000,60000,0.6071833333333333,0.5,28076,8472,15184,8268,0.721,0.7071869553556215,0.7681952500820838,0.7725071538630861,0.7703451681940405,0.7074957563819825,0.41500914891665175,0.3581332431518431,0.22749284613691392,0.6418667568481569,0.8140140389096382,0.8592009612317041,0.7568995663668453,0.15727660990135905
logreg,107,target,240000,1640182,0.6071833333333333,0.5,1213412,28077,59969,338724,0.7763656716144915,0.7314394988540448,0.9773844150048853,0.7817691233242448,0.8687007024922815,0.5575560117746786,0.2432184037259549,0.3188901256161552,0.21823087667575522,0.6811098743838448,0.8275644693949735,0.9803655084940699,0.44431197106204634,0.15163782370807788
tree,107,source_heldout,240000,60000,0.6071833333333333,0.5,29367,7264,16392,6977,0.76265,0.7504804306364665,0.8016980153421965,0.8080288355712084,0.8048509763617677,0.7510060304456366,0.5020492965833592,0.30706797429827526,0.19197116442879156,0.6929320257017247,0.8633564154255234,0.8839335679663761,0.7798028931183156,0.13988045059122972
tree,107,target,240000,1640182,0.6071833333333333,0.5,682860,11490,76556,869276,0.4630071540841199,0.6547242976408261,0.983452149492331,0.4399485612085539,0.6079361278013751,0.378015485356604,0.14116011231411774,0.13049996592690186,0.5600514387914461,0.8695000340730982,0.6734205557166447,0.9666855811314206,0.0808967108331967,0.5316410856955487
rf,107,source_heldout,240000,60000,0.6071833333333333,0.5,31385,9967,13689,4959,0.7512333333333333,0.7211115392234024,0.7589717546914296,0.8635538190622937,0.8078922981878089,0.7275325711816503,0.46694317429663756,0.4213307406154887,0.13644618093770636,0.5786692593845113,0.840956940661552,0.8840133917484327,0.7838601451340972,0.15282778713617506
rf,107,target,240000,1640182,0.6071833333333333,0.5,636897,10457,77589,915239,0.43561385260903973,0.6457841793125196,0.9838465507280406,0.41033582108784283,0.5791315259446508,0.36134933811614417,0.13444732533881337,0.11876746246280354,0.5896641789121572,0.8812325375371964,0.8448535707733159,0.981485607148887,0.47936329574480874,0.3371661524344504
xgboost,107,source_heldout,240000,60000,0.6071833333333333,0.5,29374,7255,16401,6970,0.7629166666666667,0.7507669592205426,0.80193289470092,0.8082214395773718,0.8050648870130048,0.7512895404933397,0.5026158133140598,0.3066875211362868,0.19177856042262822,0.6933124788637133,0.8639448426939185,0.8914524916403758,0.8087103118781803,0.1396176815032959
xgboost,107,target,240000,1640182,0.6071833333333333,0.5,1055303,10488,77558,496833,0.6906922524451555,0.7803920714312376,0.9901594215000877,0.6799036940061953,0.8062127018820616,0.5201861638138021,0.2649571162963444,0.11911955114372033,0.3200963059938047,0.8808804488562797,0.8521680161522555,0.9891528506939808,0.21599496452707528,0.2853911221027374
hgb,107,source_heldout,240000,60000,0.6071833333333333,0.5,29352,7235,16421,6992,0.7628833333333334,0.7508870215178286,0.8022521660699156,0.8076161127008584,0.8049252032743278,0.7513334083252177,0.5026935075886453,0.3058420696652012,0.19238388729914155,0.6941579303347988,0.8641183871709559,0.8914614612097534,0.8089999203880088,0.139440854699532
hgb,107,target,240000,1640182,0.6071833333333333,0.5,1084941,11385,76661,467195,0.7082153078134011,0.7848456313640407,0.9896153151526097,0.6989986702196199,0.8192988987570899,0.530967311958502,0.27273912384028487,0.12930740749153852,0.3010013297803801,0.8706925925084615,0.8275605646607821,0.9848297738385998,0.2534301291293398,0.27553436244028684
mlp,107,source_heldout,240000,60000,0.6071833333333333,0.5,29342,7260,16396,7002,0.7623,0.7502210400582835,0.8016501830501066,0.8073409641206252,0.8044855098291888,0.7506934711130047,0.5014170085892995,0.3068988840040582,0.19265903587937486,0.6931011159959418,0.8631586971637496,0.8908941790169558,0.8081952299035041,0.14005544781684875
mlp,107,target,240000,1640182,0.6071833333333333,0.5,1077882,13761,74285,474254,0.7024628974101654,0.7690787213890327,0.98739423053141,0.6944507440069685,0.8154100626413933,0.5243980102630217,0.2570898789778916,0.1562933012289031,0.30554925599303157,0.8437066987710969,0.8290866077869395,0.9841146941680996,0.2474551318315739,0.2934831380844116
majority,108,source_heldout,240000,60000,0.6059,0.5,36524,23476,0,0,0.6087333333333333,0.5,0.6087333333333333,1.0,0.7567858770875637,0.37839293854378186,0.0,1.0,0.0,0.0,0.5,0.6087333333333333,0.39126666666666665,0.39126666666666665
majority,108,target,240000,1640182,0.6059,0.5,1552136,88046,0,0,0.9463193718745847,0.5,0.9463193718745847,1.0,0.9724194143565897,0.48620970717829487,0.0,1.0,0.0,0.0,0.5,0.9463193718745847,0.05368062812541535,0.05368062812541535
stratified,108,source_heldout,240000,60000,0.6059,0.5,22135,14147,9329,14389,0.5244,0.5017122135783987,0.6100821343917094,0.6060398641988829,0.608054281240557,0.5017005736838036,0.003418255396474569,0.6026154370420855,0.39396013580111705,0.39738456295791447,0.5017122135783987,0.6095507605435829,0.392086587732287,0.4756
stratified,108,target,240000,1640182,0.6059,0.5,941082,53411,34635,611054,0.5948833726988834,0.49984402780004067,0.9462932368553625,0.6063141374209476,0.7390805649350572,0.41674397317330114,-0.00014390780052475258,0.6066260818208664,0.39368586257905236,0.39337391817913364,0.49984402780004067,0.9463035258429484,0.053664793538864795,0.4051166273011166
logreg,108,source_heldout,240000,60000,0.6059,0.5,28307,8433,15043,8217,0.7225,0.7079033583213414,0.7704681545998912,0.7750246413317271,0.7727396811530902,0.7082416310592565,0.4165031464672559,0.3592179246890441,0.22497535866827292,0.6407820753109559,0.8150392471089529,0.8613614985937689,0.7543862811341334,0.15661318648438785
logreg,108,target,240000,1640182,0.6059,0.5,1235708,28250,59796,316428,0.7898538089065725,0.7376394181659258,0.9776495737991294,0.7961338439415103,0.8776042276997856,0.5675978577058387,0.2547877874584319,0.32085500760965857,0.20386615605848973,0.6791449923903414,0.8261149111617755,0.9787889063337444,0.4260621843915971,0.14836378081062995
tree,108,source_heldout,240000,60000,0.6059,0.5,29728,7321,16155,6796,0.7647166666666667,0.7510400828970581,0.8023968258252584,0.8139305662030446,0.8081225449553505,0.752026895929546,0.5041795556324704,0.31185040040892825,0.18606943379695542,0.6881495995910717,0.8642833631437108,0.8918354160060882,0.8009806965798771,0.13876780973378472
tree,108,target,240000,1640182,0.6059,0.5,611491,17290,70756,940645,0.4159581070881158,0.5987963938579088,0.9725023497847423,0.39396741007231323,0.5607650359917411,0.3447385078707804,0.0915966088616147,0.19637462235649547,0.6060325899276867,0.8036253776435045,0.6154442161940535,0.9600485976655782,0.06967895320491371,0.5855214286598149
rf,108,source_heldout,240000,60000,0.6059,0.5,31899,10066,13410,4625,0.75515,0.7222963036892125,0.7601334445371143,0.873370934180265,0.8128272751595765,0.7294605408102572,0.473218557606322,0.4287783268018402,0.12662906581973496,0.5712216731981599,0.8438000310562606,0.8876398620209764,0.7837017265766952,0.15257146897624305
rf,108,target,240000,1640182,0.6059,0.5,617778,10852,77194,934358,0.4237163924491306,0.637382101734836,0.9827370631372986,0.3980179571893185,0.5665697282514492,0.3534868834091355,0.12737617257484485,0.12325375371964654,0.6019820428106816,0.8767462462803535,0.8513535972393833,0.9824984450051487,0.5658054823519177,0.3309094051362853
xgboost,108,source_heldout,240000,60000,0.6059,0.5,29685,7254,16222,6839,0.7651166666666667,0.7518784181269886,0.8036221879314546,0.8127532581316395,0.8081619318568531,0.7526638139848119,0.505406165114184,0.3089964218776623,0.18724674186836052,0.6910035781223377,0.8651325125738856,0.894061615952351,0.8069068970703078,0.13838505744934082
xgboost,108,target,240000,1640182,0.6059,0.5,1045274,10857,77189,506862,0.6843527120770744,0.7750658667301525,0.9897200252620176,0.6734422756768736,0.8015084345276001,0.5156022228344246,0.2589417729889542,0.1233105422165686,0.3265577243231263,0.8766894577834314,0.8738702482805987,0.9904074545363583,0.2615323553998494,0.2625978887081146
hgb,108,source_heldout,240000,60000,0.6059,0.5,29688,7251,16225,6836,0.7652166666666667,0.7519833820549451,0.8037034029074961,0.8128353959040631,0.8082436056246002,0.7527691157031182,0.5056167802859733,0.3088686317941728,0.1871646040959369,0.6911313682058272,0.8654612590131125,0.8941924364785626,0.8073089235722176,0.13808646443955078
hgb,108,target,240000,1640182,0.6059,0.5,1025505,10631,77415,526631,0.6724375709524919,0.7699809659433432,0.9897397638919987,0.6607056340423777,0.7924244437987971,0.5080687380851079,0.2523129002366176,0.12074370215569134,0.33929436595762225,0.8792562978443087,0.8537156530672679,0.984183409316304,0.46337417408970805,0.29309111009532285
mlp,108,source_heldout,240000,60000,0.6059,0.5,29677,7287,16189,6847,0.7644333333333333,0.7510660556378981,0.80286224434585,0.8125342240718432,0.8076692793381233,0.7518953551833375,0.5038789284230218,0.310402112796047,0.18746577592815683,0.689597887203953,0.8652185864936075,0.8937896781318975,0.8080149174986825,0.13882587850093842
mlp,108,target,240000,1640182,0.6059,0.5,1041210,9306,78740,510926,0.6828205650348559,0.7825645989727734,0.9911414961790206,0.6708239484168913,0.8001146522854381,0.5162423722980181,0.2654379826654868,0.10569475047134452,0.3291760515831087,0.8943052495286554,0.8337649573177164,0.9847237733974387,0.14186529772554354,0.3140302300453186
majority,109,source_heldout,240000,60000,0.6084375,0.5,36221,23779,0,0,0.6036833333333333,0.5,0.6036833333333333,1.0,0.7528709948971638,0.3764354974485819,0.0,1.0,0.0,0.0,0.5,0.6036833333333333,0.39631666666666665,0.39631666666666665
majority,109,target,240000,1640182,0.6084375,0.5,1552136,88046,0,0,0.9463193718745847,0.5,0.9463193718745847,1.0,0.9724194143565897,0.48620970717829487,0.0,1.0,0.0,0.0,0.5,0.9463193718745847,0.05368062812541535,0.05368062812541535
stratified,109,source_heldout,240000,60000,0.6084375,0.5,21998,14440,9339,14223,0.5222833333333333,0.5000343678496498,0.6037104122070366,0.6073272411032274,0.6055134257284025,0.5000275774424738,6.884557403360987e-05,0.6072585054039278,0.3926727588967726,0.39274149459607216,0.5000343678496497,0.6036997790709917,0.39633311340432553,0.4777166666666667
stratified,109,target,240000,1640182,0.6084375,0.5,945090,53651,34395,607046,0.5971806787295556,0.49977222784758357,0.9462813682426174,0.6088963853682925,0.7409922156183932,0.41764568004283475,-0.00021039989819214545,0.6093519296731255,0.3911036146317075,0.3906480703268746,0.4997722278475835,0.9462962316004491,0.053657512430718375,0.4028193212704444
logreg,109,source_heldout,240000,60000,0.6084375,0.5,27910,8543,15236,8311,0.7191,0.7056404463527405,0.7656434312676598,0.7705474724607272,0.7680876241847153,0.7059810136306242,0.4119847261772953,0.35926657975524623,0.2294525275392728,0.6407334202447538,0.8125932699302683,0.8582340241315023,0.7562580248076458,0.15724389821836315
logreg,109,target,240000,1640182,0.6084375,0.5,1227935,27996,60050,324201,0.7852695615486575,0.7365778772633562,0.9777089664957709,0.7911259064927301,0.8745767105984295,0.5644329274646107,0.2517870759046037,0.31797015196601774,0.20887409350727,0.6820298480339823,0.8237847878616026,0.9781378870840243,0.4244673296582494,0.15599524241770132
tree,109,source_heldout,240000,60000,0.6084375,0.5,29360,7321,16458,6861,0.7636333333333334,0.7513514000772408,0.8004143834682805,0.8105794980812236,0.8054648706482676,0.7521740252005616,0.5044437798505375,0.3078766979267421,0.1894205019187764,0.6921233020732579,0.8643751183553634,0.8839865735337031,0.7805493876615965,0.13911985560193524
tree,109,target,240000,1640182,0.6084375,0.5,988363,19544,68502,563773,0.6443583699857699,0.7074005765832797,0.9806093220902325,0.6367760299355211,0.7721456241164699,0.48117208030114333,0.19208631294482106,0.2219748767689617,0.3632239700644789,0.7780251232310383,0.7038870422632059,0.9683797557601219,0.09845025698488623,0.37305840288357467
rf,109,source_heldout,240000,60000,0.6084375,0.5,31487,10082,13697,4734,0.7530666666666667,0.7226573931903724,0.7574634944309462,0.8693023384224621,0.8095385010926854,0.729265815341415,0.4721553220187376,0.4239875520417175,0.1306976615775379,0.5760124479582825,0.8432485024637068,0.8852376838191862,0.7868878123831397,0.1518636982526149
rf,109,target,240000,1640182,0.6084375,0.5,482157,7407,80639,1069979,0.343130213598247,0.6132572348243307,0.9848702110449298,0.3106409489890061,0.4723093500514277,0.3012562683553012,0.11156946019313187,0.08412647934034483,0.6893590510109939,0.9158735206596552,0.8525422857168032,0.9833796129706673,0.5270977680159273,0.3692834375310871
xgboost,109,source_heldout,240000,60000,0.6084375,0.5,29352,7281,16498,6869,0.7641666666666667,0.7520820451654475,0.8012447792973548,0.8103586317329726,0.8057759354325088,0.752822214524043,0.505721245241974,0.30619454140207747,0.1896413682670274,0.6938054585979225,0.8649627811839069,0.8919823842119509,0.8102261547238946,0.1387331634759903
xgboost,109,target,240000,1640182,0.6084375,0.5,918820,8657,79389,633316,0.6085964850242229,0.7468238592648899,0.9906660758164353,0.5919713221006406,0.741099518352259,0.4696929385165237,0.22445555508566792,0.09832360357086069,0.4080286778993593,0.9016763964291393,0.8283659931873114,0.9857911595861643,0.2129870582210054,0.34307822585105896
hgb,109,source_heldout,240000,60000,0.6084375,0.5,29365,7304,16475,6856,0.764,0.7517778790725604,0.80081267555701,0.8107175395488805,0.8057346686788311,0.7525807709770721,0.5052523800392008,0.3071617814037596,0.18928246045111952,0.6928382185962404,0.8652343958691825,0.8920280151929616,0.8106008730977741,0.1385845555077376
hgb,109,target,240000,1640182,0.6084375,0.5,945150,10125,77921,606986,0.6237545589452878,0.7469691677537557,0.9894009578393657,0.6089350417746898,0.7538851827642138,0.4777520843266973,0.2257420302134411,0.11499670626717852,0.3910649582253102,0.8850032937328215,0.8059206577702425,0.9815240668392078,0.20446352473440826,0.36037758773401635
mlp,109,source_heldout,240000,60000,0.6084375,0.5,29329,7307,16472,6892,0.76335,0.7512178489193206,0.8005513702369255,0.8097236409817509,0.8051113825713384,0.7519606930886941,0.5039992334145299,0.3072879431431095,0.19027635901824907,0.6927120568568905,0.8649897445215083,0.8917279155518635,0.8113241013967378,0.13537847995758057
mlp,109,target,240000,1640182,0.6084375,0.5,957911,7084,80962,594225,0.6333888556269975,0.7683493363513962,0.9926590293213955,0.6171566151419721,0.7611133469016909,0.48663437187321446,0.2457964776350223,0.08045794243917952,0.3828433848580279,0.9195420575608205,0.8355698542029979,0.9850583441379314,0.14240281732083127,0.35650435090065
majority,110,source_heldout,240000,60000,0.6074958333333333,0.5,36441,23559,0,0,0.60735,0.5,0.60735,1.0,0.7557159299468068,0.3778579649734034,0.0,1.0,0.0,0.0,0.5,0.60735,0.39265,0.39265
majority,110,target,240000,1640182,0.6074958333333333,0.5,1552136,88046,0,0,0.9463193718745847,0.5,0.9463193718745847,1.0,0.9724194143565897,0.48620970717829487,0.0,1.0,0.0,0.0,0.5,0.9463193718745847,0.05368062812541535,0.05368062812541535
stratified,110,source_heldout,240000,60000,0.6074958333333333,0.5,22180,14208,9351,14261,0.5255166666666666,0.5027867307235729,0.6095416071232275,0.6086550863038884,0.6090980241387359,0.5027852165170159,0.005571255685063053,0.6030816248567427,0.3913449136961115,0.39691837514325734,0.5027867307235729,0.6086839328227321,0.39399056945470945,0.4744833333333333
stratified,110,target,240000,1640182,0.6074958333333333,0.5,943599,53559,34487,608537,0.5963277246061718,0.4998143761697791,0.9462883514949486,0.6079357736693176,0.7402826037326413,0.41731462316250295,-0.00017139093435561932,0.6083070213297594,0.3920642263306824,0.39169297867024055,0.4998143761697791,0.9463005134760911,0.053661786008670304,0.4036722753938283
logreg,110,source_heldout,240000,60000,0.6074958333333333,0.5,28143,8307,15252,8298,0.72325,0.7098426769212006,0.7720987654320988,0.7722894541862189,0.7721940980367946,0.7098568401411127,0.41971371472993996,0.3526041003438177,0.22771054581378117,0.6473958996561824,0.8167349004786028,0.8621357896356436,0.7584590111883718,0.1560414885394026
logreg,110,target,240000,1640182,0.6074958333333333,0.5,1234006,28159,59887,318130,0.7888716008345416,0.7376079167905139,0.9776899216821889,0.7950372905467047,0.8769538155300375,0.5669724115917546,0.25432957848466764,0.31982145696567704,0.20496270945329534,0.680178543034323,0.8268906100685115,0.9793626162761636,0.4276333143585837,0.15853507150329982
tree,110,source_heldout,240000,60000,0.6074958333333333,0.5,29492,7165,16394,6949,0.7647666666666667,0.7525890701786375,0.8045393785634395,0.809308196811284,0.8069167419081233,0.7529957041168266,0.506012591986251,0.3041300564540091,0.190691803188716,0.695869943545991,0.865662628546214,0.8875382712721545,0.783253388995842,0.138628600074487
tree,110,target,240000,1640182,0.6074958333333333,0.5,602862,19391,68655,949274,0.4094161501589458,0.584085412897892,0.9688374342911966,0.3884079745589304,0.5545116352225844,0.339332265993941,0.07811386283736914,0.22023714876314654,0.6115920254410696,0.7797628512368535,0.5727698029081367,0.9526670250573298,0.06472711096981532,0.6035581468672703
rf,110,source_heldout,240000,60000,0.6074958333333333,0.5,31758,10038,13521,4683,0.75465,0.7227058488522182,0.7598334768877405,0.871490903103647,0.8118409448215039,0.7296759497471502,0.47313427888404036,0.4260792053992105,0.128509096896353,0.5739207946007895,0.8431253952099967,0.8867053521702879,0.785004039518202,0.1520950338013629
rf,110,target,240000,1640182,0.6074958333333333,0.5,884136,12172,75874,668000,0.5853069964186901,0.7156897126010626,0.9864198467491085,0.5696253421091966,0.7222023456529943,0.4523046539304495,0.19529935210146832,0.1382459169070713,0.43037465789080337,0.8617540830929287,0.8408766830861455,0.9826063443243652,0.42396957839174076,0.3257168811628201
xgboost,110,source_heldout,240000,60000,0.6074958333333333,0.5,29495,7152,16407,6946,0.7650333333333333,0.7529061356574864,0.8048407782355991,0.8093905216651573,0.807109238178634,0.7532945576977754,0.5066083887276749,0.30357825035018465,0.19060947833484262,0.6964217496498154,0.8660504599462224,0.8938057395686827,0.8102908643534787,0.13845030963420868
xgboost,110,target,240000,1640182,0.6074958333333333,0.5,1042841,9605,78441,509295,0.6836326700329598,0.7813920279050881,0.9908736410229123,0.67187475839746,0.8007741741285166,0.5164615015943879,0.2645272571350305,0.10909070258728391,0.32812524160254,0.8909092974127161,0.8454754488181828,0.9877782615170881,0.20837076424504306,0.2921888530254364
hgb,110,source_heldout,240000,60000,0.6074958333333333,0.5,29498,7156,16403,6943,0.7650166666666667,0.7528624048376809,0.8047689201724232,0.8094728465190307,0.8071140296873931,0.7532638691236241,0.5065483446526624,0.3037480368436691,0.19052715348096924,0.6962519631563309,0.8659109455444696,0.8936518229113257,0.8097213419876796,0.13832333841775854
hgb,110,target,240000,1640182,0.6074958333333333,0.5,1110267,12125,75921,441869,0.7232051077258499,0.7888017171619746,0.9891971788822443,0.715315539359953,0.830252665143158,0.5404424247153274,0.28009177602138435,0.1377121050360039,0.284684460640047,0.862287894963996,0.8610468129866197,0.9861304681186902,0.2684508271812535,0.2412126558525354
mlp,110,source_heldout,240000,60000,0.6074958333333333,0.5,29482,7174,16385,6959,0.76445,0.7522608522836784,0.8042885202968136,0.8090337806317061,0.806654171853838,0.7526650813643111,0.5053511407089495,0.3045120760643491,0.19096621936829394,0.695487923935651,0.8653275039458057,0.8932240389137746,0.809915240439648,0.13818922638893127
mlp,110,target,240000,1640182,0.6074958333333333,0.5,661154,13147,74899,890982,0.44876300313014045,0.6383221440569944,0.9805027725007082,0.4259639619208626,0.5939121565083584,0.36802267015285905,0.126722197525649,0.1493196738068737,0.5740360380791374,0.8506803261931263,0.7950497837225972,0.980596532019424,0.1436716102215355,0.5401518940925598
majority,111,source_heldout,240000,60000,0.6066083333333333,0.5,36297,23703,0,0,0.60495,0.5,0.60495,1.0,0.7538552602884825,0.37692763014424124,0.0,1.0,0.0,0.0,0.5,0.60495,0.39505,0.39505
majority,111,target,240000,1640182,0.6066083333333333,0.5,1552136,88046,0,0,0.9463193718745847,0.5,0.9463193718745847,1.0,0.9724194143565897,0.48620970717829487,0.0,1.0,0.0,0.0,0.5,0.9463193718745847,0.05368062812541535,0.05368062812541535
stratified,111,source_heldout,240000,60000,0.6066083333333333,0.5,22071,14254,9449,14226,0.5253333333333333,0.5033541522744492,0.607598072952512,0.608066782378709,0.6078323373082537,0.5033547266346241,0.00670968280130689,0.6013584778298106,0.391933217621291,0.39864152217018944,0.5033541522744492,0.6065602051997381,0.39666967587410573,0.4746666666666667
stratified,111,target,240000,1640182,0.6066083333333333,0.5,942193,53484,34562,609943,0.5955162292965049,0.4997873656684053,0.9462837848016977,0.6070299252127391,0.7396092256378314,0.41698494565581035,-0.00019625046759438907,0.6074551938759285,0.3929700747872609,0.3925448061240715,0.4997873656684053,0.9462977694563915,0.053659047019932474,0.4044837707034951
logreg,111,source_heldout,240000,60000,0.6066083333333333,0.5,28076,8586,15117,8221,0.7198833333333333,0.705637411812684,0.7658065571981889,0.773507452406535,0.7696377417453638,0.7061768352016715,0.41241006371036887,0.36223262878116697,0.22649254759346502,0.6377673712188331,0.8128360016908558,0.8576375737182582,0.7553695441472448,0.157308869058239
logreg,111,target,240000,1640182,0.6066083333333333,0.5,1231963,27546,60500,320173,0.7879997463696102,0.740430926332921,0.9781295727144467,0.793721039908874,0.8763289817882414,0.5672396937342018,0.25672215613783067,0.3128591872430321,0.20627896009112603,0.6871408127569679,0.8281037242372794,0.9793778880822634,0.4326223299801829,0.1620238351528865
tree,111,source_heldout,240000,60000,0.6066083333333333,0.5,29523,7490,16213,6774,0.7622666666666666,0.7486896249844617,0.7976386674952044,0.8133730060335564,0.8054290001364071,0.7499623047372976,0.5001570508549559,0.31599375606463315,0.1866269939664435,0.6840062439353668,0.8623696966056369,0.8850977521711678,0.7896666751248951,0.1398548220277879
tree,111,target,240000,1640182,0.6066083333333333,0.5,1098840,12916,75130,453296,0.7157559344024017,0.7806286907562491,0.9883823428881877,0.7079534267615725,0.8249884004306481,0.5343651043277574,0.2706979314022149,0.14669604524907434,0.2920465732384276,0.8533039547509257,0.7893396298679526,0.9783901770734236,0.13305346483327485,0.31250449182766604
rf,111,source_heldout,240000,60000,0.6066083333333333,0.5,31573,10145,13558,4724,0.7521833333333333,0.7209233044918691,0.7568195982549499,0.8698515028790258,0.8094084470935077,0.7276290776613186,0.4692831470717933,0.4280048938952875,0.13014849712097418,0.5719951061047125,0.8421230583481558,0.884653147110394,0.7844515625056114,0.15180630529116806
rf,111,target,240000,1640182,0.6066083333333333,0.5,542309,10136,77910,1009827,0.37814035271695456,0.617136821994425,0.9816524721918019,0.34939528494925703,0.515360539698876,0.3239424968079839,0.11172147467828089,0.11512164096040706,0.650604715050743,0.8848783590395929,0.8449918311393461,0.9827049423001453,0.5185435238722422,0.35925327843745775
xgboost,111,source_heldout,240000,60000,0.6066083333333333,0.5,29474,7396,16307,6823,0.7630166666666667,0.7499975094374363,0.7994033089232438,0.8120230322065184,0.8056637555181981,0.7510265268313345,0.5022018596360852,0.31202801333164576,0.18797696779348155,0.6879719866683542,0.8639214899779989,0.8912404534096477,0.8082907664428756,0.1391451060771942
xgboost,111,target,240000,1640182,0.6066083333333333,0.5,1019937,11167,76879,532199,0.6687160327329528,0.7651434452514823,0.9891698606542114,0.6571183195287011,0.7896571747108283,0.5051088244437945,0.24736764797177163,0.12683142902573655,0.3428816804712989,0.8731685709742635,0.8485851046774373,0.9869130064355576,0.23656771691386197,0.30220136046409607
hgb,111,source_heldout,240000,60000,0.6066083333333333,0.5,29476,7395,16308,6821,0.7630666666666667,0.7500461542999417,0.7994358710097367,0.8120781331790506,0.8057074130767549,0.7510771435045545,0.5023036255329802,0.3119858245791672,0.18792186682094938,0.6880141754208328,0.8641725547244417,0.8912042978168568,0.8079785823355583,0.13890378981679774
hgb,111,target,240000,1640182,0.6066083333333333,0.5,1009879,12199,75847,542257,0.6619545879664573,0.7560428212395851,0.9880645117104565,0.6506382172696207,0.7846115357930615,0.4997149585783972,0.23817134188852088,0.13855257479045044,0.3493617827303793,0.8614474252095495,0.8252748301183371,0.981186149246448,0.23357229282306952,0.30800805677726517
mlp,111,source_heldout,240000,60000,0.6066083333333333,0.5,29465,7437,16266,6832,0.7621833333333333,0.7490086628234278,0.7984662077936155,0.8117750778301237,0.8050656429732647,0.750089497626031,0.5003447359705947,0.31375775218326796,0.1882249221698763,0.686242247816732,0.8629828067984195,0.8906696965303401,0.8075206308772009,0.13633224368095398
mlp,111,target,240000,1640182,0.6066083333333333,0.5,684493,11729,76317,867643,0.4638570597653187,0.653893101828113,0.9831533620023498,0.4410006597360025,0.6088825711919543,0.378391437048585,0.1403518634332189,0.13321445607977647,0.5589993402639974,0.8667855439202236,0.82441570223551,0.9831837644795896,0.2622369282119981,0.3783796429634094
majority,112,source_heldout,240000,60000,0.6075875,0.5,36370,23630,0,0,0.6061666666666666,0.5,0.6061666666666666,1.0,0.7547992113728339,0.37739960568641695,0.0,1.0,0.0,0.0,0.5,0.6061666666666666,0.3938333333333333,0.3938333333333333
majority,112,target,240000,1640182,0.6075875,0.5,1552136,88046,0,0,0.9463193718745847,0.5,0.9463193718745847,1.0,0.9724194143565897,0.48620970717829487,0.0,1.0,0.0,0.0,0.5,0.9463193718745847,0.05368062812541535,0.05368062812541535
stratified,112,source_heldout,240000,60000,0.6075875,0.5,22158,14235,9395,14212,0.5258833333333334,0.503413097693092,0.6088533509191328,0.6092383832829255,0.6090458062476808,0.5034136032106368,0.006827361480220071,0.6024121878967414,0.3907616167170745,0.39758781210325855,0.503413097693092,0.6078034978370308,0.3954800798369176,0.4741166666666667
stratified,112,target,240000,1640182,0.6075875,0.5,943743,53564,34482,608393,0.5964124712989168,0.4998323696089949,0.9462913626395885,0.6080285490446713,0.7403523044053152,0.41735224920903724,-0.00015478353199066235,0.6083638098266815,0.39197145095532865,0.39163619017331847,0.4998323696089949,0.9463023414600701,0.05366361099236712,0.40358752870108316
logreg,112,source_heldout,240000,60000,0.6075875,0.5,28079,8417,15213,8291,0.7215333333333334,0.7079188236853303,0.7693719859710654,0.7720373934561452,0.7707023852002306,0.7081118324779105,0.4162303970261827,0.35619974608548455,0.22796260654385483,0.6438002539145155,0.8156600235669718,0.8599424356632814,0.7582264932145035,0.1567591078881551
logreg,112,target,240000,1640182,0.6075875,0.5,1220760,28091,59955,331376,0.7808371266115589,0.7337270555767533,0.9775065239968579,0.7865032445610436,0.8716641669525778,0.5609006620689205,0.24719019808728035,0.319049133407537,0.21349675543895638,0.6809508665924631,0.8267740342535019,0.9794082124004357,0.4291400521342868,0.16019275450056444
tree,112,source_heldout,240000,60000,0.6075875,0.5,29501,7356,16274,6869,0.7629166666666667,0.7499181776705792,0.8004178310768646,0.8111355512785262,0.8057410517978342,0.7508063008117942,0.5017201384909905,0.31129919593736777,0.18886444872147373,0.6887008040626322,0.8636826767863233,0.8893217916628386,0.8006121763477976,0.1394848181746282
tree,112,target,240000,1640182,0.6075875,0.5,375704,12868,75178,1176432,0.2748975418581596,0.5479526164033582,0.9668838722295997,0.2420561084853389,0.3871824097185151,0.2497085961895692,0.05083838451430473,0.14615087567862253,0.7579438915146611,0.8538491243213775,0.5547693357547046,0.9544031092189578,0.05989595183056868,0.7252661734544639
rf,112,source_heldout,240000,60000,0.6075875,0.5,31533,10027,13603,4837,0.7522666666666666,0.7213361497962993,0.7587343599615014,0.8670057739895518,0.8092647247529835,0.7279744113425008,0.46877844081828024,0.424333474396953,0.13299422601044816,0.575666525603047,0.8422635032733004,0.8850378725004728,0.7847933417990578,0.15244876411614744
rf,112,target,240000,1640182,0.6075875,0.5,574458,9975,78071,977678,0.39783938611690656,0.6284074902054476,0.982932175287843,0.37010803177041185,0.5377387765150575,0.33712550058534974,0.12086271612339682,0.11329305135951662,0.6298919682295882,0.8867069486404834,0.8525594696688757,0.9830880705744491,0.5061870847333491,0.33703673180303567
xgboost,112,source_heldout,240000,60000,0.6075875,0.5,29446,7298,16332,6924,0.7629666666666667,0.7503893134824977,0.8013825386457653,0.809623315919714,0.8054818502612359,0.7510751826915103,0.5022137174413318,0.30884468895471856,0.19037668408028596,0.6911553110452814,0.8640003119534488,0.8917546802632187,0.807996166391125,0.1392512172460556
xgboost,112,target,240000,1640182,0.6075875,0.5,1014892,9838,78208,537244,0.6664504305010054,0.7710654567401347,0.9903994222868463,0.6538679600241216,0.7876948199867592,0.5050175910031337,0.2523608924245319,0.11173704654385208,0.3461320399758784,0.8882629534561479,0.8536892237957225,0.9882942427954402,0.2594473903243579,0.2992638051509857
hgb,112,source_heldout,240000,60000,0.6075875,0.5,29444,7294,16336,6926,0.763,0.7504464564659712,0.8014589798029288,0.8095683255430299,0.805493242873557,0.7511216107739789,0.5023045564429682,0.3086754126110876,0.19043167445697004,0.6913245873889124,0.8640725610005129,0.8917245475430684,0.8076761090609724,0.13905717261639733
hgb,112,target,240000,1640182,0.6075875,0.5,1047468,10999,77047,504668,0.685603792749829,0.7749662380374913,0.9896085565256167,0.6748558116041378,0.8024720725441593,0.5162725940889725,0.2590808279150952,0.12492333552915522,0.32514418839586223,0.8750766644708448,0.8359515103377284,0.9857543467664757,0.22908260081212897,0.29753501714736297
mlp,112,source_heldout,240000,60000,0.6075875,0.5,29420,7322,16308,6950,0.7621333333333333,0.7495240470031583,0.8007185237602743,0.808908441022821,0.8047926468979101,0.7502038648241469,0.5004703269083982,0.30986034701650444,0.191091558977179,0.6901396529834956,0.8634378503440274,0.8913106290558207,0.8080244758599651,0.13814163208007812
mlp,112,target,240000,1640182,0.6075875,0.5,1071304,14027,74019,480832,0.6982901897472353,0.7654491320268896,0.9870758321654869,0.690212713318936,0.8123733870414303,0.5213202219086217,0.25290750432694564,0.15931444926515684,0.30978728668106403,0.8406855507348432,0.8030819273405017,0.9801923704665325,0.13728942061743044,0.3116956949234009
majority,113,source_heldout,240000,60000,0.6071125,0.5,36416,23584,0,0,0.6069333333333333,0.5,0.6069333333333333,1.0,0.755393295718553,0.3776966478592765,0.0,1.0,0.0,0.0,0.5,0.6069333333333333,0.3930666666666667,0.3930666666666667
majority,113,target,240000,1640182,0.6071125,0.5,1552136,88046,0,0,0.9463193718745847,0.5,0.9463193718745847,1.0,0.9724194143565897,0.48620970717829487,0.0,1.0,0.0,0.0,0.5,0.9463193718745847,0.05368062812541535,0.05368062812541535
stratified,113,source_heldout,240000,60000,0.6071125,0.5,22131,14233,9351,14285,0.5247,0.5021124990461496,0.6085964140358596,0.6077273725834798,0.6081615828524319,0.5021112869789479,0.004223364404515974,0.6035023744911805,0.3922726274165202,0.39649762550881956,0.5021124990461496,0.607944032999074,0.39408116557227557,0.4753
stratified,113,target,240000,1640182,0.6071125,0.5,943029,53529,34517,609107,0.5959984928501837,0.4998011237301577,0.946286116814074,0.6075685378085426,0.7400095892249129,0.4171804339033936,-0.00018359686348578597,0.607966290348227,0.39243146219145747,0.3920337096517729,0.4998011237301578,0.9462991671460955,0.05366044206799337,0.4040015071498163
logreg,113,source_heldout,240000,60000,0.6071125,0.5,28085,8450,15134,8331,0.7203166666666667,0.7064665873679216,0.7687149308881894,0.7712269332161688,0.7699688832229853,0.7066490891066572,0.41330417594168206,0.35829375848032563,0.22877306678383127,0.6417062415196744,0.8129871331830671,0.8593280060242573,0.7542528068876962,0.1573192235621061
logreg,113,target,240000,1640182,0.6071125,0.5,1212213,27937,60109,339923,0.7757200115596927,0.7318482958836998,0.9774728863443938,0.7809966394697372,0.8682584806857178,0.5572837361406617,0.24337116969793277,0.31730004770233744,0.21900336053026281,0.6826999522976626,0.8245312352643288,0.9789337069295093,0.44458747780317626,0.14740280381690965
tree,113,source_heldout,240000,60000,0.6071125,0.5,29568,7263,16321,6848,0.7648166666666667,0.751993882540485,0.8028019874562189,0.81195079086116,0.8073504716916734,0.7527651338202983,0.5056085935061791,0.30796302578018997,0.18804920913884007,0.69203697421981,0.8644969550749906,0.8865241509216036,0.7839724199326619,0.1390368376773693
tree,113,target,240000,1640182,0.6071125,0.5,492418,16255,71791,1059718,0.3439917033597491,0.5663162176313846,0.9680443035112931,0.3172518387563976,0.4778880527016332,0.2978105801347788,0.06462805643353016,0.18461940349362832,0.6827481612436024,0.8153805965063716,0.560873303695968,0.9517885615906582,0.06250912186158328,0.6813908544954371
rf,113,source_heldout,240000,60000,0.6071125,0.5,31646,10020,13564,4770,0.7535,0.7220746527984776,0.7595161522584362,0.8690136203866432,0.8105837452934095,0.7288760131114216,0.4709386369309384,0.42486431478968795,0.13098637961335677,0.5751356852103121,0.8421311377148624,0.885799519736476,0.7837663186405182,0.1520486903493931
rf,113,target,240000,1640182,0.6071125,0.5,535550,8483,79563,1016586,0.37502728355755643,0.6243466384453098,0.9844071958870142,0.3450406407685924,0.5109797921827868,0.32267731032638003,0.11905189921960675,0.09634736387797288,0.6549593592314076,0.9036526361220272,0.8440363299389717,0.9822113586304976,0.5363075756567439,0.36576236364404685
xgboost,113,source_heldout,240000,60000,0.6071125,0.5,29501,7191,16393,6915,0.7649,0.7526004158489388,0.8040172244630982,0.8101109402460457,0.8070525797450347,0.75311683836693,0.5062682744968312,0.30491010854816825,0.18988905975395431,0.6950898914518318,0.8649913865172212,0.8931869429420931,0.8082597718396203,0.13868460059165955
xgboost,113,target,240000,1640182,0.6071125,0.5,1005926,8767,79279,546210,0.6616369402907726,0.7742592269291637,0.9913599482799231,0.6480914043614735,0.7837888694572175,0.5030018085785251,0.2545269503333411,0.09957295050314609,0.3519085956385265,0.9004270494968539,0.8699137096194497,0.9900410437350042,0.26629340911314003,0.2920515835285187
hgb,113,source_heldout,240000,60000,0.6071125,0.5,29505,7192,16392,6911,0.76495,0.7526341359487114,0.8040166771125705,0.8102207820738138,0.8071068072709368,0.75315990437128,0.506355675926624,0.3049525101763908,0.1897792179261863,0.6950474898236092,0.8653468651829799,0.8932630013276168,0.8085026294332075,0.13845112114852826
hgb,113,target,240000,1640182,0.6071125,0.5,1023444,9786,78260,528692,0.6716961898130818,0.7741156701533826,0.9905287302923841,0.6593777864826278,0.7917207853742951,0.5084650332760413,0.2559221543151896,0.11114644617586261,0.3406222135173722,0.8888535538241373,0.8512401362053921,0.9870329257516041,0.26695732548112394,0.3098047268684634
mlp,113,source_heldout,240000,60000,0.6071125,0.5,29474,7223,16361,6942,0.7639166666666667,0.7515512736286614,0.8031719214104696,0.8093695079086116,0.8062588048637042,0.7520747390923337,0.5041852903611683,0.306266960651289,0.1906304920913884,0.693733039348711,0.864841824600933,0.892397306752352,0.8097001553342357,0.14571025967597961
mlp,113,target,240000,1640182,0.6071125,0.5,1033170,10278,77768,518966,0.6773260528404774,0.7744547778433245,0.9901499643489661,0.6656439899596427,0.7960982961830555,0.5116155489794041,0.2571548356172201,0.11673443427299367,0.3343560100403573,0.8832655657270063,0.8296017298779358,0.9834853141067033,0.14077081258395685,0.3189221918582916
majority,114,source_heldout,240000,60000,0.6055916666666666,0.5,36416,23584,0,0,0.6069333333333333,0.5,0.6069333333333333,1.0,0.755393295718553,0.3776966478592765,0.0,1.0,0.0,0.0,0.5,0.6069333333333333,0.3930666666666667,0.3930666666666667
majority,114,target,240000,1640182,0.6055916666666666,0.5,1552136,88046,0,0,0.9463193718745847,0.5,0.9463193718745847,1.0,0.9724194143565897,0.48620970717829487,0.0,1.0,0.0,0.0,0.5,0.9463193718745847,0.05368062812541535,0.05368062812541535
stratified,114,source_heldout,240000,60000,0.6055916666666666,0.5,22080,14180,9404,14336,0.5247333333333334,0.5025359005420255,0.6089354660783233,0.6063268892794376,0.6076283780064946,0.502529428627962,0.005065972270531751,0.6012550881953868,0.3936731107205624,0.3987449118046133,0.5025359005420253,0.6081472802525276,0.39428603554944885,0.47526666666666667
stratified,114,target,240000,1640182,0.6055916666666666,0.5,940593,53386,34660,611543,0.5946004772641085,0.4998284741862765,0.9462906157977181,0.6059990877088091,0.7388456530832268,0.41662752140670684,-0.0001582362913706024,0.606342139336256,0.394000912291191,0.393657860663744,0.4998284741862765,0.9463019457182374,0.05366321579887863,0.4053995227358915
logreg,114,source_heldout,240000,60000,0.6055916666666666,0.5,28077,8531,15053,8339,0.7188333333333333,0.7046394795971413,0.7669635052447552,0.7710072495606327,0.7689800613496932,0.7049302554704869,0.40987609756440135,0.36172829036635007,0.22899275043936732,0.63827170963365,0.8126589729213439,0.8596874671797308,0.7537066816675835,0.1569333202149793
logreg,114,target,240000,1640182,0.6055916666666666,0.5,1240741,27969,60077,311395,0.7930936932608699,0.7408564890410858,0.9779547729583593,0.7993764721648103,0.8796942477540426,0.5705862896985996,0.25939632845686506,0.3176634940826386,0.2006235278351897,0.6823365059173614,0.8214317566877449,0.9772790488700408,0.4427539998705034,0.15249547189069734
tree,114,source_heldout,240000,60000,0.6055916666666666,0.5,29466,7337,16247,6950,0.7618833333333334,0.7490245389922094,0.800641252071842,0.8091498242530756,0.8048730520766467,0.7497356432012741,0.4995390822722555,0.3111007462686567,0.19085017574692442,0.6888992537313433,0.8632638147522791,0.888762094593743,0.7923426808119549,0.13908538726469954
tree,114,target,240000,1640182,0.6055916666666666,0.5,559922,18395,69651,992214,0.3838433783567921,0.5759089964354678,0.9681921852547997,0.3607428730472072,0.5256365664954824,0.3233890578555152,0.07161851538962724,0.2089248801762715,0.6392571269527928,0.7910751198237285,0.5772784081971866,0.9545787938230643,0.06416026418573517,0.6169285917431092
rf,114,source_heldout,240000,60000,0.6055916666666666,0.5,31626,10013,13571,4790,0.7532833333333333,0.7219484539278365,0.7595283268090012,0.8684644112478032,0.8103516751008903,0.7287185720837626,0.470477287242351,0.4245675033921303,0.13153558875219684,0.5754324966078698,0.8433918566778764,0.8864368483722291,0.7841838029461246,0.15282871980531515
rf,114,target,240000,1640182,0.6055916666666666,0.5,503145,9972,78074,1048991,0.35436250367337285,0.6054519908427227,0.9805658358619964,0.32416295994680877,0.48724780934829776,0.3078764709006089,0.10252311586566817,0.11325897826136337,0.6758370400531912,0.8867410217386367,0.8322380582275425,0.9815645677843842,0.5262665226835723,0.39716993962352354
xgboost,114,source_heldout,240000,60000,0.6055916666666666,0.5,29456,7305,16279,6960,0.76225,0.7495656627590598,0.801283969424118,0.8088752196836555,0.8050616997143911,0.7502018662380341,0.500457617361899,0.30974389416553594,0.19112478031634447,0.6902561058344641,0.8637700365857494,0.8923678828122581,0.8071252542786094,0.13890117406845093
xgboost,114,target,240000,1640182,0.6055916666666666,0.5,963999,9249,78797,588137,0.6357806633654071,0.7580157951189965,0.9904967695797988,0.621078951844426,0.7634474598714492,0.4860933821119412,0.23677879230252113,0.105047361606433,0.378921048155574,0.894952638393567,0.8528564904374627,0.9886933506738202,0.3154551076868906,0.3369457721710205
hgb,114,source_heldout,240000,60000,0.6055916666666666,0.5,29469,7327,16257,6947,0.7621,0.7492777378187351,0.8008750951190347,0.8092322056239016,0.805031961973447,0.7499768683937509,0.50001911864768,0.3106767299864315,0.19076779437609842,0.6893232700135685,0.8635776521221754,0.8922139798315426,0.8067245852409775,0.13879263045258214
hgb,114,target,240000,1640182,0.6055916666666666,0.5,582194,8329,79717,969942,0.4035594830329805,0.6402469264645703,0.9858955536024846,0.37509213110191375,0.5434313159490147,0.3417839094105123,0.13170447261384818,0.09459827817277332,0.6249078688980862,0.9054017218272267,0.819305582452781,0.983828172581343,0.2277862295752772,0.48109076242508797
mlp,114,source_heldout,240000,60000,0.6055916666666666,0.5,29440,7329,16255,6976,0.7615833333333333,0.7488371595648535,0.8006744812205935,0.8084358523725835,0.8045364487258317,0.7494859964445136,0.4990283543305897,0.31076153324287653,0.19156414762741653,0.6892384667571235,0.8636438726461506,0.8922150939720895,0.807800141299839,0.13688746094703674
mlp,114,target,240000,1640182,0.6055916666666666,0.5,1053970,13627,74419,498166,0.6879657257548247,0.7621367539996708,0.9872358202580187,0.6790448775107336,0.8046392514046279,0.5149679876471818,0.24788711812569522,0.15477136951139178,0.3209551224892664,0.8452286304886082,0.8133605133202486,0.979476051901184,0.2918026329188745,0.32133254408836365
majority,115,source_heldout,240000,60000,0.60635,0.5,36201,23799,0,0,0.60335,0.5,0.60335,1.0,0.752611719212898,0.376305859606449,0.0,1.0,0.0,0.0,0.5,0.60335,0.39665,0.39665
majority,115,target,240000,1640182,0.60635,0.5,1552136,88046,0,0,0.9463193718745847,0.5,0.9463193718745847,1.0,0.9724194143565897,0.48620970717829487,0.0,1.0,0.0,0.0,0.5,0.9463193718745847,0.05368062812541535,0.05368062812541535
stratified,115,source_heldout,240000,60000,0.60635,0.5,21990,14322,9477,14211,0.52445,0.502825896100025,0.605584930601454,0.6074417833761498,0.6065119357908237,0.5028263766388574,0.005656353481132842,0.6017899911760999,0.39255821662385015,0.3982100088239002,0.5028258961000249,0.6047075902302692,0.3980142626487716,0.47555
stratified,115,target,240000,1640182,0.60635,0.5,941798,53455,34591,610338,0.5952930833285575,0.4998248083050879,0.9462900388142512,0.6067754372039563,0.739422208386705,0.4169037096710291,-0.00016167412176823216,0.6071258205937805,0.3932245627960436,0.3928741794062195,0.4998248083050879,0.9463015732940763,0.053662844002479296,0.40470691667144254
logreg,115,source_heldout,240000,60000,0.60635,0.5,27929,8311,15488,8272,0.7236166666666667,0.7111408356440676,0.770667770419426,0.7714980249164388,0.7710826741762262,0.7111999926527801,0.42240063002408834,0.3492163536283037,0.22850197508356124,0.6507836463716963,0.8171505095216451,0.8608481387504112,0.7615490257321191,0.1561766194304116
logreg,115,target,240000,1640182,0.60635,0.5,1197127,22956,65090,355009,0.7695591099036571,0.7552748916429894,0.9811848866019771,0.7712771303545566,0.8636597613680593,0.5599232398630042,0.2636254205377427,0.2607273470685778,0.22872286964544344,0.7392726529314222,0.8314979257816587,0.9812324011772304,0.42999387172646636,0.17231340094584988
tree,115,source_heldout,240000,60000,0.60635,0.5,29336,7176,16623,6865,0.7659833333333333,0.7544195402023284,0.8034618755477652,0.8103643545758404,0.8068983538019336,0.7549834252144567,0.5100106755067967,0.3015252741711837,0.18963564542415956,0.6984747258288163,0.8664080613380016,0.8863669329782526,0.7896587195652285,0.13849806992031222
tree,115,target,240000,1640182,0.60635,0.5,304229,11262,76784,1247907,0.23229922045236442,0.5340481269486036,0.9643032606318406,0.1960066643644629,0.3257920344908271,0.21724725176394036,0.038939658839172865,0.12791041046725576,0.8039933356355371,0.8720895895327443,0.5398785569171387,0.9529930110705099,0.057975129728579655,0.767557807221426
rf,115,source_heldout,240000,60000,0.60635,0.5,31478,9899,13900,4723,0.7563,0.7267960722388362,0.7607608091451773,0.8695339907737355,0.8115187295367243,0.7334195410919678,0.4796239280277478,0.41594184629606284,0.13046600922626447,0.5840581537039371,0.8457392741222184,0.8865827059996096,0.7904795008012601,0.15075992303512786
rf,115,target,240000,1640182,0.60635,0.5,530373,9278,78768,1021763,0.3713862242117033,0.6181642511406789,0.9828074070093449,0.3417052371699387,0.5071003883282571,0.3198210373657049,0.1133647854920595,0.10537673488858097,0.6582947628300613,0.894623265111419,0.8530896473726437,0.9823836077812031,0.5683133535864066,0.36696048524559755
xgboost,115,source_heldout,240000,60000,0.60635,0.5,29325,7139,16660,6876,0.7664166666666666,0.7550449542834835,0.8042178587099605,0.8100604955664208,0.8071286038670612,0.7555237399814867,0.5110788257736399,0.2999705869994538,0.18993950443357918,0.7000294130005462,0.867353302205651,0.8934165001010166,0.813994504230366,0.13816699385643005
xgboost,115,target,240000,1640182,0.60635,0.5,1000775,9309,78737,551361,0.6581659840188467,0.7695219641513804,0.9907839348014621,0.6447727518722586,0.7811780409176418,0.5002285913526806,0.24978195665723707,0.10572882356949777,0.35522724812774137,0.8942711764305022,0.837778895604774,0.9872414079577357,0.2466593546707721,0.30695295333862305
hgb,115,source_heldout,240000,60000,0.60635,0.5,29319,7141,16658,6882,0.7662833333333333,0.754920065072342,0.804141524958859,0.8098947542885556,0.8070078859360592,0.7553913930620324,0.5108131785269188,0.3000546241438716,0.19010524571144444,0.6999453758561284,0.8672644533711944,0.893315573291493,0.8136274138670785,0.13803683241649348
hgb,115,target,240000,1640182,0.60635,0.5,802558,9420,78626,749578,0.5372476956825523,0.7050386376116373,0.9883987004574015,0.5170668034244422,0.6789503382662596,0.42528799314404386,0.18486070768335253,0.10698952820116757,0.48293319657555783,0.8930104717988324,0.8069363936638216,0.9797097982848939,0.21436209888420887,0.38354404266560477
mlp,115,source_heldout,240000,60000,0.60635,0.5,29302,7155,16644,6899,0.7657666666666667,0.7543911349232371,0.8037413939709795,0.8094251540012707,0.8065732610311321,0.7548560614648289,0.5097417919189235,0.3006428841547964,0.19057484599872931,0.6993571158452035,0.8666350418324362,0.8929584539544505,0.8133821053389183,0.1371915638446808
mlp,115,target,240000,1640182,0.60635,0.5,1074093,18663,69383,478043,0.6971640952040689,0.7400204241658399,0.9829211644685547,0.6920095919429741,0.8122017836645126,0.5152843019589023,0.2294423518715276,0.21196874361129409,0.30799040805702593,0.7880312563887059,0.7708405050091103,0.9765826678938728,0.13971652497910472,0.3038319945335388
majority,116,source_heldout,240000,60000,0.6062916666666667,0.5,36560,23440,0,0,0.6093333333333333,0.5,0.6093333333333333,1.0,0.7572493786246893,0.37862468931234466,0.0,1.0,0.0,0.0,0.5,0.6093333333333333,0.39066666666666666,0.39066666666666666
majority,116,target,240000,1640182,0.6062916666666667,0.5,1552136,88046,0,0,0.9463193718745847,0.5,0.9463193718745847,1.0,0.9724194143565897,0.48620970717829487,0.0,1.0,0.0,0.0,0.5,0.9463193718745847,0.05368062812541535,0.05368062812541535
stratified,116,source_heldout,240000,60000,0.6062916666666667,0.5,22172,14136,9304,14388,0.5246,0.5016917349384994,0.6106643164040982,0.6064551422319475,0.6085524510073008,0.5016792637791321,0.003377086511214235,0.6030716723549489,0.39354485776805254,0.3969283276450512,0.5016917349384994,0.6101405148608223,0.39147629412500234,0.4754
stratified,116,target,240000,1640182,0.6062916666666667,0.5,941717,53450,34596,610419,0.5952467470073443,0.4998271094792307,0.9462904216076297,0.6067232510553199,0.7393835754914119,0.4168856774765742,-0.0001595467599326958,0.6070690320968585,0.3932767489446801,0.3929309679031415,0.4998271094792307,0.9463018070744988,0.053663077403595216,0.4047532529926557
logreg,116,source_heldout,240000,60000,0.6062916666666667,0.5,28190,8252,15188,8370,0.7229666666666666,0.7095067437883212,0.7735579825476099,0.7710612691466083,0.7723076080107394,0.7093164917793175,0.4186389083246667,0.35204778156996586,0.2289387308533917,0.6479522184300341,0.8158211162071232,0.8622210956323214,0.7562982276961623,0.15672738854942106
logreg,116,target,240000,1640182,0.6062916666666667,0.5,1197790,22417,65629,354346,0.770291955404949,0.7585493682724341,0.981628526963048,0.7717042836452476,0.8640994278125037,0.561235318438348,0.2670328570506298,0.25460554710037936,0.22829571635475243,0.7453944528996207,0.8262458177435206,0.9787966949765861,0.4338278640586947,0.17347884256809756
tree,116,source_heldout,240000,60000,0.6062916666666667,0.5,29636,7174,16266,6924,0.7650333333333333,0.7522773354941337,0.8051073077967944,0.8106126914660832,0.8078506201444732,0.7527565346057987,0.5055415378613065,0.3060580204778157,0.18938730853391686,0.6939419795221843,0.8649830489270057,0.8909254799178759,0.7973810923349893,0.13905109217932385
tree,116,target,240000,1640182,0.6062916666666667,0.5,423392,19073,68973,1128744,0.30018924729084945,0.5280774099655356,0.9568937656085792,0.2727802202899746,0.42453804044016824,0.26591265438905615,0.028516102814260775,0.2166254003589033,0.7272197797100254,0.7833745996410967,0.5331451885523516,0.9512398829748161,0.05721968521308798,0.7019968660335913
rf,116,source_heldout,240000,60000,0.6062916666666667,0.5,31795,9897,13543,4765,0.7556333333333334,0.7237196697560138,0.7626163292718028,0.8696663019693655,0.8126309870674232,0.7307142671276563,0.4740992256856348,0.4222269624573379,0.13033369803063458,0.5777730375426621,0.8439522698906281,0.8874497760820725,0.7850217192109425,0.1516555529163206
rf,116,target,240000,1640182,0.6062916666666667,0.5,548640,11131,76915,1003496,0.38139365021686616,0.6135258141248614,0.9801150827749204,0.3534741800976203,0.519568333264675,0.3256102945942565,0.10793060851954561,0.1264225518478977,0.6465258199023797,0.8735774481521024,0.8472366980438605,0.9829468536788444,0.4857078907439141,0.33666174511678026
xgboost,116,source_heldout,240000,60000,0.6062916666666667,0.5,29605,7138,16302,6955,0.7651166666666667,0.7526212929701794,0.8057317039980404,0.8097647702407003,0.8077432028702781,0.7529732567877313,0.5059617588948087,0.3045221843003413,0.19023522975929977,0.6954778156996587,0.8654255178499414,0.8940678247400736,0.808227909440659,0.13877636194229126
xgboost,116,target,240000,1640182,0.6062916666666667,0.5,927694,11058,76988,624442,0.6125429982770205,0.7360475824069886,0.9882205310880829,0.5976886046068128,0.7448701025497734,0.46995289855586797,0.21507089761630319,0.12559343979283558,0.4023113953931872,0.8744065602071645,0.8476070385546248,0.9872390375270386,0.26049953314143914,0.33275118470191956
hgb,116,source_heldout,240000,60000,0.6062916666666667,0.5,29600,7140,16300,6960,0.765,0.7525102501101559,0.8056614044637996,0.8096280087527352,0.8076398362892224,0.7528563207142044,0.5057273879718108,0.3046075085324232,0.19037199124726478,0.6953924914675768,0.8658364732853003,0.8941293992988326,0.8089764947170269,0.13869592157648772
hgb,116,target,240000,1640182,0.6062916666666667,0.5,1101553,14193,73853,450583,0.7166314469979551,0.7742507566206023,0.9872793628657418,0.7097013406041739,0.8257883969380955,0.5334740685713528,0.2650749046525665,0.16119982736296937,0.29029865939582616,0.8388001726370307,0.8511970821384722,0.9873662396599201,0.26011720293718404,0.27825917033920977
mlp,116,source_heldout,240000,60000,0.6062916666666667,0.5,29591,7173,16267,6969,0.7643,0.7516832398563118,0.8048906539005549,0.8093818380743982,0.807129998363428,0.7520738688363545,0.5041666637947854,0.30601535836177474,0.19061816192560174,0.6939846416382253,0.8646923269103666,0.8934662880057347,0.8079932373005748,0.14182819426059723
mlp,116,target,240000,1640182,0.6062916666666667,0.5,708992,18251,69795,843144,0.47481742879753586,0.6247476716382878,0.9749038491948359,0.45678471474149174,0.6220922453001454,0.3807724422252911,0.11319350043012585,0.20728937146491608,0.5432152852585083,0.7927106285350839,0.7660956706976052,0.9746278156268267,0.12750905890853848,0.49924367666244507
majority,117,source_heldout,240000,60000,0.6075791666666667,0.5,36350,23650,0,0,0.6058333333333333,0.5,0.6058333333333333,1.0,0.7545407368967306,0.3772703684483653,0.0,1.0,0.0,0.0,0.5,0.6058333333333333,0.39416666666666667,0.39416666666666667
majority,117,target,240000,1640182,0.6075791666666667,0.5,1552136,88046,0,0,0.9463193718745847,0.5,0.9463193718745847,1.0,0.9724194143565897,0.48620970717829487,0.0,1.0,0.0,0.0,0.5,0.9463193718745847,0.05368062812541535,0.05368062812541535
stratified,117,source_heldout,240000,60000,0.6075791666666667,0.5,22100,14293,9357,14250,0.5242833333333333,0.5018114060214441,0.6072596378424422,0.6079779917469051,0.6076186024772143,0.501811713579636,0.003623967165424762,0.6043551797040169,0.3920220082530949,0.3956448202959831,0.5018114060214441,0.6067004950844009,0.3950366176773632,0.4757166666666667
stratified,117,target,240000,1640182,0.6075791666666667,0.5,943731,53562,34484,608405,0.5964063744145467,0.49983986166773964,0.946292614106386,0.6080208177633919,0.7403469561223317,0.4173514076992322,-0.0001478650775261144,0.6083410944279127,0.39197918223660816,0.3916589055720873,0.49983986166773964,0.946303102594483,0.05366437096582846,0.4035936255854533
logreg,117,source_heldout,240000,60000,0.6075791666666667,0.5,27874,8330,15320,8476,0.7199,0.7073013426546583,0.7699149265274555,0.7668225584594223,0.7683656311161342,0.7070762101540289,0.41416141190206135,0.3522198731501057,0.2331774415405777,0.6477801268498943,0.8147175283754664,0.8597338081961072,0.7577456487301557,0.1571821257453171
logreg,117,target,240000,1640182,0.6075791666666667,0.5,1241387,28042,60004,310749,0.7934430447352794,0.7406500333346606,0.977909753125224,0.799792672807022,0.8799279832291653,0.5707489322966679,0.2593516876305495,0.31849260613770075,0.20020732719297793,0.6815073938622993,0.8215527539560114,0.9773807851430067,0.43281735656265297,0.15075629760020617
tree,117,source_heldout,240000,60000,0.6075791666666667,0.5,29336,7227,16423,7014,0.76265,0.7507306228207671,0.8023411645652709,0.8070426409903714,0.8046850355903611,0.7511224358192636,0.5022653681571627,0.3055813953488372,0.1929573590096286,0.6944186046511628,0.8643546847509677,0.8848672340222694,0.7791715268653783,0.13926289796964578
tree,117,target,240000,1640182,0.6075791666666667,0.5,314349,13952,74094,1237787,0.23682920553938527,0.5220320448827473,0.957502413943302,0.2025267115768206,0.3343361144244662,0.22009510269389035,0.024821108934434084,0.1584626218113259,0.7974732884231794,0.8415373781886741,0.59033573890116,0.9552030066486065,0.06689735842300118,0.6591571865598509
rf,117,source_heldout,240000,60000,0.6075791666666667,0.5,31530,9906,13744,4820,0.7545666666666667,0.7242709620758947,0.7609325224442514,0.8674002751031636,0.8106857275088062,0.7309220554917415,0.47418316360971335,0.4188583509513742,0.1325997248968363,0.5811416490486258,0.8443843976374861,0.8867176739515469,0.7871289821978761,0.1518664901915678
rf,117,target,240000,1640182,0.6075791666666667,0.5,519838,10161,77885,1032298,0.364424801637867,0.609756116517491,0.9808282657137088,0.3349178164799992,0.49933169559130414,0.31466594377062845,0.10578975648612249,0.11540558344501738,0.6650821835200008,0.8845944165549826,0.8344219739713119,0.9815068808628336,0.5398459683963988,0.37877802438956587
xgboost,117,source_heldout,240000,60000,0.6075791666666667,0.5,29329,7204,16446,7021,0.7629166666666667,0.7511205946415953,0.8028084197848521,0.8068500687757909,0.8048241702454619,0.7514580770152539,0.5029312848738929,0.3046088794926004,0.19314993122420906,0.6953911205073996,0.8646911911734342,0.892634743187497,0.809723142935174,0.13900920748710632
xgboost,117,target,240000,1640182,0.6075791666666667,0.5,1032183,9680,78366,519953,0.6770888840384787,0.7775327810166455,0.9907089511768822,0.6650080920744058,0.7958237454987453,0.5120872750498979,0.259891622062648,0.10994253004111487,0.33499190792559413,0.8900574699588851,0.8364964603513301,0.9859668745535479,0.21414884061473635,0.29395100474357605
hgb,117,source_heldout,240000,60000,0.6075791666666667,0.5,29318,7188,16462,7032,0.763,0.7513075542863458,0.803100860132581,0.8065474552957359,0.8048204677720435,0.7515957081775542,0.503202410101347,0.3039323467230444,0.1934525447042641,0.6960676532769556,0.8651036086206746,0.8925416227863093,0.8093028161460407,0.13882569374072917
hgb,117,target,240000,1640182,0.6075791666666667,0.5,1083489,10553,77493,468647,0.7078373009824519,0.7891026917905481,0.9903541180320317,0.6980631851848034,0.8189086297293682,0.5316471731113184,0.2765240072367696,0.11985780160370715,0.30193681481519663,0.8801421983962928,0.8212503930411904,0.9847443940709667,0.21353236361930303,0.2821494406260028
mlp,117,source_heldout,240000,60000,0.6075791666666667,0.5,29300,7212,16438,7050,0.7623,0.7505525618618609,0.802475898334794,0.8060522696011004,0.8042601081496528,0.7508508313670322,0.5017135068381346,0.3049471458773784,0.1939477303988996,0.6950528541226215,0.8639282102881605,0.8919794325997155,0.8090808752806866,0.1382080763578415
mlp,117,target,240000,1640182,0.6075791666666667,0.5,1049264,13871,74175,502872,0.684947767991601,0.7592351392705554,0.9869527388337324,0.6760129267022993,0.8024132107150654,0.512732361905865,0.24470551924151404,0.15754264816118846,0.3239870732977007,0.8424573518388115,0.8097704009558977,0.9812063447913997,0.163414968533261,0.3115832209587097
majority,118,source_heldout,240000,60000,0.6076541666666667,0.5,36261,23739,0,0,0.60435,0.5,0.60435,1.0,0.7533892230498332,0.3766946115249166,0.0,1.0,0.0,0.0,0.5,0.60435,0.39565,0.39565
majority,118,target,240000,1640182,0.6076541666666667,0.5,1552136,88046,0,0,0.9463193718745847,0.5,0.9463193718745847,1.0,0.9724194143565897,0.48620970717829487,0.0,1.0,0.0,0.0,0.5,0.9463193718745847,0.05368062812541535,0.05368062812541535
stratified,118,source_heldout,240000,60000,0.6076541666666667,0.5,22080,14316,9423,14181,0.52505,0.5029302071962768,0.6066600725354434,0.6089186729544138,0.6077872744539411,0.5029304536517852,0.005866239552163257,0.6030582585618602,0.3910813270455862,0.39694174143813976,0.5029302071962768,0.6057566463027106,0.3970639056758003,0.47495
stratified,118,target,240000,1640182,0.6076541666666667,0.5,943862,53570,34476,608274,0.5964813660922995,0.4998366307805191,0.946292078056449,0.6081052175840261,0.7404093556241685,0.417380633892851,-0.0001508541422107155,0.6084319560229879,0.39189478241597386,0.391568043977012,0.4998366307805191,0.9463027743613686,0.053664043229623384,0.4035186339077005
logreg,118,source_heldout,240000,60000,0.6076541666666667,0.5,27918,8406,15333,8343,0.72085,0.7079086235559287,0.7685827552031714,0.7699180938198064,0.7692498450092995,0.70800360013831,0.416008877426631,0.35410084670794895,0.23008190618019358,0.645899153292051,0.815376401208811,0.8599788992784732,0.7595830365450977,0.15671512009714553
logreg,118,target,240000,1640182,0.6076541666666667,0.5,1212362,27941,60105,339774,0.77580841638306,0.7318735788562079,0.9774724402021119,0.7810926362122906,0.8683176248433717,0.5573437281361912,0.24342925294514645,0.31734547849987504,0.21890736378770934,0.682654521500125,0.8273003741083587,0.9795503369096081,0.44071987031249843,0.15930627660589927
tree,118,source_heldout,240000,60000,0.6076541666666667,0.5,29324,7273,16466,6937,0.7631666666666667,0.7511595282182887,0.8012678634860781,0.8086925346791318,0.8049630788657388,0.7517666779505394,0.5035843715647659,0.30637347824255445,0.19130746532086815,0.6936265217574455,0.8649982709860488,0.886375602073644,0.7886822473743293,0.13874817318211066
tree,118,target,240000,1640182,0.6076541666666667,0.5,586442,17064,70982,965694,0.40082381101609454,0.592010611189615,0.9717252189704825,0.3778290046748481,0.5440996232212956,0.3351605180785572,0.08600531566162069,0.1938077822956182,0.622170995325152,0.8061922177043818,0.5836951469471476,0.9545884346661532,0.06598392343569691,0.6199165493756512
rf,118,source_heldout,240000,60000,0.6076541666666667,0.5,31439,10006,13733,4822,0.7528666666666667,0.7227595892819589,0.7585716009168778,0.8670196629988142,0.8091781844387821,0.7292923598223607,0.47135807491240095,0.4215004844348962,0.13298033700118583,0.5784995155651038,0.8438648026343414,0.8858537512821849,0.7880976328712359,0.15222250558077868
rf,118,target,240000,1640182,0.6076541666666667,0.5,558238,10764,77282,993898,0.3874691954917198,0.6187018202002512,0.9810826675477415,0.3596579165743208,0.5263570781344731,0.3298454357724519,0.11241362463014189,0.12225427617381823,0.6403420834256792,0.8777457238261818,0.8429157574111208,0.9813377264896448,0.5481778339216375,0.34377927956255117
xgboost,118,source_heldout,240000,60000,0.6076541666666667,0.5,29264,7216,16523,6997,0.7631166666666667,0.7515327491118293,0.8021929824561403,0.8070378643721905,0.8046081302154219,0.7519305912720394,0.5038828280832007,0.30397236614853196,0.1929621356278095,0.696027633851468,0.865313987805521,0.8924875532786188,0.8116128129884141,0.13862578570842743
xgboost,118,target,240000,1640182,0.6076541666666667,0.5,963915,9808,78238,588221,0.6353886337004064,0.754814258656575,0.9899273201927037,0.6210248328754697,0.763237377858384,0.48531316411490977,0.23386702455784084,0.1113963155623197,0.37897516712453033,0.8886036844376803,0.8370397493957189,0.9863132834637888,0.2425316460693996,0.3142170011997223
hgb,118,source_heldout,240000,60000,0.6076541666666667,0.5,29269,7216,16523,6992,0.7632,0.7516016937079518,0.8022200904481294,0.8071757535644356,0.8046902922497456,0.7520086666733978,0.5040399824713525,0.30397236614853196,0.19282424643556437,0.696027633851468,0.865114533781202,0.892312495008809,0.8107327673146553,0.13849917155024055
hgb,118,target,240000,1640182,0.6076541666666667,0.5,1062725,10503,77543,489411,0.695208214698125,0.7826977874215322,0.9902136358723402,0.684685491477551,0.8095829759225769,0.5231777475032732,0.26794903487727506,0.11928991663448651,0.3153145085224491,0.8807100833655135,0.8397269550118497,0.9831374977990421,0.4068131288063213,0.2789360421570995
mlp,118,source_heldout,240000,60000,0.6076541666666667,0.5,29243,7241,16498,7018,0.76235,0.7507166221383728,0.8015294375616708,0.8064587297647611,0.8039865282837309,0.7511203406417066,0.502263100220933,0.3050254854880155,0.19354127023523895,0.6949745145119846,0.8643178393151237,0.8919941970804695,0.810532670193928,0.13890589773654938
mlp,118,target,240000,1640182,0.6076541666666667,0.5,1090832,16226,71820,461304,0.7088554806722669,0.759252027421461,0.9853431346867102,0.7027940850544024,0.8204230304370422,0.5258320377807827,0.2495011512959026,0.18429003021148035,0.29720591494559756,0.8157099697885196,0.8254862524217734,0.9837300925839108,0.32240955529684734,0.2835737466812134
majority,119,source_heldout,240000,60000,0.6059291666666666,0.5,36343,23657,0,0,0.6057166666666667,0.5,0.6057166666666667,1.0,0.7544502454770975,0.37722512273854875,0.0,1.0,0.0,0.0,0.5,0.6057166666666667,0.3942833333333333,0.3942833333333333
majority,119,target,240000,1640182,0.6059291666666666,0.5,1552136,88046,0,0,0.9463193718745847,0.5,0.9463193718745847,1.0,0.9724194143565897,0.48620970717829487,0.0,1.0,0.0,0.0,0.5,0.9463193718745847,0.05368062812541535,0.05368062812541535
stratified,119,source_heldout,240000,60000,0.6059291666666666,0.5,22065,14219,9438,14278,0.52505,0.5030418659638844,0.6081192812258847,0.6071320474369205,0.6076252633318188,0.5030400396831344,0.00608109784331929,0.6010483155091516,0.39286795256307955,0.3989516844908484,0.5030418659638844,0.6071753709632064,0.39574982001846687,0.47495
stratified,119,target,240000,1640182,0.6059291666666666,0.5,941136,53413,34633,611000,0.5949150764976082,0.49985006548353506,0.9462942499565129,0.6063489281867053,0.7391067210903587,0.4167579282103299,-0.00013833923432579362,0.6066487972196352,0.39365107181329473,0.3933512027803648,0.4998500654835351,0.9463041392264879,0.053665406054450956,0.4050849235023918
logreg,119,source_heldout,240000,60000,0.6059291666666666,0.5,28185,8568,15089,8158,0.7212333333333333,0.7066757559112709,0.7668761733736021,0.7755276119197645,0.7711776294188465,0.7072884565310162,0.4146483077309112,0.3621761000972228,0.22447238808023554,0.6378238999027772,0.8141590039966569,0.8590421059132851,0.7566069067790813,0.15706015173661017
logreg,119,target,240000,1640182,0.6059291666666666,0.5,1218815,23579,64467,333321,0.7824021968293763,0.7587234694676308,0.9810213185189239,0.7852501327203286,0.8722862162868175,0.568836579576038,0.2721009210197736,0.2678031937850669,0.21474986727967138,0.7321968062149331,0.8323713205497598,0.9801772961005325,0.43416423863245857,0.1622644173198546
tree,119,source_heldout,240000,60000,0.6059291666666666,0.5,29487,7384,16273,6856,0.7626666666666667,0.7496127270512358,0.7997342084565106,0.8113529427950362,0.8055016800065561,0.750568563253823,0.5012634701929787,0.31212748869256457,0.18864705720496383,0.6878725113074354,0.862623333231612,0.8882618793341222,0.8003787646294978,0.14006411346592745
tree,119,target,240000,1640182,0.6059291666666666,0.5,540009,16631,71415,1012127,0.3727781429134084,0.579511778787595,0.9701225208393216,0.34791345603735757,0.5121539698858485,0.3170327134071967,0.07569567838596104,0.1888898984621675,0.6520865439626424,0.8111101015378325,0.5888317497921004,0.957566751832831,0.06469378580346229,0.627690422167615
rf,119,source_heldout,240000,60000,0.6059291666666666,0.5,31590,10095,13562,4753,0.7525333333333334,0.7212473450243229,0.7578265563152213,0.8692182813746802,0.8097093351104732,0.7279748429102352,0.4695749501617359,0.4267235913260346,0.13078171862531987,0.5732764086739655,0.8408794367901471,0.8838709944918179,0.7829773733784404,0.1533113864935286
rf,119,target,240000,1640182,0.6059291666666666,0.5,538443,9546,78500,1013693,0.3761430133972937,0.6192419627533912,0.9825799422981119,0.346904523830386,0.5127723349800607,0.3228981197302122,0.11395757477715586,0.10842059832360357,0.653095476169614,0.8915794016763964,0.8409466450892042,0.9830295873741066,0.5427632322190057,0.35425892247556284
xgboost,119,source_heldout,240000,60000,0.6059291666666666,0.5,29444,7333,16324,6899,0.7628,0.7500990463861501,0.800609076324877,0.8101697713452384,0.8053610503282276,0.7508887162903937,0.5018627273964581,0.3099716785729382,0.18983022865476157,0.6900283214270617,0.8629399378529528,0.8904814274655248,0.8068233957398535,0.1398409903049469
xgboost,119,target,240000,1640182,0.6059291666666666,0.5,1039652,13560,74486,512484,0.6792770558389252,0.7579048833724016,0.9871250992202899,0.6698201703974394,0.7980906965211557,0.5093923622572831,0.24251768306625224,0.15401040365263613,0.3301798296025606,0.8459895963473639,0.8410651761232912,0.9875139114416914,0.22740022072431887,0.28859490156173706
hgb,119,source_heldout,240000,60000,0.6059291666666666,0.5,29460,7345,16312,6883,0.7628666666666667,0.7500655465870867,0.8004347235429968,0.8106100211870236,0.8054902389675725,0.7509052834042166,0.5019072603436935,0.3104789280128503,0.18938997881297637,0.6895210719871497,0.8631856528658215,0.8905052197479517,0.8068576511047584,0.13960470448698387
hgb,119,target,240000,1640182,0.6059291666666666,0.5,1014844,12699,75347,537292,0.664676846837729,0.7548028052081734,0.9876413931095828,0.6538370348990037,0.7867986675861609,0.5009326761651878,0.2374387401698375,0.1442314244826568,0.3461629651009963,0.8557685755173432,0.8315417251835147,0.9839775814490106,0.25089603813014033,0.29162540949004156
mlp,119,source_heldout,240000,60000,0.6059291666666666,0.5,29432,7362,16295,6911,0.7621166666666667,0.7493210262889203,0.7999130292982551,0.8098395839638995,0.8048457005346131,0.7501385321485348,0.5003690946553697,0.3111975313860591,0.19016041603610048,0.6888024686139409,0.8625984950881149,0.8901241422563464,0.8072726592436228,0.1410173773765564
mlp,119,target,240000,1640182,0.6059291666666666,0.5,683409,8570,79476,868727,0.4651221632721247,0.6714833918013365,0.9876152310980536,0.4403022673270899,0.6090677171178839,0.3812297106176653,0.1565217308788963,0.09733548372441678,0.5596977326729101,0.9026645162755832,0.8357332559193366,0.9840243976983671,0.2053632389205863,0.39186033606529236
majority,120,source_heldout,240000,60000,0.6063791666666667,0.5,36286,23714,0,0,0.6047666666666667,0.5,0.6047666666666667,1.0,0.7537128969943709,0.37685644849718547,0.0,1.0,0.0,0.0,0.5,0.6047666666666667,0.3952333333333333,0.3952333333333333
majority,120,target,240000,1640182,0.6063791666666667,0.5,1552136,88046,0,0,0.9463193718745847,0.5,0.9463193718745847,1.0,0.9724194143565897,0.48620970717829487,0.0,1.0,0.0,0.0,0.5,0.9463193718745847,0.05368062812541535,0.05368062812541535
stratified,120,source_heldout,240000,60000,0.6063791666666667,0.5,22047,14266,9448,14239,0.5249166666666667,0.503002071373128,0.6071379395808664,0.6075897040180785,0.6073637377925316,0.5030025583331975,0.006005329896622686,0.6015855612718225,0.3924102959819214,0.39841443872817744,0.503002071373128,0.6062074276747513,0.3966816671776567,0.47508333333333336
stratified,120,target,240000,1640182,0.6063791666666667,0.5,941851,53460,34586,610285,0.5953223483735341,0.49981348730278574,0.9462881451124322,0.606809583696274,0.7394469835878823,0.41691300984305174,-0.00017212433445667355,0.6071826090907025,0.393190416303726,0.3928173909092974,0.49981348730278574,0.9463004231760427,0.05366169581490017,0.40467765162646585
logreg,120,source_heldout,240000,60000,0.6063791666666667,0.5,28078,8537,15177,8208,0.7209166666666667,0.7068993717416996,0.766844189539806,0.7737970567160889,0.7703049340886956,0.707388607939059,0.4148230851196566,0.35999831323268955,0.22620294328391116,0.6400016867673104,0.8153842696587846,0.860371865135739,0.7580535482946354,0.15606038987224338
logreg,120,target,240000,1640182,0.6063791666666667,0.5,1225666,28008,60038,326470,0.7838788622238264,0.7357788028494192,0.9776592638915699,0.7896640500574692,0.8736628638432395,0.5633460119272672,0.25042800966070494,0.3181064443586307,0.2103359499425308,0.6818935556413693,0.8265871367820752,0.9794402424370809,0.43589636485924294,0.15580520391411032
tree,120,source_heldout,240000,60000,0.6063791666666667,0.5,29503,7307,16407,6783,0.7651666666666667,0.7524690912999228,0.8014941591958706,0.8130684010362124,0.807239794243187,0.7534194877748427,0.5069637252757457,0.3081302184363667,0.1869315989637877,0.6918697815636333,0.8665452188934804,0.8881005703161393,0.7911546200000268,0.1375496864582109
tree,120,target,240000,1640182,0.6063791666666667,0.5,534365,17311,70735,1017771,0.36892247323772603,0.573832021349338,0.9686210746887666,0.34427717674224423,0.5079969122716288,0.31411904579101024,0.07044286262698964,0.19661313404356814,0.6557228232577558,0.8033868659564318,0.5884763053331454,0.9575010639948199,0.06467383702068163,0.623990357345337
rf,120,source_heldout,240000,60000,0.6063791666666667,0.5,31721,10195,13519,4565,0.754,0.7221395428670928,0.7567754556732512,0.874193903985008,0.8112580240914554,0.7290655401092714,0.47335902347744335,0.4299148182508223,0.125806096014992,0.5700851817491777,0.8446878597486498,0.8871130639126582,0.7869249211615796,0.15079096894062258
rf,120,target,240000,1640182,0.6063791666666667,0.5,544417,8205,79841,1007719,0.3806028843140578,0.6287817449557893,0.9851525997879201,0.3507534133606849,0.5173202810014262,0.3265749010582468,0.1228183628660599,0.09318992344910615,0.6492465866393151,0.9068100765508939,0.8400411015952575,0.9819435035080566,0.40369048513651484,0.36966951168475154
xgboost,120,source_heldout,240000,60000,0.6063791666666667,0.5,29494,7291,16423,6792,0.7652833333333333,0.7526824299904755,0.8017942095963029,0.8128203714931378,0.8072696418551819,0.7535890070385245,0.5072911339469259,0.3074555115121869,0.18717962850686215,0.6925444884878131,0.8664159216432945,0.8935436737217182,0.8106853352491027,0.13756267726421356
xgboost,120,target,240000,1640182,0.6063791666666667,0.5,939446,9149,78897,612690,0.6208719520150813,0.7506742572025937,0.9903552095467507,0.6052601060731791,0.7513371090293198,0.47686616928981695,0.22882085679636105,0.10391159166799173,0.39473989392682085,0.8960884083320083,0.8113151355670956,0.9840751636920624,0.1969706384766454,0.3535601496696472
hgb,120,source_heldout,240000,60000,0.6063791666666667,0.5,29498,7291,16423,6788,0.76535,0.7527375476667142,0.8018157601456958,0.8129306068456154,0.8073349298665754,0.7536514819817693,0.5074179208422047,0.3074555115121869,0.18706939315438462,0.6925444884878131,0.8665404878472637,0.8935687692290168,0.8105489704765098,0.13735872359240964
hgb,120,target,240000,1640182,0.6063791666666667,0.5,1057192,10118,77928,494944,0.6920695386243721,0.7831017620813926,0.9905200925691692,0.6811207265342728,0.8071874739925923,0.5215024639488076,0.26768139205682107,0.11491720237148763,0.31887927346572725,0.8850827976285124,0.8125255771418802,0.983679386066665,0.20841949476014726,0.29977743204807944
mlp,120,source_heldout,240000,60000,0.6063791666666667,0.5,29478,7313,16401,6808,0.76465,0.7519980982751467,0.8012285613329346,0.8123794300832277,0.8067654665626668,0.7529128144781878,0.5059413840322946,0.3083832335329341,0.1876205699167723,0.6916167664670658,0.8659011231515341,0.8932346254339893,0.8106209743255973,0.13866254687309265
mlp,120,target,240000,1640182,0.6063791666666667,0.5,1044074,8879,79167,508062,0.684827049681072,0.785912067357363,0.9915675248562852,0.6726691475489261,0.8015649369368955,0.5180191498204895,0.2688276540225124,0.1008450128342003,0.32733085245107385,0.8991549871657997,0.8431976411711247,0.9848105488672816,0.24057853386161818,0.31007927656173706
