protocol,direction,rep,model,model_seed,test_sessions,n_train,n_test,train_prevalence,test_prevalence,n_unseen_test_categories,balanced_accuracy,roc_auc,f1_macro,recall,fpr,false_alerts_per_benign_ue_hour,det_benign,det_bruteforce,det_ddos,det_dos,det_probe,det_web
time_stratified,forward,0,logreg,11,"11,14,21,22,28,29",2309,499,0.7769597228237333,0.7074148296593187,0,0.5732275214404905,0.5602856144980403,0.5644476289734236,0.9546742209631728,0.8082191780821918,181.84931506849315,0.1917808219178082,1.0,0.9230769230769231,0.9801980198019802,0.8936170212765957,1.0
time_stratified,forward,0,logreg,12,"11,14,21,22,28,29",2309,499,0.7769597228237333,0.7074148296593187,0,0.5732275214404905,0.5602856144980403,0.5644476289734236,0.9546742209631728,0.8082191780821918,181.84931506849315,0.1917808219178082,1.0,0.9230769230769231,0.9801980198019802,0.8936170212765957,1.0
time_stratified,forward,0,logreg,13,"11,14,21,22,28,29",2309,499,0.7769597228237333,0.7074148296593187,0,0.5732275214404905,0.5602856144980403,0.5644476289734236,0.9546742209631728,0.8082191780821918,181.84931506849315,0.1917808219178082,1.0,0.9230769230769231,0.9801980198019802,0.8936170212765957,1.0
time_stratified,forward,0,logreg,14,"11,14,21,22,28,29",2309,499,0.7769597228237333,0.7074148296593187,0,0.5732275214404905,0.5602856144980403,0.5644476289734236,0.9546742209631728,0.8082191780821918,181.84931506849315,0.1917808219178082,1.0,0.9230769230769231,0.9801980198019802,0.8936170212765957,1.0
time_stratified,forward,0,logreg,15,"11,14,21,22,28,29",2309,499,0.7769597228237333,0.7074148296593187,0,0.5732275214404905,0.5602856144980403,0.5644476289734236,0.9546742209631728,0.8082191780821918,181.84931506849315,0.1917808219178082,1.0,0.9230769230769231,0.9801980198019802,0.8936170212765957,1.0
time_stratified,forward,0,tree,11,"11,14,21,22,28,29",2309,499,0.7769597228237333,0.7074148296593187,0,0.524350964336994,0.5243509643369941,0.5070874697486047,0.8980169971671388,0.8493150684931506,191.0958904109589,0.15068493150684936,1.0,0.6153846153846154,0.9504950495049505,0.8936170212765957,0.9824561403508771
time_stratified,forward,0,tree,12,"11,14,21,22,28,29",2309,499,0.7769597228237333,0.7074148296593187,0,0.5180934456129458,0.5180934456129458,0.4996647494848214,0.8923512747875354,0.8561643835616438,192.63698630136986,0.14383561643835618,1.0,0.6153846153846154,0.9504950495049505,0.8936170212765957,0.9473684210526315
time_stratified,forward,0,tree,13,"11,14,21,22,28,29",2309,499,0.7769597228237333,0.7074148296593187,0,0.525767394931895,0.525767394931895,0.5083743842364532,0.9008498583569405,0.8493150684931506,191.0958904109589,0.15068493150684936,1.0,0.6153846153846154,0.9603960396039604,0.8936170212765957,0.9824561403508771
time_stratified,forward,0,tree,14,"11,14,21,22,28,29",2309,499,0.7769597228237333,0.7074148296593187,0,0.5180934456129458,0.5180934456129458,0.4996647494848214,0.8923512747875354,0.8561643835616438,192.63698630136986,0.14383561643835618,1.0,0.6153846153846154,0.9603960396039604,0.8936170212765957,0.9298245614035088
time_stratified,forward,0,tree,15,"11,14,21,22,28,29",2309,499,0.7769597228237333,0.7074148296593187,0,0.5195098762078466,0.5195098762078467,0.5009260631204623,0.8951841359773371,0.8561643835616438,192.63698630136986,0.14383561643835618,1.0,0.6153846153846154,0.9504950495049505,0.8936170212765957,0.9649122807017544
time_stratified,forward,0,rf,11,"11,14,21,22,28,29",2309,499,0.7769597228237333,0.7074148296593187,0,0.5620027940548721,0.6543812332647755,0.540592567793773,0.9801699716713881,0.8561643835616438,192.63698630136986,0.14383561643835618,1.0,0.9423076923076923,1.0,0.9574468085106383,1.0
time_stratified,forward,0,rf,12,"11,14,21,22,28,29",2309,499,0.7769597228237333,0.7074148296593187,0,0.5668438821840196,0.6443498001474641,0.5475532864635644,0.9830028328611898,0.8493150684931506,191.0958904109589,0.15068493150684936,1.0,0.9615384615384616,1.0,0.9574468085106383,1.0
time_stratified,forward,0,rf,13,"11,14,21,22,28,29",2309,499,0.7769597228237333,0.7074148296593187,0,0.5620027940548721,0.6700104777057706,0.540592567793773,0.9801699716713881,0.8561643835616438,192.63698630136986,0.14383561643835618,1.0,0.9423076923076923,1.0,0.9574468085106383,1.0
time_stratified,forward,0,rf,14,"11,14,21,22,28,29",2309,499,0.7769597228237333,0.7074148296593187,0,0.5585781365206255,0.6723582599247158,0.5350008758101243,0.9801699716713881,0.863013698630137,194.17808219178082,0.136986301369863,1.0,0.9230769230769231,1.0,0.9680851063829787,1.0
time_stratified,forward,0,rf,15,"11,14,21,22,28,29",2309,499,0.7769597228237333,0.7074148296593187,0,0.5585781365206255,0.6622395125926501,0.5350008758101243,0.9801699716713881,0.863013698630137,194.17808219178082,0.136986301369863,1.0,0.9423076923076923,1.0,0.9574468085106383,1.0
time_stratified,forward,0,xgboost,11,"11,14,21,22,28,29",2309,499,0.7769597228237333,0.7074148296593187,0,0.5637781830882067,0.4781423415732082,0.548325455094036,0.9631728045325779,0.8356164383561644,188.013698630137,0.1643835616438356,1.0,0.8269230769230769,1.0,0.9574468085106383,1.0
time_stratified,forward,0,xgboost,12,"11,14,21,22,28,29",2309,499,0.7769597228237333,0.7074148296593187,0,0.5666110442780085,0.444167410454422,0.5512013362456636,0.9688385269121813,0.8356164383561644,188.013698630137,0.1643835616438356,1.0,0.8653846153846154,1.0,0.9574468085106383,1.0
time_stratified,forward,0,xgboost,13,"11,14,21,22,28,29",2309,499,0.7769597228237333,0.7074148296593187,0,0.5694439054678102,0.48140207225736353,0.5541026323149228,0.9745042492917847,0.8356164383561644,188.013698630137,0.1643835616438356,1.0,0.8846153846153846,1.0,0.9680851063829787,1.0
time_stratified,forward,0,xgboost,14,"11,14,21,22,28,29",2309,499,0.7769597228237333,0.7074148296593187,0,0.5680274748729093,0.4778027862936086,0.5526487367563162,0.9716713881019831,0.8356164383561644,188.013698630137,0.1643835616438356,1.0,0.8653846153846154,1.0,0.9680851063829787,1.0
time_stratified,forward,0,xgboost,15,"11,14,21,22,28,29",2309,499,0.7769597228237333,0.7074148296593187,0,0.5666110442780085,0.4980014746400714,0.5512013362456636,0.9688385269121813,0.8356164383561644,188.013698630137,0.1643835616438356,1.0,0.8461538461538461,1.0,0.9680851063829787,1.0
time_stratified,forward,0,hgb,11,"11,14,21,22,28,29",2309,499,0.7769597228237333,0.7074148296593187,0,0.5496138771391983,0.48106251697776403,0.5342902198049754,0.9348441926345609,0.8356164383561644,188.013698630137,0.1643835616438356,1.0,0.6538461538461539,1.0,0.9468085106382979,1.0
time_stratified,forward,0,hgb,12,"11,14,21,22,28,29",2309,499,0.7769597228237333,0.7074148296593187,0,0.5496138771391983,0.48106251697776403,0.5342902198049754,0.9348441926345609,0.8356164383561644,188.013698630137,0.1643835616438356,1.0,0.6538461538461539,1.0,0.9468085106382979,1.0
time_stratified,forward,0,hgb,13,"11,14,21,22,28,29",2309,499,0.7769597228237333,0.7074148296593187,0,0.5496138771391983,0.48106251697776403,0.5342902198049754,0.9348441926345609,0.8356164383561644,188.013698630137,0.1643835616438356,1.0,0.6538461538461539,1.0,0.9468085106382979,1.0
time_stratified,forward,0,hgb,14,"11,14,21,22,28,29",2309,499,0.7769597228237333,0.7074148296593187,0,0.5496138771391983,0.48106251697776403,0.5342902198049754,0.9348441926345609,0.8356164383561644,188.013698630137,0.1643835616438356,1.0,0.6538461538461539,1.0,0.9468085106382979,1.0
time_stratified,forward,0,hgb,15,"11,14,21,22,28,29",2309,499,0.7769597228237333,0.7074148296593187,0,0.5496138771391983,0.48106251697776403,0.5342902198049754,0.9348441926345609,0.8356164383561644,188.013698630137,0.1643835616438356,1.0,0.6538461538461539,1.0,0.9468085106382979,1.0
time_stratified,forward,0,mlp,11,"11,14,21,22,28,29",2309,499,0.7769597228237333,0.7074148296593187,0,0.5748767899414025,0.6117039854088245,0.5632002801120448,0.9716713881019831,0.821917808219178,184.93150684931507,0.17808219178082196,1.0,0.8846153846153846,1.0,0.9574468085106383,1.0
time_stratified,forward,0,mlp,12,"11,14,21,22,28,29",2309,499,0.7769597228237333,0.7074148296593187,0,0.570860336062711,0.5371279444293531,0.5555631679912305,0.9773371104815864,0.8356164383561644,188.013698630137,0.1643835616438356,1.0,0.9615384615384616,1.0,0.9361702127659575,1.0
time_stratified,forward,0,mlp,13,"11,14,21,22,28,29",2309,499,0.7769597228237333,0.7074148296593187,0,0.570035701812255,0.612344289650355,0.5564802844214609,0.9688385269121813,0.8287671232876712,186.47260273972603,0.17123287671232879,1.0,0.8846153846153846,1.0,0.9468085106382979,1.0
time_stratified,forward,0,mlp,14,"11,14,21,22,28,29",2309,499,0.7769597228237333,0.7074148296593187,0,0.5768850168807482,0.6130525049478055,0.5668865505822027,0.9688385269121813,0.815068493150685,183.3904109589041,0.18493150684931503,1.0,0.8846153846153846,1.0,0.9468085106382979,1.0
time_stratified,forward,0,mlp,15,"11,14,21,22,28,29",2309,499,0.7769597228237333,0.7074148296593187,0,0.5768850168807482,0.5661259653071521,0.5668865505822027,0.9688385269121813,0.815068493150685,183.3904109589041,0.18493150684931503,1.0,0.8653846153846154,1.0,0.9574468085106383,1.0
time_stratified,forward,0,stratified,11,"11,14,21,22,28,29",2309,499,0.7769597228237333,0.7074148296593187,0,0.5116224921417206,0.5116224921417207,0.5088582677165354,0.7903682719546742,0.7671232876712328,172.60273972602738,0.23287671232876717,0.7551020408163265,0.8076923076923077,0.8316831683168316,0.7872340425531915,0.7368421052631579
time_stratified,forward,0,stratified,12,"11,14,21,22,28,29",2309,499,0.7769597228237333,0.7074148296593187,0,0.5452772711397416,0.5452772711397416,0.5460263988313396,0.7960339943342776,0.7054794520547946,158.7328767123288,0.29452054794520544,0.7755102040816326,0.7307692307692307,0.8712871287128713,0.776595744680851,0.7719298245614035
time_stratified,forward,0,stratified,13,"11,14,21,22,28,29",2309,499,0.7769597228237333,0.7074148296593187,0,0.5224882610889052,0.5224882610889052,0.52149259954138,0.7847025495750708,0.7397260273972602,166.43835616438355,0.26027397260273977,0.8367346938775511,0.8076923076923077,0.7425742574257426,0.7872340425531915,0.7894736842105263
time_stratified,forward,0,stratified,14,"11,14,21,22,28,29",2309,499,0.7769597228237333,0.7074148296593187,0,0.5166964181768792,0.5166964181768792,0.5130972468557443,0.8073654390934845,0.773972602739726,174.14383561643837,0.226027397260274,0.7959183673469388,0.6923076923076923,0.7920792079207921,0.8617021276595744,0.8596491228070176
time_stratified,forward,0,stratified,15,"11,14,21,22,28,29",2309,499,0.7769597228237333,0.7074148296593187,0,0.49485816290892154,0.4948581629089215,0.4916170761908245,0.7705382436260623,0.7808219178082192,175.68493150684932,0.2191780821917808,0.8163265306122449,0.7307692307692307,0.7227722772277227,0.851063829787234,0.7192982456140351
time_stratified,forward,0,majority,11,"11,14,21,22,28,29",2309,499,0.7769597228237333,0.7074148296593187,0,0.5,0.5,0.41431924882629106,1.0,1.0,225.0,0.0,1.0,1.0,1.0,1.0,1.0
time_stratified,forward,0,majority,12,"11,14,21,22,28,29",2309,499,0.7769597228237333,0.7074148296593187,0,0.5,0.5,0.41431924882629106,1.0,1.0,225.0,0.0,1.0,1.0,1.0,1.0,1.0
time_stratified,forward,0,majority,13,"11,14,21,22,28,29",2309,499,0.7769597228237333,0.7074148296593187,0,0.5,0.5,0.41431924882629106,1.0,1.0,225.0,0.0,1.0,1.0,1.0,1.0,1.0
time_stratified,forward,0,majority,14,"11,14,21,22,28,29",2309,499,0.7769597228237333,0.7074148296593187,0,0.5,0.5,0.41431924882629106,1.0,1.0,225.0,0.0,1.0,1.0,1.0,1.0,1.0
time_stratified,forward,0,majority,15,"11,14,21,22,28,29",2309,499,0.7769597228237333,0.7074148296593187,0,0.5,0.5,0.41431924882629106,1.0,1.0,225.0,0.0,1.0,1.0,1.0,1.0,1.0
time_stratified,reverse,0,logreg,11,"0,9,12,15,17,23",2359,449,0.7439593047901654,0.8730512249443207,0,0.9502551020408163,0.998657357679914,0.8463745229635479,0.9005102040816326,0.0,0.0,1.0,0.7211538461538461,1.0,0.9896907216494846,0.88,1.0
time_stratified,reverse,0,logreg,12,"0,9,12,15,17,23",2359,449,0.7439593047901654,0.8730512249443207,0,0.9502551020408163,0.998657357679914,0.8463745229635479,0.9005102040816326,0.0,0.0,1.0,0.7211538461538461,1.0,0.9896907216494846,0.88,1.0
time_stratified,reverse,0,logreg,13,"0,9,12,15,17,23",2359,449,0.7439593047901654,0.8730512249443207,0,0.9502551020408163,0.998657357679914,0.8463745229635479,0.9005102040816326,0.0,0.0,1.0,0.7211538461538461,1.0,0.9896907216494846,0.88,1.0
time_stratified,reverse,0,logreg,14,"0,9,12,15,17,23",2359,449,0.7439593047901654,0.8730512249443207,0,0.9502551020408163,0.998657357679914,0.8463745229635479,0.9005102040816326,0.0,0.0,1.0,0.7211538461538461,1.0,0.9896907216494846,0.88,1.0
time_stratified,reverse,0,logreg,15,"0,9,12,15,17,23",2359,449,0.7439593047901654,0.8730512249443207,0,0.9502551020408163,0.998657357679914,0.8463745229635479,0.9005102040816326,0.0,0.0,1.0,0.7211538461538461,1.0,0.9896907216494846,0.88,1.0
time_stratified,reverse,0,tree,11,"0,9,12,15,17,23",2359,449,0.7439593047901654,0.8730512249443207,0,0.9591836734693877,0.9617346938775511,0.8691343631594288,0.9183673469387755,0.0,0.0,1.0,0.9615384615384616,0.956140350877193,0.7835051546391752,0.9733333333333334,1.0
time_stratified,reverse,0,tree,12,"0,9,12,15,17,23",2359,449,0.7439593047901654,0.8730512249443207,0,0.9604591836734694,0.9630102040816326,0.8725191189265925,0.9209183673469388,0.0,0.0,1.0,0.9807692307692307,0.9385964912280702,0.7835051546391752,0.9866666666666667,1.0
time_stratified,reverse,0,tree,13,"0,9,12,15,17,23",2359,449,0.7439593047901654,0.8730512249443207,0,0.9617346938775511,0.9642857142857143,0.8759394341290893,0.923469387755102,0.0,0.0,1.0,0.9807692307692307,0.9473684210526315,0.7835051546391752,0.9866666666666667,1.0
time_stratified,reverse,0,tree,14,"0,9,12,15,17,23",2359,449,0.7439593047901654,0.8730512249443207,0,0.9630102040816326,0.965561224489796,0.8793961005881535,0.9260204081632653,0.0,0.0,1.0,0.9615384615384616,0.9649122807017544,0.7835051546391752,1.0,1.0
time_stratified,reverse,0,tree,15,"0,9,12,15,17,23",2359,449,0.7439593047901654,0.8730512249443207,0,0.9642857142857143,0.9668367346938775,0.8828899321857069,0.9285714285714286,0.0,0.0,1.0,0.9807692307692307,0.9649122807017544,0.7835051546391752,0.9866666666666667,1.0
time_stratified,reverse,0,rf,11,"0,9,12,15,17,23",2359,449,0.7439593047901654,0.8730512249443207,0,0.9681122448979591,1.0,0.8936029042378746,0.9362244897959183,0.0,0.0,1.0,0.7596153846153846,1.0,1.0,1.0,1.0
time_stratified,reverse,0,rf,12,"0,9,12,15,17,23",2359,449,0.7439593047901654,0.8730512249443207,0,0.9693877551020409,1.0,0.897254004576659,0.9387755102040817,0.0,0.0,1.0,0.7692307692307693,1.0,1.0,1.0,1.0
time_stratified,reverse,0,rf,13,"0,9,12,15,17,23",2359,449,0.7439593047901654,0.8730512249443207,0,0.9681122448979591,1.0,0.8936029042378746,0.9362244897959183,0.0,0.0,1.0,0.7596153846153846,1.0,1.0,1.0,1.0
time_stratified,reverse,0,rf,14,"0,9,12,15,17,23",2359,449,0.7439593047901654,0.8730512249443207,0,0.9744897959183674,1.0,0.9122841290927561,0.9489795918367347,0.0,0.0,1.0,0.8076923076923077,1.0,1.0,1.0,1.0
time_stratified,reverse,0,rf,15,"0,9,12,15,17,23",2359,449,0.7439593047901654,0.8730512249443207,0,0.9693877551020409,1.0,0.897254004576659,0.9387755102040817,0.0,0.0,1.0,0.7692307692307693,1.0,1.0,1.0,1.0
time_stratified,reverse,0,xgboost,11,"0,9,12,15,17,23",2359,449,0.7439593047901654,0.8730512249443207,0,0.9834183673469388,1.0,0.9403882880398704,0.9668367346938775,0.0,0.0,1.0,0.9423076923076923,0.9473684210526315,0.9896907216494846,1.0,1.0
time_stratified,reverse,0,xgboost,12,"0,9,12,15,17,23",2359,449,0.7439593047901654,0.8730512249443207,0,0.9783163265306123,1.0,0.9240323656160117,0.9566326530612245,0.0,0.0,1.0,0.8557692307692307,0.9824561403508771,1.0,1.0,1.0
time_stratified,reverse,0,xgboost,13,"0,9,12,15,17,23",2359,449,0.7439593047901654,0.8730512249443207,0,0.9795918367346939,1.0,0.9280448717948717,0.9591836734693877,0.0,0.0,1.0,0.8557692307692307,0.9912280701754386,1.0,1.0,1.0
time_stratified,reverse,0,xgboost,14,"0,9,12,15,17,23",2359,449,0.7439593047901654,0.8730512249443207,0,0.9693877551020409,1.0,0.897254004576659,0.9387755102040817,0.0,0.0,1.0,0.7980769230769231,0.9736842105263158,1.0,1.0,1.0
time_stratified,reverse,0,xgboost,15,"0,9,12,15,17,23",2359,449,0.7439593047901654,0.8730512249443207,0,0.9795918367346939,1.0,0.9280448717948717,0.9591836734693877,0.0,0.0,1.0,0.875,0.9736842105263158,1.0,1.0,1.0
time_stratified,reverse,0,hgb,11,"0,9,12,15,17,23",2359,449,0.7439593047901654,0.8730512249443207,0,0.9948979591836735,1.0,0.9804867448935246,0.9897959183673469,0.0,0.0,1.0,0.9615384615384616,1.0,1.0,1.0,1.0
time_stratified,reverse,0,hgb,12,"0,9,12,15,17,23",2359,449,0.7439593047901654,0.8730512249443207,0,0.9948979591836735,1.0,0.9804867448935246,0.9897959183673469,0.0,0.0,1.0,0.9615384615384616,1.0,1.0,1.0,1.0
time_stratified,reverse,0,hgb,13,"0,9,12,15,17,23",2359,449,0.7439593047901654,0.8730512249443207,0,0.9948979591836735,1.0,0.9804867448935246,0.9897959183673469,0.0,0.0,1.0,0.9615384615384616,1.0,1.0,1.0,1.0
time_stratified,reverse,0,hgb,14,"0,9,12,15,17,23",2359,449,0.7439593047901654,0.8730512249443207,0,0.9948979591836735,1.0,0.9804867448935246,0.9897959183673469,0.0,0.0,1.0,0.9615384615384616,1.0,1.0,1.0,1.0
time_stratified,reverse,0,hgb,15,"0,9,12,15,17,23",2359,449,0.7439593047901654,0.8730512249443207,0,0.9948979591836735,1.0,0.9804867448935246,0.9897959183673469,0.0,0.0,1.0,0.9615384615384616,1.0,1.0,1.0,1.0
time_stratified,reverse,0,mlp,11,"0,9,12,15,17,23",2359,449,0.7439593047901654,0.8730512249443207,0,0.9821428571428572,0.9999552452559971,0.936221590909091,0.9642857142857143,0.0,0.0,1.0,0.9230769230769231,0.956140350877193,1.0,0.9866666666666667,1.0
time_stratified,reverse,0,mlp,12,"0,9,12,15,17,23",2359,449,0.7439593047901654,0.8730512249443207,0,0.9744897959183674,1.0,0.9122841290927561,0.9489795918367347,0.0,0.0,1.0,0.8557692307692307,0.9736842105263158,0.9896907216494846,0.9866666666666667,1.0
time_stratified,reverse,0,mlp,13,"0,9,12,15,17,23",2359,449,0.7439593047901654,0.8730512249443207,0,0.9859693877551021,1.0,0.9488848641655887,0.9719387755102041,0.0,0.0,1.0,0.9326923076923077,0.9736842105263158,1.0,0.9866666666666667,1.0
time_stratified,reverse,0,mlp,14,"0,9,12,15,17,23",2359,449,0.7439593047901654,0.8730512249443207,0,0.9795918367346939,1.0,0.9280448717948717,0.9591836734693877,0.0,0.0,1.0,0.9038461538461539,0.9649122807017544,1.0,0.9733333333333334,1.0
time_stratified,reverse,0,mlp,15,"0,9,12,15,17,23",2359,449,0.7439593047901654,0.8730512249443207,0,0.9923469387755102,1.0,0.9711439588688946,0.9846938775510204,0.0,0.0,1.0,0.9807692307692307,0.9736842105263158,1.0,0.9866666666666667,1.0
time_stratified,reverse,0,stratified,11,"0,9,12,15,17,23",2359,449,0.7439593047901654,0.8730512249443207,0,0.4877595775152166,0.4877595775152167,0.4788435158805529,0.7474489795918368,0.7719298245614035,173.68421052631578,0.22807017543859653,0.7307692307692307,0.7543859649122807,0.7628865979381443,0.7333333333333333,1.0
time_stratified,reverse,0,stratified,12,"0,9,12,15,17,23",2359,449,0.7439593047901654,0.8730512249443207,0,0.48760293591120657,0.4876029359112065,0.47576733507291347,0.7295918367346939,0.7543859649122807,169.73684210526315,0.24561403508771928,0.7403846153846154,0.6491228070175439,0.7938144329896907,0.76,0.5
time_stratified,reverse,0,stratified,13,"0,9,12,15,17,23",2359,449,0.7439593047901654,0.8730512249443207,0,0.5027524167561761,0.5027524167561761,0.48808451265696634,0.7423469387755102,0.7368421052631579,165.78947368421052,0.26315789473684215,0.7596153846153846,0.7105263157894737,0.7422680412371134,0.76,1.0
time_stratified,reverse,0,stratified,14,"0,9,12,15,17,23",2359,449,0.7439593047901654,0.8730512249443207,0,0.5080110991765128,0.5080110991765128,0.4967258568815999,0.7704081632653061,0.7543859649122807,169.73684210526315,0.24561403508771928,0.8173076923076923,0.7368421052631579,0.7216494845360825,0.8266666666666667,0.5
time_stratified,reverse,0,stratified,15,"0,9,12,15,17,23",2359,449,0.7439593047901654,0.8730512249443207,0,0.44358664518438956,0.44358664518438956,0.4441349427421851,0.7117346938775511,0.8245614035087719,185.5263157894737,0.17543859649122806,0.7115384615384616,0.6929824561403509,0.6701030927835051,0.7866666666666666,1.0
time_stratified,reverse,0,majority,11,"0,9,12,15,17,23",2359,449,0.7439593047901654,0.8730512249443207,0,0.5,0.5,0.4661117717003567,1.0,1.0,225.0,0.0,1.0,1.0,1.0,1.0,1.0
time_stratified,reverse,0,majority,12,"0,9,12,15,17,23",2359,449,0.7439593047901654,0.8730512249443207,0,0.5,0.5,0.4661117717003567,1.0,1.0,225.0,0.0,1.0,1.0,1.0,1.0,1.0
time_stratified,reverse,0,majority,13,"0,9,12,15,17,23",2359,449,0.7439593047901654,0.8730512249443207,0,0.5,0.5,0.4661117717003567,1.0,1.0,225.0,0.0,1.0,1.0,1.0,1.0,1.0
time_stratified,reverse,0,majority,14,"0,9,12,15,17,23",2359,449,0.7439593047901654,0.8730512249443207,0,0.5,0.5,0.4661117717003567,1.0,1.0,225.0,0.0,1.0,1.0,1.0,1.0,1.0
time_stratified,reverse,0,majority,15,"0,9,12,15,17,23",2359,449,0.7439593047901654,0.8730512249443207,0,0.5,0.5,0.4661117717003567,1.0,1.0,225.0,0.0,1.0,1.0,1.0,1.0,1.0
random_stratified,n/a,0,logreg,11,"2,10,12,16,17,23",2078,730,0.7098171318575554,0.9205479452054794,0,0.7589285714285714,0.9995894909688012,0.47299465240641714,0.5178571428571429,0.0,0.0,1.0,0.625,0.9649122807017544,0.8947368421052632,0.24089635854341737,1.0
random_stratified,n/a,0,tree,11,"2,10,12,16,17,23",2078,730,0.7098171318575554,0.9205479452054794,0,0.9025297619047619,0.9025297619047619,0.6808194625697989,0.8050595238095238,0.0,0.0,1.0,0.9230769230769231,0.8859649122807017,0.9894736842105263,0.6946778711484594,1.0
random_stratified,n/a,0,rf,11,"2,10,12,16,17,23",2078,730,0.7098171318575554,0.9205479452054794,0,0.9144345238095238,1.0,0.7042962462002331,0.8288690476190477,0.0,0.0,1.0,0.8557692307692307,1.0,1.0,0.7198879551820728,1.0
random_stratified,n/a,0,xgboost,11,"2,10,12,16,17,23",2078,730,0.7098171318575554,0.9205479452054794,0,0.9032738095238095,1.0,0.6822303478388985,0.8065476190476191,0.0,0.0,1.0,0.9519230769230769,0.9298245614035088,1.0,0.6722689075630253,1.0
random_stratified,n/a,0,hgb,11,"2,10,12,16,17,23",2078,730,0.7098171318575554,0.9205479452054794,0,0.9293154761904762,1.0,0.7368510922482061,0.8586309523809523,0.0,0.0,1.0,0.9807692307692307,0.9649122807017544,1.0,0.7507002801120448,1.0
random_stratified,n/a,0,mlp,11,"2,10,12,16,17,23",2078,730,0.7098171318575554,0.9205479452054794,0,0.9337797619047619,0.9998717159277504,0.7474686619376154,0.8675595238095238,0.0,0.0,1.0,0.9423076923076923,0.9824561403508771,0.9789473684210527,0.7787114845938375,1.0
random_stratified,n/a,0,stratified,11,"2,10,12,16,17,23",2078,730,0.7098171318575554,0.9205479452054794,0,0.5231681034482758,0.5231681034482759,0.47595118449389806,0.71875,0.6724137931034483,151.29310344827587,0.3275862068965517,0.7788461538461539,0.7456140350877193,0.6736842105263158,0.7086834733893558,0.0
random_stratified,n/a,0,majority,11,"2,10,12,16,17,23",2078,730,0.7098171318575554,0.9205479452054794,0,0.5,0.5,0.4793152639087018,1.0,1.0,225.0,0.0,1.0,1.0,1.0,1.0,1.0
random_stratified,n/a,1,logreg,11,"0,10,12,15,19,25",1976,832,0.694331983805668,0.9314903846153846,0,0.8006451612903226,0.9998415393322015,0.5102553991576229,0.6012903225806452,0.0,0.0,1.0,0.6826923076923077,0.9661016949152542,0.9587628865979382,0.2549019607843137,1.0
random_stratified,n/a,1,tree,11,"0,10,12,15,19,25",1976,832,0.694331983805668,0.9314903846153846,0,0.912258064516129,0.912258064516129,0.6799094766619519,0.824516129032258,0.0,0.0,1.0,0.9519230769230769,0.9717514124293786,0.8144329896907216,0.6974789915966386,1.0
random_stratified,n/a,1,rf,11,"0,10,12,15,19,25",1976,832,0.694331983805668,0.9314903846153846,0,0.9316129032258065,1.0,0.7223873079828759,0.863225806451613,0.0,0.0,1.0,0.9711538461538461,1.0,1.0,0.711484593837535,1.0
random_stratified,n/a,1,xgboost,11,"0,10,12,15,19,25",1976,832,0.694331983805668,0.9314903846153846,0,0.9303225806451613,1.0,0.7193087678524572,0.8606451612903225,0.0,0.0,1.0,0.9711538461538461,1.0,1.0,0.7058823529411765,1.0
random_stratified,n/a,1,hgb,11,"0,10,12,15,19,25",1976,832,0.694331983805668,0.9314903846153846,0,0.9438709677419355,1.0,0.7538486650819722,0.8877419354838709,0.0,0.0,1.0,1.0,1.0,1.0,0.7563025210084033,1.0
random_stratified,n/a,1,mlp,11,"0,10,12,15,19,25",1976,832,0.694331983805668,0.9314903846153846,0,0.952258064516129,0.9974872665534804,0.7781237386841954,0.9045161290322581,0.0,0.0,1.0,0.8557692307692307,1.0,1.0,0.834733893557423,1.0
random_stratified,n/a,1,stratified,11,"0,10,12,15,19,25",1976,832,0.694331983805668,0.9314903846153846,0,0.5004753820033956,0.5004753820033956,0.45122187132185854,0.6851612903225807,0.6842105263157895,153.94736842105263,0.3157894736842105,0.75,0.6666666666666666,0.6597938144329897,0.6834733893557423,0.675
random_stratified,n/a,1,majority,11,"0,10,12,15,19,25",1976,832,0.694331983805668,0.9314903846153846,0,0.5,0.5,0.48226509023024267,1.0,1.0,225.0,0.0,1.0,1.0,1.0,1.0,1.0
random_stratified,n/a,2,logreg,11,"8,11,12,21,22,26",2143,665,0.7176854876341577,0.9157894736842105,0,0.48378489326765184,0.747654234107436,0.4837580002415167,0.8604269293924466,0.8928571428571429,200.89285714285717,0.1071428571428571,0.8557692307692307,0.8458498023715415,1.0,0.6914893617021277,0.9649122807017544
random_stratified,n/a,2,tree,11,"8,11,12,21,22,26",2143,665,0.7176854876341577,0.9157894736842105,0,0.4397577996715928,0.4397577996715928,0.4499414748341787,0.825944170771757,0.9464285714285714,212.94642857142856,0.0535714285714286,0.7788461538461539,0.9446640316205533,0.46534653465346537,0.851063829787234,0.9824561403508771
random_stratified,n/a,2,rf,11,"8,11,12,21,22,26",2143,665,0.7176854876341577,0.9157894736842105,0,0.47865353037766833,0.6738798967863007,0.4671474358974359,0.9573070607553367,1.0,225.0,0.0,0.7980769230769231,1.0,1.0,0.9468085106382979,1.0
random_stratified,n/a,2,xgboost,11,"8,11,12,21,22,26",2143,665,0.7176854876341577,0.9157894736842105,0,0.499076354679803,0.7189186019235282,0.4879265363353216,0.9802955665024631,0.9821428571428571,220.98214285714283,0.017857142857142905,1.0,0.9881422924901185,1.0,0.9042553191489362,1.0
random_stratified,n/a,2,hgb,11,"8,11,12,21,22,26",2143,665,0.7176854876341577,0.9157894736842105,0,0.4942528735632184,0.6283720384705607,0.47513812154696133,0.9885057471264368,1.0,225.0,0.0,1.0,0.9881422924901185,1.0,0.9574468085106383,1.0
random_stratified,n/a,2,mlp,11,"8,11,12,21,22,26",2143,665,0.7176854876341577,0.9157894736842105,0,0.5044129720853858,0.7243138634764252,0.5044709388971684,0.9195402298850575,0.9107142857142857,204.91071428571428,0.0892857142857143,0.8461538461538461,0.9486166007905138,0.9900990099009901,0.8191489361702128,0.9649122807017544
random_stratified,n/a,2,stratified,11,"8,11,12,21,22,26",2143,665,0.7176854876341577,0.9157894736842105,0,0.5113916256157636,0.5113916256157636,0.4729870482746128,0.7192118226600985,0.6964285714285714,156.69642857142856,0.3035714285714286,0.7211538461538461,0.7193675889328063,0.7128712871287128,0.6808510638297872,0.7894736842105263
random_stratified,n/a,2,majority,11,"8,11,12,21,22,26",2143,665,0.7176854876341577,0.9157894736842105,0,0.5,0.5,0.47802197802197804,1.0,1.0,225.0,0.0,1.0,1.0,1.0,1.0,1.0
random_stratified,n/a,3,logreg,11,"7,9,14,19,22,26",2195,613,0.7421412300683371,0.8450244698205547,0,0.9478764478764479,0.9853281853281853,0.8618493539447765,0.8957528957528957,0.0,0.0,1.0,1.0,0.8181818181818182,0.9801980198019802,0.92,1.0
random_stratified,n/a,3,tree,11,"7,9,14,19,22,26",2195,613,0.7421412300683371,0.8450244698205547,0,0.9682381629750051,0.9682381629750051,0.9310461192350956,0.9575289575289575,0.021052631578947368,4.7368421052631575,0.9789473684210527,0.9387755102040817,0.9407114624505929,0.9801980198019802,0.9733333333333334,1.0
random_stratified,n/a,3,rf,11,"7,9,14,19,22,26",2195,613,0.7421412300683371,0.8450244698205547,0,1.0,1.0,1.0,1.0,0.0,0.0,1.0,1.0,1.0,1.0,1.0,1.0
random_stratified,n/a,3,xgboost,11,"7,9,14,19,22,26",2195,613,0.7421412300683371,0.8450244698205547,0,0.9826254826254825,0.9996138996138997,0.9478899047906906,0.9652509652509652,0.0,0.0,1.0,1.0,0.9288537549407114,1.0,1.0,1.0
random_stratified,n/a,3,hgb,11,"7,9,14,19,22,26",2195,613,0.7421412300683371,0.8450244698205547,0,0.9922779922779923,0.9999593578540946,0.9759069292143222,0.9845559845559846,0.0,0.0,1.0,1.0,0.9683794466403162,1.0,1.0,1.0
random_stratified,n/a,3,mlp,11,"7,9,14,19,22,26",2195,613,0.7421412300683371,0.8450244698205547,0,0.9826254826254825,0.9999187157081894,0.9478899047906906,0.9652509652509652,0.0,0.0,1.0,1.0,0.9446640316205533,0.9801980198019802,0.9733333333333334,1.0
random_stratified,n/a,3,stratified,11,"7,9,14,19,22,26",2195,613,0.7421412300683371,0.8450244698205547,0,0.5041658199552936,0.5041658199552936,0.49551025064372084,0.7451737451737451,0.7368421052631579,165.78947368421052,0.26315789473684215,0.7142857142857143,0.7351778656126482,0.7722772277227723,0.7333333333333333,0.8
random_stratified,n/a,3,majority,11,"7,9,14,19,22,26",2195,613,0.7421412300683371,0.8450244698205547,0,0.5,0.5,0.45800176834659595,1.0,1.0,225.0,0.0,1.0,1.0,1.0,1.0,1.0
random_stratified,n/a,4,logreg,11,"7,10,13,15,20,28",2132,676,0.7345215759849906,0.8594674556213018,0,0.7228915662650602,0.8555847449950176,0.49388020833333335,0.4457831325301205,0.0,0.0,1.0,0.4864864864864865,0.6153846153846154,0.9587628865979382,0.23249299719887956,0.868421052631579
random_stratified,n/a,4,tree,11,"7,10,13,15,20,28",2132,676,0.7345215759849906,0.8594674556213018,0,0.8465168946462542,0.8465168946462542,0.6840351556339341,0.7246127366609294,0.031578947368421054,7.105263157894737,0.968421052631579,0.8108108108108109,0.75,0.8041237113402062,0.6610644257703081,1.0
random_stratified,n/a,4,rf,11,"7,10,13,15,20,28",2132,676,0.7345215759849906,0.8594674556213018,0,0.8889845094664373,0.9948002536461636,0.7353661460214186,0.7779690189328744,0.0,0.0,1.0,1.0,0.6346153846153846,1.0,0.6918767507002801,1.0
random_stratified,n/a,4,xgboost,11,"7,10,13,15,20,28",2132,676,0.7345215759849906,0.8594674556213018,0,0.8717728055077453,0.990470151281819,0.7066920592766018,0.7435456110154905,0.0,0.0,1.0,1.0,0.4230769230769231,1.0,0.6666666666666666,1.0
random_stratified,n/a,4,hgb,11,"7,10,13,15,20,28",2132,676,0.7345215759849906,0.8594674556213018,0,0.891566265060241,0.9973185976990669,0.7398221005815943,0.7831325301204819,0.0,0.0,1.0,1.0,0.5,1.0,0.7198879551820728,1.0
random_stratified,n/a,4,mlp,11,"7,10,13,15,20,28",2132,676,0.7345215759849906,0.8594674556213018,0,0.9044750430292599,0.9997463538363982,0.7628077673217407,0.8089500860585198,0.0,0.0,1.0,0.972972972972973,0.46153846153846156,1.0,0.773109243697479,0.9736842105263158
random_stratified,n/a,4,stratified,11,"7,10,13,15,20,28",2132,676,0.7345215759849906,0.8594674556213018,0,0.5131171301748346,0.5131171301748347,0.4964441638523952,0.7314974182444062,0.7052631578947368,158.68421052631578,0.2947368421052632,0.7297297297297297,0.75,0.7216494845360825,0.7478991596638656,0.5789473684210527
random_stratified,n/a,4,majority,11,"7,10,13,15,20,28",2132,676,0.7345215759849906,0.8594674556213018,0,0.5,0.5,0.462211614956245,1.0,1.0,225.0,0.0,1.0,1.0,1.0,1.0,1.0
random_stratified,n/a,5,logreg,11,"3,11,13,16,21,27",2322,486,0.7390180878552972,0.8868312757201646,0,0.9085425015819447,0.9827884412571188,0.7545454545454545,0.8352668213457076,0.01818181818181818,4.090909090909091,0.9818181818181818,0.972972972972973,0.8445945945945946,0.9052631578947369,0.648936170212766,0.9122807017543859
random_stratified,n/a,5,tree,11,"3,11,13,16,21,27",2322,486,0.7390180878552972,0.8868312757201646,0,0.8417844336637841,0.7504745834212192,0.8558576371725161,0.974477958236659,0.2909090909090909,65.45454545454545,0.7090909090909091,0.972972972972973,0.9932432432432432,0.9894736842105263,0.925531914893617,0.9824561403508771
random_stratified,n/a,5,rf,11,"3,11,13,16,21,27",2322,486,0.7390180878552972,0.8868312757201646,0,0.9783379033959081,0.9989031849820712,0.9745738770129014,0.9930394431554525,0.03636363636363636,8.181818181818182,0.9636363636363636,1.0,1.0,1.0,0.9680851063829787,1.0
random_stratified,n/a,5,xgboost,11,"3,11,13,16,21,27",2322,486,0.7390180878552972,0.8868312757201646,0,0.9725374393587851,0.997721999578148,0.9510554302288108,0.9814385150812065,0.03636363636363636,8.181818181818182,0.9636363636363636,1.0,1.0,1.0,0.9148936170212766,1.0
random_stratified,n/a,5,hgb,11,"3,11,13,16,21,27",2322,486,0.7390180878552972,0.8868312757201646,0,0.9827884412571187,0.9984391478591015,0.9608443441830486,0.9837587006960556,0.01818181818181818,4.090909090909091,0.9818181818181818,1.0,1.0,1.0,0.925531914893617,1.0
random_stratified,n/a,5,mlp,11,"3,11,13,16,21,27",2322,486,0.7390180878552972,0.8868312757201646,0,0.9445053786121071,0.9700485129719468,0.837507237394701,0.9071925754060325,0.01818181818181818,4.090909090909091,0.9818181818181818,1.0,0.8783783783783784,0.9789473684210527,0.8191489361702128,0.9473684210526315
random_stratified,n/a,5,stratified,11,"3,11,13,16,21,27",2322,486,0.7390180878552972,0.8868312757201646,0,0.48825142375026365,0.48825142375026365,0.475,0.740139211136891,0.7636363636363637,171.8181818181818,0.23636363636363633,0.6486486486486487,0.7364864864864865,0.7473684210526316,0.7340425531914894,0.8070175438596491
random_stratified,n/a,5,majority,11,"3,11,13,16,21,27",2322,486,0.7390180878552972,0.8868312757201646,0,0.5,0.5,0.47001090512540894,1.0,1.0,225.0,0.0,1.0,1.0,1.0,1.0,1.0
random_stratified,n/a,6,logreg,11,"1,11,13,16,17,24",2334,474,0.7399314481576692,0.8860759493670886,0,0.9228835978835979,0.9880511463844798,0.7861809357889498,0.8642857142857143,0.018518518518518517,4.166666666666666,0.9814814814814815,0.918918918918919,0.9583333333333334,0.8631578947368421,0.648936170212766,1.0
random_stratified,n/a,6,tree,11,"1,11,13,16,17,24",2334,474,0.7399314481576692,0.8860759493670886,0,0.9603174603174602,0.9390873015873017,0.9356751396210659,0.9761904761904762,0.05555555555555555,12.5,0.9444444444444444,1.0,0.9947916666666666,1.0,0.9042553191489362,1.0
random_stratified,n/a,6,rf,11,"1,11,13,16,17,24",2334,474,0.7399314481576692,0.8860759493670886,0,0.9952380952380953,0.9996913580246913,0.9797505126452495,0.9904761904761905,0.0,0.0,1.0,1.0,1.0,1.0,0.9574468085106383,1.0
random_stratified,n/a,6,xgboost,11,"1,11,13,16,17,24",2334,474,0.7399314481576692,0.8860759493670886,0,0.9892857142857143,0.9995590828924162,0.956123299083588,0.9785714285714285,0.0,0.0,1.0,1.0,1.0,1.0,0.9042553191489362,1.0
random_stratified,n/a,6,hgb,11,"1,11,13,16,17,24",2334,474,0.7399314481576692,0.8860759493670886,0,0.9940476190476191,0.999426807760141,0.9748820942186424,0.9880952380952381,0.0,0.0,1.0,1.0,1.0,1.0,0.9468085106382979,1.0
random_stratified,n/a,6,mlp,11,"1,11,13,16,17,24",2334,474,0.7399314481576692,0.8860759493670886,0,0.9761904761904762,0.9891975308641976,0.9096798780487805,0.9523809523809523,0.0,0.0,1.0,1.0,0.9947916666666666,0.9789473684210527,0.8191489361702128,1.0
random_stratified,n/a,6,stratified,11,"1,11,13,16,17,24",2334,474,0.7399314481576692,0.8860759493670886,0,0.492989417989418,0.492989417989418,0.47910540853604205,0.7452380952380953,0.7592592592592593,170.83333333333334,0.2407407407407407,0.6486486486486487,0.7708333333333334,0.7578947368421053,0.7340425531914894,0.0
random_stratified,n/a,6,majority,11,"1,11,13,16,17,24",2334,474,0.7399314481576692,0.8860759493670886,0,0.5,0.5,0.4697986577181208,1.0,1.0,225.0,0.0,1.0,1.0,1.0,1.0,1.0
random_stratified,n/a,7,logreg,11,"3,11,12,16,18,24",2203,605,0.7249205628688152,0.9090909090909091,0,0.8563636363636364,0.9703801652892562,0.6428330465877272,0.7490909090909091,0.03636363636363636,8.181818181818182,0.9636363636363636,0.6346153846153846,0.9583333333333334,0.7684210526315789,0.5638297872340425,0.5538461538461539
random_stratified,n/a,7,tree,11,"3,11,12,16,18,24",2203,605,0.7249205628688152,0.9090909090909091,0,0.8809090909090909,0.8809090909090909,0.8245123771657388,0.9436363636363636,0.18181818181818182,40.909090909090914,0.8181818181818181,0.7788461538461539,0.9895833333333334,0.9789473684210527,0.9574468085106383,1.0
random_stratified,n/a,7,rf,11,"3,11,12,16,18,24",2203,605,0.7249205628688152,0.9090909090909091,0,0.9672727272727273,0.9966611570247934,0.8874418604651163,0.9527272727272728,0.01818181818181818,4.090909090909091,0.9818181818181818,0.7884615384615384,1.0,1.0,0.9574468085106383,1.0
random_stratified,n/a,7,xgboost,11,"3,11,12,16,18,24",2203,605,0.7249205628688152,0.9090909090909091,0,0.9872727272727273,0.9982479338842974,0.9371027149052457,0.9745454545454545,0.0,0.0,1.0,0.9519230769230769,0.9947916666666666,1.0,0.9148936170212766,1.0
random_stratified,n/a,7,hgb,11,"3,11,12,16,18,24",2203,605,0.7249205628688152,0.9090909090909091,0,0.980909090909091,0.9975867768595041,0.9444954128440367,0.98,0.01818181818181818,4.090909090909091,0.9818181818181818,0.9519230769230769,1.0,1.0,0.9361702127659575,1.0
random_stratified,n/a,7,mlp,11,"3,11,12,16,18,24",2203,605,0.7249205628688152,0.9090909090909091,0,0.9263636363636363,0.9648264462809916,0.7833501014613851,0.889090909090909,0.03636363636363636,8.181818181818182,0.9636363636363636,0.8461538461538461,0.9947916666666666,0.9789473684210527,0.7978723404255319,0.6461538461538462
random_stratified,n/a,7,stratified,11,"3,11,12,16,18,24",2203,605,0.7249205628688152,0.9090909090909091,0,0.51,0.51,0.47777777777777775,0.7290909090909091,0.7090909090909091,159.54545454545456,0.2909090909090909,0.7115384615384616,0.7395833333333334,0.7578947368421053,0.7021276595744681,0.7230769230769231
random_stratified,n/a,7,majority,11,"3,11,12,16,18,24",2203,605,0.7249205628688152,0.9090909090909091,0,0.5,0.5,0.47619047619047616,1.0,1.0,225.0,0.0,1.0,1.0,1.0,1.0,1.0
random_stratified,n/a,8,logreg,11,"6,11,14,19,22,28",2412,396,0.7508291873963516,0.8484848484848485,0,0.9002976190476191,0.9921626984126984,0.7654837141468158,0.8005952380952381,0.0,0.0,1.0,1.0,0.4423076923076923,0.9801980198019802,0.6170212765957447,1.0
random_stratified,n/a,8,tree,11,"6,11,14,19,22,28",2412,396,0.7508291873963516,0.8484848484848485,0,0.8467261904761905,0.8720238095238095,0.6785486298832819,0.6934523809523809,0.0,0.0,1.0,0.9795918367346939,0.25,0.504950495049505,0.8617021276595744,1.0
random_stratified,n/a,8,rf,11,"6,11,14,19,22,28",2412,396,0.7508291873963516,0.8484848484848485,0,0.9553571428571428,0.9989583333333333,0.8766355140186917,0.9107142857142857,0.0,0.0,1.0,1.0,0.5769230769230769,1.0,0.9148936170212766,1.0
random_stratified,n/a,8,xgboost,11,"6,11,14,19,22,28",2412,396,0.7508291873963516,0.8484848484848485,0,0.9330357142857143,0.9988095238095238,0.8277511961722488,0.8660714285714286,0.0,0.0,1.0,1.0,0.3076923076923077,1.0,0.9042553191489362,1.0
random_stratified,n/a,8,hgb,11,"6,11,14,19,22,28",2412,396,0.7508291873963516,0.8484848484848485,0,0.9360119047619048,0.9990575396825396,0.8339169194456094,0.8720238095238095,0.0,0.0,1.0,1.0,0.34615384615384615,1.0,0.9042553191489362,1.0
random_stratified,n/a,8,mlp,11,"6,11,14,19,22,28",2412,396,0.7508291873963516,0.8484848484848485,0,0.9404761904761905,0.9919146825396826,0.8433544303797469,0.8809523809523809,0.0,0.0,1.0,1.0,0.5384615384615384,1.0,0.8297872340425532,1.0
random_stratified,n/a,8,stratified,11,"6,11,14,19,22,28",2412,396,0.7508291873963516,0.8484848484848485,0,0.487202380952381,0.487202380952381,0.48156824915592916,0.7410714285714286,0.7666666666666667,172.5,0.23333333333333328,0.7142857142857143,0.7307692307692307,0.7821782178217822,0.723404255319149,0.725
random_stratified,n/a,8,majority,11,"6,11,14,19,22,28",2412,396,0.7508291873963516,0.8484848484848485,0,0.5,0.5,0.45901639344262296,1.0,1.0,225.0,0.0,1.0,1.0,1.0,1.0,1.0
random_stratified,n/a,9,logreg,11,"9,13,16,20,28,29",2365,443,0.7822410147991543,0.6704288939051919,0,0.5618744522854112,0.38383838383838387,0.5320422535211268,0.9730639730639731,0.8493150684931506,191.0958904109589,0.15068493150684936,1.0,0.9423076923076923,0.968421052631579,0.9733333333333334,1.0
random_stratified,n/a,9,tree,11,"9,13,16,20,28,29",2365,443,0.7822410147991543,0.6704288939051919,0,0.5551404455514044,0.5551404455514044,0.5259049417689644,0.9595959595959596,0.8493150684931506,191.0958904109589,0.15068493150684936,0.972972972972973,0.7884615384615384,1.0,1.0,1.0
random_stratified,n/a,9,rf,11,"9,13,16,20,28,29",2365,443,0.7822410147991543,0.6704288939051919,0,0.5411535445782021,0.6589525390895253,0.48764189333904473,0.9932659932659933,0.910958904109589,204.96575342465752,0.08904109589041098,1.0,0.9615384615384616,1.0,1.0,1.0
random_stratified,n/a,9,xgboost,11,"9,13,16,20,28,29",2365,443,0.7822410147991543,0.6704288939051919,0,0.5601909506019095,0.38409206217425396,0.5304997091471237,0.9696969696969697,0.8493150684931506,191.0958904109589,0.15068493150684936,1.0,0.8269230769230769,1.0,1.0,1.0
random_stratified,n/a,9,hgb,11,"9,13,16,20,28,29",2365,443,0.7822410147991543,0.6704288939051919,0,0.5395853512291868,0.4300770259674369,0.4931854357341823,0.9764309764309764,0.8972602739726028,201.88356164383563,0.10273972602739723,1.0,0.8653846153846154,1.0,1.0,1.0
random_stratified,n/a,9,mlp,11,"9,13,16,20,28,29",2365,443,0.7822410147991543,0.6704288939051919,0,0.5654720723213874,0.35216318435496513,0.5440706605222734,0.9528619528619529,0.821917808219178,184.93150684931507,0.17808219178082196,1.0,0.8653846153846154,0.9578947368421052,0.9866666666666667,0.9473684210526315
random_stratified,n/a,9,stratified,11,"9,13,16,20,28,29",2365,443,0.7822410147991543,0.6704288939051919,0,0.49667911996679115,0.49667911996679126,0.48719225521072473,0.7878787878787878,0.7945205479452054,178.7671232876712,0.20547945205479456,0.8648648648648649,0.8653846153846154,0.7263157894736842,0.7733333333333333,0.7894736842105263
random_stratified,n/a,9,majority,11,"9,13,16,20,28,29",2365,443,0.7822410147991543,0.6704288939051919,0,0.5,0.5,0.40135135135135136,1.0,1.0,225.0,0.0,1.0,1.0,1.0,1.0,1.0
random_stratified,n/a,10,logreg,11,"7,9,14,16,21,24",2245,563,0.7478841870824053,0.8312611012433393,0,0.9615384615384616,0.9959064327485381,0.9003539823008849,0.9230769230769231,0.0,0.0,1.0,1.0,0.9635416666666666,0.8631578947368421,0.88,0.8771929824561403
random_stratified,n/a,10,tree,11,"7,9,14,16,21,24",2245,563,0.7478841870824053,0.8312611012433393,0,0.9745951417004048,0.9629442195231669,0.962936142198815,0.9807692307692307,0.031578947368421054,7.105263157894737,0.968421052631579,0.9591836734693877,0.9947916666666666,0.9789473684210527,0.9733333333333334,0.9649122807017544
random_stratified,n/a,10,rf,11,"7,9,14,16,21,24",2245,563,0.7478841870824053,0.8312611012433393,0,0.9947368421052631,1.0,0.9968208794249349,1.0,0.010526315789473684,2.3684210526315788,0.9894736842105263,1.0,1.0,1.0,1.0,1.0
random_stratified,n/a,10,xgboost,11,"7,9,14,16,21,24",2245,563,0.7478841870824053,0.8312611012433393,0,1.0,1.0,1.0,1.0,0.0,0.0,1.0,1.0,1.0,1.0,1.0,1.0
random_stratified,n/a,10,hgb,11,"7,9,14,16,21,24",2245,563,0.7478841870824053,0.8312611012433393,0,1.0,1.0,1.0,1.0,0.0,0.0,1.0,1.0,1.0,1.0,1.0,1.0
random_stratified,n/a,10,mlp,11,"7,9,14,16,21,24",2245,563,0.7478841870824053,0.8312611012433393,0,0.9935897435897436,1.0,0.9814680710994075,0.9871794871794872,0.0,0.0,1.0,1.0,1.0,0.968421052631579,0.9866666666666667,0.9649122807017544
random_stratified,n/a,10,stratified,11,"7,9,14,16,21,24",2245,563,0.7478841870824053,0.8312611012433393,0,0.506578947368421,0.506578947368421,0.5003108788616613,0.75,0.7368421052631579,165.78947368421052,0.26315789473684215,0.7142857142857143,0.7552083333333334,0.8,0.7333333333333333,0.7017543859649122
random_stratified,n/a,10,majority,11,"7,9,14,16,21,24",2245,563,0.7478841870824053,0.8312611012433393,0,0.5,0.5,0.4539282250242483,1.0,1.0,225.0,0.0,1.0,1.0,1.0,1.0,1.0
random_stratified,n/a,11,logreg,11,"7,11,13,15,21,27",2280,528,0.7517543859649123,0.8200757575757576,0,0.9214780600461894,0.9866050808314087,0.8256105379728391,0.8429561200923787,0.0,0.0,1.0,0.918918918918919,0.8243243243243243,0.9896907216494846,0.648936170212766,0.9122807017543859
random_stratified,n/a,11,tree,11,"7,11,13,15,21,27",2280,528,0.7517543859649123,0.8200757575757576,0,0.9622705725051659,0.9542846724200803,0.9336607652769846,0.9561200923787528,0.031578947368421054,7.105263157894737,0.968421052631579,1.0,0.9864864864864865,0.9587628865979382,0.9042553191489362,0.9298245614035088
random_stratified,n/a,11,rf,11,"7,11,13,15,21,27",2280,528,0.7517543859649123,0.8200757575757576,0,0.9965357967667436,1.0,0.9904898564472648,0.9930715935334873,0.0,0.0,1.0,1.0,1.0,1.0,0.9680851063829787,1.0
random_stratified,n/a,11,xgboost,11,"7,11,13,15,21,27",2280,528,0.7517543859649123,0.8200757575757576,0,0.9896073903002309,0.9994165552449253,0.9721360595275093,0.9792147806004619,0.0,0.0,1.0,1.0,0.9932432432432432,1.0,0.9148936170212766,1.0
random_stratified,n/a,11,hgb,11,"7,11,13,15,21,27",2280,528,0.7517543859649123,0.8200757575757576,0,0.9942263279445728,0.9996596572262064,0.9842758867149111,0.9884526558891455,0.0,0.0,1.0,1.0,1.0,1.0,0.9468085106382979,1.0
random_stratified,n/a,11,mlp,11,"7,11,13,15,21,27",2280,528,0.7517543859649123,0.8200757575757576,0,0.9526558891454966,0.9983712167254163,0.8864069264069264,0.9053117782909931,0.0,0.0,1.0,1.0,0.8581081081081081,0.9896907216494846,0.8191489361702128,0.9649122807017544
random_stratified,n/a,11,stratified,11,"7,11,13,15,21,27",2280,528,0.7517543859649123,0.8200757575757576,0,0.5080223653822779,0.508022365382278,0.5033770319316835,0.7528868360277137,0.7368421052631579,165.78947368421052,0.26315789473684215,0.7567567567567568,0.75,0.7938144329896907,0.723404255319149,0.7368421052631579
random_stratified,n/a,11,majority,11,"7,11,13,15,21,27",2280,528,0.7517543859649123,0.8200757575757576,0,0.5,0.5,0.4505723204994797,1.0,1.0,225.0,0.0,1.0,1.0,1.0,1.0,1.0
random_stratified,n/a,12,logreg,11,"8,9,13,15,17,25",2364,444,0.744077834179357,0.8738738738738738,0,0.4959499263622975,0.7957934462444771,0.4830012300123001,0.9561855670103093,0.9642857142857143,216.96428571428572,0.0357142857142857,0.918918918918919,0.9661016949152542,0.9896907216494846,0.9066666666666666,1.0
random_stratified,n/a,12,tree,11,"8,9,13,15,17,25",2364,444,0.744077834179357,0.8738738738738738,0,0.5356222385861561,0.5356222385861561,0.5381635581061693,0.9819587628865979,0.9107142857142857,204.91071428571428,0.0892857142857143,1.0,0.9774011299435028,0.9896907216494846,0.9733333333333334,1.0
random_stratified,n/a,12,rf,11,"8,9,13,15,17,25",2364,444,0.744077834179357,0.8738738738738738,0,0.5,0.8523103829160531,0.46634615384615385,1.0,1.0,225.0,0.0,1.0,1.0,1.0,1.0,1.0
random_stratified,n/a,12,xgboost,11,"8,9,13,15,17,25",2364,444,0.744077834179357,0.8738738738738738,0,0.5178571428571429,0.7563972754050073,0.5019526381387619,1.0,0.9642857142857143,216.96428571428572,0.0357142857142857,1.0,1.0,1.0,1.0,1.0
random_stratified,n/a,12,hgb,11,"8,9,13,15,17,25",2364,444,0.744077834179357,0.8738738738738738,0,0.5089285714285714,0.7930320324005891,0.48445120020267274,1.0,0.9821428571428571,220.98214285714283,0.017857142857142905,1.0,1.0,1.0,1.0,1.0
random_stratified,n/a,12,mlp,11,"8,9,13,15,17,25",2364,444,0.744077834179357,0.8738738738738738,0,0.5178571428571429,0.7685014727540501,0.5019526381387619,1.0,0.9642857142857143,216.96428571428572,0.0357142857142857,1.0,1.0,1.0,1.0,1.0
random_stratified,n/a,12,stratified,11,"8,9,13,15,17,25",2364,444,0.744077834179357,0.8738738738738738,0,0.48849410898379975,0.48849410898379975,0.4787698412698413,0.7448453608247423,0.7678571428571429,172.76785714285717,0.2321428571428571,0.7027027027027027,0.7570621468926554,0.7422680412371134,0.7333333333333333,1.0
random_stratified,n/a,12,majority,11,"8,9,13,15,17,25",2364,444,0.744077834179357,0.8738738738738738,0,0.5,0.5,0.46634615384615385,1.0,1.0,225.0,0.0,1.0,1.0,1.0,1.0,1.0
random_stratified,n/a,13,logreg,11,"4,9,13,15,21,24",2326,482,0.7261392949269132,0.950207468879668,0,0.6196324599708879,0.8044941775836971,0.6047204720472047,0.9475982532751092,0.7083333333333334,159.375,0.29166666666666663,0.9459459459459459,0.9583333333333334,0.9896907216494846,0.92,0.8771929824561403
random_stratified,n/a,13,tree,11,"4,9,13,15,21,24",2326,482,0.7261392949269132,0.950207468879668,0,0.5647743813682679,0.5653202328966521,0.5687583121750696,0.962882096069869,0.8333333333333334,187.5,0.16666666666666663,1.0,0.9947916666666666,0.8762886597938144,0.9866666666666667,0.9473684210526315
random_stratified,n/a,13,rf,11,"4,9,13,15,21,24",2326,482,0.7261392949269132,0.950207468879668,0,0.5416666666666666,0.9491448326055314,0.5651959980318189,1.0,0.9166666666666666,206.25,0.08333333333333337,1.0,1.0,1.0,1.0,1.0
random_stratified,n/a,13,xgboost,11,"4,9,13,15,21,24",2326,482,0.7261392949269132,0.950207468879668,0,0.5833333333333334,0.93495269286754,0.6321733821733821,1.0,0.8333333333333334,187.5,0.16666666666666663,1.0,1.0,1.0,1.0,1.0
random_stratified,n/a,13,hgb,11,"4,9,13,15,21,24",2326,482,0.7261392949269132,0.950207468879668,0,0.5416666666666666,0.9719796215429405,0.5651959980318189,1.0,0.9166666666666666,206.25,0.08333333333333337,1.0,1.0,1.0,1.0,1.0
random_stratified,n/a,13,mlp,11,"4,9,13,15,21,24",2326,482,0.7261392949269132,0.950207468879668,0,0.7247998544395924,0.8874636098981077,0.7728620928620928,0.9912663755458515,0.5416666666666666,121.87499999999999,0.45833333333333337,1.0,1.0,1.0,0.9866666666666667,0.9473684210526315
random_stratified,n/a,13,stratified,11,"4,9,13,15,21,24",2326,482,0.7261392949269132,0.950207468879668,0,0.5126455604075691,0.5126455604075691,0.46005496321010936,0.7336244541484717,0.7083333333333334,159.375,0.29166666666666663,0.7567567567567568,0.7604166666666666,0.7216494845360825,0.68,0.7192982456140351
random_stratified,n/a,13,majority,11,"4,9,13,15,21,24",2326,482,0.7261392949269132,0.950207468879668,0,0.5,0.5,0.48723404255319147,1.0,1.0,225.0,0.0,1.0,1.0,1.0,1.0,1.0
random_stratified,n/a,14,logreg,11,"3,11,14,20,22,24",2279,529,0.734093900833699,0.8960302457466919,0,0.9259110088224012,0.9681242807825087,0.7985347985347986,0.8881856540084389,0.03636363636363636,8.181818181818182,0.9636363636363636,1.0,0.9479166666666666,0.9702970297029703,0.6063829787234043,0.9210526315789473
random_stratified,n/a,14,tree,11,"3,11,14,20,22,24",2279,529,0.734093900833699,0.8960302457466919,0,0.8621787495205218,0.8406981204449558,0.874187410813382,0.9789029535864979,0.2545454545454545,57.272727272727266,0.7454545454545455,1.0,0.9895833333333334,0.9801980198019802,0.9574468085106383,0.9473684210526315
random_stratified,n/a,14,rf,11,"3,11,14,20,22,24",2279,529,0.734093900833699,0.8960302457466919,0,0.9775987725354813,0.9980820866896817,0.9700430383569918,0.9915611814345991,0.03636363636363636,8.181818181818182,0.9636363636363636,1.0,1.0,1.0,0.9574468085106383,1.0
random_stratified,n/a,14,xgboost,11,"3,11,14,20,22,24",2279,529,0.734093900833699,0.8960302457466919,0,0.9845799769850403,0.9983505945531262,0.9658536585365853,0.9873417721518988,0.01818181818181818,4.090909090909091,0.9818181818181818,1.0,1.0,1.0,0.9361702127659575,1.0
random_stratified,n/a,14,hgb,11,"3,11,14,20,22,24",2279,529,0.734093900833699,0.8960302457466919,0,0.9845799769850403,0.9985423858841581,0.9658536585365853,0.9873417721518988,0.01818181818181818,4.090909090909091,0.9818181818181818,1.0,1.0,1.0,0.9361702127659575,1.0
random_stratified,n/a,14,mlp,11,"3,11,14,20,22,24",2279,529,0.734093900833699,0.8960302457466919,0,0.9345032604526275,0.9830072880705792,0.8903778407128549,0.959915611814346,0.09090909090909091,20.454545454545457,0.9090909090909091,1.0,0.9947916666666666,1.0,0.8191489361702128,0.9736842105263158
random_stratified,n/a,14,stratified,11,"3,11,14,20,22,24",2279,529,0.734093900833699,0.8960302457466919,0,0.4842155734560798,0.4842155734560798,0.4687524140594824,0.7320675105485233,0.7636363636363637,171.8181818181818,0.23636363636363633,0.6326530612244898,0.7395833333333334,0.7623762376237624,0.7021276595744681,0.8157894736842105
random_stratified,n/a,14,majority,11,"3,11,14,20,22,24",2279,529,0.734093900833699,0.8960302457466919,0,0.5,0.5,0.47258225324027914,1.0,1.0,225.0,0.0,1.0,1.0,1.0,1.0,1.0
random_stratified,n/a,15,logreg,11,"7,10,13,15,18,27",2009,799,0.7182677949228472,0.8811013767209012,0,0.7521306818181819,0.8474282296650717,0.5114742265693297,0.5042613636363636,0.0,0.0,1.0,0.6216216216216216,0.7432432432432432,0.9690721649484536,0.24649859943977592,0.6153846153846154
random_stratified,n/a,15,tree,11,"7,10,13,15,18,27",2009,799,0.7182677949228472,0.8811013767209012,0,0.876255980861244,0.8762559808612441,0.7098296395744152,0.7840909090909091,0.031578947368421054,7.105263157894737,0.968421052631579,0.8648648648648649,0.8648648648648649,0.8041237113402062,0.7030812324929971,0.9692307692307692
random_stratified,n/a,15,rf,11,"7,10,13,15,18,27",2009,799,0.7182677949228472,0.8811013767209012,0,0.9204545454545454,0.9884868421052632,0.7713596598806312,0.8409090909090909,0.0,0.0,1.0,1.0,1.0,1.0,0.6862745098039216,1.0
random_stratified,n/a,15,xgboost,11,"7,10,13,15,18,27",2009,799,0.7182677949228472,0.8811013767209012,0,0.9105113636363636,0.9815938995215311,0.751490945713778,0.8210227272727273,0.0,0.0,1.0,1.0,0.972972972972973,1.0,0.6582633053221288,1.0
random_stratified,n/a,15,hgb,11,"7,10,13,15,18,27",2009,799,0.7182677949228472,0.8811013767209012,0,0.9289772727272727,0.9980113636363637,0.789359907202362,0.8579545454545454,0.0,0.0,1.0,1.0,0.9864864864864865,1.0,0.7254901960784313,1.0
random_stratified,n/a,15,mlp,11,"7,10,13,15,18,27",2009,799,0.7182677949228472,0.8811013767209012,0,0.7578125,0.9657595693779905,0.5191139068476129,0.515625,0.0,0.0,1.0,0.6486486486486487,0.7905405405405406,0.979381443298969,0.24369747899159663,0.6153846153846154
random_stratified,n/a,15,stratified,11,"7,10,13,15,18,27",2009,799,0.7182677949228472,0.8811013767209012,0,0.5285062799043062,0.5285062799043063,0.4967246157722348,0.7201704545454546,0.6631578947368421,149.21052631578945,0.33684210526315794,0.7297297297297297,0.6824324324324325,0.7216494845360825,0.742296918767507,0.676923076923077
random_stratified,n/a,15,majority,11,"7,10,13,15,18,27",2009,799,0.7182677949228472,0.8811013767209012,0,0.5,0.5,0.4683965402528277,1.0,1.0,225.0,0.0,1.0,1.0,1.0,1.0,1.0
random_stratified,n/a,16,logreg,11,"2,11,13,16,20,24",2294,514,0.7371403661726242,0.8871595330739299,0,0.9287280701754386,0.9971642468239565,0.7820712687613742,0.8574561403508771,0.0,0.0,1.0,0.8918918918918919,0.9427083333333334,0.8526315789473684,0.648936170212766,0.9210526315789473
random_stratified,n/a,16,tree,11,"2,11,13,16,20,24",2294,514,0.7371403661726242,0.8871595330739299,0,0.9879385964912281,0.9890350877192983,0.9505885848619644,0.9758771929824561,0.0,0.0,1.0,1.0,0.9895833333333334,1.0,0.9148936170212766,0.9736842105263158
random_stratified,n/a,16,rf,11,"2,11,13,16,20,24",2294,514,0.7371403661726242,0.8871595330739299,0,0.9956140350877193,1.0,0.9811306901615271,0.9912280701754386,0.0,0.0,1.0,1.0,1.0,1.0,0.9574468085106383,1.0
random_stratified,n/a,16,xgboost,11,"2,11,13,16,20,24",2294,514,0.7371403661726242,0.8871595330739299,0,0.9901315789473684,1.0,0.959016611295681,0.9802631578947368,0.0,0.0,1.0,1.0,0.9947916666666666,1.0,0.9148936170212766,1.0
random_stratified,n/a,16,hgb,11,"2,11,13,16,20,24",2294,514,0.7371403661726242,0.8871595330739299,0,0.9945175438596492,1.0,0.9765825033941702,0.9890350877192983,0.0,0.0,1.0,1.0,1.0,1.0,0.9468085106382979,1.0
random_stratified,n/a,16,mlp,11,"2,11,13,16,20,24",2294,514,0.7371403661726242,0.8871595330739299,0,0.9769736842105263,0.9976179673321234,0.9115731524490649,0.9539473684210527,0.0,0.0,1.0,1.0,0.9947916666666666,0.9789473684210527,0.8191489361702128,0.9736842105263158
random_stratified,n/a,16,stratified,11,"2,11,13,16,20,24",2294,514,0.7371403661726242,0.8871595330739299,0,0.49020719903206295,0.49020719903206295,0.47592686420587116,0.7390350877192983,0.7586206896551724,170.68965517241378,0.24137931034482762,0.7027027027027027,0.7395833333333334,0.7473684210526316,0.7021276595744681,0.8421052631578947
random_stratified,n/a,16,majority,11,"2,11,13,16,20,24",2294,514,0.7371403661726242,0.8871595330739299,0,0.5,0.5,0.47010309278350515,1.0,1.0,225.0,0.0,1.0,1.0,1.0,1.0,1.0
random_stratified,n/a,17,logreg,11,"4,11,12,16,18,27",2278,530,0.7203687445127305,0.9547169811320755,0,0.5670289855072463,0.6346343873517787,0.4675957028875623,0.717391304347826,0.5833333333333334,131.25,0.41666666666666663,0.6538461538461539,0.8716216216216216,0.7894736842105263,0.574468085106383,0.5692307692307692
random_stratified,n/a,17,tree,11,"4,11,12,16,18,27",2278,530,0.7203687445127305,0.9547169811320755,0,0.5338438735177866,0.4816781949934124,0.5286710301650541,0.9426877470355731,0.875,196.875,0.125,0.9615384615384616,1.0,1.0,0.7340425531914894,1.0
random_stratified,n/a,17,rf,11,"4,11,12,16,18,27",2278,530,0.7203687445127305,0.9547169811320755,0,0.535737812911726,0.8225461133069828,0.5488813229571985,0.9881422924901185,0.9166666666666666,206.25,0.08333333333333337,0.9807692307692307,1.0,1.0,0.9574468085106383,1.0
random_stratified,n/a,17,xgboost,11,"4,11,12,16,18,27",2278,530,0.7203687445127305,0.9547169811320755,0,0.535737812911726,0.893362977602108,0.5488813229571985,0.9881422924901185,0.9166666666666666,206.25,0.08333333333333337,0.9903846153846154,0.9932432432432432,1.0,0.9574468085106383,1.0
random_stratified,n/a,17,hgb,11,"4,11,12,16,18,27",2278,530,0.7203687445127305,0.9547169811320755,0,0.5377140974967062,0.8843050065876152,0.5540453074433657,0.9920948616600791,0.9166666666666666,206.25,0.08333333333333337,1.0,0.9932432432432432,1.0,0.9680851063829787,1.0
random_stratified,n/a,17,mlp,11,"4,11,12,16,18,27",2278,530,0.7203687445127305,0.9547169811320755,0,0.6728425559947299,0.7908432147562582,0.5834081925979159,0.8873517786561265,0.5416666666666666,121.87499999999999,0.45833333333333337,0.9134615384615384,0.9459459459459459,0.9894736842105263,0.8085106382978723,0.676923076923077
random_stratified,n/a,17,stratified,11,"4,11,12,16,18,27",2278,530,0.7203687445127305,0.9547169811320755,0,0.5312911725955204,0.5312911725955205,0.46147869224792304,0.7292490118577075,0.6666666666666666,150.0,0.33333333333333337,0.6826923076923077,0.7432432432432432,0.7789473684210526,0.7021276595744681,0.7384615384615385
random_stratified,n/a,17,majority,11,"4,11,12,16,18,27",2278,530,0.7203687445127305,0.9547169811320755,0,0.5,0.5,0.48841698841698844,1.0,1.0,225.0,0.0,1.0,1.0,1.0,1.0,1.0
random_stratified,n/a,18,logreg,11,"3,10,12,15,17,28",2141,667,0.7169546940681925,0.9175412293853074,0,0.715478312537136,0.9338978015448605,0.43989759344598056,0.4673202614379085,0.03636363636363636,8.181818181818182,0.9636363636363636,0.6923076923076923,0.6346153846153846,0.9587628865979382,0.24089635854341737,1.0
random_stratified,n/a,18,tree,11,"3,10,12,15,17,28",2141,667,0.7169546940681925,0.9175412293853074,0,0.8389483065953653,0.8384729649435532,0.5930604720967032,0.696078431372549,0.01818181818181818,4.090909090909091,0.9818181818181818,0.9615384615384616,0.7307692307692307,0.8144329896907216,0.5798319327731093,1.0
random_stratified,n/a,18,rf,11,"3,10,12,15,17,28",2141,667,0.7169546940681925,0.9175412293853074,0,0.9019607843137255,0.9907308377896612,0.6847826086956521,0.803921568627451,0.0,0.0,1.0,0.9807692307692307,0.5961538461538461,1.0,0.7282913165266106,1.0
random_stratified,n/a,18,xgboost,11,"3,10,12,15,17,28",2141,667,0.7169546940681925,0.9175412293853074,0,0.880718954248366,0.961319073083779,0.6471257537105751,0.761437908496732,0.0,0.0,1.0,0.9903846153846154,0.4230769230769231,1.0,0.6778711484593838,1.0
random_stratified,n/a,18,hgb,11,"3,10,12,15,17,28",2141,667,0.7169546940681925,0.9175412293853074,0,0.9093137254901961,0.978015448603684,0.6990035491700308,0.8186274509803921,0.0,0.0,1.0,1.0,0.5192307692307693,1.0,0.7591036414565826,1.0
random_stratified,n/a,18,mlp,11,"3,10,12,15,17,28",2141,667,0.7169546940681925,0.9175412293853074,0,0.9019607843137255,0.9917706476530006,0.6847826086956521,0.803921568627451,0.0,0.0,1.0,0.8653846153846154,0.4807692307692308,0.979381443298969,0.7843137254901961,1.0
random_stratified,n/a,18,stratified,11,"3,10,12,15,17,28",2141,667,0.7169546940681925,0.9175412293853074,0,0.5148395721925134,0.5148395721925134,0.4741751630436833,0.7205882352941176,0.6909090909090909,155.45454545454547,0.3090909090909091,0.7596153846153846,0.7115384615384616,0.7010309278350515,0.7198879551820728,0.0
random_stratified,n/a,18,majority,11,"3,10,12,15,17,28",2141,667,0.7169546940681925,0.9175412293853074,0,0.5,0.5,0.47849882720875686,1.0,1.0,225.0,0.0,1.0,1.0,1.0,1.0,1.0
random_stratified,n/a,19,logreg,11,"3,9,13,16,19,25",2329,479,0.7398024903392014,0.8851774530271399,0,0.9567109777015437,0.9921526586620927,0.8730116648992576,0.9316037735849056,0.01818181818181818,4.090909090909091,0.9818181818181818,1.0,0.9491525423728814,0.8842105263157894,0.88,1.0
random_stratified,n/a,19,tree,11,"3,9,13,16,19,25",2329,479,0.7398024903392014,0.8851774530271399,0,0.8612778730703259,0.8612778730703259,0.90249889244106,0.9952830188679245,0.2727272727272727,61.36363636363636,0.7272727272727273,1.0,1.0,1.0,0.9733333333333334,1.0
random_stratified,n/a,19,rf,11,"3,9,13,16,19,25",2329,479,0.7398024903392014,0.8851774530271399,0,0.990909090909091,1.0,0.9948239158859317,1.0,0.01818181818181818,4.090909090909091,0.9818181818181818,1.0,1.0,1.0,1.0,1.0
random_stratified,n/a,19,xgboost,11,"3,9,13,16,19,25",2329,479,0.7398024903392014,0.8851774530271399,0,0.9818181818181818,0.9999142367066896,0.9895642701525055,1.0,0.03636363636363636,8.181818181818182,0.9636363636363636,1.0,1.0,1.0,1.0,1.0
random_stratified,n/a,19,hgb,11,"3,9,13,16,19,25",2329,479,0.7398024903392014,0.8851774530271399,0,0.990909090909091,1.0,0.9948239158859317,1.0,0.01818181818181818,4.090909090909091,0.9818181818181818,1.0,1.0,1.0,1.0,1.0
random_stratified,n/a,19,mlp,11,"3,9,13,16,19,25",2329,479,0.7398024903392014,0.8851774530271399,0,0.9838336192109777,0.9979845626072041,0.9654133787198927,0.9858490566037735,0.01818181818181818,4.090909090909091,0.9818181818181818,1.0,0.9887005649717514,0.968421052631579,0.9866666666666667,1.0
random_stratified,n/a,19,stratified,11,"3,9,13,16,19,25",2329,479,0.7398024903392014,0.8851774530271399,0,0.4896440823327616,0.4896440823327616,0.4767753929845121,0.7429245283018868,0.7636363636363637,171.8181818181818,0.23636363636363633,0.6756756756756757,0.7457627118644068,0.7368421052631579,0.7333333333333333,0.825
random_stratified,n/a,19,majority,11,"3,9,13,16,19,25",2329,479,0.7398024903392014,0.8851774530271399,0,0.5,0.5,0.4695459579180509,1.0,1.0,225.0,0.0,1.0,1.0,1.0,1.0,1.0
random_stratified,n/a,20,logreg,11,"0,10,14,16,20,28",2160,648,0.7203703703703703,0.9120370370370371,0,0.7445008460236886,0.9991391337904829,0.4654283216783217,0.4890016920473773,0.0,0.0,1.0,0.9387755102040817,0.6346153846153846,0.9578947368421052,0.24089635854341737,0.868421052631579
random_stratified,n/a,20,tree,11,"0,10,14,16,20,28",2160,648,0.7203703703703703,0.9120370370370371,0,0.8553299492385786,0.8553299492385786,0.6154302670623146,0.7106598984771574,0.0,0.0,1.0,0.9591836734693877,0.5769230769230769,1.0,0.5910364145658263,0.9736842105263158
random_stratified,n/a,20,rf,11,"0,10,14,16,20,28",2160,648,0.7203703703703703,0.9120370370370371,0,0.8883248730964467,1.0,0.6688501742160279,0.7766497461928934,0.0,0.0,1.0,1.0,0.5384615384615384,1.0,0.6974789915966386,1.0
random_stratified,n/a,20,xgboost,11,"0,10,14,16,20,28",2160,648,0.7203703703703703,0.9120370370370371,0,0.8637901861252115,1.0,0.6284284569495147,0.727580372250423,0.0,0.0,1.0,1.0,0.3269230769230769,1.0,0.6470588235294118,1.0
random_stratified,n/a,20,hgb,11,"0,10,14,16,20,28",2160,648,0.7203703703703703,0.9120370370370371,0,0.9018612521150593,1.0,0.693417081328004,0.8037225042301185,0.0,0.0,1.0,1.0,0.5192307692307693,1.0,0.7450980392156863,1.0
random_stratified,n/a,20,mlp,11,"0,10,14,16,20,28",2160,648,0.7203703703703703,0.9120370370370371,0,0.9204737732656514,0.9929349600736189,0.7308399321266968,0.8409475465313029,0.0,0.0,1.0,1.0,0.5384615384615384,0.9578947368421052,0.8207282913165266,0.9473684210526315
random_stratified,n/a,20,stratified,11,"0,10,14,16,20,28",2160,648,0.7203703703703703,0.9120370370370371,0,0.4999109448748775,0.4999109448748775,0.4690269690408237,0.7191201353637902,0.7192982456140351,161.8421052631579,0.2807017543859649,0.7959183673469388,0.6538461538461539,0.7473684210526316,0.7170868347338936,0.6578947368421053
random_stratified,n/a,20,majority,11,"0,10,14,16,20,28",2160,648,0.7203703703703703,0.9120370370370371,0,0.5,0.5,0.47699757869249393,1.0,1.0,225.0,0.0,1.0,1.0,1.0,1.0,1.0
random_stratified,n/a,21,logreg,11,"7,11,13,20,22,26",2190,618,0.7415525114155251,0.8462783171521036,0,0.9158699808795412,0.9830532353829123,0.7957975999158919,0.8317399617590823,0.0,0.0,1.0,0.9459459459459459,0.8102766798418972,0.9702970297029703,0.6595744680851063,0.9210526315789473
random_stratified,n/a,21,tree,11,"7,11,13,20,22,26",2190,618,0.7415525114155251,0.8462783171521036,0,0.9488376773674148,0.9406561336419443,0.8909514398644833,0.9292543021032504,0.031578947368421054,7.105263157894737,0.968421052631579,1.0,0.9407114624505929,0.9801980198019802,0.7872340425531915,1.0
random_stratified,n/a,21,rf,11,"7,11,13,20,22,26",2190,618,0.7415525114155251,0.8462783171521036,0,0.9961759082217974,0.9997987320116736,0.9877713358529394,0.9923518164435946,0.0,0.0,1.0,1.0,1.0,1.0,0.9574468085106383,1.0
random_stratified,n/a,21,xgboost,11,"7,11,13,20,22,26",2190,618,0.7415525114155251,0.8462783171521036,0,0.9751434034416826,0.9990741672536984,0.9270697167755991,0.9502868068833652,0.0,0.0,1.0,1.0,0.9288537549407114,1.0,0.9148936170212766,1.0
random_stratified,n/a,21,hgb,11,"7,11,13,20,22,26",2190,618,0.7415525114155251,0.8462783171521036,0,0.9904397705544933,0.9998993660058367,0.9701737451737451,0.9808795411089866,0.0,0.0,1.0,1.0,0.9841897233201581,1.0,0.9468085106382979,0.9736842105263158
random_stratified,n/a,21,mlp,11,"7,11,13,20,22,26",2190,618,0.7415525114155251,0.8462783171521036,0,0.9741873804971319,0.9989936600583678,0.9245397358031503,0.9483747609942639,0.0,0.0,1.0,1.0,0.9565217391304348,0.9900990099009901,0.851063829787234,0.9736842105263158
random_stratified,n/a,21,stratified,11,"7,11,13,20,22,26",2190,618,0.7415525114155251,0.8462783171521036,0,0.4996477810204287,0.4996477810204287,0.49055975650354305,0.7361376673040153,0.7368421052631579,165.78947368421052,0.26315789473684215,0.7567567567567568,0.7272727272727273,0.7524752475247525,0.723404255319149,0.7631578947368421
random_stratified,n/a,21,majority,11,"7,11,13,20,22,26",2190,618,0.7415525114155251,0.8462783171521036,0,0.5,0.5,0.4583698510078878,1.0,1.0,225.0,0.0,1.0,1.0,1.0,1.0,1.0
random_stratified,n/a,22,logreg,11,"7,9,14,15,17,26",2237,571,0.7469825659365221,0.8336252189141856,0,0.944327731092437,0.9866430782839452,0.8614693051721849,0.8886554621848739,0.0,0.0,1.0,1.0,0.8221343873517787,0.9896907216494846,0.9066666666666666,1.0
random_stratified,n/a,22,tree,11,"7,9,14,15,17,26",2237,571,0.7469825659365221,0.8336252189141856,0,0.9432551968155684,0.9432551968155682,0.8755873436907919,0.907563025210084,0.021052631578947368,4.7368421052631575,0.9789473684210527,1.0,0.9209486166007905,0.7731958762886598,0.9733333333333334,1.0
random_stratified,n/a,22,rf,11,"7,9,14,15,17,26",2237,571,0.7469825659365221,0.8336252189141856,0,1.0,1.0,1.0,1.0,0.0,0.0,1.0,1.0,1.0,1.0,1.0,1.0
random_stratified,n/a,22,xgboost,11,"7,9,14,15,17,26",2237,571,0.7469825659365221,0.8336252189141856,0,0.9852941176470589,0.9998673153471915,0.9582235879426397,0.9705882352941176,0.0,0.0,1.0,1.0,0.9446640316205533,1.0,1.0,1.0
random_stratified,n/a,22,hgb,11,"7,9,14,15,17,26",2237,571,0.7469825659365221,0.8336252189141856,0,0.9957983193277311,0.9999115435647944,0.9875810170081343,0.9915966386554622,0.0,0.0,1.0,1.0,0.9841897233201581,1.0,1.0,1.0
random_stratified,n/a,22,mlp,11,"7,9,14,15,17,26",2237,571,0.7469825659365221,0.8336252189141856,0,0.9842436974789917,1.0,0.955410365202905,0.9684873949579832,0.0,0.0,1.0,1.0,0.9486166007905138,0.9896907216494846,0.9866666666666667,1.0
random_stratified,n/a,22,stratified,11,"7,9,14,15,17,26",2237,571,0.7469825659365221,0.8336252189141856,0,0.506578947368421,0.506578947368421,0.49995134766955335,0.75,0.7368421052631579,165.78947368421052,0.26315789473684215,0.7142857142857143,0.7470355731225297,0.7938144329896907,0.7333333333333333,0.5
random_stratified,n/a,22,majority,11,"7,9,14,15,17,26",2237,571,0.7469825659365221,0.8336252189141856,0,0.5,0.5,0.45463228271251194,1.0,1.0,225.0,0.0,1.0,1.0,1.0,1.0,1.0
random_stratified,n/a,23,logreg,11,"4,9,12,15,18,23",2329,479,0.7264920566766853,0.9498956158663883,0,0.6533424908424909,0.7845238095238095,0.557759863087732,0.8483516483516483,0.5416666666666666,121.87499999999999,0.45833333333333337,0.6826923076923077,0.9912280701754386,0.9896907216494846,0.8933333333333333,0.6
random_stratified,n/a,23,tree,11,"4,9,12,15,18,23",2329,479,0.7264920566766853,0.9498956158663883,0,0.6523809523809524,0.6256410256410256,0.6618960691249848,0.9714285714285714,0.6666666666666666,150.0,0.33333333333333337,0.9711538461538461,0.9385964912280702,1.0,0.9866666666666667,0.9692307692307692
random_stratified,n/a,23,rf,11,"4,9,12,15,18,23",2329,479,0.7264920566766853,0.9498956158663883,0,0.5295787545787546,0.9053113553113553,0.5361387446078,0.9758241758241758,0.9166666666666666,206.25,0.08333333333333337,0.8942307692307693,1.0,1.0,1.0,1.0
random_stratified,n/a,23,xgboost,11,"4,9,12,15,18,23",2329,479,0.7264920566766853,0.9498956158663883,0,0.5778388278388279,0.8300366300366301,0.6076986076986077,0.989010989010989,0.8333333333333334,187.5,0.16666666666666663,0.9807692307692307,0.9736842105263158,1.0,1.0,1.0
random_stratified,n/a,23,hgb,11,"4,9,12,15,18,23",2329,479,0.7264920566766853,0.9498956158663883,0,0.5416666666666666,0.8926739926739926,0.5651205018157808,1.0,0.9166666666666666,206.25,0.08333333333333337,1.0,1.0,1.0,1.0,1.0
random_stratified,n/a,23,mlp,11,"4,9,12,15,18,23",2329,479,0.7264920566766853,0.9498956158663883,0,0.7148351648351648,0.8488095238095238,0.6517514871116986,0.9296703296703297,0.5,112.5,0.5,0.9423076923076923,0.9824561403508771,1.0,1.0,0.6307692307692307
random_stratified,n/a,23,stratified,11,"4,9,12,15,18,23",2329,479,0.7264920566766853,0.9498956158663883,0,0.5128663003663003,0.5128663003663003,0.46044469113229725,0.734065934065934,0.7083333333333334,159.375,0.29166666666666663,0.7115384615384616,0.7631578947368421,0.7731958762886598,0.68,0.7230769230769231
random_stratified,n/a,23,majority,11,"4,9,12,15,18,23",2329,479,0.7264920566766853,0.9498956158663883,0,0.5,0.5,0.487152034261242,1.0,1.0,225.0,0.0,1.0,1.0,1.0,1.0,1.0
random_stratified,n/a,24,logreg,11,"2,11,12,15,18,24",2198,610,0.7256596906278435,0.9049180327868852,0,0.894927536231884,0.9854447776111943,0.6912955465587045,0.7898550724637681,0.0,0.0,1.0,0.6153846153846154,0.9635416666666666,0.9896907216494846,0.5851063829787234,0.5538461538461539
random_stratified,n/a,24,tree,11,"2,11,12,15,18,24",2198,610,0.7256596906278435,0.9049180327868852,0,0.9655797101449275,0.9655797101449275,0.8587997368485174,0.9311594202898551,0.0,0.0,1.0,0.7788461538461539,0.984375,0.9896907216494846,0.9042553191489362,0.9692307692307692
random_stratified,n/a,24,rf,11,"2,11,12,15,18,24",2198,610,0.7256596906278435,0.9049180327868852,0,0.9746376811594203,1.0,0.8897666253614209,0.9492753623188406,0.0,0.0,1.0,0.7692307692307693,1.0,1.0,0.9574468085106383,1.0
random_stratified,n/a,24,xgboost,11,"2,11,12,15,18,24",2198,610,0.7256596906278435,0.9049180327868852,0,0.9882246376811594,1.0,0.9436545662538458,0.9764492753623188,0.0,0.0,1.0,0.9519230769230769,0.9947916666666666,1.0,0.925531914893617,1.0
random_stratified,n/a,24,hgb,11,"2,11,12,15,18,24",2198,610,0.7256596906278435,0.9049180327868852,0,0.990036231884058,0.9999999999999999,0.9516608914279128,0.980072463768116,0.0,0.0,1.0,0.9615384615384616,1.0,1.0,0.925531914893617,1.0
random_stratified,n/a,24,mlp,11,"2,11,12,15,18,24",2198,610,0.7256596906278435,0.9049180327868852,0,0.9420289855072463,0.997532483758121,0.7914529914529915,0.8840579710144928,0.0,0.0,1.0,0.8269230769230769,0.9895833333333334,1.0,0.7978723404255319,0.6153846153846154
random_stratified,n/a,24,stratified,11,"2,11,12,15,18,24",2198,610,0.7256596906278435,0.9049180327868852,0,0.5020614692653673,0.5020614692653673,0.4750430292598967,0.7282608695652174,0.7241379310344828,162.93103448275863,0.27586206896551724,0.7307692307692307,0.7395833333333334,0.7731958762886598,0.6808510638297872,0.6923076923076923
random_stratified,n/a,24,majority,11,"2,11,12,15,18,24",2198,610,0.7256596906278435,0.9049180327868852,0,0.5,0.5,0.4750430292598967,1.0,1.0,225.0,0.0,1.0,1.0,1.0,1.0,1.0
random_stratified,n/a,25,logreg,11,"4,11,14,16,21,27",2341,467,0.72789406236651,0.9486081370449678,0,0.5656978931527464,0.6831264108352144,0.5157428355957768,0.8397291196388262,0.7083333333333334,159.375,0.29166666666666663,1.0,0.8648648648648649,0.8947368421052632,0.6170212765957447,0.9122807017543859
random_stratified,n/a,25,tree,11,"4,11,14,16,21,27",2341,467,0.72789406236651,0.9486081370449678,0,0.5455699774266365,0.5335308502633558,0.551249199231262,0.9661399548532731,0.875,196.875,0.125,0.9795918367346939,1.0,1.0,0.8829787234042553,0.9473684210526315
random_stratified,n/a,25,rf,11,"4,11,14,16,21,27",2341,467,0.72789406236651,0.9486081370449678,0,0.538280662151994,0.8603273137697516,0.5551533625452467,0.9932279909706546,0.9166666666666666,206.25,0.08333333333333337,1.0,1.0,1.0,0.9680851063829787,1.0
random_stratified,n/a,25,xgboost,11,"4,11,14,16,21,27",2341,467,0.72789406236651,0.9486081370449678,0,0.5371519939804364,0.8935289691497367,0.5522861356932154,0.9909706546275395,0.9166666666666666,206.25,0.08333333333333337,1.0,1.0,1.0,0.9574468085106383,1.0
random_stratified,n/a,25,hgb,11,"4,11,14,16,21,27",2341,467,0.72789406236651,0.9486081370449678,0,0.5360233258088788,0.927012791572611,0.5495659629193013,0.9887133182844243,0.9166666666666666,206.25,0.08333333333333337,1.0,1.0,1.0,0.9468085106382979,1.0
random_stratified,n/a,25,mlp,11,"4,11,14,16,21,27",2341,467,0.72789406236651,0.9486081370449678,0,0.6975639578630549,0.8473476297968398,0.6510670092759645,0.9367945823927766,0.5416666666666666,121.87499999999999,0.45833333333333337,1.0,0.9459459459459459,0.9894736842105263,0.8297872340425532,0.9473684210526315
random_stratified,n/a,25,stratified,11,"4,11,14,16,21,27",2341,467,0.72789406236651,0.9486081370449678,0,0.512650489089541,0.5126504890895409,0.46099260462531527,0.7336343115124153,0.7083333333333334,159.375,0.29166666666666663,0.673469387755102,0.75,0.7368421052631579,0.7021276595744681,0.7894736842105263
random_stratified,n/a,25,majority,11,"4,11,14,16,21,27",2341,467,0.72789406236651,0.9486081370449678,0,0.5,0.5,0.4868131868131868,1.0,1.0,225.0,0.0,1.0,1.0,1.0,1.0,1.0
random_stratified,n/a,26,logreg,11,"8,9,12,16,18,25",2236,572,0.7294275491949911,0.9020979020979021,0,0.5917774086378738,0.7096483942414177,0.5441668350281725,0.7906976744186046,0.6071428571428571,136.60714285714283,0.3928571428571429,0.6442307692307693,0.9491525423728814,0.7157894736842105,0.8666666666666667,0.6153846153846154
random_stratified,n/a,26,tree,11,"8,9,12,16,18,25",2236,572,0.7294275491949911,0.9020979020979021,0,0.46705426356589147,0.46705426356589147,0.4573055028462998,0.9341085271317829,1.0,225.0,0.0,0.7596153846153846,0.9830508474576272,0.9789473684210527,0.9733333333333334,0.9692307692307692
random_stratified,n/a,26,rf,11,"8,9,12,16,18,25",2236,572,0.7294275491949911,0.9020979020979021,0,0.4757751937984496,0.8453765227021041,0.4619002822201317,0.9515503875968992,1.0,225.0,0.0,0.7596153846153846,1.0,1.0,1.0,1.0
random_stratified,n/a,26,xgboost,11,"8,9,12,16,18,25",2236,572,0.7294275491949911,0.9020979020979021,0,0.4932170542635659,0.7636004983388704,0.4708603145235893,0.9864341085271318,1.0,225.0,0.0,0.9326923076923077,1.0,1.0,1.0,1.0
random_stratified,n/a,26,hgb,11,"8,9,12,16,18,25",2236,572,0.7294275491949911,0.9020979020979021,0,0.4941860465116279,0.7476121262458473,0.4713493530499076,0.9883720930232558,1.0,225.0,0.0,0.9423076923076923,1.0,1.0,1.0,1.0
random_stratified,n/a,26,mlp,11,"8,9,12,16,18,25",2236,572,0.7294275491949911,0.9020979020979021,0,0.5305232558139534,0.6763911960132891,0.5337945292620865,0.936046511627907,0.875,196.875,0.125,0.7980769230769231,1.0,0.968421052631579,0.9866666666666667,0.8769230769230769
random_stratified,n/a,26,stratified,11,"8,9,12,16,18,25",2236,572,0.7294275491949911,0.9020979020979021,0,0.4992386489479512,0.4992386489479513,0.4750688283878862,0.7306201550387597,0.7321428571428571,164.73214285714283,0.2678571428571429,0.7307692307692307,0.7401129943502824,0.7473684210526316,0.68,0.7384615384615385
random_stratified,n/a,26,majority,11,"8,9,12,16,18,25",2236,572,0.7294275491949911,0.9020979020979021,0,0.5,0.5,0.4742647058823529,1.0,1.0,225.0,0.0,1.0,1.0,1.0,1.0,1.0
random_stratified,n/a,27,logreg,11,"6,9,12,16,18,23",2295,513,0.7381263616557734,0.8830409356725146,0,0.8763796909492274,0.9873804267844003,0.6880917224007643,0.7527593818984547,0.0,0.0,1.0,0.5865384615384616,0.9912280701754386,0.7157894736842105,0.84,0.5538461538461539
random_stratified,n/a,27,tree,11,"6,9,12,16,18,23",2295,513,0.7381263616557734,0.8830409356725146,0,0.9867549668874172,0.9878587196467992,0.9478340451494813,0.9735099337748344,0.0,0.0,1.0,1.0,0.9122807017543859,0.9894736842105263,0.9866666666666667,1.0
random_stratified,n/a,27,rf,11,"6,9,12,16,18,23",2295,513,0.7381263616557734,0.8830409356725146,0,0.9724061810154525,0.9998528329654157,0.8996046812008298,0.9448123620309051,0.0,0.0,1.0,0.7596153846153846,1.0,1.0,1.0,1.0
random_stratified,n/a,27,xgboost,11,"6,9,12,16,18,23",2295,513,0.7381263616557734,0.8830409356725146,0,0.9690949227373069,1.0,0.8894600751092778,0.9381898454746137,0.0,0.0,1.0,0.7788461538461539,0.956140350877193,1.0,1.0,1.0
random_stratified,n/a,27,hgb,11,"6,9,12,16,18,23",2295,513,0.7381263616557734,0.8830409356725146,0,0.9922737306843268,1.0,0.9685477301989087,0.9845474613686535,0.0,0.0,1.0,0.9326923076923077,1.0,1.0,1.0,1.0
random_stratified,n/a,27,mlp,11,"6,9,12,16,18,23",2295,513,0.7381263616557734,0.8830409356725146,0,0.9547461368653422,0.9983811626195732,0.8489713854880983,0.9094922737306843,0.0,0.0,1.0,0.8557692307692307,0.9736842105263158,0.9789473684210527,1.0,0.676923076923077
random_stratified,n/a,27,stratified,11,"6,9,12,16,18,23",2295,513,0.7381263616557734,0.8830409356725146,0,0.4864238410596027,0.4864238410596026,0.4745953237410072,0.739514348785872,0.7666666666666667,172.5,0.23333333333333328,0.7115384615384616,0.7631578947368421,0.7789473684210526,0.7066666666666667,0.7230769230769231
random_stratified,n/a,27,majority,11,"6,9,12,16,18,23",2295,513,0.7381263616557734,0.8830409356725146,0,0.5,0.5,0.468944099378882,1.0,1.0,225.0,0.0,1.0,1.0,1.0,1.0,1.0
random_stratified,n/a,28,logreg,11,"5,10,13,16,18,27",2050,758,0.7048780487804878,0.9261213720316622,0,0.7514245014245013,0.9709757834757835,0.4560722106280392,0.5028490028490028,0.0,0.0,1.0,0.4864864864864865,0.7432432432432432,0.9894736842105263,0.2549019607843137,0.6153846153846154
random_stratified,n/a,28,tree,11,"5,10,13,16,18,27",2050,758,0.7048780487804878,0.9261213720316622,0,0.49213980463980467,0.4915928978428978,0.46826620633027194,0.7521367521367521,0.7678571428571429,172.76785714285717,0.2321428571428571,0.8648648648648649,0.9256756756756757,1.0,0.5602240896358543,0.9846153846153847
random_stratified,n/a,28,rf,11,"5,10,13,16,18,27",2050,758,0.7048780487804878,0.9261213720316622,0,0.9052706552706553,0.9663461538461537,0.67625042149039,0.8105413105413105,0.0,0.0,1.0,1.0,1.0,1.0,0.6274509803921569,1.0
random_stratified,n/a,28,xgboost,11,"5,10,13,16,18,27",2050,758,0.7048780487804878,0.9261213720316622,0,0.9017094017094017,0.9940221815221815,0.6694976303317536,0.8034188034188035,0.0,0.0,1.0,1.0,0.9797297297297297,1.0,0.6218487394957983,1.0
random_stratified,n/a,28,hgb,11,"5,10,13,16,18,27",2050,758,0.7048780487804878,0.9261213720316622,0,0.9287749287749287,0.9855514855514855,0.7258073851140179,0.8575498575498576,0.0,0.0,1.0,1.0,1.0,1.0,0.7198879551820728,1.0
random_stratified,n/a,28,mlp,11,"5,10,13,16,18,27",2050,758,0.7048780487804878,0.9261213720316622,0,0.782051282051282,0.9768009768009768,0.49462702957094673,0.5641025641025641,0.0,0.0,1.0,0.7027027027027027,0.7972972972972973,1.0,0.3277310924369748,0.6153846153846154
random_stratified,n/a,28,stratified,11,"5,10,13,16,18,27",2050,758,0.7048780487804878,0.9261213720316622,0,0.5147028897028897,0.5147028897028897,0.4662946253944246,0.707977207977208,0.6785714285714286,152.67857142857144,0.3214285714285714,0.7837837837837838,0.7027027027027027,0.7578947368421053,0.7002801120448179,0.6461538461538462
random_stratified,n/a,28,majority,11,"5,10,13,16,18,27",2050,758,0.7048780487804878,0.9261213720316622,0,0.5,0.5,0.4808219178082192,1.0,1.0,225.0,0.0,1.0,1.0,1.0,1.0,1.0
random_stratified,n/a,29,logreg,11,"2,11,12,15,17,25",2276,532,0.7350615114235501,0.8909774436090225,0,0.9156118143459915,0.9963262039866143,0.749835418038183,0.8312236286919831,0.0,0.0,1.0,0.7019230769230769,0.9322033898305084,0.9896907216494846,0.6170212765957447,1.0
random_stratified,n/a,29,tree,11,"2,11,12,15,17,25",2276,532,0.7350615114235501,0.8909774436090225,0,0.9578059071729959,0.9578059071729959,0.8497684400768102,0.9156118143459916,0.0,0.0,1.0,0.9615384615384616,0.9943502824858758,0.7938144329896907,0.8404255319148937,1.0
random_stratified,n/a,29,rf,11,"2,11,12,15,17,25",2276,532,0.7350615114235501,0.8909774436090225,0,0.9704641350210971,1.0,0.8875603864734299,0.9409282700421941,0.0,0.0,1.0,0.7692307692307693,1.0,1.0,0.9574468085106383,1.0
random_stratified,n/a,29,xgboost,11,"2,11,12,15,17,25",2276,532,0.7350615114235501,0.8909774436090225,0,0.989451476793249,1.0,0.954986969912343,0.9789029535864979,0.0,0.0,1.0,0.9711538461538461,1.0,1.0,0.925531914893617,1.0
random_stratified,n/a,29,hgb,11,"2,11,12,15,17,25",2276,532,0.7350615114235501,0.8909774436090225,0,0.9936708860759493,1.0,0.9722251226897776,0.9873417721518988,0.0,0.0,1.0,0.9903846153846154,1.0,1.0,0.9468085106382979,1.0
random_stratified,n/a,29,mlp,11,"2,11,12,15,17,25",2276,532,0.7350615114235501,0.8909774436090225,0,0.9757383966244726,0.9979630437945586,0.9048337546179273,0.9514767932489452,0.0,0.0,1.0,0.9423076923076923,1.0,1.0,0.8191489361702128,1.0
random_stratified,n/a,29,stratified,11,"2,11,12,15,17,25",2276,532,0.7350615114235501,0.8909774436090225,0,0.4888331150880256,0.4888331150880256,0.473603475430184,0.7362869198312236,0.7586206896551724,170.68965517241378,0.24137931034482762,0.7307692307692307,0.7344632768361582,0.7731958762886598,0.7021276595744681,1.0
random_stratified,n/a,29,majority,11,"2,11,12,15,17,25",2276,532,0.7350615114235501,0.8909774436090225,0,0.5,0.5,0.4711729622266402,1.0,1.0,225.0,0.0,1.0,1.0,1.0,1.0,1.0
random_stratified,n/a,30,logreg,11,"0,10,12,17,22,28",2135,673,0.717096018735363,0.9153046062407132,0,0.7402597402597403,0.9989462292093871,0.45589780903872584,0.4805194805194805,0.0,0.0,1.0,0.6923076923076923,0.6153846153846154,1.0,0.24929971988795518,1.0
random_stratified,n/a,30,tree,11,"0,10,12,17,22,28",2135,673,0.717096018735363,0.9153046062407132,0,0.8612012987012987,0.8612012987012987,0.6194156456173421,0.7224025974025974,0.0,0.0,1.0,0.9423076923076923,0.6346153846153846,0.9801980198019802,0.5966386554621849,1.0
random_stratified,n/a,30,rf,11,"0,10,12,17,22,28",2135,673,0.717096018735363,0.9153046062407132,0,0.8977272727272727,1.0,0.6805379746835443,0.7954545454545454,0.0,0.0,1.0,0.9903846153846154,0.5769230769230769,1.0,0.711484593837535,1.0
random_stratified,n/a,30,xgboost,11,"0,10,12,17,22,28",2135,673,0.717096018735363,0.9153046062407132,0,0.8766233766233766,1.0,0.6439153439153439,0.7532467532467533,0.0,0.0,1.0,0.9807692307692307,0.3269230769230769,1.0,0.6778711484593838,1.0
random_stratified,n/a,30,hgb,11,"0,10,12,17,22,28",2135,673,0.717096018735363,0.9153046062407132,0,0.9025974025974026,1.0,0.6896329090573695,0.8051948051948052,0.0,0.0,1.0,1.0,0.5,1.0,0.7366946778711485,1.0
random_stratified,n/a,30,mlp,11,"0,10,12,17,22,28",2135,673,0.717096018735363,0.9153046062407132,0,0.9180194805194806,0.9969810890863523,0.7204655275224642,0.836038961038961,0.0,0.0,1.0,0.9519230769230769,0.5,1.0,0.803921568627451,1.0
random_stratified,n/a,30,stratified,11,"0,10,12,17,22,28",2135,673,0.717096018735363,0.9153046062407132,0,0.5087007290954659,0.5087007290954659,0.4719196324962332,0.7191558441558441,0.7017543859649122,157.89473684210526,0.29824561403508776,0.7692307692307693,0.7692307692307693,0.6534653465346535,0.7170868347338936,0.5
random_stratified,n/a,30,majority,11,"0,10,12,17,22,28",2135,673,0.717096018735363,0.9153046062407132,0,0.5,0.5,0.4778898370830101,1.0,1.0,225.0,0.0,1.0,1.0,1.0,1.0,1.0
random_stratified,n/a,31,logreg,11,"6,10,12,16,20,28",2102,706,0.7140818268315889,0.9150141643059491,0,0.7275541795665634,0.9712590299277606,0.4398846015146051,0.4551083591331269,0.0,0.0,1.0,0.5769230769230769,0.6346153846153846,0.8736842105263158,0.23809523809523808,0.868421052631579
random_stratified,n/a,31,tree,11,"6,10,12,16,20,28",2102,706,0.7140818268315889,0.9150141643059491,0,0.8699690402476781,0.8699690402476781,0.6336002372479241,0.739938080495356,0.0,0.0,1.0,0.9423076923076923,0.6153846153846154,1.0,0.6106442577030813,0.9210526315789473
random_stratified,n/a,31,rf,11,"6,10,12,16,20,28",2102,706,0.7140818268315889,0.9150141643059491,0,0.8955108359133127,0.9992260061919505,0.6769535817784331,0.7910216718266254,0.0,0.0,1.0,0.9711538461538461,0.5576923076923077,1.0,0.6946778711484594,1.0
random_stratified,n/a,31,xgboost,11,"6,10,12,16,20,28",2102,706,0.7140818268315889,0.9150141643059491,0,0.8800309597523219,0.9981424148606811,0.6500199888062684,0.760061919504644,0.0,0.0,1.0,0.9711538461538461,0.34615384615384615,1.0,0.6694677871148459,1.0
random_stratified,n/a,31,hgb,11,"6,10,12,16,20,28",2102,706,0.7140818268315889,0.9150141643059491,0,0.9024767801857585,0.9992002063983488,0.6898715642387985,0.804953560371517,0.0,0.0,1.0,1.0,0.4807692307692308,1.0,0.7226890756302521,1.0
random_stratified,n/a,31,mlp,11,"6,10,12,16,20,28",2102,706,0.7140818268315889,0.9150141643059491,0,0.890092879256966,0.9990970072239421,0.6672685031530037,0.7801857585139319,0.0,0.0,1.0,0.7884615384615384,0.5192307692307693,0.9578947368421052,0.7535014005602241,0.9210526315789473
random_stratified,n/a,31,stratified,11,"6,10,12,16,20,28",2102,706,0.7140818268315889,0.9150141643059491,0,0.5122291021671826,0.5122291021671828,0.47515679065743943,0.7244582043343654,0.7,157.5,0.30000000000000004,0.7692307692307693,0.7692307692307693,0.6736842105263158,0.7170868347338936,0.7368421052631579
random_stratified,n/a,31,majority,11,"6,10,12,16,20,28",2102,706,0.7140818268315889,0.9150141643059491,0,0.5,0.5,0.47781065088757396,1.0,1.0,225.0,0.0,1.0,1.0,1.0,1.0,1.0
random_stratified,n/a,32,logreg,11,"3,10,14,16,18,25",2010,798,0.6985074626865672,0.931077694235589,0,0.7688241771687263,0.9385537746237612,0.4978242092707605,0.5921938088829072,0.05454545454545454,12.272727272727272,0.9454545454545454,0.9387755102040817,0.9717514124293786,0.968421052631579,0.2549019607843137,0.6
random_stratified,n/a,32,tree,11,"3,10,14,16,18,25",2010,798,0.6985074626865672,0.931077694235589,0,0.8613238712834944,0.8551572250091765,0.6970343839541547,0.8681022880215343,0.14545454545454545,32.72727272727273,0.8545454545454545,0.9795918367346939,0.9830508474576272,0.9894736842105263,0.7394957983193278,1.0
random_stratified,n/a,32,rf,11,"3,10,14,16,18,25",2010,798,0.6985074626865672,0.931077694235589,0,0.9242872874097638,0.9812308821730087,0.7235923298603414,0.8667563930013459,0.01818181818181818,4.090909090909091,0.9818181818181818,1.0,1.0,1.0,0.7226890756302521,1.0
random_stratified,n/a,32,xgboost,11,"3,10,14,16,18,25",2010,798,0.6985074626865672,0.931077694235589,0,0.9168848647987276,0.9745014070720667,0.7062703315725072,0.8519515477792732,0.01818181818181818,4.090909090909091,0.9818181818181818,1.0,1.0,1.0,0.6918767507002801,1.0
random_stratified,n/a,32,hgb,11,"3,10,14,16,18,25",2010,798,0.6985074626865672,0.931077694235589,0,0.934381500061177,0.9785880337697296,0.7495005151802762,0.8869448183041723,0.01818181818181818,4.090909090909091,0.9818181818181818,1.0,1.0,1.0,0.7647058823529411,1.0
random_stratified,n/a,32,mlp,11,"3,10,14,16,18,25",2010,798,0.6985074626865672,0.931077694235589,0,0.934381500061177,0.9894041355683348,0.7495005151802762,0.8869448183041723,0.01818181818181818,4.090909090909091,0.9818181818181818,1.0,0.9887005649717514,0.9894736842105263,0.8403361344537815,0.6307692307692307
random_stratified,n/a,32,stratified,11,"3,10,14,16,18,25",2010,798,0.6985074626865672,0.931077694235589,0,0.5108772788449774,0.5108772788449774,0.45814814814814814,0.6944818304172274,0.6727272727272727,151.36363636363637,0.32727272727272727,0.7755102040816326,0.7005649717514124,0.7368421052631579,0.6918767507002801,0.5692307692307692
random_stratified,n/a,32,majority,11,"3,10,14,16,18,25",2010,798,0.6985074626865672,0.931077694235589,0,0.5,0.5,0.48215444516547695,1.0,1.0,225.0,0.0,1.0,1.0,1.0,1.0,1.0
random_stratified,n/a,33,logreg,11,"9,12,17,22,26,29",2127,681,0.7578749412317819,0.7856093979441997,0,0.5628792728203815,0.5973626936371783,0.5641321044546851,0.9682242990654205,0.8424657534246576,189.55479452054794,0.15753424657534243,0.8653846153846154,1.0,0.9900990099009901,0.9733333333333334,1.0
random_stratified,n/a,33,tree,11,"9,12,17,22,26,29",2127,681,0.7578749412317819,0.7856093979441997,0,0.569107668672385,0.569107668672385,0.5727098250535174,0.9738317757009346,0.8356164383561644,188.013698630137,0.1643835616438356,0.9903846153846154,0.9683794466403162,0.9603960396039604,0.9866666666666667,1.0
random_stratified,n/a,33,rf,11,"9,12,17,22,26,29",2127,681,0.7578749412317819,0.7856093979441997,0,0.5451414671616951,0.6855716297529126,0.529592656457068,0.994392523364486,0.9041095890410958,203.42465753424656,0.09589041095890416,0.9711538461538461,1.0,1.0,1.0,1.0
random_stratified,n/a,33,xgboost,11,"9,12,17,22,26,29",2127,681,0.7578749412317819,0.7856093979441997,0,0.5616438356164384,0.46182947125848167,0.5563337269432794,1.0,0.8767123287671232,197.26027397260273,0.12328767123287676,1.0,1.0,1.0,1.0,1.0
random_stratified,n/a,33,hgb,11,"9,12,17,22,26,29",2127,681,0.7578749412317819,0.7856093979441997,0,0.5445205479452054,0.5168096274484701,0.5264825357988676,1.0,0.910958904109589,204.96575342465752,0.08904109589041098,1.0,1.0,1.0,1.0,1.0
random_stratified,n/a,33,mlp,11,"9,12,17,22,26,29",2127,681,0.7578749412317819,0.7856093979441997,0,0.5688004096786583,0.589540391755217,0.5705331568179083,0.9869158878504672,0.8493150684931506,191.0958904109589,0.15068493150684936,0.9423076923076923,0.9960474308300395,1.0,1.0,1.0
random_stratified,n/a,33,stratified,11,"9,12,17,22,26,29",2127,681,0.7578749412317819,0.7856093979441997,0,0.5266995263090514,0.5266995263090513,0.5241090146750524,0.7588785046728972,0.7054794520547946,158.7328767123288,0.29452054794520544,0.75,0.7747035573122529,0.7524752475247525,0.7333333333333333,0.5
random_stratified,n/a,33,majority,11,"9,12,17,22,26,29",2127,681,0.7578749412317819,0.7856093979441997,0,0.5,0.5,0.4399671052631579,1.0,1.0,225.0,0.0,1.0,1.0,1.0,1.0,1.0
random_stratified,n/a,34,logreg,11,"4,9,12,20,22,27",2318,490,0.7251941328731665,0.9510204081632653,0,0.6237482117310443,0.8091022889842632,0.5802741067058248,0.9141630901287554,0.6666666666666666,150.0,0.33333333333333337,0.8846153846153846,0.8716216216216216,0.9900990099009901,0.9333333333333333,0.9210526315789473
random_stratified,n/a,34,tree,11,"4,9,12,20,22,27",2318,490,0.7251941328731665,0.9510204081632653,0,0.5363018597997139,0.5324123748211731,0.5502906285053877,0.9892703862660944,0.9166666666666666,206.25,0.08333333333333337,0.9903846153846154,0.9864864864864865,0.9801980198019802,1.0,1.0
random_stratified,n/a,34,rf,11,"4,9,12,20,22,27",2318,490,0.7251941328731665,0.9510204081632653,0,0.5405937052932761,0.8058834048640915,0.5620069177257005,0.9978540772532188,0.9166666666666666,206.25,0.08333333333333337,0.9903846153846154,1.0,1.0,1.0,1.0
random_stratified,n/a,34,xgboost,11,"4,9,12,20,22,27",2318,490,0.7251941328731665,0.9510204081632653,0,0.5582081545064378,0.8811695278969957,0.5836024338012848,0.9914163090128756,0.875,196.875,0.125,0.9807692307692307,0.9864864864864865,1.0,1.0,1.0
random_stratified,n/a,34,hgb,11,"4,9,12,20,22,27",2318,490,0.7251941328731665,0.9510204081632653,0,0.5416666666666666,0.948140200286123,0.5653926786002258,1.0,0.9166666666666666,206.25,0.08333333333333337,1.0,1.0,1.0,1.0,1.0
random_stratified,n/a,34,mlp,11,"4,9,12,20,22,27",2318,490,0.7251941328731665,0.9510204081632653,0,0.7568848354792561,0.8798283261802575,0.7470967741935484,0.9721030042918455,0.4583333333333333,103.125,0.5416666666666667,0.9807692307692307,0.9324324324324325,1.0,1.0,0.9736842105263158
random_stratified,n/a,34,stratified,11,"4,9,12,20,22,27",2318,490,0.7251941328731665,0.9510204081632653,0,0.5117131616595136,0.5117131616595136,0.45870674632810554,0.7317596566523605,0.7083333333333334,159.375,0.29166666666666663,0.7115384615384616,0.7432432432432432,0.7821782178217822,0.68,0.7105263157894737
random_stratified,n/a,34,majority,11,"4,9,12,20,22,27",2318,490,0.7251941328731665,0.9510204081632653,0,0.5,0.5,0.4874476987447699,1.0,1.0,225.0,0.0,1.0,1.0,1.0,1.0,1.0
random_stratified,n/a,35,logreg,11,"3,9,12,20,22,27",2287,521,0.735024048972453,0.8944337811900192,0,0.9318962153726102,0.991299258681233,0.7973776320906717,0.8819742489270386,0.01818181818181818,4.090909090909091,0.9818181818181818,0.8269230769230769,0.831081081081081,0.9900990099009901,0.8933333333333333,0.9210526315789473
random_stratified,n/a,35,tree,11,"3,9,12,20,22,27",2287,521,0.735024048972453,0.8944337811900192,0,0.8571985953960203,0.8571985953960203,0.8848812617712356,0.9871244635193133,0.2727272727272727,61.36363636363636,0.7272727272727273,0.9903846153846154,0.9932432432432432,1.0,0.9866666666666667,0.9210526315789473
random_stratified,n/a,35,rf,11,"3,9,12,20,22,27",2287,521,0.735024048972453,0.8944337811900192,0,0.9817596566523605,0.9980101443620757,0.9237812486553936,0.9635193133047211,0.0,0.0,1.0,0.8365384615384616,1.0,1.0,1.0,1.0
random_stratified,n/a,35,xgboost,11,"3,9,12,20,22,27",2287,521,0.735024048972453,0.8944337811900192,0,0.9887631681623098,0.9998829496683573,0.9848753157023834,0.9957081545064378,0.01818181818181818,4.090909090909091,0.9818181818181818,0.9903846153846154,0.9932432432432432,1.0,1.0,1.0
random_stratified,n/a,35,hgb,11,"3,9,12,20,22,27",2287,521,0.735024048972453,0.8944337811900192,0,1.0,1.0,1.0,1.0,0.0,0.0,1.0,1.0,1.0,1.0,1.0,1.0
random_stratified,n/a,35,mlp,11,"3,9,12,20,22,27",2287,521,0.735024048972453,0.8944337811900192,0,0.9705228248146702,0.9970347249317206,0.9109340809628008,0.9592274678111588,0.01818181818181818,4.090909090909091,0.9818181818181818,1.0,0.8986486486486487,1.0,0.96,0.9736842105263158
random_stratified,n/a,35,stratified,11,"3,9,12,20,22,27",2287,521,0.735024048972453,0.8944337811900192,0,0.4872805306281701,0.4872805306281701,0.4721769211761799,0.7381974248927039,0.7636363636363637,171.8181818181818,0.23636363636363633,0.7211538461538461,0.7567567567567568,0.7524752475247525,0.72,0.7105263157894737
random_stratified,n/a,35,majority,11,"3,9,12,20,22,27",2287,521,0.735024048972453,0.8944337811900192,0,0.5,0.5,0.47213779128672745,1.0,1.0,225.0,0.0,1.0,1.0,1.0,1.0,1.0
random_stratified,n/a,36,logreg,11,"1,11,13,16,18,26",2210,598,0.7253393665158371,0.9096989966555183,0,0.8721064814814814,0.9587418300653594,0.6688042110081245,0.78125,0.037037037037037035,8.333333333333332,0.962962962962963,0.918918918918919,0.8142292490118577,0.9263157894736842,0.648936170212766,0.5538461538461539
random_stratified,n/a,36,tree,11,"1,11,13,16,18,26",2210,598,0.7253393665158371,0.9096989966555183,0,0.9594226579520697,0.9612268518518519,0.8878048780487805,0.9558823529411765,0.037037037037037035,8.333333333333332,0.962962962962963,1.0,0.9446640316205533,0.968421052631579,0.925531914893617,1.0
random_stratified,n/a,36,rf,11,"1,11,13,16,18,26",2210,598,0.7253393665158371,0.9096989966555183,0,0.9963235294117647,0.999931917211329,0.9802978386926726,0.9926470588235294,0.0,0.0,1.0,1.0,1.0,1.0,0.9574468085106383,1.0
random_stratified,n/a,36,xgboost,11,"1,11,13,16,18,26",2210,598,0.7253393665158371,0.9096989966555183,0,0.9742647058823529,0.9994212962962964,0.8838512763596005,0.9485294117647058,0.0,0.0,1.0,1.0,0.924901185770751,1.0,0.9042553191489362,1.0
random_stratified,n/a,36,hgb,11,"1,11,13,16,18,26",2210,598,0.7253393665158371,0.9096989966555183,0,0.9917279411764706,0.9993191721132898,0.9573679332715477,0.9834558823529411,0.0,0.0,1.0,1.0,0.9841897233201581,1.0,0.9468085106382979,1.0
random_stratified,n/a,36,mlp,11,"1,11,13,16,18,26",2210,598,0.7253393665158371,0.9096989966555183,0,0.9456358932461874,0.99135348583878,0.8391154565438499,0.9283088235294118,0.037037037037037035,8.333333333333332,0.962962962962963,1.0,0.9683794466403162,0.9789473684210527,0.8404255319148937,0.7846153846153846
random_stratified,n/a,36,stratified,11,"1,11,13,16,18,26",2210,598,0.7253393665158371,0.9096989966555183,0,0.49451933551198257,0.49451933551198257,0.4698053718322547,0.7297794117647058,0.7407407407407407,166.66666666666666,0.2592592592592593,0.6216216216216216,0.7391304347826086,0.7578947368421053,0.6914893617021277,0.7692307692307693
random_stratified,n/a,36,majority,11,"1,11,13,16,18,26",2210,598,0.7253393665158371,0.9096989966555183,0,0.5,0.5,0.4763572679509632,1.0,1.0,225.0,0.0,1.0,1.0,1.0,1.0,1.0
random_stratified,n/a,37,logreg,11,"8,11,14,15,17,28",2458,350,0.7538649308380797,0.84,0,0.4141156462585034,0.6209912536443148,0.41783942492659715,0.7925170068027211,0.9642857142857143,216.96428571428572,0.0357142857142857,1.0,0.5769230769230769,0.9896907216494846,0.5957446808510638,1.0
random_stratified,n/a,37,tree,11,"8,11,14,15,17,28",2458,350,0.7538649308380797,0.84,0,0.44387755102040816,0.44387755102040816,0.42716857610474634,0.8877551020408163,1.0,225.0,0.0,1.0,0.5,1.0,0.925531914893617,1.0
random_stratified,n/a,37,rf,11,"8,11,14,15,17,28",2458,350,0.7538649308380797,0.84,0,0.4557823129251701,0.5845481049562682,0.4336569579288026,0.9115646258503401,1.0,225.0,0.0,1.0,0.5961538461538461,1.0,0.9468085106382979,1.0
random_stratified,n/a,37,xgboost,11,"8,11,14,15,17,28",2458,350,0.7538649308380797,0.84,0,0.4464285714285714,0.4581511175898932,0.44,0.8571428571428571,0.9642857142857143,216.96428571428572,0.0357142857142857,1.0,0.36538461538461536,1.0,0.9042553191489362,1.0
random_stratified,n/a,37,hgb,11,"8,11,14,15,17,28",2458,350,0.7538649308380797,0.84,0,0.4340986394557823,0.46361758989310003,0.42726326054976116,0.8503401360544217,0.9821428571428571,220.98214285714283,0.017857142857142905,1.0,0.36538461538461536,1.0,0.8829787234042553,1.0
random_stratified,n/a,37,mlp,11,"8,11,14,15,17,28",2458,350,0.7538649308380797,0.84,0,0.42517006802721086,0.5281219630709426,0.4166666666666667,0.8503401360544217,1.0,225.0,0.0,1.0,0.5192307692307693,1.0,0.7978723404255319,1.0
random_stratified,n/a,37,stratified,11,"8,11,14,15,17,28",2458,350,0.7538649308380797,0.84,0,0.49022108843537415,0.49022108843537415,0.4858821609270443,0.7482993197278912,0.7678571428571429,172.76785714285717,0.2321428571428571,0.6938775510204082,0.75,0.7835051546391752,0.7340425531914894,1.0
random_stratified,n/a,37,majority,11,"8,11,14,15,17,28",2458,350,0.7538649308380797,0.84,0,0.5,0.5,0.45652173913043476,1.0,1.0,225.0,0.0,1.0,1.0,1.0,1.0,1.0
random_stratified,n/a,38,logreg,11,"10,12,20,22,24,29",1870,938,0.7245989304812834,0.8443496801705757,0,0.5048256537982565,0.4717119828421199,0.5036651552957854,0.8863636363636364,0.8767123287671232,197.26027397260273,0.12328767123287676,0.9134615384615384,0.9947916666666666,1.0,0.7759103641456583,1.0
random_stratified,n/a,38,tree,11,"10,12,20,22,24,29",1870,938,0.7245989304812834,0.8443496801705757,0,0.5765099626400996,0.5765099626400996,0.5954806872463072,0.9886363636363636,0.8356164383561644,188.013698630137,0.1643835616438356,1.0,1.0,0.9900990099009901,0.9803921568627451,0.9736842105263158
random_stratified,n/a,38,rf,11,"10,12,20,22,24,29",1870,938,0.7245989304812834,0.8443496801705757,0,0.5071779438217795,0.5886086896360869,0.5038408400110528,0.9116161616161617,0.8972602739726028,201.88356164383563,0.10273972602739723,1.0,1.0,1.0,0.803921568627451,1.0
random_stratified,n/a,38,xgboost,11,"10,12,20,22,24,29",1870,938,0.7245989304812834,0.8443496801705757,0,0.544044901065449,0.4237408329874084,0.5488044794188862,0.9305555555555556,0.8424657534246576,189.55479452054794,0.15753424657534243,1.0,1.0,1.0,0.84593837535014,1.0
random_stratified,n/a,38,hgb,11,"10,12,20,22,24,29",1870,938,0.7245989304812834,0.8443496801705757,0,0.5445983810709838,0.4285578386605784,0.548246772414436,0.9659090909090909,0.8767123287671232,197.26027397260273,0.12328767123287676,1.0,1.0,1.0,0.9243697478991597,1.0
random_stratified,n/a,38,mlp,11,"10,12,20,22,24,29",1870,938,0.7245989304812834,0.8443496801705757,0,0.5114068769890687,0.42251279922512797,0.5108093480934809,0.8926767676767676,0.8698630136986302,195.71917808219177,0.13013698630136983,0.8557692307692307,1.0,1.0,0.803921568627451,1.0
random_stratified,n/a,38,stratified,11,"10,12,20,22,24,29",1870,938,0.7245989304812834,0.8443496801705757,0,0.516120105161201,0.516120105161201,0.49961801896733404,0.7171717171717171,0.684931506849315,154.1095890410959,0.31506849315068497,0.75,0.6822916666666666,0.7326732673267327,0.7254901960784313,0.6842105263157895
random_stratified,n/a,38,majority,11,"10,12,20,22,24,29",1870,938,0.7245989304812834,0.8443496801705757,0,0.5,0.5,0.4578034682080925,1.0,1.0,225.0,0.0,1.0,1.0,1.0,1.0,1.0
random_stratified,n/a,39,logreg,11,"8,10,12,19,22,28",2098,710,0.7116301239275501,0.9211267605633803,0,0.3152850589777195,0.37046745303626033,0.34812803590906594,0.5412844036697247,0.9107142857142857,204.91071428571428,0.0892857142857143,0.7307692307692307,0.7115384615384616,1.0,0.2801120448179272,1.0
random_stratified,n/a,39,tree,11,"8,10,12,19,22,28",2098,710,0.7116301239275501,0.9211267605633803,0,0.49806138051550897,0.49806138051550897,0.4835424622658665,0.7996941896024465,0.8035714285714286,180.80357142857144,0.1964285714285714,0.9711538461538461,0.5576923076923077,1.0,0.7058823529411765,1.0
random_stratified,n/a,39,rf,11,"8,10,12,19,22,28",2098,710,0.7116301239275501,0.9211267605633803,0,0.3967889908256881,0.49219091306247276,0.4222945484133442,0.7935779816513762,1.0,225.0,0.0,0.9326923076923077,0.5769230769230769,1.0,0.7030812324929971,1.0
random_stratified,n/a,39,xgboost,11,"8,10,12,19,22,28",2098,710,0.7116301239275501,0.9211267605633803,0,0.3996013543031892,0.5003549584971604,0.42385245901639346,0.7813455657492355,0.9821428571428571,220.98214285714283,0.017857142857142905,1.0,0.34615384615384615,1.0,0.6946778711484594,1.0
random_stratified,n/a,39,hgb,11,"8,10,12,19,22,28",2098,710,0.7116301239275501,0.9211267605633803,0,0.3967889908256881,0.4669615552643076,0.4222945484133442,0.7935779816513762,1.0,225.0,0.0,1.0,0.2692307692307692,1.0,0.7282913165266106,1.0
random_stratified,n/a,39,mlp,11,"8,10,12,19,22,28",2098,710,0.7116301239275501,0.9211267605633803,0,0.45467453036260375,0.49227282656181737,0.4610979804385004,0.8379204892966361,0.9285714285714286,208.92857142857144,0.0714285714285714,0.8846153846153846,0.5576923076923077,1.0,0.8011204481792717,1.0
random_stratified,n/a,39,stratified,11,"8,10,12,19,22,28",2098,710,0.7116301239275501,0.9211267605633803,0,0.5223350808213194,0.5223350808213193,0.47659681898510475,0.7232415902140673,0.6785714285714286,152.67857142857144,0.3214285714285714,0.7692307692307693,0.8076923076923077,0.6534653465346535,0.7142857142857143,0.75
random_stratified,n/a,39,majority,11,"8,10,12,19,22,28",2098,710,0.7116301239275501,0.9211267605633803,0,0.5,0.5,0.47947214076246336,1.0,1.0,225.0,0.0,1.0,1.0,1.0,1.0,1.0
random_stratified,n/a,40,logreg,11,"6,11,14,16,21,23",2339,469,0.7430525865754596,0.8720682302771855,0,0.9376528117359413,0.9966177669111654,0.8176307783801093,0.8753056234718827,0.0,0.0,1.0,1.0,0.9912280701754386,0.8736842105263158,0.648936170212766,0.9122807017543859
random_stratified,n/a,40,tree,11,"6,11,14,16,21,23",2339,469,0.7430525865754596,0.8720682302771855,0,0.9743276283618583,0.9767726161369192,0.9123575108785605,0.9486552567237164,0.0,0.0,1.0,0.9795918367346939,0.9122807017543859,0.9894736842105263,0.9148936170212766,0.9824561403508771
random_stratified,n/a,40,rf,11,"6,11,14,16,21,23",2339,469,0.7430525865754596,0.8720682302771855,0,0.9951100244498777,0.9999592502037489,0.981413965284933,0.9902200488997555,0.0,0.0,1.0,1.0,1.0,1.0,0.9574468085106383,1.0
random_stratified,n/a,40,xgboost,11,"6,11,14,16,21,23",2339,469,0.7430525865754596,0.8720682302771855,0,0.9865525672371638,0.9998370008149959,0.9511999016241475,0.9731051344743277,0.0,0.0,1.0,1.0,0.9736842105263158,1.0,0.9148936170212766,1.0
random_stratified,n/a,40,hgb,11,"6,11,14,16,21,23",2339,469,0.7430525865754596,0.8720682302771855,0,0.9938875305623471,1.0,0.9769249692496924,0.9877750611246944,0.0,0.0,1.0,1.0,1.0,1.0,0.9468085106382979,1.0
random_stratified,n/a,40,mlp,11,"6,11,14,16,21,23",2339,469,0.7430525865754596,0.8720682302771855,0,0.9669926650366748,0.9947840260798696,0.891096261513455,0.9339853300733496,0.0,0.0,1.0,1.0,0.956140350877193,0.9789473684210527,0.8191489361702128,0.9473684210526315
random_stratified,n/a,40,stratified,11,"6,11,14,16,21,23",2339,469,0.7430525865754596,0.8720682302771855,0,0.4907497962510188,0.49074979625101867,0.481198541912589,0.7481662591687042,0.7666666666666667,172.5,0.23333333333333328,0.7142857142857143,0.7456140350877193,0.7789473684210526,0.723404255319149,0.7719298245614035
random_stratified,n/a,40,majority,11,"6,11,14,16,21,23",2339,469,0.7430525865754596,0.8720682302771855,0,0.5,0.5,0.46583143507972663,1.0,1.0,225.0,0.0,1.0,1.0,1.0,1.0,1.0
random_stratified,n/a,41,logreg,11,"5,10,14,17,22,23",2129,679,0.7158290277125411,0.9175257731958762,0,0.7792937399678972,0.9780440265994038,0.5030962512341096,0.5585874799357945,0.0,0.0,1.0,0.9387755102040817,0.9649122807017544,1.0,0.24929971988795518,1.0
random_stratified,n/a,41,tree,11,"5,10,14,17,22,23",2129,679,0.7158290277125411,0.9175257731958762,0,0.5178571428571429,0.5115799128640219,0.4737793851717902,0.7142857142857143,0.6785714285714286,152.67857142857144,0.3214285714285714,0.9795918367346939,0.9210526315789473,0.36633663366336633,0.7086834733893558,1.0
random_stratified,n/a,41,rf,11,"5,10,14,17,22,23",2129,679,0.7158290277125411,0.9175257731958762,0,0.920545746388443,0.9949552854849806,0.7222467843168042,0.841091492776886,0.0,0.0,1.0,1.0,1.0,1.0,0.7226890756302521,1.0
random_stratified,n/a,41,xgboost,11,"5,10,14,17,22,23",2129,679,0.7158290277125411,0.9175257731958762,0,0.891653290529695,0.9804230681036459,0.6659645721657186,0.78330658105939,0.0,0.0,1.0,1.0,0.9649122807017544,1.0,0.6330532212885154,1.0
random_stratified,n/a,41,hgb,11,"5,10,14,17,22,23",2129,679,0.7158290277125411,0.9175257731958762,0,0.9189406099518459,0.9750343957807842,0.7188059946286159,0.8378812199036918,0.0,0.0,1.0,1.0,0.9736842105263158,1.0,0.7254901960784313,1.0
random_stratified,n/a,41,mlp,11,"5,10,14,17,22,23",2129,679,0.7158290277125411,0.9175257731958762,0,0.9357945425361156,0.9928055491859665,0.7573613493424814,0.8715890850722311,0.0,0.0,1.0,1.0,0.9473684210526315,1.0,0.7927170868347339,1.0
random_stratified,n/a,41,stratified,11,"5,10,14,17,22,23",2129,679,0.7158290277125411,0.9175257731958762,0,0.5121388443017656,0.5121388443017657,0.47296632497257823,0.7207062600321027,0.6964285714285714,156.69642857142856,0.3035714285714286,0.8163265306122449,0.6842105263157895,0.7326732673267327,0.7170868347338936,0.5
random_stratified,n/a,41,majority,11,"5,10,14,17,22,23",2129,679,0.7158290277125411,0.9175257731958762,0,0.5,0.5,0.478494623655914,1.0,1.0,225.0,0.0,1.0,1.0,1.0,1.0,1.0
random_stratified,n/a,42,logreg,11,"7,10,14,15,19,27",2022,786,0.7200791295746786,0.8791348600508906,0,0.7675298956508492,0.8317008149897174,0.5395447706650648,0.5455861070911722,0.010526315789473684,2.3684210526315788,0.9894736842105263,0.9387755102040817,0.75,0.9690721649484536,0.24089635854341737,1.0
random_stratified,n/a,42,tree,11,"7,10,14,15,19,27",2022,786,0.7200791295746786,0.8791348600508906,0,0.9015918958031838,0.9015918958031838,0.7368364041004836,0.8031837916063675,0.0,0.0,1.0,0.9795918367346939,0.8716216216216216,0.7731958762886598,0.7366946778711485,1.0
random_stratified,n/a,42,rf,11,"7,10,14,15,19,27",2022,786,0.7200791295746786,0.8791348600508906,0,0.9261939218523878,0.9819788255007998,0.7854987157534247,0.8523878437047757,0.0,0.0,1.0,1.0,1.0,1.0,0.7142857142857143,1.0
random_stratified,n/a,42,xgboost,11,"7,10,14,15,19,27",2022,786,0.7200791295746786,0.8791348600508906,0,0.9066570188133141,0.9772716886282276,0.7463291861288394,0.8133140376266281,0.0,0.0,1.0,1.0,0.972972972972973,1.0,0.6498599439775911,1.0
random_stratified,n/a,42,hgb,11,"7,10,14,15,19,27",2022,786,0.7200791295746786,0.8791348600508906,0,0.9327062228654124,0.9961459364765024,0.799614569598149,0.8654124457308249,0.0,0.0,1.0,1.0,0.9932432432432432,1.0,0.742296918767507,1.0
random_stratified,n/a,42,mlp,11,"7,10,14,15,19,27",2022,786,0.7200791295746786,0.8791348600508906,0,0.8053545586107091,0.9807601492878362,0.5861271133191222,0.6107091172214182,0.0,0.0,1.0,1.0,0.7972972972972973,1.0,0.33053221288515405,1.0
random_stratified,n/a,42,stratified,11,"7,10,14,15,19,27",2022,786,0.7200791295746786,0.8791348600508906,0,0.5302155533551679,0.530215553355168,0.4993530137522193,0.723589001447178,0.6631578947368421,149.21052631578945,0.33684210526315794,0.7142857142857143,0.7094594594594594,0.7319587628865979,0.742296918767507,0.6
random_stratified,n/a,42,majority,11,"7,10,14,15,19,27",2022,786,0.7200791295746786,0.8791348600508906,0,0.5,0.5,0.46784021665538256,1.0,1.0,225.0,0.0,1.0,1.0,1.0,1.0,1.0
random_stratified,n/a,43,logreg,11,"4,11,14,16,19,24",2314,494,0.7247191011235955,0.951417004048583,0,0.5798758865248227,0.6698581560283687,0.5311347389920106,0.8680851063829788,0.7083333333333334,159.375,0.29166666666666663,1.0,0.953125,0.8631578947368421,0.574468085106383,1.0
random_stratified,n/a,43,tree,11,"4,11,14,16,19,24",2314,494,0.7247191011235955,0.951417004048583,0,0.5476063829787234,0.5110372340425532,0.5546913230483942,0.9702127659574468,0.875,196.875,0.125,0.9795918367346939,0.9947916666666666,0.9894736842105263,0.8829787234042553,1.0
random_stratified,n/a,43,rf,11,"4,11,14,16,19,24",2314,494,0.7247191011235955,0.951417004048583,0,0.5374113475177305,0.9295212765957446,0.5530967292971468,0.9914893617021276,0.9166666666666666,206.25,0.08333333333333337,1.0,1.0,1.0,0.9574468085106383,1.0
random_stratified,n/a,43,xgboost,11,"4,11,14,16,19,24",2314,494,0.7247191011235955,0.951417004048583,0,0.5561170212765958,0.9385638297872341,0.5767729652546406,0.9872340425531915,0.875,196.875,0.125,1.0,0.9947916666666666,1.0,0.9468085106382979,1.0
random_stratified,n/a,43,hgb,11,"4,11,14,16,19,24",2314,494,0.7247191011235955,0.951417004048583,0,0.5363475177304965,0.9559397163120569,0.5504095459601577,0.9893617021276596,0.9166666666666666,206.25,0.08333333333333337,1.0,1.0,1.0,0.9468085106382979,1.0
random_stratified,n/a,43,mlp,11,"4,11,14,16,19,24",2314,494,0.7247191011235955,0.951417004048583,0,0.6913120567375887,0.8565602836879432,0.6840085287846482,0.9659574468085106,0.5833333333333334,131.25,0.41666666666666663,1.0,1.0,1.0,0.8297872340425532,1.0
random_stratified,n/a,43,stratified,11,"4,11,14,16,19,24",2314,494,0.7247191011235955,0.951417004048583,0,0.5315602836879433,0.5315602836879433,0.46406597324957705,0.7297872340425532,0.6666666666666666,150.0,0.33333333333333337,0.673469387755102,0.734375,0.7368421052631579,0.7021276595744681,0.825
random_stratified,n/a,43,majority,11,"4,11,14,16,19,24",2314,494,0.7247191011235955,0.951417004048583,0,0.5,0.5,0.487551867219917,1.0,1.0,225.0,0.0,1.0,1.0,1.0,1.0,1.0
random_stratified,n/a,44,logreg,11,"4,10,13,21,22,24",2040,768,0.6877450980392157,0.96875,0,0.6075268817204301,0.599630376344086,0.42885872297637007,0.6317204301075269,0.4166666666666667,93.75,0.5833333333333333,0.7297297297297297,0.9947916666666666,1.0,0.27450980392156865,0.9298245614035088
random_stratified,n/a,44,tree,11,"4,10,13,21,22,24",2040,768,0.6877450980392157,0.96875,0,0.5309139784946236,0.5309139784946236,0.4774610283351994,0.8118279569892473,0.75,168.75,0.25,0.918918918918919,0.9947916666666666,0.9801980198019802,0.6274509803921569,0.9824561403508771
random_stratified,n/a,44,rf,11,"4,10,13,21,22,24",2040,768,0.6877450980392157,0.96875,0,0.49260752688172044,0.6726030465949822,0.47841677759365403,0.8602150537634409,0.875,196.875,0.125,1.0,1.0,1.0,0.7142857142857143,0.9649122807017544
random_stratified,n/a,44,xgboost,11,"4,10,13,21,22,24",2040,768,0.6877450980392157,0.96875,0,0.532258064516129,0.7340949820788532,0.49176470588235294,0.8561827956989247,0.7916666666666666,178.125,0.20833333333333337,1.0,1.0,1.0,0.7058823529411765,0.9649122807017544
random_stratified,n/a,44,hgb,11,"4,10,13,21,22,24",2040,768,0.6877450980392157,0.96875,0,0.478494623655914,0.8140120967741936,0.47570621468926555,0.8736559139784946,0.9166666666666666,206.25,0.08333333333333337,1.0,1.0,1.0,0.7394957983193278,0.9824561403508771
random_stratified,n/a,44,mlp,11,"4,10,13,21,22,24",2040,768,0.6877450980392157,0.96875,0,0.7688172043010753,0.8643033154121864,0.5805042016806723,0.8709677419354839,0.3333333333333333,75.0,0.6666666666666667,1.0,1.0,1.0,0.7366946778711485,0.9649122807017544
random_stratified,n/a,44,stratified,11,"4,10,13,21,22,24",2040,768,0.6877450980392157,0.96875,0,0.5080645161290323,0.5080645161290323,0.4304816610951551,0.6827956989247311,0.6666666666666666,150.0,0.33333333333333337,0.6216216216216216,0.6458333333333334,0.7326732673267327,0.6862745098039216,0.7368421052631579
random_stratified,n/a,44,majority,11,"4,10,13,21,22,24",2040,768,0.6877450980392157,0.96875,0,0.5,0.5,0.49206349206349204,1.0,1.0,225.0,0.0,1.0,1.0,1.0,1.0,1.0
random_stratified,n/a,45,logreg,11,"0,11,13,16,20,26",2234,574,0.729632945389436,0.9006968641114983,0,0.9100580270793037,0.9884963860327801,0.7259468034314405,0.8201160541586073,0.0,0.0,1.0,0.918918918918919,0.8102766798418972,0.9263157894736842,0.6595744680851063,0.9210526315789473
random_stratified,n/a,45,tree,11,"0,11,13,16,20,26",2234,574,0.729632945389436,0.9006968641114983,0,0.9729206963249517,0.9767891682785299,0.8874919497101896,0.9458413926499033,0.0,0.0,1.0,1.0,0.9407114624505929,1.0,0.9042553191489362,0.8947368421052632
random_stratified,n/a,45,rf,11,"0,11,13,16,20,26",2234,574,0.729632945389436,0.9006968641114983,0,0.9961315280464217,1.0,0.9811090998848115,0.9922630560928434,0.0,0.0,1.0,1.0,1.0,1.0,0.9574468085106383,1.0
random_stratified,n/a,45,xgboost,11,"0,11,13,16,20,26",2234,574,0.729632945389436,0.9006968641114983,0,0.9787234042553192,1.0,0.9082480818414322,0.9574468085106383,0.0,0.0,1.0,1.0,0.9446640316205533,1.0,0.9148936170212766,1.0
random_stratified,n/a,45,hgb,11,"0,11,13,16,20,26",2234,574,0.729632945389436,0.9006968641114983,0,0.9903288201160542,1.0,0.9547946068548387,0.9806576402321083,0.0,0.0,1.0,1.0,0.9841897233201581,1.0,0.9361702127659575,1.0
random_stratified,n/a,45,mlp,11,"0,11,13,16,20,26",2234,574,0.729632945389436,0.9006968641114983,0,0.9671179883945842,0.9952153110047847,0.8681351351351352,0.9342359767891683,0.0,0.0,1.0,1.0,0.9407114624505929,0.9789473684210527,0.8297872340425532,0.9736842105263158
random_stratified,n/a,45,stratified,11,"0,11,13,16,20,26",2234,574,0.729632945389436,0.9006968641114983,0,0.4971495469815739,0.4971495469815739,0.47450520214256453,0.7311411992263056,0.7368421052631579,165.78947368421052,0.26315789473684215,0.6486486486486487,0.7391304347826086,0.7473684210526316,0.6808510638297872,0.8421052631578947
random_stratified,n/a,45,majority,11,"0,11,13,16,20,26",2234,574,0.729632945389436,0.9006968641114983,0,0.5,0.5,0.4738771769019248,1.0,1.0,225.0,0.0,1.0,1.0,1.0,1.0,1.0
random_stratified,n/a,46,logreg,11,"2,10,12,15,18,26",1874,934,0.6782283884738527,0.9379014989293362,0,0.79337899543379,0.9985435364509526,0.4911230847957617,0.58675799086758,0.0,0.0,1.0,0.7596153846153846,0.8379446640316206,0.9587628865979382,0.26330532212885155,0.5538461538461539
random_stratified,n/a,46,tree,11,"2,10,12,15,18,26",1874,934,0.6782283884738527,0.9379014989293362,0,0.9257990867579908,0.9257990867579908,0.695698374986216,0.8515981735159818,0.0,0.0,1.0,0.9519230769230769,0.9565217391304348,0.8350515463917526,0.7282913165266106,0.9846153846153847
random_stratified,n/a,46,rf,11,"2,10,12,15,18,26",1874,934,0.6782283884738527,0.9379014989293362,0,0.9337899543378996,1.0,0.7145476772616137,0.867579908675799,0.0,0.0,1.0,0.8557692307692307,1.0,1.0,0.7170868347338936,1.0
random_stratified,n/a,46,xgboost,11,"2,10,12,15,18,26",1874,934,0.6782283884738527,0.9379014989293362,0,0.9406392694063928,1.0,0.7320829655781111,0.8812785388127854,0.0,0.0,1.0,0.9903846153846154,0.9604743083003953,1.0,0.7394957983193278,1.0
random_stratified,n/a,46,hgb,11,"2,10,12,15,18,26",1874,934,0.6782283884738527,0.9379014989293362,0,0.9560502283105023,1.0,0.7775330600881603,0.9121004566210046,0.0,0.0,1.0,1.0,0.9644268774703557,1.0,0.8095238095238095,1.0
random_stratified,n/a,46,mlp,11,"2,10,12,15,18,26",1874,934,0.6782283884738527,0.9379014989293362,0,0.9240867579908676,0.9994292237442922,0.6918569894153513,0.8481735159817352,0.0,0.0,1.0,0.8076923076923077,0.9446640316205533,1.0,0.7899159663865546,0.6307692307692307
random_stratified,n/a,46,stratified,11,"2,10,12,15,18,26",1874,934,0.6782283884738527,0.9379014989293362,0,0.499980318060148,0.499980318060148,0.4438201426233341,0.6723744292237442,0.6724137931034483,151.29310344827587,0.3275862068965517,0.7307692307692307,0.6482213438735178,0.6391752577319587,0.6750700280112045,0.7076923076923077
random_stratified,n/a,46,majority,11,"2,10,12,15,18,26",1874,934,0.6782283884738527,0.9379014989293362,0,0.5,0.5,0.4839779005524862,1.0,1.0,225.0,0.0,1.0,1.0,1.0,1.0,1.0
random_stratified,n/a,47,logreg,11,"3,10,12,16,20,28",2107,701,0.7123872804935928,0.9215406562054208,0,0.7209822685054883,0.9386715451730931,0.4419851361346906,0.47832817337461303,0.03636363636363636,8.181818181818182,0.9636363636363636,0.6634615384615384,0.6346153846153846,0.9263157894736842,0.24089635854341737,0.868421052631579
random_stratified,n/a,47,tree,11,"3,10,12,16,20,28",2107,701,0.7123872804935928,0.9215406562054208,0,0.8546861806923727,0.8537292428933295,0.610243603637563,0.7275541795665634,0.01818181818181818,4.090909090909091,0.9818181818181818,0.9807692307692307,0.40384615384615385,0.9894736842105263,0.6022408963585434,1.0
random_stratified,n/a,47,rf,11,"3,10,12,16,20,28",2107,701,0.7123872804935928,0.9215406562054208,0,0.8939628482972136,0.9899802983394315,0.6633647054699686,0.7879256965944272,0.0,0.0,1.0,0.8653846153846154,0.5769230769230769,1.0,0.7170868347338936,1.0
random_stratified,n/a,47,xgboost,11,"3,10,12,16,20,28",2107,701,0.7123872804935928,0.9215406562054208,0,0.8869969040247678,0.9794258373205741,0.6511439245200699,0.7739938080495357,0.0,0.0,1.0,0.9807692307692307,0.36538461538461536,1.0,0.6890756302521008,1.0
random_stratified,n/a,47,hgb,11,"3,10,12,16,20,28",2107,701,0.7123872804935928,0.9215406562054208,0,0.913312693498452,0.9839572192513368,0.7002901206291037,0.826625386996904,0.0,0.0,1.0,1.0,0.5576923076923077,1.0,0.7507002801120448,1.0
random_stratified,n/a,47,mlp,11,"3,10,12,16,20,28",2107,701,0.7123872804935928,0.9215406562054208,0,0.9071207430340558,0.9929918378834788,0.687935895533462,0.8142414860681114,0.0,0.0,1.0,0.8365384615384616,0.5192307692307693,0.9473684210526315,0.8011204481792717,0.9473684210526315
random_stratified,n/a,47,stratified,11,"3,10,12,16,20,28",2107,701,0.7123872804935928,0.9215406562054208,0,0.5243174781874472,0.5243174781874471,0.4767163059818299,0.7213622291021672,0.6727272727272727,151.36363636363637,0.32727272727272727,0.7596153846153846,0.75,0.7052631578947368,0.7170868347338936,0.6578947368421053
random_stratified,n/a,47,majority,11,"3,10,12,16,20,28",2107,701,0.7123872804935928,0.9215406562054208,0,0.5,0.5,0.4795842613214551,1.0,1.0,225.0,0.0,1.0,1.0,1.0,1.0,1.0
random_stratified,n/a,48,logreg,11,"11,12,18,22,27,29",2150,658,0.7604651162790698,0.7781155015197568,0,0.537283283390411,0.5161467251712328,0.5362704959771871,0.896484375,0.821917808219178,184.93150684931507,0.17808219178082196,0.8076923076923077,1.0,0.9900990099009901,0.925531914893617,0.6153846153846154
random_stratified,n/a,48,tree,11,"11,12,18,22,27,29",2150,658,0.7604651162790698,0.7781155015197568,0,0.5729211258561644,0.5729211258561644,0.5766822860654479,0.974609375,0.8287671232876712,186.47260273972603,0.17123287671232879,0.9807692307692307,0.9932432432432432,0.9801980198019802,0.925531914893617,0.9846153846153847
random_stratified,n/a,48,rf,11,"11,12,18,22,27,29",2150,658,0.7604651162790698,0.7781155015197568,0,0.5303804580479452,0.6399159888698631,0.5169166789028197,0.951171875,0.8904109589041096,200.34246575342465,0.1095890410958904,0.7596153846153846,1.0,1.0,1.0,1.0
random_stratified,n/a,48,xgboost,11,"11,12,18,22,27,29",2150,658,0.7604651162790698,0.7781155015197568,0,0.5733893407534246,0.4387909353595891,0.5744379427163536,0.99609375,0.8493150684931506,191.0958904109589,0.15068493150684936,1.0,1.0,1.0,0.9787234042553191,1.0
random_stratified,n/a,48,hgb,11,"11,12,18,22,27,29",2150,658,0.7604651162790698,0.7781155015197568,0,0.5489351455479452,0.45094445633561636,0.5360046457607432,0.98828125,0.8904109589041096,200.34246575342465,0.1095890410958904,1.0,1.0,1.0,0.9468085106382979,0.9846153846153847
random_stratified,n/a,48,mlp,11,"11,12,18,22,27,29",2150,658,0.7604651162790698,0.7781155015197568,0,0.5328820633561644,0.49517069777397255,0.5309094612485996,0.89453125,0.8287671232876712,186.47260273972603,0.17123287671232879,0.7692307692307693,0.9932432432432432,1.0,0.9468085106382979,0.6307692307692307
random_stratified,n/a,48,stratified,11,"11,12,18,22,27,29",2150,658,0.7604651162790698,0.7781155015197568,0,0.5334974315068493,0.5334974315068493,0.5315975117039697,0.765625,0.6986301369863014,157.1917808219178,0.3013698630136986,0.7307692307692307,0.777027027027027,0.7722772277227723,0.7553191489361702,0.8
random_stratified,n/a,48,majority,11,"11,12,18,22,27,29",2150,658,0.7604651162790698,0.7781155015197568,0,0.5,0.5,0.4376068376068376,1.0,1.0,225.0,0.0,1.0,1.0,1.0,1.0,1.0
random_stratified,n/a,49,logreg,11,"0,10,12,16,18,25",1953,855,0.6907322068612392,0.9333333333333333,0,0.7738095238095238,0.9999560304269446,0.47384615384615386,0.5476190476190477,0.0,0.0,1.0,0.5673076923076923,0.943502824858757,0.8421052631578947,0.25770308123249297,0.6
random_stratified,n/a,49,tree,11,"0,10,12,16,18,25",1953,855,0.6907322068612392,0.9333333333333333,0,0.924812030075188,0.924812030075188,0.7029393370856786,0.849624060150376,0.0,0.0,1.0,0.9615384615384616,0.9830508474576272,0.9789473684210527,0.7002801120448179,0.9384615384615385
random_stratified,n/a,49,rf,11,"0,10,12,16,18,25",1953,855,0.6907322068612392,0.9333333333333333,0,0.9304511278195489,0.9999780152134723,0.7159595959595959,0.8609022556390977,0.0,0.0,1.0,0.9038461538461539,1.0,1.0,0.7170868347338936,1.0
random_stratified,n/a,49,xgboost,11,"0,10,12,16,18,25",1953,855,0.6907322068612392,0.9333333333333333,0,0.9298245614035088,1.0,0.7144765403239273,0.8596491228070176,0.0,0.0,1.0,0.9807692307692307,1.0,1.0,0.6918767507002801,1.0
random_stratified,n/a,49,hgb,11,"0,10,12,16,18,25",1953,855,0.6907322068612392,0.9333333333333333,0,0.9492481203007519,1.0,0.7655750190403656,0.8984962406015038,0.0,0.0,1.0,1.0,1.0,1.0,0.773109243697479,1.0
random_stratified,n/a,49,mlp,11,"0,10,12,16,18,25",1953,855,0.6907322068612392,0.9333333333333333,0,0.93734335839599,0.9901947852086357,0.7329326802938677,0.87468671679198,0.0,0.0,1.0,0.7980769230769231,0.9887005649717514,0.9894736842105263,0.8571428571428571,0.6153846153846154
random_stratified,n/a,49,stratified,11,"0,10,12,16,18,25",1953,855,0.6907322068612392,0.9333333333333333,0,0.49874686716791977,0.49874686716791977,0.448628697322983,0.681704260651629,0.6842105263157895,153.94736842105263,0.3157894736842105,0.7307692307692307,0.655367231638418,0.6736842105263158,0.6834733893557423,0.676923076923077
random_stratified,n/a,49,majority,11,"0,10,12,16,18,25",1953,855,0.6907322068612392,0.9333333333333333,0,0.5,0.5,0.4827586206896552,1.0,1.0,225.0,0.0,1.0,1.0,1.0,1.0,1.0
