model,split_seed,domain,n_train,n_eval,train_prevalence,threshold,tp,fp,tn,fn,accuracy,balanced_accuracy,precision,recall,f1,f1_macro,mcc,fpr,fnr,tnr,roc_auc,pr_auc,pr_auc_benign,brier
majority,101,source_heldout,150920,149080,0.9384177047442354,0.5,142326,6754,0,0,0.9546954655218675,0.5,0.9546954655218675,1.0,0.9768227147004523,0.48841135735022617,0.0,1.0,0.0,0.0,0.5,0.9546954655218675,0.04530453447813255,0.04530453447813255
majority,101,target,150920,39425,0.9384177047442354,0.5,839,38586,0,0,0.021280913126188968,0.5,0.021280913126188968,1.0,0.04167494536061991,0.020837472680309953,0.0,1.0,0.0,0.0,0.5,0.021280913126188968,0.978719086873811,0.978719086873811
stratified,101,source_heldout,150920,149080,0.9384177047442354,0.5,133581,6350,404,8745,0.8987456399248726,0.4991864791791587,0.9546204915279674,0.9385565532650394,0.9465203697339658,0.49866419668865175,-0.0014098650205466698,0.940183594906722,0.061443446734960584,0.059816405093278055,0.4991864791791587,0.954625098188568,0.04523594282569819,0.10125436007512745
stratified,101,target,150920,39425,0.9384177047442354,0.5,786,36226,2360,53,0.07979708306911858,0.4989958192547558,0.021236355776504918,0.9368295589988082,0.041531267337718954,0.0783280132390929,-0.0012091712374227423,0.9388379204892966,0.0631704410011919,0.06116207951070336,0.4989958192547558,0.021239170483934304,0.9786772858590095,0.9202029169308814
logreg,101,source_heldout,150920,149080,0.9384177047442354,0.5,125952,1814,4940,16374,0.8779983901261068,0.8081863393266434,0.9858021695912841,0.8849542599384511,0.9326599825244731,0.6423311313505934,0.3662063747971169,0.26858158128516435,0.11504574006154884,0.7314184187148357,0.8411695266358331,0.9856086474956434,0.4382991049123335,0.09262054539987807
logreg,101,target,150920,39425,0.9384177047442354,0.5,580,6576,32010,259,0.8266328471781864,0.7604373296878999,0.0810508664058133,0.6912991656734208,0.14509068167604752,0.5243130354255616,0.1950298875645977,0.1704245062976209,0.30870083432657924,0.8295754937023792,0.7403987668491175,0.26819285330901865,0.9917925634392055,0.20854537464167947
tree,101,source_heldout,150920,149080,0.9384177047442354,0.5,121374,1201,5553,20952,0.8514019318486719,0.8374840587419513,0.990201917193555,0.8527886682686228,0.9163725316250222,0.625148591799462,0.3671479046764612,0.17782055078472017,0.14721133173137727,0.8221794492152799,0.8581824317868618,0.987698317243395,0.3731949858176612,0.1403472128618519
tree,101,target,150920,39425,0.9384177047442354,0.5,838,26942,11644,1,0.3166011414077362,0.6502877926600439,0.030165586753059755,0.99880810488677,0.0585624934484084,0.26109028894912506,0.09508536868244555,0.6982325195666822,0.0011918951132300357,0.3017674804333178,0.6514027424893094,0.030260570045508507,0.9851409916497555,0.683615553909058
rf,101,source_heldout,150920,149080,0.9384177047442354,0.5,129185,1247,5507,13141,0.9034880601019587,0.8615191932108168,0.9904394627085378,0.9076697160041033,0.9472499431730692,0.6904189248185636,0.4545438622352622,0.18463132958246964,0.09233028399589674,0.8153686704175304,0.9541864153885354,0.9976440035817804,0.5371788525713688,0.07627344412885477
rf,101,target,150920,39425,0.9384177047442354,0.5,836,27254,11332,3,0.30863665187064043,0.6450529804266147,0.029761480954076183,0.9964243146603099,0.057796674617166165,0.2558969951880326,0.09250514345508293,0.7063183538070803,0.003575685339690107,0.2936816461929197,0.9805446737646608,0.49408022081395925,0.9994722346012465,0.2672583540852627
xgboost,101,source_heldout,150920,149080,0.9384177047442354,0.5,124417,194,6560,17909,0.8785685537966192,0.9227227208314556,0.9984431550986671,0.8741691609403763,0.9321824999906345,0.6761927777152673,0.4747029558093019,0.028723719277465205,0.12583083905962367,0.9712762807225348,0.958468867081983,0.9979532407444678,0.6057486740393568,0.10505769401788712
xgboost,101,target,150920,39425,0.9384177047442354,0.5,788,26621,11965,51,0.32347495244134433,0.6246499545587285,0.028749680761793572,0.9392133492252682,0.055791560464457664,0.26434888485259955,0.07816123723250328,0.6899134401078111,0.060786650774731825,0.31008655989218886,0.7910805341899312,0.39351970977610684,0.9944263121937673,0.6249164938926697
hgb,101,source_heldout,150920,149080,0.9384177047442354,0.5,124430,302,6452,17896,0.877931312047223,0.9147731285648498,0.997578808966424,0.8742605005410115,0.9318574991200413,0.6733752160251998,0.4667052310508685,0.04471424341131182,0.12573949945898852,0.9552857565886882,0.9613642191344648,0.9980953881074065,0.6139003246386598,0.10549830656021358
hgb,101,target,150920,39425,0.9384177047442354,0.5,836,23939,14647,3,0.39272035510462905,0.6880089748287296,0.03374369323915237,0.9964243146603099,0.06527680174904349,0.30777176927184685,0.1122997510368026,0.6204063650028507,0.003575685339690107,0.3795936349971492,0.9867457346643662,0.5178539866281381,0.9996002997418473,0.24568051795567886
mlp,101,source_heldout,150920,149080,0.9384177047442354,0.5,125257,990,5764,17069,0.8788636973437081,0.8667456499028862,0.9921582295024832,0.8800711043660329,0.9327594359820235,0.6611950084902175,0.42357039238132044,0.1465798045602606,0.1199288956339671,0.8534201954397395,0.9414638873853567,0.9967978727686665,0.5219696390129017,0.10803624987602234
mlp,101,target,150920,39425,0.9384177047442354,0.5,580,1371,37215,259,0.9586556753329106,0.827884072029682,0.2972834443874936,0.6912991656734208,0.4157706093189964,0.6971700798369896,0.43636761818366393,0.03553102161405691,0.30870083432657924,0.9644689783859431,0.7313388998350326,0.37841611108427947,0.9898643070515791,0.0608147531747818
majority,102,source_heldout,142824,157176,0.938784798073153,0.5,149939,7237,0,0,0.9539560747187866,0.5,0.9539560747187866,1.0,0.9764355371766277,0.48821776858831384,0.0,1.0,0.0,0.0,0.5,0.9539560747187866,0.04604392528121342,0.04604392528121342
majority,102,target,142824,39425,0.938784798073153,0.5,839,38586,0,0,0.021280913126188968,0.5,0.021280913126188968,1.0,0.04167494536061991,0.020837472680309953,0.0,1.0,0.0,0.0,0.5,0.021280913126188968,0.978719086873811,0.978719086873811
stratified,102,source_heldout,142824,157176,0.938784798073153,0.5,140786,6754,483,9153,0.8987949814221,0.5028477685665037,0.9542225837061136,0.9389551751045425,0.9465273178947086,0.5018892738350447,0.004975858180081041,0.9332596379715352,0.061044824895457483,0.06674036202846484,0.5028477685665036,0.9542063147116492,0.0463162665177445,0.10120501857789993
stratified,102,target,142824,39425,0.938784798073153,0.5,786,36234,2352,53,0.07959416613823717,0.4988921547132122,0.021231766612641815,0.9368295589988082,0.04152249134948097,0.0781396946025539,-0.0013360700319353148,0.9390452495723838,0.0631704410011919,0.060954750427616236,0.4988921547132122,0.02123487121957626,0.9786729740619305,0.9204058338617629
logreg,102,source_heldout,142824,157176,0.938784798073153,0.5,133974,1415,5822,15965,0.8894233216267114,0.8490001796990736,0.9895486339362873,0.8935233661689087,0.9390876464980654,0.6701364362589555,0.42335220940384366,0.19552300677076137,0.10647663383109131,0.8044769932292386,0.8932104504682717,0.9933089452104479,0.5020011460908784,0.120245018763422
logreg,102,target,142824,39425,0.938784798073153,0.5,582,29857,8729,257,0.23616994292961319,0.4599524508416628,0.019120207628371497,0.6936829558998808,0.03721465566852101,0.20209761623920458,-0.027555189481392767,0.7737780542165552,0.3063170441001192,0.22622194578344476,0.7303765432224611,0.3774124129996676,0.9875138500528762,0.3180273954785397
tree,102,source_heldout,142824,157176,0.938784798073153,0.5,108052,2424,4813,41887,0.7180803685040973,0.6928471537247864,0.9780585828596257,0.7206397268222411,0.8298446710058944,0.5041560711575072,0.17688353517852143,0.33494541937266825,0.27936027317775897,0.6650545806273318,0.6768557041947462,0.9728214260921713,0.07263171743587357,0.2696022974683891
tree,102,target,142824,39425,0.938784798073153,0.5,839,31445,7141,0,0.20240963855421687,0.5925335613953248,0.025988105563127247,1.0,0.05065966247018688,0.18149577258265615,0.0693508754331741,0.8149328772093506,0.0,0.18506712279064946,0.5966542269216815,0.02624663705186761,0.9828328672866096,0.7974100132114162
rf,102,source_heldout,142824,157176,0.938784798073153,0.5,145580,2865,4372,4359,0.9540387845472591,0.787522952899653,0.9806999225302301,0.9709281774588333,0.9757895865730066,0.761692388476884,0.5261678714350252,0.39588227165952744,0.02907182254116674,0.6041177283404726,0.9456563581768795,0.9969301054045369,0.6400180373947836,0.0434764348063145
rf,102,target,142824,39425,0.938784798073153,0.5,837,37241,1345,2,0.05534559289790742,0.5162367059337818,0.021981196491412364,0.9976162097735399,0.0430146208597785,0.055188726802313064,0.025799002737123423,0.9651427979059762,0.0023837902264600714,0.03485720209402374,0.9117644087998221,0.48577204032958826,0.9976395208400679,0.6424962059986011
xgboost,102,source_heldout,142824,157176,0.938784798073153,0.5,139279,2004,5233,10660,0.91942790247875,0.8259970495873241,0.9858157032339347,0.92890442113126,0.9565142743336699,0.7045001116588366,0.45324431008014315,0.27691032195661186,0.07109557886873995,0.7230896780433882,0.9662205861925465,0.9982719471134646,0.7016986919513158,0.054640285670757294
xgboost,102,target,142824,39425,0.938784798073153,0.5,837,25971,12615,2,0.34120481927710844,0.6622741288332791,0.031222023276633842,0.9976162097735399,0.06054906499801063,0.2766468153730557,0.10040720626688396,0.6730679521069818,0.0023837902264600714,0.3269320478930182,0.9144215231311239,0.48488402560253985,0.9977743215694569,0.6583094000816345
hgb,102,source_heldout,142824,157176,0.938784798073153,0.5,132376,451,6786,17563,0.8853896269150506,0.9102735291984518,0.9966046059912518,0.8828656987174784,0.9362936138008106,0.6829888255162477,0.4752874397015123,0.062318640320574825,0.11713430128252156,0.9376813596794252,0.965249015185387,0.9981442475867168,0.7127173488811464,0.07803978302730867
hgb,102,target,142824,39425,0.938784798073153,0.5,836,25352,13234,3,0.35688015218769814,0.6696992251785974,0.03192301817626394,0.9964243146603099,0.06186406186406186,0.2863012685292368,0.10371934486159895,0.6570258643031152,0.003575685339690107,0.3429741356968849,0.9160321229108088,0.6090992553562422,0.9977169996513082,0.6113618743760572
mlp,102,source_heldout,142824,157176,0.938784798073153,0.5,136633,1203,6034,13306,0.9076894691301471,0.8725140720784096,0.9912722365709974,0.9112572446128092,0.9495821388237338,0.7018294860879402,0.4753349027521466,0.16622910045599004,0.08874275538719079,0.83377089954401,0.9339664741723446,0.9960493709057023,0.685662346452683,0.06827480345964432
mlp,102,target,142824,39425,0.938784798073153,0.5,681,5951,32635,158,0.8450475586556754,0.8287268252141078,0.10268395657418576,0.8116805721096544,0.182304912327667,0.5483597580313295,0.25365776889485,0.15422692168143887,0.18831942789034564,0.8457730783185612,0.8381034621547508,0.4398888080772771,0.9940741682386285,0.20996519923210144
majority,103,source_heldout,210621,89379,0.9442078425228254,0.5,85029,4350,0,0,0.9513308495284127,0.5,0.9513308495284127,1.0,0.9750584835558002,0.4875292417779001,0.0,1.0,0.0,0.0,0.5,0.9513308495284127,0.048669150471587284,0.048669150471587284
majority,103,target,210621,39425,0.9442078425228254,0.5,839,38586,0,0,0.021280913126188968,0.5,0.021280913126188968,1.0,0.04167494536061991,0.020837472680309953,0.0,1.0,0.0,0.0,0.5,0.021280913126188968,0.978719086873811,0.978719086873811
stratified,103,source_heldout,210621,89379,0.9442078425228254,0.5,80265,4108,242,4764,0.9007373096588684,0.49980212025025134,0.9513114384933569,0.9439720565924566,0.947627536864972,0.4996795230284672,-0.0003703499957874423,0.944367816091954,0.05602794340754331,0.05563218390804598,0.49980212025025134,0.9513125260537305,0.04865094979850508,0.09926269034113158
stratified,103,target,210621,39425,0.9442078425228254,0.5,789,36461,2125,50,0.07391249207355739,0.4977385160167586,0.021181208053691274,0.9404052443384983,0.04142928404526241,0.07284780852983172,-0.002859081945888507,0.944928212304981,0.05959475566150179,0.05507178769501892,0.4977385160167586,0.021187149953124988,0.9786250466955212,0.9260875079264426
logreg,103,source_heldout,210621,89379,0.9442078425228254,0.5,78793,847,3503,6236,0.920753197059712,0.865973836107032,0.9893646408839779,0.926660315892225,0.9569864394634084,0.7271269055859167,0.5054583665855271,0.1947126436781609,0.073339684107775,0.8052873563218391,0.9287963051956717,0.9949759192808723,0.6688616779526211,0.09224166241325707
logreg,103,target,210621,39425,0.9442078425228254,0.5,580,5807,32779,259,0.8461382371591629,0.7704020837437751,0.09080945670894003,0.6912991656734208,0.16053141433711596,0.53791956621022,0.2118266302843993,0.15049499818587053,0.30870083432657924,0.8495050018141295,0.846677347574049,0.40321656778997156,0.9909712873108175,0.1455850023218648
tree,103,source_heldout,210621,89379,0.9442078425228254,0.5,78803,326,4024,6226,0.9266941899103817,0.9259176970453489,0.9958801450795537,0.9267779228263299,0.9600872330315915,0.7556600548719601,0.5752466180660579,0.07494252873563219,0.07322207717367016,0.9250574712643678,0.9592399199029188,0.9964635617659641,0.7824648780260486,0.059581285804432796
tree,103,target,210621,39425,0.9442078425228254,0.5,839,8569,30017,0,0.7826506024096386,0.8889623179391489,0.08917942176870748,1.0,0.16375524543768907,0.519424085701513,0.2633910955352495,0.22207536412170217,0.0,0.7779246358782979,0.8894288083760951,0.0895219803670508,0.995293888153585,0.21926725646246334
rf,103,source_heldout,210621,89379,0.9442078425228254,0.5,81937,524,3826,3092,0.9595430694010897,0.9215880829299212,0.9936454808939984,0.963635935974785,0.9784106513821721,0.8287509415945294,0.6789408012936426,0.12045977011494254,0.03636406402521493,0.8795402298850574,0.9708729759948025,0.9985126253323134,0.5884685796450767,0.0343366362169139
rf,103,target,210621,39425,0.9442078425228254,0.5,839,33285,5301,0,0.15573874445149016,0.5686907168403048,0.02458680107841988,1.0,0.04799359322712582,0.14478427354294976,0.058118585510775124,0.8626185663193905,0.0,0.13738143368060954,0.8910090748483319,0.40725480893035665,0.9962633396924021,0.5400869637633597
xgboost,103,source_heldout,210621,89379,0.9442078425228254,0.5,77956,239,4111,7073,0.9181910739659204,0.9309370433860091,0.9969435385894239,0.9168166155076504,0.9552026662745675,0.742246627330666,0.5605107113689594,0.054942528735632185,0.08318338449234967,0.9450574712643678,0.9782634443988885,0.9985246069929399,0.8112305538364196,0.057022470980882645
xgboost,103,target,210621,39425,0.9442078425228254,0.5,738,29707,8879,101,0.2439315155358275,0.5548639798275474,0.0242404335687305,0.8796185935637664,0.047180667433831994,0.21025728069585053,0.03775869766373573,0.7698906339086715,0.12038140643623362,0.23010936609132845,0.7888947753627069,0.3184672463643681,0.9939832557190156,0.7133921384811401
hgb,103,source_heldout,210621,89379,0.9442078425228254,0.5,77862,236,4114,7167,0.9171729377146757,0.9307291183819233,0.9969781556505929,0.9157111103270649,0.9546181809265174,0.7405040236089308,0.558172757605375,0.05425287356321839,0.08428888967293512,0.9457471264367816,0.9739682336911964,0.9981284431518611,0.8329425601545007,0.06461506668891955
hgb,103,target,210621,39425,0.9442078425228254,0.5,740,29951,8635,99,0.23779327837666456,0.5528941064236987,0.0241113029878466,0.8820023837902264,0.04693942277196321,0.20595069194388524,0.0367638535457847,0.776214170942829,0.11799761620977355,0.22378582905717098,0.8954278840442293,0.4054784510033663,0.9967518717590652,0.6922464996677173
mlp,103,source_heldout,210621,89379,0.9442078425228254,0.5,78834,314,4036,6195,0.9271752872598709,0.9274792981380389,0.9960327487744479,0.9271425043220548,0.9603537645346181,0.7569754557533526,0.5778222122419865,0.072183908045977,0.07285749567794517,0.927816091954023,0.9722057423816053,0.9960815989642587,0.8396164624789225,0.05286972597241402
mlp,103,target,210621,39425,0.9442078425228254,0.5,681,29935,8651,158,0.2367025998731769,0.5179405296664998,0.02224327149203031,0.8116805721096544,0.04329995231282785,0.20417977887822003,0.01243150151498937,0.7757995127766547,0.18831942789034564,0.22420048722334526,0.7710418632385456,0.362644520352008,0.9933590253119862,0.6996167302131653
majority,104,source_heldout,201010,98990,0.9256504651509875,0.5,97763,1227,0,0,0.9876048085665219,0.5,0.9876048085665219,1.0,0.9937637545552037,0.49688187727760186,0.0,1.0,0.0,0.0,0.5,0.9876048085665219,0.012395191433478128,0.012395191433478128
majority,104,target,201010,39425,0.9256504651509875,0.5,839,38586,0,0,0.021280913126188968,0.5,0.021280913126188968,1.0,0.04167494536061991,0.020837472680309953,0.0,1.0,0.0,0.0,0.5,0.021280913126188968,0.978719086873811,0.978719086873811
stratified,104,source_heldout,201010,98990,0.9256504651509875,0.5,90480,1138,89,7283,0.9149308010910193,0.49901907546301394,0.9875788600493353,0.9255035135992145,0.9555340820884883,0.4881170817466514,-0.0008267840093886178,0.9274653626731867,0.07449648640078557,0.07253463732681337,0.49901907546301383,0.987580793122693,0.012371800181369722,0.08506919890898071
stratified,104,target,201010,39425,0.9256504651509875,0.5,775,35731,2855,64,0.09207355738744452,0.4988546396399986,0.021229386950090395,0.9237187127532777,0.04150488686571161,0.08953933657825996,-0.0012626088592760248,0.9260094334732805,0.07628128724672228,0.07399056652671954,0.4988546396399986,0.021233317433130096,0.9786714070743031,0.9079264426125555
logreg,104,source_heldout,201010,98990,0.9256504651509875,0.5,85353,286,941,12410,0.8717446206687545,0.8199857628515832,0.9966604000513785,0.8730603602589937,0.9307750188111362,0.5299368303000667,0.20728959405730915,0.2330888345558272,0.1269396397410063,0.7669111654441728,0.8926338258563713,0.9974627333679453,0.11081043445890126,0.09394981411650236
logreg,104,target,201010,39425,0.9256504651509875,0.5,580,6643,31943,259,0.8249334178820545,0.7595691391524726,0.08029904471826112,0.6912991656734208,0.14388489208633093,0.5231912452746736,0.19367728238329537,0.17216088736847562,0.30870083432657924,0.8278391126315244,0.8409263131063304,0.29046698269075516,0.9905481029122394,0.16287986949408204
tree,104,source_heldout,201010,98990,0.9256504651509875,0.5,71621,168,1059,26142,0.7342155773310436,0.7978394534139458,0.9976598086057753,0.7325982222313145,0.8448263659526281,0.4596651880417425,0.14763875564812212,0.13691931540342298,0.2674017777686855,0.863080684596577,0.823935554074058,0.9967538604623465,0.05419074633430039,0.24870478642179303
tree,104,target,201010,39425,0.9256504651509875,0.5,818,2024,36562,21,0.9481293595434369,0.9612579723005628,0.28782547501759326,0.9749702026221693,0.4444444444444444,0.7086195402655646,0.5147757099641992,0.0524542580210439,0.025029797377830752,0.9475457419789561,0.9569326650615343,0.2567398230450483,0.9983519658045185,0.05198834785110672
rf,104,source_heldout,201010,98990,0.9256504651509875,0.5,73105,188,1039,24658,0.7490049499949489,0.7972792776196507,0.9974349528604369,0.7477777891431319,0.854749321859508,0.46596476641185175,0.1500485187729761,0.1532192339038305,0.25222221085686813,0.8467807660961695,0.895476403728422,0.9984402255525657,0.11054923955525074,0.17579185205422096
rf,104,target,201010,39425,0.9256504651509875,0.5,837,2325,36261,2,0.9409765377298669,0.9686805975006714,0.2647058823529412,0.9976162097735399,0.4183954011497126,0.693653070720082,0.4980695978138642,0.06025501477219717,0.0023837902264600714,0.9397449852278028,0.9861982678878325,0.477667033229634,0.9996165423302931,0.13792235623330446
xgboost,104,source_heldout,201010,98990,0.9256504651509875,0.5,72266,53,1174,25497,0.741893120517224,0.8480005131248957,0.9992671358840692,0.7391958102758712,0.8497783422114039,0.46697104077377855,0.17356956120820818,0.04319478402607987,0.2608041897241288,0.9568052159739201,0.9365426847978023,0.9990891784215752,0.16755444357265725,0.1959831863641739
xgboost,104,target,201010,39425,0.9256504651509875,0.5,837,5737,32849,2,0.854432466708941,0.9244676705323409,0.12731974444782476,0.9976162097735399,0.22581950627276406,0.5727414929910792,0.3286860914144609,0.14868086870885813,0.0023837902264600714,0.8513191312911419,0.9669591823029925,0.4539867275997805,0.9991873767258815,0.14328759908676147
hgb,104,source_heldout,201010,98990,0.9256504651509875,0.5,72380,77,1150,25383,0.7428023032629558,0.8388036046890539,0.9989373007438895,0.7403618956046766,0.8504288567735871,0.46664094135509326,0.16925994935466349,0.06275468622656886,0.25963810439532337,0.9372453137734311,0.9062382880755625,0.9986420539013826,0.14423298793018824,0.24832484817163633
hgb,104,target,201010,39425,0.9256504651509875,0.5,836,5818,32768,3,0.8523525681674065,0.9228221194925973,0.12563871355575593,0.9964243146603099,0.22314159882557053,0.5707829299676012,0.3258346825569798,0.15078007567511534,0.003575685339690107,0.8492199243248847,0.9822672627563142,0.5319261202253759,0.9995265714515909,0.13030639112274642
mlp,104,source_heldout,201010,98990,0.9256504651509875,0.5,88209,108,1119,9554,0.9023941812304274,0.907127153244485,0.9987771323754203,0.9022738663911705,0.9480760963026655,0.568071661596711,0.2904719476377317,0.08801955990220049,0.09772613360882952,0.9119804400977995,0.9528729021095134,0.9987499809038329,0.24336463980411738,0.07622557878494263
mlp,104,target,201010,39425,0.9256504651509875,0.5,580,5895,32691,259,0.8439061509194673,0.7692617737867959,0.08957528957528957,0.6912991656734208,0.1585999453103637,0.536286664670391,0.20977462946106656,0.15277561809982895,0.30870083432657924,0.847224381900171,0.8589495489140644,0.28411088061774153,0.9961008970217634,0.09135798364877701
majority,105,source_heldout,210803,89197,0.9240570580115084,0.5,89098,99,0,0,0.9988900972005785,0.5,0.9988900972005785,1.0,0.9994447404582293,0.49972237022911464,0.0,1.0,0.0,0.0,0.5,0.9988900972005785,0.0011099027994215052,0.0011099027994215052
majority,105,target,210803,39425,0.9240570580115084,0.5,839,38586,0,0,0.021280913126188968,0.5,0.021280913126188968,1.0,0.04167494536061991,0.020837472680309953,0.0,1.0,0.0,0.0,0.5,0.021280913126188968,0.978719086873811,0.978719086873811
stratified,105,source_heldout,210803,89197,0.9240570580115084,0.5,82315,91,8,6783,0.922934627846228,0.5023392129107185,0.9988957114773196,0.9238703450133561,0.9599193021737102,0.48112075413475064,0.0005873609110070188,0.9191919191919192,0.07612965498664392,0.08080808080808081,0.5023392129107185,0.9988952840643683,0.0011154080071653083,0.07706537215377199
stratified,105,target,210803,39425,0.9240570580115084,0.5,775,35675,2911,64,0.09349397590361445,0.49958029143080357,0.021262002743484224,0.9237187127532777,0.04156721821448685,0.09082523466966974,-0.00045865004557820403,0.9245581298916705,0.07628128724672228,0.07544187010832945,0.49958029143080357,0.02126344525181927,0.978701607602392,0.9065060240963856
logreg,105,source_heldout,210803,89197,0.9240570580115084,0.5,82885,17,82,6213,0.9301546016121618,0.8792753116475309,0.999794938602205,0.9302677950122337,0.9637790697674419,0.49471405787402434,0.09861790523829951,0.1717171717171717,0.06973220498776628,0.8282828282828283,0.8719889868176025,0.9992220406212702,0.1570545231715711,0.05782239951176251
logreg,105,target,210803,39425,0.9240570580115084,0.5,580,6520,32066,259,0.8280532656943563,0.7611629814787049,0.08169014084507042,0.6912991656734208,0.1461141201662678,0.5252577059631807,0.19617290930973577,0.168973202716011,0.30870083432657924,0.831026797283989,0.8416881362851409,0.2955511008410884,0.9909544581335722,0.17828413412079896
tree,105,source_heldout,210803,89197,0.9240570580115084,0.5,64695,27,72,24403,0.7261118647488144,0.7266916510726698,0.9995828311856865,0.7261105748726122,0.8411780002600442,0.42351892606800534,0.033832164321176805,0.2727272727272727,0.27388942512738784,0.7272727272727273,0.6834693542532103,0.9994189397108866,0.009512827310275015,0.23359280616749917
tree,105,target,210803,39425,0.9240570580115084,0.5,838,30095,8491,1,0.23662650602409638,0.6094310052241863,0.027090809168202244,0.99880810488677,0.052750849804859626,0.2067356780992521,0.07683343172553757,0.7799460944383974,0.0011918951132300357,0.22005390556160265,0.6100912952241968,0.027137349324027747,0.983339084079008,0.7657715787073045
rf,105,source_heldout,210803,89197,0.9240570580115084,0.5,72040,45,54,17058,0.8082558830453939,0.6770012182703826,0.9993757369771797,0.8085478910862197,0.8938907949349497,0.45008292579238335,0.029935394723668095,0.45454545454545453,0.19145210891378034,0.5454545454545454,0.8533500508236193,0.9998099801362231,0.18865302577641435,0.10753171653984504
rf,105,target,210803,39425,0.9240570580115084,0.5,839,31723,6863,0,0.1953582752060875,0.5889312185766858,0.025766230575517475,1.0,0.050238016825843536,0.1761234309524716,0.06769671015948457,0.8221375628466283,0.0,0.1778624371533717,0.8958775089151197,0.3727193423890895,0.9972041035771811,0.5632112480521372
xgboost,105,source_heldout,210803,89197,0.9240570580115084,0.5,71989,23,76,17109,0.8079307600031391,0.7878261276710176,0.9996806087874243,0.8079754876652675,0.8936627149152753,0.45122848775155106,0.04859981106330313,0.23232323232323232,0.19202451233473256,0.7676767676767676,0.9271370351248687,0.9999101981492802,0.043532952554086735,0.09773148596286774
xgboost,105,target,210803,39425,0.9240570580115084,0.5,837,29491,9095,2,0.25192136968928347,0.6166617305541104,0.027598259034555525,0.9976162097735399,0.05371065550101069,0.2175941654914193,0.07992511824145743,0.764292748665319,0.0023837902264600714,0.23570725133468098,0.9663419983422322,0.4065368605672546,0.9991424288880955,0.6024678945541382
hgb,105,source_heldout,210803,89197,0.9240570580115084,0.5,71251,24,75,17847,0.7996457279953362,0.7786341155159759,0.9996632760434935,0.7996924734561943,0.8885660304415332,0.44844482644100964,0.046307785278383994,0.24242424242424243,0.2003075265438057,0.7575757575757576,0.8182061359742117,0.9997776550155647,0.0036679909860018577,0.17123888808308105
hgb,105,target,210803,39425,0.9240570580115084,0.5,836,29670,8916,3,0.2473557387444515,0.6137462888804581,0.027404445027207763,0.9964243146603099,0.05334184080395597,0.21435642719073708,0.07847157642278862,0.7689317368993935,0.003575685339690107,0.23106826310060644,0.9710539316939631,0.4126938885024861,0.9992084800138259,0.46208562905963224
mlp,105,source_heldout,210803,89197,0.9240570580115084,0.5,87377,16,83,1721,0.9805262508828773,0.9095340144129118,0.999816918975204,0.9806841904419852,0.990158138375328,0.5386944133810428,0.19373806537009136,0.16161616161616163,0.01931580955801477,0.8383838383838383,0.9101148638736463,0.9993215732659189,0.09653471494447251,0.02130243554711342
mlp,105,target,210803,39425,0.9240570580115084,0.5,671,5906,32680,168,0.8459353202282816,0.8233504626941401,0.10202219857077695,0.799761620977354,0.18096008629989213,0.5479652742723808,0.25034040808600533,0.15306069558907376,0.20023837902264602,0.8469393044109262,0.9398465647405758,0.3027725178895085,0.99839247638174,0.14508096873760223
majority,106,source_heldout,212205,87795,0.9401003746377323,0.5,84344,3451,0,0,0.9606925223532092,0.5,0.9606925223532092,1.0,0.9799522478926914,0.4899761239463457,0.0,1.0,0.0,0.0,0.5,0.9606925223532092,0.03930747764679082,0.03930747764679082
majority,106,target,212205,39425,0.9401003746377323,0.5,839,38586,0,0,0.021280913126188968,0.5,0.021280913126188968,1.0,0.04167494536061991,0.020837472680309953,0.0,1.0,0.0,0.0,0.5,0.021280913126188968,0.978719086873811,0.978719086873811
stratified,106,source_heldout,212205,87795,0.9401003746377323,0.5,79262,3263,188,5082,0.9049490289879834,0.4971118572990526,0.9604604665252954,0.9397467513990325,0.9499907112765104,0.4965525165143015,-0.004725525875260608,0.9455230368009273,0.060253248600967466,0.054476963199072734,0.4971118572990526,0.960474448642784,0.03910951635111631,0.09505097101201664
stratified,106,target,212205,39425,0.9401003746377323,0.5,787,36292,2294,52,0.07814838300570703,0.49873653434363635,0.021224952129237574,0.9380214541120382,0.041510628197689754,0.07679948491874129,-0.001541563032222482,0.9405483854247655,0.06197854588796186,0.05945161457523454,0.49873653434363635,0.02122842051045506,0.9786665034207965,0.921851616994293
logreg,106,source_heldout,212205,87795,0.9401003746377323,0.5,76215,703,2748,8129,0.8994020160601401,0.8499559080305124,0.9908603967861879,0.9036208858958551,0.9452319827361685,0.6644082861754544,0.41283294331285625,0.20370906983483048,0.09637911410414493,0.7962909301651695,0.9012052101598913,0.9947957465680013,0.23846967688434983,0.10592966309063243
logreg,106,target,212205,39425,0.9401003746377323,0.5,580,6340,32246,259,0.8326188966391883,0.7634954336634351,0.0838150289017341,0.6912991656734208,0.1495038020363449,0.5283395562769253,0.19992670894873837,0.16430829834655056,0.30870083432657924,0.8356917016534494,0.7269146850089893,0.3895840502829464,0.9872457348635163,0.21283143065825788
tree,106,source_heldout,212205,87795,0.9401003746377323,0.5,76653,1087,2364,7691,0.9000170852554246,0.7969163700404462,0.9860174942114741,0.9088139049606374,0.945842896276005,0.6479547666631025,0.3623684754912748,0.314981164879745,0.0911860950393626,0.685018835120255,0.7807037426561254,0.9826372699034231,0.26338384154507805,0.07602350269909353
tree,106,target,212205,39425,0.9401003746377323,0.5,799,31919,6667,40,0.1893722257450856,0.5625535350442679,0.024420808117855616,0.9523241954707986,0.047620466668653334,0.17100737196502014,0.04805296461998498,0.827217125382263,0.04767580452920143,0.172782874617737,0.5586497433993703,0.024278394726140254,0.9789515251450943,0.8117247683825554
rf,106,source_heldout,212205,87795,0.9401003746377323,0.5,81068,1491,1960,3276,0.945703058260721,0.7645551906718723,0.9819401882290241,0.9611590628853267,0.9714385002067069,0.7113437464772454,0.43417401546013523,0.43204868154158216,0.03884093711467324,0.5679513184584178,0.9526962985379273,0.9978872520384866,0.5005906291630792,0.03961879177852242
rf,106,target,212205,39425,0.9401003746377323,0.5,837,33288,5298,2,0.1556119213696893,0.5674599475239959,0.02452747252747253,0.9976162097735399,0.04787781718338863,0.1446607788920179,0.05708179089040968,0.8626963147255481,0.0023837902264600714,0.1373036852744519,0.8921222948759507,0.40280816476025527,0.9964290159496729,0.6134129092896117
xgboost,106,source_heldout,212205,87795,0.9401003746377323,0.5,76500,745,2706,7844,0.9021698274389202,0.8455602249599843,0.9903553628066541,0.9069999051503367,0.9468466294116555,0.6666952238551742,0.41303979981296957,0.215879455230368,0.09300009484966329,0.784120544769632,0.9596882094227794,0.9982238797449009,0.5773821733149423,0.06287813931703568
xgboost,106,target,212205,39425,0.9401003746377323,0.5,738,30281,8305,101,0.22937222574508562,0.5474260489717966,0.023791869499339115,0.8796185935637664,0.04633059200200892,0.19989750573883217,0.03342213678169408,0.7847664956201731,0.12038140643623362,0.21523350437982688,0.7897651127055352,0.3164181444385048,0.9940426423633988,0.6524348258972168
hgb,106,source_heldout,212205,87795,0.9401003746377323,0.5,76015,241,3210,8329,0.9023862406742981,0.9157074069149225,0.996839592950063,0.9012496443137626,0.946637608966376,0.6874615663244155,0.4781853181463426,0.0698348304839177,0.09875035568623731,0.9301651695160823,0.961395161521061,0.9982406201287324,0.5735332920430487,0.059529308585217024
hgb,106,target,212205,39425,0.9401003746377323,0.5,776,28117,10469,63,0.2852251109701966,0.5981133146107016,0.02685771640189665,0.9249106078665077,0.05219965020852953,0.23923961092616305,0.06400325479853718,0.7286839786451045,0.07508939213349225,0.2713160213548956,0.9011383608411954,0.4095273014124381,0.9971369704754958,0.5042811215850017
mlp,106,source_heldout,212205,87795,0.9401003746377323,0.5,76483,254,3197,7861,0.9075687681530838,0.9165982475404707,0.9966899930932926,0.9067983496158588,0.9496216189370565,0.6951568016113362,0.48798481693588236,0.07360185453491741,0.09320165038414113,0.9263981454650826,0.9645722610689296,0.9985133408047387,0.5408503862510107,0.06521987169981003
mlp,106,target,212205,39425,0.9401003746377323,0.5,681,30020,8566,158,0.23454660748256181,0.5168390939125994,0.02218168789290251,0.8116805721096544,0.04318325935320228,0.20265271612766855,0.011708748721488693,0.7780023842844555,0.18831942789034564,0.2219976157155445,0.7456146439323779,0.38845369183294787,0.9890521142441856,0.7340412139892578
majority,107,source_heldout,211378,88622,0.9242967574676646,0.5,88603,19,0,0,0.9997856062828643,0.5,0.9997856062828643,1.0,0.9998927916490337,0.49994639582451683,0.0,1.0,0.0,0.0,0.5,0.9997856062828643,0.00021439371713569995,0.00021439371713569995
majority,107,target,211378,39425,0.9242967574676646,0.5,839,38586,0,0,0.021280913126188968,0.5,0.021280913126188968,1.0,0.04167494536061991,0.020837472680309953,0.0,1.0,0.0,0.0,0.5,0.021280913126188968,0.978719086873811,0.978719086873811
stratified,107,source_heldout,211378,88622,0.9242967574676646,0.5,81888,18,1,6715,0.9240256369750175,0.48842203869775114,0.9997802358801553,0.9242124984481338,0.9605123483217894,0.48040465226037504,-0.0012810022748609166,0.9473684210526315,0.07578750155186618,0.05263157894736842,0.48842203869775114,0.9997806428895589,0.00021094658221607865,0.0759743630249825
stratified,107,target,211378,39425,0.9242967574676646,0.5,775,35684,2902,64,0.09326569435637286,0.49946366882156706,0.021256754162209606,0.9237187127532777,0.041557188052978714,0.09061879425752517,-0.0005869092453738925,0.9247913751101435,0.07628128724672228,0.07520862488985643,0.4994636688215671,0.0212585970390805,0.978696752202767,0.9067343056436271
logreg,107,source_heldout,211378,88622,0.9242967574676646,0.5,82704,3,16,5899,0.9334025411297421,0.8877636910238871,0.9999637273749501,0.9334221188898796,0.9655478372541008,0.48547024488252727,0.04549353054111696,0.15789473684210525,0.06657788111012042,0.8421052631578947,0.9351385274467954,0.9999823576200992,0.24155126130761148,0.05637296301626612
logreg,107,target,211378,39425,0.9242967574676646,0.5,580,6316,32270,259,0.8332276474318326,0.7638064272880658,0.08410672853828306,0.6912991656734208,0.14996767937944408,0.5287558990302268,0.2004367008596907,0.16368631109728918,0.30870083432657924,0.8363136889027109,0.8475866363432436,0.40322157069558334,0.9916106674227095,0.17296765957033386
tree,107,source_heldout,211378,88622,0.9242967574676646,0.5,70500,7,12,18103,0.7956489359301302,0.7136315332081544,0.9999007190775384,0.7956841190478877,0.886179372760983,0.44375142675768353,0.015511760105892999,0.3684210526315789,0.20431588095211223,0.631578947368421,0.6573099283201176,0.9998677634740483,0.0008343844644405685,0.19087502940898224
tree,107,target,211378,39425,0.9242967574676646,0.5,778,6044,32542,61,0.845149017121116,0.8853286379103205,0.11404280269715626,0.9272943980929678,0.20310664404124787,0.5586745064732781,0.29401704189603295,0.15663712227232676,0.07270560190703218,0.8433628777276733,0.8975982908818386,0.09894448665210981,0.9965857169676211,0.15376565798391947
rf,107,source_heldout,211378,88622,0.9242967574676646,0.5,72135,12,7,16468,0.8140416600844034,0.5912791357308206,0.9998336729177928,0.8141372188300622,0.8974805598755832,0.44916467668812504,0.006870378738335555,0.631578947368421,0.18586278116993782,0.3684210526315789,0.8307010514673081,0.9999594496495636,0.02649775780183599,0.08342296077432805
rf,107,target,211378,39425,0.9242967574676646,0.5,839,31788,6798,0,0.19370957514267598,0.5880889441766444,0.025714898703527753,1.0,0.050140441044642325,0.17485869223041212,0.06730822054404827,0.8238221116467113,0.0,0.17617788835328876,0.9691887885130298,0.36985407445459373,0.999238802005511,0.3602284708678552
xgboost,107,source_heldout,211378,88622,0.9242967574676646,0.5,71563,7,12,17040,0.8076437002098802,0.7196302014248062,0.99990219365656,0.8076814554811914,0.8935713260037584,0.44748860951936503,0.01631435464451033,0.3684210526315789,0.19231854451880862,0.631578947368421,0.8165008075644344,0.9999557436012005,0.011235378838920899,0.14139047265052795
xgboost,107,target,211378,39425,0.9242967574676646,0.5,836,5547,33039,3,0.8592263792010146,0.9263337558373855,0.13097289675701082,0.9964243146603099,0.2315148158404874,0.5770155751174291,0.33406424124207895,0.1437568029855388,0.003575685339690107,0.8562431970144612,0.954578729358138,0.4220264589841374,0.9989026398749556,0.2634800672531128
hgb,107,source_heldout,211378,88622,0.9242967574676646,0.5,71495,7,12,17108,0.8068763963801313,0.7192464672397334,0.9999021006405415,0.8069139871110459,0.893101402204803,0.447250858637847,0.016261201776124702,0.3684210526315789,0.1930860128889541,0.631578947368421,0.8741337022567254,0.999970173462901,0.006615000662533463,0.092895808022582
hgb,107,target,211378,39425,0.9242967574676646,0.5,837,5944,32642,2,0.8491819911223842,0.9217853505199012,0.12343312195841322,0.9976162097735399,0.21968503937007874,0.568104487956835,0.32260328915636566,0.15404550873373762,0.0023837902264600714,0.8459544912662623,0.9729130051244756,0.41506563188583995,0.9993203479080704,0.24783780558532376
mlp,107,source_heldout,211378,88622,0.9242967574676646,0.5,82144,0,19,6459,0.9271174200537112,0.9635508955678702,1.0,0.9271017911357403,0.9621721025845257,0.4840104779507206,0.05214588453945766,0.0,0.07289820886425967,1.0,0.9914556772165848,0.9999981607497841,0.016120202415766144,0.04073483496904373
mlp,107,target,211378,39425,0.9242967574676646,0.5,680,25602,12984,159,0.34658211794546606,0.5734918894234182,0.0258732212160414,0.8104886769964244,0.05014564359721249,0.27607322776044585,0.04499754392253181,0.6635048981495879,0.18951132300357568,0.3364951018504121,0.863208320568324,0.423997646790339,0.9963660655864917,0.22693602740764618
majority,108,source_heldout,197795,102205,0.9387851057913497,0.5,98247,3958,0,0,0.9612739102783621,0.5,0.9612739102783621,1.0,0.9802546245485203,0.49012731227426015,0.0,1.0,0.0,0.0,0.5,0.9612739102783621,0.03872608972163789,0.03872608972163789
majority,108,target,197795,39425,0.9387851057913497,0.5,839,38586,0,0,0.021280913126188968,0.5,0.021280913126188968,1.0,0.04167494536061991,0.020837472680309953,0.0,1.0,0.0,0.0,0.5,0.021280913126188968,0.978719086873811,0.978719086873811
stratified,108,source_heldout,197795,102205,0.9387851057913497,0.5,92220,3700,258,6027,0.9048285308937919,0.5019195259961187,0.9614261884904087,0.938654615408104,0.9499039486627491,0.5001399075540632,0.0030832895546837142,0.9348155634158666,0.06134538459189594,0.0651844365841334,0.5019195259961187,0.9614168469249257,0.03887758028237738,0.0951714691062081
stratified,108,target,197795,39425,0.9387851057913497,0.5,786,36234,2352,53,0.07959416613823717,0.4988921547132122,0.021231766612641815,0.9368295589988082,0.04152249134948097,0.0781396946025539,-0.0013360700319353148,0.9390452495723838,0.0631704410011919,0.060954750427616236,0.4988921547132122,0.02123487121957626,0.9786729740619305,0.9204058338617629
logreg,108,source_heldout,197795,102205,0.9387851057913497,0.5,92693,752,3206,5554,0.9383004745364708,0.8767370324167703,0.9919524854192305,0.943469011776441,0.9671034784967553,0.7356354002013576,0.5193208566221084,0.18999494694290045,0.05653098822355899,0.8100050530570996,0.9453982353095444,0.9973846770479692,0.6872782239230492,0.07782767978151037
logreg,108,target,197795,39425,0.9387851057913497,0.5,580,6335,32251,259,0.8327457197209892,0.7635602240018998,0.08387563268257411,0.6912991656734208,0.1496002063451122,0.5284261862152027,0.2000327691207216,0.1641787176696211,0.30870083432657924,0.8358212823303789,0.8460192198260968,0.40291521074107756,0.9909210962395438,0.16591941331470458
tree,108,source_heldout,197795,102205,0.9387851057913497,0.5,92622,123,3835,5625,0.9437600900151656,0.9558350211187976,0.9986737829532589,0.9427463433997985,0.9699044986177432,0.7707623551368639,0.6069381085454335,0.031076301162203133,0.057253656600201534,0.9689236988377968,0.9792708576495024,0.998434249433046,0.8825129139948751,0.03884077580652744
tree,108,target,197795,39425,0.9387851057913497,0.5,760,31388,7198,79,0.20185161699429297,0.5461923142812362,0.02364066193853428,0.9058402860548271,0.04607875829872374,0.17998506521438162,0.03436706229732657,0.8134556574923547,0.09415971394517282,0.18654434250764526,0.8025845800415362,0.06751547087373873,0.9921767506686427,0.6095874849639142
rf,108,source_heldout,197795,102205,0.9387851057913497,0.5,96364,416,3542,1883,0.9775059928574923,0.9378652163533359,0.9957015912378591,0.9808340203772126,0.988211888610295,0.8715971518080783,0.7536597223454666,0.10510358767054068,0.019165979622787464,0.8948964123294593,0.9943814898310384,0.9997575263322168,0.908952128158005,0.014766072431327127
rf,108,target,197795,39425,0.9387851057913497,0.5,838,32161,6425,1,0.18422320862396957,0.5826596373705606,0.025394708930573655,0.99880810488677,0.049530114072935755,0.1675047708905512,0.06459495522398793,0.8334888301456487,0.0011918951132300357,0.16651116985435133,0.9040777417340656,0.4248686538535424,0.9973675398976988,0.4817804551078443
xgboost,108,source_heldout,197795,102205,0.9387851057913497,0.5,93025,57,3901,5222,0.9483489066092657,0.9662235185428145,0.9993876367074193,0.9468482498193329,0.9724087827773102,0.7844231820009937,0.6309864405861637,0.014401212733703891,0.0531517501806671,0.9855987872662961,0.9947216635359131,0.9997828033100168,0.918561353265971,0.03528701886534691
xgboost,108,target,197795,39425,0.9387851057913497,0.5,836,29550,9036,3,0.2503994927076728,0.6153012570036116,0.027512670308694795,0.9964243146603099,0.05354683746997598,0.21650570219955492,0.07917041802917865,0.7658218006530866,0.003575685339690107,0.2341781993469134,0.9025729533033251,0.4817750748679309,0.9970190356463087,0.7304835915565491
hgb,108,source_heldout,197795,102205,0.9387851057913497,0.5,93193,86,3872,5054,0.9497089183503743,0.9634150400842072,0.9990780347130651,0.948558225696459,0.9731629126071656,0.7871092427053215,0.6333988670109553,0.021728145528044467,0.05144177430354108,0.9782718544719555,0.994411866960614,0.9997685097495131,0.9165578868876805,0.03422406737368593
hgb,108,target,197795,39425,0.9387851057913497,0.5,836,29871,8715,3,0.2422574508560558,0.6111417172741761,0.02722506268928909,0.9964243146603099,0.05300196538388385,0.21073487411761418,0.07729934823684281,0.7741408801119577,0.003575685339690107,0.2258591198880423,0.9279051570761829,0.558543255833991,0.9979720256181586,0.7340865792784724
mlp,108,source_heldout,197795,102205,0.9387851057913497,0.5,92330,110,3848,5917,0.9410302822758182,0.9559912142115046,0.99881003894418,0.939774242470508,0.9683932307918212,0.7646017746176551,0.5985741015798834,0.027791814047498736,0.060225757529492,0.9722081859525012,0.9926068598499354,0.999695219099554,0.8945400519660418,0.03816355764865875
mlp,108,target,197795,39425,0.9387851057913497,0.5,681,25171,13415,158,0.3575396322130628,0.5796727641556928,0.02634225591830419,0.8116805721096544,0.05102843655164662,0.28270856632697455,0.04840059969257778,0.6523350437982688,0.18831942789034564,0.3476649562017312,0.8445666652272246,0.43623440425360177,0.9950222291717497,0.4480225443840027
majority,109,source_heldout,187861,112139,0.941611084791415,0.5,106972,5167,0,0,0.9539232559591222,0.5,0.9539232559591222,1.0,0.9764183450397287,0.48820917251986434,0.0,1.0,0.0,0.0,0.5,0.9539232559591222,0.04607674404087784,0.04607674404087784
majority,109,target,187861,39425,0.941611084791415,0.5,839,38586,0,0,0.021280913126188968,0.5,0.021280913126188968,1.0,0.04167494536061991,0.020837472680309953,0.0,1.0,0.0,0.0,0.5,0.021280913126188968,0.978719086873811,0.978719086873811
stratified,109,source_heldout,187861,112139,0.941611084791415,0.5,100724,4855,312,6248,0.9009889512123347,0.5009876967166005,0.954015476562574,0.9415921923493998,0.9477631250852736,0.5004868324326343,0.0017646850339298917,0.939616798916199,0.058407807650600156,0.06038320108380105,0.5009876967166005,0.9540100901593062,0.046166366694156344,0.09901104878766531
stratified,109,target,187861,39425,0.941611084791415,0.5,789,36354,2232,50,0.07662650602409639,0.49912502925990376,0.021242225991438494,0.9404052443384983,0.04154599547153915,0.07538785532606027,-0.001081491416422688,0.9421551858186907,0.05959475566150179,0.05784481418130928,0.49912502925990376,0.021244531541781193,0.9786826624798415,0.9233734939759036
logreg,109,source_heldout,187861,112139,0.941611084791415,0.5,95692,881,4286,11280,0.8915542318016033,0.8620233583206662,0.9908773673801166,0.8945518453427065,0.940253997887445,0.6768505797086866,0.43904041744072264,0.1705051287013741,0.1054481546572935,0.8294948712986259,0.9176645806526872,0.9947318785792477,0.5264789836012753,0.1046639513902819
logreg,109,target,187861,39425,0.941611084791415,0.5,580,6369,32217,259,0.8318833227647432,0.7631196497003396,0.08346524679810044,0.6912991656734208,0.14894709809964046,0.5278382165232941,0.19931350027339712,0.1650598662727414,0.30870083432657924,0.8349401337272586,0.7243087697174992,0.38951785272125133,0.9864586816710683,0.16765184365467584
tree,109,source_heldout,187861,112139,0.941611084791415,0.5,95193,334,4833,11779,0.8919822720017122,0.9126230411745005,0.9965036063102578,0.8898870732528138,0.9401824206539292,0.6920022255250913,0.48703898890315506,0.06464099090381266,0.11011292674718617,0.9353590090961873,0.9370088206937678,0.9949564800122748,0.45968376956724877,0.09123029175166578
tree,109,target,187861,39425,0.941611084791415,0.5,837,26686,11900,2,0.3230691185795815,0.653009110432823,0.03041092904116557,0.9976162097735399,0.05902263592130315,0.26521089013621807,0.09620226301293278,0.691597988907894,0.0023837902264600714,0.30840201109210597,0.5894488462748135,0.025948980493974646,0.9852909919170333,0.6787544534813115
rf,109,source_heldout,187861,112139,0.941611084791415,0.5,98677,590,4577,8295,0.9207679754590286,0.9041350810897189,0.9940564336587184,0.9224563437161126,0.9569189144633168,0.7321874909364092,0.5316004885176101,0.11418618153667505,0.07754365628388737,0.885813818463325,0.9677821343719262,0.9983750384670773,0.5861798627517629,0.063626304708145
rf,109,target,187861,39425,0.941611084791415,0.5,839,28215,10371,0,0.28433734939759037,0.6343881200435391,0.0288772630274661,1.0,0.05613354296992607,0.2399057322055954,0.08809950159068969,0.7312237599129218,0.0,0.26877624008707823,0.9800514177361629,0.5045467443119845,0.9994748508255641,0.25298279008226804
xgboost,109,source_heldout,187861,112139,0.941611084791415,0.5,94284,159,5008,12688,0.8854368239417152,0.9253086571236189,0.9983164448397446,0.8813895224918671,0.9362162698905245,0.6871520049535726,0.4891770404975992,0.030772208244629378,0.11861047750813297,0.9692277917553707,0.9694040496035777,0.9984832139658765,0.6836928643249042,0.09352118521928787
xgboost,109,target,187861,39425,0.941611084791415,0.5,836,29848,8738,3,0.24284083703233988,0.6114397528311138,0.027245469951766393,0.9964243146603099,0.05304063699520985,0.21115065635971322,0.07743359970842104,0.7735448089980822,0.003575685339690107,0.2264551910019178,0.9399500748355438,0.4240740037919581,0.9985058184437356,0.5214247703552246
hgb,109,source_heldout,187861,112139,0.941611084791415,0.5,94040,168,4999,12932,0.8831806953869751,0.9232972602088705,0.9982167119565217,0.8791085517705568,0.9348841833184213,0.6838677562189128,0.4842655717318035,0.03251403135281595,0.12089144822944321,0.9674859686471841,0.9699145029846741,0.9985012823481716,0.693913756126395,0.09340347478643211
hgb,109,target,187861,39425,0.941611084791415,0.5,836,5746,32840,3,0.8541788205453392,0.9237551003664894,0.12701306593740505,0.9964243146603099,0.22530656245788977,0.5724105226854962,0.3279747769573033,0.14891411392733114,0.003575685339690107,0.8510858860726689,0.9898712545701512,0.6321985706329565,0.9996828083336318,0.15078712067117422
mlp,109,source_heldout,187861,112139,0.941611084791415,0.5,92901,139,5028,14071,0.8732822657594592,0.9207797077155592,0.998506018916595,0.8684609056575553,0.9289542627442353,0.6716806259736177,0.46935225271275216,0.026901490226437005,0.13153909434244476,0.973098509773563,0.9696184693330051,0.9984738378351329,0.6935068552976512,0.10159395635128021
mlp,109,target,187861,39425,0.941611084791415,0.5,580,1608,36978,259,0.9526442612555485,0.8248130099864538,0.26508226691042047,0.6912991656734208,0.38321770730095805,0.6792972859203708,0.40949468655489474,0.04167314570051314,0.30870083432657924,0.9583268542994868,0.9797190641501264,0.4753622618403398,0.999432035262185,0.09312383830547333
majority,110,source_heldout,211337,88663,0.9232410794134487,0.5,88648,15,0,0,0.9998308200715067,0.5,0.9998308200715067,1.0,0.9999154028796859,0.49995770143984297,0.0,1.0,0.0,0.0,0.5,0.9998308200715067,0.00016917992849328355,0.00016917992849328355
majority,110,target,211337,39425,0.9232410794134487,0.5,839,38586,0,0,0.021280913126188968,0.5,0.021280913126188968,1.0,0.04167494536061991,0.020837472680309953,0.0,1.0,0.0,0.0,0.5,0.021280913126188968,0.978719086873811,0.978719086873811
stratified,110,source_heldout,211337,88663,0.9232410794134487,0.5,81833,13,2,6815,0.9229892965498573,0.5282281232139097,0.999841165114972,0.923122913094486,0.9599516698534846,0.48026857497358066,0.002756111123632115,0.8666666666666667,0.07687708690551394,0.13333333333333333,0.5282281232139097,0.9998403698181665,0.00018574049623982475,0.07701070345014267
stratified,110,target,211337,39425,0.9232410794134487,0.5,775,35645,2941,64,0.09425491439441978,0.49996903346159194,0.02127951674903899,0.9237187127532777,0.04160068708231568,0.09151275728451577,-3.3684205456072834e-05,0.9237806458300938,0.07628128724672228,0.07621935416990619,0.49996903346159194,0.02127962326648547,0.9787177969517714,0.9057450856055802
logreg,110,source_heldout,211337,88663,0.9232410794134487,0.5,82650,3,12,5998,0.9323167499407871,0.8661695695334357,0.9999637036768175,0.9323391390668713,0.9649680970922528,0.4844757497909397,0.037890104135256564,0.2,0.06766086093312879,0.8,0.8363324609692265,0.9997633515032271,0.1044636347702885,0.0563948885708638
logreg,110,target,211337,39425,0.9232410794134487,0.5,736,6319,32267,103,0.8371084337349397,0.8567353719169297,0.10432317505315379,0.8772348033373063,0.18647073726881175,0.5479819721633534,0.268628551968126,0.16376405950344686,0.12276519666269368,0.8362359404965531,0.8477031199505622,0.40449328138113927,0.9912091990951017,0.1658992853030652
tree,110,source_heldout,211337,88663,0.9232410794134487,0.5,59969,8,7,28679,0.676449026087545,0.5715755948620762,0.9998666155359555,0.6764845230574857,0.8069840201850295,0.4037359040334924,0.0039796758142914435,0.5333333333333333,0.3235154769425142,0.4666666666666667,0.5818138405077761,0.9998689036574331,0.0011859627673916958,0.2774579414673657
tree,110,target,211337,39425,0.9232410794134487,0.5,799,30123,8463,40,0.23492707672796448,0.5858262246207981,0.02583920833063838,0.9523241954707986,0.05031327728975788,0.2048801409490264,0.06023182017504688,0.7806717462292023,0.04767580452920143,0.2193282537707977,0.5115710911100737,0.021993915648627346,0.9812890426553675,0.7642971357483781
rf,110,source_heldout,211337,88663,0.9232410794134487,0.5,72312,11,4,16336,0.8156277139280196,0.541193634750173,0.9998479045393581,0.8157206028336793,0.8984475464524666,0.4494683467511492,0.0027636049866194877,0.7333333333333333,0.18427939716632072,0.26666666666666666,0.7662568059441086,0.9999537246256106,0.06698236357596134,0.10854452781989801
rf,110,target,211337,39425,0.9232410794134487,0.5,838,32514,6072,1,0.17526949904882688,0.5780854394749508,0.025125929479491486,0.99880810488677,0.04901874762364365,0.16047300936120718,0.06243575005262783,0.8426372259368683,0.0011918951132300357,0.1573627740631317,0.9743869660187259,0.4012865774214482,0.9993092241710436,0.3683970762153168
xgboost,110,source_heldout,211337,88663,0.9232410794134487,0.5,71197,4,11,17451,0.8031309565433157,0.7682380501158138,0.9999438210137498,0.8031427668982943,0.890803195515768,0.4460309963960942,0.01754447758838315,0.26666666666666666,0.1968572331017056,0.7333333333333333,0.8301503324008062,0.999967868652094,0.009582901702307214,0.11566763371229172
xgboost,110,target,211337,39425,0.9232410794134487,0.5,836,29570,9016,3,0.24989220038046925,0.6150420956497528,0.02749457343945274,0.9964243146603099,0.053512562009921584,0.21614815160678835,0.07905399126238678,0.7663401233608045,0.003575685339690107,0.23365987663919557,0.9090641575399552,0.4097733136749774,0.9973440131701059,0.6197419762611389
hgb,110,source_heldout,211337,88663,0.9232410794134487,0.5,67625,7,8,21023,0.7628097402524164,0.6480909514785067,0.9998964986988408,0.7628485696236802,0.8654338367033529,0.43309703808939387,0.009055919277382581,0.4666666666666667,0.23715143037631983,0.5333333333333333,0.8148651595824685,0.9999650400201654,0.000971244245993995,0.1529668632243273
hgb,110,target,211337,39425,0.9232410794134487,0.5,836,29682,8904,3,0.24705136334812935,0.6135907920681428,0.02739366930991546,0.9964243146603099,0.053321427432471216,0.2141409739651144,0.07840165374318045,0.7692427305240243,0.003575685339690107,0.23075726947597575,0.9812840867453517,0.602375632917118,0.9994794269155585,0.4125241536462965
mlp,110,source_heldout,211337,88663,0.9232410794134487,0.5,86365,9,6,2283,0.9741493069262263,0.6871232289504557,0.9998958019774469,0.9742464579009115,0.986904503433854,0.4960564183835937,0.030691872582621234,0.6,0.02575354209908853,0.4,0.4546167614234575,0.9996263545366746,0.002875603189219464,0.05122734233736992
mlp,110,target,211337,39425,0.9232410794134487,0.5,738,6032,32554,101,0.844438807863031,0.8616462324580352,0.10901033973412112,0.8796185935637664,0.1939808121960836,0.5539463724657233,0.27678377147146765,0.15632612864769604,0.12038140643623362,0.843673871352304,0.8660027687946502,0.2731107039302269,0.995724595655878,0.25357329845428467
majority,111,source_heldout,198105,101895,0.9384770702405291,0.5,97877,4018,0,0,0.960567250601109,0.5,0.960567250601109,1.0,0.9798870712612379,0.48994353563061893,0.0,1.0,0.0,0.0,0.5,0.960567250601109,0.039432749398891014,0.039432749398891014
majority,111,target,198105,39425,0.9384770702405291,0.5,839,38586,0,0,0.021280913126188968,0.5,0.021280913126188968,1.0,0.04167494536061991,0.020837472680309953,0.0,1.0,0.0,0.0,0.5,0.021280913126188968,0.978719086873811,0.978719086873811
stratified,111,source_heldout,198105,101895,0.9384770702405291,0.5,91851,3754,264,6026,0.904018842926542,0.5020686308202685,0.9607342712201244,0.9384329311278441,0.9494526622631563,0.5003375069173756,0.003345743568952595,0.9342956694873071,0.06156706887215587,0.06570433051269288,0.5020686308202684,0.9607239882501705,0.03959954862978354,0.09598115707345797
stratified,111,target,198105,39425,0.9384770702405291,0.5,786,36227,2359,53,0.0797717184527584,0.4989828611870628,0.021235782022532623,0.9368295589988082,0.041530170136320405,0.07830447723363168,-0.0012250118436468787,0.9388638366246825,0.0631704410011919,0.06113616337531747,0.4989828611870628,0.021238632974253463,0.9786767468479689,0.9202282815472416
logreg,111,source_heldout,198105,101895,0.9384770702405291,0.5,92289,789,3229,5588,0.9374159674174395,0.8732707920257062,0.9915232385740992,0.9429079354700287,0.9666046974418057,0.7348800659004899,0.5167914893938061,0.19636635141861622,0.057092064529971294,0.8036336485813838,0.9440350726562046,0.9971821589392627,0.6871445537500422,0.07670208656089357
logreg,111,target,198105,39425,0.9384770702405291,0.5,580,6336,32250,259,0.832720355104629,0.7635472659342069,0.08386350491613649,0.6912991656734208,0.14958091553836234,0.5284088556874595,0.20001154918358713,0.164204633805007,0.30870083432657924,0.835795366194993,0.7305604890940023,0.3896745326843655,0.9876924701658021,0.16891609529745422
tree,111,source_heldout,198105,101895,0.9384770702405291,0.5,93036,152,3866,4841,0.9509985769664852,0.956355098685359,0.9983688886981157,0.9505399634234805,0.9738675319917306,0.7907451608878102,0.6354244562518315,0.037829766052762566,0.04946003657651951,0.9621702339472374,0.9799964978748712,0.998510124703961,0.8729577272273762,0.0352270946524461
tree,111,target,198105,39425,0.9384770702405291,0.5,839,27592,10994,0,0.30013950538998097,0.6424609962162442,0.029510041855720866,1.0,0.05732832251451998,0.25040679941780863,0.09169547383757891,0.7150780075675115,0.0,0.28492199243248845,0.6440289224070906,0.029636170964323562,0.984849220844619,0.7016729871810389
rf,111,source_heldout,198105,101895,0.9384770702405291,0.5,96181,418,3600,1696,0.9792531527552873,0.9393201363300256,0.995672833052102,0.9826721293051482,0.9891297640840001,0.8810798058126679,0.7703642009304057,0.10403185664509706,0.017327870694851703,0.8959681433549029,0.994968935904982,0.9997848948061449,0.9145436560424293,0.013788685431739618
rf,111,target,198105,39425,0.9384770702405291,0.5,839,32049,6537,0,0.18708941027266962,0.5847068885087856,0.025510824616881537,1.0,0.0497524238740475,0.16974689872646595,0.06574104618256948,0.8305862229824289,0.0,0.16941377701757113,0.9128115565823988,0.47542129535231176,0.9978315291339439,0.4930189052165913
xgboost,111,source_heldout,198105,101895,0.9384770702405291,0.5,92903,81,3937,4974,0.9503901074635654,0.9645109159237573,0.999128882388368,0.9491811150729997,0.9735147568125494,0.7912666211938066,0.6400352252466032,0.020159283225485315,0.050818884927000214,0.9798407167745147,0.9949027129177934,0.9997866247976437,0.9201819274592783,0.03275275230407715
xgboost,111,target,198105,39425,0.9384770702405291,0.5,837,29546,9040,2,0.2505263157894737,0.6159490368309984,0.027548300036204457,0.9976162097735399,0.053616039971814744,0.21661233677435116,0.07960593053053461,0.765718136111543,0.0023837902264600714,0.23428186388845695,0.9086500862707682,0.48227558574348967,0.9973781995495244,0.6944276094436646
hgb,111,source_heldout,198105,101895,0.9384770702405291,0.5,92786,105,3913,5091,0.9490063300456352,0.9609266665097939,0.9988696429148142,0.9479857372007724,0.9727627275014677,0.7868728397144875,0.6321244065259648,0.02613240418118467,0.0520142627992276,0.9738675958188153,0.9946463291232853,0.9997744462680255,0.9191502186844069,0.032433815068635116
hgb,111,target,198105,39425,0.9384770702405291,0.5,837,29782,8804,2,0.24454026632847178,0.6128909328554633,0.027335967863091545,0.9976162097735399,0.0532138088880412,0.21237665461282546,0.07823481787398003,0.7718343440626134,0.0023837902264600714,0.2281656559373866,0.9017119754229783,0.49296902944325505,0.9970847329092698,0.6100475716346936
mlp,111,source_heldout,198105,101895,0.9384770702405291,0.5,92192,115,3903,5685,0.9430786594042887,0.9566478455581127,0.9987541573228466,0.941916895695618,0.9695032179363143,0.7716103477598667,0.608801016174943,0.028621204579392732,0.05808310430438203,0.9713787954206072,0.9927543187871545,0.9996923383123916,0.8996436124754508,0.03462676331400871
mlp,111,target,198105,39425,0.9384770702405291,0.5,642,29870,8716,197,0.23736207989854152,0.4955408493585556,0.021040901940220243,0.7651966626936829,0.040955631399317405,0.2039764156701844,-0.003077022763446381,0.7741149639765719,0.23480333730631706,0.2258850360234282,0.7540086454250731,0.3422745136282053,0.9921746918572985,0.5994664430618286
majority,112,source_heldout,143070,156930,0.9380722723142517,0.5,149634,7296,0,0,0.9535079334735233,0.5,0.9535079334735233,1.0,0.976200728069832,0.488100364034916,0.0,1.0,0.0,0.0,0.5,0.9535079334735233,0.04649206652647677,0.04649206652647677
majority,112,target,143070,39425,0.9380722723142517,0.5,839,38586,0,0,0.021280913126188968,0.5,0.021280913126188968,1.0,0.04167494536061991,0.020837472680309953,0.0,1.0,0.0,0.0,0.5,0.021280913126188968,0.978719086873811,0.978719086873811
stratified,112,source_heldout,143070,156930,0.9380722723142517,0.5,140407,6804,492,9227,0.897846173453132,0.5028852087690456,0.953780627806346,0.9383362070117754,0.9459953847967795,0.5019133550489921,0.0050406189999318935,0.9325657894736842,0.0616637929882246,0.06743421052631579,0.5028852087690456,0.9537638124394577,0.046770598509170064,0.10215382654686803
stratified,112,target,143070,39425,0.9380722723142517,0.5,786,36211,2375,53,0.08017755231452124,0.49919019027014994,0.021244965808038488,0.9368295589988082,0.04154773231842689,0.07868092228638954,-0.000972302160058107,0.9384491784585083,0.0631704410011919,0.06155082154149173,0.49919019027014994,0.021247236615978864,0.9786853722609935,0.9198224476854787
logreg,112,source_heldout,143070,156930,0.9380722723142517,0.5,105356,1404,5892,44278,0.7089020582425285,0.7558285528092052,0.9868490071187711,0.7040913161447264,0.8218289039525106,0.5134446437418211,0.23099907037964032,0.1924342105263158,0.2959086838552735,0.8075657894736842,0.9011096496137712,0.9938977294443864,0.49961811806854667,0.13914185288734546
logreg,112,target,143070,39425,0.9380722723142517,0.5,582,29758,8828,257,0.23868103994927076,0.4612352995432644,0.019182597231377718,0.6936829558998808,0.03733282016742038,0.20385237219904237,-0.02657002936837805,0.771212356813352,0.3063170441001192,0.22878764318664802,0.7277628747128762,0.3773463853353349,0.9870786868591053,0.2590677959675619
tree,112,source_heldout,143070,156930,0.9380722723142517,0.5,139517,1427,5869,10117,0.9264385394761996,0.8684008690634974,0.9898754115109547,0.9323883609340123,0.9602722848942452,0.7322192968153041,0.5128790937950206,0.19558662280701755,0.06761163906598767,0.8044133771929824,0.902883923560769,0.9910890298541961,0.5495247494969151,0.05991523820728162
tree,112,target,143070,39425,0.9380722723142517,0.5,837,37072,1514,2,0.059632213062777426,0.5184266193738897,0.022079189638344456,0.9976162097735399,0.04320222979250542,0.05935484288986899,0.02765990959167226,0.9607629710257607,0.0023837902264600714,0.03923702897423936,0.5250597600134973,0.022380027967074244,0.9797971748837433,0.9358665090875447
rf,112,source_heldout,143070,156930,0.9380722723142517,0.5,144173,2279,5017,5461,0.9506786465303001,0.8255706725946397,0.9844385873869936,0.9635042837857706,0.9738589463871983,0.7691957047678086,0.549219536550449,0.3123629385964912,0.03649571621422939,0.6876370614035088,0.9245174357559639,0.9956302337322888,0.6310338630546388,0.05512242262727463
rf,112,target,143070,39425,0.9380722723142517,0.5,837,37516,1070,2,0.04837032339885859,0.5126732373182218,0.021823586160143925,0.9976162097735399,0.04271279853031231,0.04833708412067081,0.022491393334690055,0.9722697351370964,0.0023837902264600714,0.027730264862903645,0.9094066273766935,0.48603373412106726,0.997513693627348,0.6134622887341196
xgboost,112,source_heldout,143070,156930,0.9380722723142517,0.5,132408,1312,5984,17226,0.8818708978525457,0.8525272718063654,0.9901884534848938,0.8848791050162397,0.9345765367702591,0.6634464012114588,0.41816195445553916,0.17982456140350878,0.11512089498376038,0.8201754385964912,0.962558901394842,0.9980544872696693,0.7219381541295011,0.07761098444461823
xgboost,112,target,143070,39425,0.9380722723142517,0.5,825,26333,12253,14,0.331718452758402,0.6504319376490525,0.030377789233375065,0.9833134684147795,0.05893488588063007,0.2704168461220349,0.09378812010809628,0.6824495931166744,0.0166865315852205,0.31755040688332553,0.9102313720904041,0.4845604841527578,0.997455370208291,0.6600326895713806
hgb,112,source_heldout,143070,156930,0.9380722723142517,0.5,135767,1374,5922,13867,0.9028802650863442,0.8595024216544509,0.9899811143275898,0.9073272117299545,0.9468538052480168,0.6920719090851493,0.4560303962670395,0.18832236842105263,0.09267278827004558,0.8116776315789473,0.9637901521745222,0.9981112717153067,0.7171592292530659,0.06736436636595804
hgb,112,target,143070,39425,0.9380722723142517,0.5,776,30545,8041,63,0.2236398224476855,0.5666511262522297,0.02477570958781648,0.9249106078665077,0.04825870646766169,0.1963503855748032,0.047606452747074694,0.7916083553620484,0.07508939213349225,0.2083916446379516,0.8993609896491757,0.4076453135237682,0.9967856368979203,0.6933908431229181
mlp,112,source_heldout,143070,156930,0.9380722723142517,0.5,130625,396,6900,19009,0.8763461415917925,0.9093435240759382,0.996977583746117,0.8729633639413502,0.9308581710641178,0.6732291156480052,0.4642796996822043,0.054276315789473686,0.12703663605864976,0.9457236842105263,0.9624957076370144,0.9980214230182186,0.6617643209952048,0.08672124892473221
mlp,112,target,143070,39425,0.9380722723142517,0.5,678,1363,37223,161,0.9613443246670894,0.8863905971194972,0.33219010289073986,0.8081048867699643,0.4708333333333333,0.7253863915580712,0.5033707999439775,0.03532369253096978,0.19189511323003575,0.9646763074690302,0.9622230471728644,0.45185704927284476,0.9990347437010214,0.13041529059410095
majority,113,source_heldout,210190,89810,0.9244540653694276,0.5,89558,252,0,0,0.9971940763834762,0.5,0.9971940763834762,1.0,0.9985950671245707,0.49929753356228534,0.0,1.0,0.0,0.0,0.5,0.9971940763834762,0.0028059236165237722,0.0028059236165237722
majority,113,target,210190,39425,0.9244540653694276,0.5,839,38586,0,0,0.021280913126188968,0.5,0.021280913126188968,1.0,0.04167494536061991,0.020837472680309953,0.0,1.0,0.0,0.0,0.5,0.021280913126188968,0.978719086873811,0.978719086873811
stratified,113,source_heldout,210190,89810,0.9244540653694276,0.5,82781,234,18,6777,0.9219351965259993,0.49787846981844164,0.9971812323074143,0.9243283682083119,0.9593737143122041,0.4822411355724494,-0.0008487087059825377,0.9285714285714286,0.07567163179168807,0.07142857142857142,0.49787846981844164,0.9971822042396087,0.0027947152598089713,0.07806480347400067
stratified,113,target,210190,39425,0.9244540653694276,0.5,775,35689,2897,64,0.09313887127457197,0.4993988784831023,0.021253839403247037,0.9237187127532777,0.04155161783234593,0.09050406847763348,-0.0006583195797673678,0.924920955787073,0.07628128724672228,0.07507904421292697,0.4993988784831023,0.02125590462168361,0.9786940550429323,0.906861128725428
logreg,113,source_heldout,210190,89810,0.9244540653694276,0.5,86183,164,88,3375,0.9605945885758824,0.6557606368064395,0.9981006867638713,0.9623149244065299,0.9798811858673716,0.5136283452890021,0.08558355076857521,0.6507936507936508,0.03768507559347015,0.3492063492063492,0.9336001817745492,0.9996534683971354,0.06643625400231967,0.057414854042793596
logreg,113,target,210190,39425,0.9244540653694276,0.5,580,6327,32259,259,0.8329486366518707,0.7636638885434435,0.08397278123642682,0.6912991656734208,0.14975471210947586,0.5285649123103635,0.20020267108982226,0.16397138858653398,0.30870083432657924,0.8360286114134661,0.8497225089265488,0.4033417656530914,0.9926782371277623,0.1702409874920282
tree,113,source_heldout,210190,89810,0.9244540653694276,0.5,72101,164,88,17457,0.8037969045763278,0.5771411946572178,0.9977305749671348,0.8050760401080864,0.8911094220228274,0.45049936460471596,0.020583922109258055,0.6507936507936508,0.19492395989191363,0.3492063492063492,0.727502408654567,0.9989047430968445,0.006222965760724157,0.19501976933375922
tree,113,target,210190,39425,0.9244540653694276,0.5,838,30923,7663,1,0.21562460367786937,0.5987017251744273,0.026384559680110827,0.99880810488677,0.051411042944785275,0.19139200795887912,0.07199059578596617,0.8014046545379153,0.0011918951132300357,0.19859534546208468,0.6625352671033058,0.031233462748169023,0.9855716149364667,0.7748425939219595
rf,113,source_heldout,210190,89810,0.9244540653694276,0.5,74137,182,70,15421,0.8262665627435698,0.552793844336755,0.9975510972967881,0.8278099108957324,0.9047883473580796,0.4568405943104315,0.014783460020505765,0.7222222222222222,0.1721900891042676,0.2777777777777778,0.6785552778247457,0.9987792739144172,0.0807399378842026,0.06902390065014442
rf,113,target,210190,39425,0.9244540653694276,0.5,839,31814,6772,0,0.19305009511731136,0.5877520344166278,0.025694423177043457,1.0,0.050101516780126594,0.17435187395953286,0.06715263072951522,0.8244959311667445,0.0,0.1755040688332556,0.9341464513088327,0.4004180921891718,0.9982535229021628,0.4296902649882473
xgboost,113,source_heldout,210190,89810,0.9244540653694276,0.5,72084,144,108,17474,0.8038303084289055,0.6167288237790035,0.9980063133410866,0.8048862189865785,0.8911030620696475,0.4516073794143236,0.031122439836864323,0.5714285714285714,0.19511378101342147,0.42857142857142855,0.8484954948057073,0.9995170882883387,0.0680131992014779,0.08567795157432556
xgboost,113,target,210190,39425,0.9244540653694276,0.5,837,29629,8957,2,0.24842105263157896,0.614873517212484,0.0274732488675901,0.9976162097735399,0.05347388596070915,0.21512688934695462,0.07912400968729967,0.767869175348572,0.0023837902264600714,0.23213082465142798,0.9794300019392312,0.5371619726848922,0.9994118116947954,0.3954472243785858
hgb,113,source_heldout,210190,89810,0.9244540653694276,0.5,71702,131,121,17856,0.7997216345618527,0.640389778442772,0.9981763256442026,0.8006208267268139,0.8885501669857675,0.4509128584668264,0.037119091350511786,0.5198412698412699,0.1993791732731861,0.4801587301587302,0.8079447804863178,0.999391831761953,0.02011703042701934,0.1623683351668326
hgb,113,target,210190,39425,0.9244540653694276,0.5,837,6236,32350,2,0.8417755231452124,0.918001594753561,0.11833733917715256,0.9976162097735399,0.211577350859454,0.5618207033978118,0.31444985496776506,0.16161302026641788,0.0023837902264600714,0.8383869797335821,0.9790072353278376,0.6305999196237262,0.9994323421550348,0.2547913887817755
mlp,113,source_heldout,210190,89810,0.9244540653694276,0.5,85782,2,250,3776,0.9579334149871952,0.9749504355960508,0.9999766856290218,0.9578373791286094,0.9784535365172063,0.54766529093275,0.24282350177115,0.007936507936507936,0.04216262087139061,0.9920634920634921,0.9894919342860901,0.9999700216288676,0.13944310042467994,0.03617016598582268
mlp,113,target,210190,39425,0.9244540653694276,0.5,672,1100,37486,167,0.9678630310716551,0.8862228835830519,0.3792325056433409,0.8009535160905841,0.514745308310992,0.7490632587017256,0.5380618582219434,0.02850774892448038,0.19904648390941598,0.9714922510755196,0.8128805911127608,0.3285480020651977,0.9912042827463998,0.14823348820209503
majority,114,source_heldout,198626,101374,0.9374150413339644,0.5,97371,4003,0,0,0.9605125574604928,0.5,0.9605125574604928,1.0,0.9798586127952904,0.4899293063976452,0.0,1.0,0.0,0.0,0.5,0.9605125574604928,0.03948744253950717,0.03948744253950717
majority,114,target,198626,39425,0.9374150413339644,0.5,839,38586,0,0,0.021280913126188968,0.5,0.021280913126188968,1.0,0.04167494536061991,0.020837472680309953,0.0,1.0,0.0,0.0,0.5,0.021280913126188968,0.978719086873811,0.978719086873811
stratified,114,source_heldout,198626,101374,0.9374150413339644,0.5,91248,3754,249,6123,0.9025687059798371,0.49966007408976343,0.9604850424201595,0.9371168006901439,0.9486570360705504,0.4983285180352752,-0.0005455287172826903,0.9377966525106171,0.06288319930985611,0.062203347489382964,0.49966007408976343,0.9604867726539248,0.03946192487684499,0.09743129402016296
stratified,114,target,198626,39425,0.9374150413339644,0.5,784,36175,2411,55,0.08103994927076728,0.498464785593866,0.021212695148678264,0.9344457687723481,0.041483676384993916,0.07947222891645682,-0.0018299459018849998,0.9375161975846161,0.06555423122765197,0.062483802415383816,0.498464785593866,0.021217167125749885,0.9786552026783648,0.9189600507292327
logreg,114,source_heldout,198626,101374,0.9374150413339644,0.5,91790,784,3219,5581,0.9372126975358573,0.8734150147882458,0.9915310994447685,0.9426831397438662,0.9664902998236331,0.7346705970726382,0.5165870699939984,0.19585311016737447,0.05731686025613376,0.8041468898326255,0.9428576412018355,0.9970174067962749,0.6754165082412424,0.07727442410967161
logreg,114,target,198626,39425,0.9374150413339644,0.5,580,6337,32249,259,0.8326949904882689,0.763534307866514,0.0838513806563539,0.6912991656734208,0.14956162970603404,0.528391527430731,0.19999033319924764,0.16423054994039288,0.30870083432657924,0.8357694500596071,0.7299193195800511,0.3896607970371911,0.9871368132405514,0.16232536804075073
tree,114,source_heldout,198626,101374,0.9374150413339644,0.5,91664,119,3884,5707,0.9425296427091759,0.955830707871008,0.9987034636043712,0.9413891199638496,0.9691996997155756,0.7703141355720735,0.6066359097967848,0.029727704221833625,0.05861088003615039,0.9702722957781664,0.9822065237743289,0.9986941609457927,0.88136870081054,0.03779998647755941
tree,114,target,198626,39425,0.9374150413339644,0.5,741,30944,7642,98,0.21263157894736842,0.5406226927612188,0.023386460470254063,0.8831942789034565,0.04556635100233673,0.18774453629208493,0.02951870005753797,0.801948893381019,0.11680572109654351,0.19805110661898098,0.7542761005600419,0.05726407421704402,0.9866451787418424,0.6858677218637727
rf,114,source_heldout,198626,101374,0.9374150413339644,0.5,95633,393,3610,1738,0.9789788308639296,0.9419871876550834,0.9959073584237602,0.9821507430343737,0.9889812148068481,0.8805455747865916,0.770117810544755,0.09817636772420685,0.017849256965626316,0.9018236322757932,0.9945393203200217,0.9997674105748109,0.9104901848147819,0.014416023486228946
rf,114,target,198626,39425,0.9374150413339644,0.5,839,32579,6007,0,0.1736461636017755,0.5778391126315244,0.0251062301753546,1.0,0.048982689669264674,0.1591985858814334,0.06251794427798155,0.8443217747369512,0.0,0.15567822526304878,0.8972950041413306,0.48444984363561705,0.9971445052492472,0.4097949994232805
xgboost,114,source_heldout,198626,101374,0.9374150413339644,0.5,92129,77,3926,5242,0.9475309250892734,0.9634645479159981,0.999164913346203,0.9461646691520063,0.9719427989682292,0.7840505126873643,0.629415206859605,0.019235573320009993,0.05383533084799376,0.98076442667999,0.9945644950284576,0.9997717410937037,0.914662150577089,0.033278580754995346
xgboost,114,target,198626,39425,0.9374150413339644,0.5,738,29862,8724,101,0.24,0.5528554793351408,0.02411764705882353,0.8796185935637664,0.04694805814434301,0.207481959721177,0.036601408770134715,0.7739076348934847,0.12038140643623362,0.22609236510651531,0.8949841590325267,0.4819972585385525,0.9967862802357021,0.470016747713089
hgb,114,source_heldout,198626,101374,0.9374150413339644,0.5,91873,79,3924,5498,0.944985893818928,0.9619001754989537,0.9991408560988342,0.9435355495989566,0.9705424063637276,0.7775617059751598,0.619631650539116,0.019735198601049213,0.056464450401043434,0.9802648013989508,0.9940571473655185,0.9997485767689026,0.9081837200779688,0.034407080127432245
hgb,114,target,198626,39425,0.9374150413339644,0.5,738,8316,30270,101,0.7865060240963856,0.8320500058473473,0.08151093439363817,0.8796185935637664,0.14919640149600727,0.5135674134457718,0.2278660149999284,0.2155185818690717,0.12038140643623362,0.7844814181309283,0.8964209755253455,0.5964018562652389,0.9966949255837725,0.2651306011165447
mlp,114,source_heldout,198626,101374,0.9374150413339644,0.5,91010,92,3911,6361,0.9363446248544992,0.955844889088932,0.9989901429167307,0.934672541105668,0.9657616740859434,0.7568563186541801,0.5883872248365357,0.022982762927804146,0.06532745889433199,0.9770172370721959,0.9923613546323194,0.9996803078785726,0.891094994896036,0.04234141856431961
mlp,114,target,198626,39425,0.9374150413339644,0.5,582,29582,9004,257,0.24314521242866202,0.4635159194572228,0.019294523272775494,0.6936829558998808,0.03754475373350966,0.20695554404547034,-0.024840243783389428,0.7666511169854351,0.3063170441001192,0.23334888301456486,0.728357772032777,0.39126825409497223,0.987710467838479,0.39956796169281006
majority,115,source_heldout,197936,102064,0.9388438687252445,0.5,98119,3945,0,0,0.9613477817839787,0.5,0.9613477817839787,1.0,0.9802930318758336,0.4901465159379168,0.0,1.0,0.0,0.0,0.5,0.9613477817839787,0.03865221821602132,0.03865221821602132
majority,115,target,197936,39425,0.9388438687252445,0.5,839,38586,0,0,0.021280913126188968,0.5,0.021280913126188968,1.0,0.04167494536061991,0.020837472680309953,0.0,1.0,0.0,0.0,0.5,0.021280913126188968,0.978719086873811,0.978719086873811
stratified,115,source_heldout,197936,102064,0.9388438687252445,0.5,92097,3695,250,6022,0.9047950305690547,0.5009984513386276,0.9614268414898948,0.9386255465302337,0.949889382242369,0.49941371333905665,0.0016028368350010113,0.9366286438529785,0.061374453469766305,0.06337135614702155,0.5009984513386276,0.9614219892436527,0.038728737586206985,0.0952049694309453
stratified,115,target,197936,39425,0.9388438687252445,0.5,786,36236,2350,53,0.07954343690551681,0.4988662385778263,0.021230619631570417,0.9368295589988082,0.041520297931908826,0.07809260401486998,-0.0013678570333145942,0.9390970818431555,0.0631704410011919,0.060902918156844454,0.4988662385778263,0.02123379669380496,0.9786718962170669,0.9204565630944832
logreg,115,source_heldout,197936,102064,0.9388438687252445,0.5,92462,742,3203,5657,0.9373040445210848,0.8771296670860509,0.992038968284623,0.9423455192164616,0.966553942808758,0.7334136367694708,0.5164004562505643,0.18808618504435995,0.05765448078353835,0.8119138149556401,0.9456236291331969,0.9972147397078767,0.6910490921463182,0.0779494711156607
logreg,115,target,197936,39425,0.9388438687252445,0.5,580,6337,32249,259,0.8326949904882689,0.763534307866514,0.0838513806563539,0.6912991656734208,0.14956162970603404,0.528391527430731,0.19999033319924764,0.16423054994039288,0.30870083432657924,0.8357694500596071,0.8460323168957079,0.4029287246389385,0.9909117589485147,0.15876405782971456
tree,115,source_heldout,197936,102064,0.9388438687252445,0.5,92558,135,3810,5561,0.9441918796049538,0.9545516953360389,0.9985435793425609,0.9433239229914695,0.9701486279688909,0.7711962725305554,0.6068717198895138,0.034220532319391636,0.05667607700853046,0.9657794676806084,0.9794706166980628,0.9984467275757019,0.8902350059077002,0.03604119290888518
tree,115,target,197936,39425,0.9388438687252445,0.5,838,31654,6932,1,0.1970830691185796,0.5892293776908841,0.025790963929582668,0.99880810488677,0.05028351984638925,0.1774298154604428,0.06765266322829865,0.8203493495050018,0.0011918951132300357,0.17965065049499818,0.8687699263110679,0.07683249138061617,0.9944253361514066,0.5649412091210336
rf,115,source_heldout,197936,102064,0.9388438687252445,0.5,96255,413,3532,1864,0.9776904687255056,0.9381565898401918,0.9957276451359292,0.9810026600352633,0.9883103081827843,0.8722731286123213,0.754887209183576,0.1046894803548796,0.0189973399647367,0.8953105196451204,0.9946034994288188,0.9997811835651031,0.9088631992586474,0.014786036171450918
rf,115,target,197936,39425,0.9388438687252445,0.5,839,36151,2435,0,0.0830437539632213,0.5315528948323226,0.022681805893484727,1.0,0.04435750350260382,0.08153859183321117,0.03783322973165994,0.9368942103353548,0.0,0.06310578966464521,0.8963948431647535,0.4764867277570834,0.9968732974676306,0.5459398921374076
xgboost,115,source_heldout,197936,102064,0.9388438687252445,0.5,92872,87,3858,5247,0.9477386737733187,0.9622354433665306,0.999064103529513,0.9465241186722245,0.9720846983954197,0.7816745331057557,0.625183637180705,0.022053231939163497,0.053475881327775455,0.9779467680608365,0.9949755005726149,0.999793441280065,0.9230456524792552,0.034947238862514496
xgboost,115,target,197936,39425,0.9388438687252445,0.5,739,29669,8917,100,0.24492073557387445,0.5559523339564943,0.024302815048671402,0.8808104886769964,0.047300540851921785,0.21097039730872036,0.03845201473153858,0.7689058207640077,0.11918951132300358,0.23109417923599232,0.788409813115319,0.31610218862364015,0.9940547176463679,0.6936520934104919
hgb,115,source_heldout,197936,102064,0.9388438687252445,0.5,92755,89,3856,5364,0.9465727386737733,0.9613857431415469,0.9990414027831631,0.9453316890714336,0.9714447301309678,0.7786202002344926,0.620514371941071,0.02256020278833967,0.05466831092856633,0.9774397972116603,0.994820608600888,0.9997849147938954,0.921305923224692,0.03497766806226769
hgb,115,target,197936,39425,0.9388438687252445,0.5,790,29800,8786,49,0.24289156626506025,0.5846481524760845,0.02582543314808761,0.9415971394517283,0.050272041744885296,0.21041258610725425,0.05859361920816506,0.7723008344995594,0.058402860548271755,0.2276991655004406,0.9009396498770266,0.4530806794633093,0.9971323825865201,0.6328831830349543
mlp,115,source_heldout,197936,102064,0.9388438687252445,0.5,92390,112,3833,5729,0.9427712023828186,0.9566106744156699,0.9987892153683163,0.9416117163852057,0.9693580455458738,0.7684578041455585,0.6041241332170475,0.028390367553865654,0.05838828361479428,0.9716096324461343,0.9930541779852408,0.9997154726119006,0.9015581421194667,0.037127260118722916
mlp,115,target,197936,39425,0.9388438687252445,0.5,582,6028,32558,257,0.840583386176284,0.7687302458968641,0.08804841149773071,0.6936829558998808,0.1562625855819573,0.5341193041633684,0.20763734715431498,0.15622246410615248,0.3063170441001192,0.8437775358938475,0.7505212571926543,0.38475365188915106,0.9914303823569977,0.24347135424613953
majority,116,source_heldout,211234,88766,0.9235776437505326,0.5,88743,23,0,0,0.9997408917828898,0.5,0.9997408917828898,1.0,0.9998704291050031,0.49993521455250156,0.0,1.0,0.0,0.0,0.5,0.9997408917828898,0.0002591082171101548,0.0002591082171101548
majority,116,target,211234,39425,0.9235776437505326,0.5,839,38586,0,0,0.021280913126188968,0.5,0.021280913126188968,1.0,0.04167494536061991,0.020837472680309953,0.0,1.0,0.0,0.0,0.5,0.021280913126188968,0.978719086873811,0.978719086873811
stratified,116,source_heldout,211234,88766,0.9235776437505326,0.5,81949,21,2,6794,0.9232251087127954,0.5051991853368472,0.9997438087105038,0.9234418489345638,0.9600791972491843,0.480332896762149,0.0006294222820819755,0.9130434782608695,0.07655815106543615,0.08695652173913043,0.5051991853368472,0.9997435853959189,0.00026216756860232907,0.07677489128720456
stratified,116,target,211234,39425,0.9235776437505326,0.5,775,35660,2926,64,0.09387444514901712,0.4997746624461977,0.021270756141073145,0.9237187127532777,0.04158394591404196,0.09116911361509294,-0.0002456769718133961,0.9241693878608822,0.07628128724672228,0.07583061213911782,0.4997746624461977,0.021271530928972326,0.9787097013835498,0.9061255548509829
logreg,116,source_heldout,211234,88766,0.9235776437505326,0.5,82656,10,13,6087,0.931313791316495,0.7483130328956749,0.9998790312825103,0.9314086744870018,0.9644301057704088,0.48433819513573517,0.03159599975707184,0.43478260869565216,0.06859132551299821,0.5652173913043478,0.687314467913942,0.9995870563872477,0.03500162395472281,0.05651410103412187
logreg,116,target,211234,39425,0.9235776437505326,0.5,736,6523,32063,103,0.8319340519974635,0.8540919261075688,0.10139137622262019,0.8772348033373063,0.1817732773524327,0.5440611072424759,0.2636968568831642,0.16905095112216867,0.12276519666269368,0.8309490488778314,0.8461611871183896,0.40296652263451943,0.9908821543357923,0.178169750948009
tree,116,source_heldout,211234,88766,0.9235776437505326,0.5,70455,5,18,18288,0.7939188428001712,0.7882652348819674,0.999929037751916,0.7939217741117609,0.8850963863746286,0.44353024349011316,0.022934284068041478,0.21739130434782608,0.20607822588823907,0.782608695652174,0.8153468565065022,0.999944308710955,0.0017164760439737727,0.19672871506576367
tree,116,target,211234,39425,0.9235776437505326,0.5,837,30232,8354,2,0.2331261889663919,0.6070598023936378,0.026940036692523095,0.9976162097735399,0.052463332079729225,0.2041959624055925,0.0756117762159039,0.7834966049862645,0.0023837902264600714,0.21650339501373556,0.60766849179274,0.026981154556220743,0.9832462810932825,0.7684739187351394
rf,116,source_heldout,211234,88766,0.9235776437505326,0.5,71443,17,6,17300,0.8049140436653673,0.5329623059063079,0.9997621046739434,0.8050550465952244,0.8919058943964845,0.44629918760449766,0.0026782350951235685,0.7391304347826086,0.19494495340477558,0.2608695652173913,0.792909079417899,0.9999384829106858,0.017653563505498966,0.08725614778613804
rf,116,target,211234,39425,0.9235776437505326,0.5,839,32439,6147,0,0.1771972098922004,0.5796532421085367,0.02521185167377847,1.0,0.04918369141483718,0.16200717667113665,0.06337516430552263,0.8406935157829265,0.0,0.15930648421707355,0.9783971559095553,0.49312717606937995,0.9994366577726773,0.30125330281429774
xgboost,116,source_heldout,211234,88766,0.9235776437505326,0.5,71429,11,12,17314,0.8048239190681117,0.6633182090540883,0.9998460246360582,0.804897287673394,0.8918424551918743,0.44661291011366155,0.013264036172917031,0.4782608695652174,0.19510271232660603,0.5217391304347826,0.8253312324940265,0.9999485564419479,0.0020595086127911605,0.12374322861433029
xgboost,116,target,211234,39425,0.9235776437505326,0.5,837,29538,9048,2,0.2507292327203551,0.616052701372542,0.027555555555555555,0.9976162097735399,0.05362978150829756,0.21675527197843295,0.07965236536619856,0.7655108070284559,0.0023837902264600714,0.23448919297154408,0.9868403640812371,0.6066480085070937,0.999598755969335,0.41366082429885864
hgb,116,source_heldout,211234,88766,0.9235776437505326,0.5,71656,10,13,17087,0.8073924700898993,0.6863363136051392,0.9998604638182681,0.8074552359059306,0.8934162048264125,0.44746731516798055,0.015209110957792468,0.43478260869565216,0.1925447640940694,0.5652173913043478,0.7943649199030518,0.9999289509522733,0.0032280347044658366,0.09788066309151404
hgb,116,target,211234,39425,0.9235776437505326,0.5,837,8788,29798,2,0.7770450221940394,0.8849326060011637,0.08696103896103896,0.9976162097735399,0.15997706422018348,0.5157209919702971,0.25864378958232936,0.22775099777121235,0.0023837902264600714,0.7722490022287877,0.973239211736803,0.5247472116462248,0.9992996717509587,0.18712912373436014
mlp,116,source_heldout,211234,88766,0.9235776437505326,0.5,72135,0,23,16608,0.8129013360971543,0.9064264223657077,1.0,0.8128528447314154,0.8967664938649162,0.4497642965301524,0.03352823572563614,0.0,0.18714715526858455,1.0,0.9870542146863757,0.9999966217842821,0.010162991190962624,0.09124982357025146
mlp,116,target,211234,39425,0.9235776437505326,0.5,836,25055,13531,3,0.3644134432466709,0.6735477712834023,0.03228921246765285,0.9964243146603099,0.06255144032921811,0.2908881530118846,0.10550119975118516,0.6493287720935054,0.003575685339690107,0.3506712279064946,0.984912500145952,0.49805424159777006,0.9995491008888228,0.20533283054828644
majority,117,source_heldout,197029,102971,0.9394454623431069,0.5,98764,4207,0,0,0.9591438366141923,0.5,0.9591438366141923,1.0,0.9791459092373659,0.48957295461868294,0.0,1.0,0.0,0.0,0.5,0.9591438366141923,0.04085616338580766,0.04085616338580766
majority,117,target,197029,39425,0.9394454623431069,0.5,839,38586,0,0,0.021280913126188968,0.5,0.021280913126188968,1.0,0.04167494536061991,0.020837472680309953,0.0,1.0,0.0,0.0,0.5,0.021280913126188968,0.978719086873811,0.978719086873811
stratified,117,source_heldout,197029,102971,0.9394454623431069,0.5,92776,3946,261,5988,0.9035262355420458,0.5007050394600582,0.9592026633030748,0.9393706208740027,0.9491830617026283,0.49955327530425986,0.0011691254517127306,0.9379605419538863,0.06062937912599733,0.06203945804611362,0.5007050394600582,0.9591990966774518,0.040912651508691535,0.09647376445795418
stratified,117,target,197029,39425,0.9394454623431069,0.5,786,36264,2322,53,0.07883322764743184,0.4985034126824238,0.021214574898785424,0.9368295589988082,0.04148961439995777,0.07743287633891592,-0.0018155240382454804,0.9398227336339605,0.0631704410011919,0.0601772663660395,0.4985034126824238,0.021218765513865742,0.978656810844192,0.9211667723525682
logreg,117,source_heldout,197029,102971,0.9394454623431069,0.5,93177,882,3325,5587,0.9371764865836012,0.86689011119197,0.9906229068988613,0.9434308047466688,0.9664510976387671,0.7366747446422359,0.5166112102129409,0.2096505823627288,0.05656919525333117,0.7903494176372712,0.947004388311313,0.9972521553007493,0.679464670604841,0.07433944925419764
logreg,117,target,197029,39425,0.9394454623431069,0.5,580,6364,32222,259,0.8320101458465441,0.7631844400388044,0.08352534562211981,0.6912991656734208,0.14904278555826803,0.5279245194061198,0.19941899058333723,0.16493028559581197,0.30870083432657924,0.8350697144041881,0.729890808742195,0.3896595186638162,0.9871560610321047,0.16488740067821622
tree,117,source_heldout,197029,102971,0.9394454623431069,0.5,92910,129,4078,5854,0.9418962620543648,0.9550321050667833,0.99861348466772,0.9407273905471629,0.9688065358727445,0.772825362851147,0.610248547432605,0.030663180413596388,0.05927260945283706,0.9693368195864036,0.9808853593958287,0.9985179018829443,0.8727647092848707,0.04169463856843119
tree,117,target,197029,39425,0.9394454623431069,0.5,836,5533,33053,3,0.8595814838300571,0.9265151687850868,0.13126079447322972,0.9964243146603099,0.23196448390677027,0.5773456879766676,0.33450265018494374,0.14339397709013632,0.003575685339690107,0.8566060229098637,0.9588451615625471,0.2126716888371544,0.9982572578684875,0.11981921622865774
rf,117,source_heldout,197029,102971,0.9394454623431069,0.5,96548,433,3774,2216,0.9742743102426897,0.9373194880306035,0.995535207927326,0.9775626746587825,0.9864670872819229,0.8633423991867102,0.7397035072979278,0.10292369859757547,0.022437325341217448,0.8970763014024246,0.9933857893595744,0.9997167957333675,0.883594337929055,0.01713284733094871
rf,117,target,197029,39425,0.9394454623431069,0.5,837,32306,6280,2,0.18051997463538363,0.5801847699984685,0.025254201490510816,0.9976162097735399,0.04926137366841269,0.16459680968345303,0.06323723455571108,0.8372466697766029,0.0023837902264600714,0.16275333022339708,0.8990778890760986,0.48454388741969034,0.9967822183467476,0.5084423125378357
xgboost,117,source_heldout,197029,102971,0.9394454623431069,0.5,93001,73,4134,5763,0.9433238484621884,0.9621483732901102,0.999215677847734,0.9416487789072941,0.9695784985247969,0.7778975873225232,0.6207704583653266,0.017352032327073923,0.058351221092705845,0.9826479676729261,0.9940877493983468,0.9997427279152971,0.9100349634865702,0.03797433525323868
xgboost,117,target,197029,39425,0.9394454623431069,0.5,836,29536,9050,3,0.2507545973367153,0.6154826699513128,0.027525352298169367,0.9964243146603099,0.05357085642882317,0.2167558306158054,0.0792519061285422,0.7654589747576841,0.003575685339690107,0.23454102524231588,0.9006904348826363,0.48520343502486085,0.9970189309475729,0.7115808129310608
hgb,117,source_heldout,197029,102971,0.9394454623431069,0.5,92892,95,4112,5872,0.9420516456089578,0.9589818629860031,0.998978351812619,0.9405451379044996,0.9688815182189402,0.7742018753098788,0.6141121743630005,0.022581411932493464,0.05945486209550038,0.9774185880675066,0.9935850143186952,0.9997206006206442,0.9041846687876719,0.038516505490791275
hgb,117,target,197029,39425,0.9394454623431069,0.5,836,30134,8452,3,0.2355865567533291,0.6077337454709314,0.026993865030674847,0.9964243146603099,0.05256373982206294,0.20595492107916138,0.07576178636256742,0.7809568237184471,0.003575685339690107,0.2190431762815529,0.946002527240206,0.5359027357853108,0.9985265443495764,0.6030655067864226
mlp,117,source_heldout,197029,102971,0.9394454623431069,0.5,91912,82,4125,6852,0.932660652028241,0.9555655850211635,0.9991086375198382,0.9306224940261634,0.9636502794116105,0.7534926844897885,0.584446701752479,0.01949132398383646,0.06937750597383661,0.9805086760161635,0.991831415665344,0.9996447996183212,0.8820356889086184,0.04266880825161934
mlp,117,target,197029,39425,0.9394454623431069,0.5,738,5946,32640,101,0.8466201648700064,0.8627606262796285,0.11041292639138241,0.8796185935637664,0.19619832513624882,0.5557098850154445,0.27904985972785246,0.15409734100450942,0.12038140643623362,0.8459026589954906,0.8530821235069728,0.3559927489633466,0.9931978150590479,0.2866632044315338
majority,118,source_heldout,211002,88998,0.9430811082359409,0.5,85063,3935,0,0,0.9557855232701858,0.5,0.9557855232701858,1.0,0.977392982919781,0.4886964914598905,0.0,1.0,0.0,0.0,0.5,0.9557855232701858,0.044214476729814156,0.044214476729814156
majority,118,target,211002,39425,0.9430811082359409,0.5,839,38586,0,0,0.021280913126188968,0.5,0.021280913126188968,1.0,0.04167494536061991,0.020837472680309953,0.0,1.0,0.0,0.0,0.5,0.021280913126188968,0.978719086873811,0.978719086873811
stratified,118,source_heldout,211002,88998,0.9430811082359409,0.5,80197,3712,223,4866,0.9036158115912717,0.4997331210423141,0.9557615988749717,0.9427953399245266,0.9492341926473025,0.49932897575627533,-0.0004725704334716693,0.9433290978398984,0.05720466007547347,0.05667090216010165,0.49973312104231415,0.9557629674618674,0.044192121600373634,0.09638418840872828
stratified,118,target,211002,39425,0.9430811082359409,0.5,789,36418,2168,50,0.07500317057704502,0.49829571292755526,0.02120568710188943,0.9404052443384983,0.04147610786942123,0.07387009981256573,-0.0021348900236461345,0.9438138184833877,0.05959475566150179,0.05618618151661224,0.49829571292755526,0.021210170178426947,0.9786481845057645,0.924996829422955
logreg,118,source_heldout,211002,88998,0.9430811082359409,0.5,78917,596,3339,6146,0.9242454886626665,0.8881432120696968,0.9925043703545332,0.9277476693744636,0.9590341240521096,0.7283248116534766,0.5171624328654554,0.15146124523506987,0.07225233062553636,0.8485387547649301,0.936853060593508,0.9963038300175148,0.6961601739463914,0.09144898384463071
logreg,118,target,211002,39425,0.9430811082359409,0.5,580,6242,32344,259,0.8351046290424857,0.7647653242973438,0.08501905599530929,0.6912991656734208,0.15141626419527476,0.5300479879742475,0.20202370077841517,0.16176851707873321,0.30870083432657924,0.8382314829212668,0.8462450207196259,0.40302436585444484,0.9909291523620647,0.14805039415884
tree,118,source_heldout,211002,88998,0.9430811082359409,0.5,79280,255,3680,5783,0.9321557787815457,0.9336060225696237,0.9967938643364557,0.9320150946945205,0.963316686715513,0.7563262042325138,0.578328313291819,0.06480304955527319,0.06798490530547947,0.9351969504447268,0.968978497303613,0.99755753211791,0.8088857644619977,0.053484645978141336
tree,118,target,211002,39425,0.9430811082359409,0.5,839,30037,8549,0,0.23812301838934685,0.6107785207069922,0.027173208964891827,1.0,0.05290871827211099,0.20782701215398272,0.0775913383309335,0.7784429585860156,0.0,0.22155704141398436,0.6123334888301457,0.02727923006892964,0.9835002053077232,0.7627046766177468
rf,118,source_heldout,211002,88998,0.9430811082359409,0.5,82607,420,3515,2456,0.9676846670711702,0.9321964237852202,0.9949414046033218,0.9711272821320668,0.9828901183889583,0.8462805124551294,0.710265421636513,0.10673443456162643,0.02887271786793318,0.8932655654383735,0.9763300826395492,0.9988352433771363,0.6591423060812047,0.028441716377491787
rf,118,target,211002,39425,0.9430811082359409,0.5,839,31364,7222,0,0.20446417247939125,0.5935831648784533,0.02605347327888706,1.0,0.050783850856485686,0.18304997642370216,0.06983074517022521,0.8128336702430934,0.0,0.18716632975690664,0.9024931662023693,0.4848259222523648,0.9974012177160807,0.5148435126439092
xgboost,118,source_heldout,211002,88998,0.9430811082359409,0.5,78475,203,3732,6588,0.9236949144924606,0.9354816052997628,0.9974198632400417,0.922551520637645,0.9585259647858508,0.7410658585767206,0.5592114078831122,0.05158831003811944,0.07744847936235497,0.9484116899618805,0.9861249187592944,0.9992432969677889,0.8878284977030262,0.04940307140350342
xgboost,118,target,211002,39425,0.9430811082359409,0.5,820,29477,9109,19,0.25184527584020294,0.6067120350393564,0.02706538601181635,0.9773539928486293,0.052672147995889006,0.21724440279033247,0.07302164781144915,0.7639299227699166,0.02264600715137068,0.23607007723008344,0.76352559707965,0.39247680462098516,0.9927531847975659,0.7280398011207581
hgb,118,source_heldout,211002,88998,0.9430811082359409,0.5,79495,213,3722,5568,0.9350434841232387,0.9402065135040579,0.9973277462738998,0.9345426331072264,0.9649149425566392,0.7638941442461835,0.5919300158253535,0.05412960609911054,0.0654573668927736,0.9458703939008895,0.9855003633527859,0.9991658078960974,0.901374974578768,0.044448304632761136
hgb,118,target,211002,39425,0.9430811082359409,0.5,835,29461,9125,4,0.25263157894736843,0.6158585774716688,0.027561394243464484,0.9952324195470799,0.05363738557893046,0.21805834489048168,0.07927747298864804,0.7635152646037423,0.004767580452920143,0.23648473539625772,0.7978756892873445,0.3932658493640671,0.9946513815431282,0.7244716705270351
mlp,118,source_heldout,211002,88998,0.9430811082359409,0.5,79222,244,3691,5841,0.93162767702645,0.9346628116172689,0.9969295044421513,0.9313332471227208,0.9630156385804326,0.7555851936126341,0.5778864391303707,0.062007623888182976,0.06866675287727919,0.9379923761118171,0.9778413446190662,0.9969424401322873,0.8652119542750631,0.04586075618863106
mlp,118,target,211002,39425,0.9430811082359409,0.5,681,29858,8728,158,0.2386556753329106,0.5189383008788566,0.02229935492321294,0.8116805721096544,0.04340620817133023,0.2055588506309971,0.013082366380263916,0.7738039703519412,0.18831942789034564,0.22619602964805888,0.7683885946269766,0.3172085926347723,0.9929979517604101,0.7062706351280212
majority,119,source_heldout,147372,152628,0.9267364221154629,0.5,147278,5350,0,0,0.9649474539402992,0.5,0.9649474539402992,1.0,0.9821610771375031,0.49108053856875156,0.0,1.0,0.0,0.0,0.5,0.9649474539402992,0.035052546059700714,0.035052546059700714
majority,119,target,147372,39425,0.9267364221154629,0.5,839,38586,0,0,0.021280913126188968,0.5,0.021280913126188968,1.0,0.04167494536061991,0.020837472680309953,0.0,1.0,0.0,0.0,0.5,0.021280913126188968,0.978719086873811,0.978719086873811
stratified,119,source_heldout,147372,152628,0.9267364221154629,0.5,136552,4939,411,10726,0.8973648347616426,0.5019970865702131,0.9650931861390477,0.9271717432338842,0.9457524872822222,0.4978049753691392,0.002824386968226675,0.9231775700934579,0.07282825676611578,0.07682242990654206,0.5019970865702131,0.9650825727170582,0.035194780298742415,0.1026351652383573
stratified,119,target,147372,39425,0.9267364221154629,0.5,777,35770,2816,62,0.09113506658211795,0.49954117011320376,0.021260294962650833,0.9261025029797377,0.041566361739688654,0.08869751619687499,-0.0005091037469763075,0.9270201627533302,0.07389749702026222,0.07297983724666977,0.49954117011320376,0.021261818593329453,0.9786999789362203,0.9088649334178821
logreg,119,source_heldout,147372,152628,0.9267364221154629,0.5,105879,1291,4059,41399,0.7203003380768929,0.7387986658329286,0.9879537183913408,0.7189057428808104,0.8322250518770044,0.49600151979773693,0.1920728339241388,0.24130841121495328,0.28109425711918956,0.7586915887850467,0.9067470451011777,0.9959538067517395,0.549326787723053,0.12354789337968658
logreg,119,target,147372,39425,0.9267364221154629,0.5,580,6235,32351,259,0.8352821813570069,0.7648560307711945,0.0851063829787234,0.6912991656734208,0.15155474261823884,0.5301708765622235,0.2021749725615254,0.16158710413103197,0.30870083432657924,0.8384128958689681,0.8457829783440574,0.3910354340445236,0.990182391815993,0.1830556845300965
tree,119,source_heldout,147372,152628,0.9267364221154629,0.5,112550,625,4725,34728,0.7683714652619441,0.8236893024356127,0.9944775789706207,0.7642010347777672,0.8642634179679252,0.5375933968173666,0.27194990065950797,0.11682242990654206,0.2357989652222328,0.883177570093458,0.8673258354440131,0.992658754021952,0.5208067748378138,0.20796489006112232
tree,119,target,147372,39425,0.9267364221154629,0.5,752,32206,6380,87,0.1809004438807863,0.5308250344554866,0.022816918502336307,0.8963051251489869,0.04450099121223777,0.1638614871050202,0.024026890636164797,0.8346550562380138,0.10369487485101311,0.16534494376198622,0.5527501622152383,0.02440942070006055,0.9758220194855597,0.7749387923352179
rf,119,source_heldout,147372,152628,0.9267364221154629,0.5,141814,1128,4222,5464,0.9568100217522342,0.876029486102511,0.9921086874396609,0.962900093700349,0.9772861966783819,0.7694358623721784,0.5673428255788288,0.2108411214953271,0.037099906299651,0.7891588785046729,0.9333670642321412,0.9969619077164165,0.7359411268727666,0.06348910777154196
rf,119,target,147372,39425,0.9267364221154629,0.5,839,32850,5736,0,0.16677235256816741,0.5743274762867361,0.02490427142390691,1.0,0.0485982391102873,0.15371566212993723,0.060845240466266236,0.8513450474265277,0.0,0.14865495257347225,0.9048317035821782,0.4855091189724921,0.9970903383991352,0.5300927198976546
xgboost,119,source_heldout,147372,152628,0.9267364221154629,0.5,132011,520,4830,15267,0.8965655056739261,0.8995713174132003,0.9960763896748686,0.8963388965086435,0.9435793702132527,0.6615959491063119,0.43465609853438053,0.09719626168224299,0.10366110349135649,0.902803738317757,0.9756571519078991,0.9990449349841313,0.804441911755455,0.071210578083992
xgboost,119,target,147372,39425,0.9267364221154629,0.5,837,25609,12977,2,0.3503868103994927,0.6669649493381253,0.03164939877486198,0.9976162097735399,0.061352391423859266,0.2823391453870969,0.10255351565264627,0.6636863110972891,0.0023837902264600714,0.33631368890271085,0.913885330954609,0.4856463317752148,0.9977222444436082,0.6245641708374023
hgb,119,source_heldout,147372,152628,0.9267364221154629,0.5,133527,541,4809,13751,0.9063605629373378,0.9027554299053999,0.9959647343139303,0.9066323551379025,0.9492013392761938,0.6757299042679589,0.4532790829975124,0.10112149532710281,0.09336764486209753,0.8988785046728972,0.9794451201891317,0.9992074692664582,0.8083204965474544,0.058538548332182784
hgb,119,target,147372,39425,0.9267364221154629,0.5,836,30071,8515,3,0.23718452758402028,0.6085501037355869,0.027048888601287735,0.9964243146603099,0.05266805266805267,0.20710423693185243,0.07613053029781887,0.7793241071891359,0.003575685339690107,0.22067589281086405,0.9061868178365036,0.5734679252068203,0.9971763995985595,0.6852514630091887
mlp,119,source_heldout,147372,152628,0.9267364221154629,0.5,111492,376,4974,35786,0.7630709961474959,0.8433684837613349,0.9966388958415275,0.7570173413544453,0.8604570396610405,0.5381009986854324,0.28547378407237034,0.0702803738317757,0.24298265864555466,0.9297196261682243,0.9591013422007056,0.9982980276083177,0.7290787454092065,0.13545729219913483
mlp,119,target,147372,39425,0.9267364221154629,0.5,837,29695,8891,2,0.24674698795180722,0.6140182847447495,0.027413860867286782,0.9976162097735399,0.05336138471837047,0.21394242912701944,0.07874057581443508,0.7695796402840408,0.0023837902264600714,0.23042035971595914,0.8494579110532287,0.44883909225759977,0.9959782102756205,0.40974313020706177
majority,120,source_heldout,210700,89300,0.9442097769340294,0.5,85030,4270,0,0,0.9521836506159015,0.5,0.9521836506159015,1.0,0.9755062238283715,0.48775311191418574,0.0,1.0,0.0,0.0,0.5,0.9521836506159015,0.047816349384098546,0.047816349384098546
majority,120,target,210700,39425,0.9442097769340294,0.5,839,38586,0,0,0.021280913126188968,0.5,0.021280913126188968,1.0,0.04167494536061991,0.020837472680309953,0.0,1.0,0.0,0.0,0.5,0.021280913126188968,0.978719086873811,0.978719086873811
stratified,120,source_heldout,210700,89300,0.9442097769340294,0.5,80266,4032,238,4764,0.9015005599104143,0.4998552102151025,0.9521696837410141,0.9439727155121722,0.9480534819994331,0.499695420896179,-0.000268712250644958,0.9442622950819672,0.05602728448782782,0.05573770491803279,0.4998552102151025,0.9521704662670868,0.04780322974439545,0.09849944008958567
stratified,120,target,210700,39425,0.9442097769340294,0.5,789,36461,2125,50,0.07391249207355739,0.4977385160167586,0.021181208053691274,0.9404052443384983,0.04142928404526241,0.07284780852983172,-0.002859081945888507,0.944928212304981,0.05959475566150179,0.05507178769501892,0.4977385160167586,0.021187149953124988,0.9786250466955212,0.9260875079264426
logreg,120,source_heldout,210700,89300,0.9442097769340294,0.5,78477,616,3654,6553,0.9197200447928331,0.889335393679762,0.9922117001504558,0.9229330824414912,0.9563193458564613,0.7305600321186707,0.5221987493084204,0.14426229508196722,0.07706691755850877,0.8557377049180328,0.9359867697886487,0.9958321422316829,0.6707091480208621,0.09788877421822358
logreg,120,target,210700,39425,0.9442097769340294,0.5,580,6213,32373,259,0.8358402029169308,0.7651411082604391,0.08538201089356691,0.6912991656734208,0.1519916142557652,0.5305578560480994,0.2026517086658613,0.16101694915254236,0.30870083432657924,0.8389830508474576,0.8455415474570772,0.40297139304290885,0.990281991766375,0.14145258865550167
tree,120,source_heldout,210700,89300,0.9442097769340294,0.5,78557,2201,2069,6473,0.9028667413213886,0.7042086261881397,0.9727457341687511,0.9238739268493473,0.9476801698554781,0.6353293137756941,0.2962999275686472,0.5154566744730679,0.07612607315065271,0.4845433255269321,0.6620566415324968,0.966749342034827,0.32840735933784665,0.08162882136020706
tree,120,target,210700,39425,0.9442097769340294,0.5,838,25941,12645,1,0.3419911223842739,0.6632588184206825,0.03129317748982412,0.99880810488677,0.060685060467810845,0.27716092498718464,0.1009552105042797,0.672290468045405,0.0011918951132300357,0.32770953195459496,0.6654537050405246,0.03149763493739224,0.9857393215907935,0.6593915414759707
rf,120,source_heldout,210700,89300,0.9442097769340294,0.5,82170,718,3552,2860,0.9599328107502799,0.8991074647575825,0.991337708715375,0.9663648124191462,0.9786919806095833,0.82186798993033,0.659746790657182,0.16814988290398125,0.03363518758085381,0.8318501170960187,0.9719873713121226,0.9984763728719336,0.6048646706501631,0.031779970316116714
rf,120,target,210700,39425,0.9442097769340294,0.5,837,33780,4806,2,0.14313253012048194,0.5610845782190667,0.024178871652656208,0.9976162097735399,0.0472134476534296,0.13435936244034802,0.053880360399463784,0.8754470533354066,0.0023837902264600714,0.12455294666459338,0.8945886831310422,0.4808210587454402,0.9964656767186787,0.5958639306484116
xgboost,120,source_heldout,210700,89300,0.9442097769340294,0.5,78515,276,3994,6515,0.923952967525196,0.9293714905966513,0.9964970618471652,0.9233799835352229,0.958546218128323,0.7495214343906382,0.5686489286050782,0.06463700234192038,0.07662001646477713,0.9353629976580796,0.9754974342985709,0.9984062109689517,0.7654293291575132,0.050786323845386505
xgboost,120,target,210700,39425,0.9442097769340294,0.5,826,29611,8975,13,0.2485986049461002,0.6085513393081918,0.027138022801195913,0.9845053635280095,0.052820053715308866,0.21506349303665975,0.07468417504780238,0.767402684911626,0.015494636471990465,0.23259731508837403,0.7826834746550391,0.3158503268915172,0.9939647503754097,0.6745033264160156
hgb,120,source_heldout,210700,89300,0.9442097769340294,0.5,78644,323,3947,6386,0.9248712206047033,0.9246265335199231,0.9959096837919638,0.9248970951428908,0.9590907150740562,0.7498322848807246,0.5665015685833605,0.07564402810304449,0.07510290485710926,0.9243559718969555,0.9819665341974634,0.9989313971185471,0.8650386602756405,0.04888283214585692
hgb,120,target,210700,39425,0.9442097769340294,0.5,836,30468,8118,3,0.2271147748890298,0.6034057508614875,0.026705852287247638,0.9964243146603099,0.05201754658868183,0.19981569731001309,0.0738016167488412,0.7896128129373348,0.003575685339690107,0.2103871870626652,0.9046812417282275,0.47983918809769527,0.9971204196313566,0.7355004132946008
mlp,120,source_heldout,210700,89300,0.9442097769340294,0.5,78550,365,3905,6480,0.9233482642777155,0.9191557546434225,0.9953747703224989,0.9237916029636599,0.9582481929915521,0.745586054871757,0.5579848723872411,0.08548009367681499,0.07620839703634011,0.914519906323185,0.9711378433455502,0.9974010627639314,0.8037825911153748,0.054516732692718506
mlp,120,target,210700,39425,0.9442097769340294,0.5,681,29523,9063,158,0.24715282181357007,0.5232792535559934,0.02254668255860151,0.8116805721096544,0.043874625519440776,0.21151206122751798,0.015873535401460238,0.7651220649976676,0.18831942789034564,0.23487793500233245,0.8476347773408588,0.4452257171015753,0.9953711657515382,0.6420278549194336
