model,split_seed,domain,tau,tp,fp,fn,tn
majority,101,source_heldout,0.05,142326,6754,0,0
majority,101,source_heldout,0.1,142326,6754,0,0
majority,101,source_heldout,0.15,142326,6754,0,0
majority,101,source_heldout,0.2,142326,6754,0,0
majority,101,source_heldout,0.25,142326,6754,0,0
majority,101,source_heldout,0.3,142326,6754,0,0
majority,101,source_heldout,0.35,142326,6754,0,0
majority,101,source_heldout,0.4,142326,6754,0,0
majority,101,source_heldout,0.45,142326,6754,0,0
majority,101,source_heldout,0.5,142326,6754,0,0
majority,101,source_heldout,0.55,142326,6754,0,0
majority,101,source_heldout,0.6,142326,6754,0,0
majority,101,source_heldout,0.65,142326,6754,0,0
majority,101,source_heldout,0.7,142326,6754,0,0
majority,101,source_heldout,0.75,142326,6754,0,0
majority,101,source_heldout,0.8,142326,6754,0,0
majority,101,source_heldout,0.85,142326,6754,0,0
majority,101,source_heldout,0.9,142326,6754,0,0
majority,101,source_heldout,0.95,142326,6754,0,0
majority,101,source_heldout,0.975,142326,6754,0,0
majority,101,source_heldout,0.99,142326,6754,0,0
majority,101,source_heldout,0.995,142326,6754,0,0
majority,101,source_heldout,0.999,142326,6754,0,0
majority,101,target,0.05,839,38586,0,0
majority,101,target,0.1,839,38586,0,0
majority,101,target,0.15,839,38586,0,0
majority,101,target,0.2,839,38586,0,0
majority,101,target,0.25,839,38586,0,0
majority,101,target,0.3,839,38586,0,0
majority,101,target,0.35,839,38586,0,0
majority,101,target,0.4,839,38586,0,0
majority,101,target,0.45,839,38586,0,0
majority,101,target,0.5,839,38586,0,0
majority,101,target,0.55,839,38586,0,0
majority,101,target,0.6,839,38586,0,0
majority,101,target,0.65,839,38586,0,0
majority,101,target,0.7,839,38586,0,0
majority,101,target,0.75,839,38586,0,0
majority,101,target,0.8,839,38586,0,0
majority,101,target,0.85,839,38586,0,0
majority,101,target,0.9,839,38586,0,0
majority,101,target,0.95,839,38586,0,0
majority,101,target,0.975,839,38586,0,0
majority,101,target,0.99,839,38586,0,0
majority,101,target,0.995,839,38586,0,0
majority,101,target,0.999,839,38586,0,0
stratified,101,source_heldout,0.05,133581,6350,8745,404
stratified,101,source_heldout,0.1,133581,6350,8745,404
stratified,101,source_heldout,0.15,133581,6350,8745,404
stratified,101,source_heldout,0.2,133581,6350,8745,404
stratified,101,source_heldout,0.25,133581,6350,8745,404
stratified,101,source_heldout,0.3,133581,6350,8745,404
stratified,101,source_heldout,0.35,133581,6350,8745,404
stratified,101,source_heldout,0.4,133581,6350,8745,404
stratified,101,source_heldout,0.45,133581,6350,8745,404
stratified,101,source_heldout,0.5,133581,6350,8745,404
stratified,101,source_heldout,0.55,133581,6350,8745,404
stratified,101,source_heldout,0.6,133581,6350,8745,404
stratified,101,source_heldout,0.65,133581,6350,8745,404
stratified,101,source_heldout,0.7,133581,6350,8745,404
stratified,101,source_heldout,0.75,133581,6350,8745,404
stratified,101,source_heldout,0.8,133581,6350,8745,404
stratified,101,source_heldout,0.85,133581,6350,8745,404
stratified,101,source_heldout,0.9,133581,6350,8745,404
stratified,101,source_heldout,0.95,133581,6350,8745,404
stratified,101,source_heldout,0.975,133581,6350,8745,404
stratified,101,source_heldout,0.99,133581,6350,8745,404
stratified,101,source_heldout,0.995,133581,6350,8745,404
stratified,101,source_heldout,0.999,133581,6350,8745,404
stratified,101,target,0.05,786,36226,53,2360
stratified,101,target,0.1,786,36226,53,2360
stratified,101,target,0.15,786,36226,53,2360
stratified,101,target,0.2,786,36226,53,2360
stratified,101,target,0.25,786,36226,53,2360
stratified,101,target,0.3,786,36226,53,2360
stratified,101,target,0.35,786,36226,53,2360
stratified,101,target,0.4,786,36226,53,2360
stratified,101,target,0.45,786,36226,53,2360
stratified,101,target,0.5,786,36226,53,2360
stratified,101,target,0.55,786,36226,53,2360
stratified,101,target,0.6,786,36226,53,2360
stratified,101,target,0.65,786,36226,53,2360
stratified,101,target,0.7,786,36226,53,2360
stratified,101,target,0.75,786,36226,53,2360
stratified,101,target,0.8,786,36226,53,2360
stratified,101,target,0.85,786,36226,53,2360
stratified,101,target,0.9,786,36226,53,2360
stratified,101,target,0.95,786,36226,53,2360
stratified,101,target,0.975,786,36226,53,2360
stratified,101,target,0.99,786,36226,53,2360
stratified,101,target,0.995,786,36226,53,2360
stratified,101,target,0.999,786,36226,53,2360
logreg,101,source_heldout,0.05,138824,3533,3502,3221
logreg,101,source_heldout,0.1,136671,2920,5655,3834
logreg,101,source_heldout,0.15,135151,2610,7175,4144
logreg,101,source_heldout,0.2,134016,2363,8310,4391
logreg,101,source_heldout,0.25,132504,2250,9822,4504
logreg,101,source_heldout,0.3,129373,2120,12953,4634
logreg,101,source_heldout,0.35,128731,2015,13595,4739
logreg,101,source_heldout,0.4,128128,1937,14198,4817
logreg,101,source_heldout,0.45,126794,1883,15532,4871
logreg,101,source_heldout,0.5,125952,1814,16374,4940
logreg,101,source_heldout,0.55,125302,1766,17024,4988
logreg,101,source_heldout,0.6,124021,1729,18305,5025
logreg,101,source_heldout,0.65,123081,1689,19245,5065
logreg,101,source_heldout,0.7,120998,1664,21328,5090
logreg,101,source_heldout,0.75,120026,1629,22300,5125
logreg,101,source_heldout,0.8,118316,1558,24010,5196
logreg,101,source_heldout,0.85,115062,1465,27264,5289
logreg,101,source_heldout,0.9,99623,1400,42703,5354
logreg,101,source_heldout,0.95,96136,1084,46190,5670
logreg,101,source_heldout,0.975,91544,782,50782,5972
logreg,101,source_heldout,0.99,34419,765,107907,5989
logreg,101,source_heldout,0.995,20213,752,122113,6002
logreg,101,source_heldout,0.999,7098,12,135228,6742
logreg,101,target,0.05,767,31889,72,6697
logreg,101,target,0.1,681,31205,158,7381
logreg,101,target,0.15,681,31018,158,7568
logreg,101,target,0.2,681,30941,158,7645
logreg,101,target,0.25,681,30931,158,7655
logreg,101,target,0.3,681,30762,158,7824
logreg,101,target,0.35,585,30621,254,7965
logreg,101,target,0.4,582,6624,257,31962
logreg,101,target,0.45,580,6600,259,31986
logreg,101,target,0.5,580,6576,259,32010
logreg,101,target,0.55,580,6477,259,32109
logreg,101,target,0.6,580,6443,259,32143
logreg,101,target,0.65,580,6426,259,32160
logreg,101,target,0.7,580,5963,259,32623
logreg,101,target,0.75,580,5939,259,32647
logreg,101,target,0.8,580,5894,259,32692
logreg,101,target,0.85,580,1445,259,37141
logreg,101,target,0.9,580,1309,259,37277
logreg,101,target,0.95,580,877,259,37709
logreg,101,target,0.975,0,180,839,38406
logreg,101,target,0.99,0,15,839,38571
logreg,101,target,0.995,0,15,839,38571
logreg,101,target,0.999,0,15,839,38571
tree,101,source_heldout,0.05,124650,1703,17676,5051
tree,101,source_heldout,0.1,121692,1235,20634,5519
tree,101,source_heldout,0.15,121684,1234,20642,5520
tree,101,source_heldout,0.2,121599,1210,20727,5544
tree,101,source_heldout,0.25,121455,1209,20871,5545
tree,101,source_heldout,0.3,121455,1209,20871,5545
tree,101,source_heldout,0.35,121408,1209,20918,5545
tree,101,source_heldout,0.4,121401,1209,20925,5545
tree,101,source_heldout,0.45,121401,1209,20925,5545
tree,101,source_heldout,0.5,121374,1201,20952,5553
tree,101,source_heldout,0.55,121340,1201,20986,5553
tree,101,source_heldout,0.6,121340,1201,20986,5553
tree,101,source_heldout,0.65,121340,1201,20986,5553
tree,101,source_heldout,0.7,121340,1201,20986,5553
tree,101,source_heldout,0.75,121227,1198,21099,5556
tree,101,source_heldout,0.8,121227,1198,21099,5556
tree,101,source_heldout,0.85,121227,1198,21099,5556
tree,101,source_heldout,0.9,121169,1149,21157,5605
tree,101,source_heldout,0.95,119457,1127,22869,5627
tree,101,source_heldout,0.975,119457,1127,22869,5627
tree,101,source_heldout,0.99,119457,1127,22869,5627
tree,101,source_heldout,0.995,119457,1127,22869,5627
tree,101,source_heldout,0.999,100591,1116,41735,5638
tree,101,target,0.05,838,31278,1,7308
tree,101,target,0.1,838,26945,1,11641
tree,101,target,0.15,838,26942,1,11644
tree,101,target,0.2,838,26942,1,11644
tree,101,target,0.25,838,26942,1,11644
tree,101,target,0.3,838,26942,1,11644
tree,101,target,0.35,838,26942,1,11644
tree,101,target,0.4,838,26942,1,11644
tree,101,target,0.45,838,26942,1,11644
tree,101,target,0.5,838,26942,1,11644
tree,101,target,0.55,838,26941,1,11645
tree,101,target,0.6,838,26941,1,11645
tree,101,target,0.65,838,26941,1,11645
tree,101,target,0.7,838,26941,1,11645
tree,101,target,0.75,838,26941,1,11645
tree,101,target,0.8,838,26941,1,11645
tree,101,target,0.85,838,26941,1,11645
tree,101,target,0.9,838,26857,1,11729
tree,101,target,0.95,838,26846,1,11740
tree,101,target,0.975,838,26846,1,11740
tree,101,target,0.99,838,26846,1,11740
tree,101,target,0.995,838,26846,1,11740
tree,101,target,0.999,838,26845,1,11741
rf,101,source_heldout,0.05,137814,3368,4512,3386
rf,101,source_heldout,0.1,136538,2802,5788,3952
rf,101,source_heldout,0.15,134096,2394,8230,4360
rf,101,source_heldout,0.2,133438,2180,8888,4574
rf,101,source_heldout,0.25,132927,1961,9399,4793
rf,101,source_heldout,0.3,132148,1821,10178,4933
rf,101,source_heldout,0.35,131265,1610,11061,5144
rf,101,source_heldout,0.4,130518,1469,11808,5285
rf,101,source_heldout,0.45,129926,1372,12400,5382
rf,101,source_heldout,0.5,129185,1247,13141,5507
rf,101,source_heldout,0.55,128544,1142,13782,5612
rf,101,source_heldout,0.6,126273,361,16053,6393
rf,101,source_heldout,0.65,125723,286,16603,6468
rf,101,source_heldout,0.7,124962,231,17364,6523
rf,101,source_heldout,0.75,124337,175,17989,6579
rf,101,source_heldout,0.8,118287,144,24039,6610
rf,101,source_heldout,0.85,117433,92,24893,6662
rf,101,source_heldout,0.9,116519,45,25807,6709
rf,101,source_heldout,0.95,114433,35,27893,6719
rf,101,source_heldout,0.975,107752,27,34574,6727
rf,101,source_heldout,0.99,99884,21,42442,6733
rf,101,source_heldout,0.995,96986,19,45340,6735
rf,101,source_heldout,0.999,88791,17,53535,6737
rf,101,target,0.05,839,38546,0,40
rf,101,target,0.1,839,38067,0,519
rf,101,target,0.15,839,35041,0,3545
rf,101,target,0.2,839,33815,0,4771
rf,101,target,0.25,839,33632,0,4954
rf,101,target,0.3,839,29158,0,9428
rf,101,target,0.35,839,28836,0,9750
rf,101,target,0.4,839,28457,0,10129
rf,101,target,0.45,838,28337,1,10249
rf,101,target,0.5,836,27254,3,11332
rf,101,target,0.55,836,26661,3,11925
rf,101,target,0.6,801,1858,38,36728
rf,101,target,0.65,751,1397,88,37189
rf,101,target,0.7,738,1069,101,37517
rf,101,target,0.75,736,902,103,37684
rf,101,target,0.8,736,873,103,37713
rf,101,target,0.85,580,816,259,37770
rf,101,target,0.9,580,786,259,37800
rf,101,target,0.95,580,775,259,37811
rf,101,target,0.975,580,760,259,37826
rf,101,target,0.99,580,693,259,37893
rf,101,target,0.995,580,636,259,37950
rf,101,target,0.999,140,55,699,38531
xgboost,101,source_heldout,0.05,132754,2047,9572,4707
xgboost,101,source_heldout,0.1,129721,1423,12605,5331
xgboost,101,source_heldout,0.15,127373,980,14953,5774
xgboost,101,source_heldout,0.2,126177,447,16149,6307
xgboost,101,source_heldout,0.25,125823,386,16503,6368
xgboost,101,source_heldout,0.3,125480,312,16846,6442
xgboost,101,source_heldout,0.35,125251,281,17075,6473
xgboost,101,source_heldout,0.4,124983,239,17343,6515
xgboost,101,source_heldout,0.45,124752,223,17574,6531
xgboost,101,source_heldout,0.5,124417,194,17909,6560
xgboost,101,source_heldout,0.55,124218,177,18108,6577
xgboost,101,source_heldout,0.6,123928,155,18398,6599
xgboost,101,source_heldout,0.65,123537,135,18789,6619
xgboost,101,source_heldout,0.7,123228,119,19098,6635
xgboost,101,source_heldout,0.75,122867,106,19459,6648
xgboost,101,source_heldout,0.8,122587,91,19739,6663
xgboost,101,source_heldout,0.85,122350,84,19976,6670
xgboost,101,source_heldout,0.9,121742,65,20584,6689
xgboost,101,source_heldout,0.95,115145,35,27181,6719
xgboost,101,source_heldout,0.975,114635,32,27691,6722
xgboost,101,source_heldout,0.99,113198,22,29128,6732
xgboost,101,source_heldout,0.995,111336,19,30990,6735
xgboost,101,source_heldout,0.999,100484,17,41842,6737
xgboost,101,target,0.05,839,33183,0,5403
xgboost,101,target,0.1,837,32677,2,5909
xgboost,101,target,0.15,837,32559,2,6027
xgboost,101,target,0.2,836,32419,3,6167
xgboost,101,target,0.25,836,32260,3,6326
xgboost,101,target,0.3,836,31855,3,6731
xgboost,101,target,0.35,836,27075,3,11511
xgboost,101,target,0.4,831,26891,8,11695
xgboost,101,target,0.45,814,26798,25,11788
xgboost,101,target,0.5,788,26621,51,11965
xgboost,101,target,0.55,778,26351,61,12235
xgboost,101,target,0.6,766,26169,73,12417
xgboost,101,target,0.65,748,25936,91,12650
xgboost,101,target,0.7,738,25606,101,12980
xgboost,101,target,0.75,737,25450,102,13136
xgboost,101,target,0.8,586,25109,253,13477
xgboost,101,target,0.85,586,25015,253,13571
xgboost,101,target,0.9,582,22454,257,16132
xgboost,101,target,0.95,582,22375,257,16211
xgboost,101,target,0.975,582,896,257,37690
xgboost,101,target,0.99,582,835,257,37751
xgboost,101,target,0.995,582,822,257,37764
xgboost,101,target,0.999,582,641,257,37945
hgb,101,source_heldout,0.05,132632,1776,9694,4978
hgb,101,source_heldout,0.1,128537,739,13789,6015
hgb,101,source_heldout,0.15,126827,577,15499,6177
hgb,101,source_heldout,0.2,126370,526,15956,6228
hgb,101,source_heldout,0.25,126021,487,16305,6267
hgb,101,source_heldout,0.3,125755,444,16571,6310
hgb,101,source_heldout,0.35,125522,397,16804,6357
hgb,101,source_heldout,0.4,125295,362,17031,6392
hgb,101,source_heldout,0.45,125023,332,17303,6422
hgb,101,source_heldout,0.5,124430,302,17896,6452
hgb,101,source_heldout,0.55,124277,270,18049,6484
hgb,101,source_heldout,0.6,123969,237,18357,6517
hgb,101,source_heldout,0.65,123815,212,18511,6542
hgb,101,source_heldout,0.7,123604,196,18722,6558
hgb,101,source_heldout,0.75,123359,180,18967,6574
hgb,101,source_heldout,0.8,122571,157,19755,6597
hgb,101,source_heldout,0.85,122136,142,20190,6612
hgb,101,source_heldout,0.9,121097,104,21229,6650
hgb,101,source_heldout,0.95,119384,56,22942,6698
hgb,101,source_heldout,0.975,113879,38,28447,6716
hgb,101,source_heldout,0.99,112823,25,29503,6729
hgb,101,source_heldout,0.995,111633,21,30693,6733
hgb,101,source_heldout,0.999,101847,12,40479,6742
hgb,101,target,0.05,839,32906,0,5680
hgb,101,target,0.1,839,32452,0,6134
hgb,101,target,0.15,838,32264,1,6322
hgb,101,target,0.2,838,31682,1,6904
hgb,101,target,0.25,837,31303,2,7283
hgb,101,target,0.3,837,24356,2,14230
hgb,101,target,0.35,836,24219,3,14367
hgb,101,target,0.4,836,24145,3,14441
hgb,101,target,0.45,836,24076,3,14510
hgb,101,target,0.5,836,23939,3,14647
hgb,101,target,0.55,836,23877,3,14709
hgb,101,target,0.6,836,2371,3,36215
hgb,101,target,0.65,836,2306,3,36280
hgb,101,target,0.7,836,2123,3,36463
hgb,101,target,0.75,836,1979,3,36607
hgb,101,target,0.8,836,1592,3,36994
hgb,101,target,0.85,836,1187,3,37399
hgb,101,target,0.9,836,1149,3,37437
hgb,101,target,0.95,836,1009,3,37577
hgb,101,target,0.975,836,970,3,37616
hgb,101,target,0.99,787,828,52,37758
hgb,101,target,0.995,739,688,100,37898
hgb,101,target,0.999,719,649,120,37937
mlp,101,source_heldout,0.05,130786,1984,11540,4770
mlp,101,source_heldout,0.1,128416,1378,13910,5376
mlp,101,source_heldout,0.15,127723,1269,14603,5485
mlp,101,source_heldout,0.2,127277,1227,15049,5527
mlp,101,source_heldout,0.25,127016,1192,15310,5562
mlp,101,source_heldout,0.3,126596,1147,15730,5607
mlp,101,source_heldout,0.35,126218,1108,16108,5646
mlp,101,source_heldout,0.4,125863,1058,16463,5696
mlp,101,source_heldout,0.45,125588,1025,16738,5729
mlp,101,source_heldout,0.5,125257,990,17069,5764
mlp,101,source_heldout,0.55,124959,970,17367,5784
mlp,101,source_heldout,0.6,124667,939,17659,5815
mlp,101,source_heldout,0.65,124354,918,17972,5836
mlp,101,source_heldout,0.7,124044,911,18282,5843
mlp,101,source_heldout,0.75,123727,891,18599,5863
mlp,101,source_heldout,0.8,123566,881,18760,5873
mlp,101,source_heldout,0.85,123010,855,19316,5899
mlp,101,source_heldout,0.9,122710,846,19616,5908
mlp,101,source_heldout,0.95,121786,814,20540,5940
mlp,101,source_heldout,0.975,120273,781,22053,5973
mlp,101,source_heldout,0.99,114518,752,27808,6002
mlp,101,source_heldout,0.995,113097,744,29229,6010
mlp,101,source_heldout,0.999,108044,17,34282,6737
mlp,101,target,0.05,740,33066,99,5520
mlp,101,target,0.1,582,32538,257,6048
mlp,101,target,0.15,582,27439,257,11147
mlp,101,target,0.2,580,2753,259,35833
mlp,101,target,0.25,580,2227,259,36359
mlp,101,target,0.3,580,1702,259,36884
mlp,101,target,0.35,580,1583,259,37003
mlp,101,target,0.4,580,1485,259,37101
mlp,101,target,0.45,580,1423,259,37163
mlp,101,target,0.5,580,1371,259,37215
mlp,101,target,0.55,580,1297,259,37289
mlp,101,target,0.6,580,1207,259,37379
mlp,101,target,0.65,580,1144,259,37442
mlp,101,target,0.7,580,1096,259,37490
mlp,101,target,0.75,580,1061,259,37525
mlp,101,target,0.8,580,1037,259,37549
mlp,101,target,0.85,580,968,259,37618
mlp,101,target,0.9,580,952,259,37634
mlp,101,target,0.95,580,936,259,37650
mlp,101,target,0.975,580,755,259,37831
mlp,101,target,0.99,580,736,259,37850
mlp,101,target,0.995,580,724,259,37862
mlp,101,target,0.999,580,710,259,37876
majority,102,source_heldout,0.05,149939,7237,0,0
majority,102,source_heldout,0.1,149939,7237,0,0
majority,102,source_heldout,0.15,149939,7237,0,0
majority,102,source_heldout,0.2,149939,7237,0,0
majority,102,source_heldout,0.25,149939,7237,0,0
majority,102,source_heldout,0.3,149939,7237,0,0
majority,102,source_heldout,0.35,149939,7237,0,0
majority,102,source_heldout,0.4,149939,7237,0,0
majority,102,source_heldout,0.45,149939,7237,0,0
majority,102,source_heldout,0.5,149939,7237,0,0
majority,102,source_heldout,0.55,149939,7237,0,0
majority,102,source_heldout,0.6,149939,7237,0,0
majority,102,source_heldout,0.65,149939,7237,0,0
majority,102,source_heldout,0.7,149939,7237,0,0
majority,102,source_heldout,0.75,149939,7237,0,0
majority,102,source_heldout,0.8,149939,7237,0,0
majority,102,source_heldout,0.85,149939,7237,0,0
majority,102,source_heldout,0.9,149939,7237,0,0
majority,102,source_heldout,0.95,149939,7237,0,0
majority,102,source_heldout,0.975,149939,7237,0,0
majority,102,source_heldout,0.99,149939,7237,0,0
majority,102,source_heldout,0.995,149939,7237,0,0
majority,102,source_heldout,0.999,149939,7237,0,0
majority,102,target,0.05,839,38586,0,0
majority,102,target,0.1,839,38586,0,0
majority,102,target,0.15,839,38586,0,0
majority,102,target,0.2,839,38586,0,0
majority,102,target,0.25,839,38586,0,0
majority,102,target,0.3,839,38586,0,0
majority,102,target,0.35,839,38586,0,0
majority,102,target,0.4,839,38586,0,0
majority,102,target,0.45,839,38586,0,0
majority,102,target,0.5,839,38586,0,0
majority,102,target,0.55,839,38586,0,0
majority,102,target,0.6,839,38586,0,0
majority,102,target,0.65,839,38586,0,0
majority,102,target,0.7,839,38586,0,0
majority,102,target,0.75,839,38586,0,0
majority,102,target,0.8,839,38586,0,0
majority,102,target,0.85,839,38586,0,0
majority,102,target,0.9,839,38586,0,0
majority,102,target,0.95,839,38586,0,0
majority,102,target,0.975,839,38586,0,0
majority,102,target,0.99,839,38586,0,0
majority,102,target,0.995,839,38586,0,0
majority,102,target,0.999,839,38586,0,0
stratified,102,source_heldout,0.05,140786,6754,9153,483
stratified,102,source_heldout,0.1,140786,6754,9153,483
stratified,102,source_heldout,0.15,140786,6754,9153,483
stratified,102,source_heldout,0.2,140786,6754,9153,483
stratified,102,source_heldout,0.25,140786,6754,9153,483
stratified,102,source_heldout,0.3,140786,6754,9153,483
stratified,102,source_heldout,0.35,140786,6754,9153,483
stratified,102,source_heldout,0.4,140786,6754,9153,483
stratified,102,source_heldout,0.45,140786,6754,9153,483
stratified,102,source_heldout,0.5,140786,6754,9153,483
stratified,102,source_heldout,0.55,140786,6754,9153,483
stratified,102,source_heldout,0.6,140786,6754,9153,483
stratified,102,source_heldout,0.65,140786,6754,9153,483
stratified,102,source_heldout,0.7,140786,6754,9153,483
stratified,102,source_heldout,0.75,140786,6754,9153,483
stratified,102,source_heldout,0.8,140786,6754,9153,483
stratified,102,source_heldout,0.85,140786,6754,9153,483
stratified,102,source_heldout,0.9,140786,6754,9153,483
stratified,102,source_heldout,0.95,140786,6754,9153,483
stratified,102,source_heldout,0.975,140786,6754,9153,483
stratified,102,source_heldout,0.99,140786,6754,9153,483
stratified,102,source_heldout,0.995,140786,6754,9153,483
stratified,102,source_heldout,0.999,140786,6754,9153,483
stratified,102,target,0.05,786,36234,53,2352
stratified,102,target,0.1,786,36234,53,2352
stratified,102,target,0.15,786,36234,53,2352
stratified,102,target,0.2,786,36234,53,2352
stratified,102,target,0.25,786,36234,53,2352
stratified,102,target,0.3,786,36234,53,2352
stratified,102,target,0.35,786,36234,53,2352
stratified,102,target,0.4,786,36234,53,2352
stratified,102,target,0.45,786,36234,53,2352
stratified,102,target,0.5,786,36234,53,2352
stratified,102,target,0.55,786,36234,53,2352
stratified,102,target,0.6,786,36234,53,2352
stratified,102,target,0.65,786,36234,53,2352
stratified,102,target,0.7,786,36234,53,2352
stratified,102,target,0.75,786,36234,53,2352
stratified,102,target,0.8,786,36234,53,2352
stratified,102,target,0.85,786,36234,53,2352
stratified,102,target,0.9,786,36234,53,2352
stratified,102,target,0.95,786,36234,53,2352
stratified,102,target,0.975,786,36234,53,2352
stratified,102,target,0.99,786,36234,53,2352
stratified,102,target,0.995,786,36234,53,2352
stratified,102,target,0.999,786,36234,53,2352
logreg,102,source_heldout,0.05,148583,4524,1356,2713
logreg,102,source_heldout,0.1,147849,4213,2090,3024
logreg,102,source_heldout,0.15,144190,3833,5749,3404
logreg,102,source_heldout,0.2,142625,3204,7314,4033
logreg,102,source_heldout,0.25,142153,2928,7786,4309
logreg,102,source_heldout,0.3,140641,2766,9298,4471
logreg,102,source_heldout,0.35,140136,2589,9803,4648
logreg,102,source_heldout,0.4,137659,1560,12280,5677
logreg,102,source_heldout,0.45,135812,1470,14127,5767
logreg,102,source_heldout,0.5,133974,1415,15965,5822
logreg,102,source_heldout,0.55,103671,1372,46268,5865
logreg,102,source_heldout,0.6,101397,1306,48542,5931
logreg,102,source_heldout,0.65,98918,1211,51021,6026
logreg,102,source_heldout,0.7,98041,1091,51898,6146
logreg,102,source_heldout,0.75,94242,973,55697,6264
logreg,102,source_heldout,0.8,82535,843,67404,6394
logreg,102,source_heldout,0.85,81594,815,68345,6422
logreg,102,source_heldout,0.9,80016,745,69923,6492
logreg,102,source_heldout,0.95,76044,22,73895,7215
logreg,102,source_heldout,0.975,22867,11,127072,7226
logreg,102,source_heldout,0.99,14331,9,135608,7228
logreg,102,source_heldout,0.995,7277,8,142662,7229
logreg,102,source_heldout,0.999,5890,8,144049,7229
logreg,102,target,0.05,837,37778,2,808
logreg,102,target,0.1,739,36881,100,1705
logreg,102,target,0.15,738,31551,101,7035
logreg,102,target,0.2,738,30903,101,7683
logreg,102,target,0.25,738,30645,101,7941
logreg,102,target,0.3,738,30529,101,8057
logreg,102,target,0.35,583,30484,256,8102
logreg,102,target,0.4,582,30439,257,8147
logreg,102,target,0.45,582,29977,257,8609
logreg,102,target,0.5,582,29857,257,8729
logreg,102,target,0.55,582,29843,257,8743
logreg,102,target,0.6,582,29708,257,8878
logreg,102,target,0.65,580,1422,259,37164
logreg,102,target,0.7,580,1405,259,37181
logreg,102,target,0.75,580,1391,259,37195
logreg,102,target,0.8,580,1367,259,37219
logreg,102,target,0.85,580,1364,259,37222
logreg,102,target,0.9,580,1193,259,37393
logreg,102,target,0.95,580,673,259,37913
logreg,102,target,0.975,0,15,839,38571
logreg,102,target,0.99,0,15,839,38571
logreg,102,target,0.995,0,1,839,38585
logreg,102,target,0.999,0,1,839,38585
tree,102,source_heldout,0.05,115369,3741,34570,3496
tree,102,source_heldout,0.1,113213,3261,36726,3976
tree,102,source_heldout,0.15,111555,2621,38384,4616
tree,102,source_heldout,0.2,108718,2459,41221,4778
tree,102,source_heldout,0.25,108128,2437,41811,4800
tree,102,source_heldout,0.3,108101,2437,41838,4800
tree,102,source_heldout,0.35,108079,2429,41860,4808
tree,102,source_heldout,0.4,108052,2424,41887,4813
tree,102,source_heldout,0.45,108052,2424,41887,4813
tree,102,source_heldout,0.5,108052,2424,41887,4813
tree,102,source_heldout,0.55,108043,2418,41896,4819
tree,102,source_heldout,0.6,107938,2397,42001,4840
tree,102,source_heldout,0.65,107938,2397,42001,4840
tree,102,source_heldout,0.7,107932,2397,42007,4840
tree,102,source_heldout,0.75,107932,2397,42007,4840
tree,102,source_heldout,0.8,107754,2389,42185,4848
tree,102,source_heldout,0.85,107754,2389,42185,4848
tree,102,source_heldout,0.9,107754,2389,42185,4848
tree,102,source_heldout,0.95,105886,2313,44053,4924
tree,102,source_heldout,0.975,105886,2313,44053,4924
tree,102,source_heldout,0.99,105886,2313,44053,4924
tree,102,source_heldout,0.995,105886,2313,44053,4924
tree,102,source_heldout,0.999,102981,2266,46958,4971
tree,102,target,0.05,839,32190,0,6396
tree,102,target,0.1,839,32070,0,6516
tree,102,target,0.15,839,31449,0,7137
tree,102,target,0.2,839,31449,0,7137
tree,102,target,0.25,839,31449,0,7137
tree,102,target,0.3,839,31449,0,7137
tree,102,target,0.35,839,31449,0,7137
tree,102,target,0.4,839,31445,0,7141
tree,102,target,0.45,839,31445,0,7141
tree,102,target,0.5,839,31445,0,7141
tree,102,target,0.55,839,31445,0,7141
tree,102,target,0.6,839,31445,0,7141
tree,102,target,0.65,839,31445,0,7141
tree,102,target,0.7,839,31445,0,7141
tree,102,target,0.75,839,31445,0,7141
tree,102,target,0.8,839,31445,0,7141
tree,102,target,0.85,839,31445,0,7141
tree,102,target,0.9,839,31445,0,7141
tree,102,target,0.95,839,31310,0,7276
tree,102,target,0.975,839,31310,0,7276
tree,102,target,0.99,839,31310,0,7276
tree,102,target,0.995,839,31310,0,7276
tree,102,target,0.999,839,31127,0,7459
rf,102,source_heldout,0.05,149783,4645,156,2592
rf,102,source_heldout,0.1,149595,4419,344,2818
rf,102,source_heldout,0.15,149353,4163,586,3074
rf,102,source_heldout,0.2,149014,3932,925,3305
rf,102,source_heldout,0.25,147725,3654,2214,3583
rf,102,source_heldout,0.3,147294,3473,2645,3764
rf,102,source_heldout,0.35,146832,3292,3107,3945
rf,102,source_heldout,0.4,146437,3164,3502,4073
rf,102,source_heldout,0.45,145969,2977,3970,4260
rf,102,source_heldout,0.5,145580,2865,4359,4372
rf,102,source_heldout,0.55,144923,2741,5016,4496
rf,102,source_heldout,0.6,144019,2596,5920,4641
rf,102,source_heldout,0.65,141533,2428,8406,4809
rf,102,source_heldout,0.7,137692,1523,12247,5714
rf,102,source_heldout,0.75,133329,622,16610,6615
rf,102,source_heldout,0.8,114916,498,35023,6739
rf,102,source_heldout,0.85,100621,373,49318,6864
rf,102,source_heldout,0.9,94450,262,55489,6975
rf,102,source_heldout,0.95,92106,181,57833,7056
rf,102,source_heldout,0.975,90904,121,59035,7116
rf,102,source_heldout,0.99,86969,74,62970,7163
rf,102,source_heldout,0.995,85821,58,64118,7179
rf,102,source_heldout,0.999,82508,20,67431,7217
rf,102,target,0.05,839,38571,0,15
rf,102,target,0.1,839,38485,0,101
rf,102,target,0.15,839,38470,0,116
rf,102,target,0.2,839,38463,0,123
rf,102,target,0.25,839,38434,0,152
rf,102,target,0.3,839,38409,0,177
rf,102,target,0.35,839,38366,0,220
rf,102,target,0.4,839,37850,0,736
rf,102,target,0.45,839,37735,0,851
rf,102,target,0.5,837,37241,2,1345
rf,102,target,0.55,837,34686,2,3900
rf,102,target,0.6,837,31818,2,6768
rf,102,target,0.65,837,30778,2,7808
rf,102,target,0.7,836,30098,3,8488
rf,102,target,0.75,831,29631,8,8955
rf,102,target,0.8,808,24820,31,13766
rf,102,target,0.85,738,24662,101,13924
rf,102,target,0.9,738,3176,101,35410
rf,102,target,0.95,736,629,103,37957
rf,102,target,0.975,736,629,103,37957
rf,102,target,0.99,735,626,104,37960
rf,102,target,0.995,623,620,216,37966
rf,102,target,0.999,140,39,699,38547
xgboost,102,source_heldout,0.05,149544,4051,395,3186
xgboost,102,source_heldout,0.1,148174,3169,1765,4068
xgboost,102,source_heldout,0.15,147379,2709,2560,4528
xgboost,102,source_heldout,0.2,144416,2439,5523,4798
xgboost,102,source_heldout,0.25,142659,2306,7280,4931
xgboost,102,source_heldout,0.3,142311,2184,7628,5053
xgboost,102,source_heldout,0.35,141620,2145,8319,5092
xgboost,102,source_heldout,0.4,141296,2120,8643,5117
xgboost,102,source_heldout,0.45,140790,2059,9149,5178
xgboost,102,source_heldout,0.5,139279,2004,10660,5233
xgboost,102,source_heldout,0.55,138743,1908,11196,5329
xgboost,102,source_heldout,0.6,136770,1234,13169,6003
xgboost,102,source_heldout,0.65,135075,383,14864,6854
xgboost,102,source_heldout,0.7,133979,281,15960,6956
xgboost,102,source_heldout,0.75,133345,251,16594,6986
xgboost,102,source_heldout,0.8,127597,226,22342,7011
xgboost,102,source_heldout,0.85,126918,199,23021,7038
xgboost,102,source_heldout,0.9,125921,148,24018,7089
xgboost,102,source_heldout,0.95,123468,86,26471,7151
xgboost,102,source_heldout,0.975,118784,44,31155,7193
xgboost,102,source_heldout,0.99,83153,14,66786,7223
xgboost,102,source_heldout,0.995,80592,4,69347,7233
xgboost,102,source_heldout,0.999,73415,1,76524,7236
xgboost,102,target,0.05,837,37345,2,1241
xgboost,102,target,0.1,837,33774,2,4812
xgboost,102,target,0.15,837,32542,2,6044
xgboost,102,target,0.2,837,32151,2,6435
xgboost,102,target,0.25,837,31804,2,6782
xgboost,102,target,0.3,837,31459,2,7127
xgboost,102,target,0.35,837,31095,2,7491
xgboost,102,target,0.4,837,26578,2,12008
xgboost,102,target,0.45,837,26356,2,12230
xgboost,102,target,0.5,837,25971,2,12615
xgboost,102,target,0.55,837,25730,2,12856
xgboost,102,target,0.6,837,25598,2,12988
xgboost,102,target,0.65,837,25361,2,13225
xgboost,102,target,0.7,837,25071,2,13515
xgboost,102,target,0.75,837,24930,2,13656
xgboost,102,target,0.8,837,24875,2,13711
xgboost,102,target,0.85,836,24754,3,13832
xgboost,102,target,0.9,817,24695,22,13891
xgboost,102,target,0.95,764,24627,75,13959
xgboost,102,target,0.975,738,24626,101,13960
xgboost,102,target,0.99,738,24626,101,13960
xgboost,102,target,0.995,738,24607,101,13979
xgboost,102,target,0.999,733,624,106,37962
hgb,102,source_heldout,0.05,149609,4198,330,3039
hgb,102,source_heldout,0.1,149040,3589,899,3648
hgb,102,source_heldout,0.15,147157,2783,2782,4454
hgb,102,source_heldout,0.2,142314,1660,7625,5577
hgb,102,source_heldout,0.25,140250,1478,9689,5759
hgb,102,source_heldout,0.3,137497,710,12442,6527
hgb,102,source_heldout,0.35,136488,590,13451,6647
hgb,102,source_heldout,0.4,134682,534,15257,6703
hgb,102,source_heldout,0.45,132915,494,17024,6743
hgb,102,source_heldout,0.5,132376,451,17563,6786
hgb,102,source_heldout,0.55,131855,415,18084,6822
hgb,102,source_heldout,0.6,129829,348,20110,6889
hgb,102,source_heldout,0.65,129120,330,20819,6907
hgb,102,source_heldout,0.7,126243,296,23696,6941
hgb,102,source_heldout,0.75,123135,272,26804,6965
hgb,102,source_heldout,0.8,122156,223,27783,7014
hgb,102,source_heldout,0.85,117879,162,32060,7075
hgb,102,source_heldout,0.9,97166,108,52773,7129
hgb,102,source_heldout,0.95,83153,51,66786,7186
hgb,102,source_heldout,0.975,81317,32,68622,7205
hgb,102,source_heldout,0.99,79609,7,70330,7230
hgb,102,source_heldout,0.995,77257,6,72682,7231
hgb,102,source_heldout,0.999,68945,1,80994,7236
hgb,102,target,0.05,837,38205,2,381
hgb,102,target,0.1,837,33812,2,4774
hgb,102,target,0.15,836,32346,3,6240
hgb,102,target,0.2,836,31310,3,7276
hgb,102,target,0.25,836,30945,3,7641
hgb,102,target,0.3,836,30747,3,7839
hgb,102,target,0.35,836,30386,3,8200
hgb,102,target,0.4,836,30047,3,8539
hgb,102,target,0.45,836,25581,3,13005
hgb,102,target,0.5,836,25352,3,13234
hgb,102,target,0.55,806,24967,33,13619
hgb,102,target,0.6,740,24901,99,13685
hgb,102,target,0.65,739,24853,100,13733
hgb,102,target,0.7,739,24812,100,13774
hgb,102,target,0.75,739,24770,100,13816
hgb,102,target,0.8,739,24725,100,13861
hgb,102,target,0.85,738,24651,101,13935
hgb,102,target,0.9,738,24635,101,13951
hgb,102,target,0.95,738,24629,101,13957
hgb,102,target,0.975,738,674,101,37912
hgb,102,target,0.99,738,651,101,37935
hgb,102,target,0.995,736,649,103,37937
hgb,102,target,0.999,296,68,543,38518
mlp,102,source_heldout,0.05,149183,4085,756,3152
mlp,102,source_heldout,0.1,146230,2087,3709,5150
mlp,102,source_heldout,0.15,145607,1675,4332,5562
mlp,102,source_heldout,0.2,142430,1500,7509,5737
mlp,102,source_heldout,0.25,140348,1400,9591,5837
mlp,102,source_heldout,0.3,140141,1361,9798,5876
mlp,102,source_heldout,0.35,139768,1315,10171,5922
mlp,102,source_heldout,0.4,137020,1298,12919,5939
mlp,102,source_heldout,0.45,136777,1219,13162,6018
mlp,102,source_heldout,0.5,136633,1203,13306,6034
mlp,102,source_heldout,0.55,136159,1127,13780,6110
mlp,102,source_heldout,0.6,135779,1069,14160,6168
mlp,102,source_heldout,0.65,135522,1057,14417,6180
mlp,102,source_heldout,0.7,130925,1006,19014,6231
mlp,102,source_heldout,0.75,130229,991,19710,6246
mlp,102,source_heldout,0.8,129358,974,20581,6263
mlp,102,source_heldout,0.85,127004,928,22935,6309
mlp,102,source_heldout,0.9,125004,873,24935,6364
mlp,102,source_heldout,0.95,122409,834,27530,6403
mlp,102,source_heldout,0.975,117776,804,32163,6433
mlp,102,source_heldout,0.99,89616,775,60323,6462
mlp,102,source_heldout,0.995,81351,45,68588,7192
mlp,102,source_heldout,0.999,77886,4,72053,7233
mlp,102,target,0.05,837,37560,2,1026
mlp,102,target,0.1,837,32473,2,6113
mlp,102,target,0.15,681,31066,158,7520
mlp,102,target,0.2,681,30367,158,8219
mlp,102,target,0.25,681,30152,158,8434
mlp,102,target,0.3,681,30099,158,8487
mlp,102,target,0.35,681,30021,158,8565
mlp,102,target,0.4,681,30012,158,8574
mlp,102,target,0.45,681,30000,158,8586
mlp,102,target,0.5,681,5951,158,32635
mlp,102,target,0.55,681,5826,158,32760
mlp,102,target,0.6,680,1476,159,37110
mlp,102,target,0.65,680,1423,159,37163
mlp,102,target,0.7,678,1391,161,37195
mlp,102,target,0.75,678,1313,161,37273
mlp,102,target,0.8,678,1284,161,37302
mlp,102,target,0.85,678,1232,161,37354
mlp,102,target,0.9,678,1191,161,37395
mlp,102,target,0.95,610,713,229,37873
mlp,102,target,0.975,580,673,259,37913
mlp,102,target,0.99,580,642,259,37944
mlp,102,target,0.995,580,625,259,37961
mlp,102,target,0.999,580,621,259,37965
majority,103,source_heldout,0.05,85029,4350,0,0
majority,103,source_heldout,0.1,85029,4350,0,0
majority,103,source_heldout,0.15,85029,4350,0,0
majority,103,source_heldout,0.2,85029,4350,0,0
majority,103,source_heldout,0.25,85029,4350,0,0
majority,103,source_heldout,0.3,85029,4350,0,0
majority,103,source_heldout,0.35,85029,4350,0,0
majority,103,source_heldout,0.4,85029,4350,0,0
majority,103,source_heldout,0.45,85029,4350,0,0
majority,103,source_heldout,0.5,85029,4350,0,0
majority,103,source_heldout,0.55,85029,4350,0,0
majority,103,source_heldout,0.6,85029,4350,0,0
majority,103,source_heldout,0.65,85029,4350,0,0
majority,103,source_heldout,0.7,85029,4350,0,0
majority,103,source_heldout,0.75,85029,4350,0,0
majority,103,source_heldout,0.8,85029,4350,0,0
majority,103,source_heldout,0.85,85029,4350,0,0
majority,103,source_heldout,0.9,85029,4350,0,0
majority,103,source_heldout,0.95,85029,4350,0,0
majority,103,source_heldout,0.975,85029,4350,0,0
majority,103,source_heldout,0.99,85029,4350,0,0
majority,103,source_heldout,0.995,85029,4350,0,0
majority,103,source_heldout,0.999,85029,4350,0,0
majority,103,target,0.05,839,38586,0,0
majority,103,target,0.1,839,38586,0,0
majority,103,target,0.15,839,38586,0,0
majority,103,target,0.2,839,38586,0,0
majority,103,target,0.25,839,38586,0,0
majority,103,target,0.3,839,38586,0,0
majority,103,target,0.35,839,38586,0,0
majority,103,target,0.4,839,38586,0,0
majority,103,target,0.45,839,38586,0,0
majority,103,target,0.5,839,38586,0,0
majority,103,target,0.55,839,38586,0,0
majority,103,target,0.6,839,38586,0,0
majority,103,target,0.65,839,38586,0,0
majority,103,target,0.7,839,38586,0,0
majority,103,target,0.75,839,38586,0,0
majority,103,target,0.8,839,38586,0,0
majority,103,target,0.85,839,38586,0,0
majority,103,target,0.9,839,38586,0,0
majority,103,target,0.95,839,38586,0,0
majority,103,target,0.975,839,38586,0,0
majority,103,target,0.99,839,38586,0,0
majority,103,target,0.995,839,38586,0,0
majority,103,target,0.999,839,38586,0,0
stratified,103,source_heldout,0.05,80265,4108,4764,242
stratified,103,source_heldout,0.1,80265,4108,4764,242
stratified,103,source_heldout,0.15,80265,4108,4764,242
stratified,103,source_heldout,0.2,80265,4108,4764,242
stratified,103,source_heldout,0.25,80265,4108,4764,242
stratified,103,source_heldout,0.3,80265,4108,4764,242
stratified,103,source_heldout,0.35,80265,4108,4764,242
stratified,103,source_heldout,0.4,80265,4108,4764,242
stratified,103,source_heldout,0.45,80265,4108,4764,242
stratified,103,source_heldout,0.5,80265,4108,4764,242
stratified,103,source_heldout,0.55,80265,4108,4764,242
stratified,103,source_heldout,0.6,80265,4108,4764,242
stratified,103,source_heldout,0.65,80265,4108,4764,242
stratified,103,source_heldout,0.7,80265,4108,4764,242
stratified,103,source_heldout,0.75,80265,4108,4764,242
stratified,103,source_heldout,0.8,80265,4108,4764,242
stratified,103,source_heldout,0.85,80265,4108,4764,242
stratified,103,source_heldout,0.9,80265,4108,4764,242
stratified,103,source_heldout,0.95,80265,4108,4764,242
stratified,103,source_heldout,0.975,80265,4108,4764,242
stratified,103,source_heldout,0.99,80265,4108,4764,242
stratified,103,source_heldout,0.995,80265,4108,4764,242
stratified,103,source_heldout,0.999,80265,4108,4764,242
stratified,103,target,0.05,789,36461,50,2125
stratified,103,target,0.1,789,36461,50,2125
stratified,103,target,0.15,789,36461,50,2125
stratified,103,target,0.2,789,36461,50,2125
stratified,103,target,0.25,789,36461,50,2125
stratified,103,target,0.3,789,36461,50,2125
stratified,103,target,0.35,789,36461,50,2125
stratified,103,target,0.4,789,36461,50,2125
stratified,103,target,0.45,789,36461,50,2125
stratified,103,target,0.5,789,36461,50,2125
stratified,103,target,0.55,789,36461,50,2125
stratified,103,target,0.6,789,36461,50,2125
stratified,103,target,0.65,789,36461,50,2125
stratified,103,target,0.7,789,36461,50,2125
stratified,103,target,0.75,789,36461,50,2125
stratified,103,target,0.8,789,36461,50,2125
stratified,103,target,0.85,789,36461,50,2125
stratified,103,target,0.9,789,36461,50,2125
stratified,103,target,0.95,789,36461,50,2125
stratified,103,target,0.975,789,36461,50,2125
stratified,103,target,0.99,789,36461,50,2125
stratified,103,target,0.995,789,36461,50,2125
stratified,103,target,0.999,789,36461,50,2125
logreg,103,source_heldout,0.05,84163,2020,866,2330
logreg,103,source_heldout,0.1,83009,1730,2020,2620
logreg,103,source_heldout,0.15,81906,1560,3123,2790
logreg,103,source_heldout,0.2,81198,1164,3831,3186
logreg,103,source_heldout,0.25,80447,1072,4582,3278
logreg,103,source_heldout,0.3,80353,1010,4676,3340
logreg,103,source_heldout,0.35,80224,969,4805,3381
logreg,103,source_heldout,0.4,79800,894,5229,3456
logreg,103,source_heldout,0.45,79208,860,5821,3490
logreg,103,source_heldout,0.5,78793,847,6236,3503
logreg,103,source_heldout,0.55,78282,697,6747,3653
logreg,103,source_heldout,0.6,73112,675,11917,3675
logreg,103,source_heldout,0.65,58028,662,27001,3688
logreg,103,source_heldout,0.7,57811,653,27218,3697
logreg,103,source_heldout,0.75,57288,452,27741,3898
logreg,103,source_heldout,0.8,55399,212,29630,4138
logreg,103,source_heldout,0.85,52532,96,32497,4254
logreg,103,source_heldout,0.9,47703,45,37326,4305
logreg,103,source_heldout,0.95,12712,23,72317,4327
logreg,103,source_heldout,0.975,11847,14,73182,4336
logreg,103,source_heldout,0.99,5927,13,79102,4337
logreg,103,source_heldout,0.995,3080,12,81949,4338
logreg,103,source_heldout,0.999,2824,6,82205,4344
logreg,103,target,0.05,827,37719,12,867
logreg,103,target,0.1,739,36618,100,1968
logreg,103,target,0.15,738,34177,101,4409
logreg,103,target,0.2,738,30736,101,7850
logreg,103,target,0.25,738,30507,101,8079
logreg,103,target,0.3,738,30482,101,8104
logreg,103,target,0.35,738,6483,101,32103
logreg,103,target,0.4,736,6395,103,32191
logreg,103,target,0.45,580,6310,259,32276
logreg,103,target,0.5,580,5807,259,32779
logreg,103,target,0.55,580,5744,259,32842
logreg,103,target,0.6,580,5658,259,32928
logreg,103,target,0.65,580,1321,259,37265
logreg,103,target,0.7,580,1293,259,37293
logreg,103,target,0.75,580,929,259,37657
logreg,103,target,0.8,580,926,259,37660
logreg,103,target,0.85,580,754,259,37832
logreg,103,target,0.9,580,672,259,37914
logreg,103,target,0.95,580,621,259,37965
logreg,103,target,0.975,0,1,839,38585
logreg,103,target,0.99,0,0,839,38586
logreg,103,target,0.995,0,0,839,38586
logreg,103,target,0.999,0,0,839,38586
tree,103,source_heldout,0.05,83269,1230,1760,3120
tree,103,source_heldout,0.1,82593,986,2436,3364
tree,103,source_heldout,0.15,79848,501,5181,3849
tree,103,source_heldout,0.2,79416,434,5613,3916
tree,103,source_heldout,0.25,79358,408,5671,3942
tree,103,source_heldout,0.3,79278,401,5751,3949
tree,103,source_heldout,0.35,79219,389,5810,3961
tree,103,source_heldout,0.4,79219,389,5810,3961
tree,103,source_heldout,0.45,78828,327,6201,4023
tree,103,source_heldout,0.5,78803,326,6226,4024
tree,103,source_heldout,0.55,78685,314,6344,4036
tree,103,source_heldout,0.6,78685,314,6344,4036
tree,103,source_heldout,0.65,78360,239,6669,4111
tree,103,source_heldout,0.7,77944,228,7085,4122
tree,103,source_heldout,0.75,77942,228,7087,4122
tree,103,source_heldout,0.8,77942,228,7087,4122
tree,103,source_heldout,0.85,77942,228,7087,4122
tree,103,source_heldout,0.9,77920,228,7109,4122
tree,103,source_heldout,0.95,77920,228,7109,4122
tree,103,source_heldout,0.975,77067,219,7962,4131
tree,103,source_heldout,0.99,77067,219,7962,4131
tree,103,source_heldout,0.995,77067,219,7962,4131
tree,103,source_heldout,0.999,77067,219,7962,4131
tree,103,target,0.05,839,11408,0,27178
tree,103,target,0.1,839,10941,0,27645
tree,103,target,0.15,839,8612,0,29974
tree,103,target,0.2,839,8570,0,30016
tree,103,target,0.25,839,8570,0,30016
tree,103,target,0.3,839,8570,0,30016
tree,103,target,0.35,839,8570,0,30016
tree,103,target,0.4,839,8570,0,30016
tree,103,target,0.45,839,8570,0,30016
tree,103,target,0.5,839,8569,0,30017
tree,103,target,0.55,839,8569,0,30017
tree,103,target,0.6,839,8569,0,30017
tree,103,target,0.65,839,8569,0,30017
tree,103,target,0.7,839,8567,0,30019
tree,103,target,0.75,839,8567,0,30019
tree,103,target,0.8,839,8567,0,30019
tree,103,target,0.85,839,8567,0,30019
tree,103,target,0.9,839,8567,0,30019
tree,103,target,0.95,839,8567,0,30019
tree,103,target,0.975,839,8533,0,30053
tree,103,target,0.99,839,8533,0,30053
tree,103,target,0.995,839,8533,0,30053
tree,103,target,0.999,839,8533,0,30053
rf,103,source_heldout,0.05,84751,3632,278,718
rf,103,source_heldout,0.1,84448,3365,581,985
rf,103,source_heldout,0.15,83456,3180,1573,1170
rf,103,source_heldout,0.2,83359,3010,1670,1340
rf,103,source_heldout,0.25,83245,2846,1784,1504
rf,103,source_heldout,0.3,83100,2729,1929,1621
rf,103,source_heldout,0.35,82791,2585,2238,1765
rf,103,source_heldout,0.4,82582,2481,2447,1869
rf,103,source_heldout,0.45,82153,594,2876,3756
rf,103,source_heldout,0.5,81937,524,3092,3826
rf,103,source_heldout,0.55,81763,481,3266,3869
rf,103,source_heldout,0.6,81659,439,3370,3911
rf,103,source_heldout,0.65,81484,402,3545,3948
rf,103,source_heldout,0.7,80936,371,4093,3979
rf,103,source_heldout,0.75,79769,325,5260,4025
rf,103,source_heldout,0.8,78379,275,6650,4075
rf,103,source_heldout,0.85,77612,237,7417,4113
rf,103,source_heldout,0.9,76149,199,8880,4151
rf,103,source_heldout,0.95,74755,78,10274,4272
rf,103,source_heldout,0.975,73343,29,11686,4321
rf,103,source_heldout,0.99,71555,15,13474,4335
rf,103,source_heldout,0.995,70636,11,14393,4339
rf,103,source_heldout,0.999,67672,0,17357,4350
rf,103,target,0.05,839,38586,0,0
rf,103,target,0.1,839,38513,0,73
rf,103,target,0.15,839,38475,0,111
rf,103,target,0.2,839,38433,0,153
rf,103,target,0.25,839,38343,0,243
rf,103,target,0.3,839,37894,0,692
rf,103,target,0.35,839,37774,0,812
rf,103,target,0.4,839,36710,0,1876
rf,103,target,0.45,839,34450,0,4136
rf,103,target,0.5,839,33285,0,5301
rf,103,target,0.55,836,32826,3,5760
rf,103,target,0.6,777,32079,62,6507
rf,103,target,0.65,761,31284,78,7302
rf,103,target,0.7,738,30190,101,8396
rf,103,target,0.75,738,29414,101,9172
rf,103,target,0.8,738,5259,101,33327
rf,103,target,0.85,738,5206,101,33380
rf,103,target,0.9,738,830,101,37756
rf,103,target,0.95,735,639,104,37947
rf,103,target,0.975,580,626,259,37960
rf,103,target,0.99,580,626,259,37960
rf,103,target,0.995,580,626,259,37960
rf,103,target,0.999,440,581,399,38005
xgboost,103,source_heldout,0.05,84877,3157,152,1193
xgboost,103,source_heldout,0.1,83034,885,1995,3465
xgboost,103,source_heldout,0.15,82028,554,3001,3796
xgboost,103,source_heldout,0.2,81264,434,3765,3916
xgboost,103,source_heldout,0.25,80641,387,4388,3963
xgboost,103,source_heldout,0.3,79855,337,5174,4013
xgboost,103,source_heldout,0.35,79296,308,5733,4042
xgboost,103,source_heldout,0.4,78323,278,6706,4072
xgboost,103,source_heldout,0.45,78164,262,6865,4088
xgboost,103,source_heldout,0.5,77956,239,7073,4111
xgboost,103,source_heldout,0.55,77426,217,7603,4133
xgboost,103,source_heldout,0.6,77001,180,8028,4170
xgboost,103,source_heldout,0.65,76663,133,8366,4217
xgboost,103,source_heldout,0.7,75943,110,9086,4240
xgboost,103,source_heldout,0.75,75678,99,9351,4251
xgboost,103,source_heldout,0.8,75287,94,9742,4256
xgboost,103,source_heldout,0.85,75056,85,9973,4265
xgboost,103,source_heldout,0.9,74675,77,10354,4273
xgboost,103,source_heldout,0.95,74142,74,10887,4276
xgboost,103,source_heldout,0.975,73117,68,11912,4282
xgboost,103,source_heldout,0.99,71461,64,13568,4286
xgboost,103,source_heldout,0.995,70653,62,14376,4288
xgboost,103,source_heldout,0.999,59666,52,25363,4298
xgboost,103,target,0.05,839,38054,0,532
xgboost,103,target,0.1,838,35058,1,3528
xgboost,103,target,0.15,838,32591,1,5995
xgboost,103,target,0.2,816,30936,23,7650
xgboost,103,target,0.25,774,30645,65,7941
xgboost,103,target,0.3,752,30341,87,8245
xgboost,103,target,0.35,741,30015,98,8571
xgboost,103,target,0.4,739,29831,100,8755
xgboost,103,target,0.45,739,29788,100,8798
xgboost,103,target,0.5,738,29707,101,8879
xgboost,103,target,0.55,738,29656,101,8930
xgboost,103,target,0.6,738,29601,101,8985
xgboost,103,target,0.65,738,29504,101,9082
xgboost,103,target,0.7,738,29456,101,9130
xgboost,103,target,0.75,738,29383,101,9203
xgboost,103,target,0.8,738,29291,101,9295
xgboost,103,target,0.85,738,26740,101,11846
xgboost,103,target,0.9,738,26661,101,11925
xgboost,103,target,0.95,737,26564,102,12022
xgboost,103,target,0.975,663,26475,176,12111
xgboost,103,target,0.99,582,650,257,37936
xgboost,103,target,0.995,582,645,257,37941
xgboost,103,target,0.999,580,639,259,37947
hgb,103,source_heldout,0.05,84708,1443,321,2907
hgb,103,source_heldout,0.1,81478,846,3551,3504
hgb,103,source_heldout,0.15,80485,586,4544,3764
hgb,103,source_heldout,0.2,78918,505,6111,3845
hgb,103,source_heldout,0.25,78753,428,6276,3922
hgb,103,source_heldout,0.3,78561,380,6468,3970
hgb,103,source_heldout,0.35,78383,335,6646,4015
hgb,103,source_heldout,0.4,78285,326,6744,4024
hgb,103,source_heldout,0.45,78114,290,6915,4060
hgb,103,source_heldout,0.5,77862,236,7167,4114
hgb,103,source_heldout,0.55,77549,204,7480,4146
hgb,103,source_heldout,0.6,77279,175,7750,4175
hgb,103,source_heldout,0.65,76880,110,8149,4240
hgb,103,source_heldout,0.7,76387,103,8642,4247
hgb,103,source_heldout,0.75,76190,96,8839,4254
hgb,103,source_heldout,0.8,75247,87,9782,4263
hgb,103,source_heldout,0.85,74943,78,10086,4272
hgb,103,source_heldout,0.9,74314,72,10715,4278
hgb,103,source_heldout,0.95,73322,72,11707,4278
hgb,103,source_heldout,0.975,71773,70,13256,4280
hgb,103,source_heldout,0.99,70529,65,14500,4285
hgb,103,source_heldout,0.995,68905,62,16124,4288
hgb,103,source_heldout,0.999,52832,53,32197,4297
hgb,103,target,0.05,839,38009,0,577
hgb,103,target,0.1,838,33866,1,4720
hgb,103,target,0.15,838,32211,1,6375
hgb,103,target,0.2,837,31286,2,7300
hgb,103,target,0.25,837,30863,2,7723
hgb,103,target,0.3,837,30730,2,7856
hgb,103,target,0.35,836,30528,3,8058
hgb,103,target,0.4,770,30116,69,8470
hgb,103,target,0.45,767,30039,72,8547
hgb,103,target,0.5,740,29951,99,8635
hgb,103,target,0.55,740,29797,99,8789
hgb,103,target,0.6,739,29685,100,8901
hgb,103,target,0.65,738,29610,101,8976
hgb,103,target,0.7,738,29520,101,9066
hgb,103,target,0.75,738,29384,101,9202
hgb,103,target,0.8,738,29313,101,9273
hgb,103,target,0.85,738,26787,101,11799
hgb,103,target,0.9,738,26670,101,11916
hgb,103,target,0.95,738,26508,101,12078
hgb,103,target,0.975,738,5026,101,33560
hgb,103,target,0.99,582,671,257,37915
hgb,103,target,0.995,582,654,257,37932
hgb,103,target,0.999,582,641,257,37945
mlp,103,source_heldout,0.05,84751,1549,278,2801
mlp,103,source_heldout,0.1,84058,1091,971,3259
mlp,103,source_heldout,0.15,82737,735,2292,3615
mlp,103,source_heldout,0.2,80130,601,4899,3749
mlp,103,source_heldout,0.25,79928,542,5101,3808
mlp,103,source_heldout,0.3,79790,484,5239,3866
mlp,103,source_heldout,0.35,79569,431,5460,3919
mlp,103,source_heldout,0.4,79324,374,5705,3976
mlp,103,source_heldout,0.45,79084,344,5945,4006
mlp,103,source_heldout,0.5,78834,314,6195,4036
mlp,103,source_heldout,0.55,78535,267,6494,4083
mlp,103,source_heldout,0.6,78358,247,6671,4103
mlp,103,source_heldout,0.65,77903,154,7126,4196
mlp,103,source_heldout,0.7,77792,136,7237,4214
mlp,103,source_heldout,0.75,77538,124,7491,4226
mlp,103,source_heldout,0.8,77065,117,7964,4233
mlp,103,source_heldout,0.85,76285,109,8744,4241
mlp,103,source_heldout,0.9,75694,102,9335,4248
mlp,103,source_heldout,0.95,74613,91,10416,4259
mlp,103,source_heldout,0.975,68922,85,16107,4265
mlp,103,source_heldout,0.99,63309,71,21720,4279
mlp,103,source_heldout,0.995,58284,65,26745,4285
mlp,103,source_heldout,0.999,33433,59,51596,4291
mlp,103,target,0.05,839,38375,0,211
mlp,103,target,0.1,837,36084,2,2502
mlp,103,target,0.15,837,31417,2,7169
mlp,103,target,0.2,837,30783,2,7803
mlp,103,target,0.25,837,30264,2,8322
mlp,103,target,0.3,837,30124,2,8462
mlp,103,target,0.35,837,30018,2,8568
mlp,103,target,0.4,837,30001,2,8585
mlp,103,target,0.45,837,29952,2,8634
mlp,103,target,0.5,681,29935,158,8651
mlp,103,target,0.55,681,29925,158,8661
mlp,103,target,0.6,681,29600,158,8986
mlp,103,target,0.65,681,29420,158,9166
mlp,103,target,0.7,681,29398,158,9188
mlp,103,target,0.75,681,29372,158,9214
mlp,103,target,0.8,681,29348,158,9238
mlp,103,target,0.85,678,29319,161,9267
mlp,103,target,0.9,648,24936,191,13650
mlp,103,target,0.95,582,24897,257,13689
mlp,103,target,0.975,582,24855,257,13731
mlp,103,target,0.99,582,830,257,37756
mlp,103,target,0.995,582,774,257,37812
mlp,103,target,0.999,0,18,839,38568
majority,104,source_heldout,0.05,97763,1227,0,0
majority,104,source_heldout,0.1,97763,1227,0,0
majority,104,source_heldout,0.15,97763,1227,0,0
majority,104,source_heldout,0.2,97763,1227,0,0
majority,104,source_heldout,0.25,97763,1227,0,0
majority,104,source_heldout,0.3,97763,1227,0,0
majority,104,source_heldout,0.35,97763,1227,0,0
majority,104,source_heldout,0.4,97763,1227,0,0
majority,104,source_heldout,0.45,97763,1227,0,0
majority,104,source_heldout,0.5,97763,1227,0,0
majority,104,source_heldout,0.55,97763,1227,0,0
majority,104,source_heldout,0.6,97763,1227,0,0
majority,104,source_heldout,0.65,97763,1227,0,0
majority,104,source_heldout,0.7,97763,1227,0,0
majority,104,source_heldout,0.75,97763,1227,0,0
majority,104,source_heldout,0.8,97763,1227,0,0
majority,104,source_heldout,0.85,97763,1227,0,0
majority,104,source_heldout,0.9,97763,1227,0,0
majority,104,source_heldout,0.95,97763,1227,0,0
majority,104,source_heldout,0.975,97763,1227,0,0
majority,104,source_heldout,0.99,97763,1227,0,0
majority,104,source_heldout,0.995,97763,1227,0,0
majority,104,source_heldout,0.999,97763,1227,0,0
majority,104,target,0.05,839,38586,0,0
majority,104,target,0.1,839,38586,0,0
majority,104,target,0.15,839,38586,0,0
majority,104,target,0.2,839,38586,0,0
majority,104,target,0.25,839,38586,0,0
majority,104,target,0.3,839,38586,0,0
majority,104,target,0.35,839,38586,0,0
majority,104,target,0.4,839,38586,0,0
majority,104,target,0.45,839,38586,0,0
majority,104,target,0.5,839,38586,0,0
majority,104,target,0.55,839,38586,0,0
majority,104,target,0.6,839,38586,0,0
majority,104,target,0.65,839,38586,0,0
majority,104,target,0.7,839,38586,0,0
majority,104,target,0.75,839,38586,0,0
majority,104,target,0.8,839,38586,0,0
majority,104,target,0.85,839,38586,0,0
majority,104,target,0.9,839,38586,0,0
majority,104,target,0.95,839,38586,0,0
majority,104,target,0.975,839,38586,0,0
majority,104,target,0.99,839,38586,0,0
majority,104,target,0.995,839,38586,0,0
majority,104,target,0.999,839,38586,0,0
stratified,104,source_heldout,0.05,90480,1138,7283,89
stratified,104,source_heldout,0.1,90480,1138,7283,89
stratified,104,source_heldout,0.15,90480,1138,7283,89
stratified,104,source_heldout,0.2,90480,1138,7283,89
stratified,104,source_heldout,0.25,90480,1138,7283,89
stratified,104,source_heldout,0.3,90480,1138,7283,89
stratified,104,source_heldout,0.35,90480,1138,7283,89
stratified,104,source_heldout,0.4,90480,1138,7283,89
stratified,104,source_heldout,0.45,90480,1138,7283,89
stratified,104,source_heldout,0.5,90480,1138,7283,89
stratified,104,source_heldout,0.55,90480,1138,7283,89
stratified,104,source_heldout,0.6,90480,1138,7283,89
stratified,104,source_heldout,0.65,90480,1138,7283,89
stratified,104,source_heldout,0.7,90480,1138,7283,89
stratified,104,source_heldout,0.75,90480,1138,7283,89
stratified,104,source_heldout,0.8,90480,1138,7283,89
stratified,104,source_heldout,0.85,90480,1138,7283,89
stratified,104,source_heldout,0.9,90480,1138,7283,89
stratified,104,source_heldout,0.95,90480,1138,7283,89
stratified,104,source_heldout,0.975,90480,1138,7283,89
stratified,104,source_heldout,0.99,90480,1138,7283,89
stratified,104,source_heldout,0.995,90480,1138,7283,89
stratified,104,source_heldout,0.999,90480,1138,7283,89
stratified,104,target,0.05,775,35731,64,2855
stratified,104,target,0.1,775,35731,64,2855
stratified,104,target,0.15,775,35731,64,2855
stratified,104,target,0.2,775,35731,64,2855
stratified,104,target,0.25,775,35731,64,2855
stratified,104,target,0.3,775,35731,64,2855
stratified,104,target,0.35,775,35731,64,2855
stratified,104,target,0.4,775,35731,64,2855
stratified,104,target,0.45,775,35731,64,2855
stratified,104,target,0.5,775,35731,64,2855
stratified,104,target,0.55,775,35731,64,2855
stratified,104,target,0.6,775,35731,64,2855
stratified,104,target,0.65,775,35731,64,2855
stratified,104,target,0.7,775,35731,64,2855
stratified,104,target,0.75,775,35731,64,2855
stratified,104,target,0.8,775,35731,64,2855
stratified,104,target,0.85,775,35731,64,2855
stratified,104,target,0.9,775,35731,64,2855
stratified,104,target,0.95,775,35731,64,2855
stratified,104,target,0.975,775,35731,64,2855
stratified,104,target,0.99,775,35731,64,2855
stratified,104,target,0.995,775,35731,64,2855
stratified,104,target,0.999,775,35731,64,2855
logreg,104,source_heldout,0.05,96835,1036,928,191
logreg,104,source_heldout,0.1,95484,882,2279,345
logreg,104,source_heldout,0.15,95159,814,2604,413
logreg,104,source_heldout,0.2,93293,517,4470,710
logreg,104,source_heldout,0.25,91673,450,6090,777
logreg,104,source_heldout,0.3,91247,422,6516,805
logreg,104,source_heldout,0.35,90771,401,6992,826
logreg,104,source_heldout,0.4,89115,334,8648,893
logreg,104,source_heldout,0.45,85954,311,11809,916
logreg,104,source_heldout,0.5,85353,286,12410,941
logreg,104,source_heldout,0.55,84885,246,12878,981
logreg,104,source_heldout,0.6,84524,240,13239,987
logreg,104,source_heldout,0.65,81275,229,16488,998
logreg,104,source_heldout,0.7,80472,208,17291,1019
logreg,104,source_heldout,0.75,78201,159,19562,1068
logreg,104,source_heldout,0.8,56189,110,41574,1117
logreg,104,source_heldout,0.85,55104,99,42659,1128
logreg,104,source_heldout,0.9,51103,78,46660,1149
logreg,104,source_heldout,0.95,4725,20,93038,1207
logreg,104,source_heldout,0.975,3056,14,94707,1213
logreg,104,source_heldout,0.99,1392,10,96371,1217
logreg,104,source_heldout,0.995,1187,9,96576,1218
logreg,104,source_heldout,0.999,754,8,97009,1219
logreg,104,target,0.05,837,37980,2,606
logreg,104,target,0.1,739,37079,100,1507
logreg,104,target,0.15,738,31818,101,6768
logreg,104,target,0.2,738,31140,101,7446
logreg,104,target,0.25,738,30765,101,7821
logreg,104,target,0.3,738,6766,101,31820
logreg,104,target,0.35,736,6746,103,31840
logreg,104,target,0.4,736,6721,103,31865
logreg,104,target,0.45,736,6692,103,31894
logreg,104,target,0.5,580,6643,259,31943
logreg,104,target,0.55,580,6496,259,32090
logreg,104,target,0.6,580,6472,259,32114
logreg,104,target,0.65,580,6457,259,32129
logreg,104,target,0.7,580,6413,259,32173
logreg,104,target,0.75,580,5962,259,32624
logreg,104,target,0.8,580,1175,259,37411
logreg,104,target,0.85,580,1159,259,37427
logreg,104,target,0.9,580,892,259,37694
logreg,104,target,0.95,0,226,839,38360
logreg,104,target,0.975,0,225,839,38361
logreg,104,target,0.99,0,225,839,38361
logreg,104,target,0.995,0,225,839,38361
logreg,104,target,0.999,0,225,839,38361
tree,104,source_heldout,0.05,75412,421,22351,806
tree,104,source_heldout,0.1,74092,289,23671,938
tree,104,source_heldout,0.15,73733,250,24030,977
tree,104,source_heldout,0.2,73725,248,24038,979
tree,104,source_heldout,0.25,73640,245,24123,982
tree,104,source_heldout,0.3,72493,175,25270,1052
tree,104,source_heldout,0.35,72475,175,25288,1052
tree,104,source_heldout,0.4,71627,172,26136,1055
tree,104,source_heldout,0.45,71623,168,26140,1059
tree,104,source_heldout,0.5,71621,168,26142,1059
tree,104,source_heldout,0.55,71270,136,26493,1091
tree,104,source_heldout,0.6,71270,136,26493,1091
tree,104,source_heldout,0.65,71217,136,26546,1091
tree,104,source_heldout,0.7,71217,136,26546,1091
tree,104,source_heldout,0.75,71217,136,26546,1091
tree,104,source_heldout,0.8,71170,124,26593,1103
tree,104,source_heldout,0.85,71170,124,26593,1103
tree,104,source_heldout,0.9,71170,124,26593,1103
tree,104,source_heldout,0.95,69206,117,28557,1110
tree,104,source_heldout,0.975,69009,117,28754,1110
tree,104,source_heldout,0.99,69009,117,28754,1110
tree,104,source_heldout,0.995,69009,117,28754,1110
tree,104,source_heldout,0.999,68204,117,29559,1110
tree,104,target,0.05,818,5506,21,33080
tree,104,target,0.1,818,3447,21,35139
tree,104,target,0.15,818,2273,21,36313
tree,104,target,0.2,818,2159,21,36427
tree,104,target,0.25,818,2123,21,36463
tree,104,target,0.3,818,2123,21,36463
tree,104,target,0.35,818,2088,21,36498
tree,104,target,0.4,818,2024,21,36562
tree,104,target,0.45,818,2024,21,36562
tree,104,target,0.5,818,2024,21,36562
tree,104,target,0.55,818,1964,21,36622
tree,104,target,0.6,818,1964,21,36622
tree,104,target,0.65,818,1962,21,36624
tree,104,target,0.7,818,1962,21,36624
tree,104,target,0.75,818,1962,21,36624
tree,104,target,0.8,818,1962,21,36624
tree,104,target,0.85,818,1962,21,36624
tree,104,target,0.9,818,1962,21,36624
tree,104,target,0.95,818,1962,21,36624
tree,104,target,0.975,818,1942,21,36644
tree,104,target,0.99,818,1942,21,36644
tree,104,target,0.995,818,1942,21,36644
tree,104,target,0.999,662,1937,177,36649
rf,104,source_heldout,0.05,94571,743,3192,484
rf,104,source_heldout,0.1,94414,623,3349,604
rf,104,source_heldout,0.15,93634,497,4129,730
rf,104,source_heldout,0.2,93429,409,4334,818
rf,104,source_heldout,0.25,79619,353,18144,874
rf,104,source_heldout,0.3,76617,305,21146,922
rf,104,source_heldout,0.35,76305,259,21458,968
rf,104,source_heldout,0.4,74998,225,22765,1002
rf,104,source_heldout,0.45,74270,203,23493,1024
rf,104,source_heldout,0.5,73105,188,24658,1039
rf,104,source_heldout,0.55,69861,150,27902,1077
rf,104,source_heldout,0.6,68487,118,29276,1109
rf,104,source_heldout,0.65,67935,83,29828,1144
rf,104,source_heldout,0.7,66268,63,31495,1164
rf,104,source_heldout,0.75,57994,54,39769,1173
rf,104,source_heldout,0.8,55961,31,41802,1196
rf,104,source_heldout,0.85,48349,21,49414,1206
rf,104,source_heldout,0.9,44131,8,53632,1219
rf,104,source_heldout,0.95,16035,3,81728,1224
rf,104,source_heldout,0.975,13535,2,84228,1225
rf,104,source_heldout,0.99,11126,0,86637,1227
rf,104,source_heldout,0.995,9675,0,88088,1227
rf,104,source_heldout,0.999,7234,0,90529,1227
rf,104,target,0.05,839,38572,0,14
rf,104,target,0.1,839,38506,0,80
rf,104,target,0.15,839,38225,0,361
rf,104,target,0.2,839,35427,0,3159
rf,104,target,0.25,839,33727,0,4859
rf,104,target,0.3,839,33373,0,5213
rf,104,target,0.35,839,11008,0,27578
rf,104,target,0.4,839,3255,0,35331
rf,104,target,0.45,838,2676,1,35910
rf,104,target,0.5,837,2325,2,36261
rf,104,target,0.55,837,2137,2,36449
rf,104,target,0.6,836,1652,3,36934
rf,104,target,0.65,836,1451,3,37135
rf,104,target,0.7,814,1202,25,37384
rf,104,target,0.75,738,963,101,37623
rf,104,target,0.8,736,861,103,37725
rf,104,target,0.85,596,777,243,37809
rf,104,target,0.9,156,168,683,38418
rf,104,target,0.95,38,56,801,38530
rf,104,target,0.975,0,0,839,38586
rf,104,target,0.99,0,0,839,38586
rf,104,target,0.995,0,0,839,38586
rf,104,target,0.999,0,0,839,38586
xgboost,104,source_heldout,0.05,92564,348,5199,879
xgboost,104,source_heldout,0.1,91362,253,6401,974
xgboost,104,source_heldout,0.15,88415,187,9348,1040
xgboost,104,source_heldout,0.2,78166,149,19597,1078
xgboost,104,source_heldout,0.25,74851,125,22912,1102
xgboost,104,source_heldout,0.3,74258,116,23505,1111
xgboost,104,source_heldout,0.35,73936,109,23827,1118
xgboost,104,source_heldout,0.4,73398,80,24365,1147
xgboost,104,source_heldout,0.45,72521,64,25242,1163
xgboost,104,source_heldout,0.5,72266,53,25497,1174
xgboost,104,source_heldout,0.55,72041,48,25722,1179
xgboost,104,source_heldout,0.6,71848,44,25915,1183
xgboost,104,source_heldout,0.65,71411,37,26352,1190
xgboost,104,source_heldout,0.7,68589,35,29174,1192
xgboost,104,source_heldout,0.75,64688,27,33075,1200
xgboost,104,source_heldout,0.8,64172,20,33591,1207
xgboost,104,source_heldout,0.85,62302,17,35461,1210
xgboost,104,source_heldout,0.9,57060,9,40703,1218
xgboost,104,source_heldout,0.95,28966,6,68797,1221
xgboost,104,source_heldout,0.975,23744,1,74019,1226
xgboost,104,source_heldout,0.99,21617,0,76146,1227
xgboost,104,source_heldout,0.995,15110,0,82653,1227
xgboost,104,source_heldout,0.999,11758,0,86005,1227
xgboost,104,target,0.05,839,33524,0,5062
xgboost,104,target,0.1,839,29715,0,8871
xgboost,104,target,0.15,839,29048,0,9538
xgboost,104,target,0.2,839,28150,0,10436
xgboost,104,target,0.25,839,6318,0,32268
xgboost,104,target,0.3,839,6172,0,32414
xgboost,104,target,0.35,839,6099,0,32487
xgboost,104,target,0.4,837,6040,2,32546
xgboost,104,target,0.45,837,6009,2,32577
xgboost,104,target,0.5,837,5737,2,32849
xgboost,104,target,0.55,837,5716,2,32870
xgboost,104,target,0.6,837,5692,2,32894
xgboost,104,target,0.65,837,5665,2,32921
xgboost,104,target,0.7,837,5557,2,33029
xgboost,104,target,0.75,837,5490,2,33096
xgboost,104,target,0.8,837,5424,2,33162
xgboost,104,target,0.85,695,5330,144,33256
xgboost,104,target,0.9,695,936,144,37650
xgboost,104,target,0.95,625,784,214,37802
xgboost,104,target,0.975,159,180,680,38406
xgboost,104,target,0.99,158,54,681,38532
xgboost,104,target,0.995,158,54,681,38532
xgboost,104,target,0.999,156,48,683,38538
hgb,104,source_heldout,0.05,92632,391,5131,836
hgb,104,source_heldout,0.1,76311,272,21452,955
hgb,104,source_heldout,0.15,75510,213,22253,1014
hgb,104,source_heldout,0.2,75164,183,22599,1044
hgb,104,source_heldout,0.25,74960,164,22803,1063
hgb,104,source_heldout,0.3,74294,131,23469,1096
hgb,104,source_heldout,0.35,73354,119,24409,1108
hgb,104,source_heldout,0.4,73140,103,24623,1124
hgb,104,source_heldout,0.45,72844,92,24919,1135
hgb,104,source_heldout,0.5,72380,77,25383,1150
hgb,104,source_heldout,0.55,72074,63,25689,1164
hgb,104,source_heldout,0.6,71563,48,26200,1179
hgb,104,source_heldout,0.65,66354,34,31409,1193
hgb,104,source_heldout,0.7,50530,31,47233,1196
hgb,104,source_heldout,0.75,45191,23,52572,1204
hgb,104,source_heldout,0.8,44502,19,53261,1208
hgb,104,source_heldout,0.85,43277,13,54486,1214
hgb,104,source_heldout,0.9,39823,7,57940,1220
hgb,104,source_heldout,0.95,33179,5,64584,1222
hgb,104,source_heldout,0.975,32256,3,65507,1224
hgb,104,source_heldout,0.99,25156,1,72607,1226
hgb,104,source_heldout,0.995,20891,0,76872,1227
hgb,104,source_heldout,0.999,15740,0,82023,1227
hgb,104,target,0.05,839,33287,0,5299
hgb,104,target,0.1,839,30085,0,8501
hgb,104,target,0.15,839,7743,0,30843
hgb,104,target,0.2,839,7178,0,31408
hgb,104,target,0.25,837,6767,2,31819
hgb,104,target,0.3,837,6071,2,32515
hgb,104,target,0.35,836,5994,3,32592
hgb,104,target,0.4,836,5939,3,32647
hgb,104,target,0.45,836,5872,3,32714
hgb,104,target,0.5,836,5818,3,32768
hgb,104,target,0.55,836,5715,3,32871
hgb,104,target,0.6,836,5687,3,32899
hgb,104,target,0.65,836,5601,3,32985
hgb,104,target,0.7,836,5555,3,33031
hgb,104,target,0.75,836,5489,3,33097
hgb,104,target,0.8,836,5391,3,33195
hgb,104,target,0.85,834,5318,5,33268
hgb,104,target,0.9,785,5276,54,33310
hgb,104,target,0.95,774,820,65,37766
hgb,104,target,0.975,739,685,100,37901
hgb,104,target,0.99,596,617,243,37969
hgb,104,target,0.995,596,611,243,37975
hgb,104,target,0.999,156,29,683,38557
mlp,104,source_heldout,0.05,96071,698,1692,529
mlp,104,source_heldout,0.1,95127,535,2636,692
mlp,104,source_heldout,0.15,94831,416,2932,811
mlp,104,source_heldout,0.2,94658,356,3105,871
mlp,104,source_heldout,0.25,94419,332,3344,895
mlp,104,source_heldout,0.3,93247,282,4516,945
mlp,104,source_heldout,0.35,90953,167,6810,1060
mlp,104,source_heldout,0.4,89938,139,7825,1088
mlp,104,source_heldout,0.45,89087,118,8676,1109
mlp,104,source_heldout,0.5,88209,108,9554,1119
mlp,104,source_heldout,0.55,87880,94,9883,1133
mlp,104,source_heldout,0.6,87472,81,10291,1146
mlp,104,source_heldout,0.65,87044,78,10719,1149
mlp,104,source_heldout,0.7,77563,61,20200,1166
mlp,104,source_heldout,0.75,71825,42,25938,1185
mlp,104,source_heldout,0.8,69862,36,27901,1191
mlp,104,source_heldout,0.85,65178,32,32585,1195
mlp,104,source_heldout,0.9,61869,28,35894,1199
mlp,104,source_heldout,0.95,60184,18,37579,1209
mlp,104,source_heldout,0.975,58497,10,39266,1217
mlp,104,source_heldout,0.99,45521,9,52242,1218
mlp,104,source_heldout,0.995,9408,9,88355,1218
mlp,104,source_heldout,0.999,1404,9,96359,1218
mlp,104,target,0.05,839,34040,0,4546
mlp,104,target,0.1,839,32792,0,5794
mlp,104,target,0.15,738,31855,101,6731
mlp,104,target,0.2,737,6806,102,31780
mlp,104,target,0.25,580,6438,259,32148
mlp,104,target,0.3,580,6304,259,32282
mlp,104,target,0.35,580,6081,259,32505
mlp,104,target,0.4,580,5986,259,32600
mlp,104,target,0.45,580,5948,259,32638
mlp,104,target,0.5,580,5895,259,32691
mlp,104,target,0.55,580,5786,259,32800
mlp,104,target,0.6,580,1379,259,37207
mlp,104,target,0.65,580,1331,259,37255
mlp,104,target,0.7,580,1313,259,37273
mlp,104,target,0.75,580,1157,259,37429
mlp,104,target,0.8,580,1102,259,37484
mlp,104,target,0.85,580,1087,259,37499
mlp,104,target,0.9,580,1029,259,37557
mlp,104,target,0.95,580,996,259,37590
mlp,104,target,0.975,580,958,259,37628
mlp,104,target,0.99,0,251,839,38335
mlp,104,target,0.995,0,227,839,38359
mlp,104,target,0.999,0,225,839,38361
majority,105,source_heldout,0.05,89098,99,0,0
majority,105,source_heldout,0.1,89098,99,0,0
majority,105,source_heldout,0.15,89098,99,0,0
majority,105,source_heldout,0.2,89098,99,0,0
majority,105,source_heldout,0.25,89098,99,0,0
majority,105,source_heldout,0.3,89098,99,0,0
majority,105,source_heldout,0.35,89098,99,0,0
majority,105,source_heldout,0.4,89098,99,0,0
majority,105,source_heldout,0.45,89098,99,0,0
majority,105,source_heldout,0.5,89098,99,0,0
majority,105,source_heldout,0.55,89098,99,0,0
majority,105,source_heldout,0.6,89098,99,0,0
majority,105,source_heldout,0.65,89098,99,0,0
majority,105,source_heldout,0.7,89098,99,0,0
majority,105,source_heldout,0.75,89098,99,0,0
majority,105,source_heldout,0.8,89098,99,0,0
majority,105,source_heldout,0.85,89098,99,0,0
majority,105,source_heldout,0.9,89098,99,0,0
majority,105,source_heldout,0.95,89098,99,0,0
majority,105,source_heldout,0.975,89098,99,0,0
majority,105,source_heldout,0.99,89098,99,0,0
majority,105,source_heldout,0.995,89098,99,0,0
majority,105,source_heldout,0.999,89098,99,0,0
majority,105,target,0.05,839,38586,0,0
majority,105,target,0.1,839,38586,0,0
majority,105,target,0.15,839,38586,0,0
majority,105,target,0.2,839,38586,0,0
majority,105,target,0.25,839,38586,0,0
majority,105,target,0.3,839,38586,0,0
majority,105,target,0.35,839,38586,0,0
majority,105,target,0.4,839,38586,0,0
majority,105,target,0.45,839,38586,0,0
majority,105,target,0.5,839,38586,0,0
majority,105,target,0.55,839,38586,0,0
majority,105,target,0.6,839,38586,0,0
majority,105,target,0.65,839,38586,0,0
majority,105,target,0.7,839,38586,0,0
majority,105,target,0.75,839,38586,0,0
majority,105,target,0.8,839,38586,0,0
majority,105,target,0.85,839,38586,0,0
majority,105,target,0.9,839,38586,0,0
majority,105,target,0.95,839,38586,0,0
majority,105,target,0.975,839,38586,0,0
majority,105,target,0.99,839,38586,0,0
majority,105,target,0.995,839,38586,0,0
majority,105,target,0.999,839,38586,0,0
stratified,105,source_heldout,0.05,82315,91,6783,8
stratified,105,source_heldout,0.1,82315,91,6783,8
stratified,105,source_heldout,0.15,82315,91,6783,8
stratified,105,source_heldout,0.2,82315,91,6783,8
stratified,105,source_heldout,0.25,82315,91,6783,8
stratified,105,source_heldout,0.3,82315,91,6783,8
stratified,105,source_heldout,0.35,82315,91,6783,8
stratified,105,source_heldout,0.4,82315,91,6783,8
stratified,105,source_heldout,0.45,82315,91,6783,8
stratified,105,source_heldout,0.5,82315,91,6783,8
stratified,105,source_heldout,0.55,82315,91,6783,8
stratified,105,source_heldout,0.6,82315,91,6783,8
stratified,105,source_heldout,0.65,82315,91,6783,8
stratified,105,source_heldout,0.7,82315,91,6783,8
stratified,105,source_heldout,0.75,82315,91,6783,8
stratified,105,source_heldout,0.8,82315,91,6783,8
stratified,105,source_heldout,0.85,82315,91,6783,8
stratified,105,source_heldout,0.9,82315,91,6783,8
stratified,105,source_heldout,0.95,82315,91,6783,8
stratified,105,source_heldout,0.975,82315,91,6783,8
stratified,105,source_heldout,0.99,82315,91,6783,8
stratified,105,source_heldout,0.995,82315,91,6783,8
stratified,105,source_heldout,0.999,82315,91,6783,8
stratified,105,target,0.05,775,35675,64,2911
stratified,105,target,0.1,775,35675,64,2911
stratified,105,target,0.15,775,35675,64,2911
stratified,105,target,0.2,775,35675,64,2911
stratified,105,target,0.25,775,35675,64,2911
stratified,105,target,0.3,775,35675,64,2911
stratified,105,target,0.35,775,35675,64,2911
stratified,105,target,0.4,775,35675,64,2911
stratified,105,target,0.45,775,35675,64,2911
stratified,105,target,0.5,775,35675,64,2911
stratified,105,target,0.55,775,35675,64,2911
stratified,105,target,0.6,775,35675,64,2911
stratified,105,target,0.65,775,35675,64,2911
stratified,105,target,0.7,775,35675,64,2911
stratified,105,target,0.75,775,35675,64,2911
stratified,105,target,0.8,775,35675,64,2911
stratified,105,target,0.85,775,35675,64,2911
stratified,105,target,0.9,775,35675,64,2911
stratified,105,target,0.95,775,35675,64,2911
stratified,105,target,0.975,775,35675,64,2911
stratified,105,target,0.99,775,35675,64,2911
stratified,105,target,0.995,775,35675,64,2911
stratified,105,target,0.999,775,35675,64,2911
logreg,105,source_heldout,0.05,88981,58,117,41
logreg,105,source_heldout,0.1,88337,38,761,61
logreg,105,source_heldout,0.15,88304,28,794,71
logreg,105,source_heldout,0.2,87610,24,1488,75
logreg,105,source_heldout,0.25,86872,24,2226,75
logreg,105,source_heldout,0.3,86402,22,2696,77
logreg,105,source_heldout,0.35,86306,21,2792,78
logreg,105,source_heldout,0.4,86219,21,2879,78
logreg,105,source_heldout,0.45,86080,18,3018,81
logreg,105,source_heldout,0.5,82885,17,6213,82
logreg,105,source_heldout,0.55,82658,16,6440,83
logreg,105,source_heldout,0.6,82469,14,6629,85
logreg,105,source_heldout,0.65,82232,13,6866,86
logreg,105,source_heldout,0.7,81826,13,7272,86
logreg,105,source_heldout,0.75,59465,12,29633,87
logreg,105,source_heldout,0.8,58496,12,30602,87
logreg,105,source_heldout,0.85,54585,12,34513,87
logreg,105,source_heldout,0.9,50459,12,38639,87
logreg,105,source_heldout,0.95,3476,11,85622,88
logreg,105,source_heldout,0.975,2937,10,86161,89
logreg,105,source_heldout,0.99,1275,8,87823,91
logreg,105,source_heldout,0.995,915,8,88183,91
logreg,105,source_heldout,0.999,503,4,88595,95
logreg,105,target,0.05,837,38072,2,514
logreg,105,target,0.1,837,37844,2,742
logreg,105,target,0.15,739,36159,100,2427
logreg,105,target,0.2,739,31509,100,7077
logreg,105,target,0.25,738,30957,101,7629
logreg,105,target,0.3,738,30746,101,7840
logreg,105,target,0.35,738,30718,101,7868
logreg,105,target,0.4,738,6711,101,31875
logreg,105,target,0.45,580,6653,259,31933
logreg,105,target,0.5,580,6520,259,32066
logreg,105,target,0.55,580,6473,259,32113
logreg,105,target,0.6,580,6021,259,32565
logreg,105,target,0.65,580,5974,259,32612
logreg,105,target,0.7,580,5859,259,32727
logreg,105,target,0.75,580,1154,259,37432
logreg,105,target,0.8,580,1132,259,37454
logreg,105,target,0.85,580,877,259,37709
logreg,105,target,0.9,580,869,259,37717
logreg,105,target,0.95,0,205,839,38381
logreg,105,target,0.975,0,191,839,38395
logreg,105,target,0.99,0,0,839,38586
logreg,105,target,0.995,0,0,839,38586
logreg,105,target,0.999,0,0,839,38586
tree,105,source_heldout,0.05,72542,91,16556,8
tree,105,source_heldout,0.1,72063,60,17035,39
tree,105,source_heldout,0.15,67627,37,21471,62
tree,105,source_heldout,0.2,67602,34,21496,65
tree,105,source_heldout,0.25,64850,30,24248,69
tree,105,source_heldout,0.3,64698,30,24400,69
tree,105,source_heldout,0.35,64698,30,24400,69
tree,105,source_heldout,0.4,64695,27,24403,72
tree,105,source_heldout,0.45,64695,27,24403,72
tree,105,source_heldout,0.5,64695,27,24403,72
tree,105,source_heldout,0.55,64695,27,24403,72
tree,105,source_heldout,0.6,64256,27,24842,72
tree,105,source_heldout,0.65,64256,27,24842,72
tree,105,source_heldout,0.7,64256,27,24842,72
tree,105,source_heldout,0.75,64256,27,24842,72
tree,105,source_heldout,0.8,64256,27,24842,72
tree,105,source_heldout,0.85,63167,27,25931,72
tree,105,source_heldout,0.9,62954,27,26144,72
tree,105,source_heldout,0.95,62952,27,26146,72
tree,105,source_heldout,0.975,62952,27,26146,72
tree,105,source_heldout,0.99,61223,27,27875,72
tree,105,source_heldout,0.995,57222,27,31876,72
tree,105,source_heldout,0.999,57222,27,31876,72
tree,105,target,0.05,838,37039,1,1547
tree,105,target,0.1,838,33153,1,5433
tree,105,target,0.15,838,30759,1,7827
tree,105,target,0.2,838,30258,1,8328
tree,105,target,0.25,838,30223,1,8363
tree,105,target,0.3,838,30223,1,8363
tree,105,target,0.35,838,30214,1,8372
tree,105,target,0.4,838,30095,1,8491
tree,105,target,0.45,838,30095,1,8491
tree,105,target,0.5,838,30095,1,8491
tree,105,target,0.55,838,30095,1,8491
tree,105,target,0.6,838,30095,1,8491
tree,105,target,0.65,838,30095,1,8491
tree,105,target,0.7,838,30095,1,8491
tree,105,target,0.75,838,30095,1,8491
tree,105,target,0.8,838,30095,1,8491
tree,105,target,0.85,838,30095,1,8491
tree,105,target,0.9,838,30072,1,8514
tree,105,target,0.95,838,30072,1,8514
tree,105,target,0.975,838,30072,1,8514
tree,105,target,0.99,838,30034,1,8552
tree,105,target,0.995,838,30034,1,8552
tree,105,target,0.999,838,30034,1,8552
rf,105,source_heldout,0.05,89096,89,2,10
rf,105,source_heldout,0.1,89066,78,32,21
rf,105,source_heldout,0.15,89022,72,76,27
rf,105,source_heldout,0.2,88990,69,108,30
rf,105,source_heldout,0.25,88888,63,210,36
rf,105,source_heldout,0.3,74926,56,14172,43
rf,105,source_heldout,0.35,73175,54,15923,45
rf,105,source_heldout,0.4,72266,50,16832,49
rf,105,source_heldout,0.45,72198,49,16900,50
rf,105,source_heldout,0.5,72040,45,17058,54
rf,105,source_heldout,0.55,71776,41,17322,58
rf,105,source_heldout,0.6,71424,37,17674,62
rf,105,source_heldout,0.65,71042,35,18056,64
rf,105,source_heldout,0.7,69783,25,19315,74
rf,105,source_heldout,0.75,65858,17,23240,82
rf,105,source_heldout,0.8,59250,10,29848,89
rf,105,source_heldout,0.85,58827,9,30271,90
rf,105,source_heldout,0.9,52427,5,36671,94
rf,105,source_heldout,0.95,46508,2,42590,97
rf,105,source_heldout,0.975,30666,0,58432,99
rf,105,source_heldout,0.99,7849,0,81249,99
rf,105,source_heldout,0.995,7050,0,82048,99
rf,105,source_heldout,0.999,6059,0,83039,99
rf,105,target,0.05,839,38552,0,34
rf,105,target,0.1,839,38500,0,86
rf,105,target,0.15,839,38456,0,130
rf,105,target,0.2,839,38370,0,216
rf,105,target,0.25,839,37924,0,662
rf,105,target,0.3,839,37742,0,844
rf,105,target,0.35,839,37342,0,1244
rf,105,target,0.4,839,33766,0,4820
rf,105,target,0.45,839,32616,0,5970
rf,105,target,0.5,839,31723,0,6863
rf,105,target,0.55,838,31014,1,7572
rf,105,target,0.6,836,30585,3,8001
rf,105,target,0.65,836,30033,3,8553
rf,105,target,0.7,766,29361,73,9225
rf,105,target,0.75,738,29257,101,9329
rf,105,target,0.8,738,29154,101,9432
rf,105,target,0.85,738,7675,101,30911
rf,105,target,0.9,736,802,103,37784
rf,105,target,0.95,649,778,190,37808
rf,105,target,0.975,440,717,399,37869
rf,105,target,0.99,0,57,839,38529
rf,105,target,0.995,0,4,839,38582
rf,105,target,0.999,0,0,839,38586
xgboost,105,source_heldout,0.05,89080,98,18,1
xgboost,105,source_heldout,0.1,88903,73,195,26
xgboost,105,source_heldout,0.15,87468,54,1630,45
xgboost,105,source_heldout,0.2,86689,43,2409,56
xgboost,105,source_heldout,0.25,85984,39,3114,60
xgboost,105,source_heldout,0.3,81680,29,7418,70
xgboost,105,source_heldout,0.35,78749,27,10349,72
xgboost,105,source_heldout,0.4,72755,26,16343,73
xgboost,105,source_heldout,0.45,72719,24,16379,75
xgboost,105,source_heldout,0.5,71989,23,17109,76
xgboost,105,source_heldout,0.55,71826,20,17272,79
xgboost,105,source_heldout,0.6,71603,16,17495,83
xgboost,105,source_heldout,0.65,71295,13,17803,86
xgboost,105,source_heldout,0.7,70939,13,18159,86
xgboost,105,source_heldout,0.75,70081,12,19017,87
xgboost,105,source_heldout,0.8,69006,10,20092,89
xgboost,105,source_heldout,0.85,66082,9,23016,90
xgboost,105,source_heldout,0.9,65615,6,23483,93
xgboost,105,source_heldout,0.95,64873,2,24225,97
xgboost,105,source_heldout,0.975,61656,0,27442,99
xgboost,105,source_heldout,0.99,29682,0,59416,99
xgboost,105,source_heldout,0.995,16329,0,72769,99
xgboost,105,source_heldout,0.999,11269,0,77829,99
xgboost,105,target,0.05,839,38078,0,508
xgboost,105,target,0.1,839,34203,0,4383
xgboost,105,target,0.15,839,31700,0,6886
xgboost,105,target,0.2,837,30936,2,7650
xgboost,105,target,0.25,837,30698,2,7888
xgboost,105,target,0.3,837,29853,2,8733
xgboost,105,target,0.35,837,29769,2,8817
xgboost,105,target,0.4,837,29656,2,8930
xgboost,105,target,0.45,837,29560,2,9026
xgboost,105,target,0.5,837,29491,2,9095
xgboost,105,target,0.55,837,29440,2,9146
xgboost,105,target,0.6,836,29383,3,9203
xgboost,105,target,0.65,836,29351,3,9235
xgboost,105,target,0.7,836,29321,3,9265
xgboost,105,target,0.75,836,29303,3,9283
xgboost,105,target,0.8,836,29265,3,9321
xgboost,105,target,0.85,835,29204,4,9382
xgboost,105,target,0.9,812,7657,27,30929
xgboost,105,target,0.95,738,5093,101,33493
xgboost,105,target,0.975,738,682,101,37904
xgboost,105,target,0.99,738,676,101,37910
xgboost,105,target,0.995,598,634,241,37952
xgboost,105,target,0.999,0,0,839,38586
hgb,105,source_heldout,0.05,88626,97,472,2
hgb,105,source_heldout,0.1,74653,84,14445,15
hgb,105,source_heldout,0.15,72579,41,16519,58
hgb,105,source_heldout,0.2,72458,38,16640,61
hgb,105,source_heldout,0.25,72229,34,16869,65
hgb,105,source_heldout,0.3,72052,32,17046,67
hgb,105,source_heldout,0.35,71898,31,17200,68
hgb,105,source_heldout,0.4,71738,25,17360,74
hgb,105,source_heldout,0.45,71411,24,17687,75
hgb,105,source_heldout,0.5,71251,24,17847,75
hgb,105,source_heldout,0.55,71075,24,18023,75
hgb,105,source_heldout,0.6,70742,21,18356,78
hgb,105,source_heldout,0.65,70457,20,18641,79
hgb,105,source_heldout,0.7,69591,17,19507,82
hgb,105,source_heldout,0.75,69211,11,19887,88
hgb,105,source_heldout,0.8,68947,7,20151,92
hgb,105,source_heldout,0.85,67561,5,21537,94
hgb,105,source_heldout,0.9,66760,3,22338,96
hgb,105,source_heldout,0.95,62329,0,26769,99
hgb,105,source_heldout,0.975,59647,0,29451,99
hgb,105,source_heldout,0.99,27748,0,61350,99
hgb,105,source_heldout,0.995,24493,0,64605,99
hgb,105,source_heldout,0.999,12972,0,76126,99
hgb,105,target,0.05,839,37056,0,1530
hgb,105,target,0.1,837,32945,2,5641
hgb,105,target,0.15,837,31412,2,7174
hgb,105,target,0.2,837,30563,2,8023
hgb,105,target,0.25,837,30302,2,8284
hgb,105,target,0.3,837,30233,2,8353
hgb,105,target,0.35,837,30202,2,8384
hgb,105,target,0.4,837,29930,2,8656
hgb,105,target,0.45,836,29767,3,8819
hgb,105,target,0.5,836,29670,3,8916
hgb,105,target,0.55,836,29624,3,8962
hgb,105,target,0.6,836,29554,3,9032
hgb,105,target,0.65,836,29401,3,9185
hgb,105,target,0.7,836,29365,3,9221
hgb,105,target,0.75,836,7861,3,30725
hgb,105,target,0.8,836,5337,3,33249
hgb,105,target,0.85,836,5306,3,33280
hgb,105,target,0.9,803,5206,36,33380
hgb,105,target,0.95,752,5157,87,33429
hgb,105,target,0.975,738,5004,101,33582
hgb,105,target,0.99,738,5000,101,33586
hgb,105,target,0.995,738,673,101,37913
hgb,105,target,0.999,457,603,382,37983
mlp,105,source_heldout,0.05,89044,90,54,9
mlp,105,source_heldout,0.1,88957,67,141,32
mlp,105,source_heldout,0.15,88221,49,877,50
mlp,105,source_heldout,0.2,88152,38,946,61
mlp,105,source_heldout,0.25,88102,34,996,65
mlp,105,source_heldout,0.3,88028,31,1070,68
mlp,105,source_heldout,0.35,87911,30,1187,69
mlp,105,source_heldout,0.4,87701,23,1397,76
mlp,105,source_heldout,0.45,87540,16,1558,83
mlp,105,source_heldout,0.5,87377,16,1721,83
mlp,105,source_heldout,0.55,87217,16,1881,83
mlp,105,source_heldout,0.6,86938,16,2160,83
mlp,105,source_heldout,0.65,86504,16,2594,83
mlp,105,source_heldout,0.7,85153,15,3945,84
mlp,105,source_heldout,0.75,84336,11,4762,88
mlp,105,source_heldout,0.8,83618,11,5480,88
mlp,105,source_heldout,0.85,69511,11,19587,88
mlp,105,source_heldout,0.9,65927,10,23171,89
mlp,105,source_heldout,0.95,63999,9,25099,90
mlp,105,source_heldout,0.975,62872,9,26226,90
mlp,105,source_heldout,0.99,61606,8,27492,91
mlp,105,source_heldout,0.995,58278,7,30820,92
mlp,105,source_heldout,0.999,17383,7,71715,92
mlp,105,target,0.05,837,38159,2,427
mlp,105,target,0.1,837,32449,2,6137
mlp,105,target,0.15,837,31083,2,7503
mlp,105,target,0.2,837,6711,2,31875
mlp,105,target,0.25,682,6381,157,32205
mlp,105,target,0.3,679,6145,160,32441
mlp,105,target,0.35,679,5938,160,32648
mlp,105,target,0.4,678,5927,161,32659
mlp,105,target,0.45,675,5917,164,32669
mlp,105,target,0.5,671,5906,168,32680
mlp,105,target,0.55,660,5900,179,32686
mlp,105,target,0.6,640,5881,199,32705
mlp,105,target,0.65,598,5542,241,33044
mlp,105,target,0.7,580,5499,259,33087
mlp,105,target,0.75,580,5459,259,33127
mlp,105,target,0.8,580,5374,259,33212
mlp,105,target,0.85,580,5360,259,33226
mlp,105,target,0.9,580,5343,259,33243
mlp,105,target,0.95,580,859,259,37727
mlp,105,target,0.975,580,851,259,37735
mlp,105,target,0.99,580,845,259,37741
mlp,105,target,0.995,580,845,259,37741
mlp,105,target,0.999,0,225,839,38361
majority,106,source_heldout,0.05,84344,3451,0,0
majority,106,source_heldout,0.1,84344,3451,0,0
majority,106,source_heldout,0.15,84344,3451,0,0
majority,106,source_heldout,0.2,84344,3451,0,0
majority,106,source_heldout,0.25,84344,3451,0,0
majority,106,source_heldout,0.3,84344,3451,0,0
majority,106,source_heldout,0.35,84344,3451,0,0
majority,106,source_heldout,0.4,84344,3451,0,0
majority,106,source_heldout,0.45,84344,3451,0,0
majority,106,source_heldout,0.5,84344,3451,0,0
majority,106,source_heldout,0.55,84344,3451,0,0
majority,106,source_heldout,0.6,84344,3451,0,0
majority,106,source_heldout,0.65,84344,3451,0,0
majority,106,source_heldout,0.7,84344,3451,0,0
majority,106,source_heldout,0.75,84344,3451,0,0
majority,106,source_heldout,0.8,84344,3451,0,0
majority,106,source_heldout,0.85,84344,3451,0,0
majority,106,source_heldout,0.9,84344,3451,0,0
majority,106,source_heldout,0.95,84344,3451,0,0
majority,106,source_heldout,0.975,84344,3451,0,0
majority,106,source_heldout,0.99,84344,3451,0,0
majority,106,source_heldout,0.995,84344,3451,0,0
majority,106,source_heldout,0.999,84344,3451,0,0
majority,106,target,0.05,839,38586,0,0
majority,106,target,0.1,839,38586,0,0
majority,106,target,0.15,839,38586,0,0
majority,106,target,0.2,839,38586,0,0
majority,106,target,0.25,839,38586,0,0
majority,106,target,0.3,839,38586,0,0
majority,106,target,0.35,839,38586,0,0
majority,106,target,0.4,839,38586,0,0
majority,106,target,0.45,839,38586,0,0
majority,106,target,0.5,839,38586,0,0
majority,106,target,0.55,839,38586,0,0
majority,106,target,0.6,839,38586,0,0
majority,106,target,0.65,839,38586,0,0
majority,106,target,0.7,839,38586,0,0
majority,106,target,0.75,839,38586,0,0
majority,106,target,0.8,839,38586,0,0
majority,106,target,0.85,839,38586,0,0
majority,106,target,0.9,839,38586,0,0
majority,106,target,0.95,839,38586,0,0
majority,106,target,0.975,839,38586,0,0
majority,106,target,0.99,839,38586,0,0
majority,106,target,0.995,839,38586,0,0
majority,106,target,0.999,839,38586,0,0
stratified,106,source_heldout,0.05,79262,3263,5082,188
stratified,106,source_heldout,0.1,79262,3263,5082,188
stratified,106,source_heldout,0.15,79262,3263,5082,188
stratified,106,source_heldout,0.2,79262,3263,5082,188
stratified,106,source_heldout,0.25,79262,3263,5082,188
stratified,106,source_heldout,0.3,79262,3263,5082,188
stratified,106,source_heldout,0.35,79262,3263,5082,188
stratified,106,source_heldout,0.4,79262,3263,5082,188
stratified,106,source_heldout,0.45,79262,3263,5082,188
stratified,106,source_heldout,0.5,79262,3263,5082,188
stratified,106,source_heldout,0.55,79262,3263,5082,188
stratified,106,source_heldout,0.6,79262,3263,5082,188
stratified,106,source_heldout,0.65,79262,3263,5082,188
stratified,106,source_heldout,0.7,79262,3263,5082,188
stratified,106,source_heldout,0.75,79262,3263,5082,188
stratified,106,source_heldout,0.8,79262,3263,5082,188
stratified,106,source_heldout,0.85,79262,3263,5082,188
stratified,106,source_heldout,0.9,79262,3263,5082,188
stratified,106,source_heldout,0.95,79262,3263,5082,188
stratified,106,source_heldout,0.975,79262,3263,5082,188
stratified,106,source_heldout,0.99,79262,3263,5082,188
stratified,106,source_heldout,0.995,79262,3263,5082,188
stratified,106,source_heldout,0.999,79262,3263,5082,188
stratified,106,target,0.05,787,36292,52,2294
stratified,106,target,0.1,787,36292,52,2294
stratified,106,target,0.15,787,36292,52,2294
stratified,106,target,0.2,787,36292,52,2294
stratified,106,target,0.25,787,36292,52,2294
stratified,106,target,0.3,787,36292,52,2294
stratified,106,target,0.35,787,36292,52,2294
stratified,106,target,0.4,787,36292,52,2294
stratified,106,target,0.45,787,36292,52,2294
stratified,106,target,0.5,787,36292,52,2294
stratified,106,target,0.55,787,36292,52,2294
stratified,106,target,0.6,787,36292,52,2294
stratified,106,target,0.65,787,36292,52,2294
stratified,106,target,0.7,787,36292,52,2294
stratified,106,target,0.75,787,36292,52,2294
stratified,106,target,0.8,787,36292,52,2294
stratified,106,target,0.85,787,36292,52,2294
stratified,106,target,0.9,787,36292,52,2294
stratified,106,target,0.95,787,36292,52,2294
stratified,106,target,0.975,787,36292,52,2294
stratified,106,target,0.99,787,36292,52,2294
stratified,106,target,0.995,787,36292,52,2294
stratified,106,target,0.999,787,36292,52,2294
logreg,106,source_heldout,0.05,83349,3102,995,349
logreg,106,source_heldout,0.1,82188,2830,2156,621
logreg,106,source_heldout,0.15,81671,2519,2673,932
logreg,106,source_heldout,0.2,80203,2100,4141,1351
logreg,106,source_heldout,0.25,79737,1904,4607,1547
logreg,106,source_heldout,0.3,77956,1054,6388,2397
logreg,106,source_heldout,0.35,77295,785,7049,2666
logreg,106,source_heldout,0.4,76822,754,7522,2697
logreg,106,source_heldout,0.45,76552,724,7792,2727
logreg,106,source_heldout,0.5,76215,703,8129,2748
logreg,106,source_heldout,0.55,75747,669,8597,2782
logreg,106,source_heldout,0.6,69763,509,14581,2942
logreg,106,source_heldout,0.65,55477,487,28867,2964
logreg,106,source_heldout,0.7,55147,460,29197,2991
logreg,106,source_heldout,0.75,54602,164,29742,3287
logreg,106,source_heldout,0.8,54103,150,30241,3301
logreg,106,source_heldout,0.85,52647,69,31697,3382
logreg,106,source_heldout,0.9,47100,37,37244,3414
logreg,106,source_heldout,0.95,12561,25,71783,3426
logreg,106,source_heldout,0.975,9093,14,75251,3437
logreg,106,source_heldout,0.99,3223,11,81121,3440
logreg,106,source_heldout,0.995,3160,10,81184,3441
logreg,106,source_heldout,0.999,2882,6,81462,3445
logreg,106,target,0.05,739,37714,100,872
logreg,106,target,0.1,739,37250,100,1336
logreg,106,target,0.15,738,34015,101,4571
logreg,106,target,0.2,582,31097,257,7489
logreg,106,target,0.25,582,30658,257,7928
logreg,106,target,0.3,582,30541,257,8045
logreg,106,target,0.35,582,30454,257,8132
logreg,106,target,0.4,582,30351,257,8235
logreg,106,target,0.45,582,6354,257,32232
logreg,106,target,0.5,580,6340,259,32246
logreg,106,target,0.55,580,6336,259,32250
logreg,106,target,0.6,580,6246,259,32340
logreg,106,target,0.65,580,5716,259,32870
logreg,106,target,0.7,580,5646,259,32940
logreg,106,target,0.75,580,1297,259,37289
logreg,106,target,0.8,580,1239,259,37347
logreg,106,target,0.85,580,924,259,37662
logreg,106,target,0.9,580,754,259,37832
logreg,106,target,0.95,580,647,259,37939
logreg,106,target,0.975,0,1,839,38585
logreg,106,target,0.99,0,0,839,38586
logreg,106,target,0.995,0,0,839,38586
logreg,106,target,0.999,0,0,839,38586
tree,106,source_heldout,0.05,82726,2391,1618,1060
tree,106,source_heldout,0.1,81542,1656,2802,1795
tree,106,source_heldout,0.15,79066,1301,5278,2150
tree,106,source_heldout,0.2,78734,1139,5610,2312
tree,106,source_heldout,0.25,78599,1136,5745,2315
tree,106,source_heldout,0.3,78550,1130,5794,2321
tree,106,source_heldout,0.35,78453,1111,5891,2340
tree,106,source_heldout,0.4,76921,1097,7423,2354
tree,106,source_heldout,0.45,76909,1097,7435,2354
tree,106,source_heldout,0.5,76653,1087,7691,2364
tree,106,source_heldout,0.55,76591,1083,7753,2368
tree,106,source_heldout,0.6,76591,1083,7753,2368
tree,106,source_heldout,0.65,76551,1083,7793,2368
tree,106,source_heldout,0.7,76389,1051,7955,2400
tree,106,source_heldout,0.75,76264,1037,8080,2414
tree,106,source_heldout,0.8,76254,1037,8090,2414
tree,106,source_heldout,0.85,76254,1037,8090,2414
tree,106,source_heldout,0.9,76254,1037,8090,2414
tree,106,source_heldout,0.95,76254,1037,8090,2414
tree,106,source_heldout,0.975,76254,1037,8090,2414
tree,106,source_heldout,0.99,76254,1037,8090,2414
tree,106,source_heldout,0.995,55059,1024,29285,2427
tree,106,source_heldout,0.999,55059,1024,29285,2427
tree,106,target,0.05,800,37614,39,972
tree,106,target,0.1,799,32739,40,5847
tree,106,target,0.15,799,32302,40,6284
tree,106,target,0.2,799,31957,40,6629
tree,106,target,0.25,799,31956,40,6630
tree,106,target,0.3,799,31956,40,6630
tree,106,target,0.35,799,31919,40,6667
tree,106,target,0.4,799,31919,40,6667
tree,106,target,0.45,799,31919,40,6667
tree,106,target,0.5,799,31919,40,6667
tree,106,target,0.55,799,31919,40,6667
tree,106,target,0.6,799,31919,40,6667
tree,106,target,0.65,799,31919,40,6667
tree,106,target,0.7,799,31919,40,6667
tree,106,target,0.75,799,31908,40,6678
tree,106,target,0.8,799,31908,40,6678
tree,106,target,0.85,799,31908,40,6678
tree,106,target,0.9,799,31908,40,6678
tree,106,target,0.95,799,31908,40,6678
tree,106,target,0.975,799,31908,40,6678
tree,106,target,0.99,799,31908,40,6678
tree,106,target,0.995,799,31908,40,6678
tree,106,target,0.999,799,31908,40,6678
rf,106,source_heldout,0.05,84213,2866,131,585
rf,106,source_heldout,0.1,84069,2628,275,823
rf,106,source_heldout,0.15,83878,2384,466,1067
rf,106,source_heldout,0.2,82804,2146,1540,1305
rf,106,source_heldout,0.25,82160,1970,2184,1481
rf,106,source_heldout,0.3,81981,1872,2363,1579
rf,106,source_heldout,0.35,81792,1744,2552,1707
rf,106,source_heldout,0.4,81584,1626,2760,1825
rf,106,source_heldout,0.45,81357,1545,2987,1906
rf,106,source_heldout,0.5,81068,1491,3276,1960
rf,106,source_heldout,0.55,80721,1402,3623,2049
rf,106,source_heldout,0.6,80222,1305,4122,2146
rf,106,source_heldout,0.65,79385,1213,4959,2238
rf,106,source_heldout,0.7,77807,1126,6537,2325
rf,106,source_heldout,0.75,75780,249,8564,3202
rf,106,source_heldout,0.8,75348,162,8996,3289
rf,106,source_heldout,0.85,74821,101,9523,3350
rf,106,source_heldout,0.9,74242,78,10102,3373
rf,106,source_heldout,0.95,72730,60,11614,3391
rf,106,source_heldout,0.975,68229,48,16115,3403
rf,106,source_heldout,0.99,61301,44,23043,3407
rf,106,source_heldout,0.995,60746,27,23598,3424
rf,106,source_heldout,0.999,59518,11,24826,3440
rf,106,target,0.05,839,38559,0,27
rf,106,target,0.1,839,38456,0,130
rf,106,target,0.15,839,38399,0,187
rf,106,target,0.2,839,38335,0,251
rf,106,target,0.25,839,38274,0,312
rf,106,target,0.3,839,38224,0,362
rf,106,target,0.35,839,38100,0,486
rf,106,target,0.4,839,37533,0,1053
rf,106,target,0.45,839,35608,0,2978
rf,106,target,0.5,837,33288,2,5298
rf,106,target,0.55,836,32693,3,5893
rf,106,target,0.6,836,32306,3,6280
rf,106,target,0.65,802,31784,37,6802
rf,106,target,0.7,738,30289,101,8297
rf,106,target,0.75,738,29393,101,9193
rf,106,target,0.8,738,29262,101,9324
rf,106,target,0.85,738,26717,101,11869
rf,106,target,0.9,736,742,103,37844
rf,106,target,0.95,736,690,103,37896
rf,106,target,0.975,720,681,119,37905
rf,106,target,0.99,440,597,399,37989
rf,106,target,0.995,440,581,399,38005
rf,106,target,0.999,440,581,399,38005
xgboost,106,source_heldout,0.05,83847,2294,497,1157
xgboost,106,source_heldout,0.1,82878,1661,1466,1790
xgboost,106,source_heldout,0.15,82114,1395,2230,2056
xgboost,106,source_heldout,0.2,81412,1295,2932,2156
xgboost,106,source_heldout,0.25,80052,1233,4292,2218
xgboost,106,source_heldout,0.3,79548,1168,4796,2283
xgboost,106,source_heldout,0.35,79133,859,5211,2592
xgboost,106,source_heldout,0.4,77525,826,6819,2625
xgboost,106,source_heldout,0.45,76907,784,7437,2667
xgboost,106,source_heldout,0.5,76500,745,7844,2706
xgboost,106,source_heldout,0.55,75212,211,9132,3240
xgboost,106,source_heldout,0.6,74800,163,9544,3288
xgboost,106,source_heldout,0.65,74629,152,9715,3299
xgboost,106,source_heldout,0.7,74130,114,10214,3337
xgboost,106,source_heldout,0.75,72895,84,11449,3367
xgboost,106,source_heldout,0.8,72708,75,11636,3376
xgboost,106,source_heldout,0.85,72157,61,12187,3390
xgboost,106,source_heldout,0.9,71717,41,12627,3410
xgboost,106,source_heldout,0.95,71089,34,13255,3417
xgboost,106,source_heldout,0.975,70218,33,14126,3418
xgboost,106,source_heldout,0.99,67138,32,17206,3419
xgboost,106,source_heldout,0.995,65519,31,18825,3420
xgboost,106,source_heldout,0.999,48369,14,35975,3437
xgboost,106,target,0.05,838,36889,1,1697
xgboost,106,target,0.1,837,33119,2,5467
xgboost,106,target,0.15,836,31938,3,6648
xgboost,106,target,0.2,835,31450,4,7136
xgboost,106,target,0.25,833,31109,6,7477
xgboost,106,target,0.3,818,30881,21,7705
xgboost,106,target,0.35,773,30736,66,7850
xgboost,106,target,0.4,773,30658,66,7928
xgboost,106,target,0.45,745,30427,94,8159
xgboost,106,target,0.5,738,30281,101,8305
xgboost,106,target,0.55,738,30123,101,8463
xgboost,106,target,0.6,738,29967,101,8619
xgboost,106,target,0.65,738,29833,101,8753
xgboost,106,target,0.7,738,27195,101,11391
xgboost,106,target,0.75,738,26925,101,11661
xgboost,106,target,0.8,738,22429,101,16157
xgboost,106,target,0.85,738,22376,101,16210
xgboost,106,target,0.9,738,22310,101,16276
xgboost,106,target,0.95,582,22250,257,16336
xgboost,106,target,0.975,582,22107,257,16479
xgboost,106,target,0.99,582,641,257,37945
xgboost,106,target,0.995,582,641,257,37945
xgboost,106,target,0.999,582,641,257,37945
hgb,106,source_heldout,0.05,84116,2557,228,894
hgb,106,source_heldout,0.1,82884,1747,1460,1704
hgb,106,source_heldout,0.15,82326,1476,2018,1975
hgb,106,source_heldout,0.2,81693,1337,2651,2114
hgb,106,source_heldout,0.25,81252,1248,3092,2203
hgb,106,source_heldout,0.3,80224,1170,4120,2281
hgb,106,source_heldout,0.35,77731,622,6613,2829
hgb,106,source_heldout,0.4,77151,324,7193,3127
hgb,106,source_heldout,0.45,76775,300,7569,3151
hgb,106,source_heldout,0.5,76015,241,8329,3210
hgb,106,source_heldout,0.55,75657,176,8687,3275
hgb,106,source_heldout,0.6,75501,165,8843,3286
hgb,106,source_heldout,0.65,75364,147,8980,3304
hgb,106,source_heldout,0.7,75032,135,9312,3316
hgb,106,source_heldout,0.75,74876,110,9468,3341
hgb,106,source_heldout,0.8,73461,89,10883,3362
hgb,106,source_heldout,0.85,72630,72,11714,3379
hgb,106,source_heldout,0.9,72000,49,12344,3402
hgb,106,source_heldout,0.95,70800,29,13544,3422
hgb,106,source_heldout,0.975,69151,27,15193,3424
hgb,106,source_heldout,0.99,61238,20,23106,3431
hgb,106,source_heldout,0.995,54349,19,29995,3432
hgb,106,source_heldout,0.999,39634,10,44710,3441
hgb,106,target,0.05,837,37920,2,666
hgb,106,target,0.1,837,33506,2,5080
hgb,106,target,0.15,837,33115,2,5471
hgb,106,target,0.2,836,32941,3,5645
hgb,106,target,0.25,836,32303,3,6283
hgb,106,target,0.3,836,31548,3,7038
hgb,106,target,0.35,835,31192,4,7394
hgb,106,target,0.4,825,31010,14,7576
hgb,106,target,0.45,782,28259,57,10327
hgb,106,target,0.5,776,28117,63,10469
hgb,106,target,0.55,775,27913,64,10673
hgb,106,target,0.6,760,27739,79,10847
hgb,106,target,0.65,745,27530,94,11056
hgb,106,target,0.7,743,27429,96,11157
hgb,106,target,0.75,739,27320,100,11266
hgb,106,target,0.8,738,27237,101,11349
hgb,106,target,0.85,738,5335,101,33251
hgb,106,target,0.9,738,960,101,37626
hgb,106,target,0.95,738,757,101,37829
hgb,106,target,0.975,738,659,101,37927
hgb,106,target,0.99,736,649,103,37937
hgb,106,target,0.995,736,649,103,37937
hgb,106,target,0.999,440,605,399,37981
mlp,106,source_heldout,0.05,83753,2370,591,1081
mlp,106,source_heldout,0.1,82507,1801,1837,1650
mlp,106,source_heldout,0.15,81656,1336,2688,2115
mlp,106,source_heldout,0.2,81099,1262,3245,2189
mlp,106,source_heldout,0.25,79547,966,4797,2485
mlp,106,source_heldout,0.3,77003,344,7341,3107
mlp,106,source_heldout,0.35,76907,326,7437,3125
mlp,106,source_heldout,0.4,76778,289,7566,3162
mlp,106,source_heldout,0.45,76596,264,7748,3187
mlp,106,source_heldout,0.5,76483,254,7861,3197
mlp,106,source_heldout,0.55,76132,211,8212,3240
mlp,106,source_heldout,0.6,75500,156,8844,3295
mlp,106,source_heldout,0.65,75079,130,9265,3321
mlp,106,source_heldout,0.7,74522,119,9822,3332
mlp,106,source_heldout,0.75,74067,114,10277,3337
mlp,106,source_heldout,0.8,73697,97,10647,3354
mlp,106,source_heldout,0.85,73187,74,11157,3377
mlp,106,source_heldout,0.9,72784,57,11560,3394
mlp,106,source_heldout,0.95,71819,38,12525,3413
mlp,106,source_heldout,0.975,71008,27,13336,3424
mlp,106,source_heldout,0.99,66734,20,17610,3431
mlp,106,source_heldout,0.995,66243,18,18101,3433
mlp,106,source_heldout,0.999,60880,11,23464,3440
mlp,106,target,0.05,837,37456,2,1130
mlp,106,target,0.1,837,35923,2,2663
mlp,106,target,0.15,681,33362,158,5224
mlp,106,target,0.2,681,32367,158,6219
mlp,106,target,0.25,681,32253,158,6333
mlp,106,target,0.3,681,32036,158,6550
mlp,106,target,0.35,681,31338,158,7248
mlp,106,target,0.4,681,31079,158,7507
mlp,106,target,0.45,681,30524,158,8062
mlp,106,target,0.5,681,30020,158,8566
mlp,106,target,0.55,681,29778,158,8808
mlp,106,target,0.6,681,29635,158,8951
mlp,106,target,0.65,681,29483,158,9103
mlp,106,target,0.7,681,29300,158,9286
mlp,106,target,0.75,681,29285,158,9301
mlp,106,target,0.8,681,29276,158,9310
mlp,106,target,0.85,681,29266,158,9320
mlp,106,target,0.9,681,24891,158,13695
mlp,106,target,0.95,681,24862,158,13724
mlp,106,target,0.975,680,24848,159,13738
mlp,106,target,0.99,642,24830,197,13756
mlp,106,target,0.995,583,24824,256,13762
mlp,106,target,0.999,582,670,257,37916
majority,107,source_heldout,0.05,88603,19,0,0
majority,107,source_heldout,0.1,88603,19,0,0
majority,107,source_heldout,0.15,88603,19,0,0
majority,107,source_heldout,0.2,88603,19,0,0
majority,107,source_heldout,0.25,88603,19,0,0
majority,107,source_heldout,0.3,88603,19,0,0
majority,107,source_heldout,0.35,88603,19,0,0
majority,107,source_heldout,0.4,88603,19,0,0
majority,107,source_heldout,0.45,88603,19,0,0
majority,107,source_heldout,0.5,88603,19,0,0
majority,107,source_heldout,0.55,88603,19,0,0
majority,107,source_heldout,0.6,88603,19,0,0
majority,107,source_heldout,0.65,88603,19,0,0
majority,107,source_heldout,0.7,88603,19,0,0
majority,107,source_heldout,0.75,88603,19,0,0
majority,107,source_heldout,0.8,88603,19,0,0
majority,107,source_heldout,0.85,88603,19,0,0
majority,107,source_heldout,0.9,88603,19,0,0
majority,107,source_heldout,0.95,88603,19,0,0
majority,107,source_heldout,0.975,88603,19,0,0
majority,107,source_heldout,0.99,88603,19,0,0
majority,107,source_heldout,0.995,88603,19,0,0
majority,107,source_heldout,0.999,88603,19,0,0
majority,107,target,0.05,839,38586,0,0
majority,107,target,0.1,839,38586,0,0
majority,107,target,0.15,839,38586,0,0
majority,107,target,0.2,839,38586,0,0
majority,107,target,0.25,839,38586,0,0
majority,107,target,0.3,839,38586,0,0
majority,107,target,0.35,839,38586,0,0
majority,107,target,0.4,839,38586,0,0
majority,107,target,0.45,839,38586,0,0
majority,107,target,0.5,839,38586,0,0
majority,107,target,0.55,839,38586,0,0
majority,107,target,0.6,839,38586,0,0
majority,107,target,0.65,839,38586,0,0
majority,107,target,0.7,839,38586,0,0
majority,107,target,0.75,839,38586,0,0
majority,107,target,0.8,839,38586,0,0
majority,107,target,0.85,839,38586,0,0
majority,107,target,0.9,839,38586,0,0
majority,107,target,0.95,839,38586,0,0
majority,107,target,0.975,839,38586,0,0
majority,107,target,0.99,839,38586,0,0
majority,107,target,0.995,839,38586,0,0
majority,107,target,0.999,839,38586,0,0
stratified,107,source_heldout,0.05,81888,18,6715,1
stratified,107,source_heldout,0.1,81888,18,6715,1
stratified,107,source_heldout,0.15,81888,18,6715,1
stratified,107,source_heldout,0.2,81888,18,6715,1
stratified,107,source_heldout,0.25,81888,18,6715,1
stratified,107,source_heldout,0.3,81888,18,6715,1
stratified,107,source_heldout,0.35,81888,18,6715,1
stratified,107,source_heldout,0.4,81888,18,6715,1
stratified,107,source_heldout,0.45,81888,18,6715,1
stratified,107,source_heldout,0.5,81888,18,6715,1
stratified,107,source_heldout,0.55,81888,18,6715,1
stratified,107,source_heldout,0.6,81888,18,6715,1
stratified,107,source_heldout,0.65,81888,18,6715,1
stratified,107,source_heldout,0.7,81888,18,6715,1
stratified,107,source_heldout,0.75,81888,18,6715,1
stratified,107,source_heldout,0.8,81888,18,6715,1
stratified,107,source_heldout,0.85,81888,18,6715,1
stratified,107,source_heldout,0.9,81888,18,6715,1
stratified,107,source_heldout,0.95,81888,18,6715,1
stratified,107,source_heldout,0.975,81888,18,6715,1
stratified,107,source_heldout,0.99,81888,18,6715,1
stratified,107,source_heldout,0.995,81888,18,6715,1
stratified,107,source_heldout,0.999,81888,18,6715,1
stratified,107,target,0.05,775,35684,64,2902
stratified,107,target,0.1,775,35684,64,2902
stratified,107,target,0.15,775,35684,64,2902
stratified,107,target,0.2,775,35684,64,2902
stratified,107,target,0.25,775,35684,64,2902
stratified,107,target,0.3,775,35684,64,2902
stratified,107,target,0.35,775,35684,64,2902
stratified,107,target,0.4,775,35684,64,2902
stratified,107,target,0.45,775,35684,64,2902
stratified,107,target,0.5,775,35684,64,2902
stratified,107,target,0.55,775,35684,64,2902
stratified,107,target,0.6,775,35684,64,2902
stratified,107,target,0.65,775,35684,64,2902
stratified,107,target,0.7,775,35684,64,2902
stratified,107,target,0.75,775,35684,64,2902
stratified,107,target,0.8,775,35684,64,2902
stratified,107,target,0.85,775,35684,64,2902
stratified,107,target,0.9,775,35684,64,2902
stratified,107,target,0.95,775,35684,64,2902
stratified,107,target,0.975,775,35684,64,2902
stratified,107,target,0.99,775,35684,64,2902
stratified,107,target,0.995,775,35684,64,2902
stratified,107,target,0.999,775,35684,64,2902
logreg,107,source_heldout,0.05,88580,10,23,9
logreg,107,source_heldout,0.1,87959,6,644,13
logreg,107,source_heldout,0.15,87941,4,662,15
logreg,107,source_heldout,0.2,87322,4,1281,15
logreg,107,source_heldout,0.25,86814,3,1789,16
logreg,107,source_heldout,0.3,86210,3,2393,16
logreg,107,source_heldout,0.35,86073,3,2530,16
logreg,107,source_heldout,0.4,85988,3,2615,16
logreg,107,source_heldout,0.45,85790,3,2813,16
logreg,107,source_heldout,0.5,82704,3,5899,16
logreg,107,source_heldout,0.55,82463,3,6140,16
logreg,107,source_heldout,0.6,82315,3,6288,16
logreg,107,source_heldout,0.65,82081,3,6522,16
logreg,107,source_heldout,0.7,80389,3,8214,16
logreg,107,source_heldout,0.75,59496,3,29107,16
logreg,107,source_heldout,0.8,58417,2,30186,17
logreg,107,source_heldout,0.85,54523,2,34080,17
logreg,107,source_heldout,0.9,49499,0,39104,19
logreg,107,source_heldout,0.95,3451,0,85152,19
logreg,107,source_heldout,0.975,2547,0,86056,19
logreg,107,source_heldout,0.99,1241,0,87362,19
logreg,107,source_heldout,0.995,870,0,87733,19
logreg,107,source_heldout,0.999,501,0,88102,19
logreg,107,target,0.05,837,38054,2,532
logreg,107,target,0.1,837,37634,2,952
logreg,107,target,0.15,739,35873,100,2713
logreg,107,target,0.2,739,31299,100,7287
logreg,107,target,0.25,738,30749,101,7837
logreg,107,target,0.3,738,30532,101,8054
logreg,107,target,0.35,738,30493,101,8093
logreg,107,target,0.4,738,6494,101,32092
logreg,107,target,0.45,736,6447,103,32139
logreg,107,target,0.5,580,6316,259,32270
logreg,107,target,0.55,580,6253,259,32333
logreg,107,target,0.6,580,5797,259,32789
logreg,107,target,0.65,580,5741,259,32845
logreg,107,target,0.7,580,5640,259,32946
logreg,107,target,0.75,580,939,259,37647
logreg,107,target,0.8,580,932,259,37654
logreg,107,target,0.85,580,665,259,37921
logreg,107,target,0.9,580,658,259,37928
logreg,107,target,0.95,0,0,839,38586
logreg,107,target,0.975,0,0,839,38586
logreg,107,target,0.99,0,0,839,38586
logreg,107,target,0.995,0,0,839,38586
logreg,107,target,0.999,0,0,839,38586
tree,107,source_heldout,0.05,72240,15,16363,4
tree,107,source_heldout,0.1,72162,14,16441,5
tree,107,source_heldout,0.15,71619,12,16984,7
tree,107,source_heldout,0.2,71116,8,17487,11
tree,107,source_heldout,0.25,71107,7,17496,12
tree,107,source_heldout,0.3,71106,7,17497,12
tree,107,source_heldout,0.35,71106,7,17497,12
tree,107,source_heldout,0.4,71106,7,17497,12
tree,107,source_heldout,0.45,70500,7,18103,12
tree,107,source_heldout,0.5,70500,7,18103,12
tree,107,source_heldout,0.55,70500,7,18103,12
tree,107,source_heldout,0.6,70494,7,18109,12
tree,107,source_heldout,0.65,70468,7,18135,12
tree,107,source_heldout,0.7,70464,7,18139,12
tree,107,source_heldout,0.75,70460,7,18143,12
tree,107,source_heldout,0.8,70460,7,18143,12
tree,107,source_heldout,0.85,70459,7,18144,12
tree,107,source_heldout,0.9,70310,7,18293,12
tree,107,source_heldout,0.95,70107,7,18496,12
tree,107,source_heldout,0.975,70107,7,18496,12
tree,107,source_heldout,0.99,68708,7,19895,12
tree,107,source_heldout,0.995,68708,7,19895,12
tree,107,source_heldout,0.999,55980,7,32623,12
tree,107,target,0.05,778,9397,61,29189
tree,107,target,0.1,778,8746,61,29840
tree,107,target,0.15,778,6452,61,32134
tree,107,target,0.2,778,6196,61,32390
tree,107,target,0.25,778,6118,61,32468
tree,107,target,0.3,778,6079,61,32507
tree,107,target,0.35,778,6079,61,32507
tree,107,target,0.4,778,6044,61,32542
tree,107,target,0.45,778,6044,61,32542
tree,107,target,0.5,778,6044,61,32542
tree,107,target,0.55,778,6044,61,32542
tree,107,target,0.6,778,6044,61,32542
tree,107,target,0.65,778,5900,61,32686
tree,107,target,0.7,778,5900,61,32686
tree,107,target,0.75,778,5889,61,32697
tree,107,target,0.8,778,5889,61,32697
tree,107,target,0.85,778,5869,61,32717
tree,107,target,0.9,778,5852,61,32734
tree,107,target,0.95,778,5852,61,32734
tree,107,target,0.975,778,5852,61,32734
tree,107,target,0.99,778,5852,61,32734
tree,107,target,0.995,778,5852,61,32734
tree,107,target,0.999,622,5847,217,32739
rf,107,source_heldout,0.05,88603,19,0,0
rf,107,source_heldout,0.1,88603,19,0,0
rf,107,source_heldout,0.15,88596,17,7,2
rf,107,source_heldout,0.2,88596,17,7,2
rf,107,source_heldout,0.25,88591,17,12,2
rf,107,source_heldout,0.3,88554,17,49,2
rf,107,source_heldout,0.35,88159,16,444,3
rf,107,source_heldout,0.4,76532,15,12071,4
rf,107,source_heldout,0.45,73337,15,15266,4
rf,107,source_heldout,0.5,72135,12,16468,7
rf,107,source_heldout,0.55,70943,11,17660,8
rf,107,source_heldout,0.6,70350,10,18253,9
rf,107,source_heldout,0.65,69496,9,19107,10
rf,107,source_heldout,0.7,68713,7,19890,12
rf,107,source_heldout,0.75,68408,3,20195,16
rf,107,source_heldout,0.8,65240,0,23363,19
rf,107,source_heldout,0.85,61620,0,26983,19
rf,107,source_heldout,0.9,47608,0,40995,19
rf,107,source_heldout,0.95,41207,0,47396,19
rf,107,source_heldout,0.975,38593,0,50010,19
rf,107,source_heldout,0.99,12096,0,76507,19
rf,107,source_heldout,0.995,8737,0,79866,19
rf,107,source_heldout,0.999,7503,0,81100,19
rf,107,target,0.05,839,38586,0,0
rf,107,target,0.1,839,38550,0,36
rf,107,target,0.15,839,38518,0,68
rf,107,target,0.2,839,38400,0,186
rf,107,target,0.25,839,38372,0,214
rf,107,target,0.3,839,37860,0,726
rf,107,target,0.35,839,36797,0,1789
rf,107,target,0.4,839,33983,0,4603
rf,107,target,0.45,839,32774,0,5812
rf,107,target,0.5,839,31788,0,6798
rf,107,target,0.55,839,31052,0,7534
rf,107,target,0.6,839,6675,0,31911
rf,107,target,0.65,836,6275,3,32311
rf,107,target,0.7,836,5793,3,32793
rf,107,target,0.75,768,5586,71,33000
rf,107,target,0.8,736,5179,103,33407
rf,107,target,0.85,736,5139,103,33447
rf,107,target,0.9,736,805,103,37781
rf,107,target,0.95,0,136,839,38450
rf,107,target,0.975,0,41,839,38545
rf,107,target,0.99,0,0,839,38586
rf,107,target,0.995,0,0,839,38586
rf,107,target,0.999,0,0,839,38586
xgboost,107,source_heldout,0.05,88498,18,105,1
xgboost,107,source_heldout,0.1,87953,18,650,1
xgboost,107,source_heldout,0.15,77810,16,10793,3
xgboost,107,source_heldout,0.2,73199,15,15404,4
xgboost,107,source_heldout,0.25,72134,13,16469,6
xgboost,107,source_heldout,0.3,71892,11,16711,8
xgboost,107,source_heldout,0.35,71708,10,16895,9
xgboost,107,source_heldout,0.4,71659,10,16944,9
xgboost,107,source_heldout,0.45,71604,10,16999,9
xgboost,107,source_heldout,0.5,71563,7,17040,12
xgboost,107,source_heldout,0.55,71469,7,17134,12
xgboost,107,source_heldout,0.6,71362,7,17241,12
xgboost,107,source_heldout,0.65,71268,7,17335,12
xgboost,107,source_heldout,0.7,70676,7,17927,12
xgboost,107,source_heldout,0.75,70112,5,18491,14
xgboost,107,source_heldout,0.8,69453,5,19150,14
xgboost,107,source_heldout,0.85,67621,3,20982,16
xgboost,107,source_heldout,0.9,64867,3,23736,16
xgboost,107,source_heldout,0.95,61018,0,27585,19
xgboost,107,source_heldout,0.975,50478,0,38125,19
xgboost,107,source_heldout,0.99,21995,0,66608,19
xgboost,107,source_heldout,0.995,15064,0,73539,19
xgboost,107,source_heldout,0.999,8564,0,80039,19
xgboost,107,target,0.05,839,38025,0,561
xgboost,107,target,0.1,839,35010,0,3576
xgboost,107,target,0.15,839,31777,0,6809
xgboost,107,target,0.2,838,30842,1,7744
xgboost,107,target,0.25,838,30161,1,8425
xgboost,107,target,0.3,838,29845,1,8741
xgboost,107,target,0.35,838,27176,1,11410
xgboost,107,target,0.4,838,27120,1,11466
xgboost,107,target,0.45,836,27060,3,11526
xgboost,107,target,0.5,836,5547,3,33039
xgboost,107,target,0.55,836,5496,3,33090
xgboost,107,target,0.6,836,5413,3,33173
xgboost,107,target,0.65,836,5385,3,33201
xgboost,107,target,0.7,828,5350,11,33236
xgboost,107,target,0.75,828,5321,11,33265
xgboost,107,target,0.8,824,5309,15,33277
xgboost,107,target,0.85,805,5277,34,33309
xgboost,107,target,0.9,782,5214,57,33372
xgboost,107,target,0.95,738,5127,101,33459
xgboost,107,target,0.975,598,651,241,37935
xgboost,107,target,0.99,158,54,681,38532
xgboost,107,target,0.995,146,45,693,38541
xgboost,107,target,0.999,0,23,839,38563
hgb,107,source_heldout,0.05,88598,19,5,0
hgb,107,source_heldout,0.1,88507,18,96,1
hgb,107,source_heldout,0.15,87947,16,656,3
hgb,107,source_heldout,0.2,86982,16,1621,3
hgb,107,source_heldout,0.25,85529,13,3074,6
hgb,107,source_heldout,0.3,85486,11,3117,8
hgb,107,source_heldout,0.35,79531,10,9072,9
hgb,107,source_heldout,0.4,72073,7,16530,12
hgb,107,source_heldout,0.45,71903,7,16700,12
hgb,107,source_heldout,0.5,71495,7,17108,12
hgb,107,source_heldout,0.55,71082,7,17521,12
hgb,107,source_heldout,0.6,70930,7,17673,12
hgb,107,source_heldout,0.65,70170,5,18433,14
hgb,107,source_heldout,0.7,70067,5,18536,14
hgb,107,source_heldout,0.75,69908,5,18695,14
hgb,107,source_heldout,0.8,69089,5,19514,14
hgb,107,source_heldout,0.85,68680,5,19923,14
hgb,107,source_heldout,0.9,68186,3,20417,16
hgb,107,source_heldout,0.95,63707,0,24896,19
hgb,107,source_heldout,0.975,49960,0,38643,19
hgb,107,source_heldout,0.99,27552,0,61051,19
hgb,107,source_heldout,0.995,26429,0,62174,19
hgb,107,source_heldout,0.999,19509,0,69094,19
hgb,107,target,0.05,839,34984,0,3602
hgb,107,target,0.1,839,33435,0,5151
hgb,107,target,0.15,839,31944,0,6642
hgb,107,target,0.2,839,30863,0,7723
hgb,107,target,0.25,839,30517,0,8069
hgb,107,target,0.3,838,27804,1,10782
hgb,107,target,0.35,838,27553,1,11033
hgb,107,target,0.4,838,27503,1,11083
hgb,107,target,0.45,838,5982,1,32604
hgb,107,target,0.5,837,5944,2,32642
hgb,107,target,0.55,836,5911,3,32675
hgb,107,target,0.6,836,5841,3,32745
hgb,107,target,0.65,836,5769,3,32817
hgb,107,target,0.7,836,5430,3,33156
hgb,107,target,0.75,836,5391,3,33195
hgb,107,target,0.8,836,5314,3,33272
hgb,107,target,0.85,836,5287,3,33299
hgb,107,target,0.9,836,5251,3,33335
hgb,107,target,0.95,767,5162,72,33424
hgb,107,target,0.975,738,5086,101,33500
hgb,107,target,0.99,736,680,103,37906
hgb,107,target,0.995,736,656,103,37930
hgb,107,target,0.999,440,598,399,37988
mlp,107,source_heldout,0.05,88562,18,41,1
mlp,107,source_heldout,0.1,88540,18,63,1
mlp,107,source_heldout,0.15,87864,5,739,14
mlp,107,source_heldout,0.2,87693,2,910,17
mlp,107,source_heldout,0.25,86799,0,1804,19
mlp,107,source_heldout,0.3,86740,0,1863,19
mlp,107,source_heldout,0.35,86654,0,1949,19
mlp,107,source_heldout,0.4,82562,0,6041,19
mlp,107,source_heldout,0.45,82343,0,6260,19
mlp,107,source_heldout,0.5,82144,0,6459,19
mlp,107,source_heldout,0.55,81976,0,6627,19
mlp,107,source_heldout,0.6,81865,0,6738,19
mlp,107,source_heldout,0.65,81620,0,6983,19
mlp,107,source_heldout,0.7,81230,0,7373,19
mlp,107,source_heldout,0.75,80376,0,8227,19
mlp,107,source_heldout,0.8,79338,0,9265,19
mlp,107,source_heldout,0.85,71459,0,17144,19
mlp,107,source_heldout,0.9,62032,0,26571,19
mlp,107,source_heldout,0.95,59559,0,29044,19
mlp,107,source_heldout,0.975,58481,0,30122,19
mlp,107,source_heldout,0.99,57604,0,30999,19
mlp,107,source_heldout,0.995,50573,0,38030,19
mlp,107,source_heldout,0.999,15341,0,73262,19
mlp,107,target,0.05,837,38378,2,208
mlp,107,target,0.1,837,36778,2,1808
mlp,107,target,0.15,837,31711,2,6875
mlp,107,target,0.2,837,31201,2,7385
mlp,107,target,0.25,837,30594,2,7992
mlp,107,target,0.3,837,26167,2,12419
mlp,107,target,0.35,837,26047,2,12539
mlp,107,target,0.4,837,25936,2,12650
mlp,107,target,0.45,687,25736,152,12850
mlp,107,target,0.5,680,25602,159,12984
mlp,107,target,0.55,680,1592,159,36994
mlp,107,target,0.6,679,1573,160,37013
mlp,107,target,0.65,671,1548,168,37038
mlp,107,target,0.7,630,1536,209,37050
mlp,107,target,0.75,580,1200,259,37386
mlp,107,target,0.8,580,1114,259,37472
mlp,107,target,0.85,580,865,259,37721
mlp,107,target,0.9,580,854,259,37732
mlp,107,target,0.95,580,653,259,37933
mlp,107,target,0.975,580,643,259,37943
mlp,107,target,0.99,580,633,259,37953
mlp,107,target,0.995,580,624,259,37962
mlp,107,target,0.999,0,0,839,38586
majority,108,source_heldout,0.05,98247,3958,0,0
majority,108,source_heldout,0.1,98247,3958,0,0
majority,108,source_heldout,0.15,98247,3958,0,0
majority,108,source_heldout,0.2,98247,3958,0,0
majority,108,source_heldout,0.25,98247,3958,0,0
majority,108,source_heldout,0.3,98247,3958,0,0
majority,108,source_heldout,0.35,98247,3958,0,0
majority,108,source_heldout,0.4,98247,3958,0,0
majority,108,source_heldout,0.45,98247,3958,0,0
majority,108,source_heldout,0.5,98247,3958,0,0
majority,108,source_heldout,0.55,98247,3958,0,0
majority,108,source_heldout,0.6,98247,3958,0,0
majority,108,source_heldout,0.65,98247,3958,0,0
majority,108,source_heldout,0.7,98247,3958,0,0
majority,108,source_heldout,0.75,98247,3958,0,0
majority,108,source_heldout,0.8,98247,3958,0,0
majority,108,source_heldout,0.85,98247,3958,0,0
majority,108,source_heldout,0.9,98247,3958,0,0
majority,108,source_heldout,0.95,98247,3958,0,0
majority,108,source_heldout,0.975,98247,3958,0,0
majority,108,source_heldout,0.99,98247,3958,0,0
majority,108,source_heldout,0.995,98247,3958,0,0
majority,108,source_heldout,0.999,98247,3958,0,0
majority,108,target,0.05,839,38586,0,0
majority,108,target,0.1,839,38586,0,0
majority,108,target,0.15,839,38586,0,0
majority,108,target,0.2,839,38586,0,0
majority,108,target,0.25,839,38586,0,0
majority,108,target,0.3,839,38586,0,0
majority,108,target,0.35,839,38586,0,0
majority,108,target,0.4,839,38586,0,0
majority,108,target,0.45,839,38586,0,0
majority,108,target,0.5,839,38586,0,0
majority,108,target,0.55,839,38586,0,0
majority,108,target,0.6,839,38586,0,0
majority,108,target,0.65,839,38586,0,0
majority,108,target,0.7,839,38586,0,0
majority,108,target,0.75,839,38586,0,0
majority,108,target,0.8,839,38586,0,0
majority,108,target,0.85,839,38586,0,0
majority,108,target,0.9,839,38586,0,0
majority,108,target,0.95,839,38586,0,0
majority,108,target,0.975,839,38586,0,0
majority,108,target,0.99,839,38586,0,0
majority,108,target,0.995,839,38586,0,0
majority,108,target,0.999,839,38586,0,0
stratified,108,source_heldout,0.05,92220,3700,6027,258
stratified,108,source_heldout,0.1,92220,3700,6027,258
stratified,108,source_heldout,0.15,92220,3700,6027,258
stratified,108,source_heldout,0.2,92220,3700,6027,258
stratified,108,source_heldout,0.25,92220,3700,6027,258
stratified,108,source_heldout,0.3,92220,3700,6027,258
stratified,108,source_heldout,0.35,92220,3700,6027,258
stratified,108,source_heldout,0.4,92220,3700,6027,258
stratified,108,source_heldout,0.45,92220,3700,6027,258
stratified,108,source_heldout,0.5,92220,3700,6027,258
stratified,108,source_heldout,0.55,92220,3700,6027,258
stratified,108,source_heldout,0.6,92220,3700,6027,258
stratified,108,source_heldout,0.65,92220,3700,6027,258
stratified,108,source_heldout,0.7,92220,3700,6027,258
stratified,108,source_heldout,0.75,92220,3700,6027,258
stratified,108,source_heldout,0.8,92220,3700,6027,258
stratified,108,source_heldout,0.85,92220,3700,6027,258
stratified,108,source_heldout,0.9,92220,3700,6027,258
stratified,108,source_heldout,0.95,92220,3700,6027,258
stratified,108,source_heldout,0.975,92220,3700,6027,258
stratified,108,source_heldout,0.99,92220,3700,6027,258
stratified,108,source_heldout,0.995,92220,3700,6027,258
stratified,108,source_heldout,0.999,92220,3700,6027,258
stratified,108,target,0.05,786,36234,53,2352
stratified,108,target,0.1,786,36234,53,2352
stratified,108,target,0.15,786,36234,53,2352
stratified,108,target,0.2,786,36234,53,2352
stratified,108,target,0.25,786,36234,53,2352
stratified,108,target,0.3,786,36234,53,2352
stratified,108,target,0.35,786,36234,53,2352
stratified,108,target,0.4,786,36234,53,2352
stratified,108,target,0.45,786,36234,53,2352
stratified,108,target,0.5,786,36234,53,2352
stratified,108,target,0.55,786,36234,53,2352
stratified,108,target,0.6,786,36234,53,2352
stratified,108,target,0.65,786,36234,53,2352
stratified,108,target,0.7,786,36234,53,2352
stratified,108,target,0.75,786,36234,53,2352
stratified,108,target,0.8,786,36234,53,2352
stratified,108,target,0.85,786,36234,53,2352
stratified,108,target,0.9,786,36234,53,2352
stratified,108,target,0.95,786,36234,53,2352
stratified,108,target,0.975,786,36234,53,2352
stratified,108,target,0.99,786,36234,53,2352
stratified,108,target,0.995,786,36234,53,2352
stratified,108,target,0.999,786,36234,53,2352
logreg,108,source_heldout,0.05,97359,1789,888,2169
logreg,108,source_heldout,0.1,97105,1630,1142,2328
logreg,108,source_heldout,0.15,95657,1456,2590,2502
logreg,108,source_heldout,0.2,94790,1059,3457,2899
logreg,108,source_heldout,0.25,94700,950,3547,3008
logreg,108,source_heldout,0.3,93978,886,4269,3072
logreg,108,source_heldout,0.35,93849,833,4398,3125
logreg,108,source_heldout,0.4,93507,785,4740,3173
logreg,108,source_heldout,0.45,93030,762,5217,3196
logreg,108,source_heldout,0.5,92693,752,5554,3206
logreg,108,source_heldout,0.55,92162,592,6085,3366
logreg,108,source_heldout,0.6,86297,548,11950,3410
logreg,108,source_heldout,0.65,70920,537,27327,3421
logreg,108,source_heldout,0.7,69211,473,29036,3485
logreg,108,source_heldout,0.75,68576,247,29671,3711
logreg,108,source_heldout,0.8,67587,104,30660,3854
logreg,108,source_heldout,0.85,66852,77,31395,3881
logreg,108,source_heldout,0.9,61121,15,37126,3943
logreg,108,source_heldout,0.95,13588,3,84659,3955
logreg,108,source_heldout,0.975,6059,2,92188,3956
logreg,108,source_heldout,0.99,2919,1,95328,3957
logreg,108,source_heldout,0.995,2841,1,95406,3957
logreg,108,source_heldout,0.999,1375,1,96872,3957
logreg,108,target,0.05,837,37747,2,839
logreg,108,target,0.1,739,37203,100,1383
logreg,108,target,0.15,738,33116,101,5470
logreg,108,target,0.2,738,30811,101,7775
logreg,108,target,0.25,738,30521,101,8065
logreg,108,target,0.3,738,30469,101,8117
logreg,108,target,0.35,582,6487,257,32099
logreg,108,target,0.4,580,6447,259,32139
logreg,108,target,0.45,580,6367,259,32219
logreg,108,target,0.5,580,6335,259,32251
logreg,108,target,0.55,580,6242,259,32344
logreg,108,target,0.6,580,6229,259,32357
logreg,108,target,0.65,580,5785,259,32801
logreg,108,target,0.7,580,5719,259,32867
logreg,108,target,0.75,580,5274,259,33312
logreg,108,target,0.8,580,932,259,37654
logreg,108,target,0.85,580,761,259,37825
logreg,108,target,0.9,580,658,259,37928
logreg,108,target,0.95,0,1,839,38585
logreg,108,target,0.975,0,0,839,38586
logreg,108,target,0.99,0,0,839,38586
logreg,108,target,0.995,0,0,839,38586
logreg,108,target,0.999,0,0,839,38586
tree,108,source_heldout,0.05,98033,1114,214,2844
tree,108,source_heldout,0.1,97650,857,597,3101
tree,108,source_heldout,0.15,96670,370,1577,3588
tree,108,source_heldout,0.2,93681,220,4566,3738
tree,108,source_heldout,0.25,93654,220,4593,3738
tree,108,source_heldout,0.3,93172,177,5075,3781
tree,108,source_heldout,0.35,92967,154,5280,3804
tree,108,source_heldout,0.4,92927,148,5320,3810
tree,108,source_heldout,0.45,92653,129,5594,3829
tree,108,source_heldout,0.5,92622,123,5625,3835
tree,108,source_heldout,0.55,92622,123,5625,3835
tree,108,source_heldout,0.6,92596,123,5651,3835
tree,108,source_heldout,0.65,92595,123,5652,3835
tree,108,source_heldout,0.7,92563,123,5684,3835
tree,108,source_heldout,0.75,92563,123,5684,3835
tree,108,source_heldout,0.8,92562,122,5685,3836
tree,108,source_heldout,0.85,91994,98,6253,3860
tree,108,source_heldout,0.9,91984,97,6263,3861
tree,108,source_heldout,0.95,91850,95,6397,3863
tree,108,source_heldout,0.975,91850,95,6397,3863
tree,108,source_heldout,0.99,89576,91,8671,3867
tree,108,source_heldout,0.995,89576,91,8671,3867
tree,108,source_heldout,0.999,60954,91,37293,3867
tree,108,target,0.05,760,33509,79,5077
tree,108,target,0.1,760,32599,79,5987
tree,108,target,0.15,760,31491,79,7095
tree,108,target,0.2,760,31489,79,7097
tree,108,target,0.25,760,31489,79,7097
tree,108,target,0.3,760,31388,79,7198
tree,108,target,0.35,760,31388,79,7198
tree,108,target,0.4,760,31388,79,7198
tree,108,target,0.45,760,31388,79,7198
tree,108,target,0.5,760,31388,79,7198
tree,108,target,0.55,760,31388,79,7198
tree,108,target,0.6,760,31388,79,7198
tree,108,target,0.65,760,31382,79,7204
tree,108,target,0.7,760,31381,79,7205
tree,108,target,0.75,760,31381,79,7205
tree,108,target,0.8,760,31381,79,7205
tree,108,target,0.85,760,9799,79,28787
tree,108,target,0.9,760,9799,79,28787
tree,108,target,0.95,760,9799,79,28787
tree,108,target,0.975,760,9799,79,28787
tree,108,target,0.99,760,9791,79,28795
tree,108,target,0.995,760,9791,79,28795
tree,108,target,0.999,760,9791,79,28795
rf,108,source_heldout,0.05,98183,1424,64,2534
rf,108,source_heldout,0.1,98053,1230,194,2728
rf,108,source_heldout,0.15,97878,1084,369,2874
rf,108,source_heldout,0.2,97716,958,531,3000
rf,108,source_heldout,0.25,97559,844,688,3114
rf,108,source_heldout,0.3,97328,743,919,3215
rf,108,source_heldout,0.35,97145,638,1102,3320
rf,108,source_heldout,0.4,96849,545,1398,3413
rf,108,source_heldout,0.45,96604,484,1643,3474
rf,108,source_heldout,0.5,96364,416,1883,3542
rf,108,source_heldout,0.55,96113,360,2134,3598
rf,108,source_heldout,0.6,95887,312,2360,3646
rf,108,source_heldout,0.65,95622,258,2625,3700
rf,108,source_heldout,0.7,95290,206,2957,3752
rf,108,source_heldout,0.75,94948,166,3299,3792
rf,108,source_heldout,0.8,94651,132,3596,3826
rf,108,source_heldout,0.85,94261,85,3986,3873
rf,108,source_heldout,0.9,93693,60,4554,3898
rf,108,source_heldout,0.95,92442,19,5805,3939
rf,108,source_heldout,0.975,91662,6,6585,3952
rf,108,source_heldout,0.99,90412,3,7835,3955
rf,108,source_heldout,0.995,89956,3,8291,3955
rf,108,source_heldout,0.999,88411,2,9836,3956
rf,108,target,0.05,839,38582,0,4
rf,108,target,0.1,839,38511,0,75
rf,108,target,0.15,839,38489,0,97
rf,108,target,0.2,839,38384,0,202
rf,108,target,0.25,839,38320,0,266
rf,108,target,0.3,839,38241,0,345
rf,108,target,0.35,839,37357,0,1229
rf,108,target,0.4,839,35862,0,2724
rf,108,target,0.45,839,33225,0,5361
rf,108,target,0.5,838,32161,1,6425
rf,108,target,0.55,837,31247,2,7339
rf,108,target,0.6,836,30837,3,7749
rf,108,target,0.65,835,30211,4,8375
rf,108,target,0.7,793,29556,46,9030
rf,108,target,0.75,745,5387,94,33199
rf,108,target,0.8,738,5239,101,33347
rf,108,target,0.85,738,840,101,37746
rf,108,target,0.9,736,814,103,37772
rf,108,target,0.95,580,774,259,37812
rf,108,target,0.975,580,774,259,37812
rf,108,target,0.99,580,620,259,37966
rf,108,target,0.995,580,620,259,37966
rf,108,target,0.999,580,620,259,37966
xgboost,108,source_heldout,0.05,98030,1060,217,2898
xgboost,108,source_heldout,0.1,97638,707,609,3251
xgboost,108,source_heldout,0.15,97006,439,1241,3519
xgboost,108,source_heldout,0.2,94657,233,3590,3725
xgboost,108,source_heldout,0.25,94094,178,4153,3780
xgboost,108,source_heldout,0.3,93722,144,4525,3814
xgboost,108,source_heldout,0.35,93518,116,4729,3842
xgboost,108,source_heldout,0.4,93266,81,4981,3877
xgboost,108,source_heldout,0.45,93146,66,5101,3892
xgboost,108,source_heldout,0.5,93025,57,5222,3901
xgboost,108,source_heldout,0.55,92905,49,5342,3909
xgboost,108,source_heldout,0.6,92796,43,5451,3915
xgboost,108,source_heldout,0.65,92644,38,5603,3920
xgboost,108,source_heldout,0.7,92518,32,5729,3926
xgboost,108,source_heldout,0.75,92314,29,5933,3929
xgboost,108,source_heldout,0.8,92060,24,6187,3934
xgboost,108,source_heldout,0.85,91817,21,6430,3937
xgboost,108,source_heldout,0.9,91532,7,6715,3951
xgboost,108,source_heldout,0.95,90951,6,7296,3952
xgboost,108,source_heldout,0.975,89456,3,8791,3955
xgboost,108,source_heldout,0.99,88312,2,9935,3956
xgboost,108,source_heldout,0.995,86695,2,11552,3956
xgboost,108,source_heldout,0.999,75197,0,23050,3958
xgboost,108,target,0.05,839,35684,0,2902
xgboost,108,target,0.1,837,33061,2,5525
xgboost,108,target,0.15,837,31659,2,6927
xgboost,108,target,0.2,837,30773,2,7813
xgboost,108,target,0.25,837,30388,2,8198
xgboost,108,target,0.3,837,30224,2,8362
xgboost,108,target,0.35,837,30170,2,8416
xgboost,108,target,0.4,837,30048,2,8538
xgboost,108,target,0.45,837,29874,2,8712
xgboost,108,target,0.5,836,29550,3,9036
xgboost,108,target,0.55,836,29521,3,9065
xgboost,108,target,0.6,825,29407,14,9179
xgboost,108,target,0.65,819,29342,20,9244
xgboost,108,target,0.7,814,29323,25,9263
xgboost,108,target,0.75,796,29281,43,9305
xgboost,108,target,0.8,796,29194,43,9392
xgboost,108,target,0.85,796,29160,43,9426
xgboost,108,target,0.9,796,29135,43,9451
xgboost,108,target,0.95,779,29022,60,9564
xgboost,108,target,0.975,738,24639,101,13947
xgboost,108,target,0.99,738,22133,101,16453
xgboost,108,target,0.995,738,674,101,37912
xgboost,108,target,0.999,582,638,257,37948
hgb,108,source_heldout,0.05,98080,1116,167,2842
hgb,108,source_heldout,0.1,97728,774,519,3184
hgb,108,source_heldout,0.15,97147,468,1100,3490
hgb,108,source_heldout,0.2,95088,308,3159,3650
hgb,108,source_heldout,0.25,94026,210,4221,3748
hgb,108,source_heldout,0.3,93748,180,4499,3778
hgb,108,source_heldout,0.35,93586,150,4661,3808
hgb,108,source_heldout,0.4,93415,117,4832,3841
hgb,108,source_heldout,0.45,93333,110,4914,3848
hgb,108,source_heldout,0.5,93193,86,5054,3872
hgb,108,source_heldout,0.55,93036,74,5211,3884
hgb,108,source_heldout,0.6,92938,66,5309,3892
hgb,108,source_heldout,0.65,92849,62,5398,3896
hgb,108,source_heldout,0.7,92710,58,5537,3900
hgb,108,source_heldout,0.75,92597,50,5650,3908
hgb,108,source_heldout,0.8,92437,43,5810,3915
hgb,108,source_heldout,0.85,92040,32,6207,3926
hgb,108,source_heldout,0.9,91686,14,6561,3944
hgb,108,source_heldout,0.95,90912,7,7335,3951
hgb,108,source_heldout,0.975,90220,6,8027,3952
hgb,108,source_heldout,0.99,88409,1,9838,3957
hgb,108,source_heldout,0.995,87267,1,10980,3957
hgb,108,source_heldout,0.999,77609,1,20638,3957
hgb,108,target,0.05,839,34448,0,4138
hgb,108,target,0.1,839,32408,0,6178
hgb,108,target,0.15,837,31897,2,6689
hgb,108,target,0.2,837,31441,2,7145
hgb,108,target,0.25,837,31203,2,7383
hgb,108,target,0.3,837,30797,2,7789
hgb,108,target,0.35,837,30573,2,8013
hgb,108,target,0.4,836,30367,3,8219
hgb,108,target,0.45,836,29999,3,8587
hgb,108,target,0.5,836,29871,3,8715
hgb,108,target,0.55,836,29850,3,8736
hgb,108,target,0.6,836,29827,3,8759
hgb,108,target,0.65,836,29788,3,8798
hgb,108,target,0.7,836,29579,3,9007
hgb,108,target,0.75,835,29551,4,9035
hgb,108,target,0.8,822,29396,17,9190
hgb,108,target,0.85,821,29347,18,9239
hgb,108,target,0.9,815,29301,24,9285
hgb,108,target,0.95,784,26743,55,11843
hgb,108,target,0.975,781,26543,58,12043
hgb,108,target,0.99,763,4982,76,33604
hgb,108,target,0.995,756,653,83,37933
hgb,108,target,0.999,736,649,103,37937
mlp,108,source_heldout,0.05,98032,1189,215,2769
mlp,108,source_heldout,0.1,97692,954,555,3004
mlp,108,source_heldout,0.15,96487,439,1760,3519
mlp,108,source_heldout,0.2,96018,385,2229,3573
mlp,108,source_heldout,0.25,95621,308,2626,3650
mlp,108,source_heldout,0.3,93058,195,5189,3763
mlp,108,source_heldout,0.35,92941,184,5306,3774
mlp,108,source_heldout,0.4,92731,160,5516,3798
mlp,108,source_heldout,0.45,92591,134,5656,3824
mlp,108,source_heldout,0.5,92330,110,5917,3848
mlp,108,source_heldout,0.55,92223,104,6024,3854
mlp,108,source_heldout,0.6,92083,90,6164,3868
mlp,108,source_heldout,0.65,91910,75,6337,3883
mlp,108,source_heldout,0.7,91615,66,6632,3892
mlp,108,source_heldout,0.75,91252,59,6995,3899
mlp,108,source_heldout,0.8,90644,57,7603,3901
mlp,108,source_heldout,0.85,90183,36,8064,3922
mlp,108,source_heldout,0.9,89516,25,8731,3933
mlp,108,source_heldout,0.95,85186,14,13061,3944
mlp,108,source_heldout,0.975,84601,4,13646,3954
mlp,108,source_heldout,0.99,82997,1,15250,3957
mlp,108,source_heldout,0.995,80689,1,17558,3957
mlp,108,source_heldout,0.999,50939,0,47308,3958
mlp,108,target,0.05,837,35234,2,3352
mlp,108,target,0.1,837,32247,2,6339
mlp,108,target,0.15,837,30687,2,7899
mlp,108,target,0.2,837,30431,2,8155
mlp,108,target,0.25,837,30378,2,8208
mlp,108,target,0.3,813,30066,26,8520
mlp,108,target,0.35,681,29953,158,8633
mlp,108,target,0.4,681,29915,158,8671
mlp,108,target,0.45,681,29551,158,9035
mlp,108,target,0.5,681,25171,158,13415
mlp,108,target,0.55,681,25101,158,13485
mlp,108,target,0.6,681,25097,158,13489
mlp,108,target,0.65,680,24974,159,13612
mlp,108,target,0.7,680,24954,159,13632
mlp,108,target,0.75,680,24940,159,13646
mlp,108,target,0.8,680,24929,159,13657
mlp,108,target,0.85,680,966,159,37620
mlp,108,target,0.9,680,956,159,37630
mlp,108,target,0.95,580,747,259,37839
mlp,108,target,0.975,580,707,259,37879
mlp,108,target,0.99,580,676,259,37910
mlp,108,target,0.995,580,655,259,37931
mlp,108,target,0.999,580,622,259,37964
majority,109,source_heldout,0.05,106972,5167,0,0
majority,109,source_heldout,0.1,106972,5167,0,0
majority,109,source_heldout,0.15,106972,5167,0,0
majority,109,source_heldout,0.2,106972,5167,0,0
majority,109,source_heldout,0.25,106972,5167,0,0
majority,109,source_heldout,0.3,106972,5167,0,0
majority,109,source_heldout,0.35,106972,5167,0,0
majority,109,source_heldout,0.4,106972,5167,0,0
majority,109,source_heldout,0.45,106972,5167,0,0
majority,109,source_heldout,0.5,106972,5167,0,0
majority,109,source_heldout,0.55,106972,5167,0,0
majority,109,source_heldout,0.6,106972,5167,0,0
majority,109,source_heldout,0.65,106972,5167,0,0
majority,109,source_heldout,0.7,106972,5167,0,0
majority,109,source_heldout,0.75,106972,5167,0,0
majority,109,source_heldout,0.8,106972,5167,0,0
majority,109,source_heldout,0.85,106972,5167,0,0
majority,109,source_heldout,0.9,106972,5167,0,0
majority,109,source_heldout,0.95,106972,5167,0,0
majority,109,source_heldout,0.975,106972,5167,0,0
majority,109,source_heldout,0.99,106972,5167,0,0
majority,109,source_heldout,0.995,106972,5167,0,0
majority,109,source_heldout,0.999,106972,5167,0,0
majority,109,target,0.05,839,38586,0,0
majority,109,target,0.1,839,38586,0,0
majority,109,target,0.15,839,38586,0,0
majority,109,target,0.2,839,38586,0,0
majority,109,target,0.25,839,38586,0,0
majority,109,target,0.3,839,38586,0,0
majority,109,target,0.35,839,38586,0,0
majority,109,target,0.4,839,38586,0,0
majority,109,target,0.45,839,38586,0,0
majority,109,target,0.5,839,38586,0,0
majority,109,target,0.55,839,38586,0,0
majority,109,target,0.6,839,38586,0,0
majority,109,target,0.65,839,38586,0,0
majority,109,target,0.7,839,38586,0,0
majority,109,target,0.75,839,38586,0,0
majority,109,target,0.8,839,38586,0,0
majority,109,target,0.85,839,38586,0,0
majority,109,target,0.9,839,38586,0,0
majority,109,target,0.95,839,38586,0,0
majority,109,target,0.975,839,38586,0,0
majority,109,target,0.99,839,38586,0,0
majority,109,target,0.995,839,38586,0,0
majority,109,target,0.999,839,38586,0,0
stratified,109,source_heldout,0.05,100724,4855,6248,312
stratified,109,source_heldout,0.1,100724,4855,6248,312
stratified,109,source_heldout,0.15,100724,4855,6248,312
stratified,109,source_heldout,0.2,100724,4855,6248,312
stratified,109,source_heldout,0.25,100724,4855,6248,312
stratified,109,source_heldout,0.3,100724,4855,6248,312
stratified,109,source_heldout,0.35,100724,4855,6248,312
stratified,109,source_heldout,0.4,100724,4855,6248,312
stratified,109,source_heldout,0.45,100724,4855,6248,312
stratified,109,source_heldout,0.5,100724,4855,6248,312
stratified,109,source_heldout,0.55,100724,4855,6248,312
stratified,109,source_heldout,0.6,100724,4855,6248,312
stratified,109,source_heldout,0.65,100724,4855,6248,312
stratified,109,source_heldout,0.7,100724,4855,6248,312
stratified,109,source_heldout,0.75,100724,4855,6248,312
stratified,109,source_heldout,0.8,100724,4855,6248,312
stratified,109,source_heldout,0.85,100724,4855,6248,312
stratified,109,source_heldout,0.9,100724,4855,6248,312
stratified,109,source_heldout,0.95,100724,4855,6248,312
stratified,109,source_heldout,0.975,100724,4855,6248,312
stratified,109,source_heldout,0.99,100724,4855,6248,312
stratified,109,source_heldout,0.995,100724,4855,6248,312
stratified,109,source_heldout,0.999,100724,4855,6248,312
stratified,109,target,0.05,789,36354,50,2232
stratified,109,target,0.1,789,36354,50,2232
stratified,109,target,0.15,789,36354,50,2232
stratified,109,target,0.2,789,36354,50,2232
stratified,109,target,0.25,789,36354,50,2232
stratified,109,target,0.3,789,36354,50,2232
stratified,109,target,0.35,789,36354,50,2232
stratified,109,target,0.4,789,36354,50,2232
stratified,109,target,0.45,789,36354,50,2232
stratified,109,target,0.5,789,36354,50,2232
stratified,109,target,0.55,789,36354,50,2232
stratified,109,target,0.6,789,36354,50,2232
stratified,109,target,0.65,789,36354,50,2232
stratified,109,target,0.7,789,36354,50,2232
stratified,109,target,0.75,789,36354,50,2232
stratified,109,target,0.8,789,36354,50,2232
stratified,109,target,0.85,789,36354,50,2232
stratified,109,target,0.9,789,36354,50,2232
stratified,109,target,0.95,789,36354,50,2232
stratified,109,target,0.975,789,36354,50,2232
stratified,109,target,0.99,789,36354,50,2232
stratified,109,target,0.995,789,36354,50,2232
stratified,109,target,0.999,789,36354,50,2232
logreg,109,source_heldout,0.05,104735,2739,2237,2428
logreg,109,source_heldout,0.1,103889,2465,3083,2702
logreg,109,source_heldout,0.15,101547,1918,5425,3249
logreg,109,source_heldout,0.2,100859,1681,6113,3486
logreg,109,source_heldout,0.25,99927,1379,7045,3788
logreg,109,source_heldout,0.3,99107,1305,7865,3862
logreg,109,source_heldout,0.35,98818,1240,8154,3927
logreg,109,source_heldout,0.4,98422,1172,8550,3995
logreg,109,source_heldout,0.45,97082,1087,9890,4080
logreg,109,source_heldout,0.5,95692,881,11280,4286
logreg,109,source_heldout,0.55,93801,812,13171,4355
logreg,109,source_heldout,0.6,92407,802,14565,4365
logreg,109,source_heldout,0.65,75919,729,31053,4438
logreg,109,source_heldout,0.7,71282,666,35690,4501
logreg,109,source_heldout,0.75,70707,482,36265,4685
logreg,109,source_heldout,0.8,69744,328,37228,4839
logreg,109,source_heldout,0.85,68180,172,38792,4995
logreg,109,source_heldout,0.9,64779,102,42193,5065
logreg,109,source_heldout,0.95,17264,23,89708,5144
logreg,109,source_heldout,0.975,12909,16,94063,5151
logreg,109,source_heldout,0.99,8893,9,98079,5158
logreg,109,source_heldout,0.995,5811,7,101161,5160
logreg,109,source_heldout,0.999,2869,3,104103,5164
logreg,109,target,0.05,739,37669,100,917
logreg,109,target,0.1,738,36239,101,2347
logreg,109,target,0.15,582,30927,257,7659
logreg,109,target,0.2,582,30518,257,8068
logreg,109,target,0.25,582,30489,257,8097
logreg,109,target,0.3,582,6511,257,32075
logreg,109,target,0.35,580,6489,259,32097
logreg,109,target,0.4,580,6462,259,32124
logreg,109,target,0.45,580,6422,259,32164
logreg,109,target,0.5,580,6369,259,32217
logreg,109,target,0.55,580,6331,259,32255
logreg,109,target,0.6,580,6322,259,32264
logreg,109,target,0.65,580,6230,259,32356
logreg,109,target,0.7,580,6226,259,32360
logreg,109,target,0.75,580,6209,259,32377
logreg,109,target,0.8,580,5362,259,33224
logreg,109,target,0.85,580,5111,259,33475
logreg,109,target,0.9,580,687,259,37899
logreg,109,target,0.95,580,647,259,37939
logreg,109,target,0.975,0,1,839,38585
logreg,109,target,0.99,0,1,839,38585
logreg,109,target,0.995,0,0,839,38586
logreg,109,target,0.999,0,0,839,38586
tree,109,source_heldout,0.05,101926,1249,5046,3918
tree,109,source_heldout,0.1,99401,852,7571,4315
tree,109,source_heldout,0.15,98660,553,8312,4614
tree,109,source_heldout,0.2,95820,398,11152,4769
tree,109,source_heldout,0.25,95770,389,11202,4778
tree,109,source_heldout,0.3,95424,363,11548,4804
tree,109,source_heldout,0.35,95424,363,11548,4804
tree,109,source_heldout,0.4,95317,345,11655,4822
tree,109,source_heldout,0.45,95214,338,11758,4829
tree,109,source_heldout,0.5,95193,334,11779,4833
tree,109,source_heldout,0.55,95193,334,11779,4833
tree,109,source_heldout,0.6,95193,334,11779,4833
tree,109,source_heldout,0.65,95172,333,11800,4834
tree,109,source_heldout,0.7,95055,329,11917,4838
tree,109,source_heldout,0.75,94921,328,12051,4839
tree,109,source_heldout,0.8,94784,316,12188,4851
tree,109,source_heldout,0.85,94770,315,12202,4852
tree,109,source_heldout,0.9,94769,315,12203,4852
tree,109,source_heldout,0.95,94300,311,12672,4856
tree,109,source_heldout,0.975,94300,311,12672,4856
tree,109,source_heldout,0.99,91769,308,15203,4859
tree,109,source_heldout,0.995,89207,308,17765,4859
tree,109,source_heldout,0.999,85536,307,21436,4860
tree,109,target,0.05,839,27914,0,10672
tree,109,target,0.1,837,27874,2,10712
tree,109,target,0.15,837,27574,2,11012
tree,109,target,0.2,837,27560,2,11026
tree,109,target,0.25,837,27302,2,11284
tree,109,target,0.3,837,26746,2,11840
tree,109,target,0.35,837,26746,2,11840
tree,109,target,0.4,837,26710,2,11876
tree,109,target,0.45,837,26710,2,11876
tree,109,target,0.5,837,26686,2,11900
tree,109,target,0.55,837,26686,2,11900
tree,109,target,0.6,837,26686,2,11900
tree,109,target,0.65,837,26684,2,11902
tree,109,target,0.7,837,26684,2,11902
tree,109,target,0.75,837,26684,2,11902
tree,109,target,0.8,837,26684,2,11902
tree,109,target,0.85,837,26684,2,11902
tree,109,target,0.9,837,26684,2,11902
tree,109,target,0.95,837,26678,2,11908
tree,109,target,0.975,837,26678,2,11908
tree,109,target,0.99,837,26662,2,11924
tree,109,target,0.995,681,26657,158,11929
tree,109,target,0.999,681,26656,158,11930
rf,109,source_heldout,0.05,102909,2098,4063,3069
rf,109,source_heldout,0.1,102186,1743,4786,3424
rf,109,source_heldout,0.15,101665,1529,5307,3638
rf,109,source_heldout,0.2,101290,1302,5682,3865
rf,109,source_heldout,0.25,100956,1140,6016,4027
rf,109,source_heldout,0.3,100521,1004,6451,4163
rf,109,source_heldout,0.35,100162,881,6810,4286
rf,109,source_heldout,0.4,99594,791,7378,4376
rf,109,source_heldout,0.45,99006,678,7966,4489
rf,109,source_heldout,0.5,98677,590,8295,4577
rf,109,source_heldout,0.55,98371,509,8601,4658
rf,109,source_heldout,0.6,97879,428,9093,4739
rf,109,source_heldout,0.65,97355,354,9617,4813
rf,109,source_heldout,0.7,96880,282,10092,4885
rf,109,source_heldout,0.75,96249,219,10723,4948
rf,109,source_heldout,0.8,95574,156,11398,5011
rf,109,source_heldout,0.85,94879,126,12093,5041
rf,109,source_heldout,0.9,93857,71,13115,5096
rf,109,source_heldout,0.95,92407,37,14565,5130
rf,109,source_heldout,0.975,91280,29,15692,5138
rf,109,source_heldout,0.99,90245,8,16727,5159
rf,109,source_heldout,0.995,89575,5,17397,5162
rf,109,source_heldout,0.999,83966,2,23006,5165
rf,109,target,0.05,839,38554,0,32
rf,109,target,0.1,839,38553,0,33
rf,109,target,0.15,839,38419,0,167
rf,109,target,0.2,839,34476,0,4110
rf,109,target,0.25,839,34357,0,4229
rf,109,target,0.3,839,33862,0,4724
rf,109,target,0.35,839,33624,0,4962
rf,109,target,0.4,839,29091,0,9495
rf,109,target,0.45,839,28554,0,10032
rf,109,target,0.5,839,28215,0,10371
rf,109,target,0.55,837,5775,2,32811
rf,109,target,0.6,811,4640,28,33946
rf,109,target,0.65,803,4283,36,34303
rf,109,target,0.7,743,3514,96,35072
rf,109,target,0.75,738,907,101,37679
rf,109,target,0.8,736,862,103,37724
rf,109,target,0.85,736,837,103,37749
rf,109,target,0.9,736,786,103,37800
rf,109,target,0.95,736,641,103,37945
rf,109,target,0.975,580,620,259,37966
rf,109,target,0.99,580,620,259,37966
rf,109,target,0.995,580,620,259,37966
rf,109,target,0.999,140,39,699,38547
xgboost,109,source_heldout,0.05,101171,1404,5801,3763
xgboost,109,source_heldout,0.1,99977,929,6995,4238
xgboost,109,source_heldout,0.15,98766,561,8206,4606
xgboost,109,source_heldout,0.2,96934,407,10038,4760
xgboost,109,source_heldout,0.25,96183,330,10789,4837
xgboost,109,source_heldout,0.3,95330,258,11642,4909
xgboost,109,source_heldout,0.35,94998,226,11974,4941
xgboost,109,source_heldout,0.4,94714,198,12258,4969
xgboost,109,source_heldout,0.45,94440,176,12532,4991
xgboost,109,source_heldout,0.5,94284,159,12688,5008
xgboost,109,source_heldout,0.55,93997,144,12975,5023
xgboost,109,source_heldout,0.6,93773,124,13199,5043
xgboost,109,source_heldout,0.65,93554,116,13418,5051
xgboost,109,source_heldout,0.7,93216,91,13756,5076
xgboost,109,source_heldout,0.75,92966,71,14006,5096
xgboost,109,source_heldout,0.8,92711,62,14261,5105
xgboost,109,source_heldout,0.85,92306,57,14666,5110
xgboost,109,source_heldout,0.9,91790,42,15182,5125
xgboost,109,source_heldout,0.95,91057,32,15915,5135
xgboost,109,source_heldout,0.975,89873,20,17099,5147
xgboost,109,source_heldout,0.99,88348,5,18624,5162
xgboost,109,source_heldout,0.995,86398,5,20574,5162
xgboost,109,source_heldout,0.999,79709,3,27263,5164
xgboost,109,target,0.05,839,33381,0,5205
xgboost,109,target,0.1,839,32606,0,5980
xgboost,109,target,0.15,838,31892,1,6694
xgboost,109,target,0.2,837,31409,2,7177
xgboost,109,target,0.25,837,31174,2,7412
xgboost,109,target,0.3,837,30846,2,7740
xgboost,109,target,0.35,837,30329,2,8257
xgboost,109,target,0.4,836,30034,3,8552
xgboost,109,target,0.45,836,29936,3,8650
xgboost,109,target,0.5,836,29848,3,8738
xgboost,109,target,0.55,836,29752,3,8834
xgboost,109,target,0.6,836,27214,3,11372
xgboost,109,target,0.65,836,27174,3,11412
xgboost,109,target,0.7,836,27098,3,11488
xgboost,109,target,0.75,835,26814,4,11772
xgboost,109,target,0.8,781,22450,58,16136
xgboost,109,target,0.85,771,22441,68,16145
xgboost,109,target,0.9,738,930,101,37656
xgboost,109,target,0.95,738,917,101,37669
xgboost,109,target,0.975,738,846,101,37740
xgboost,109,target,0.99,738,731,101,37855
xgboost,109,target,0.995,736,649,103,37937
xgboost,109,target,0.999,580,620,259,37966
hgb,109,source_heldout,0.05,101487,1482,5485,3685
hgb,109,source_heldout,0.1,100251,975,6721,4192
hgb,109,source_heldout,0.15,99037,638,7935,4529
hgb,109,source_heldout,0.2,97603,477,9369,4690
hgb,109,source_heldout,0.25,95731,350,11241,4817
hgb,109,source_heldout,0.3,95333,290,11639,4877
hgb,109,source_heldout,0.35,95008,260,11964,4907
hgb,109,source_heldout,0.4,94560,217,12412,4950
hgb,109,source_heldout,0.45,94269,181,12703,4986
hgb,109,source_heldout,0.5,94040,168,12932,4999
hgb,109,source_heldout,0.55,93755,152,13217,5015
hgb,109,source_heldout,0.6,93424,135,13548,5032
hgb,109,source_heldout,0.65,93080,129,13892,5038
hgb,109,source_heldout,0.7,92894,122,14078,5045
hgb,109,source_heldout,0.75,92607,110,14365,5057
hgb,109,source_heldout,0.8,92179,86,14793,5081
hgb,109,source_heldout,0.85,91743,70,15229,5097
hgb,109,source_heldout,0.9,91145,47,15827,5120
hgb,109,source_heldout,0.95,89829,24,17143,5143
hgb,109,source_heldout,0.975,88442,21,18530,5146
hgb,109,source_heldout,0.99,86293,5,20679,5162
hgb,109,source_heldout,0.995,85274,3,21698,5164
hgb,109,source_heldout,0.999,71736,3,35236,5164
hgb,109,target,0.05,839,33231,0,5355
hgb,109,target,0.1,839,32591,0,5995
hgb,109,target,0.15,839,32110,0,6476
hgb,109,target,0.2,839,31629,0,6957
hgb,109,target,0.25,838,31330,1,7256
hgb,109,target,0.3,837,31125,2,7461
hgb,109,target,0.35,837,7014,2,31572
hgb,109,target,0.4,837,6727,2,31859
hgb,109,target,0.45,837,6092,2,32494
hgb,109,target,0.5,836,5746,3,32840
hgb,109,target,0.55,836,5706,3,32880
hgb,109,target,0.6,836,5668,3,32918
hgb,109,target,0.65,836,5628,3,32958
hgb,109,target,0.7,836,5516,3,33070
hgb,109,target,0.75,836,1161,3,37425
hgb,109,target,0.8,836,1121,3,37465
hgb,109,target,0.85,835,1083,4,37503
hgb,109,target,0.9,835,981,4,37605
hgb,109,target,0.95,835,928,4,37658
hgb,109,target,0.975,792,915,47,37671
hgb,109,target,0.99,736,654,103,37932
hgb,109,target,0.995,736,649,103,37937
hgb,109,target,0.999,296,68,543,38518
mlp,109,source_heldout,0.05,101425,1378,5547,3789
mlp,109,source_heldout,0.1,99417,826,7555,4341
mlp,109,source_heldout,0.15,96635,485,10337,4682
mlp,109,source_heldout,0.2,95734,390,11238,4777
mlp,109,source_heldout,0.25,94931,294,12041,4873
mlp,109,source_heldout,0.3,94501,271,12471,4896
mlp,109,source_heldout,0.35,93945,246,13027,4921
mlp,109,source_heldout,0.4,93614,194,13358,4973
mlp,109,source_heldout,0.45,93281,161,13691,5006
mlp,109,source_heldout,0.5,92901,139,14071,5028
mlp,109,source_heldout,0.55,92658,126,14314,5041
mlp,109,source_heldout,0.6,92332,101,14640,5066
mlp,109,source_heldout,0.65,92076,97,14896,5070
mlp,109,source_heldout,0.7,91862,83,15110,5084
mlp,109,source_heldout,0.75,91611,73,15361,5094
mlp,109,source_heldout,0.8,91327,60,15645,5107
mlp,109,source_heldout,0.85,90690,56,16282,5111
mlp,109,source_heldout,0.9,90139,50,16833,5117
mlp,109,source_heldout,0.95,86000,18,20972,5149
mlp,109,source_heldout,0.975,84934,12,22038,5155
mlp,109,source_heldout,0.99,83408,6,23564,5161
mlp,109,source_heldout,0.995,82033,4,24939,5163
mlp,109,source_heldout,0.999,60123,2,46849,5165
mlp,109,target,0.05,839,33302,0,5284
mlp,109,target,0.1,837,31725,2,6861
mlp,109,target,0.15,837,26586,2,12000
mlp,109,target,0.2,837,25972,2,12614
mlp,109,target,0.25,837,25734,2,12852
mlp,109,target,0.3,837,25617,2,12969
mlp,109,target,0.35,829,1648,10,36938
mlp,109,target,0.4,800,1641,39,36945
mlp,109,target,0.45,583,1622,256,36964
mlp,109,target,0.5,580,1608,259,36978
mlp,109,target,0.55,580,1584,259,37002
mlp,109,target,0.6,580,1505,259,37081
mlp,109,target,0.65,580,1479,259,37107
mlp,109,target,0.7,580,1441,259,37145
mlp,109,target,0.75,580,1426,259,37160
mlp,109,target,0.8,580,1404,259,37182
mlp,109,target,0.85,580,948,259,37638
mlp,109,target,0.9,580,747,259,37839
mlp,109,target,0.95,580,714,259,37872
mlp,109,target,0.975,580,645,259,37941
mlp,109,target,0.99,580,628,259,37958
mlp,109,target,0.995,580,625,259,37961
mlp,109,target,0.999,0,0,839,38586
majority,110,source_heldout,0.05,88648,15,0,0
majority,110,source_heldout,0.1,88648,15,0,0
majority,110,source_heldout,0.15,88648,15,0,0
majority,110,source_heldout,0.2,88648,15,0,0
majority,110,source_heldout,0.25,88648,15,0,0
majority,110,source_heldout,0.3,88648,15,0,0
majority,110,source_heldout,0.35,88648,15,0,0
majority,110,source_heldout,0.4,88648,15,0,0
majority,110,source_heldout,0.45,88648,15,0,0
majority,110,source_heldout,0.5,88648,15,0,0
majority,110,source_heldout,0.55,88648,15,0,0
majority,110,source_heldout,0.6,88648,15,0,0
majority,110,source_heldout,0.65,88648,15,0,0
majority,110,source_heldout,0.7,88648,15,0,0
majority,110,source_heldout,0.75,88648,15,0,0
majority,110,source_heldout,0.8,88648,15,0,0
majority,110,source_heldout,0.85,88648,15,0,0
majority,110,source_heldout,0.9,88648,15,0,0
majority,110,source_heldout,0.95,88648,15,0,0
majority,110,source_heldout,0.975,88648,15,0,0
majority,110,source_heldout,0.99,88648,15,0,0
majority,110,source_heldout,0.995,88648,15,0,0
majority,110,source_heldout,0.999,88648,15,0,0
majority,110,target,0.05,839,38586,0,0
majority,110,target,0.1,839,38586,0,0
majority,110,target,0.15,839,38586,0,0
majority,110,target,0.2,839,38586,0,0
majority,110,target,0.25,839,38586,0,0
majority,110,target,0.3,839,38586,0,0
majority,110,target,0.35,839,38586,0,0
majority,110,target,0.4,839,38586,0,0
majority,110,target,0.45,839,38586,0,0
majority,110,target,0.5,839,38586,0,0
majority,110,target,0.55,839,38586,0,0
majority,110,target,0.6,839,38586,0,0
majority,110,target,0.65,839,38586,0,0
majority,110,target,0.7,839,38586,0,0
majority,110,target,0.75,839,38586,0,0
majority,110,target,0.8,839,38586,0,0
majority,110,target,0.85,839,38586,0,0
majority,110,target,0.9,839,38586,0,0
majority,110,target,0.95,839,38586,0,0
majority,110,target,0.975,839,38586,0,0
majority,110,target,0.99,839,38586,0,0
majority,110,target,0.995,839,38586,0,0
majority,110,target,0.999,839,38586,0,0
stratified,110,source_heldout,0.05,81833,13,6815,2
stratified,110,source_heldout,0.1,81833,13,6815,2
stratified,110,source_heldout,0.15,81833,13,6815,2
stratified,110,source_heldout,0.2,81833,13,6815,2
stratified,110,source_heldout,0.25,81833,13,6815,2
stratified,110,source_heldout,0.3,81833,13,6815,2
stratified,110,source_heldout,0.35,81833,13,6815,2
stratified,110,source_heldout,0.4,81833,13,6815,2
stratified,110,source_heldout,0.45,81833,13,6815,2
stratified,110,source_heldout,0.5,81833,13,6815,2
stratified,110,source_heldout,0.55,81833,13,6815,2
stratified,110,source_heldout,0.6,81833,13,6815,2
stratified,110,source_heldout,0.65,81833,13,6815,2
stratified,110,source_heldout,0.7,81833,13,6815,2
stratified,110,source_heldout,0.75,81833,13,6815,2
stratified,110,source_heldout,0.8,81833,13,6815,2
stratified,110,source_heldout,0.85,81833,13,6815,2
stratified,110,source_heldout,0.9,81833,13,6815,2
stratified,110,source_heldout,0.95,81833,13,6815,2
stratified,110,source_heldout,0.975,81833,13,6815,2
stratified,110,source_heldout,0.99,81833,13,6815,2
stratified,110,source_heldout,0.995,81833,13,6815,2
stratified,110,source_heldout,0.999,81833,13,6815,2
stratified,110,target,0.05,775,35645,64,2941
stratified,110,target,0.1,775,35645,64,2941
stratified,110,target,0.15,775,35645,64,2941
stratified,110,target,0.2,775,35645,64,2941
stratified,110,target,0.25,775,35645,64,2941
stratified,110,target,0.3,775,35645,64,2941
stratified,110,target,0.35,775,35645,64,2941
stratified,110,target,0.4,775,35645,64,2941
stratified,110,target,0.45,775,35645,64,2941
stratified,110,target,0.5,775,35645,64,2941
stratified,110,target,0.55,775,35645,64,2941
stratified,110,target,0.6,775,35645,64,2941
stratified,110,target,0.65,775,35645,64,2941
stratified,110,target,0.7,775,35645,64,2941
stratified,110,target,0.75,775,35645,64,2941
stratified,110,target,0.8,775,35645,64,2941
stratified,110,target,0.85,775,35645,64,2941
stratified,110,target,0.9,775,35645,64,2941
stratified,110,target,0.95,775,35645,64,2941
stratified,110,target,0.975,775,35645,64,2941
stratified,110,target,0.99,775,35645,64,2941
stratified,110,target,0.995,775,35645,64,2941
stratified,110,target,0.999,775,35645,64,2941
logreg,110,source_heldout,0.05,88634,11,14,4
logreg,110,source_heldout,0.1,88026,9,622,6
logreg,110,source_heldout,0.15,88013,4,635,11
logreg,110,source_heldout,0.2,87329,4,1319,11
logreg,110,source_heldout,0.25,86758,4,1890,11
logreg,110,source_heldout,0.3,86264,4,2384,11
logreg,110,source_heldout,0.35,86156,4,2492,11
logreg,110,source_heldout,0.4,86100,4,2548,11
logreg,110,source_heldout,0.45,85993,3,2655,12
logreg,110,source_heldout,0.5,82650,3,5998,12
logreg,110,source_heldout,0.55,82408,3,6240,12
logreg,110,source_heldout,0.6,82220,3,6428,12
logreg,110,source_heldout,0.65,82015,3,6633,12
logreg,110,source_heldout,0.7,79364,3,9284,12
logreg,110,source_heldout,0.75,59275,3,29373,12
logreg,110,source_heldout,0.8,58237,3,30411,12
logreg,110,source_heldout,0.85,54315,2,34333,13
logreg,110,source_heldout,0.9,49264,2,39384,13
logreg,110,source_heldout,0.95,3165,2,85483,13
logreg,110,source_heldout,0.975,2154,2,86494,13
logreg,110,source_heldout,0.99,1082,2,87566,13
logreg,110,source_heldout,0.995,844,2,87804,13
logreg,110,source_heldout,0.999,469,2,88179,13
logreg,110,target,0.05,837,38101,2,485
logreg,110,target,0.1,837,37881,2,705
logreg,110,target,0.15,739,36456,100,2130
logreg,110,target,0.2,739,31501,100,7085
logreg,110,target,0.25,738,30949,101,7637
logreg,110,target,0.3,738,30550,101,8036
logreg,110,target,0.35,738,6558,101,32028
logreg,110,target,0.4,736,6494,103,32092
logreg,110,target,0.45,736,6445,103,32141
logreg,110,target,0.5,736,6319,103,32267
logreg,110,target,0.55,736,6250,103,32336
logreg,110,target,0.6,580,5795,259,32791
logreg,110,target,0.65,580,5740,259,32846
logreg,110,target,0.7,580,1311,259,37275
logreg,110,target,0.75,580,939,259,37647
logreg,110,target,0.8,580,918,259,37668
logreg,110,target,0.85,580,665,259,37921
logreg,110,target,0.9,580,647,259,37939
logreg,110,target,0.95,0,0,839,38586
logreg,110,target,0.975,0,0,839,38586
logreg,110,target,0.99,0,0,839,38586
logreg,110,target,0.995,0,0,839,38586
logreg,110,target,0.999,0,0,839,38586
tree,110,source_heldout,0.05,81883,12,6765,3
tree,110,source_heldout,0.1,65369,11,23279,4
tree,110,source_heldout,0.15,60097,10,28551,5
tree,110,source_heldout,0.2,60021,9,28627,6
tree,110,source_heldout,0.25,60016,9,28632,6
tree,110,source_heldout,0.3,59995,9,28653,6
tree,110,source_heldout,0.35,59995,9,28653,6
tree,110,source_heldout,0.4,59979,9,28669,6
tree,110,source_heldout,0.45,59969,8,28679,7
tree,110,source_heldout,0.5,59969,8,28679,7
tree,110,source_heldout,0.55,59833,8,28815,7
tree,110,source_heldout,0.6,59833,8,28815,7
tree,110,source_heldout,0.65,59833,8,28815,7
tree,110,source_heldout,0.7,59833,8,28815,7
tree,110,source_heldout,0.75,59826,8,28822,7
tree,110,source_heldout,0.8,59823,8,28825,7
tree,110,source_heldout,0.85,59823,8,28825,7
tree,110,source_heldout,0.9,57976,7,30672,8
tree,110,source_heldout,0.95,57976,7,30672,8
tree,110,source_heldout,0.975,57976,7,30672,8
tree,110,source_heldout,0.99,57976,7,30672,8
tree,110,source_heldout,0.995,57566,7,31082,8
tree,110,source_heldout,0.999,56667,7,31981,8
tree,110,target,0.05,800,34371,39,4215
tree,110,target,0.1,800,33533,39,5053
tree,110,target,0.15,799,30557,40,8029
tree,110,target,0.2,799,30552,40,8034
tree,110,target,0.25,799,30166,40,8420
tree,110,target,0.3,799,30166,40,8420
tree,110,target,0.35,799,30166,40,8420
tree,110,target,0.4,799,30160,40,8426
tree,110,target,0.45,799,30157,40,8429
tree,110,target,0.5,799,30123,40,8463
tree,110,target,0.55,799,30111,40,8475
tree,110,target,0.6,799,30111,40,8475
tree,110,target,0.65,799,30111,40,8475
tree,110,target,0.7,799,29936,40,8650
tree,110,target,0.75,799,29936,40,8650
tree,110,target,0.8,799,29930,40,8656
tree,110,target,0.85,799,29930,40,8656
tree,110,target,0.9,799,29917,40,8669
tree,110,target,0.95,799,29917,40,8669
tree,110,target,0.975,799,29917,40,8669
tree,110,target,0.99,799,29917,40,8669
tree,110,target,0.995,799,29899,40,8687
tree,110,target,0.999,643,29894,196,8692
rf,110,source_heldout,0.05,88648,15,0,0
rf,110,source_heldout,0.1,88646,13,2,2
rf,110,source_heldout,0.15,88641,13,7,2
rf,110,source_heldout,0.2,88631,13,17,2
rf,110,source_heldout,0.25,88584,13,64,2
rf,110,source_heldout,0.3,77939,13,10709,2
rf,110,source_heldout,0.35,74932,13,13716,2
rf,110,source_heldout,0.4,74519,13,14129,2
rf,110,source_heldout,0.45,73556,11,15092,4
rf,110,source_heldout,0.5,72312,11,16336,4
rf,110,source_heldout,0.55,72010,10,16638,5
rf,110,source_heldout,0.6,71761,10,16887,5
rf,110,source_heldout,0.65,68081,9,20567,6
rf,110,source_heldout,0.7,64311,9,24337,6
rf,110,source_heldout,0.75,61115,1,27533,14
rf,110,source_heldout,0.8,53759,0,34889,15
rf,110,source_heldout,0.85,49564,0,39084,15
rf,110,source_heldout,0.9,47976,0,40672,15
rf,110,source_heldout,0.95,38534,0,50114,15
rf,110,source_heldout,0.975,37642,0,51006,15
rf,110,source_heldout,0.99,33422,0,55226,15
rf,110,source_heldout,0.995,8240,0,80408,15
rf,110,source_heldout,0.999,7074,0,81574,15
rf,110,target,0.05,839,38578,0,8
rf,110,target,0.1,839,38529,0,57
rf,110,target,0.15,839,38426,0,160
rf,110,target,0.2,839,38388,0,198
rf,110,target,0.25,839,38339,0,247
rf,110,target,0.3,839,38031,0,555
rf,110,target,0.35,839,33719,0,4867
rf,110,target,0.4,839,33152,0,5434
rf,110,target,0.45,839,32931,0,5655
rf,110,target,0.5,838,32514,1,6072
rf,110,target,0.55,836,31564,3,7022
rf,110,target,0.6,836,26411,3,12175
rf,110,target,0.65,834,25479,5,13107
rf,110,target,0.7,752,3698,87,34888
rf,110,target,0.75,738,973,101,37613
rf,110,target,0.8,736,842,103,37744
rf,110,target,0.85,736,823,103,37763
rf,110,target,0.9,736,792,103,37794
rf,110,target,0.95,156,160,683,38426
rf,110,target,0.975,0,34,839,38552
rf,110,target,0.99,0,0,839,38586
rf,110,target,0.995,0,0,839,38586
rf,110,target,0.999,0,0,839,38586
xgboost,110,source_heldout,0.05,88643,15,5,0
xgboost,110,source_heldout,0.1,88605,13,43,2
xgboost,110,source_heldout,0.15,87678,12,970,3
xgboost,110,source_heldout,0.2,86844,12,1804,3
xgboost,110,source_heldout,0.25,81838,12,6810,3
xgboost,110,source_heldout,0.3,73705,12,14943,3
xgboost,110,source_heldout,0.35,72131,10,16517,5
xgboost,110,source_heldout,0.4,71695,8,16953,7
xgboost,110,source_heldout,0.45,71484,6,17164,9
xgboost,110,source_heldout,0.5,71197,4,17451,11
xgboost,110,source_heldout,0.55,70996,4,17652,11
xgboost,110,source_heldout,0.6,70791,4,17857,11
xgboost,110,source_heldout,0.65,70647,4,18001,11
xgboost,110,source_heldout,0.7,68700,4,19948,11
xgboost,110,source_heldout,0.75,67257,4,21391,11
xgboost,110,source_heldout,0.8,66968,4,21680,11
xgboost,110,source_heldout,0.85,66067,3,22581,12
xgboost,110,source_heldout,0.9,60245,0,28403,15
xgboost,110,source_heldout,0.95,51409,0,37239,15
xgboost,110,source_heldout,0.975,47033,0,41615,15
xgboost,110,source_heldout,0.99,25237,0,63411,15
xgboost,110,source_heldout,0.995,20909,0,67739,15
xgboost,110,source_heldout,0.999,10159,0,78489,15
xgboost,110,target,0.05,839,38169,0,417
xgboost,110,target,0.1,839,34732,0,3854
xgboost,110,target,0.15,838,32189,1,6397
xgboost,110,target,0.2,837,30645,2,7941
xgboost,110,target,0.25,837,30274,2,8312
xgboost,110,target,0.3,837,29989,2,8597
xgboost,110,target,0.35,837,29795,2,8791
xgboost,110,target,0.4,837,29703,2,8883
xgboost,110,target,0.45,837,29644,2,8942
xgboost,110,target,0.5,836,29570,3,9016
xgboost,110,target,0.55,836,29538,3,9048
xgboost,110,target,0.6,836,29426,3,9160
xgboost,110,target,0.65,836,29387,3,9199
xgboost,110,target,0.7,836,29326,3,9260
xgboost,110,target,0.75,836,29279,3,9307
xgboost,110,target,0.8,821,29221,18,9365
xgboost,110,target,0.85,809,29202,30,9384
xgboost,110,target,0.9,752,29119,87,9467
xgboost,110,target,0.95,738,719,101,37867
xgboost,110,target,0.975,738,687,101,37899
xgboost,110,target,0.99,738,630,101,37956
xgboost,110,target,0.995,587,620,252,37966
xgboost,110,target,0.999,0,0,839,38586
hgb,110,source_heldout,0.05,88640,15,8,0
hgb,110,source_heldout,0.1,88320,15,328,0
hgb,110,source_heldout,0.15,87321,13,1327,2
hgb,110,source_heldout,0.2,72073,10,16575,5
hgb,110,source_heldout,0.25,72003,10,16645,5
hgb,110,source_heldout,0.3,71844,10,16804,5
hgb,110,source_heldout,0.35,71520,9,17128,6
hgb,110,source_heldout,0.4,70390,8,18258,7
hgb,110,source_heldout,0.45,67836,8,20812,7
hgb,110,source_heldout,0.5,67625,7,21023,8
hgb,110,source_heldout,0.55,67037,5,21611,10
hgb,110,source_heldout,0.6,66770,4,21878,11
hgb,110,source_heldout,0.65,66690,4,21958,11
hgb,110,source_heldout,0.7,66638,0,22010,15
hgb,110,source_heldout,0.75,66512,0,22136,15
hgb,110,source_heldout,0.8,66314,0,22334,15
hgb,110,source_heldout,0.85,65947,0,22701,15
hgb,110,source_heldout,0.9,62803,0,25845,15
hgb,110,source_heldout,0.95,55558,0,33090,15
hgb,110,source_heldout,0.975,31438,0,57210,15
hgb,110,source_heldout,0.99,21994,0,66654,15
hgb,110,source_heldout,0.995,20706,0,67942,15
hgb,110,source_heldout,0.999,11346,0,77302,15
hgb,110,target,0.05,839,34840,0,3746
hgb,110,target,0.1,839,33137,0,5449
hgb,110,target,0.15,839,32194,0,6392
hgb,110,target,0.2,838,31593,1,6993
hgb,110,target,0.25,838,31134,1,7452
hgb,110,target,0.3,837,30870,2,7716
hgb,110,target,0.35,836,30290,3,8296
hgb,110,target,0.4,836,30208,3,8378
hgb,110,target,0.45,836,29878,3,8708
hgb,110,target,0.5,836,29682,3,8904
hgb,110,target,0.55,836,29548,3,9038
hgb,110,target,0.6,836,29490,3,9096
hgb,110,target,0.65,836,29418,3,9168
hgb,110,target,0.7,836,7881,3,30705
hgb,110,target,0.75,836,5339,3,33247
hgb,110,target,0.8,836,5326,3,33260
hgb,110,target,0.85,836,5300,3,33286
hgb,110,target,0.9,788,5149,51,33437
hgb,110,target,0.95,767,693,72,37893
hgb,110,target,0.975,738,678,101,37908
hgb,110,target,0.99,296,72,543,38514
hgb,110,target,0.995,296,68,543,38518
hgb,110,target,0.999,143,28,696,38558
mlp,110,source_heldout,0.05,88620,15,28,0
mlp,110,source_heldout,0.1,88601,14,47,1
mlp,110,source_heldout,0.15,87934,12,714,3
mlp,110,source_heldout,0.2,87780,11,868,4
mlp,110,source_heldout,0.25,87614,11,1034,4
mlp,110,source_heldout,0.3,87488,10,1160,5
mlp,110,source_heldout,0.35,87393,10,1255,5
mlp,110,source_heldout,0.4,87257,9,1391,6
mlp,110,source_heldout,0.45,87104,9,1544,6
mlp,110,source_heldout,0.5,86365,9,2283,6
mlp,110,source_heldout,0.55,82344,9,6304,6
mlp,110,source_heldout,0.6,76445,9,12203,6
mlp,110,source_heldout,0.65,69437,9,19211,6
mlp,110,source_heldout,0.7,67768,9,20880,6
mlp,110,source_heldout,0.75,67538,9,21110,6
mlp,110,source_heldout,0.8,66513,9,22135,6
mlp,110,source_heldout,0.85,65665,9,22983,6
mlp,110,source_heldout,0.9,62047,8,26601,7
mlp,110,source_heldout,0.95,58648,8,30000,7
mlp,110,source_heldout,0.975,57904,8,30744,7
mlp,110,source_heldout,0.99,49727,8,38921,7
mlp,110,source_heldout,0.995,40420,8,48228,7
mlp,110,source_heldout,0.999,10609,8,78039,7
mlp,110,target,0.05,837,38289,2,297
mlp,110,target,0.1,837,37224,2,1362
mlp,110,target,0.15,836,33004,3,5582
mlp,110,target,0.2,836,31270,3,7316
mlp,110,target,0.25,832,30500,7,8086
mlp,110,target,0.3,817,30317,22,8269
mlp,110,target,0.35,789,30162,50,8424
mlp,110,target,0.4,752,30060,87,8526
mlp,110,target,0.45,741,30018,98,8568
mlp,110,target,0.5,738,6032,101,32554
mlp,110,target,0.55,598,6019,241,32567
mlp,110,target,0.6,582,6015,257,32571
mlp,110,target,0.65,582,6010,257,32576
mlp,110,target,0.7,582,5948,257,32638
mlp,110,target,0.75,582,1294,257,37292
mlp,110,target,0.8,582,1281,257,37305
mlp,110,target,0.85,582,1172,257,37414
mlp,110,target,0.9,580,1154,259,37432
mlp,110,target,0.95,580,1134,259,37452
mlp,110,target,0.975,580,979,259,37607
mlp,110,target,0.99,580,924,259,37662
mlp,110,target,0.995,0,288,839,38298
mlp,110,target,0.999,0,253,839,38333
majority,111,source_heldout,0.05,97877,4018,0,0
majority,111,source_heldout,0.1,97877,4018,0,0
majority,111,source_heldout,0.15,97877,4018,0,0
majority,111,source_heldout,0.2,97877,4018,0,0
majority,111,source_heldout,0.25,97877,4018,0,0
majority,111,source_heldout,0.3,97877,4018,0,0
majority,111,source_heldout,0.35,97877,4018,0,0
majority,111,source_heldout,0.4,97877,4018,0,0
majority,111,source_heldout,0.45,97877,4018,0,0
majority,111,source_heldout,0.5,97877,4018,0,0
majority,111,source_heldout,0.55,97877,4018,0,0
majority,111,source_heldout,0.6,97877,4018,0,0
majority,111,source_heldout,0.65,97877,4018,0,0
majority,111,source_heldout,0.7,97877,4018,0,0
majority,111,source_heldout,0.75,97877,4018,0,0
majority,111,source_heldout,0.8,97877,4018,0,0
majority,111,source_heldout,0.85,97877,4018,0,0
majority,111,source_heldout,0.9,97877,4018,0,0
majority,111,source_heldout,0.95,97877,4018,0,0
majority,111,source_heldout,0.975,97877,4018,0,0
majority,111,source_heldout,0.99,97877,4018,0,0
majority,111,source_heldout,0.995,97877,4018,0,0
majority,111,source_heldout,0.999,97877,4018,0,0
majority,111,target,0.05,839,38586,0,0
majority,111,target,0.1,839,38586,0,0
majority,111,target,0.15,839,38586,0,0
majority,111,target,0.2,839,38586,0,0
majority,111,target,0.25,839,38586,0,0
majority,111,target,0.3,839,38586,0,0
majority,111,target,0.35,839,38586,0,0
majority,111,target,0.4,839,38586,0,0
majority,111,target,0.45,839,38586,0,0
majority,111,target,0.5,839,38586,0,0
majority,111,target,0.55,839,38586,0,0
majority,111,target,0.6,839,38586,0,0
majority,111,target,0.65,839,38586,0,0
majority,111,target,0.7,839,38586,0,0
majority,111,target,0.75,839,38586,0,0
majority,111,target,0.8,839,38586,0,0
majority,111,target,0.85,839,38586,0,0
majority,111,target,0.9,839,38586,0,0
majority,111,target,0.95,839,38586,0,0
majority,111,target,0.975,839,38586,0,0
majority,111,target,0.99,839,38586,0,0
majority,111,target,0.995,839,38586,0,0
majority,111,target,0.999,839,38586,0,0
stratified,111,source_heldout,0.05,91851,3754,6026,264
stratified,111,source_heldout,0.1,91851,3754,6026,264
stratified,111,source_heldout,0.15,91851,3754,6026,264
stratified,111,source_heldout,0.2,91851,3754,6026,264
stratified,111,source_heldout,0.25,91851,3754,6026,264
stratified,111,source_heldout,0.3,91851,3754,6026,264
stratified,111,source_heldout,0.35,91851,3754,6026,264
stratified,111,source_heldout,0.4,91851,3754,6026,264
stratified,111,source_heldout,0.45,91851,3754,6026,264
stratified,111,source_heldout,0.5,91851,3754,6026,264
stratified,111,source_heldout,0.55,91851,3754,6026,264
stratified,111,source_heldout,0.6,91851,3754,6026,264
stratified,111,source_heldout,0.65,91851,3754,6026,264
stratified,111,source_heldout,0.7,91851,3754,6026,264
stratified,111,source_heldout,0.75,91851,3754,6026,264
stratified,111,source_heldout,0.8,91851,3754,6026,264
stratified,111,source_heldout,0.85,91851,3754,6026,264
stratified,111,source_heldout,0.9,91851,3754,6026,264
stratified,111,source_heldout,0.95,91851,3754,6026,264
stratified,111,source_heldout,0.975,91851,3754,6026,264
stratified,111,source_heldout,0.99,91851,3754,6026,264
stratified,111,source_heldout,0.995,91851,3754,6026,264
stratified,111,source_heldout,0.999,91851,3754,6026,264
stratified,111,target,0.05,786,36227,53,2359
stratified,111,target,0.1,786,36227,53,2359
stratified,111,target,0.15,786,36227,53,2359
stratified,111,target,0.2,786,36227,53,2359
stratified,111,target,0.25,786,36227,53,2359
stratified,111,target,0.3,786,36227,53,2359
stratified,111,target,0.35,786,36227,53,2359
stratified,111,target,0.4,786,36227,53,2359
stratified,111,target,0.45,786,36227,53,2359
stratified,111,target,0.5,786,36227,53,2359
stratified,111,target,0.55,786,36227,53,2359
stratified,111,target,0.6,786,36227,53,2359
stratified,111,target,0.65,786,36227,53,2359
stratified,111,target,0.7,786,36227,53,2359
stratified,111,target,0.75,786,36227,53,2359
stratified,111,target,0.8,786,36227,53,2359
stratified,111,target,0.85,786,36227,53,2359
stratified,111,target,0.9,786,36227,53,2359
stratified,111,target,0.95,786,36227,53,2359
stratified,111,target,0.975,786,36227,53,2359
stratified,111,target,0.99,786,36227,53,2359
stratified,111,target,0.995,786,36227,53,2359
stratified,111,target,0.999,786,36227,53,2359
logreg,111,source_heldout,0.05,96971,1814,906,2204
logreg,111,source_heldout,0.1,96749,1665,1128,2353
logreg,111,source_heldout,0.15,95412,1546,2465,2472
logreg,111,source_heldout,0.2,94460,1098,3417,2920
logreg,111,source_heldout,0.25,94357,997,3520,3021
logreg,111,source_heldout,0.3,93608,939,4269,3079
logreg,111,source_heldout,0.35,93445,878,4432,3140
logreg,111,source_heldout,0.4,93201,822,4676,3196
logreg,111,source_heldout,0.45,92691,797,5186,3221
logreg,111,source_heldout,0.5,92289,789,5588,3229
logreg,111,source_heldout,0.55,91805,625,6072,3393
logreg,111,source_heldout,0.6,89872,601,8005,3417
logreg,111,source_heldout,0.65,70922,572,26955,3446
logreg,111,source_heldout,0.7,69351,500,28526,3518
logreg,111,source_heldout,0.75,68846,265,29031,3753
logreg,111,source_heldout,0.8,68035,124,29842,3894
logreg,111,source_heldout,0.85,67080,59,30797,3959
logreg,111,source_heldout,0.9,61396,14,36481,4004
logreg,111,source_heldout,0.95,13544,7,84333,4011
logreg,111,source_heldout,0.975,5881,2,91996,4016
logreg,111,source_heldout,0.99,2881,1,94996,4017
logreg,111,source_heldout,0.995,2793,1,95084,4017
logreg,111,source_heldout,0.999,1565,1,96312,4017
logreg,111,target,0.05,837,37761,2,825
logreg,111,target,0.1,739,37371,100,1215
logreg,111,target,0.15,738,34774,101,3812
logreg,111,target,0.2,738,30968,101,7618
logreg,111,target,0.25,738,30553,101,8033
logreg,111,target,0.3,738,30476,101,8110
logreg,111,target,0.35,582,6492,257,32094
logreg,111,target,0.4,580,6446,259,32140
logreg,111,target,0.45,580,6407,259,32179
logreg,111,target,0.5,580,6336,259,32250
logreg,111,target,0.55,580,6281,259,32305
logreg,111,target,0.6,580,6230,259,32356
logreg,111,target,0.65,580,5784,259,32802
logreg,111,target,0.7,580,5757,259,32829
logreg,111,target,0.75,580,950,259,37636
logreg,111,target,0.8,580,937,259,37649
logreg,111,target,0.85,580,681,259,37905
logreg,111,target,0.9,580,658,259,37928
logreg,111,target,0.95,0,1,839,38585
logreg,111,target,0.975,0,0,839,38586
logreg,111,target,0.99,0,0,839,38586
logreg,111,target,0.995,0,0,839,38586
logreg,111,target,0.999,0,0,839,38586
tree,111,source_heldout,0.05,97446,989,431,3029
tree,111,source_heldout,0.1,96991,681,886,3337
tree,111,source_heldout,0.15,95982,331,1895,3687
tree,111,source_heldout,0.2,95962,325,1915,3693
tree,111,source_heldout,0.25,93114,157,4763,3861
tree,111,source_heldout,0.3,93113,157,4764,3861
tree,111,source_heldout,0.35,93113,157,4764,3861
tree,111,source_heldout,0.4,93068,153,4809,3865
tree,111,source_heldout,0.45,93049,153,4828,3865
tree,111,source_heldout,0.5,93036,152,4841,3866
tree,111,source_heldout,0.55,92916,148,4961,3870
tree,111,source_heldout,0.6,92898,146,4979,3872
tree,111,source_heldout,0.65,92898,146,4979,3872
tree,111,source_heldout,0.7,92808,141,5069,3877
tree,111,source_heldout,0.75,92792,141,5085,3877
tree,111,source_heldout,0.8,92786,140,5091,3878
tree,111,source_heldout,0.85,92739,139,5138,3879
tree,111,source_heldout,0.9,92563,123,5314,3895
tree,111,source_heldout,0.95,92563,123,5314,3895
tree,111,source_heldout,0.975,88848,115,9029,3903
tree,111,source_heldout,0.99,88848,115,9029,3903
tree,111,source_heldout,0.995,88026,113,9851,3905
tree,111,source_heldout,0.999,88026,113,9851,3905
tree,111,target,0.05,839,33103,0,5483
tree,111,target,0.1,839,32242,0,6344
tree,111,target,0.15,839,28116,0,10470
tree,111,target,0.2,839,28116,0,10470
tree,111,target,0.25,839,27592,0,10994
tree,111,target,0.3,839,27592,0,10994
tree,111,target,0.35,839,27592,0,10994
tree,111,target,0.4,839,27592,0,10994
tree,111,target,0.45,839,27592,0,10994
tree,111,target,0.5,839,27592,0,10994
tree,111,target,0.55,839,27592,0,10994
tree,111,target,0.6,839,27592,0,10994
tree,111,target,0.65,839,27592,0,10994
tree,111,target,0.7,839,27580,0,11006
tree,111,target,0.75,839,27574,0,11012
tree,111,target,0.8,839,27574,0,11012
tree,111,target,0.85,839,27574,0,11012
tree,111,target,0.9,839,27517,0,11069
tree,111,target,0.95,839,27517,0,11069
tree,111,target,0.975,839,27471,0,11115
tree,111,target,0.99,839,27471,0,11115
tree,111,target,0.995,839,27471,0,11115
tree,111,target,0.999,839,27471,0,11115
rf,111,source_heldout,0.05,97800,1417,77,2601
rf,111,source_heldout,0.1,97667,1235,210,2783
rf,111,source_heldout,0.15,97526,1059,351,2959
rf,111,source_heldout,0.2,97366,910,511,3108
rf,111,source_heldout,0.25,97210,791,667,3227
rf,111,source_heldout,0.3,97022,684,855,3334
rf,111,source_heldout,0.35,96807,600,1070,3418
rf,111,source_heldout,0.4,96561,514,1316,3504
rf,111,source_heldout,0.45,96327,471,1550,3547
rf,111,source_heldout,0.5,96181,418,1696,3600
rf,111,source_heldout,0.55,96023,373,1854,3645
rf,111,source_heldout,0.6,95810,327,2067,3691
rf,111,source_heldout,0.65,95592,284,2285,3734
rf,111,source_heldout,0.7,95356,226,2521,3792
rf,111,source_heldout,0.75,95065,183,2812,3835
rf,111,source_heldout,0.8,94703,141,3174,3877
rf,111,source_heldout,0.85,94160,96,3717,3922
rf,111,source_heldout,0.9,93441,61,4436,3957
rf,111,source_heldout,0.95,92319,27,5558,3991
rf,111,source_heldout,0.975,91453,11,6424,4007
rf,111,source_heldout,0.99,90736,3,7141,4015
rf,111,source_heldout,0.995,89594,2,8283,4016
rf,111,source_heldout,0.999,85050,1,12827,4017
rf,111,target,0.05,839,38584,0,2
rf,111,target,0.1,839,38549,0,37
rf,111,target,0.15,839,38457,0,129
rf,111,target,0.2,839,38393,0,193
rf,111,target,0.25,839,38362,0,224
rf,111,target,0.3,839,38307,0,279
rf,111,target,0.35,839,38070,0,516
rf,111,target,0.4,839,36413,0,2173
rf,111,target,0.45,839,32976,0,5610
rf,111,target,0.5,839,32049,0,6537
rf,111,target,0.55,838,31342,1,7244
rf,111,target,0.6,837,30669,2,7917
rf,111,target,0.65,837,25850,2,12736
rf,111,target,0.7,801,25240,38,13346
rf,111,target,0.75,751,24996,88,13590
rf,111,target,0.8,738,940,101,37646
rf,111,target,0.85,736,896,103,37690
rf,111,target,0.9,736,843,103,37743
rf,111,target,0.95,736,785,103,37801
rf,111,target,0.975,580,776,259,37810
rf,111,target,0.99,580,620,259,37966
rf,111,target,0.995,580,620,259,37966
rf,111,target,0.999,580,620,259,37966
xgboost,111,source_heldout,0.05,97657,1110,220,2908
xgboost,111,source_heldout,0.1,97338,792,539,3226
xgboost,111,source_heldout,0.15,96720,452,1157,3566
xgboost,111,source_heldout,0.2,95779,309,2098,3709
xgboost,111,source_heldout,0.25,94588,234,3289,3784
xgboost,111,source_heldout,0.3,93809,161,4068,3857
xgboost,111,source_heldout,0.35,93558,129,4319,3889
xgboost,111,source_heldout,0.4,93146,109,4731,3909
xgboost,111,source_heldout,0.45,93041,91,4836,3927
xgboost,111,source_heldout,0.5,92903,81,4974,3937
xgboost,111,source_heldout,0.55,92796,74,5081,3944
xgboost,111,source_heldout,0.6,92553,61,5324,3957
xgboost,111,source_heldout,0.65,92298,51,5579,3967
xgboost,111,source_heldout,0.7,92124,42,5753,3976
xgboost,111,source_heldout,0.75,91930,33,5947,3985
xgboost,111,source_heldout,0.8,91747,33,6130,3985
xgboost,111,source_heldout,0.85,91573,31,6304,3987
xgboost,111,source_heldout,0.9,91306,25,6571,3993
xgboost,111,source_heldout,0.95,90569,7,7308,4011
xgboost,111,source_heldout,0.975,89804,3,8073,4015
xgboost,111,source_heldout,0.99,87165,0,10712,4018
xgboost,111,source_heldout,0.995,85828,0,12049,4018
xgboost,111,source_heldout,0.999,71055,0,26822,4018
xgboost,111,target,0.05,839,36960,0,1626
xgboost,111,target,0.1,837,32849,2,5737
xgboost,111,target,0.15,837,32005,2,6581
xgboost,111,target,0.2,837,30528,2,8058
xgboost,111,target,0.25,837,30322,2,8264
xgboost,111,target,0.3,837,30065,2,8521
xgboost,111,target,0.35,837,30003,2,8583
xgboost,111,target,0.4,837,29992,2,8594
xgboost,111,target,0.45,837,29738,2,8848
xgboost,111,target,0.5,837,29546,2,9040
xgboost,111,target,0.55,837,29519,2,9067
xgboost,111,target,0.6,837,29464,2,9122
xgboost,111,target,0.65,837,29454,2,9132
xgboost,111,target,0.7,832,29425,7,9161
xgboost,111,target,0.75,824,29311,15,9275
xgboost,111,target,0.8,798,29227,41,9359
xgboost,111,target,0.85,798,29195,41,9391
xgboost,111,target,0.9,796,24825,43,13761
xgboost,111,target,0.95,738,22301,101,16285
xgboost,111,target,0.975,738,22259,101,16327
xgboost,111,target,0.99,738,674,101,37912
xgboost,111,target,0.995,732,673,107,37913
xgboost,111,target,0.999,582,645,257,37941
hgb,111,source_heldout,0.05,97700,1126,177,2892
hgb,111,source_heldout,0.1,97368,793,509,3225
hgb,111,source_heldout,0.15,96742,478,1135,3540
hgb,111,source_heldout,0.2,96209,353,1668,3665
hgb,111,source_heldout,0.25,94556,241,3321,3777
hgb,111,source_heldout,0.3,93814,181,4063,3837
hgb,111,source_heldout,0.35,93672,163,4205,3855
hgb,111,source_heldout,0.4,93126,123,4751,3895
hgb,111,source_heldout,0.45,92995,113,4882,3905
hgb,111,source_heldout,0.5,92786,105,5091,3913
hgb,111,source_heldout,0.55,92678,95,5199,3923
hgb,111,source_heldout,0.6,92530,85,5347,3933
hgb,111,source_heldout,0.65,92339,78,5538,3940
hgb,111,source_heldout,0.7,92146,71,5731,3947
hgb,111,source_heldout,0.75,91873,61,6004,3957
hgb,111,source_heldout,0.8,91684,54,6193,3964
hgb,111,source_heldout,0.85,91464,48,6413,3970
hgb,111,source_heldout,0.9,91070,28,6807,3990
hgb,111,source_heldout,0.95,89923,14,7954,4004
hgb,111,source_heldout,0.975,88924,3,8953,4015
hgb,111,source_heldout,0.99,86180,0,11697,4018
hgb,111,source_heldout,0.995,85171,0,12706,4018
hgb,111,source_heldout,0.999,72623,0,25254,4018
hgb,111,target,0.05,839,37476,0,1110
hgb,111,target,0.1,838,36293,1,2293
hgb,111,target,0.15,837,33216,2,5370
hgb,111,target,0.2,837,31922,2,6664
hgb,111,target,0.25,837,31582,2,7004
hgb,111,target,0.3,837,31036,2,7550
hgb,111,target,0.35,837,30435,2,8151
hgb,111,target,0.4,837,30177,2,8409
hgb,111,target,0.45,837,29928,2,8658
hgb,111,target,0.5,837,29782,2,8804
hgb,111,target,0.55,835,29688,4,8898
hgb,111,target,0.6,835,29556,4,9030
hgb,111,target,0.65,811,29514,28,9072
hgb,111,target,0.7,779,29444,60,9142
hgb,111,target,0.75,760,29401,79,9185
hgb,111,target,0.8,744,26836,95,11750
hgb,111,target,0.85,739,26808,100,11778
hgb,111,target,0.9,739,5318,100,33268
hgb,111,target,0.95,738,866,101,37720
hgb,111,target,0.975,738,813,101,37773
hgb,111,target,0.99,738,718,101,37868
hgb,111,target,0.995,736,713,103,37873
hgb,111,target,0.999,736,660,103,37926
mlp,111,source_heldout,0.05,97639,1199,238,2819
mlp,111,source_heldout,0.1,97028,811,849,3207
mlp,111,source_heldout,0.15,96331,480,1546,3538
mlp,111,source_heldout,0.2,96154,422,1723,3596
mlp,111,source_heldout,0.25,95596,352,2281,3666
mlp,111,source_heldout,0.3,95097,276,2780,3742
mlp,111,source_heldout,0.35,94088,226,3789,3792
mlp,111,source_heldout,0.4,92679,160,5198,3858
mlp,111,source_heldout,0.45,92338,134,5539,3884
mlp,111,source_heldout,0.5,92192,115,5685,3903
mlp,111,source_heldout,0.55,92024,110,5853,3908
mlp,111,source_heldout,0.6,91838,103,6039,3915
mlp,111,source_heldout,0.65,91531,87,6346,3931
mlp,111,source_heldout,0.7,91288,76,6589,3942
mlp,111,source_heldout,0.75,91042,67,6835,3951
mlp,111,source_heldout,0.8,90796,61,7081,3957
mlp,111,source_heldout,0.85,89521,45,8356,3973
mlp,111,source_heldout,0.9,88958,31,8919,3987
mlp,111,source_heldout,0.95,88219,15,9658,4003
mlp,111,source_heldout,0.975,84558,11,13319,4007
mlp,111,source_heldout,0.99,83258,6,14619,4012
mlp,111,source_heldout,0.995,81653,4,16224,4014
mlp,111,source_heldout,0.999,61536,3,36341,4015
mlp,111,target,0.05,837,37519,2,1067
mlp,111,target,0.1,837,31353,2,7233
mlp,111,target,0.15,837,30788,2,7798
mlp,111,target,0.2,837,30494,2,8092
mlp,111,target,0.25,837,30429,2,8157
mlp,111,target,0.3,688,30421,151,8165
mlp,111,target,0.35,680,30177,159,8409
mlp,111,target,0.4,678,30162,161,8424
mlp,111,target,0.45,671,30141,168,8445
mlp,111,target,0.5,642,29870,197,8716
mlp,111,target,0.55,641,29849,198,8737
mlp,111,target,0.6,582,29830,257,8756
mlp,111,target,0.65,582,29810,257,8776
mlp,111,target,0.7,582,25459,257,13127
mlp,111,target,0.75,582,25402,257,13184
mlp,111,target,0.8,582,25371,257,13215
mlp,111,target,0.85,582,25322,257,13264
mlp,111,target,0.9,582,24816,257,13770
mlp,111,target,0.95,582,698,257,37888
mlp,111,target,0.975,582,677,257,37909
mlp,111,target,0.99,580,654,259,37932
mlp,111,target,0.995,580,647,259,37939
mlp,111,target,0.999,580,620,259,37966
majority,112,source_heldout,0.05,149634,7296,0,0
majority,112,source_heldout,0.1,149634,7296,0,0
majority,112,source_heldout,0.15,149634,7296,0,0
majority,112,source_heldout,0.2,149634,7296,0,0
majority,112,source_heldout,0.25,149634,7296,0,0
majority,112,source_heldout,0.3,149634,7296,0,0
majority,112,source_heldout,0.35,149634,7296,0,0
majority,112,source_heldout,0.4,149634,7296,0,0
majority,112,source_heldout,0.45,149634,7296,0,0
majority,112,source_heldout,0.5,149634,7296,0,0
majority,112,source_heldout,0.55,149634,7296,0,0
majority,112,source_heldout,0.6,149634,7296,0,0
majority,112,source_heldout,0.65,149634,7296,0,0
majority,112,source_heldout,0.7,149634,7296,0,0
majority,112,source_heldout,0.75,149634,7296,0,0
majority,112,source_heldout,0.8,149634,7296,0,0
majority,112,source_heldout,0.85,149634,7296,0,0
majority,112,source_heldout,0.9,149634,7296,0,0
majority,112,source_heldout,0.95,149634,7296,0,0
majority,112,source_heldout,0.975,149634,7296,0,0
majority,112,source_heldout,0.99,149634,7296,0,0
majority,112,source_heldout,0.995,149634,7296,0,0
majority,112,source_heldout,0.999,149634,7296,0,0
majority,112,target,0.05,839,38586,0,0
majority,112,target,0.1,839,38586,0,0
majority,112,target,0.15,839,38586,0,0
majority,112,target,0.2,839,38586,0,0
majority,112,target,0.25,839,38586,0,0
majority,112,target,0.3,839,38586,0,0
majority,112,target,0.35,839,38586,0,0
majority,112,target,0.4,839,38586,0,0
majority,112,target,0.45,839,38586,0,0
majority,112,target,0.5,839,38586,0,0
majority,112,target,0.55,839,38586,0,0
majority,112,target,0.6,839,38586,0,0
majority,112,target,0.65,839,38586,0,0
majority,112,target,0.7,839,38586,0,0
majority,112,target,0.75,839,38586,0,0
majority,112,target,0.8,839,38586,0,0
majority,112,target,0.85,839,38586,0,0
majority,112,target,0.9,839,38586,0,0
majority,112,target,0.95,839,38586,0,0
majority,112,target,0.975,839,38586,0,0
majority,112,target,0.99,839,38586,0,0
majority,112,target,0.995,839,38586,0,0
majority,112,target,0.999,839,38586,0,0
stratified,112,source_heldout,0.05,140407,6804,9227,492
stratified,112,source_heldout,0.1,140407,6804,9227,492
stratified,112,source_heldout,0.15,140407,6804,9227,492
stratified,112,source_heldout,0.2,140407,6804,9227,492
stratified,112,source_heldout,0.25,140407,6804,9227,492
stratified,112,source_heldout,0.3,140407,6804,9227,492
stratified,112,source_heldout,0.35,140407,6804,9227,492
stratified,112,source_heldout,0.4,140407,6804,9227,492
stratified,112,source_heldout,0.45,140407,6804,9227,492
stratified,112,source_heldout,0.5,140407,6804,9227,492
stratified,112,source_heldout,0.55,140407,6804,9227,492
stratified,112,source_heldout,0.6,140407,6804,9227,492
stratified,112,source_heldout,0.65,140407,6804,9227,492
stratified,112,source_heldout,0.7,140407,6804,9227,492
stratified,112,source_heldout,0.75,140407,6804,9227,492
stratified,112,source_heldout,0.8,140407,6804,9227,492
stratified,112,source_heldout,0.85,140407,6804,9227,492
stratified,112,source_heldout,0.9,140407,6804,9227,492
stratified,112,source_heldout,0.95,140407,6804,9227,492
stratified,112,source_heldout,0.975,140407,6804,9227,492
stratified,112,source_heldout,0.99,140407,6804,9227,492
stratified,112,source_heldout,0.995,140407,6804,9227,492
stratified,112,source_heldout,0.999,140407,6804,9227,492
stratified,112,target,0.05,786,36211,53,2375
stratified,112,target,0.1,786,36211,53,2375
stratified,112,target,0.15,786,36211,53,2375
stratified,112,target,0.2,786,36211,53,2375
stratified,112,target,0.25,786,36211,53,2375
stratified,112,target,0.3,786,36211,53,2375
stratified,112,target,0.35,786,36211,53,2375
stratified,112,target,0.4,786,36211,53,2375
stratified,112,target,0.45,786,36211,53,2375
stratified,112,target,0.5,786,36211,53,2375
stratified,112,target,0.55,786,36211,53,2375
stratified,112,target,0.6,786,36211,53,2375
stratified,112,target,0.65,786,36211,53,2375
stratified,112,target,0.7,786,36211,53,2375
stratified,112,target,0.75,786,36211,53,2375
stratified,112,target,0.8,786,36211,53,2375
stratified,112,target,0.85,786,36211,53,2375
stratified,112,target,0.9,786,36211,53,2375
stratified,112,target,0.95,786,36211,53,2375
stratified,112,target,0.975,786,36211,53,2375
stratified,112,target,0.99,786,36211,53,2375
stratified,112,target,0.995,786,36211,53,2375
stratified,112,target,0.999,786,36211,53,2375
logreg,112,source_heldout,0.05,146250,4567,3384,2729
logreg,112,source_heldout,0.1,144352,4271,5282,3025
logreg,112,source_heldout,0.15,143833,3913,5801,3383
logreg,112,source_heldout,0.2,142533,3130,7101,4166
logreg,112,source_heldout,0.25,140293,2813,9341,4483
logreg,112,source_heldout,0.3,139674,2617,9960,4679
logreg,112,source_heldout,0.35,139244,2444,10390,4852
logreg,112,source_heldout,0.4,137384,1482,12250,5814
logreg,112,source_heldout,0.45,133353,1430,16281,5866
logreg,112,source_heldout,0.5,105356,1404,44278,5892
logreg,112,source_heldout,0.55,103892,1294,45742,6002
logreg,112,source_heldout,0.6,99281,1090,50353,6206
logreg,112,source_heldout,0.65,91739,360,57895,6936
logreg,112,source_heldout,0.7,91144,261,58490,7035
logreg,112,source_heldout,0.75,87880,205,61754,7091
logreg,112,source_heldout,0.8,81454,98,68180,7198
logreg,112,source_heldout,0.85,81034,57,68600,7239
logreg,112,source_heldout,0.9,79559,36,70075,7260
logreg,112,source_heldout,0.95,51785,16,97849,7280
logreg,112,source_heldout,0.975,19273,15,130361,7281
logreg,112,source_heldout,0.99,9471,13,140163,7283
logreg,112,source_heldout,0.995,6112,13,143522,7283
logreg,112,source_heldout,0.999,5503,12,144131,7284
logreg,112,target,0.05,739,37667,100,919
logreg,112,target,0.1,738,37093,101,1493
logreg,112,target,0.15,738,32369,101,6217
logreg,112,target,0.2,738,30999,101,7587
logreg,112,target,0.25,582,30590,257,7996
logreg,112,target,0.3,582,30462,257,8124
logreg,112,target,0.35,582,30409,257,8177
logreg,112,target,0.4,582,30312,257,8274
logreg,112,target,0.45,582,29808,257,8778
logreg,112,target,0.5,582,29758,257,8828
logreg,112,target,0.55,582,5740,257,32846
logreg,112,target,0.6,580,1402,259,37184
logreg,112,target,0.65,580,1391,259,37195
logreg,112,target,0.7,580,1386,259,37200
logreg,112,target,0.75,580,1380,259,37206
logreg,112,target,0.8,580,1359,259,37227
logreg,112,target,0.85,580,1276,259,37310
logreg,112,target,0.9,580,756,259,37830
logreg,112,target,0.95,580,672,259,37914
logreg,112,target,0.975,0,15,839,38571
logreg,112,target,0.99,0,1,839,38585
logreg,112,target,0.995,0,1,839,38585
logreg,112,target,0.999,0,0,839,38586
tree,112,source_heldout,0.05,147379,2992,2255,4304
tree,112,source_heldout,0.1,145925,2169,3709,5127
tree,112,source_heldout,0.15,141728,1554,7906,5742
tree,112,source_heldout,0.2,141060,1471,8574,5825
tree,112,source_heldout,0.25,140102,1467,9532,5829
tree,112,source_heldout,0.3,140086,1462,9548,5834
tree,112,source_heldout,0.35,139642,1442,9992,5854
tree,112,source_heldout,0.4,139517,1427,10117,5869
tree,112,source_heldout,0.45,139517,1427,10117,5869
tree,112,source_heldout,0.5,139517,1427,10117,5869
tree,112,source_heldout,0.55,139368,1399,10266,5897
tree,112,source_heldout,0.6,139179,1390,10455,5906
tree,112,source_heldout,0.65,139115,1351,10519,5945
tree,112,source_heldout,0.7,139115,1351,10519,5945
tree,112,source_heldout,0.75,139062,1350,10572,5946
tree,112,source_heldout,0.8,139062,1350,10572,5946
tree,112,source_heldout,0.85,138013,1182,11621,6114
tree,112,source_heldout,0.9,138013,1182,11621,6114
tree,112,source_heldout,0.95,138013,1182,11621,6114
tree,112,source_heldout,0.975,138013,1182,11621,6114
tree,112,source_heldout,0.99,138013,1182,11621,6114
tree,112,source_heldout,0.995,138013,1182,11621,6114
tree,112,source_heldout,0.999,135032,1118,14602,6178
tree,112,target,0.05,839,37934,0,652
tree,112,target,0.1,837,37440,2,1146
tree,112,target,0.15,837,37361,2,1225
tree,112,target,0.2,837,37361,2,1225
tree,112,target,0.25,837,37361,2,1225
tree,112,target,0.3,837,37361,2,1225
tree,112,target,0.35,837,37072,2,1514
tree,112,target,0.4,837,37072,2,1514
tree,112,target,0.45,837,37072,2,1514
tree,112,target,0.5,837,37072,2,1514
tree,112,target,0.55,837,36801,2,1785
tree,112,target,0.6,837,36800,2,1786
tree,112,target,0.65,837,36800,2,1786
tree,112,target,0.7,837,36800,2,1786
tree,112,target,0.75,837,36800,2,1786
tree,112,target,0.8,837,36800,2,1786
tree,112,target,0.85,837,36750,2,1836
tree,112,target,0.9,837,36750,2,1836
tree,112,target,0.95,837,36750,2,1836
tree,112,target,0.975,837,36750,2,1836
tree,112,target,0.99,837,36750,2,1836
tree,112,target,0.995,837,36750,2,1836
tree,112,target,0.999,837,36560,2,2026
rf,112,source_heldout,0.05,149518,4696,116,2600
rf,112,source_heldout,0.1,149121,4413,513,2883
rf,112,source_heldout,0.15,148710,4059,924,3237
rf,112,source_heldout,0.2,148321,3750,1313,3546
rf,112,source_heldout,0.25,146902,3466,2732,3830
rf,112,source_heldout,0.3,146452,3167,3182,4129
rf,112,source_heldout,0.35,146026,2866,3608,4430
rf,112,source_heldout,0.4,145573,2691,4061,4605
rf,112,source_heldout,0.45,144952,2467,4682,4829
rf,112,source_heldout,0.5,144173,2279,5461,5017
rf,112,source_heldout,0.55,143465,2126,6169,5170
rf,112,source_heldout,0.6,141606,1998,8028,5298
rf,112,source_heldout,0.65,138700,1884,10934,5412
rf,112,source_heldout,0.7,122302,1010,27332,6286
rf,112,source_heldout,0.75,112531,908,37103,6388
rf,112,source_heldout,0.8,100355,785,49279,6511
rf,112,source_heldout,0.85,96546,557,53088,6739
rf,112,source_heldout,0.9,94928,305,54706,6991
rf,112,source_heldout,0.95,78029,123,71605,7173
rf,112,source_heldout,0.975,76193,94,73441,7202
rf,112,source_heldout,0.99,74111,52,75523,7244
rf,112,source_heldout,0.995,73021,34,76613,7262
rf,112,source_heldout,0.999,70009,12,79625,7284
rf,112,target,0.05,839,38562,0,24
rf,112,target,0.1,839,38470,0,116
rf,112,target,0.15,839,38464,0,122
rf,112,target,0.2,839,38453,0,133
rf,112,target,0.25,839,38426,0,160
rf,112,target,0.3,839,38311,0,275
rf,112,target,0.35,839,38264,0,322
rf,112,target,0.4,839,37804,0,782
rf,112,target,0.45,837,37694,2,892
rf,112,target,0.5,837,37516,2,1070
rf,112,target,0.55,837,36715,2,1871
rf,112,target,0.6,837,33129,2,5457
rf,112,target,0.65,832,31750,7,6836
rf,112,target,0.7,827,26437,12,12149
rf,112,target,0.75,801,25535,38,13051
rf,112,target,0.8,739,24730,100,13856
rf,112,target,0.85,736,24640,103,13946
rf,112,target,0.9,736,653,103,37933
rf,112,target,0.95,736,626,103,37960
rf,112,target,0.975,736,625,103,37961
rf,112,target,0.99,687,624,152,37962
rf,112,target,0.995,580,620,259,37966
rf,112,target,0.999,140,39,699,38547
xgboost,112,source_heldout,0.05,149282,3924,352,3372
xgboost,112,source_heldout,0.1,147762,2783,1872,4513
xgboost,112,source_heldout,0.15,145251,2154,4383,5142
xgboost,112,source_heldout,0.2,142096,1798,7538,5498
xgboost,112,source_heldout,0.25,139974,1678,9660,5618
xgboost,112,source_heldout,0.3,137910,1592,11724,5704
xgboost,112,source_heldout,0.35,133534,1498,16100,5798
xgboost,112,source_heldout,0.4,133276,1427,16358,5869
xgboost,112,source_heldout,0.45,132818,1349,16816,5947
xgboost,112,source_heldout,0.5,132408,1312,17226,5984
xgboost,112,source_heldout,0.55,131726,1207,17908,6089
xgboost,112,source_heldout,0.6,129873,1105,19761,6191
xgboost,112,source_heldout,0.65,129348,1080,20286,6216
xgboost,112,source_heldout,0.7,128828,1035,20806,6261
xgboost,112,source_heldout,0.75,127196,254,22438,7042
xgboost,112,source_heldout,0.8,126615,219,23019,7077
xgboost,112,source_heldout,0.85,126048,136,23586,7160
xgboost,112,source_heldout,0.9,124732,94,24902,7202
xgboost,112,source_heldout,0.95,121489,37,28145,7259
xgboost,112,source_heldout,0.975,99673,27,49961,7269
xgboost,112,source_heldout,0.99,84446,6,65188,7290
xgboost,112,source_heldout,0.995,79717,5,69917,7291
xgboost,112,source_heldout,0.999,74639,1,74995,7295
xgboost,112,target,0.05,838,37942,1,644
xgboost,112,target,0.1,837,34175,2,4411
xgboost,112,target,0.15,837,33276,2,5310
xgboost,112,target,0.2,837,32924,2,5662
xgboost,112,target,0.25,837,32585,2,6001
xgboost,112,target,0.3,837,31999,2,6587
xgboost,112,target,0.35,837,27356,2,11230
xgboost,112,target,0.4,837,27079,2,11507
xgboost,112,target,0.45,837,26753,2,11833
xgboost,112,target,0.5,825,26333,14,12253
xgboost,112,target,0.55,816,26084,23,12502
xgboost,112,target,0.6,777,25877,62,12709
xgboost,112,target,0.65,777,25594,62,12992
xgboost,112,target,0.7,777,25348,62,13238
xgboost,112,target,0.75,773,25231,66,13355
xgboost,112,target,0.8,768,25083,71,13503
xgboost,112,target,0.85,766,24765,73,13821
xgboost,112,target,0.9,738,24630,101,13956
xgboost,112,target,0.95,738,24605,101,13981
xgboost,112,target,0.975,736,24601,103,13985
xgboost,112,target,0.99,736,24601,103,13985
xgboost,112,target,0.995,736,22108,103,16478
xgboost,112,target,0.999,580,620,259,37966
hgb,112,source_heldout,0.05,149252,3977,382,3319
hgb,112,source_heldout,0.1,147789,2863,1845,4433
hgb,112,source_heldout,0.15,144962,2315,4672,4981
hgb,112,source_heldout,0.2,140930,2048,8704,5248
hgb,112,source_heldout,0.25,139827,1907,9807,5389
hgb,112,source_heldout,0.3,138981,1706,10653,5590
hgb,112,source_heldout,0.35,138501,1628,11133,5668
hgb,112,source_heldout,0.4,138019,1578,11615,5718
hgb,112,source_heldout,0.45,137570,1466,12064,5830
hgb,112,source_heldout,0.5,135767,1374,13867,5922
hgb,112,source_heldout,0.55,134020,1326,15614,5970
hgb,112,source_heldout,0.6,132664,794,16970,6502
hgb,112,source_heldout,0.65,132313,518,17321,6778
hgb,112,source_heldout,0.7,131758,459,17876,6837
hgb,112,source_heldout,0.75,131265,393,18369,6903
hgb,112,source_heldout,0.8,130499,320,19135,6976
hgb,112,source_heldout,0.85,128395,236,21239,7060
hgb,112,source_heldout,0.9,122226,154,27408,7142
hgb,112,source_heldout,0.95,98139,59,51495,7237
hgb,112,source_heldout,0.975,89899,15,59735,7281
hgb,112,source_heldout,0.99,80656,9,68978,7287
hgb,112,source_heldout,0.995,79234,7,70400,7289
hgb,112,source_heldout,0.999,77315,3,72319,7293
hgb,112,target,0.05,838,38244,1,342
hgb,112,target,0.1,837,35241,2,3345
hgb,112,target,0.15,836,32877,3,5709
hgb,112,target,0.2,836,32501,3,6085
hgb,112,target,0.25,835,32348,4,6238
hgb,112,target,0.3,835,31889,4,6697
hgb,112,target,0.35,827,31604,12,6982
hgb,112,target,0.4,823,31282,16,7304
hgb,112,target,0.45,823,30810,16,7776
hgb,112,target,0.5,776,30545,63,8041
hgb,112,target,0.55,776,30261,63,8325
hgb,112,target,0.6,776,30057,63,8529
hgb,112,target,0.65,776,25541,63,13045
hgb,112,target,0.7,776,25367,63,13219
hgb,112,target,0.75,775,25309,64,13277
hgb,112,target,0.8,774,25056,65,13530
hgb,112,target,0.85,768,24967,71,13619
hgb,112,target,0.9,759,24863,80,13723
hgb,112,target,0.95,738,24725,101,13861
hgb,112,target,0.975,738,24633,101,13953
hgb,112,target,0.99,738,24606,101,13980
hgb,112,target,0.995,738,24603,101,13983
hgb,112,target,0.999,736,625,103,37961
mlp,112,source_heldout,0.05,148930,4034,704,3262
mlp,112,source_heldout,0.1,144860,3066,4774,4230
mlp,112,source_heldout,0.15,141304,1811,8330,5485
mlp,112,source_heldout,0.2,138012,805,11622,6491
mlp,112,source_heldout,0.25,137441,746,12193,6550
mlp,112,source_heldout,0.3,137112,705,12522,6591
mlp,112,source_heldout,0.35,136506,627,13128,6669
mlp,112,source_heldout,0.4,135800,553,13834,6743
mlp,112,source_heldout,0.45,135207,480,14427,6816
mlp,112,source_heldout,0.5,130625,396,19009,6900
mlp,112,source_heldout,0.55,128807,319,20827,6977
mlp,112,source_heldout,0.6,126743,293,22891,7003
mlp,112,source_heldout,0.65,125992,237,23642,7059
mlp,112,source_heldout,0.7,125552,222,24082,7074
mlp,112,source_heldout,0.75,123393,209,26241,7087
mlp,112,source_heldout,0.8,120348,163,29286,7133
mlp,112,source_heldout,0.85,118874,143,30760,7153
mlp,112,source_heldout,0.9,105265,110,44369,7186
mlp,112,source_heldout,0.95,80727,45,68907,7251
mlp,112,source_heldout,0.975,77147,35,72487,7261
mlp,112,source_heldout,0.99,76241,9,73393,7287
mlp,112,source_heldout,0.995,74818,6,74816,7290
mlp,112,source_heldout,0.999,70426,0,79208,7296
mlp,112,target,0.05,839,34037,0,4549
mlp,112,target,0.1,837,33507,2,5079
mlp,112,target,0.15,837,32548,2,6038
mlp,112,target,0.2,837,32259,2,6327
mlp,112,target,0.25,837,31874,2,6712
mlp,112,target,0.3,837,30978,2,7608
mlp,112,target,0.35,837,6545,2,32041
mlp,112,target,0.4,837,5964,2,32622
mlp,112,target,0.45,834,5750,5,32836
mlp,112,target,0.5,678,1363,161,37223
mlp,112,target,0.55,678,1350,161,37236
mlp,112,target,0.6,677,1341,162,37245
mlp,112,target,0.65,660,1331,179,37255
mlp,112,target,0.7,624,924,215,37662
mlp,112,target,0.75,580,740,259,37846
mlp,112,target,0.8,580,691,259,37895
mlp,112,target,0.85,580,681,259,37905
mlp,112,target,0.9,580,669,259,37917
mlp,112,target,0.95,580,654,259,37932
mlp,112,target,0.975,580,648,259,37938
mlp,112,target,0.99,580,646,259,37940
mlp,112,target,0.995,580,620,259,37966
mlp,112,target,0.999,580,620,259,37966
majority,113,source_heldout,0.05,89558,252,0,0
majority,113,source_heldout,0.1,89558,252,0,0
majority,113,source_heldout,0.15,89558,252,0,0
majority,113,source_heldout,0.2,89558,252,0,0
majority,113,source_heldout,0.25,89558,252,0,0
majority,113,source_heldout,0.3,89558,252,0,0
majority,113,source_heldout,0.35,89558,252,0,0
majority,113,source_heldout,0.4,89558,252,0,0
majority,113,source_heldout,0.45,89558,252,0,0
majority,113,source_heldout,0.5,89558,252,0,0
majority,113,source_heldout,0.55,89558,252,0,0
majority,113,source_heldout,0.6,89558,252,0,0
majority,113,source_heldout,0.65,89558,252,0,0
majority,113,source_heldout,0.7,89558,252,0,0
majority,113,source_heldout,0.75,89558,252,0,0
majority,113,source_heldout,0.8,89558,252,0,0
majority,113,source_heldout,0.85,89558,252,0,0
majority,113,source_heldout,0.9,89558,252,0,0
majority,113,source_heldout,0.95,89558,252,0,0
majority,113,source_heldout,0.975,89558,252,0,0
majority,113,source_heldout,0.99,89558,252,0,0
majority,113,source_heldout,0.995,89558,252,0,0
majority,113,source_heldout,0.999,89558,252,0,0
majority,113,target,0.05,839,38586,0,0
majority,113,target,0.1,839,38586,0,0
majority,113,target,0.15,839,38586,0,0
majority,113,target,0.2,839,38586,0,0
majority,113,target,0.25,839,38586,0,0
majority,113,target,0.3,839,38586,0,0
majority,113,target,0.35,839,38586,0,0
majority,113,target,0.4,839,38586,0,0
majority,113,target,0.45,839,38586,0,0
majority,113,target,0.5,839,38586,0,0
majority,113,target,0.55,839,38586,0,0
majority,113,target,0.6,839,38586,0,0
majority,113,target,0.65,839,38586,0,0
majority,113,target,0.7,839,38586,0,0
majority,113,target,0.75,839,38586,0,0
majority,113,target,0.8,839,38586,0,0
majority,113,target,0.85,839,38586,0,0
majority,113,target,0.9,839,38586,0,0
majority,113,target,0.95,839,38586,0,0
majority,113,target,0.975,839,38586,0,0
majority,113,target,0.99,839,38586,0,0
majority,113,target,0.995,839,38586,0,0
majority,113,target,0.999,839,38586,0,0
stratified,113,source_heldout,0.05,82781,234,6777,18
stratified,113,source_heldout,0.1,82781,234,6777,18
stratified,113,source_heldout,0.15,82781,234,6777,18
stratified,113,source_heldout,0.2,82781,234,6777,18
stratified,113,source_heldout,0.25,82781,234,6777,18
stratified,113,source_heldout,0.3,82781,234,6777,18
stratified,113,source_heldout,0.35,82781,234,6777,18
stratified,113,source_heldout,0.4,82781,234,6777,18
stratified,113,source_heldout,0.45,82781,234,6777,18
stratified,113,source_heldout,0.5,82781,234,6777,18
stratified,113,source_heldout,0.55,82781,234,6777,18
stratified,113,source_heldout,0.6,82781,234,6777,18
stratified,113,source_heldout,0.65,82781,234,6777,18
stratified,113,source_heldout,0.7,82781,234,6777,18
stratified,113,source_heldout,0.75,82781,234,6777,18
stratified,113,source_heldout,0.8,82781,234,6777,18
stratified,113,source_heldout,0.85,82781,234,6777,18
stratified,113,source_heldout,0.9,82781,234,6777,18
stratified,113,source_heldout,0.95,82781,234,6777,18
stratified,113,source_heldout,0.975,82781,234,6777,18
stratified,113,source_heldout,0.99,82781,234,6777,18
stratified,113,source_heldout,0.995,82781,234,6777,18
stratified,113,source_heldout,0.999,82781,234,6777,18
stratified,113,target,0.05,775,35689,64,2897
stratified,113,target,0.1,775,35689,64,2897
stratified,113,target,0.15,775,35689,64,2897
stratified,113,target,0.2,775,35689,64,2897
stratified,113,target,0.25,775,35689,64,2897
stratified,113,target,0.3,775,35689,64,2897
stratified,113,target,0.35,775,35689,64,2897
stratified,113,target,0.4,775,35689,64,2897
stratified,113,target,0.45,775,35689,64,2897
stratified,113,target,0.5,775,35689,64,2897
stratified,113,target,0.55,775,35689,64,2897
stratified,113,target,0.6,775,35689,64,2897
stratified,113,target,0.65,775,35689,64,2897
stratified,113,target,0.7,775,35689,64,2897
stratified,113,target,0.75,775,35689,64,2897
stratified,113,target,0.8,775,35689,64,2897
stratified,113,target,0.85,775,35689,64,2897
stratified,113,target,0.9,775,35689,64,2897
stratified,113,target,0.95,775,35689,64,2897
stratified,113,target,0.975,775,35689,64,2897
stratified,113,target,0.99,775,35689,64,2897
stratified,113,target,0.995,775,35689,64,2897
stratified,113,target,0.999,775,35689,64,2897
logreg,113,source_heldout,0.05,89453,213,105,39
logreg,113,source_heldout,0.1,88809,203,749,49
logreg,113,source_heldout,0.15,88760,187,798,65
logreg,113,source_heldout,0.2,88095,182,1463,70
logreg,113,source_heldout,0.25,87570,180,1988,72
logreg,113,source_heldout,0.3,86941,168,2617,84
logreg,113,source_heldout,0.35,86808,165,2750,87
logreg,113,source_heldout,0.4,86734,165,2824,87
logreg,113,source_heldout,0.45,86451,164,3107,88
logreg,113,source_heldout,0.5,86183,164,3375,88
logreg,113,source_heldout,0.55,83156,160,6402,92
logreg,113,source_heldout,0.6,83003,160,6555,92
logreg,113,source_heldout,0.65,82726,159,6832,93
logreg,113,source_heldout,0.7,82076,12,7482,240
logreg,113,source_heldout,0.75,59529,4,30029,248
logreg,113,source_heldout,0.8,58722,4,30836,248
logreg,113,source_heldout,0.85,54632,4,34926,248
logreg,113,source_heldout,0.9,51797,2,37761,250
logreg,113,source_heldout,0.95,3685,2,85873,250
logreg,113,source_heldout,0.975,2790,2,86768,250
logreg,113,source_heldout,0.99,1250,2,88308,250
logreg,113,source_heldout,0.995,914,1,88644,251
logreg,113,source_heldout,0.999,518,1,89040,251
logreg,113,target,0.05,837,38131,2,455
logreg,113,target,0.1,837,37871,2,715
logreg,113,target,0.15,739,35644,100,2942
logreg,113,target,0.2,739,31254,100,7332
logreg,113,target,0.25,738,30795,101,7791
logreg,113,target,0.3,738,30549,101,8037
logreg,113,target,0.35,738,30508,101,8078
logreg,113,target,0.4,738,6524,101,32062
logreg,113,target,0.45,736,6455,103,32131
logreg,113,target,0.5,580,6327,259,32259
logreg,113,target,0.55,580,6249,259,32337
logreg,113,target,0.6,580,5798,259,32788
logreg,113,target,0.65,580,5735,259,32851
logreg,113,target,0.7,580,1313,259,37273
logreg,113,target,0.75,580,1259,259,37327
logreg,113,target,0.8,580,933,259,37653
logreg,113,target,0.85,580,756,259,37830
logreg,113,target,0.9,580,658,259,37928
logreg,113,target,0.95,0,0,839,38586
logreg,113,target,0.975,0,0,839,38586
logreg,113,target,0.99,0,0,839,38586
logreg,113,target,0.995,0,0,839,38586
logreg,113,target,0.999,0,0,839,38586
tree,113,source_heldout,0.05,74126,216,15432,36
tree,113,source_heldout,0.1,74036,213,15522,39
tree,113,source_heldout,0.15,72145,168,17413,84
tree,113,source_heldout,0.2,72105,164,17453,88
tree,113,source_heldout,0.25,72103,164,17455,88
tree,113,source_heldout,0.3,72103,164,17455,88
tree,113,source_heldout,0.35,72103,164,17455,88
tree,113,source_heldout,0.4,72103,164,17455,88
tree,113,source_heldout,0.45,72103,164,17455,88
tree,113,source_heldout,0.5,72101,164,17457,88
tree,113,source_heldout,0.55,72097,164,17461,88
tree,113,source_heldout,0.6,72097,164,17461,88
tree,113,source_heldout,0.65,71238,158,18320,94
tree,113,source_heldout,0.7,71238,158,18320,94
tree,113,source_heldout,0.75,67330,141,22228,111
tree,113,source_heldout,0.8,67330,141,22228,111
tree,113,source_heldout,0.85,67330,141,22228,111
tree,113,source_heldout,0.9,67330,141,22228,111
tree,113,source_heldout,0.95,66701,141,22857,111
tree,113,source_heldout,0.975,66611,31,22947,221
tree,113,source_heldout,0.99,65125,31,24433,221
tree,113,source_heldout,0.995,65125,31,24433,221
tree,113,source_heldout,0.999,52158,31,37400,221
tree,113,target,0.05,838,33751,1,4835
tree,113,target,0.1,838,33690,1,4896
tree,113,target,0.15,838,31001,1,7585
tree,113,target,0.2,838,30926,1,7660
tree,113,target,0.25,838,30924,1,7662
tree,113,target,0.3,838,30924,1,7662
tree,113,target,0.35,838,30923,1,7663
tree,113,target,0.4,838,30923,1,7663
tree,113,target,0.45,838,30923,1,7663
tree,113,target,0.5,838,30923,1,7663
tree,113,target,0.55,838,30870,1,7716
tree,113,target,0.6,838,30863,1,7723
tree,113,target,0.65,838,30863,1,7723
tree,113,target,0.7,838,30863,1,7723
tree,113,target,0.75,838,30314,1,8272
tree,113,target,0.8,838,30314,1,8272
tree,113,target,0.85,838,30314,1,8272
tree,113,target,0.9,838,30314,1,8272
tree,113,target,0.95,838,30308,1,8278
tree,113,target,0.975,838,30308,1,8278
tree,113,target,0.99,838,25982,1,12604
tree,113,target,0.995,838,25982,1,12604
tree,113,target,0.999,838,25982,1,12604
rf,113,source_heldout,0.05,89549,240,9,12
rf,113,source_heldout,0.1,89514,234,44,18
rf,113,source_heldout,0.15,89480,229,78,23
rf,113,source_heldout,0.2,89420,214,138,38
rf,113,source_heldout,0.25,89374,201,184,51
rf,113,source_heldout,0.3,89341,192,217,60
rf,113,source_heldout,0.35,89303,190,255,62
rf,113,source_heldout,0.4,89215,188,343,64
rf,113,source_heldout,0.45,77156,186,12402,66
rf,113,source_heldout,0.5,74137,182,15421,70
rf,113,source_heldout,0.55,73137,178,16421,74
rf,113,source_heldout,0.6,72579,168,16979,84
rf,113,source_heldout,0.65,71723,168,17835,84
rf,113,source_heldout,0.7,71347,163,18211,89
rf,113,source_heldout,0.75,64394,159,25164,93
rf,113,source_heldout,0.8,64076,150,25482,102
rf,113,source_heldout,0.85,62733,145,26825,107
rf,113,source_heldout,0.9,55803,142,33755,110
rf,113,source_heldout,0.95,46117,123,43441,129
rf,113,source_heldout,0.975,43730,4,45828,248
rf,113,source_heldout,0.99,33984,2,55574,250
rf,113,source_heldout,0.995,16595,2,72963,250
rf,113,source_heldout,0.999,12831,0,76727,252
rf,113,target,0.05,839,38568,0,18
rf,113,target,0.1,839,38551,0,35
rf,113,target,0.15,839,38455,0,131
rf,113,target,0.2,839,38398,0,188
rf,113,target,0.25,839,38342,0,244
rf,113,target,0.3,839,38263,0,323
rf,113,target,0.35,839,37934,0,652
rf,113,target,0.4,839,34318,0,4268
rf,113,target,0.45,839,33147,0,5439
rf,113,target,0.5,839,31814,0,6772
rf,113,target,0.55,838,31060,1,7526
rf,113,target,0.6,837,30547,2,8039
rf,113,target,0.65,832,30121,7,8465
rf,113,target,0.7,740,5540,99,33046
rf,113,target,0.75,738,5262,101,33324
rf,113,target,0.8,738,5181,101,33405
rf,113,target,0.85,736,5165,103,33421
rf,113,target,0.9,736,804,103,37782
rf,113,target,0.95,580,781,259,37805
rf,113,target,0.975,580,764,259,37822
rf,113,target,0.99,440,585,399,38001
rf,113,target,0.995,440,581,399,38005
rf,113,target,0.999,440,581,399,38005
xgboost,113,source_heldout,0.05,89531,245,27,7
xgboost,113,source_heldout,0.1,89382,202,176,50
xgboost,113,source_heldout,0.15,88963,196,595,56
xgboost,113,source_heldout,0.2,87451,187,2107,65
xgboost,113,source_heldout,0.25,86726,176,2832,76
xgboost,113,source_heldout,0.3,86501,166,3057,86
xgboost,113,source_heldout,0.35,86351,157,3207,95
xgboost,113,source_heldout,0.4,79377,156,10181,96
xgboost,113,source_heldout,0.45,72535,155,17023,97
xgboost,113,source_heldout,0.5,72084,144,17474,108
xgboost,113,source_heldout,0.55,71941,136,17617,116
xgboost,113,source_heldout,0.6,71623,127,17935,125
xgboost,113,source_heldout,0.65,71402,122,18156,130
xgboost,113,source_heldout,0.7,71104,120,18454,132
xgboost,113,source_heldout,0.75,70918,120,18640,132
xgboost,113,source_heldout,0.8,70580,120,18978,132
xgboost,113,source_heldout,0.85,68263,88,21295,164
xgboost,113,source_heldout,0.9,65861,7,23697,245
xgboost,113,source_heldout,0.95,64604,1,24954,251
xgboost,113,source_heldout,0.975,60506,0,29052,252
xgboost,113,source_heldout,0.99,30224,0,59334,252
xgboost,113,source_heldout,0.995,15497,0,74061,252
xgboost,113,source_heldout,0.999,11774,0,77784,252
xgboost,113,target,0.05,839,37431,0,1155
xgboost,113,target,0.1,838,34350,1,4236
xgboost,113,target,0.15,837,32538,2,6048
xgboost,113,target,0.2,837,32166,2,6420
xgboost,113,target,0.25,837,30622,2,7964
xgboost,113,target,0.3,837,30190,2,8396
xgboost,113,target,0.35,837,29997,2,8589
xgboost,113,target,0.4,837,29811,2,8775
xgboost,113,target,0.45,837,29671,2,8915
xgboost,113,target,0.5,837,29629,2,8957
xgboost,113,target,0.55,837,29490,2,9096
xgboost,113,target,0.6,837,29466,2,9120
xgboost,113,target,0.65,837,5442,2,33144
xgboost,113,target,0.7,837,5407,2,33179
xgboost,113,target,0.75,837,5379,2,33207
xgboost,113,target,0.8,837,5352,2,33234
xgboost,113,target,0.85,831,5318,8,33268
xgboost,113,target,0.9,826,5279,13,33307
xgboost,113,target,0.95,806,5139,33,33447
xgboost,113,target,0.975,780,5027,59,33559
xgboost,113,target,0.99,598,631,241,37955
xgboost,113,target,0.995,596,608,243,37978
xgboost,113,target,0.999,0,0,839,38586
hgb,113,source_heldout,0.05,89486,244,72,8
hgb,113,source_heldout,0.1,79701,207,9857,45
hgb,113,source_heldout,0.15,76031,198,13527,54
hgb,113,source_heldout,0.2,74225,177,15333,75
hgb,113,source_heldout,0.25,73256,153,16302,99
hgb,113,source_heldout,0.3,72927,140,16631,112
hgb,113,source_heldout,0.35,72693,135,16865,117
hgb,113,source_heldout,0.4,72546,135,17012,117
hgb,113,source_heldout,0.45,72303,135,17255,117
hgb,113,source_heldout,0.5,71702,131,17856,121
hgb,113,source_heldout,0.55,71023,130,18535,122
hgb,113,source_heldout,0.6,68363,127,21195,125
hgb,113,source_heldout,0.65,68043,123,21515,129
hgb,113,source_heldout,0.7,67446,123,22112,129
hgb,113,source_heldout,0.75,67296,99,22262,153
hgb,113,source_heldout,0.8,66935,82,22623,170
hgb,113,source_heldout,0.85,66544,33,23014,219
hgb,113,source_heldout,0.9,66221,8,23337,244
hgb,113,source_heldout,0.95,63219,6,26339,246
hgb,113,source_heldout,0.975,58397,2,31161,250
hgb,113,source_heldout,0.99,36466,0,53092,252
hgb,113,source_heldout,0.995,27270,0,62288,252
hgb,113,source_heldout,0.999,22230,0,67328,252
hgb,113,target,0.05,839,37170,0,1416
hgb,113,target,0.1,839,34752,0,3834
hgb,113,target,0.15,839,33755,0,4831
hgb,113,target,0.2,838,32141,1,6445
hgb,113,target,0.25,837,31660,2,6926
hgb,113,target,0.3,837,31300,2,7286
hgb,113,target,0.35,837,30758,2,7828
hgb,113,target,0.4,837,30385,2,8201
hgb,113,target,0.45,837,8835,2,29751
hgb,113,target,0.5,837,6236,2,32350
hgb,113,target,0.55,836,6143,3,32443
hgb,113,target,0.6,836,5847,3,32739
hgb,113,target,0.65,836,5769,3,32817
hgb,113,target,0.7,836,5590,3,32996
hgb,113,target,0.75,836,5535,3,33051
hgb,113,target,0.8,836,5485,3,33101
hgb,113,target,0.85,830,5422,9,33164
hgb,113,target,0.9,815,5341,24,33245
hgb,113,target,0.95,780,5156,59,33430
hgb,113,target,0.975,751,5132,88,33454
hgb,113,target,0.99,736,744,103,37842
hgb,113,target,0.995,736,654,103,37932
hgb,113,target,0.999,736,649,103,37937
mlp,113,source_heldout,0.05,89499,249,59,3
mlp,113,source_heldout,0.1,89347,199,211,53
mlp,113,source_heldout,0.15,89262,187,296,65
mlp,113,source_heldout,0.2,88179,16,1379,236
mlp,113,source_heldout,0.25,88018,4,1540,248
mlp,113,source_heldout,0.3,87657,3,1901,249
mlp,113,source_heldout,0.35,87282,3,2276,249
mlp,113,source_heldout,0.4,87029,3,2529,249
mlp,113,source_heldout,0.45,86022,2,3536,250
mlp,113,source_heldout,0.5,85782,2,3776,250
mlp,113,source_heldout,0.55,85603,1,3955,251
mlp,113,source_heldout,0.6,85398,1,4160,251
mlp,113,source_heldout,0.65,85185,1,4373,251
mlp,113,source_heldout,0.7,84821,1,4737,251
mlp,113,source_heldout,0.75,77283,1,12275,251
mlp,113,source_heldout,0.8,70617,0,18941,252
mlp,113,source_heldout,0.85,67797,0,21761,252
mlp,113,source_heldout,0.9,63825,0,25733,252
mlp,113,source_heldout,0.95,53942,0,35616,252
mlp,113,source_heldout,0.975,18427,0,71131,252
mlp,113,source_heldout,0.99,12436,0,77122,252
mlp,113,source_heldout,0.995,9879,0,79679,252
mlp,113,source_heldout,0.999,3081,0,86477,252
mlp,113,target,0.05,837,38356,2,230
mlp,113,target,0.1,837,37442,2,1144
mlp,113,target,0.15,708,35509,131,3077
mlp,113,target,0.2,681,32932,158,5654
mlp,113,target,0.25,681,30215,158,8371
mlp,113,target,0.3,680,30009,159,8577
mlp,113,target,0.35,680,29900,159,8686
mlp,113,target,0.4,680,5846,159,32740
mlp,113,target,0.45,680,1456,159,37130
mlp,113,target,0.5,672,1100,167,37486
mlp,113,target,0.55,634,1061,205,37525
mlp,113,target,0.6,580,1030,259,37556
mlp,113,target,0.65,580,1020,259,37566
mlp,113,target,0.7,580,1009,259,37577
mlp,113,target,0.75,580,996,259,37590
mlp,113,target,0.8,580,976,259,37610
mlp,113,target,0.85,580,924,259,37662
mlp,113,target,0.9,580,745,259,37841
mlp,113,target,0.95,580,720,259,37866
mlp,113,target,0.975,0,63,839,38523
mlp,113,target,0.99,0,10,839,38576
mlp,113,target,0.995,0,0,839,38586
mlp,113,target,0.999,0,0,839,38586
majority,114,source_heldout,0.05,97371,4003,0,0
majority,114,source_heldout,0.1,97371,4003,0,0
majority,114,source_heldout,0.15,97371,4003,0,0
majority,114,source_heldout,0.2,97371,4003,0,0
majority,114,source_heldout,0.25,97371,4003,0,0
majority,114,source_heldout,0.3,97371,4003,0,0
majority,114,source_heldout,0.35,97371,4003,0,0
majority,114,source_heldout,0.4,97371,4003,0,0
majority,114,source_heldout,0.45,97371,4003,0,0
majority,114,source_heldout,0.5,97371,4003,0,0
majority,114,source_heldout,0.55,97371,4003,0,0
majority,114,source_heldout,0.6,97371,4003,0,0
majority,114,source_heldout,0.65,97371,4003,0,0
majority,114,source_heldout,0.7,97371,4003,0,0
majority,114,source_heldout,0.75,97371,4003,0,0
majority,114,source_heldout,0.8,97371,4003,0,0
majority,114,source_heldout,0.85,97371,4003,0,0
majority,114,source_heldout,0.9,97371,4003,0,0
majority,114,source_heldout,0.95,97371,4003,0,0
majority,114,source_heldout,0.975,97371,4003,0,0
majority,114,source_heldout,0.99,97371,4003,0,0
majority,114,source_heldout,0.995,97371,4003,0,0
majority,114,source_heldout,0.999,97371,4003,0,0
majority,114,target,0.05,839,38586,0,0
majority,114,target,0.1,839,38586,0,0
majority,114,target,0.15,839,38586,0,0
majority,114,target,0.2,839,38586,0,0
majority,114,target,0.25,839,38586,0,0
majority,114,target,0.3,839,38586,0,0
majority,114,target,0.35,839,38586,0,0
majority,114,target,0.4,839,38586,0,0
majority,114,target,0.45,839,38586,0,0
majority,114,target,0.5,839,38586,0,0
majority,114,target,0.55,839,38586,0,0
majority,114,target,0.6,839,38586,0,0
majority,114,target,0.65,839,38586,0,0
majority,114,target,0.7,839,38586,0,0
majority,114,target,0.75,839,38586,0,0
majority,114,target,0.8,839,38586,0,0
majority,114,target,0.85,839,38586,0,0
majority,114,target,0.9,839,38586,0,0
majority,114,target,0.95,839,38586,0,0
majority,114,target,0.975,839,38586,0,0
majority,114,target,0.99,839,38586,0,0
majority,114,target,0.995,839,38586,0,0
majority,114,target,0.999,839,38586,0,0
stratified,114,source_heldout,0.05,91248,3754,6123,249
stratified,114,source_heldout,0.1,91248,3754,6123,249
stratified,114,source_heldout,0.15,91248,3754,6123,249
stratified,114,source_heldout,0.2,91248,3754,6123,249
stratified,114,source_heldout,0.25,91248,3754,6123,249
stratified,114,source_heldout,0.3,91248,3754,6123,249
stratified,114,source_heldout,0.35,91248,3754,6123,249
stratified,114,source_heldout,0.4,91248,3754,6123,249
stratified,114,source_heldout,0.45,91248,3754,6123,249
stratified,114,source_heldout,0.5,91248,3754,6123,249
stratified,114,source_heldout,0.55,91248,3754,6123,249
stratified,114,source_heldout,0.6,91248,3754,6123,249
stratified,114,source_heldout,0.65,91248,3754,6123,249
stratified,114,source_heldout,0.7,91248,3754,6123,249
stratified,114,source_heldout,0.75,91248,3754,6123,249
stratified,114,source_heldout,0.8,91248,3754,6123,249
stratified,114,source_heldout,0.85,91248,3754,6123,249
stratified,114,source_heldout,0.9,91248,3754,6123,249
stratified,114,source_heldout,0.95,91248,3754,6123,249
stratified,114,source_heldout,0.975,91248,3754,6123,249
stratified,114,source_heldout,0.99,91248,3754,6123,249
stratified,114,source_heldout,0.995,91248,3754,6123,249
stratified,114,source_heldout,0.999,91248,3754,6123,249
stratified,114,target,0.05,784,36175,55,2411
stratified,114,target,0.1,784,36175,55,2411
stratified,114,target,0.15,784,36175,55,2411
stratified,114,target,0.2,784,36175,55,2411
stratified,114,target,0.25,784,36175,55,2411
stratified,114,target,0.3,784,36175,55,2411
stratified,114,target,0.35,784,36175,55,2411
stratified,114,target,0.4,784,36175,55,2411
stratified,114,target,0.45,784,36175,55,2411
stratified,114,target,0.5,784,36175,55,2411
stratified,114,target,0.55,784,36175,55,2411
stratified,114,target,0.6,784,36175,55,2411
stratified,114,target,0.65,784,36175,55,2411
stratified,114,target,0.7,784,36175,55,2411
stratified,114,target,0.75,784,36175,55,2411
stratified,114,target,0.8,784,36175,55,2411
stratified,114,target,0.85,784,36175,55,2411
stratified,114,target,0.9,784,36175,55,2411
stratified,114,target,0.95,784,36175,55,2411
stratified,114,target,0.975,784,36175,55,2411
stratified,114,target,0.99,784,36175,55,2411
stratified,114,target,0.995,784,36175,55,2411
stratified,114,target,0.999,784,36175,55,2411
logreg,114,source_heldout,0.05,96405,1857,966,2146
logreg,114,source_heldout,0.1,96123,1718,1248,2285
logreg,114,source_heldout,0.15,95174,1525,2197,2478
logreg,114,source_heldout,0.2,93911,1106,3460,2897
logreg,114,source_heldout,0.25,93163,996,4208,3007
logreg,114,source_heldout,0.3,93024,919,4347,3084
logreg,114,source_heldout,0.35,92890,851,4481,3152
logreg,114,source_heldout,0.4,92501,810,4870,3193
logreg,114,source_heldout,0.45,92008,791,5363,3212
logreg,114,source_heldout,0.5,91790,784,5581,3219
logreg,114,source_heldout,0.55,91575,769,5796,3234
logreg,114,source_heldout,0.6,87680,609,9691,3394
logreg,114,source_heldout,0.65,70526,566,26845,3437
logreg,114,source_heldout,0.7,68814,501,28557,3502
logreg,114,source_heldout,0.75,68217,320,29154,3683
logreg,114,source_heldout,0.8,67354,127,30017,3876
logreg,114,source_heldout,0.85,66052,61,31319,3942
logreg,114,source_heldout,0.9,60736,14,36635,3989
logreg,114,source_heldout,0.95,14677,8,82694,3995
logreg,114,source_heldout,0.975,6148,4,91223,3999
logreg,114,source_heldout,0.99,2935,3,94436,4000
logreg,114,source_heldout,0.995,2815,3,94556,4000
logreg,114,source_heldout,0.999,2362,3,95009,4000
logreg,114,target,0.05,837,37953,2,633
logreg,114,target,0.1,739,37173,100,1413
logreg,114,target,0.15,738,33627,101,4959
logreg,114,target,0.2,738,30783,101,7803
logreg,114,target,0.25,738,30532,101,8054
logreg,114,target,0.3,738,30470,101,8116
logreg,114,target,0.35,582,6493,257,32093
logreg,114,target,0.4,580,6460,259,32126
logreg,114,target,0.45,580,6376,259,32210
logreg,114,target,0.5,580,6337,259,32249
logreg,114,target,0.55,580,6245,259,32341
logreg,114,target,0.6,580,6193,259,32393
logreg,114,target,0.65,580,5772,259,32814
logreg,114,target,0.7,580,5633,259,32953
logreg,114,target,0.75,580,940,259,37646
logreg,114,target,0.8,580,932,259,37654
logreg,114,target,0.85,580,763,259,37823
logreg,114,target,0.9,580,672,259,37914
logreg,114,target,0.95,0,1,839,38585
logreg,114,target,0.975,0,1,839,38585
logreg,114,target,0.99,0,0,839,38586
logreg,114,target,0.995,0,0,839,38586
logreg,114,target,0.999,0,0,839,38586
tree,114,source_heldout,0.05,97004,1059,367,2944
tree,114,source_heldout,0.1,96546,793,825,3210
tree,114,source_heldout,0.15,95761,449,1610,3554
tree,114,source_heldout,0.2,95625,409,1746,3594
tree,114,source_heldout,0.25,92583,197,4788,3806
tree,114,source_heldout,0.3,92565,192,4806,3811
tree,114,source_heldout,0.35,92346,172,5025,3831
tree,114,source_heldout,0.4,91675,119,5696,3884
tree,114,source_heldout,0.45,91675,119,5696,3884
tree,114,source_heldout,0.5,91664,119,5707,3884
tree,114,source_heldout,0.55,91664,119,5707,3884
tree,114,source_heldout,0.6,91664,119,5707,3884
tree,114,source_heldout,0.65,91633,118,5738,3885
tree,114,source_heldout,0.7,91633,118,5738,3885
tree,114,source_heldout,0.75,91633,116,5738,3887
tree,114,source_heldout,0.8,91348,108,6023,3895
tree,114,source_heldout,0.85,90990,102,6381,3901
tree,114,source_heldout,0.9,90990,102,6381,3901
tree,114,source_heldout,0.95,90822,89,6549,3914
tree,114,source_heldout,0.975,90822,89,6549,3914
tree,114,source_heldout,0.99,90822,89,6549,3914
tree,114,source_heldout,0.995,87025,83,10346,3920
tree,114,source_heldout,0.999,66818,74,30553,3929
tree,114,target,0.05,741,33739,98,4847
tree,114,target,0.1,741,32430,98,6156
tree,114,target,0.15,741,30993,98,7593
tree,114,target,0.2,741,30993,98,7593
tree,114,target,0.25,741,30949,98,7637
tree,114,target,0.3,741,30949,98,7637
tree,114,target,0.35,741,30945,98,7641
tree,114,target,0.4,741,30945,98,7641
tree,114,target,0.45,741,30945,98,7641
tree,114,target,0.5,741,30944,98,7642
tree,114,target,0.55,741,30944,98,7642
tree,114,target,0.6,741,30944,98,7642
tree,114,target,0.65,741,30944,98,7642
tree,114,target,0.7,741,30944,98,7642
tree,114,target,0.75,741,30925,98,7661
tree,114,target,0.8,741,30925,98,7661
tree,114,target,0.85,741,30877,98,7709
tree,114,target,0.9,741,30877,98,7709
tree,114,target,0.95,741,9370,98,29216
tree,114,target,0.975,741,9370,98,29216
tree,114,target,0.99,741,9370,98,29216
tree,114,target,0.995,585,9364,254,29222
tree,114,target,0.999,585,9327,254,29259
rf,114,source_heldout,0.05,97270,1482,101,2521
rf,114,source_heldout,0.1,97153,1268,218,2735
rf,114,source_heldout,0.15,97003,1087,368,2916
rf,114,source_heldout,0.2,96874,953,497,3050
rf,114,source_heldout,0.25,96682,838,689,3165
rf,114,source_heldout,0.3,96490,720,881,3283
rf,114,source_heldout,0.35,96287,595,1084,3408
rf,114,source_heldout,0.4,96029,516,1342,3487
rf,114,source_heldout,0.45,95820,438,1551,3565
rf,114,source_heldout,0.5,95633,393,1738,3610
rf,114,source_heldout,0.55,95402,348,1969,3655
rf,114,source_heldout,0.6,95154,303,2217,3700
rf,114,source_heldout,0.65,94880,269,2491,3734
rf,114,source_heldout,0.7,94655,241,2716,3762
rf,114,source_heldout,0.75,94385,207,2986,3796
rf,114,source_heldout,0.8,94013,171,3358,3832
rf,114,source_heldout,0.85,93525,131,3846,3872
rf,114,source_heldout,0.9,92752,78,4619,3925
rf,114,source_heldout,0.95,91461,22,5910,3981
rf,114,source_heldout,0.975,90601,15,6770,3988
rf,114,source_heldout,0.99,89877,7,7494,3996
rf,114,source_heldout,0.995,88800,1,8571,4002
rf,114,source_heldout,0.999,87327,1,10044,4002
rf,114,target,0.05,839,38566,0,20
rf,114,target,0.1,839,38459,0,127
rf,114,target,0.15,839,38422,0,164
rf,114,target,0.2,839,38387,0,199
rf,114,target,0.25,839,38337,0,249
rf,114,target,0.3,839,37795,0,791
rf,114,target,0.35,839,37662,0,924
rf,114,target,0.4,839,36254,0,2332
rf,114,target,0.45,839,33863,0,4723
rf,114,target,0.5,839,32579,0,6007
rf,114,target,0.55,837,31574,2,7012
rf,114,target,0.6,797,30320,42,8266
rf,114,target,0.65,738,8321,101,30265
rf,114,target,0.7,738,8058,101,30528
rf,114,target,0.75,738,7835,101,30751
rf,114,target,0.8,738,5226,101,33360
rf,114,target,0.85,736,5169,103,33417
rf,114,target,0.9,736,806,103,37780
rf,114,target,0.95,736,629,103,37957
rf,114,target,0.975,580,622,259,37964
rf,114,target,0.99,580,620,259,37966
rf,114,target,0.995,580,620,259,37966
rf,114,target,0.999,580,620,259,37966
xgboost,114,source_heldout,0.05,97160,1114,211,2889
xgboost,114,source_heldout,0.1,96670,761,701,3242
xgboost,114,source_heldout,0.15,95931,454,1440,3549
xgboost,114,source_heldout,0.2,95187,337,2184,3666
xgboost,114,source_heldout,0.25,94090,238,3281,3765
xgboost,114,source_heldout,0.3,93818,192,3553,3811
xgboost,114,source_heldout,0.35,93351,156,4020,3847
xgboost,114,source_heldout,0.4,92456,110,4915,3893
xgboost,114,source_heldout,0.45,92286,86,5085,3917
xgboost,114,source_heldout,0.5,92129,77,5242,3926
xgboost,114,source_heldout,0.55,92016,68,5355,3935
xgboost,114,source_heldout,0.6,91906,49,5465,3954
xgboost,114,source_heldout,0.65,91699,47,5672,3956
xgboost,114,source_heldout,0.7,91488,43,5883,3960
xgboost,114,source_heldout,0.75,91293,33,6078,3970
xgboost,114,source_heldout,0.8,91100,29,6271,3974
xgboost,114,source_heldout,0.85,90845,21,6526,3982
xgboost,114,source_heldout,0.9,90371,3,7000,4000
xgboost,114,source_heldout,0.95,89679,1,7692,4002
xgboost,114,source_heldout,0.975,88858,1,8513,4002
xgboost,114,source_heldout,0.99,87587,1,9784,4002
xgboost,114,source_heldout,0.995,85175,1,12196,4002
xgboost,114,source_heldout,0.999,71344,0,26027,4003
xgboost,114,target,0.05,839,38104,0,482
xgboost,114,target,0.1,839,36363,0,2223
xgboost,114,target,0.15,839,32644,0,5942
xgboost,114,target,0.2,813,31256,26,7330
xgboost,114,target,0.25,763,30934,76,7652
xgboost,114,target,0.3,744,30768,95,7818
xgboost,114,target,0.35,743,30487,96,8099
xgboost,114,target,0.4,738,29962,101,8624
xgboost,114,target,0.45,738,29919,101,8667
xgboost,114,target,0.5,738,29862,101,8724
xgboost,114,target,0.55,738,29636,101,8950
xgboost,114,target,0.6,738,29581,101,9005
xgboost,114,target,0.65,738,29424,101,9162
xgboost,114,target,0.7,738,29376,101,9210
xgboost,114,target,0.75,738,7867,101,30719
xgboost,114,target,0.8,738,7814,101,30772
xgboost,114,target,0.85,738,5280,101,33306
xgboost,114,target,0.9,738,5260,101,33326
xgboost,114,target,0.95,738,5111,101,33475
xgboost,114,target,0.975,738,729,101,37857
xgboost,114,target,0.99,582,645,257,37941
xgboost,114,target,0.995,582,645,257,37941
xgboost,114,target,0.999,582,645,257,37941
hgb,114,source_heldout,0.05,97206,1214,165,2789
hgb,114,source_heldout,0.1,96551,766,820,3237
hgb,114,source_heldout,0.15,96028,488,1343,3515
hgb,114,source_heldout,0.2,95699,384,1672,3619
hgb,114,source_heldout,0.25,94502,277,2869,3726
hgb,114,source_heldout,0.3,93602,227,3769,3776
hgb,114,source_heldout,0.35,92816,162,4555,3841
hgb,114,source_heldout,0.4,92350,119,5021,3884
hgb,114,source_heldout,0.45,92081,96,5290,3907
hgb,114,source_heldout,0.5,91873,79,5498,3924
hgb,114,source_heldout,0.55,91649,68,5722,3935
hgb,114,source_heldout,0.6,91523,58,5848,3945
hgb,114,source_heldout,0.65,91403,48,5968,3955
hgb,114,source_heldout,0.7,91153,41,6218,3962
hgb,114,source_heldout,0.75,90964,34,6407,3969
hgb,114,source_heldout,0.8,90739,28,6632,3975
hgb,114,source_heldout,0.85,90331,11,7040,3992
hgb,114,source_heldout,0.9,89891,8,7480,3995
hgb,114,source_heldout,0.95,88908,4,8463,3999
hgb,114,source_heldout,0.975,88102,3,9269,4000
hgb,114,source_heldout,0.99,85545,2,11826,4001
hgb,114,source_heldout,0.995,82425,0,14946,4003
hgb,114,source_heldout,0.999,48449,0,48922,4003
hgb,114,target,0.05,838,37562,1,1024
hgb,114,target,0.1,836,36390,3,2196
hgb,114,target,0.15,836,34205,3,4381
hgb,114,target,0.2,836,32046,3,6540
hgb,114,target,0.25,746,30923,93,7663
hgb,114,target,0.3,739,30185,100,8401
hgb,114,target,0.35,739,30059,100,8527
hgb,114,target,0.4,739,8524,100,30062
hgb,114,target,0.45,739,8404,100,30182
hgb,114,target,0.5,738,8316,101,30270
hgb,114,target,0.55,738,8256,101,30330
hgb,114,target,0.6,738,8014,101,30572
hgb,114,target,0.65,738,7997,101,30589
hgb,114,target,0.7,738,7952,101,30634
hgb,114,target,0.75,738,5397,101,33189
hgb,114,target,0.8,738,5352,101,33234
hgb,114,target,0.85,738,5306,101,33280
hgb,114,target,0.9,736,5258,103,33328
hgb,114,target,0.95,736,5115,103,33471
hgb,114,target,0.975,736,5048,103,33538
hgb,114,target,0.99,736,4975,103,33611
hgb,114,target,0.995,736,649,103,37937
hgb,114,target,0.999,296,67,543,38519
mlp,114,source_heldout,0.05,97139,1239,232,2764
mlp,114,source_heldout,0.1,96908,1059,463,2944
mlp,114,source_heldout,0.15,95535,454,1836,3549
mlp,114,source_heldout,0.2,94335,327,3036,3676
mlp,114,source_heldout,0.25,92358,211,5013,3792
mlp,114,source_heldout,0.3,92073,186,5298,3817
mlp,114,source_heldout,0.35,91792,148,5579,3855
mlp,114,source_heldout,0.4,91604,129,5767,3874
mlp,114,source_heldout,0.45,91344,109,6027,3894
mlp,114,source_heldout,0.5,91010,92,6361,3911
mlp,114,source_heldout,0.55,90691,80,6680,3923
mlp,114,source_heldout,0.6,90571,70,6800,3933
mlp,114,source_heldout,0.65,90325,60,7046,3943
mlp,114,source_heldout,0.7,90208,57,7163,3946
mlp,114,source_heldout,0.75,89962,47,7409,3956
mlp,114,source_heldout,0.8,89575,39,7796,3964
mlp,114,source_heldout,0.85,89240,33,8131,3970
mlp,114,source_heldout,0.9,88955,24,8416,3979
mlp,114,source_heldout,0.95,86831,10,10540,3993
mlp,114,source_heldout,0.975,83864,5,13507,3998
mlp,114,source_heldout,0.99,82128,1,15243,4002
mlp,114,source_heldout,0.995,81078,1,16293,4002
mlp,114,source_heldout,0.999,67247,0,30124,4003
mlp,114,target,0.05,739,36288,100,2298
mlp,114,target,0.1,738,34666,101,3920
mlp,114,target,0.15,721,31330,118,7256
mlp,114,target,0.2,582,30690,257,7896
mlp,114,target,0.25,582,30275,257,8311
mlp,114,target,0.3,582,30102,257,8484
mlp,114,target,0.35,582,30042,257,8544
mlp,114,target,0.4,582,30026,257,8560
mlp,114,target,0.45,582,29696,257,8890
mlp,114,target,0.5,582,29582,257,9004
mlp,114,target,0.55,582,29575,257,9011
mlp,114,target,0.6,582,29499,257,9087
mlp,114,target,0.65,582,29390,257,9196
mlp,114,target,0.7,582,5411,257,33175
mlp,114,target,0.75,582,5380,257,33206
mlp,114,target,0.8,582,5260,257,33326
mlp,114,target,0.85,582,5249,257,33337
mlp,114,target,0.9,580,909,259,37677
mlp,114,target,0.95,580,687,259,37899
mlp,114,target,0.975,580,657,259,37929
mlp,114,target,0.99,580,623,259,37963
mlp,114,target,0.995,580,621,259,37965
mlp,114,target,0.999,580,620,259,37966
majority,115,source_heldout,0.05,98119,3945,0,0
majority,115,source_heldout,0.1,98119,3945,0,0
majority,115,source_heldout,0.15,98119,3945,0,0
majority,115,source_heldout,0.2,98119,3945,0,0
majority,115,source_heldout,0.25,98119,3945,0,0
majority,115,source_heldout,0.3,98119,3945,0,0
majority,115,source_heldout,0.35,98119,3945,0,0
majority,115,source_heldout,0.4,98119,3945,0,0
majority,115,source_heldout,0.45,98119,3945,0,0
majority,115,source_heldout,0.5,98119,3945,0,0
majority,115,source_heldout,0.55,98119,3945,0,0
majority,115,source_heldout,0.6,98119,3945,0,0
majority,115,source_heldout,0.65,98119,3945,0,0
majority,115,source_heldout,0.7,98119,3945,0,0
majority,115,source_heldout,0.75,98119,3945,0,0
majority,115,source_heldout,0.8,98119,3945,0,0
majority,115,source_heldout,0.85,98119,3945,0,0
majority,115,source_heldout,0.9,98119,3945,0,0
majority,115,source_heldout,0.95,98119,3945,0,0
majority,115,source_heldout,0.975,98119,3945,0,0
majority,115,source_heldout,0.99,98119,3945,0,0
majority,115,source_heldout,0.995,98119,3945,0,0
majority,115,source_heldout,0.999,98119,3945,0,0
majority,115,target,0.05,839,38586,0,0
majority,115,target,0.1,839,38586,0,0
majority,115,target,0.15,839,38586,0,0
majority,115,target,0.2,839,38586,0,0
majority,115,target,0.25,839,38586,0,0
majority,115,target,0.3,839,38586,0,0
majority,115,target,0.35,839,38586,0,0
majority,115,target,0.4,839,38586,0,0
majority,115,target,0.45,839,38586,0,0
majority,115,target,0.5,839,38586,0,0
majority,115,target,0.55,839,38586,0,0
majority,115,target,0.6,839,38586,0,0
majority,115,target,0.65,839,38586,0,0
majority,115,target,0.7,839,38586,0,0
majority,115,target,0.75,839,38586,0,0
majority,115,target,0.8,839,38586,0,0
majority,115,target,0.85,839,38586,0,0
majority,115,target,0.9,839,38586,0,0
majority,115,target,0.95,839,38586,0,0
majority,115,target,0.975,839,38586,0,0
majority,115,target,0.99,839,38586,0,0
majority,115,target,0.995,839,38586,0,0
majority,115,target,0.999,839,38586,0,0
stratified,115,source_heldout,0.05,92097,3695,6022,250
stratified,115,source_heldout,0.1,92097,3695,6022,250
stratified,115,source_heldout,0.15,92097,3695,6022,250
stratified,115,source_heldout,0.2,92097,3695,6022,250
stratified,115,source_heldout,0.25,92097,3695,6022,250
stratified,115,source_heldout,0.3,92097,3695,6022,250
stratified,115,source_heldout,0.35,92097,3695,6022,250
stratified,115,source_heldout,0.4,92097,3695,6022,250
stratified,115,source_heldout,0.45,92097,3695,6022,250
stratified,115,source_heldout,0.5,92097,3695,6022,250
stratified,115,source_heldout,0.55,92097,3695,6022,250
stratified,115,source_heldout,0.6,92097,3695,6022,250
stratified,115,source_heldout,0.65,92097,3695,6022,250
stratified,115,source_heldout,0.7,92097,3695,6022,250
stratified,115,source_heldout,0.75,92097,3695,6022,250
stratified,115,source_heldout,0.8,92097,3695,6022,250
stratified,115,source_heldout,0.85,92097,3695,6022,250
stratified,115,source_heldout,0.9,92097,3695,6022,250
stratified,115,source_heldout,0.95,92097,3695,6022,250
stratified,115,source_heldout,0.975,92097,3695,6022,250
stratified,115,source_heldout,0.99,92097,3695,6022,250
stratified,115,source_heldout,0.995,92097,3695,6022,250
stratified,115,source_heldout,0.999,92097,3695,6022,250
stratified,115,target,0.05,786,36236,53,2350
stratified,115,target,0.1,786,36236,53,2350
stratified,115,target,0.15,786,36236,53,2350
stratified,115,target,0.2,786,36236,53,2350
stratified,115,target,0.25,786,36236,53,2350
stratified,115,target,0.3,786,36236,53,2350
stratified,115,target,0.35,786,36236,53,2350
stratified,115,target,0.4,786,36236,53,2350
stratified,115,target,0.45,786,36236,53,2350
stratified,115,target,0.5,786,36236,53,2350
stratified,115,target,0.55,786,36236,53,2350
stratified,115,target,0.6,786,36236,53,2350
stratified,115,target,0.65,786,36236,53,2350
stratified,115,target,0.7,786,36236,53,2350
stratified,115,target,0.75,786,36236,53,2350
stratified,115,target,0.8,786,36236,53,2350
stratified,115,target,0.85,786,36236,53,2350
stratified,115,target,0.9,786,36236,53,2350
stratified,115,target,0.95,786,36236,53,2350
stratified,115,target,0.975,786,36236,53,2350
stratified,115,target,0.99,786,36236,53,2350
stratified,115,target,0.995,786,36236,53,2350
stratified,115,target,0.999,786,36236,53,2350
logreg,115,source_heldout,0.05,97221,1758,898,2187
logreg,115,source_heldout,0.1,96922,1587,1197,2358
logreg,115,source_heldout,0.15,95412,1390,2707,2555
logreg,115,source_heldout,0.2,94609,1016,3510,2929
logreg,115,source_heldout,0.25,93875,924,4244,3021
logreg,115,source_heldout,0.3,93788,860,4331,3085
logreg,115,source_heldout,0.35,93635,819,4484,3126
logreg,115,source_heldout,0.4,93210,768,4909,3177
logreg,115,source_heldout,0.45,92712,750,5407,3195
logreg,115,source_heldout,0.5,92462,742,5657,3203
logreg,115,source_heldout,0.55,91955,579,6164,3366
logreg,115,source_heldout,0.6,89879,549,8240,3396
logreg,115,source_heldout,0.65,70977,528,27142,3417
logreg,115,source_heldout,0.7,69197,446,28922,3499
logreg,115,source_heldout,0.75,68662,263,29457,3682
logreg,115,source_heldout,0.8,67664,98,30455,3847
logreg,115,source_heldout,0.85,65020,65,33099,3880
logreg,115,source_heldout,0.9,61664,23,36455,3922
logreg,115,source_heldout,0.95,14975,9,83144,3936
logreg,115,source_heldout,0.975,6242,4,91877,3941
logreg,115,source_heldout,0.99,2895,3,95224,3942
logreg,115,source_heldout,0.995,2786,2,95333,3943
logreg,115,source_heldout,0.999,2345,2,95774,3943
logreg,115,target,0.05,837,37749,2,837
logreg,115,target,0.1,739,37344,100,1242
logreg,115,target,0.15,738,32846,101,5740
logreg,115,target,0.2,738,30903,101,7683
logreg,115,target,0.25,738,30524,101,8062
logreg,115,target,0.3,738,30469,101,8117
logreg,115,target,0.35,582,6490,257,32096
logreg,115,target,0.4,580,6445,259,32141
logreg,115,target,0.45,580,6388,259,32198
logreg,115,target,0.5,580,6337,259,32249
logreg,115,target,0.55,580,6210,259,32376
logreg,115,target,0.6,580,5789,259,32797
logreg,115,target,0.65,580,5764,259,32822
logreg,115,target,0.7,580,1319,259,37267
logreg,115,target,0.75,580,941,259,37645
logreg,115,target,0.8,580,933,259,37653
logreg,115,target,0.85,580,756,259,37830
logreg,115,target,0.9,580,672,259,37914
logreg,115,target,0.95,0,1,839,38585
logreg,115,target,0.975,0,1,839,38585
logreg,115,target,0.99,0,0,839,38586
logreg,115,target,0.995,0,0,839,38586
logreg,115,target,0.999,0,0,839,38586
tree,115,source_heldout,0.05,97894,1045,225,2900
tree,115,source_heldout,0.1,97742,922,377,3023
tree,115,source_heldout,0.15,95500,332,2619,3613
tree,115,source_heldout,0.2,95304,281,2815,3664
tree,115,source_heldout,0.25,95283,281,2836,3664
tree,115,source_heldout,0.3,93155,175,4964,3770
tree,115,source_heldout,0.35,93154,174,4965,3771
tree,115,source_heldout,0.4,93072,169,5047,3776
tree,115,source_heldout,0.45,93072,169,5047,3776
tree,115,source_heldout,0.5,92558,135,5561,3810
tree,115,source_heldout,0.55,92558,135,5561,3810
tree,115,source_heldout,0.6,92550,135,5569,3810
tree,115,source_heldout,0.65,92396,133,5723,3812
tree,115,source_heldout,0.7,92394,133,5725,3812
tree,115,source_heldout,0.75,92379,118,5740,3827
tree,115,source_heldout,0.8,91779,111,6340,3834
tree,115,source_heldout,0.85,91733,108,6386,3837
tree,115,source_heldout,0.9,91717,108,6402,3837
tree,115,source_heldout,0.95,91717,108,6402,3837
tree,115,source_heldout,0.975,89689,95,8430,3850
tree,115,source_heldout,0.99,87584,93,10535,3852
tree,115,source_heldout,0.995,86971,91,11148,3854
tree,115,source_heldout,0.999,59397,90,38722,3855
tree,115,target,0.05,839,33851,0,4735
tree,115,target,0.1,839,33307,0,5279
tree,115,target,0.15,838,31923,1,6663
tree,115,target,0.2,838,31809,1,6777
tree,115,target,0.25,838,31801,1,6785
tree,115,target,0.3,838,31654,1,6932
tree,115,target,0.35,838,31654,1,6932
tree,115,target,0.4,838,31654,1,6932
tree,115,target,0.45,838,31654,1,6932
tree,115,target,0.5,838,31654,1,6932
tree,115,target,0.55,838,31654,1,6932
tree,115,target,0.6,838,31654,1,6932
tree,115,target,0.65,838,31654,1,6932
tree,115,target,0.7,838,31654,1,6932
tree,115,target,0.75,838,10158,1,28428
tree,115,target,0.8,838,10150,1,28436
tree,115,target,0.85,838,10150,1,28436
tree,115,target,0.9,838,10149,1,28437
tree,115,target,0.95,838,10149,1,28437
tree,115,target,0.975,838,10104,1,28482
tree,115,target,0.99,838,10104,1,28482
tree,115,target,0.995,838,10062,1,28524
tree,115,target,0.999,838,10060,1,28526
rf,115,source_heldout,0.05,98080,1463,39,2482
rf,115,source_heldout,0.1,97922,1246,197,2699
rf,115,source_heldout,0.15,97811,1092,308,2853
rf,115,source_heldout,0.2,97596,958,523,2987
rf,115,source_heldout,0.25,97397,835,722,3110
rf,115,source_heldout,0.3,97190,723,929,3222
rf,115,source_heldout,0.35,96950,619,1169,3326
rf,115,source_heldout,0.4,96668,544,1451,3401
rf,115,source_heldout,0.45,96465,472,1654,3473
rf,115,source_heldout,0.5,96255,413,1864,3532
rf,115,source_heldout,0.55,96045,361,2074,3584
rf,115,source_heldout,0.6,95777,302,2342,3643
rf,115,source_heldout,0.65,95507,263,2612,3682
rf,115,source_heldout,0.7,95220,215,2899,3730
rf,115,source_heldout,0.75,94908,189,3211,3756
rf,115,source_heldout,0.8,94498,126,3621,3819
rf,115,source_heldout,0.85,94034,82,4085,3863
rf,115,source_heldout,0.9,93369,57,4750,3888
rf,115,source_heldout,0.95,92215,23,5904,3922
rf,115,source_heldout,0.975,91631,11,6488,3934
rf,115,source_heldout,0.99,90852,6,7267,3939
rf,115,source_heldout,0.995,90467,5,7652,3940
rf,115,source_heldout,0.999,88559,1,9560,3944
rf,115,target,0.05,839,38574,0,12
rf,115,target,0.1,839,38552,0,34
rf,115,target,0.15,839,38447,0,139
rf,115,target,0.2,839,38402,0,184
rf,115,target,0.25,839,38374,0,212
rf,115,target,0.3,839,38319,0,267
rf,115,target,0.35,839,38229,0,357
rf,115,target,0.4,839,37597,0,989
rf,115,target,0.45,839,37418,0,1168
rf,115,target,0.5,839,36151,0,2435
rf,115,target,0.55,837,34412,2,4174
rf,115,target,0.6,837,32018,2,6568
rf,115,target,0.65,836,30958,3,7628
rf,115,target,0.7,796,29660,43,8926
rf,115,target,0.75,736,29329,103,9257
rf,115,target,0.8,736,5234,103,33352
rf,115,target,0.85,736,5161,103,33425
rf,115,target,0.9,736,5135,103,33451
rf,115,target,0.95,580,654,259,37932
rf,115,target,0.975,580,620,259,37966
rf,115,target,0.99,580,620,259,37966
rf,115,target,0.995,580,620,259,37966
rf,115,target,0.999,580,620,259,37966
xgboost,115,source_heldout,0.05,97976,1093,143,2852
xgboost,115,source_heldout,0.1,97607,743,512,3202
xgboost,115,source_heldout,0.15,96562,386,1557,3559
xgboost,115,source_heldout,0.2,95807,284,2312,3661
xgboost,115,source_heldout,0.25,93899,170,4220,3775
xgboost,115,source_heldout,0.3,93596,142,4523,3803
xgboost,115,source_heldout,0.35,93387,121,4732,3824
xgboost,115,source_heldout,0.4,93172,112,4947,3833
xgboost,115,source_heldout,0.45,93019,96,5100,3849
xgboost,115,source_heldout,0.5,92872,87,5247,3858
xgboost,115,source_heldout,0.55,92689,79,5430,3866
xgboost,115,source_heldout,0.6,92489,65,5630,3880
xgboost,115,source_heldout,0.65,92363,56,5756,3889
xgboost,115,source_heldout,0.7,92197,44,5922,3901
xgboost,115,source_heldout,0.75,92006,40,6113,3905
xgboost,115,source_heldout,0.8,91803,18,6316,3927
xgboost,115,source_heldout,0.85,91606,14,6513,3931
xgboost,115,source_heldout,0.9,91337,13,6782,3932
xgboost,115,source_heldout,0.95,90747,9,7372,3936
xgboost,115,source_heldout,0.975,89831,7,8288,3938
xgboost,115,source_heldout,0.99,88327,2,9792,3943
xgboost,115,source_heldout,0.995,85746,1,12373,3944
xgboost,115,source_heldout,0.999,73660,0,24459,3945
xgboost,115,target,0.05,839,37896,0,690
xgboost,115,target,0.1,839,35620,0,2966
xgboost,115,target,0.15,839,33545,0,5041
xgboost,115,target,0.2,834,32285,5,6301
xgboost,115,target,0.25,828,31158,11,7428
xgboost,115,target,0.3,814,30872,25,7714
xgboost,115,target,0.35,776,30578,63,8008
xgboost,115,target,0.4,759,30432,80,8154
xgboost,115,target,0.45,745,29868,94,8718
xgboost,115,target,0.5,739,29669,100,8917
xgboost,115,target,0.55,738,29602,101,8984
xgboost,115,target,0.6,738,29519,101,9067
xgboost,115,target,0.65,738,29444,101,9142
xgboost,115,target,0.7,738,29394,101,9192
xgboost,115,target,0.75,738,26793,101,11793
xgboost,115,target,0.8,738,26783,101,11803
xgboost,115,target,0.85,738,26767,101,11819
xgboost,115,target,0.9,738,26689,101,11897
xgboost,115,target,0.95,738,26591,101,11995
xgboost,115,target,0.975,599,22207,240,16379
xgboost,115,target,0.99,582,646,257,37940
xgboost,115,target,0.995,582,645,257,37941
xgboost,115,target,0.999,582,641,257,37945
hgb,115,source_heldout,0.05,97991,1139,128,2806
hgb,115,source_heldout,0.1,97672,778,447,3167
hgb,115,source_heldout,0.15,96775,389,1344,3556
hgb,115,source_heldout,0.2,96221,314,1898,3631
hgb,115,source_heldout,0.25,93664,184,4455,3761
hgb,115,source_heldout,0.3,93527,145,4592,3800
hgb,115,source_heldout,0.35,93240,124,4879,3821
hgb,115,source_heldout,0.4,93087,110,5032,3835
hgb,115,source_heldout,0.45,92953,105,5166,3840
hgb,115,source_heldout,0.5,92755,89,5364,3856
hgb,115,source_heldout,0.55,92640,76,5479,3869
hgb,115,source_heldout,0.6,92430,70,5689,3875
hgb,115,source_heldout,0.65,92236,59,5883,3886
hgb,115,source_heldout,0.7,92001,44,6118,3901
hgb,115,source_heldout,0.75,91789,37,6330,3908
hgb,115,source_heldout,0.8,91574,19,6545,3926
hgb,115,source_heldout,0.85,91298,17,6821,3928
hgb,115,source_heldout,0.9,90909,13,7210,3932
hgb,115,source_heldout,0.95,90247,11,7872,3934
hgb,115,source_heldout,0.975,88233,5,9886,3940
hgb,115,source_heldout,0.99,86290,1,11829,3944
hgb,115,source_heldout,0.995,85127,0,12992,3945
hgb,115,source_heldout,0.999,61964,0,36155,3945
hgb,115,target,0.05,839,37771,0,815
hgb,115,target,0.1,839,36430,0,2156
hgb,115,target,0.15,839,33191,0,5395
hgb,115,target,0.2,836,32008,3,6578
hgb,115,target,0.25,828,30862,11,7724
hgb,115,target,0.3,828,30386,11,8200
hgb,115,target,0.35,823,30204,16,8382
hgb,115,target,0.4,791,30093,48,8493
hgb,115,target,0.45,790,29865,49,8721
hgb,115,target,0.5,790,29800,49,8786
hgb,115,target,0.55,781,29699,58,8887
hgb,115,target,0.6,741,27149,98,11437
hgb,115,target,0.65,741,27097,98,11489
hgb,115,target,0.7,740,26950,99,11636
hgb,115,target,0.75,739,26933,100,11653
hgb,115,target,0.8,738,26866,101,11720
hgb,115,target,0.85,738,26812,101,11774
hgb,115,target,0.9,738,26789,101,11797
hgb,115,target,0.95,738,5227,101,33359
hgb,115,target,0.975,738,5045,101,33541
hgb,115,target,0.99,736,711,103,37875
hgb,115,target,0.995,736,709,103,37877
hgb,115,target,0.999,580,660,259,37926
mlp,115,source_heldout,0.05,97959,1174,160,2771
mlp,115,source_heldout,0.1,97611,922,508,3023
mlp,115,source_heldout,0.15,96656,462,1463,3483
mlp,115,source_heldout,0.2,95956,379,2163,3566
mlp,115,source_heldout,0.25,94883,293,3236,3652
mlp,115,source_heldout,0.3,93002,202,5117,3743
mlp,115,source_heldout,0.35,92761,172,5358,3773
mlp,115,source_heldout,0.4,92631,148,5488,3797
mlp,115,source_heldout,0.45,92568,125,5551,3820
mlp,115,source_heldout,0.5,92390,112,5729,3833
mlp,115,source_heldout,0.55,92226,106,5893,3839
mlp,115,source_heldout,0.6,92103,99,6016,3846
mlp,115,source_heldout,0.65,91988,90,6131,3855
mlp,115,source_heldout,0.7,91814,78,6305,3867
mlp,115,source_heldout,0.75,91519,63,6600,3882
mlp,115,source_heldout,0.8,91006,54,7113,3891
mlp,115,source_heldout,0.85,90701,50,7418,3895
mlp,115,source_heldout,0.9,90363,38,7756,3907
mlp,115,source_heldout,0.95,89957,19,8162,3926
mlp,115,source_heldout,0.975,89450,14,8669,3931
mlp,115,source_heldout,0.99,87019,6,11100,3939
mlp,115,source_heldout,0.995,83299,3,14820,3942
mlp,115,source_heldout,0.999,80488,1,17631,3944
mlp,115,target,0.05,837,38244,2,342
mlp,115,target,0.1,837,33328,2,5258
mlp,115,target,0.15,836,31626,3,6960
mlp,115,target,0.2,836,31340,3,7246
mlp,115,target,0.25,836,31121,3,7465
mlp,115,target,0.3,835,31042,4,7544
mlp,115,target,0.35,797,30772,42,7814
mlp,115,target,0.4,582,30599,257,7987
mlp,115,target,0.45,582,30150,257,8436
mlp,115,target,0.5,582,6028,257,32558
mlp,115,target,0.55,582,5669,257,32917
mlp,115,target,0.6,582,5647,257,32939
mlp,115,target,0.65,582,5559,257,33027
mlp,115,target,0.7,580,5504,259,33082
mlp,115,target,0.75,580,5380,259,33206
mlp,115,target,0.8,580,1033,259,37553
mlp,115,target,0.85,580,1005,259,37581
mlp,115,target,0.9,580,954,259,37632
mlp,115,target,0.95,580,938,259,37648
mlp,115,target,0.975,580,926,259,37660
mlp,115,target,0.99,580,771,259,37815
mlp,115,target,0.995,580,700,259,37886
mlp,115,target,0.999,580,664,259,37922
majority,116,source_heldout,0.05,88743,23,0,0
majority,116,source_heldout,0.1,88743,23,0,0
majority,116,source_heldout,0.15,88743,23,0,0
majority,116,source_heldout,0.2,88743,23,0,0
majority,116,source_heldout,0.25,88743,23,0,0
majority,116,source_heldout,0.3,88743,23,0,0
majority,116,source_heldout,0.35,88743,23,0,0
majority,116,source_heldout,0.4,88743,23,0,0
majority,116,source_heldout,0.45,88743,23,0,0
majority,116,source_heldout,0.5,88743,23,0,0
majority,116,source_heldout,0.55,88743,23,0,0
majority,116,source_heldout,0.6,88743,23,0,0
majority,116,source_heldout,0.65,88743,23,0,0
majority,116,source_heldout,0.7,88743,23,0,0
majority,116,source_heldout,0.75,88743,23,0,0
majority,116,source_heldout,0.8,88743,23,0,0
majority,116,source_heldout,0.85,88743,23,0,0
majority,116,source_heldout,0.9,88743,23,0,0
majority,116,source_heldout,0.95,88743,23,0,0
majority,116,source_heldout,0.975,88743,23,0,0
majority,116,source_heldout,0.99,88743,23,0,0
majority,116,source_heldout,0.995,88743,23,0,0
majority,116,source_heldout,0.999,88743,23,0,0
majority,116,target,0.05,839,38586,0,0
majority,116,target,0.1,839,38586,0,0
majority,116,target,0.15,839,38586,0,0
majority,116,target,0.2,839,38586,0,0
majority,116,target,0.25,839,38586,0,0
majority,116,target,0.3,839,38586,0,0
majority,116,target,0.35,839,38586,0,0
majority,116,target,0.4,839,38586,0,0
majority,116,target,0.45,839,38586,0,0
majority,116,target,0.5,839,38586,0,0
majority,116,target,0.55,839,38586,0,0
majority,116,target,0.6,839,38586,0,0
majority,116,target,0.65,839,38586,0,0
majority,116,target,0.7,839,38586,0,0
majority,116,target,0.75,839,38586,0,0
majority,116,target,0.8,839,38586,0,0
majority,116,target,0.85,839,38586,0,0
majority,116,target,0.9,839,38586,0,0
majority,116,target,0.95,839,38586,0,0
majority,116,target,0.975,839,38586,0,0
majority,116,target,0.99,839,38586,0,0
majority,116,target,0.995,839,38586,0,0
majority,116,target,0.999,839,38586,0,0
stratified,116,source_heldout,0.05,81949,21,6794,2
stratified,116,source_heldout,0.1,81949,21,6794,2
stratified,116,source_heldout,0.15,81949,21,6794,2
stratified,116,source_heldout,0.2,81949,21,6794,2
stratified,116,source_heldout,0.25,81949,21,6794,2
stratified,116,source_heldout,0.3,81949,21,6794,2
stratified,116,source_heldout,0.35,81949,21,6794,2
stratified,116,source_heldout,0.4,81949,21,6794,2
stratified,116,source_heldout,0.45,81949,21,6794,2
stratified,116,source_heldout,0.5,81949,21,6794,2
stratified,116,source_heldout,0.55,81949,21,6794,2
stratified,116,source_heldout,0.6,81949,21,6794,2
stratified,116,source_heldout,0.65,81949,21,6794,2
stratified,116,source_heldout,0.7,81949,21,6794,2
stratified,116,source_heldout,0.75,81949,21,6794,2
stratified,116,source_heldout,0.8,81949,21,6794,2
stratified,116,source_heldout,0.85,81949,21,6794,2
stratified,116,source_heldout,0.9,81949,21,6794,2
stratified,116,source_heldout,0.95,81949,21,6794,2
stratified,116,source_heldout,0.975,81949,21,6794,2
stratified,116,source_heldout,0.99,81949,21,6794,2
stratified,116,source_heldout,0.995,81949,21,6794,2
stratified,116,source_heldout,0.999,81949,21,6794,2
stratified,116,target,0.05,775,35660,64,2926
stratified,116,target,0.1,775,35660,64,2926
stratified,116,target,0.15,775,35660,64,2926
stratified,116,target,0.2,775,35660,64,2926
stratified,116,target,0.25,775,35660,64,2926
stratified,116,target,0.3,775,35660,64,2926
stratified,116,target,0.35,775,35660,64,2926
stratified,116,target,0.4,775,35660,64,2926
stratified,116,target,0.45,775,35660,64,2926
stratified,116,target,0.5,775,35660,64,2926
stratified,116,target,0.55,775,35660,64,2926
stratified,116,target,0.6,775,35660,64,2926
stratified,116,target,0.65,775,35660,64,2926
stratified,116,target,0.7,775,35660,64,2926
stratified,116,target,0.75,775,35660,64,2926
stratified,116,target,0.8,775,35660,64,2926
stratified,116,target,0.85,775,35660,64,2926
stratified,116,target,0.9,775,35660,64,2926
stratified,116,target,0.95,775,35660,64,2926
stratified,116,target,0.975,775,35660,64,2926
stratified,116,target,0.99,775,35660,64,2926
stratified,116,target,0.995,775,35660,64,2926
stratified,116,target,0.999,775,35660,64,2926
logreg,116,source_heldout,0.05,88710,19,33,4
logreg,116,source_heldout,0.1,88093,17,650,6
logreg,116,source_heldout,0.15,88070,15,673,8
logreg,116,source_heldout,0.2,87366,12,1377,11
logreg,116,source_heldout,0.25,86844,11,1899,12
logreg,116,source_heldout,0.3,86227,10,2516,13
logreg,116,source_heldout,0.35,86107,10,2636,13
logreg,116,source_heldout,0.4,86004,10,2739,13
logreg,116,source_heldout,0.45,85748,10,2995,13
logreg,116,source_heldout,0.5,82656,10,6087,13
logreg,116,source_heldout,0.55,82473,10,6270,13
logreg,116,source_heldout,0.6,82265,10,6478,13
logreg,116,source_heldout,0.65,82031,10,6712,13
logreg,116,source_heldout,0.7,78919,10,9824,13
logreg,116,source_heldout,0.75,59407,9,29336,14
logreg,116,source_heldout,0.8,58392,8,30351,15
logreg,116,source_heldout,0.85,54551,7,34192,16
logreg,116,source_heldout,0.9,49610,6,39133,17
logreg,116,source_heldout,0.95,3352,3,85391,20
logreg,116,source_heldout,0.975,2795,3,85948,20
logreg,116,source_heldout,0.99,1250,3,87493,20
logreg,116,source_heldout,0.995,924,3,87819,20
logreg,116,source_heldout,0.999,584,2,88159,21
logreg,116,target,0.05,837,38088,2,498
logreg,116,target,0.1,837,37868,2,718
logreg,116,target,0.15,739,36372,100,2214
logreg,116,target,0.2,739,31519,100,7067
logreg,116,target,0.25,738,30975,101,7611
logreg,116,target,0.3,738,30775,101,7811
logreg,116,target,0.35,738,30721,101,7865
logreg,116,target,0.4,738,6710,101,31876
logreg,116,target,0.45,736,6661,103,31925
logreg,116,target,0.5,736,6523,103,32063
logreg,116,target,0.55,580,6473,259,32113
logreg,116,target,0.6,580,6006,259,32580
logreg,116,target,0.65,580,5943,259,32643
logreg,116,target,0.7,580,5853,259,32733
logreg,116,target,0.75,580,1148,259,37438
logreg,116,target,0.8,580,1134,259,37452
logreg,116,target,0.85,580,867,259,37719
logreg,116,target,0.9,580,849,259,37737
logreg,116,target,0.95,0,0,839,38586
logreg,116,target,0.975,0,0,839,38586
logreg,116,target,0.99,0,0,839,38586
logreg,116,target,0.995,0,0,839,38586
logreg,116,target,0.999,0,0,839,38586
tree,116,source_heldout,0.05,71572,19,17171,4
tree,116,source_heldout,0.1,71257,16,17486,7
tree,116,source_heldout,0.15,71173,9,17570,14
tree,116,source_heldout,0.2,70906,9,17837,14
tree,116,source_heldout,0.25,70904,8,17839,15
tree,116,source_heldout,0.3,70904,8,17839,15
tree,116,source_heldout,0.35,70474,8,18269,15
tree,116,source_heldout,0.4,70468,8,18275,15
tree,116,source_heldout,0.45,70455,5,18288,18
tree,116,source_heldout,0.5,70455,5,18288,18
tree,116,source_heldout,0.55,70455,4,18288,19
tree,116,source_heldout,0.6,70451,4,18292,19
tree,116,source_heldout,0.65,70451,4,18292,19
tree,116,source_heldout,0.7,70441,4,18302,19
tree,116,source_heldout,0.75,70301,1,18442,22
tree,116,source_heldout,0.8,70297,1,18446,22
tree,116,source_heldout,0.85,70297,1,18446,22
tree,116,source_heldout,0.9,70297,1,18446,22
tree,116,source_heldout,0.95,70297,1,18446,22
tree,116,source_heldout,0.975,70142,1,18601,22
tree,116,source_heldout,0.99,69307,1,19436,22
tree,116,source_heldout,0.995,69307,1,19436,22
tree,116,source_heldout,0.999,69307,1,19436,22
tree,116,target,0.05,837,36433,2,2153
tree,116,target,0.1,837,32483,2,6103
tree,116,target,0.15,837,30795,2,7791
tree,116,target,0.2,837,30438,2,8148
tree,116,target,0.25,837,30422,2,8164
tree,116,target,0.3,837,30301,2,8285
tree,116,target,0.35,837,30258,2,8328
tree,116,target,0.4,837,30232,2,8354
tree,116,target,0.45,837,30232,2,8354
tree,116,target,0.5,837,30232,2,8354
tree,116,target,0.55,837,30232,2,8354
tree,116,target,0.6,837,30232,2,8354
tree,116,target,0.65,837,30232,2,8354
tree,116,target,0.7,837,30232,2,8354
tree,116,target,0.75,837,30226,2,8360
tree,116,target,0.8,837,30226,2,8360
tree,116,target,0.85,837,30226,2,8360
tree,116,target,0.9,837,30226,2,8360
tree,116,target,0.95,837,30226,2,8360
tree,116,target,0.975,837,30170,2,8416
tree,116,target,0.99,837,30170,2,8416
tree,116,target,0.995,837,30170,2,8416
tree,116,target,0.999,837,30170,2,8416
rf,116,source_heldout,0.05,88743,23,0,0
rf,116,source_heldout,0.1,88736,21,7,2
rf,116,source_heldout,0.15,88729,21,14,2
rf,116,source_heldout,0.2,88710,21,33,2
rf,116,source_heldout,0.25,88041,20,702,3
rf,116,source_heldout,0.3,87928,20,815,3
rf,116,source_heldout,0.35,86625,20,2118,3
rf,116,source_heldout,0.4,72261,19,16482,4
rf,116,source_heldout,0.45,71673,18,17070,5
rf,116,source_heldout,0.5,71443,17,17300,6
rf,116,source_heldout,0.55,71252,17,17491,6
rf,116,source_heldout,0.6,70952,13,17791,10
rf,116,source_heldout,0.65,70754,11,17989,12
rf,116,source_heldout,0.7,67389,10,21354,13
rf,116,source_heldout,0.75,66932,10,21811,13
rf,116,source_heldout,0.8,64261,4,24482,19
rf,116,source_heldout,0.85,59592,2,29151,21
rf,116,source_heldout,0.9,54926,1,33817,22
rf,116,source_heldout,0.95,53751,0,34992,23
rf,116,source_heldout,0.975,50111,0,38632,23
rf,116,source_heldout,0.99,40576,0,48167,23
rf,116,source_heldout,0.995,33039,0,55704,23
rf,116,source_heldout,0.999,30397,0,58346,23
rf,116,target,0.05,839,38578,0,8
rf,116,target,0.1,839,38528,0,58
rf,116,target,0.15,839,38439,0,147
rf,116,target,0.2,839,38396,0,190
rf,116,target,0.25,839,38299,0,287
rf,116,target,0.3,839,38073,0,513
rf,116,target,0.35,839,37761,0,825
rf,116,target,0.4,839,36004,0,2582
rf,116,target,0.45,839,33437,0,5149
rf,116,target,0.5,839,32439,0,6147
rf,116,target,0.55,839,9972,0,28614
rf,116,target,0.6,837,9013,2,29573
rf,116,target,0.65,760,3957,79,34629
rf,116,target,0.7,739,1356,100,37230
rf,116,target,0.75,736,994,103,37592
rf,116,target,0.8,736,880,103,37706
rf,116,target,0.85,736,833,103,37753
rf,116,target,0.9,736,820,103,37766
rf,116,target,0.95,693,746,146,37840
rf,116,target,0.975,580,622,259,37964
rf,116,target,0.99,140,39,699,38547
rf,116,target,0.995,0,0,839,38586
rf,116,target,0.999,0,0,839,38586
xgboost,116,source_heldout,0.05,88736,23,7,0
xgboost,116,source_heldout,0.1,88405,20,338,3
xgboost,116,source_heldout,0.15,87096,19,1647,4
xgboost,116,source_heldout,0.2,85624,19,3119,4
xgboost,116,source_heldout,0.25,74393,16,14350,7
xgboost,116,source_heldout,0.3,72076,14,16667,9
xgboost,116,source_heldout,0.35,71924,13,16819,10
xgboost,116,source_heldout,0.4,71666,11,17077,12
xgboost,116,source_heldout,0.45,71519,11,17224,12
xgboost,116,source_heldout,0.5,71429,11,17314,12
xgboost,116,source_heldout,0.55,71365,8,17378,15
xgboost,116,source_heldout,0.6,71285,7,17458,16
xgboost,116,source_heldout,0.65,71192,7,17551,16
xgboost,116,source_heldout,0.7,70906,7,17837,16
xgboost,116,source_heldout,0.75,67850,7,20893,16
xgboost,116,source_heldout,0.8,67229,7,21514,16
xgboost,116,source_heldout,0.85,66143,7,22600,16
xgboost,116,source_heldout,0.9,65095,6,23648,17
xgboost,116,source_heldout,0.95,59548,0,29195,23
xgboost,116,source_heldout,0.975,58503,0,30240,23
xgboost,116,source_heldout,0.99,25344,0,63399,23
xgboost,116,source_heldout,0.995,16274,0,72469,23
xgboost,116,source_heldout,0.999,11490,0,77253,23
xgboost,116,target,0.05,839,35722,0,2864
xgboost,116,target,0.1,839,33425,0,5161
xgboost,116,target,0.15,839,32675,0,5911
xgboost,116,target,0.2,837,31152,2,7434
xgboost,116,target,0.25,837,30568,2,8018
xgboost,116,target,0.3,837,29986,2,8600
xgboost,116,target,0.35,837,29855,2,8731
xgboost,116,target,0.4,837,29760,2,8826
xgboost,116,target,0.45,837,29635,2,8951
xgboost,116,target,0.5,837,29538,2,9048
xgboost,116,target,0.55,837,29451,2,9135
xgboost,116,target,0.6,837,29430,2,9156
xgboost,116,target,0.65,837,29394,2,9192
xgboost,116,target,0.7,836,29348,3,9238
xgboost,116,target,0.75,835,5311,4,33275
xgboost,116,target,0.8,834,5272,5,33314
xgboost,116,target,0.85,794,874,45,37712
xgboost,116,target,0.9,759,844,80,37742
xgboost,116,target,0.95,738,814,101,37772
xgboost,116,target,0.975,736,687,103,37899
xgboost,116,target,0.99,736,679,103,37907
xgboost,116,target,0.995,153,27,686,38559
xgboost,116,target,0.999,0,0,839,38586
hgb,116,source_heldout,0.05,88730,23,13,0
hgb,116,source_heldout,0.1,88493,20,250,3
hgb,116,source_heldout,0.15,87894,19,849,4
hgb,116,source_heldout,0.2,86102,17,2641,6
hgb,116,source_heldout,0.25,86041,17,2702,6
hgb,116,source_heldout,0.3,82848,13,5895,10
hgb,116,source_heldout,0.35,74143,13,14600,10
hgb,116,source_heldout,0.4,72423,12,16320,11
hgb,116,source_heldout,0.45,71928,10,16815,13
hgb,116,source_heldout,0.5,71656,10,17087,13
hgb,116,source_heldout,0.55,71524,9,17219,14
hgb,116,source_heldout,0.6,71390,9,17353,14
hgb,116,source_heldout,0.65,71057,9,17686,14
hgb,116,source_heldout,0.7,70865,9,17878,14
hgb,116,source_heldout,0.75,70676,8,18067,15
hgb,116,source_heldout,0.8,70262,8,18481,15
hgb,116,source_heldout,0.85,69122,5,19621,18
hgb,116,source_heldout,0.9,68091,5,20652,18
hgb,116,source_heldout,0.95,66376,5,22367,18
hgb,116,source_heldout,0.975,39322,3,49421,20
hgb,116,source_heldout,0.99,27367,0,61376,23
hgb,116,source_heldout,0.995,18195,0,70548,23
hgb,116,source_heldout,0.999,16471,0,72272,23
hgb,116,target,0.05,839,37933,0,653
hgb,116,target,0.1,839,36639,0,1947
hgb,116,target,0.15,837,34690,2,3896
hgb,116,target,0.2,837,12641,2,25945
hgb,116,target,0.25,837,11508,2,27078
hgb,116,target,0.3,837,10097,2,28489
hgb,116,target,0.35,837,9687,2,28899
hgb,116,target,0.4,837,9345,2,29241
hgb,116,target,0.45,837,9111,2,29475
hgb,116,target,0.5,837,8788,2,29798
hgb,116,target,0.55,837,8628,2,29958
hgb,116,target,0.6,837,8491,2,30095
hgb,116,target,0.65,826,5980,13,32606
hgb,116,target,0.7,823,5950,16,32636
hgb,116,target,0.75,804,5449,35,33137
hgb,116,target,0.8,793,5353,46,33233
hgb,116,target,0.85,787,5297,52,33289
hgb,116,target,0.9,737,5251,102,33335
hgb,116,target,0.95,736,5142,103,33444
hgb,116,target,0.975,736,680,103,37906
hgb,116,target,0.99,736,672,103,37914
hgb,116,target,0.995,596,633,243,37953
hgb,116,target,0.999,156,29,683,38557
mlp,116,source_heldout,0.05,88567,23,176,0
mlp,116,source_heldout,0.1,87855,18,888,5
mlp,116,source_heldout,0.15,87354,12,1389,11
mlp,116,source_heldout,0.2,86633,0,2110,23
mlp,116,source_heldout,0.25,86484,0,2259,23
mlp,116,source_heldout,0.3,86443,0,2300,23
mlp,116,source_heldout,0.35,86098,0,2645,23
mlp,116,source_heldout,0.4,78739,0,10004,23
mlp,116,source_heldout,0.45,72297,0,16446,23
mlp,116,source_heldout,0.5,72135,0,16608,23
mlp,116,source_heldout,0.55,70999,0,17744,23
mlp,116,source_heldout,0.6,67607,0,21136,23
mlp,116,source_heldout,0.65,66930,0,21813,23
mlp,116,source_heldout,0.7,66625,0,22118,23
mlp,116,source_heldout,0.75,66131,0,22612,23
mlp,116,source_heldout,0.8,65630,0,23113,23
mlp,116,source_heldout,0.85,65343,0,23400,23
mlp,116,source_heldout,0.9,65046,0,23697,23
mlp,116,source_heldout,0.95,64292,0,24451,23
mlp,116,source_heldout,0.975,62225,0,26518,23
mlp,116,source_heldout,0.99,58742,0,30001,23
mlp,116,source_heldout,0.995,57368,0,31375,23
mlp,116,source_heldout,0.999,52576,0,36167,23
mlp,116,target,0.05,839,37857,0,729
mlp,116,target,0.1,839,32619,0,5967
mlp,116,target,0.15,838,31248,1,7338
mlp,116,target,0.2,838,30269,1,8317
mlp,116,target,0.25,837,29829,2,8757
mlp,116,target,0.3,836,29642,3,8944
mlp,116,target,0.35,836,25237,3,13349
mlp,116,target,0.4,836,25162,3,13424
mlp,116,target,0.45,836,25090,3,13496
mlp,116,target,0.5,836,25055,3,13531
mlp,116,target,0.55,760,1087,79,37499
mlp,116,target,0.6,681,1075,158,37511
mlp,116,target,0.65,680,1029,159,37557
mlp,116,target,0.7,680,1003,159,37583
mlp,116,target,0.75,680,904,159,37682
mlp,116,target,0.8,680,892,159,37694
mlp,116,target,0.85,680,881,159,37705
mlp,116,target,0.9,680,850,159,37736
mlp,116,target,0.95,678,835,161,37751
mlp,116,target,0.975,678,714,161,37872
mlp,116,target,0.99,678,648,161,37938
mlp,116,target,0.995,668,646,171,37940
mlp,116,target,0.999,580,645,259,37941
majority,117,source_heldout,0.05,98764,4207,0,0
majority,117,source_heldout,0.1,98764,4207,0,0
majority,117,source_heldout,0.15,98764,4207,0,0
majority,117,source_heldout,0.2,98764,4207,0,0
majority,117,source_heldout,0.25,98764,4207,0,0
majority,117,source_heldout,0.3,98764,4207,0,0
majority,117,source_heldout,0.35,98764,4207,0,0
majority,117,source_heldout,0.4,98764,4207,0,0
majority,117,source_heldout,0.45,98764,4207,0,0
majority,117,source_heldout,0.5,98764,4207,0,0
majority,117,source_heldout,0.55,98764,4207,0,0
majority,117,source_heldout,0.6,98764,4207,0,0
majority,117,source_heldout,0.65,98764,4207,0,0
majority,117,source_heldout,0.7,98764,4207,0,0
majority,117,source_heldout,0.75,98764,4207,0,0
majority,117,source_heldout,0.8,98764,4207,0,0
majority,117,source_heldout,0.85,98764,4207,0,0
majority,117,source_heldout,0.9,98764,4207,0,0
majority,117,source_heldout,0.95,98764,4207,0,0
majority,117,source_heldout,0.975,98764,4207,0,0
majority,117,source_heldout,0.99,98764,4207,0,0
majority,117,source_heldout,0.995,98764,4207,0,0
majority,117,source_heldout,0.999,98764,4207,0,0
majority,117,target,0.05,839,38586,0,0
majority,117,target,0.1,839,38586,0,0
majority,117,target,0.15,839,38586,0,0
majority,117,target,0.2,839,38586,0,0
majority,117,target,0.25,839,38586,0,0
majority,117,target,0.3,839,38586,0,0
majority,117,target,0.35,839,38586,0,0
majority,117,target,0.4,839,38586,0,0
majority,117,target,0.45,839,38586,0,0
majority,117,target,0.5,839,38586,0,0
majority,117,target,0.55,839,38586,0,0
majority,117,target,0.6,839,38586,0,0
majority,117,target,0.65,839,38586,0,0
majority,117,target,0.7,839,38586,0,0
majority,117,target,0.75,839,38586,0,0
majority,117,target,0.8,839,38586,0,0
majority,117,target,0.85,839,38586,0,0
majority,117,target,0.9,839,38586,0,0
majority,117,target,0.95,839,38586,0,0
majority,117,target,0.975,839,38586,0,0
majority,117,target,0.99,839,38586,0,0
majority,117,target,0.995,839,38586,0,0
majority,117,target,0.999,839,38586,0,0
stratified,117,source_heldout,0.05,92776,3946,5988,261
stratified,117,source_heldout,0.1,92776,3946,5988,261
stratified,117,source_heldout,0.15,92776,3946,5988,261
stratified,117,source_heldout,0.2,92776,3946,5988,261
stratified,117,source_heldout,0.25,92776,3946,5988,261
stratified,117,source_heldout,0.3,92776,3946,5988,261
stratified,117,source_heldout,0.35,92776,3946,5988,261
stratified,117,source_heldout,0.4,92776,3946,5988,261
stratified,117,source_heldout,0.45,92776,3946,5988,261
stratified,117,source_heldout,0.5,92776,3946,5988,261
stratified,117,source_heldout,0.55,92776,3946,5988,261
stratified,117,source_heldout,0.6,92776,3946,5988,261
stratified,117,source_heldout,0.65,92776,3946,5988,261
stratified,117,source_heldout,0.7,92776,3946,5988,261
stratified,117,source_heldout,0.75,92776,3946,5988,261
stratified,117,source_heldout,0.8,92776,3946,5988,261
stratified,117,source_heldout,0.85,92776,3946,5988,261
stratified,117,source_heldout,0.9,92776,3946,5988,261
stratified,117,source_heldout,0.95,92776,3946,5988,261
stratified,117,source_heldout,0.975,92776,3946,5988,261
stratified,117,source_heldout,0.99,92776,3946,5988,261
stratified,117,source_heldout,0.995,92776,3946,5988,261
stratified,117,source_heldout,0.999,92776,3946,5988,261
stratified,117,target,0.05,786,36264,53,2322
stratified,117,target,0.1,786,36264,53,2322
stratified,117,target,0.15,786,36264,53,2322
stratified,117,target,0.2,786,36264,53,2322
stratified,117,target,0.25,786,36264,53,2322
stratified,117,target,0.3,786,36264,53,2322
stratified,117,target,0.35,786,36264,53,2322
stratified,117,target,0.4,786,36264,53,2322
stratified,117,target,0.45,786,36264,53,2322
stratified,117,target,0.5,786,36264,53,2322
stratified,117,target,0.55,786,36264,53,2322
stratified,117,target,0.6,786,36264,53,2322
stratified,117,target,0.65,786,36264,53,2322
stratified,117,target,0.7,786,36264,53,2322
stratified,117,target,0.75,786,36264,53,2322
stratified,117,target,0.8,786,36264,53,2322
stratified,117,target,0.85,786,36264,53,2322
stratified,117,target,0.9,786,36264,53,2322
stratified,117,target,0.95,786,36264,53,2322
stratified,117,target,0.975,786,36264,53,2322
stratified,117,target,0.99,786,36264,53,2322
stratified,117,target,0.995,786,36264,53,2322
stratified,117,target,0.999,786,36264,53,2322
logreg,117,source_heldout,0.05,97753,1938,1011,2269
logreg,117,source_heldout,0.1,97485,1787,1279,2420
logreg,117,source_heldout,0.15,96726,1587,2038,2620
logreg,117,source_heldout,0.2,95251,1169,3513,3038
logreg,117,source_heldout,0.25,94493,1063,4271,3144
logreg,117,source_heldout,0.3,94361,1001,4403,3206
logreg,117,source_heldout,0.35,94233,950,4531,3257
logreg,117,source_heldout,0.4,93827,896,4937,3311
logreg,117,source_heldout,0.45,93386,885,5378,3322
logreg,117,source_heldout,0.5,93177,882,5587,3325
logreg,117,source_heldout,0.55,92898,877,5866,3330
logreg,117,source_heldout,0.6,91435,850,7329,3357
logreg,117,source_heldout,0.65,84548,489,14216,3718
logreg,117,source_heldout,0.7,69502,460,29262,3747
logreg,117,source_heldout,0.75,68950,386,29814,3821
logreg,117,source_heldout,0.8,67872,120,30892,4087
logreg,117,source_heldout,0.85,66598,67,32166,4140
logreg,117,source_heldout,0.9,61711,17,37053,4190
logreg,117,source_heldout,0.95,17017,8,81747,4199
logreg,117,source_heldout,0.975,9548,2,89216,4205
logreg,117,source_heldout,0.99,3039,2,95725,4205
logreg,117,source_heldout,0.995,2882,2,95882,4205
logreg,117,source_heldout,0.999,2770,2,95994,4205
logreg,117,target,0.05,837,37967,2,619
logreg,117,target,0.1,739,36983,100,1603
logreg,117,target,0.15,738,33042,101,5544
logreg,117,target,0.2,738,30802,101,7784
logreg,117,target,0.25,738,30560,101,8026
logreg,117,target,0.3,738,30491,101,8095
logreg,117,target,0.35,582,6507,257,32079
logreg,117,target,0.4,580,6479,259,32107
logreg,117,target,0.45,580,6420,259,32166
logreg,117,target,0.5,580,6364,259,32222
logreg,117,target,0.55,580,6295,259,32291
logreg,117,target,0.6,580,6198,259,32388
logreg,117,target,0.65,580,5745,259,32841
logreg,117,target,0.7,580,5647,259,32939
logreg,117,target,0.75,580,942,259,37644
logreg,117,target,0.8,580,933,259,37653
logreg,117,target,0.85,580,681,259,37905
logreg,117,target,0.9,580,672,259,37914
logreg,117,target,0.95,580,621,259,37965
logreg,117,target,0.975,0,1,839,38585
logreg,117,target,0.99,0,0,839,38586
logreg,117,target,0.995,0,0,839,38586
logreg,117,target,0.999,0,0,839,38586
tree,117,source_heldout,0.05,98418,1236,346,2971
tree,117,source_heldout,0.1,97576,717,1188,3490
tree,117,source_heldout,0.15,96673,317,2091,3890
tree,117,source_heldout,0.2,93423,158,5341,4049
tree,117,source_heldout,0.25,93369,145,5395,4062
tree,117,source_heldout,0.3,93359,144,5405,4063
tree,117,source_heldout,0.35,93209,136,5555,4071
tree,117,source_heldout,0.4,93186,132,5578,4075
tree,117,source_heldout,0.45,93180,131,5584,4076
tree,117,source_heldout,0.5,92910,129,5854,4078
tree,117,source_heldout,0.55,92626,119,6138,4088
tree,117,source_heldout,0.6,92613,119,6151,4088
tree,117,source_heldout,0.65,92594,119,6170,4088
tree,117,source_heldout,0.7,92566,119,6198,4088
tree,117,source_heldout,0.75,92565,119,6199,4088
tree,117,source_heldout,0.8,92544,119,6220,4088
tree,117,source_heldout,0.85,92490,115,6274,4092
tree,117,source_heldout,0.9,92235,93,6529,4114
tree,117,source_heldout,0.95,92233,90,6531,4117
tree,117,source_heldout,0.975,90429,86,8335,4121
tree,117,source_heldout,0.99,90429,86,8335,4121
tree,117,source_heldout,0.995,80641,86,18123,4121
tree,117,source_heldout,0.999,60143,81,38621,4126
tree,117,target,0.05,838,9277,1,29309
tree,117,target,0.1,836,9089,3,29497
tree,117,target,0.15,836,6127,3,32459
tree,117,target,0.2,836,5798,3,32788
tree,117,target,0.25,836,5798,3,32788
tree,117,target,0.3,836,5795,3,32791
tree,117,target,0.35,836,5542,3,33044
tree,117,target,0.4,836,5533,3,33053
tree,117,target,0.45,836,5533,3,33053
tree,117,target,0.5,836,5533,3,33053
tree,117,target,0.55,836,5519,3,33067
tree,117,target,0.6,836,5452,3,33134
tree,117,target,0.65,836,5452,3,33134
tree,117,target,0.7,836,5450,3,33136
tree,117,target,0.75,836,5450,3,33136
tree,117,target,0.8,836,3226,3,35360
tree,117,target,0.85,836,3226,3,35360
tree,117,target,0.9,836,3183,3,35403
tree,117,target,0.95,836,3183,3,35403
tree,117,target,0.975,836,3106,3,35480
tree,117,target,0.99,836,3106,3,35480
tree,117,target,0.995,836,3106,3,35480
tree,117,target,0.999,836,3085,3,35501
rf,117,source_heldout,0.05,98648,1664,116,2543
rf,117,source_heldout,0.1,98482,1446,282,2761
rf,117,source_heldout,0.15,98302,1254,462,2953
rf,117,source_heldout,0.2,98084,1062,680,3145
rf,117,source_heldout,0.25,97845,903,919,3304
rf,117,source_heldout,0.3,97584,783,1180,3424
rf,117,source_heldout,0.35,97316,666,1448,3541
rf,117,source_heldout,0.4,97032,552,1732,3655
rf,117,source_heldout,0.45,96751,489,2013,3718
rf,117,source_heldout,0.5,96548,433,2216,3774
rf,117,source_heldout,0.55,96270,386,2494,3821
rf,117,source_heldout,0.6,96043,338,2721,3869
rf,117,source_heldout,0.65,95753,275,3011,3932
rf,117,source_heldout,0.7,95511,219,3253,3988
rf,117,source_heldout,0.75,95170,164,3594,4043
rf,117,source_heldout,0.8,94702,115,4062,4092
rf,117,source_heldout,0.85,94170,80,4594,4127
rf,117,source_heldout,0.9,93546,47,5218,4160
rf,117,source_heldout,0.95,92398,16,6366,4191
rf,117,source_heldout,0.975,91678,9,7086,4198
rf,117,source_heldout,0.99,90945,5,7819,4202
rf,117,source_heldout,0.995,89638,5,9126,4202
rf,117,source_heldout,0.999,87389,1,11375,4206
rf,117,target,0.05,839,38560,0,26
rf,117,target,0.1,839,38497,0,89
rf,117,target,0.15,839,38427,0,159
rf,117,target,0.2,839,38392,0,194
rf,117,target,0.25,839,38318,0,268
rf,117,target,0.3,839,38195,0,391
rf,117,target,0.35,839,35829,0,2757
rf,117,target,0.4,839,33651,0,4935
rf,117,target,0.45,839,33196,0,5390
rf,117,target,0.5,837,32306,2,6280
rf,117,target,0.55,837,31573,2,7013
rf,117,target,0.6,836,30779,3,7807
rf,117,target,0.65,761,29656,78,8930
rf,117,target,0.7,738,25103,101,13483
rf,117,target,0.75,738,24937,101,13649
rf,117,target,0.8,738,932,101,37654
rf,117,target,0.85,736,899,103,37687
rf,117,target,0.9,736,797,103,37789
rf,117,target,0.95,736,631,103,37955
rf,117,target,0.975,580,620,259,37966
rf,117,target,0.99,580,620,259,37966
rf,117,target,0.995,140,39,699,38547
rf,117,target,0.999,140,39,699,38547
xgboost,117,source_heldout,0.05,98584,1272,180,2935
xgboost,117,source_heldout,0.1,97854,789,910,3418
xgboost,117,source_heldout,0.15,96858,417,1906,3790
xgboost,117,source_heldout,0.2,96215,272,2549,3935
xgboost,117,source_heldout,0.25,94532,178,4232,4029
xgboost,117,source_heldout,0.3,93956,138,4808,4069
xgboost,117,source_heldout,0.35,93421,111,5343,4096
xgboost,117,source_heldout,0.4,93195,93,5569,4114
xgboost,117,source_heldout,0.45,93067,82,5697,4125
xgboost,117,source_heldout,0.5,93001,73,5763,4134
xgboost,117,source_heldout,0.55,92808,62,5956,4145
xgboost,117,source_heldout,0.6,92713,56,6051,4151
xgboost,117,source_heldout,0.65,92590,48,6174,4159
xgboost,117,source_heldout,0.7,92450,43,6314,4164
xgboost,117,source_heldout,0.75,92268,38,6496,4169
xgboost,117,source_heldout,0.8,92076,33,6688,4174
xgboost,117,source_heldout,0.85,91861,30,6903,4177
xgboost,117,source_heldout,0.9,91542,29,7222,4178
xgboost,117,source_heldout,0.95,90822,6,7942,4201
xgboost,117,source_heldout,0.975,89978,3,8786,4204
xgboost,117,source_heldout,0.99,87432,1,11332,4206
xgboost,117,source_heldout,0.995,86040,1,12724,4206
xgboost,117,source_heldout,0.999,74694,1,24070,4206
xgboost,117,target,0.05,839,36639,0,1947
xgboost,117,target,0.1,837,33539,2,5047
xgboost,117,target,0.15,837,32363,2,6223
xgboost,117,target,0.2,837,30904,2,7682
xgboost,117,target,0.25,837,30451,2,8135
xgboost,117,target,0.3,837,30138,2,8448
xgboost,117,target,0.35,837,30039,2,8547
xgboost,117,target,0.4,837,29981,2,8605
xgboost,117,target,0.45,837,29632,2,8954
xgboost,117,target,0.5,836,29536,3,9050
xgboost,117,target,0.55,828,29480,11,9106
xgboost,117,target,0.6,827,29437,12,9149
xgboost,117,target,0.65,823,29417,16,9169
xgboost,117,target,0.7,822,29344,17,9242
xgboost,117,target,0.75,803,29296,36,9290
xgboost,117,target,0.8,802,29289,37,9297
xgboost,117,target,0.85,765,29258,74,9328
xgboost,117,target,0.9,744,29177,95,9409
xgboost,117,target,0.95,738,24754,101,13832
xgboost,117,target,0.975,738,24651,101,13935
xgboost,117,target,0.99,738,674,101,37912
xgboost,117,target,0.995,738,668,101,37918
xgboost,117,target,0.999,580,620,259,37966
hgb,117,source_heldout,0.05,98573,1290,191,2917
hgb,117,source_heldout,0.1,97834,859,930,3348
hgb,117,source_heldout,0.15,97083,481,1681,3726
hgb,117,source_heldout,0.2,96014,305,2750,3902
hgb,117,source_heldout,0.25,94483,214,4281,3993
hgb,117,source_heldout,0.3,93885,165,4879,4042
hgb,117,source_heldout,0.35,93331,128,5433,4079
hgb,117,source_heldout,0.4,93155,105,5609,4102
hgb,117,source_heldout,0.45,93004,101,5760,4106
hgb,117,source_heldout,0.5,92892,95,5872,4112
hgb,117,source_heldout,0.55,92783,85,5981,4122
hgb,117,source_heldout,0.6,92591,71,6173,4136
hgb,117,source_heldout,0.65,92482,68,6282,4139
hgb,117,source_heldout,0.7,92371,60,6393,4147
hgb,117,source_heldout,0.75,92135,43,6629,4164
hgb,117,source_heldout,0.8,91876,41,6888,4166
hgb,117,source_heldout,0.85,91618,40,7146,4167
hgb,117,source_heldout,0.9,91295,31,7469,4176
hgb,117,source_heldout,0.95,90333,5,8431,4202
hgb,117,source_heldout,0.975,88985,4,9779,4203
hgb,117,source_heldout,0.99,86505,1,12259,4206
hgb,117,source_heldout,0.995,83228,1,15536,4206
hgb,117,source_heldout,0.999,70702,0,28062,4207
hgb,117,target,0.05,839,34863,0,3723
hgb,117,target,0.1,839,33024,0,5562
hgb,117,target,0.15,837,31940,2,6646
hgb,117,target,0.2,837,31267,2,7319
hgb,117,target,0.25,836,30872,3,7714
hgb,117,target,0.3,836,30722,3,7864
hgb,117,target,0.35,836,30491,3,8095
hgb,117,target,0.4,836,30429,3,8157
hgb,117,target,0.45,836,30305,3,8281
hgb,117,target,0.5,836,30134,3,8452
hgb,117,target,0.55,836,29888,3,8698
hgb,117,target,0.6,835,29812,4,8774
hgb,117,target,0.65,835,29562,4,9024
hgb,117,target,0.7,834,29511,5,9075
hgb,117,target,0.75,823,29451,16,9135
hgb,117,target,0.8,807,29405,32,9181
hgb,117,target,0.85,795,29335,44,9251
hgb,117,target,0.9,787,7825,52,30761
hgb,117,target,0.95,750,954,89,37632
hgb,117,target,0.975,738,867,101,37719
hgb,117,target,0.99,738,724,101,37862
hgb,117,target,0.995,736,674,103,37912
hgb,117,target,0.999,736,649,103,37937
mlp,117,source_heldout,0.05,98422,1304,342,2903
mlp,117,source_heldout,0.1,97373,764,1391,3443
mlp,117,source_heldout,0.15,96542,390,2222,3817
mlp,117,source_heldout,0.2,96155,302,2609,3905
mlp,117,source_heldout,0.25,95648,273,3116,3934
mlp,117,source_heldout,0.3,94324,213,4440,3994
mlp,117,source_heldout,0.35,92734,132,6030,4075
mlp,117,source_heldout,0.4,92400,107,6364,4100
mlp,117,source_heldout,0.45,92227,98,6537,4109
mlp,117,source_heldout,0.5,91912,82,6852,4125
mlp,117,source_heldout,0.55,91747,77,7017,4130
mlp,117,source_heldout,0.6,91579,69,7185,4138
mlp,117,source_heldout,0.65,91378,58,7386,4149
mlp,117,source_heldout,0.7,91075,53,7689,4154
mlp,117,source_heldout,0.75,90821,48,7943,4159
mlp,117,source_heldout,0.8,90638,42,8126,4165
mlp,117,source_heldout,0.85,90312,41,8452,4166
mlp,117,source_heldout,0.9,88952,40,9812,4167
mlp,117,source_heldout,0.95,87664,15,11100,4192
mlp,117,source_heldout,0.975,86765,9,11999,4198
mlp,117,source_heldout,0.99,82592,7,16172,4200
mlp,117,source_heldout,0.995,76957,4,21807,4203
mlp,117,source_heldout,0.999,60398,0,38366,4207
mlp,117,target,0.05,837,37800,2,786
mlp,117,target,0.1,739,33971,100,4615
mlp,117,target,0.15,738,31079,101,7507
mlp,117,target,0.2,738,30388,101,8198
mlp,117,target,0.25,738,30233,101,8353
mlp,117,target,0.3,738,30185,101,8401
mlp,117,target,0.35,738,30162,101,8424
mlp,117,target,0.4,738,29993,101,8593
mlp,117,target,0.45,738,29921,101,8665
mlp,117,target,0.5,738,5946,101,32640
mlp,117,target,0.55,738,5934,101,32652
mlp,117,target,0.6,736,5903,103,32683
mlp,117,target,0.65,736,5850,103,32736
mlp,117,target,0.7,580,5785,259,32801
mlp,117,target,0.75,580,5742,259,32844
mlp,117,target,0.8,580,5699,259,32887
mlp,117,target,0.85,580,5669,259,32917
mlp,117,target,0.9,580,5151,259,33435
mlp,117,target,0.95,580,5118,259,33468
mlp,117,target,0.975,580,5076,259,33510
mlp,117,target,0.99,580,708,259,37878
mlp,117,target,0.995,580,673,259,37913
mlp,117,target,0.999,580,620,259,37966
majority,118,source_heldout,0.05,85063,3935,0,0
majority,118,source_heldout,0.1,85063,3935,0,0
majority,118,source_heldout,0.15,85063,3935,0,0
majority,118,source_heldout,0.2,85063,3935,0,0
majority,118,source_heldout,0.25,85063,3935,0,0
majority,118,source_heldout,0.3,85063,3935,0,0
majority,118,source_heldout,0.35,85063,3935,0,0
majority,118,source_heldout,0.4,85063,3935,0,0
majority,118,source_heldout,0.45,85063,3935,0,0
majority,118,source_heldout,0.5,85063,3935,0,0
majority,118,source_heldout,0.55,85063,3935,0,0
majority,118,source_heldout,0.6,85063,3935,0,0
majority,118,source_heldout,0.65,85063,3935,0,0
majority,118,source_heldout,0.7,85063,3935,0,0
majority,118,source_heldout,0.75,85063,3935,0,0
majority,118,source_heldout,0.8,85063,3935,0,0
majority,118,source_heldout,0.85,85063,3935,0,0
majority,118,source_heldout,0.9,85063,3935,0,0
majority,118,source_heldout,0.95,85063,3935,0,0
majority,118,source_heldout,0.975,85063,3935,0,0
majority,118,source_heldout,0.99,85063,3935,0,0
majority,118,source_heldout,0.995,85063,3935,0,0
majority,118,source_heldout,0.999,85063,3935,0,0
majority,118,target,0.05,839,38586,0,0
majority,118,target,0.1,839,38586,0,0
majority,118,target,0.15,839,38586,0,0
majority,118,target,0.2,839,38586,0,0
majority,118,target,0.25,839,38586,0,0
majority,118,target,0.3,839,38586,0,0
majority,118,target,0.35,839,38586,0,0
majority,118,target,0.4,839,38586,0,0
majority,118,target,0.45,839,38586,0,0
majority,118,target,0.5,839,38586,0,0
majority,118,target,0.55,839,38586,0,0
majority,118,target,0.6,839,38586,0,0
majority,118,target,0.65,839,38586,0,0
majority,118,target,0.7,839,38586,0,0
majority,118,target,0.75,839,38586,0,0
majority,118,target,0.8,839,38586,0,0
majority,118,target,0.85,839,38586,0,0
majority,118,target,0.9,839,38586,0,0
majority,118,target,0.95,839,38586,0,0
majority,118,target,0.975,839,38586,0,0
majority,118,target,0.99,839,38586,0,0
majority,118,target,0.995,839,38586,0,0
majority,118,target,0.999,839,38586,0,0
stratified,118,source_heldout,0.05,80197,3712,4866,223
stratified,118,source_heldout,0.1,80197,3712,4866,223
stratified,118,source_heldout,0.15,80197,3712,4866,223
stratified,118,source_heldout,0.2,80197,3712,4866,223
stratified,118,source_heldout,0.25,80197,3712,4866,223
stratified,118,source_heldout,0.3,80197,3712,4866,223
stratified,118,source_heldout,0.35,80197,3712,4866,223
stratified,118,source_heldout,0.4,80197,3712,4866,223
stratified,118,source_heldout,0.45,80197,3712,4866,223
stratified,118,source_heldout,0.5,80197,3712,4866,223
stratified,118,source_heldout,0.55,80197,3712,4866,223
stratified,118,source_heldout,0.6,80197,3712,4866,223
stratified,118,source_heldout,0.65,80197,3712,4866,223
stratified,118,source_heldout,0.7,80197,3712,4866,223
stratified,118,source_heldout,0.75,80197,3712,4866,223
stratified,118,source_heldout,0.8,80197,3712,4866,223
stratified,118,source_heldout,0.85,80197,3712,4866,223
stratified,118,source_heldout,0.9,80197,3712,4866,223
stratified,118,source_heldout,0.95,80197,3712,4866,223
stratified,118,source_heldout,0.975,80197,3712,4866,223
stratified,118,source_heldout,0.99,80197,3712,4866,223
stratified,118,source_heldout,0.995,80197,3712,4866,223
stratified,118,source_heldout,0.999,80197,3712,4866,223
stratified,118,target,0.05,789,36418,50,2168
stratified,118,target,0.1,789,36418,50,2168
stratified,118,target,0.15,789,36418,50,2168
stratified,118,target,0.2,789,36418,50,2168
stratified,118,target,0.25,789,36418,50,2168
stratified,118,target,0.3,789,36418,50,2168
stratified,118,target,0.35,789,36418,50,2168
stratified,118,target,0.4,789,36418,50,2168
stratified,118,target,0.45,789,36418,50,2168
stratified,118,target,0.5,789,36418,50,2168
stratified,118,target,0.55,789,36418,50,2168
stratified,118,target,0.6,789,36418,50,2168
stratified,118,target,0.65,789,36418,50,2168
stratified,118,target,0.7,789,36418,50,2168
stratified,118,target,0.75,789,36418,50,2168
stratified,118,target,0.8,789,36418,50,2168
stratified,118,target,0.85,789,36418,50,2168
stratified,118,target,0.9,789,36418,50,2168
stratified,118,target,0.95,789,36418,50,2168
stratified,118,target,0.975,789,36418,50,2168
stratified,118,target,0.99,789,36418,50,2168
stratified,118,target,0.995,789,36418,50,2168
stratified,118,target,0.999,789,36418,50,2168
logreg,118,source_heldout,0.05,84255,1700,808,2235
logreg,118,source_heldout,0.1,83158,1481,1905,2454
logreg,118,source_heldout,0.15,82034,1273,3029,2662
logreg,118,source_heldout,0.2,81362,902,3701,3033
logreg,118,source_heldout,0.25,80589,812,4474,3123
logreg,118,source_heldout,0.3,80502,776,4561,3159
logreg,118,source_heldout,0.35,80311,714,4752,3221
logreg,118,source_heldout,0.4,79792,642,5271,3293
logreg,118,source_heldout,0.45,79331,608,5732,3327
logreg,118,source_heldout,0.5,78917,596,6146,3339
logreg,118,source_heldout,0.55,78489,589,6574,3346
logreg,118,source_heldout,0.6,73526,578,11537,3357
logreg,118,source_heldout,0.65,58219,567,26844,3368
logreg,118,source_heldout,0.7,57909,531,27154,3404
logreg,118,source_heldout,0.75,57512,240,27551,3695
logreg,118,source_heldout,0.8,56705,138,28358,3797
logreg,118,source_heldout,0.85,52785,77,32278,3858
logreg,118,source_heldout,0.9,49332,33,35731,3902
logreg,118,source_heldout,0.95,12891,17,72172,3918
logreg,118,source_heldout,0.975,9129,6,75934,3929
logreg,118,source_heldout,0.99,3184,5,81879,3930
logreg,118,source_heldout,0.995,3112,5,81951,3930
logreg,118,source_heldout,0.999,2862,0,82201,3935
logreg,118,target,0.05,756,37712,83,874
logreg,118,target,0.1,739,37029,100,1557
logreg,118,target,0.15,738,32908,101,5678
logreg,118,target,0.2,738,30688,101,7898
logreg,118,target,0.25,738,30495,101,8091
logreg,118,target,0.3,738,30456,101,8130
logreg,118,target,0.35,738,6482,101,32104
logreg,118,target,0.4,580,6405,259,32181
logreg,118,target,0.45,580,6348,259,32238
logreg,118,target,0.5,580,6242,259,32344
logreg,118,target,0.55,580,5795,259,32791
logreg,118,target,0.6,580,5750,259,32836
logreg,118,target,0.65,580,5655,259,32931
logreg,118,target,0.7,580,1295,259,37291
logreg,118,target,0.75,580,936,259,37650
logreg,118,target,0.8,580,926,259,37660
logreg,118,target,0.85,580,756,259,37830
logreg,118,target,0.9,580,672,259,37914
logreg,118,target,0.95,580,621,259,37965
logreg,118,target,0.975,0,1,839,38585
logreg,118,target,0.99,0,0,839,38586
logreg,118,target,0.995,0,0,839,38586
logreg,118,target,0.999,0,0,839,38586
tree,118,source_heldout,0.05,84615,976,448,2959
tree,118,source_heldout,0.1,82835,698,2228,3237
tree,118,source_heldout,0.15,80085,363,4978,3572
tree,118,source_heldout,0.2,79928,343,5135,3592
tree,118,source_heldout,0.25,79846,331,5217,3604
tree,118,source_heldout,0.3,79795,327,5268,3608
tree,118,source_heldout,0.35,79748,322,5315,3613
tree,118,source_heldout,0.4,79748,322,5315,3613
tree,118,source_heldout,0.45,79341,265,5722,3670
tree,118,source_heldout,0.5,79280,255,5783,3680
tree,118,source_heldout,0.55,78977,214,6086,3721
tree,118,source_heldout,0.6,78975,213,6088,3722
tree,118,source_heldout,0.65,78955,213,6108,3722
tree,118,source_heldout,0.7,78832,178,6231,3757
tree,118,source_heldout,0.75,78830,177,6233,3758
tree,118,source_heldout,0.8,78455,166,6608,3769
tree,118,source_heldout,0.85,78439,162,6624,3773
tree,118,source_heldout,0.9,78242,156,6821,3779
tree,118,source_heldout,0.95,78242,156,6821,3779
tree,118,source_heldout,0.975,76861,152,8202,3783
tree,118,source_heldout,0.99,76861,152,8202,3783
tree,118,source_heldout,0.995,76861,152,8202,3783
tree,118,source_heldout,0.999,76861,152,8202,3783
tree,118,target,0.05,839,33706,0,4880
tree,118,target,0.1,839,32219,0,6367
tree,118,target,0.15,839,30053,0,8533
tree,118,target,0.2,839,30053,0,8533
tree,118,target,0.25,839,30053,0,8533
tree,118,target,0.3,839,30053,0,8533
tree,118,target,0.35,839,30053,0,8533
tree,118,target,0.4,839,30053,0,8533
tree,118,target,0.45,839,30053,0,8533
tree,118,target,0.5,839,30037,0,8549
tree,118,target,0.55,839,30037,0,8549
tree,118,target,0.6,839,30037,0,8549
tree,118,target,0.65,839,30037,0,8549
tree,118,target,0.7,839,30037,0,8549
tree,118,target,0.75,839,30036,0,8550
tree,118,target,0.8,839,30034,0,8552
tree,118,target,0.85,839,30034,0,8552
tree,118,target,0.9,839,30027,0,8559
tree,118,target,0.95,839,30027,0,8559
tree,118,target,0.975,839,29917,0,8669
tree,118,target,0.99,839,29917,0,8669
tree,118,target,0.995,839,29917,0,8669
tree,118,target,0.999,839,29917,0,8669
rf,118,source_heldout,0.05,85014,3234,49,701
rf,118,source_heldout,0.1,84794,3020,269,915
rf,118,source_heldout,0.15,84595,2858,468,1077
rf,118,source_heldout,0.2,83514,2703,1549,1232
rf,118,source_heldout,0.25,83422,2570,1641,1365
rf,118,source_heldout,0.3,83242,2470,1821,1465
rf,118,source_heldout,0.35,83147,2396,1916,1539
rf,118,source_heldout,0.4,83015,558,2048,3377
rf,118,source_heldout,0.45,82858,485,2205,3450
rf,118,source_heldout,0.5,82607,420,2456,3515
rf,118,source_heldout,0.55,82524,387,2539,3548
rf,118,source_heldout,0.6,82293,351,2770,3584
rf,118,source_heldout,0.65,80665,319,4398,3616
rf,118,source_heldout,0.7,80466,302,4597,3633
rf,118,source_heldout,0.75,80122,271,4941,3664
rf,118,source_heldout,0.8,79847,228,5216,3707
rf,118,source_heldout,0.85,79056,199,6007,3736
rf,118,source_heldout,0.9,77482,155,7581,3780
rf,118,source_heldout,0.95,75422,84,9641,3851
rf,118,source_heldout,0.975,74322,54,10741,3881
rf,118,source_heldout,0.99,70846,21,14217,3914
rf,118,source_heldout,0.995,69609,11,15454,3924
rf,118,source_heldout,0.999,64615,10,20448,3925
rf,118,target,0.05,839,38572,0,14
rf,118,target,0.1,839,38551,0,35
rf,118,target,0.15,839,38457,0,129
rf,118,target,0.2,839,38408,0,178
rf,118,target,0.25,839,38285,0,301
rf,118,target,0.3,839,37692,0,894
rf,118,target,0.35,839,37407,0,1179
rf,118,target,0.4,839,34200,0,4386
rf,118,target,0.45,839,31944,0,6642
rf,118,target,0.5,839,31364,0,7222
rf,118,target,0.55,838,30918,1,7668
rf,118,target,0.6,837,30402,2,8184
rf,118,target,0.65,837,29894,2,8692
rf,118,target,0.7,836,29535,3,9051
rf,118,target,0.75,825,29224,14,9362
rf,118,target,0.8,738,7702,101,30884
rf,118,target,0.85,738,856,101,37730
rf,118,target,0.9,736,758,103,37828
rf,118,target,0.95,736,639,103,37947
rf,118,target,0.975,580,620,259,37966
rf,118,target,0.99,580,620,259,37966
rf,118,target,0.995,580,620,259,37966
rf,118,target,0.999,580,620,259,37966
xgboost,118,source_heldout,0.05,84911,1041,152,2894
xgboost,118,source_heldout,0.1,84628,730,435,3205
xgboost,118,source_heldout,0.15,82725,465,2338,3470
xgboost,118,source_heldout,0.2,81537,363,3526,3572
xgboost,118,source_heldout,0.25,80554,323,4509,3612
xgboost,118,source_heldout,0.3,80339,284,4724,3651
xgboost,118,source_heldout,0.35,80077,257,4986,3678
xgboost,118,source_heldout,0.4,79832,239,5231,3696
xgboost,118,source_heldout,0.45,78649,223,6414,3712
xgboost,118,source_heldout,0.5,78475,203,6588,3732
xgboost,118,source_heldout,0.55,78332,189,6731,3746
xgboost,118,source_heldout,0.6,78055,154,7008,3781
xgboost,118,source_heldout,0.65,77547,113,7516,3822
xgboost,118,source_heldout,0.7,77081,99,7982,3836
xgboost,118,source_heldout,0.75,76903,90,8160,3845
xgboost,118,source_heldout,0.8,76719,84,8344,3851
xgboost,118,source_heldout,0.85,76348,73,8715,3862
xgboost,118,source_heldout,0.9,75998,67,9065,3868
xgboost,118,source_heldout,0.95,74950,57,10113,3878
xgboost,118,source_heldout,0.975,73463,55,11600,3880
xgboost,118,source_heldout,0.99,72187,53,12876,3882
xgboost,118,source_heldout,0.995,71101,53,13962,3882
xgboost,118,source_heldout,0.999,62993,45,22070,3890
xgboost,118,target,0.05,839,35242,0,3344
xgboost,118,target,0.1,839,31745,0,6841
xgboost,118,target,0.15,839,30720,0,7866
xgboost,118,target,0.2,839,30236,0,8350
xgboost,118,target,0.25,839,29919,0,8667
xgboost,118,target,0.3,839,29688,0,8898
xgboost,118,target,0.35,836,29604,3,8982
xgboost,118,target,0.4,834,29516,5,9070
xgboost,118,target,0.45,828,29495,11,9091
xgboost,118,target,0.5,820,29477,19,9109
xgboost,118,target,0.55,800,29376,39,9210
xgboost,118,target,0.6,766,29364,73,9222
xgboost,118,target,0.65,742,29341,97,9245
xgboost,118,target,0.7,739,29281,100,9305
xgboost,118,target,0.75,737,29251,102,9335
xgboost,118,target,0.8,726,29193,113,9393
xgboost,118,target,0.85,595,29026,244,9560
xgboost,118,target,0.9,582,28964,257,9622
xgboost,118,target,0.95,582,28936,257,9650
xgboost,118,target,0.975,582,24603,257,13983
xgboost,118,target,0.99,582,22104,257,16482
xgboost,118,target,0.995,582,22104,257,16482
xgboost,118,target,0.999,582,645,257,37941
hgb,118,source_heldout,0.05,84900,1079,163,2856
hgb,118,source_heldout,0.1,84554,773,509,3162
hgb,118,source_heldout,0.15,83412,464,1651,3471
hgb,118,source_heldout,0.2,83288,404,1775,3531
hgb,118,source_heldout,0.25,81906,332,3157,3603
hgb,118,source_heldout,0.3,81806,304,3257,3631
hgb,118,source_heldout,0.35,80134,277,4929,3658
hgb,118,source_heldout,0.4,79841,236,5222,3699
hgb,118,source_heldout,0.45,79654,222,5409,3713
hgb,118,source_heldout,0.5,79495,213,5568,3722
hgb,118,source_heldout,0.55,78194,176,6869,3759
hgb,118,source_heldout,0.6,77990,158,7073,3777
hgb,118,source_heldout,0.65,77710,131,7353,3804
hgb,118,source_heldout,0.7,77461,98,7602,3837
hgb,118,source_heldout,0.75,76731,85,8332,3850
hgb,118,source_heldout,0.8,76542,80,8521,3855
hgb,118,source_heldout,0.85,76189,76,8874,3859
hgb,118,source_heldout,0.9,75717,69,9346,3866
hgb,118,source_heldout,0.95,74388,59,10675,3876
hgb,118,source_heldout,0.975,72964,57,12099,3878
hgb,118,source_heldout,0.99,71375,55,13688,3880
hgb,118,source_heldout,0.995,70452,55,14611,3880
hgb,118,source_heldout,0.999,52352,46,32711,3889
hgb,118,target,0.05,839,37818,0,768
hgb,118,target,0.1,839,37048,0,1538
hgb,118,target,0.15,839,32628,0,5958
hgb,118,target,0.2,838,32154,1,6432
hgb,118,target,0.25,837,31142,2,7444
hgb,118,target,0.3,837,30501,2,8085
hgb,118,target,0.35,836,29767,3,8819
hgb,118,target,0.4,836,29674,3,8912
hgb,118,target,0.45,835,29573,4,9013
hgb,118,target,0.5,835,29461,4,9125
hgb,118,target,0.55,834,29410,5,9176
hgb,118,target,0.6,834,29382,5,9204
hgb,118,target,0.65,834,29352,5,9234
hgb,118,target,0.7,834,29330,5,9256
hgb,118,target,0.75,818,29317,21,9269
hgb,118,target,0.8,777,29289,62,9297
hgb,118,target,0.85,773,29123,66,9463
hgb,118,target,0.9,742,29092,97,9494
hgb,118,target,0.95,738,26488,101,12098
hgb,118,target,0.975,738,22153,101,16433
hgb,118,target,0.99,583,22138,256,16448
hgb,118,target,0.995,582,668,257,37918
hgb,118,target,0.999,580,657,259,37929
mlp,118,source_heldout,0.05,84461,1062,602,2873
mlp,118,source_heldout,0.1,83940,833,1123,3102
mlp,118,source_heldout,0.15,83166,523,1897,3412
mlp,118,source_heldout,0.2,82915,445,2148,3490
mlp,118,source_heldout,0.25,82428,392,2635,3543
mlp,118,source_heldout,0.3,79850,346,5213,3589
mlp,118,source_heldout,0.35,79707,328,5356,3607
mlp,118,source_heldout,0.4,79618,302,5445,3633
mlp,118,source_heldout,0.45,79419,270,5644,3665
mlp,118,source_heldout,0.5,79222,244,5841,3691
mlp,118,source_heldout,0.55,78897,208,6166,3727
mlp,118,source_heldout,0.6,78783,201,6280,3734
mlp,118,source_heldout,0.65,78469,156,6594,3779
mlp,118,source_heldout,0.7,78330,124,6733,3811
mlp,118,source_heldout,0.75,78076,113,6987,3822
mlp,118,source_heldout,0.8,77620,100,7443,3835
mlp,118,source_heldout,0.85,77064,83,7999,3852
mlp,118,source_heldout,0.9,76639,80,8424,3855
mlp,118,source_heldout,0.95,74318,69,10745,3866
mlp,118,source_heldout,0.975,69022,67,16041,3868
mlp,118,source_heldout,0.99,65223,57,19840,3878
mlp,118,source_heldout,0.995,60711,56,24352,3879
mlp,118,source_heldout,0.999,35776,51,49287,3884
mlp,118,target,0.05,837,37017,2,1569
mlp,118,target,0.1,837,31270,2,7316
mlp,118,target,0.15,837,30622,2,7964
mlp,118,target,0.2,837,30444,2,8142
mlp,118,target,0.25,681,30334,158,8252
mlp,118,target,0.3,681,30002,158,8584
mlp,118,target,0.35,681,29949,158,8637
mlp,118,target,0.4,681,29871,158,8715
mlp,118,target,0.45,681,29865,158,8721
mlp,118,target,0.5,681,29858,158,8728
mlp,118,target,0.55,681,29841,158,8745
mlp,118,target,0.6,681,29815,158,8771
mlp,118,target,0.65,681,29467,158,9119
mlp,118,target,0.7,681,29446,158,9140
mlp,118,target,0.75,681,29396,158,9190
mlp,118,target,0.8,681,29385,158,9201
mlp,118,target,0.85,680,24959,159,13627
mlp,118,target,0.9,660,24933,179,13653
mlp,118,target,0.95,582,24877,257,13709
mlp,118,target,0.975,582,24860,257,13726
mlp,118,target,0.99,582,24825,257,13761
mlp,118,target,0.995,582,824,257,37762
mlp,118,target,0.999,2,84,837,38502
majority,119,source_heldout,0.05,147278,5350,0,0
majority,119,source_heldout,0.1,147278,5350,0,0
majority,119,source_heldout,0.15,147278,5350,0,0
majority,119,source_heldout,0.2,147278,5350,0,0
majority,119,source_heldout,0.25,147278,5350,0,0
majority,119,source_heldout,0.3,147278,5350,0,0
majority,119,source_heldout,0.35,147278,5350,0,0
majority,119,source_heldout,0.4,147278,5350,0,0
majority,119,source_heldout,0.45,147278,5350,0,0
majority,119,source_heldout,0.5,147278,5350,0,0
majority,119,source_heldout,0.55,147278,5350,0,0
majority,119,source_heldout,0.6,147278,5350,0,0
majority,119,source_heldout,0.65,147278,5350,0,0
majority,119,source_heldout,0.7,147278,5350,0,0
majority,119,source_heldout,0.75,147278,5350,0,0
majority,119,source_heldout,0.8,147278,5350,0,0
majority,119,source_heldout,0.85,147278,5350,0,0
majority,119,source_heldout,0.9,147278,5350,0,0
majority,119,source_heldout,0.95,147278,5350,0,0
majority,119,source_heldout,0.975,147278,5350,0,0
majority,119,source_heldout,0.99,147278,5350,0,0
majority,119,source_heldout,0.995,147278,5350,0,0
majority,119,source_heldout,0.999,147278,5350,0,0
majority,119,target,0.05,839,38586,0,0
majority,119,target,0.1,839,38586,0,0
majority,119,target,0.15,839,38586,0,0
majority,119,target,0.2,839,38586,0,0
majority,119,target,0.25,839,38586,0,0
majority,119,target,0.3,839,38586,0,0
majority,119,target,0.35,839,38586,0,0
majority,119,target,0.4,839,38586,0,0
majority,119,target,0.45,839,38586,0,0
majority,119,target,0.5,839,38586,0,0
majority,119,target,0.55,839,38586,0,0
majority,119,target,0.6,839,38586,0,0
majority,119,target,0.65,839,38586,0,0
majority,119,target,0.7,839,38586,0,0
majority,119,target,0.75,839,38586,0,0
majority,119,target,0.8,839,38586,0,0
majority,119,target,0.85,839,38586,0,0
majority,119,target,0.9,839,38586,0,0
majority,119,target,0.95,839,38586,0,0
majority,119,target,0.975,839,38586,0,0
majority,119,target,0.99,839,38586,0,0
majority,119,target,0.995,839,38586,0,0
majority,119,target,0.999,839,38586,0,0
stratified,119,source_heldout,0.05,136552,4939,10726,411
stratified,119,source_heldout,0.1,136552,4939,10726,411
stratified,119,source_heldout,0.15,136552,4939,10726,411
stratified,119,source_heldout,0.2,136552,4939,10726,411
stratified,119,source_heldout,0.25,136552,4939,10726,411
stratified,119,source_heldout,0.3,136552,4939,10726,411
stratified,119,source_heldout,0.35,136552,4939,10726,411
stratified,119,source_heldout,0.4,136552,4939,10726,411
stratified,119,source_heldout,0.45,136552,4939,10726,411
stratified,119,source_heldout,0.5,136552,4939,10726,411
stratified,119,source_heldout,0.55,136552,4939,10726,411
stratified,119,source_heldout,0.6,136552,4939,10726,411
stratified,119,source_heldout,0.65,136552,4939,10726,411
stratified,119,source_heldout,0.7,136552,4939,10726,411
stratified,119,source_heldout,0.75,136552,4939,10726,411
stratified,119,source_heldout,0.8,136552,4939,10726,411
stratified,119,source_heldout,0.85,136552,4939,10726,411
stratified,119,source_heldout,0.9,136552,4939,10726,411
stratified,119,source_heldout,0.95,136552,4939,10726,411
stratified,119,source_heldout,0.975,136552,4939,10726,411
stratified,119,source_heldout,0.99,136552,4939,10726,411
stratified,119,source_heldout,0.995,136552,4939,10726,411
stratified,119,source_heldout,0.999,136552,4939,10726,411
stratified,119,target,0.05,777,35770,62,2816
stratified,119,target,0.1,777,35770,62,2816
stratified,119,target,0.15,777,35770,62,2816
stratified,119,target,0.2,777,35770,62,2816
stratified,119,target,0.25,777,35770,62,2816
stratified,119,target,0.3,777,35770,62,2816
stratified,119,target,0.35,777,35770,62,2816
stratified,119,target,0.4,777,35770,62,2816
stratified,119,target,0.45,777,35770,62,2816
stratified,119,target,0.5,777,35770,62,2816
stratified,119,target,0.55,777,35770,62,2816
stratified,119,target,0.6,777,35770,62,2816
stratified,119,target,0.65,777,35770,62,2816
stratified,119,target,0.7,777,35770,62,2816
stratified,119,target,0.75,777,35770,62,2816
stratified,119,target,0.8,777,35770,62,2816
stratified,119,target,0.85,777,35770,62,2816
stratified,119,target,0.9,777,35770,62,2816
stratified,119,target,0.95,777,35770,62,2816
stratified,119,target,0.975,777,35770,62,2816
stratified,119,target,0.99,777,35770,62,2816
stratified,119,target,0.995,777,35770,62,2816
stratified,119,target,0.999,777,35770,62,2816
logreg,119,source_heldout,0.05,144436,2906,2842,2444
logreg,119,source_heldout,0.1,142394,2585,4884,2765
logreg,119,source_heldout,0.15,141697,2210,5581,3140
logreg,119,source_heldout,0.2,139874,1856,7404,3494
logreg,119,source_heldout,0.25,139607,1698,7671,3652
logreg,119,source_heldout,0.3,139312,1554,7966,3796
logreg,119,source_heldout,0.35,138376,1426,8902,3924
logreg,119,source_heldout,0.4,137814,1355,9464,3995
logreg,119,source_heldout,0.45,135204,1338,12074,4012
logreg,119,source_heldout,0.5,105879,1291,41399,4059
logreg,119,source_heldout,0.55,104403,760,42875,4590
logreg,119,source_heldout,0.6,102550,620,44728,4730
logreg,119,source_heldout,0.65,96004,473,51274,4877
logreg,119,source_heldout,0.7,92736,300,54542,5050
logreg,119,source_heldout,0.75,92218,263,55060,5087
logreg,119,source_heldout,0.8,91099,169,56179,5181
logreg,119,source_heldout,0.85,83296,63,63982,5287
logreg,119,source_heldout,0.9,80782,19,66496,5331
logreg,119,source_heldout,0.95,24098,6,123180,5344
logreg,119,source_heldout,0.975,17871,4,129407,5346
logreg,119,source_heldout,0.99,9198,2,138080,5348
logreg,119,source_heldout,0.995,5937,1,141341,5349
logreg,119,source_heldout,0.999,5487,1,141791,5349
logreg,119,target,0.05,739,37653,100,933
logreg,119,target,0.1,738,36697,101,1889
logreg,119,target,0.15,738,31653,101,6933
logreg,119,target,0.2,738,30692,101,7894
logreg,119,target,0.25,738,30555,101,8031
logreg,119,target,0.3,738,30407,101,8179
logreg,119,target,0.35,738,30364,101,8222
logreg,119,target,0.4,738,6384,101,32202
logreg,119,target,0.45,581,6327,258,32259
logreg,119,target,0.5,580,6235,259,32351
logreg,119,target,0.55,580,5807,259,32779
logreg,119,target,0.6,580,5794,259,32792
logreg,119,target,0.65,580,5726,259,32860
logreg,119,target,0.7,580,1382,259,37204
logreg,119,target,0.75,580,1379,259,37207
logreg,119,target,0.8,580,1282,259,37304
logreg,119,target,0.85,580,1064,259,37522
logreg,119,target,0.9,580,672,259,37914
logreg,119,target,0.95,580,661,259,37925
logreg,119,target,0.975,0,1,839,38585
logreg,119,target,0.99,0,1,839,38585
logreg,119,target,0.995,0,0,839,38586
logreg,119,target,0.999,0,0,839,38586
tree,119,source_heldout,0.05,120509,2000,26769,3350
tree,119,source_heldout,0.1,119203,1446,28075,3904
tree,119,source_heldout,0.15,117836,961,29442,4389
tree,119,source_heldout,0.2,117700,908,29578,4442
tree,119,source_heldout,0.25,114555,716,32723,4634
tree,119,source_heldout,0.3,113570,677,33708,4673
tree,119,source_heldout,0.35,113548,668,33730,4682
tree,119,source_heldout,0.4,113496,644,33782,4706
tree,119,source_heldout,0.45,112560,632,34718,4718
tree,119,source_heldout,0.5,112550,625,34728,4725
tree,119,source_heldout,0.55,112032,622,35246,4728
tree,119,source_heldout,0.6,112032,622,35246,4728
tree,119,source_heldout,0.65,111996,613,35282,4737
tree,119,source_heldout,0.7,111609,611,35669,4739
tree,119,source_heldout,0.75,111529,608,35749,4742
tree,119,source_heldout,0.8,111382,550,35896,4800
tree,119,source_heldout,0.85,110115,491,37163,4859
tree,119,source_heldout,0.9,110115,491,37163,4859
tree,119,source_heldout,0.95,110115,491,37163,4859
tree,119,source_heldout,0.975,110115,491,37163,4859
tree,119,source_heldout,0.99,90855,473,56423,4877
tree,119,source_heldout,0.995,90855,473,56423,4877
tree,119,source_heldout,0.999,90855,473,56423,4877
tree,119,target,0.05,752,36823,87,1763
tree,119,target,0.1,752,34487,87,4099
tree,119,target,0.15,752,32675,87,5911
tree,119,target,0.2,752,32607,87,5979
tree,119,target,0.25,752,32586,87,6000
tree,119,target,0.3,752,32565,87,6021
tree,119,target,0.35,752,32565,87,6021
tree,119,target,0.4,752,32465,87,6121
tree,119,target,0.45,752,32219,87,6367
tree,119,target,0.5,752,32206,87,6380
tree,119,target,0.55,752,29711,87,8875
tree,119,target,0.6,752,29711,87,8875
tree,119,target,0.65,752,29711,87,8875
tree,119,target,0.7,752,29620,87,8966
tree,119,target,0.75,752,29620,87,8966
tree,119,target,0.8,752,29620,87,8966
tree,119,target,0.85,752,29614,87,8972
tree,119,target,0.9,752,29614,87,8972
tree,119,target,0.95,752,29614,87,8972
tree,119,target,0.975,752,29614,87,8972
tree,119,target,0.99,752,29599,87,8987
tree,119,target,0.995,752,29599,87,8987
tree,119,target,0.999,752,29599,87,8987
rf,119,source_heldout,0.05,147109,2611,169,2739
rf,119,source_heldout,0.1,146803,2321,475,3029
rf,119,source_heldout,0.15,146588,2063,690,3287
rf,119,source_heldout,0.2,146329,1894,949,3456
rf,119,source_heldout,0.25,145702,1738,1576,3612
rf,119,source_heldout,0.3,144544,1601,2734,3749
rf,119,source_heldout,0.35,144128,1469,3150,3881
rf,119,source_heldout,0.4,143730,1354,3548,3996
rf,119,source_heldout,0.45,143156,1229,4122,4121
rf,119,source_heldout,0.5,141814,1128,5464,4222
rf,119,source_heldout,0.55,139041,1015,8237,4335
rf,119,source_heldout,0.6,121101,920,26177,4430
rf,119,source_heldout,0.65,119348,818,27930,4532
rf,119,source_heldout,0.7,111117,743,36161,4607
rf,119,source_heldout,0.75,100827,652,46451,4698
rf,119,source_heldout,0.8,95636,580,51642,4770
rf,119,source_heldout,0.85,93907,468,53371,4882
rf,119,source_heldout,0.9,92788,317,54490,5033
rf,119,source_heldout,0.95,90453,160,56825,5190
rf,119,source_heldout,0.975,74733,80,72545,5270
rf,119,source_heldout,0.99,73276,58,74002,5292
rf,119,source_heldout,0.995,72187,37,75091,5313
rf,119,source_heldout,0.999,67254,23,80024,5327
rf,119,target,0.05,839,38562,0,24
rf,119,target,0.1,839,38535,0,51
rf,119,target,0.15,839,38447,0,139
rf,119,target,0.2,839,38431,0,155
rf,119,target,0.25,839,38398,0,188
rf,119,target,0.3,839,38343,0,243
rf,119,target,0.35,839,38215,0,371
rf,119,target,0.4,839,36535,0,2051
rf,119,target,0.45,839,33455,0,5131
rf,119,target,0.5,839,32850,0,5736
rf,119,target,0.55,838,32270,1,6316
rf,119,target,0.6,817,31343,22,7243
rf,119,target,0.65,794,30042,45,8544
rf,119,target,0.7,738,25456,101,13130
rf,119,target,0.75,738,24911,101,13675
rf,119,target,0.8,738,24738,101,13848
rf,119,target,0.85,736,693,103,37893
rf,119,target,0.9,736,660,103,37926
rf,119,target,0.95,736,629,103,37957
rf,119,target,0.975,735,626,104,37960
rf,119,target,0.99,580,620,259,37966
rf,119,target,0.995,140,39,699,38547
rf,119,target,0.999,140,39,699,38547
xgboost,119,source_heldout,0.05,146951,2106,327,3244
xgboost,119,source_heldout,0.1,146351,1654,927,3696
xgboost,119,source_heldout,0.15,144698,1068,2580,4282
xgboost,119,source_heldout,0.2,138188,911,9090,4439
xgboost,119,source_heldout,0.25,134609,735,12669,4615
xgboost,119,source_heldout,0.3,134064,679,13214,4671
xgboost,119,source_heldout,0.35,133369,632,13909,4718
xgboost,119,source_heldout,0.4,132938,588,14340,4762
xgboost,119,source_heldout,0.45,132637,557,14641,4793
xgboost,119,source_heldout,0.5,132011,520,15267,4830
xgboost,119,source_heldout,0.55,130604,484,16674,4866
xgboost,119,source_heldout,0.6,130225,447,17053,4903
xgboost,119,source_heldout,0.65,129085,431,18193,4919
xgboost,119,source_heldout,0.7,128511,362,18767,4988
xgboost,119,source_heldout,0.75,128029,276,19249,5074
xgboost,119,source_heldout,0.8,125939,216,21339,5134
xgboost,119,source_heldout,0.85,124766,146,22512,5204
xgboost,119,source_heldout,0.9,123850,69,23428,5281
xgboost,119,source_heldout,0.95,111817,53,35461,5297
xgboost,119,source_heldout,0.975,89541,15,57737,5335
xgboost,119,source_heldout,0.99,85115,2,62163,5348
xgboost,119,source_heldout,0.995,81721,1,65557,5349
xgboost,119,source_heldout,0.999,70527,1,76751,5349
xgboost,119,target,0.05,839,36737,0,1849
xgboost,119,target,0.1,839,34594,0,3992
xgboost,119,target,0.15,839,33344,0,5242
xgboost,119,target,0.2,837,32552,2,6034
xgboost,119,target,0.25,837,27519,2,11067
xgboost,119,target,0.3,837,26832,2,11754
xgboost,119,target,0.35,837,26444,2,12142
xgboost,119,target,0.4,837,26219,2,12367
xgboost,119,target,0.45,837,25977,2,12609
xgboost,119,target,0.5,837,25609,2,12977
xgboost,119,target,0.55,837,25410,2,13176
xgboost,119,target,0.6,830,25326,9,13260
xgboost,119,target,0.65,779,25060,60,13526
xgboost,119,target,0.7,770,24864,69,13722
xgboost,119,target,0.75,763,24755,76,13831
xgboost,119,target,0.8,740,24739,99,13847
xgboost,119,target,0.85,738,24642,101,13944
xgboost,119,target,0.9,738,24633,101,13953
xgboost,119,target,0.95,738,24609,101,13977
xgboost,119,target,0.975,738,22110,101,16476
xgboost,119,target,0.99,736,647,103,37939
xgboost,119,target,0.995,736,646,103,37940
xgboost,119,target,0.999,581,620,258,37966
hgb,119,source_heldout,0.05,146939,2171,339,3179
hgb,119,source_heldout,0.1,146191,1620,1087,3730
hgb,119,source_heldout,0.15,145031,1079,2247,4271
hgb,119,source_heldout,0.2,142911,959,4367,4391
hgb,119,source_heldout,0.25,139115,789,8163,4561
hgb,119,source_heldout,0.3,137819,703,9459,4647
hgb,119,source_heldout,0.35,136111,656,11167,4694
hgb,119,source_heldout,0.4,135497,613,11781,4737
hgb,119,source_heldout,0.45,134609,588,12669,4762
hgb,119,source_heldout,0.5,133527,541,13751,4809
hgb,119,source_heldout,0.55,133136,513,14142,4837
hgb,119,source_heldout,0.6,132131,494,15147,4856
hgb,119,source_heldout,0.65,131549,451,15729,4899
hgb,119,source_heldout,0.7,131150,346,16128,5004
hgb,119,source_heldout,0.75,130543,290,16735,5060
hgb,119,source_heldout,0.8,129846,221,17432,5129
hgb,119,source_heldout,0.85,124413,175,22865,5175
hgb,119,source_heldout,0.9,123059,112,24219,5238
hgb,119,source_heldout,0.95,120236,38,27042,5312
hgb,119,source_heldout,0.975,111040,10,36238,5340
hgb,119,source_heldout,0.99,100362,3,46916,5347
hgb,119,source_heldout,0.995,78048,2,69230,5348
hgb,119,source_heldout,0.999,73722,2,73556,5348
hgb,119,target,0.05,839,37054,0,1532
hgb,119,target,0.1,839,35648,0,2938
hgb,119,target,0.15,838,34030,1,4556
hgb,119,target,0.2,837,32599,2,5987
hgb,119,target,0.25,837,31987,2,6599
hgb,119,target,0.3,836,31396,3,7190
hgb,119,target,0.35,836,31215,3,7371
hgb,119,target,0.4,836,30526,3,8060
hgb,119,target,0.45,836,30184,3,8402
hgb,119,target,0.5,836,30071,3,8515
hgb,119,target,0.55,835,29861,4,8725
hgb,119,target,0.6,833,29694,6,8892
hgb,119,target,0.65,833,29575,6,9011
hgb,119,target,0.7,819,29546,20,9040
hgb,119,target,0.75,807,29511,32,9075
hgb,119,target,0.8,773,25128,66,13458
hgb,119,target,0.85,754,25106,85,13480
hgb,119,target,0.9,740,22520,99,16066
hgb,119,target,0.95,738,22356,101,16230
hgb,119,target,0.975,738,22124,101,16462
hgb,119,target,0.99,736,663,103,37923
hgb,119,target,0.995,736,649,103,37937
hgb,119,target,0.999,736,649,103,37937
mlp,119,source_heldout,0.05,145967,2196,1311,3154
mlp,119,source_heldout,0.1,144414,1904,2864,3446
mlp,119,source_heldout,0.15,142777,1317,4501,4033
mlp,119,source_heldout,0.2,139278,1134,8000,4216
mlp,119,source_heldout,0.25,136733,559,10545,4791
mlp,119,source_heldout,0.3,133648,479,13630,4871
mlp,119,source_heldout,0.35,124037,453,23241,4897
mlp,119,source_heldout,0.4,115843,426,31435,4924
mlp,119,source_heldout,0.45,112665,416,34613,4934
mlp,119,source_heldout,0.5,111492,376,35786,4974
mlp,119,source_heldout,0.55,107909,364,39369,4986
mlp,119,source_heldout,0.6,105351,355,41927,4995
mlp,119,source_heldout,0.65,102264,300,45014,5050
mlp,119,source_heldout,0.7,101145,247,46133,5103
mlp,119,source_heldout,0.75,100492,202,46786,5148
mlp,119,source_heldout,0.8,95519,147,51759,5203
mlp,119,source_heldout,0.85,94943,119,52335,5231
mlp,119,source_heldout,0.9,94408,100,52870,5250
mlp,119,source_heldout,0.95,93602,59,53676,5291
mlp,119,source_heldout,0.975,92892,45,54386,5305
mlp,119,source_heldout,0.99,89629,36,57649,5314
mlp,119,source_heldout,0.995,85550,27,61728,5323
mlp,119,source_heldout,0.999,79024,2,68254,5348
mlp,119,target,0.05,839,37651,0,935
mlp,119,target,0.1,839,34297,0,4289
mlp,119,target,0.15,839,32998,0,5588
mlp,119,target,0.2,839,32365,0,6221
mlp,119,target,0.25,839,31244,0,7342
mlp,119,target,0.3,839,30383,0,8203
mlp,119,target,0.35,838,30218,1,8368
mlp,119,target,0.4,838,29758,1,8828
mlp,119,target,0.45,837,29718,2,8868
mlp,119,target,0.5,837,29695,2,8891
mlp,119,target,0.55,837,29580,2,9006
mlp,119,target,0.6,837,29538,2,9048
mlp,119,target,0.65,730,29498,109,9088
mlp,119,target,0.7,681,29483,158,9103
mlp,119,target,0.75,681,1019,158,37567
mlp,119,target,0.8,681,992,158,37594
mlp,119,target,0.85,681,781,158,37805
mlp,119,target,0.9,679,747,160,37839
mlp,119,target,0.95,678,700,161,37886
mlp,119,target,0.975,678,693,161,37893
mlp,119,target,0.99,678,637,161,37949
mlp,119,target,0.995,676,631,163,37955
mlp,119,target,0.999,594,629,245,37957
majority,120,source_heldout,0.05,85030,4270,0,0
majority,120,source_heldout,0.1,85030,4270,0,0
majority,120,source_heldout,0.15,85030,4270,0,0
majority,120,source_heldout,0.2,85030,4270,0,0
majority,120,source_heldout,0.25,85030,4270,0,0
majority,120,source_heldout,0.3,85030,4270,0,0
majority,120,source_heldout,0.35,85030,4270,0,0
majority,120,source_heldout,0.4,85030,4270,0,0
majority,120,source_heldout,0.45,85030,4270,0,0
majority,120,source_heldout,0.5,85030,4270,0,0
majority,120,source_heldout,0.55,85030,4270,0,0
majority,120,source_heldout,0.6,85030,4270,0,0
majority,120,source_heldout,0.65,85030,4270,0,0
majority,120,source_heldout,0.7,85030,4270,0,0
majority,120,source_heldout,0.75,85030,4270,0,0
majority,120,source_heldout,0.8,85030,4270,0,0
majority,120,source_heldout,0.85,85030,4270,0,0
majority,120,source_heldout,0.9,85030,4270,0,0
majority,120,source_heldout,0.95,85030,4270,0,0
majority,120,source_heldout,0.975,85030,4270,0,0
majority,120,source_heldout,0.99,85030,4270,0,0
majority,120,source_heldout,0.995,85030,4270,0,0
majority,120,source_heldout,0.999,85030,4270,0,0
majority,120,target,0.05,839,38586,0,0
majority,120,target,0.1,839,38586,0,0
majority,120,target,0.15,839,38586,0,0
majority,120,target,0.2,839,38586,0,0
majority,120,target,0.25,839,38586,0,0
majority,120,target,0.3,839,38586,0,0
majority,120,target,0.35,839,38586,0,0
majority,120,target,0.4,839,38586,0,0
majority,120,target,0.45,839,38586,0,0
majority,120,target,0.5,839,38586,0,0
majority,120,target,0.55,839,38586,0,0
majority,120,target,0.6,839,38586,0,0
majority,120,target,0.65,839,38586,0,0
majority,120,target,0.7,839,38586,0,0
majority,120,target,0.75,839,38586,0,0
majority,120,target,0.8,839,38586,0,0
majority,120,target,0.85,839,38586,0,0
majority,120,target,0.9,839,38586,0,0
majority,120,target,0.95,839,38586,0,0
majority,120,target,0.975,839,38586,0,0
majority,120,target,0.99,839,38586,0,0
majority,120,target,0.995,839,38586,0,0
majority,120,target,0.999,839,38586,0,0
stratified,120,source_heldout,0.05,80266,4032,4764,238
stratified,120,source_heldout,0.1,80266,4032,4764,238
stratified,120,source_heldout,0.15,80266,4032,4764,238
stratified,120,source_heldout,0.2,80266,4032,4764,238
stratified,120,source_heldout,0.25,80266,4032,4764,238
stratified,120,source_heldout,0.3,80266,4032,4764,238
stratified,120,source_heldout,0.35,80266,4032,4764,238
stratified,120,source_heldout,0.4,80266,4032,4764,238
stratified,120,source_heldout,0.45,80266,4032,4764,238
stratified,120,source_heldout,0.5,80266,4032,4764,238
stratified,120,source_heldout,0.55,80266,4032,4764,238
stratified,120,source_heldout,0.6,80266,4032,4764,238
stratified,120,source_heldout,0.65,80266,4032,4764,238
stratified,120,source_heldout,0.7,80266,4032,4764,238
stratified,120,source_heldout,0.75,80266,4032,4764,238
stratified,120,source_heldout,0.8,80266,4032,4764,238
stratified,120,source_heldout,0.85,80266,4032,4764,238
stratified,120,source_heldout,0.9,80266,4032,4764,238
stratified,120,source_heldout,0.95,80266,4032,4764,238
stratified,120,source_heldout,0.975,80266,4032,4764,238
stratified,120,source_heldout,0.99,80266,4032,4764,238
stratified,120,source_heldout,0.995,80266,4032,4764,238
stratified,120,source_heldout,0.999,80266,4032,4764,238
stratified,120,target,0.05,789,36461,50,2125
stratified,120,target,0.1,789,36461,50,2125
stratified,120,target,0.15,789,36461,50,2125
stratified,120,target,0.2,789,36461,50,2125
stratified,120,target,0.25,789,36461,50,2125
stratified,120,target,0.3,789,36461,50,2125
stratified,120,target,0.35,789,36461,50,2125
stratified,120,target,0.4,789,36461,50,2125
stratified,120,target,0.45,789,36461,50,2125
stratified,120,target,0.5,789,36461,50,2125
stratified,120,target,0.55,789,36461,50,2125
stratified,120,target,0.6,789,36461,50,2125
stratified,120,target,0.65,789,36461,50,2125
stratified,120,target,0.7,789,36461,50,2125
stratified,120,target,0.75,789,36461,50,2125
stratified,120,target,0.8,789,36461,50,2125
stratified,120,target,0.85,789,36461,50,2125
stratified,120,target,0.9,789,36461,50,2125
stratified,120,target,0.95,789,36461,50,2125
stratified,120,target,0.975,789,36461,50,2125
stratified,120,target,0.99,789,36461,50,2125
stratified,120,target,0.995,789,36461,50,2125
stratified,120,target,0.999,789,36461,50,2125
logreg,120,source_heldout,0.05,83938,1850,1092,2420
logreg,120,source_heldout,0.1,82145,1604,2885,2666
logreg,120,source_heldout,0.15,81563,1364,3467,2906
logreg,120,source_heldout,0.2,80916,961,4114,3309
logreg,120,source_heldout,0.25,80194,879,4836,3391
logreg,120,source_heldout,0.3,80032,809,4998,3461
logreg,120,source_heldout,0.35,79814,766,5216,3504
logreg,120,source_heldout,0.4,79347,677,5683,3593
logreg,120,source_heldout,0.45,78972,633,6058,3637
logreg,120,source_heldout,0.5,78477,616,6553,3654
logreg,120,source_heldout,0.55,78016,602,7014,3668
logreg,120,source_heldout,0.6,72315,587,12715,3683
logreg,120,source_heldout,0.65,57827,574,27203,3696
logreg,120,source_heldout,0.7,57657,544,27373,3726
logreg,120,source_heldout,0.75,57424,287,27606,3983
logreg,120,source_heldout,0.8,56345,163,28685,4107
logreg,120,source_heldout,0.85,52421,104,32609,4166
logreg,120,source_heldout,0.9,49159,53,35871,4217
logreg,120,source_heldout,0.95,12941,21,72089,4249
logreg,120,source_heldout,0.975,12003,10,73027,4260
logreg,120,source_heldout,0.99,5987,9,79043,4261
logreg,120,source_heldout,0.995,3093,8,81937,4262
logreg,120,source_heldout,0.999,2842,7,82188,4263
logreg,120,target,0.05,739,37885,100,701
logreg,120,target,0.1,739,37217,100,1369
logreg,120,target,0.15,738,34739,101,3847
logreg,120,target,0.2,738,30776,101,7810
logreg,120,target,0.25,738,30504,101,8082
logreg,120,target,0.3,738,30449,101,8137
logreg,120,target,0.35,582,6464,257,32122
logreg,120,target,0.4,580,6384,259,32202
logreg,120,target,0.45,580,6339,259,32247
logreg,120,target,0.5,580,6213,259,32373
logreg,120,target,0.55,580,5790,259,32796
logreg,120,target,0.6,580,5753,259,32833
logreg,120,target,0.65,580,5657,259,32929
logreg,120,target,0.7,580,1278,259,37308
logreg,120,target,0.75,580,937,259,37649
logreg,120,target,0.8,580,929,259,37657
logreg,120,target,0.85,580,756,259,37830
logreg,120,target,0.9,580,672,259,37914
logreg,120,target,0.95,580,621,259,37965
logreg,120,target,0.975,0,1,839,38585
logreg,120,target,0.99,0,0,839,38586
logreg,120,target,0.995,0,0,839,38586
logreg,120,target,0.999,0,0,839,38586
tree,120,source_heldout,0.05,84544,3061,486,1209
tree,120,source_heldout,0.1,82005,2767,3025,1503
tree,120,source_heldout,0.15,79329,2328,5701,1942
tree,120,source_heldout,0.2,79190,2289,5840,1981
tree,120,source_heldout,0.25,79097,2278,5933,1992
tree,120,source_heldout,0.3,79087,2276,5943,1994
tree,120,source_heldout,0.35,79087,2276,5943,1994
tree,120,source_heldout,0.4,79028,2269,6002,2001
tree,120,source_heldout,0.45,78952,2260,6078,2010
tree,120,source_heldout,0.5,78557,2201,6473,2069
tree,120,source_heldout,0.55,78557,2201,6473,2069
tree,120,source_heldout,0.6,78557,2201,6473,2069
tree,120,source_heldout,0.65,78106,2145,6924,2125
tree,120,source_heldout,0.7,78085,2145,6945,2125
tree,120,source_heldout,0.75,77884,2104,7146,2166
tree,120,source_heldout,0.8,77543,2096,7487,2174
tree,120,source_heldout,0.85,77543,2096,7487,2174
tree,120,source_heldout,0.9,77216,2092,7814,2178
tree,120,source_heldout,0.95,77216,2092,7814,2178
tree,120,source_heldout,0.975,73896,2077,11134,2193
tree,120,source_heldout,0.99,73896,2077,11134,2193
tree,120,source_heldout,0.995,73896,2077,11134,2193
tree,120,source_heldout,0.999,55847,2077,29183,2193
tree,120,target,0.05,838,34071,1,4515
tree,120,target,0.1,838,28742,1,9844
tree,120,target,0.15,838,25985,1,12601
tree,120,target,0.2,838,25985,1,12601
tree,120,target,0.25,838,25979,1,12607
tree,120,target,0.3,838,25979,1,12607
tree,120,target,0.35,838,25979,1,12607
tree,120,target,0.4,838,25971,1,12615
tree,120,target,0.45,838,25941,1,12645
tree,120,target,0.5,838,25941,1,12645
tree,120,target,0.55,838,25941,1,12645
tree,120,target,0.6,838,25941,1,12645
tree,120,target,0.65,838,25941,1,12645
tree,120,target,0.7,838,25941,1,12645
tree,120,target,0.75,838,25941,1,12645
tree,120,target,0.8,838,25933,1,12653
tree,120,target,0.85,838,25927,1,12659
tree,120,target,0.9,838,25927,1,12659
tree,120,target,0.95,838,25927,1,12659
tree,120,target,0.975,838,25791,1,12795
tree,120,target,0.99,838,25791,1,12795
tree,120,target,0.995,838,25791,1,12795
tree,120,target,0.999,838,25757,1,12829
rf,120,source_heldout,0.05,84741,3611,289,659
rf,120,source_heldout,0.1,84677,3402,353,868
rf,120,source_heldout,0.15,84408,3201,622,1069
rf,120,source_heldout,0.2,83424,3062,1606,1208
rf,120,source_heldout,0.25,83329,2938,1701,1332
rf,120,source_heldout,0.3,83065,2824,1965,1446
rf,120,source_heldout,0.35,82859,2744,2171,1526
rf,120,source_heldout,0.4,82733,859,2297,3411
rf,120,source_heldout,0.45,82517,772,2513,3498
rf,120,source_heldout,0.5,82170,718,2860,3552
rf,120,source_heldout,0.55,82003,649,3027,3621
rf,120,source_heldout,0.6,81820,583,3210,3687
rf,120,source_heldout,0.65,81514,513,3516,3757
rf,120,source_heldout,0.7,81063,436,3967,3834
rf,120,source_heldout,0.75,80446,336,4584,3934
rf,120,source_heldout,0.8,79376,276,5654,3994
rf,120,source_heldout,0.85,78187,227,6843,4043
rf,120,source_heldout,0.9,77557,186,7473,4084
rf,120,source_heldout,0.95,76305,104,8725,4166
rf,120,source_heldout,0.975,75122,53,9908,4217
rf,120,source_heldout,0.99,72444,19,12586,4251
rf,120,source_heldout,0.995,70702,14,14328,4256
rf,120,source_heldout,0.999,65294,8,19736,4262
rf,120,target,0.05,839,38586,0,0
rf,120,target,0.1,839,38491,0,95
rf,120,target,0.15,839,38463,0,123
rf,120,target,0.2,839,38420,0,166
rf,120,target,0.25,839,38362,0,224
rf,120,target,0.3,839,38282,0,304
rf,120,target,0.35,839,38203,0,383
rf,120,target,0.4,839,37432,0,1154
rf,120,target,0.45,838,36804,1,1782
rf,120,target,0.5,837,33780,2,4806
rf,120,target,0.55,837,32281,2,6305
rf,120,target,0.6,780,31117,59,7469
rf,120,target,0.65,738,30409,101,8177
rf,120,target,0.7,738,25590,101,12996
rf,120,target,0.75,738,25148,101,13438
rf,120,target,0.8,738,24882,101,13704
rf,120,target,0.85,738,24811,101,13775
rf,120,target,0.9,738,836,101,37750
rf,120,target,0.95,588,678,251,37908
rf,120,target,0.975,580,620,259,37966
rf,120,target,0.99,580,620,259,37966
rf,120,target,0.995,580,620,259,37966
rf,120,target,0.999,580,620,259,37966
xgboost,120,source_heldout,0.05,84852,3167,178,1103
xgboost,120,source_heldout,0.1,83865,890,1165,3380
xgboost,120,source_heldout,0.15,82078,650,2952,3620
xgboost,120,source_heldout,0.2,81727,554,3303,3716
xgboost,120,source_heldout,0.25,81395,504,3635,3766
xgboost,120,source_heldout,0.3,80871,427,4159,3843
xgboost,120,source_heldout,0.35,80212,398,4818,3872
xgboost,120,source_heldout,0.4,79405,363,5625,3907
xgboost,120,source_heldout,0.45,78821,315,6209,3955
xgboost,120,source_heldout,0.5,78515,276,6515,3994
xgboost,120,source_heldout,0.55,78139,239,6891,4031
xgboost,120,source_heldout,0.6,77915,211,7115,4059
xgboost,120,source_heldout,0.65,77535,174,7495,4096
xgboost,120,source_heldout,0.7,77139,146,7891,4124
xgboost,120,source_heldout,0.75,76762,115,8268,4155
xgboost,120,source_heldout,0.8,75281,100,9749,4170
xgboost,120,source_heldout,0.85,74949,76,10081,4194
xgboost,120,source_heldout,0.9,74343,66,10687,4204
xgboost,120,source_heldout,0.95,73363,61,11667,4209
xgboost,120,source_heldout,0.975,72571,59,12459,4211
xgboost,120,source_heldout,0.99,71321,54,13709,4216
xgboost,120,source_heldout,0.995,69160,53,15870,4217
xgboost,120,source_heldout,0.999,49355,53,35675,4217
xgboost,120,target,0.05,839,35255,0,3331
xgboost,120,target,0.1,839,32589,0,5997
xgboost,120,target,0.15,839,31573,0,7013
xgboost,120,target,0.2,837,31057,2,7529
xgboost,120,target,0.25,837,30572,2,8014
xgboost,120,target,0.3,836,30190,3,8396
xgboost,120,target,0.35,836,29900,3,8686
xgboost,120,target,0.4,835,29812,4,8774
xgboost,120,target,0.45,831,29762,8,8824
xgboost,120,target,0.5,826,29611,13,8975
xgboost,120,target,0.55,821,29568,18,9018
xgboost,120,target,0.6,762,29525,77,9061
xgboost,120,target,0.65,739,25149,100,13437
xgboost,120,target,0.7,738,25110,101,13476
xgboost,120,target,0.75,738,25046,101,13540
xgboost,120,target,0.8,738,24903,101,13683
xgboost,120,target,0.85,737,24818,102,13768
xgboost,120,target,0.9,737,24729,102,13857
xgboost,120,target,0.95,582,24638,257,13948
xgboost,120,target,0.975,582,24607,257,13979
xgboost,120,target,0.99,582,22104,257,16482
xgboost,120,target,0.995,582,22104,257,16482
xgboost,120,target,0.999,582,641,257,37945
hgb,120,source_heldout,0.05,84804,1402,226,2868
hgb,120,source_heldout,0.1,83946,972,1084,3298
hgb,120,source_heldout,0.15,83330,760,1700,3510
hgb,120,source_heldout,0.2,82418,616,2612,3654
hgb,120,source_heldout,0.25,81073,525,3957,3745
hgb,120,source_heldout,0.3,80535,453,4495,3817
hgb,120,source_heldout,0.35,80167,419,4863,3851
hgb,120,source_heldout,0.4,79895,393,5135,3877
hgb,120,source_heldout,0.45,79599,366,5431,3904
hgb,120,source_heldout,0.5,78644,323,6386,3947
hgb,120,source_heldout,0.55,78364,267,6666,4003
hgb,120,source_heldout,0.6,78091,240,6939,4030
hgb,120,source_heldout,0.65,77785,200,7245,4070
hgb,120,source_heldout,0.7,77283,155,7747,4115
hgb,120,source_heldout,0.75,75680,122,9350,4148
hgb,120,source_heldout,0.8,75318,103,9712,4167
hgb,120,source_heldout,0.85,74977,91,10053,4179
hgb,120,source_heldout,0.9,74739,78,10291,4192
hgb,120,source_heldout,0.95,73836,63,11194,4207
hgb,120,source_heldout,0.975,72735,62,12295,4208
hgb,120,source_heldout,0.99,70528,57,14502,4213
hgb,120,source_heldout,0.995,70118,57,14912,4213
hgb,120,source_heldout,0.999,60968,54,24062,4216
hgb,120,target,0.05,839,37764,0,822
hgb,120,target,0.1,838,35583,1,3003
hgb,120,target,0.15,838,32796,1,5790
hgb,120,target,0.2,837,32490,2,6096
hgb,120,target,0.25,837,32134,2,6452
hgb,120,target,0.3,837,31807,2,6779
hgb,120,target,0.35,837,31504,2,7082
hgb,120,target,0.4,837,31222,2,7364
hgb,120,target,0.45,836,30744,3,7842
hgb,120,target,0.5,836,30468,3,8118
hgb,120,target,0.55,835,29977,4,8609
hgb,120,target,0.6,835,29886,4,8700
hgb,120,target,0.65,835,29847,4,8739
hgb,120,target,0.7,825,29721,14,8865
hgb,120,target,0.75,825,29673,14,8913
hgb,120,target,0.8,824,29554,15,9032
hgb,120,target,0.85,793,29495,46,9091
hgb,120,target,0.9,775,25024,64,13562
hgb,120,target,0.95,738,24785,101,13801
hgb,120,target,0.975,738,24750,101,13836
hgb,120,target,0.99,738,22175,101,16411
hgb,120,target,0.995,738,22167,101,16419
hgb,120,target,0.999,619,668,220,37918
mlp,120,source_heldout,0.05,84800,1550,230,2720
mlp,120,source_heldout,0.1,83640,955,1390,3315
mlp,120,source_heldout,0.15,82858,798,2172,3472
mlp,120,source_heldout,0.2,81018,631,4012,3639
mlp,120,source_heldout,0.25,79755,556,5275,3714
mlp,120,source_heldout,0.3,79485,469,5545,3801
mlp,120,source_heldout,0.35,79267,433,5763,3837
mlp,120,source_heldout,0.4,79071,396,5959,3874
mlp,120,source_heldout,0.45,78872,385,6158,3885
mlp,120,source_heldout,0.5,78550,365,6480,3905
mlp,120,source_heldout,0.55,78271,331,6759,3939
mlp,120,source_heldout,0.6,77927,294,7103,3976
mlp,120,source_heldout,0.65,77439,235,7591,4035
mlp,120,source_heldout,0.7,76994,165,8036,4105
mlp,120,source_heldout,0.75,76590,156,8440,4114
mlp,120,source_heldout,0.8,76050,142,8980,4128
mlp,120,source_heldout,0.85,75646,131,9384,4139
mlp,120,source_heldout,0.9,74592,111,10438,4159
mlp,120,source_heldout,0.95,70211,96,14819,4174
mlp,120,source_heldout,0.975,68557,92,16473,4178
mlp,120,source_heldout,0.99,65293,77,19737,4193
mlp,120,source_heldout,0.995,60832,72,24198,4198
mlp,120,source_heldout,0.999,43046,64,41984,4206
mlp,120,target,0.05,838,37770,1,816
mlp,120,target,0.1,837,31798,2,6788
mlp,120,target,0.15,837,31060,2,7526
mlp,120,target,0.2,837,30243,2,8343
mlp,120,target,0.25,837,30126,2,8460
mlp,120,target,0.3,837,29688,2,8898
mlp,120,target,0.35,837,29599,2,8987
mlp,120,target,0.4,681,29568,158,9018
mlp,120,target,0.45,681,29532,158,9054
mlp,120,target,0.5,681,29523,158,9063
mlp,120,target,0.55,681,29511,158,9075
mlp,120,target,0.6,681,25131,158,13455
mlp,120,target,0.65,681,25122,158,13464
mlp,120,target,0.7,681,25093,158,13493
mlp,120,target,0.75,681,25017,158,13569
mlp,120,target,0.8,681,25005,158,13581
mlp,120,target,0.85,681,24983,158,13603
mlp,120,target,0.9,681,24968,158,13618
mlp,120,target,0.95,680,24929,159,13657
mlp,120,target,0.975,680,913,159,37673
mlp,120,target,0.99,678,755,161,37831
mlp,120,target,0.995,623,689,216,37897
mlp,120,target,0.999,580,622,259,37964
