protocol,model,split_seed,model_seed,n_train,n_test,train_prevalence,test_prevalence,n_unseen_test_categories,threshold,tp,fp,tn,fn,accuracy,balanced_accuracy,precision,recall,f1,f1_macro,mcc,fpr,fnr,tnr,roc_auc,pr_auc,pr_auc_benign,brier
random,majority,101,11,2246,562,0.7626892252894034,0.7722419928825622,0,0.5,434,128,0,0,0.7722419928825622,0.5,0.7722419928825622,1.0,0.8714859437751004,0.4357429718875502,0.0,1.0,0.0,0.0,0.5,0.7722419928825622,0.2277580071174377,0.2277580071174377
random,majority,101,22,2246,562,0.7626892252894034,0.7722419928825622,0,0.5,434,128,0,0,0.7722419928825622,0.5,0.7722419928825622,1.0,0.8714859437751004,0.4357429718875502,0.0,1.0,0.0,0.0,0.5,0.7722419928825622,0.2277580071174377,0.2277580071174377
random,stratified,101,11,2246,562,0.7626892252894034,0.7722419928825622,0,0.5,332,99,29,102,0.6423487544483986,0.4957697292626728,0.7703016241299304,0.7649769585253456,0.7676300578034682,0.49578414087084605,-0.008392159423749029,0.7734375,0.2350230414746544,0.2265625,0.4957697292626728,0.7707576554957564,0.2263116408818016,0.35765124555160144
random,stratified,101,22,2246,562,0.7626892252894034,0.7722419928825622,0,0.5,337,99,29,97,0.6512455516014235,0.5015300979262673,0.7729357798165137,0.7764976958525346,0.774712643678161,0.5015295501855371,0.003077305085926365,0.7734375,0.22350230414746544,0.2265625,0.5015300979262673,0.7727807168381882,0.22830192093148052,0.3487544483985765
random,logreg,101,11,2246,562,0.7626892252894034,0.7722419928825622,0,0.5,377,18,110,57,0.8665480427046264,0.864019297235023,0.9544303797468354,0.868663594470046,0.9095295536791315,0.8276461327717691,0.6681092255847098,0.140625,0.1313364055299539,0.859375,0.938040034562212,0.9775845471954929,0.8794769843706026,0.09592055971910135
random,logreg,101,22,2246,562,0.7626892252894034,0.7722419928825622,0,0.5,377,18,110,57,0.8665480427046264,0.864019297235023,0.9544303797468354,0.868663594470046,0.9095295536791315,0.8276461327717691,0.6681092255847098,0.140625,0.1313364055299539,0.859375,0.938040034562212,0.9775845471954929,0.8794769843706026,0.09592055971910135
random,tree,101,11,2246,562,0.7626892252894034,0.7722419928825622,0,0.5,430,9,119,4,0.9768683274021353,0.9602354550691244,0.979498861047836,0.9907834101382489,0.9851088201603666,0.9666579957375538,0.9336306522229497,0.0703125,0.009216589861751152,0.9296875,0.9596324164746544,0.9771876782652378,0.9265831524321126,0.022814354350572774
random,tree,101,22,2246,562,0.7626892252894034,0.7722419928825622,0,0.5,430,9,119,4,0.9768683274021353,0.9602354550691244,0.979498861047836,0.9907834101382489,0.9851088201603666,0.9666579957375538,0.9336306522229497,0.0703125,0.009216589861751152,0.9296875,0.9596324164746544,0.9771876782652378,0.9265831524321126,0.022814354350572774
random,rf,101,11,2246,562,0.7626892252894034,0.7722419928825622,0,0.5,433,12,116,1,0.9768683274021353,0.9519729262672811,0.9730337078651685,0.9976958525345622,0.9852104664391353,0.9660746209746698,0.9337257368592772,0.09375,0.002304147465437788,0.90625,0.9981278801843319,0.9994482682405006,0.9941290161009783,0.020143432578383327
random,rf,101,22,2246,562,0.7626892252894034,0.7722419928825622,0,0.5,433,10,118,1,0.9804270462633452,0.9597854262672811,0.9774266365688488,0.9976958525345622,0.9874572405929305,0.9714614138187325,0.9439732831621102,0.078125,0.002304147465437788,0.921875,0.9977678571428572,0.999333686393016,0.9933637418845506,0.01966556859654017
random,xgboost,101,11,2246,562,0.7626892252894034,0.7722419928825622,0,0.5,431,7,121,3,0.9822064056939501,0.9692000288018433,0.9840182648401826,0.9930875576036866,0.9885321100917431,0.9744247852046017,0.9490519317766642,0.0546875,0.0069124423963133645,0.9453125,0.998523905529954,0.9995566926676541,0.9956702899657982,0.01174890249967575
random,xgboost,101,22,2246,562,0.7626892252894034,0.7722419928825622,0,0.5,432,9,119,2,0.9804270462633452,0.9625396025345623,0.9795918367346939,0.9953917050691244,0.9874285714285714,0.9716259323006311,0.9438800094533684,0.0703125,0.004608294930875576,0.9296875,0.9983618951612903,0.9995119832312204,0.9950473333666967,0.012774182483553886
random,hgb,101,11,2246,562,0.7626892252894034,0.7722419928825622,0,0.5,433,7,121,1,0.9857651245551602,0.9715041762672811,0.9840909090909091,0.9976958525345622,0.9908466819221968,0.9794233409610984,0.9593103618047386,0.0546875,0.002304147465437788,0.9453125,0.9994239631336406,0.9998296529666271,0.9981688410370858,0.010396602501852549
random,hgb,101,22,2246,562,0.7626892252894034,0.7722419928825622,0,0.5,433,7,121,1,0.9857651245551602,0.9715041762672811,0.9840909090909091,0.9976958525345622,0.9908466819221968,0.9794233409610984,0.9593103618047386,0.0546875,0.002304147465437788,0.9453125,0.9994239631336406,0.9998296529666271,0.9981688410370858,0.010396602501852549
random,mlp,101,11,2246,562,0.7626892252894034,0.7722419928825622,0,0.5,412,4,124,22,0.9537366548042705,0.9590293778801844,0.9903846153846154,0.9493087557603687,0.9694117647058823,0.9372606268784887,0.8780054937147016,0.03125,0.05069124423963134,0.96875,0.9951216877880183,0.9985393708920252,0.9860120102224483,0.03167159855365753
random,mlp,101,22,2246,562,0.7626892252894034,0.7722419928825622,0,0.5,414,5,123,20,0.9555160142348754,0.9574272753456221,0.9880668257756563,0.9539170506912442,0.9706916764361079,0.9392203769634414,0.8809005315792182,0.0390625,0.04608294930875576,0.9609375,0.9958597350230415,0.9987391790842268,0.988671995880345,0.03311050683259964
random,majority,102,11,2246,562,0.7586821015138023,0.7882562277580071,0,0.5,443,119,0,0,0.7882562277580071,0.5,0.7882562277580071,1.0,0.881592039800995,0.4407960199004975,0.0,1.0,0.0,0.0,0.5,0.7882562277580071,0.2117437722419929,0.2117437722419929
random,majority,102,22,2246,562,0.7586821015138023,0.7882562277580071,0,0.5,443,119,0,0,0.7882562277580071,0.5,0.7882562277580071,1.0,0.881592039800995,0.4407960199004975,0.0,1.0,0.0,0.0,0.5,0.7882562277580071,0.2117437722419929,0.2117437722419929
random,stratified,102,11,2246,562,0.7586821015138023,0.7882562277580071,0,0.5,338,88,31,105,0.6565836298932385,0.5117419428267921,0.7934272300469484,0.7629796839729119,0.7779056386651323,0.5105214467835465,0.022401187809067927,0.7394957983193278,0.23702031602708803,0.2605042016806723,0.5117419428267921,0.7922015974502468,0.21596326409986227,0.34341637010676157
random,stratified,102,22,2246,562,0.7586821015138023,0.7882562277580071,0,0.5,341,95,24,102,0.6494661921708185,0.48571618263558247,0.7821100917431193,0.7697516930022573,0.7758816837315131,0.48590002553922595,-0.027984729337946636,0.7983193277310925,0.23024830699774265,0.20168067226890757,0.4857161826355824,0.783525229155125,0.2074545120539319,0.3505338078291815
random,logreg,102,11,2246,562,0.7586821015138023,0.7882562277580071,0,0.5,383,15,104,60,0.8665480427046264,0.8692546996225127,0.9623115577889447,0.8645598194130926,0.9108204518430439,0.8229013919992605,0.6636940295435916,0.12605042016806722,0.13544018058690746,0.8739495798319328,0.9436993759128933,0.9825793068770518,0.8757810208077272,0.09453564324617184
random,logreg,102,22,2246,562,0.7586821015138023,0.7882562277580071,0,0.5,383,15,104,60,0.8665480427046264,0.8692546996225127,0.9623115577889447,0.8645598194130926,0.9108204518430439,0.8229013919992605,0.6636940295435916,0.12605042016806722,0.13544018058690746,0.8739495798319328,0.9436993759128933,0.9825793068770518,0.8757810208077272,0.09453564324617184
random,tree,102,11,2246,562,0.7586821015138023,0.7882562277580071,0,0.5,423,9,110,20,0.9483985765124555,0.9396115105184286,0.9791666666666666,0.9548532731376975,0.9668571428571429,0.9251956397016639,0.8518455227362175,0.07563025210084033,0.045146726862302484,0.9243697478991597,0.9344898230172431,0.9677942810172551,0.7981732523285799,0.051720484909832026
random,tree,102,22,2246,562,0.7586821015138023,0.7882562277580071,0,0.5,424,9,110,19,0.9501779359430605,0.9407401786899862,0.9792147806004619,0.9571106094808126,0.9680365296803652,0.9275666519369568,0.8563458147974957,0.07563025210084033,0.04288939051918736,0.9243697478991597,0.9356184911888006,0.9682774567502789,0.804236500525891,0.04994112547922705
random,rf,102,11,2246,562,0.7586821015138023,0.7882562277580071,0,0.5,442,9,110,1,0.9822064056939501,0.9610562057780223,0.9800443458980045,0.9977426636568849,0.9888143176733781,0.9726680284019065,0.9462577535771359,0.07563025210084033,0.002257336343115124,0.9243697478991597,0.9972115256937989,0.9992257727170915,0.9917971090561792,0.01860457410535776
random,rf,102,22,2246,562,0.7586821015138023,0.7882562277580071,0,0.5,442,10,109,1,0.9804270462633452,0.9568545251057534,0.9778761061946902,0.9977426636568849,0.9877094972067039,0.9698372813544436,0.9408441966152861,0.08403361344537816,0.002257336343115124,0.9159663865546218,0.9973253409716032,0.9992545001654658,0.9922662621214732,0.018489402448979165
random,xgboost,102,11,2246,562,0.7586821015138023,0.7882562277580071,0,0.5,441,8,111,2,0.9822064056939501,0.9641292182787335,0.9821826280623608,0.9954853273137697,0.9887892376681614,0.9728428946961496,0.946197631512385,0.06722689075630252,0.004514672686230248,0.9327731092436975,0.996889049073354,0.9991368847321105,0.990919748130062,0.013337540440261364
random,xgboost,102,22,2246,562,0.7586821015138023,0.7882562277580071,0,0.5,441,9,110,2,0.9804270462633452,0.9599275376064647,0.98,0.9954853273137697,0.9876819708846585,0.9700314616328054,0.9407613885692406,0.07563025210084033,0.004514672686230248,0.9243697478991597,0.9971166796289622,0.9991969047158582,0.9916925372339047,0.013143882155418396
random,hgb,102,11,2246,562,0.7586821015138023,0.7882562277580071,0,0.5,443,8,111,0,0.9857651245551602,0.9663865546218487,0.9822616407982262,1.0,0.9910514541387024,0.9781344227215252,0.9571975996512828,0.06722689075630252,0.0,0.9327731092436975,0.9985204013885463,0.9995990511975757,0.9951102781821117,0.01113961838375938
random,hgb,102,22,2246,562,0.7586821015138023,0.7882562277580071,0,0.5,443,8,111,0,0.9857651245551602,0.9663865546218487,0.9822616407982262,1.0,0.9910514541387024,0.9781344227215252,0.9571975996512828,0.06722689075630252,0.0,0.9327731092436975,0.9985204013885463,0.9995990511975757,0.9951102781821117,0.01113961838375938
random,mlp,102,11,2246,562,0.7586821015138023,0.7882562277580071,0,0.5,431,6,113,12,0.9679715302491103,0.9612458979076958,0.9862700228832952,0.9729119638826185,0.9795454545454545,0.9528874813710879,0.9062377128382049,0.05042016806722689,0.02708803611738149,0.9495798319327731,0.9930762372669157,0.9980099375764724,0.9820871127290944,0.028359541669487953
random,mlp,102,22,2246,562,0.7586821015138023,0.7882562277580071,0,0.5,430,7,112,13,0.9644128113879004,0.9559155490638693,0.9839816933638444,0.9706546275395034,0.9772727272727273,0.9476527570789866,0.8957648540729097,0.058823529411764705,0.029345372460496615,0.9411764705882353,0.9934556215262629,0.9981570510838385,0.9817990910367161,0.027167370542883873
random,majority,103,11,2246,562,0.7711487088156723,0.7384341637010676,0,0.5,415,147,0,0,0.7384341637010676,0.5,0.7384341637010676,1.0,0.849539406345957,0.4247697031729785,0.0,1.0,0.0,0.0,0.5,0.7384341637010676,0.2615658362989324,0.2615658362989324
random,majority,103,22,2246,562,0.7711487088156723,0.7384341637010676,0,0.5,415,147,0,0,0.7384341637010676,0.5,0.7384341637010676,1.0,0.849539406345957,0.4247697031729785,0.0,1.0,0.0,0.0,0.5,0.7384341637010676,0.2615658362989324,0.2615658362989324
random,stratified,103,11,2246,562,0.7711487088156723,0.7384341637010676,0,0.5,323,117,30,92,0.6281138790035588,0.49119744283255473,0.7340909090909091,0.7783132530120482,0.7555555555555555,0.48930194134655103,-0.01876788406689985,0.7959183673469388,0.2216867469879518,0.20408163265306123,0.49119744283255473,0.7350537510767756,0.2583690614102242,0.3718861209964413
random,stratified,103,22,2246,562,0.7711487088156723,0.7384341637010676,0,0.5,325,114,33,90,0.6370106761565836,0.5038111630194246,0.7403189066059226,0.7831325301204819,0.7611241217798594,0.502784283112152,0.008101872816292295,0.7755102040816326,0.21686746987951808,0.22448979591836735,0.5038111630194246,0.7399101671807733,0.2630759447256031,0.36298932384341637
random,logreg,103,11,2246,562,0.7711487088156723,0.7384341637010676,0,0.5,373,26,121,42,0.8790035587188612,0.8609622162117859,0.9348370927318296,0.8987951807228916,0.9164619164619164,0.8485535388761195,0.6991883860327189,0.17687074829931973,0.10120481927710843,0.8231292517006803,0.9311367920662241,0.97052713438683,0.8894955687590481,0.08816134986235195
random,logreg,103,22,2246,562,0.7711487088156723,0.7384341637010676,0,0.5,373,26,121,42,0.8790035587188612,0.8609622162117859,0.9348370927318296,0.8987951807228916,0.9164619164619164,0.8485535388761195,0.6991883860327189,0.17687074829931973,0.10120481927710843,0.8231292517006803,0.9311367920662241,0.97052713438683,0.8894955687590481,0.08816134986235195
random,tree,103,11,2246,562,0.7711487088156723,0.7384341637010676,0,0.5,411,14,133,4,0.9679715302491103,0.9475616752725187,0.9670588235294117,0.9903614457831326,0.9785714285714285,0.9575955734406438,0.916243387945969,0.09523809523809523,0.00963855421686747,0.9047619047619048,0.9492500614703712,0.9658097847494126,0.9134763934917363,0.03204182725687513
random,tree,103,22,2246,562,0.7711487088156723,0.7384341637010676,0,0.5,411,13,134,4,0.9697508896797153,0.9509630358167364,0.9693396226415094,0.9903614457831326,0.9797377830750894,0.960044330134036,0.9209396794810729,0.08843537414965986,0.00963855421686747,0.9115646258503401,0.9526678141135971,0.9680788577357475,0.9185185752800591,0.030262467826270147
random,rf,103,11,2246,562,0.7711487088156723,0.7384341637010676,0,0.5,415,15,132,0,0.9733096085409253,0.9489795918367347,0.9651162790697675,1.0,0.9822485207100592,0.9642425399249221,0.930932342387708,0.10204081632653061,0.0,0.8979591836734694,0.9932956315056143,0.997426491752474,0.9867501714769998,0.02332951760086426
random,rf,103,22,2246,562,0.7711487088156723,0.7384341637010676,0,0.5,415,15,132,0,0.9733096085409253,0.9489795918367347,0.9651162790697675,1.0,0.9822485207100592,0.9642425399249221,0.930932342387708,0.10204081632653061,0.0,0.8979591836734694,0.9943447258421441,0.9978701789171387,0.9881644786696466,0.023206532518483588
random,xgboost,103,11,2246,562,0.7711487088156723,0.7384341637010676,0,0.5,413,10,137,2,0.9786476868327402,0.9635767560036063,0.9763593380614657,0.9951807228915662,0.9856801909307876,0.9718610744863728,0.9444017423546311,0.06802721088435375,0.004819277108433735,0.9319727891156463,0.9973608720596672,0.9990271191380389,0.9940061083870156,0.01558530330657959
random,xgboost,103,22,2246,562,0.7711487088156723,0.7384341637010676,0,0.5,414,10,137,1,0.9804270462633452,0.9647815752807147,0.9764150943396226,0.9975903614457832,0.9868891537544696,0.9741463312631997,0.9491593788668656,0.06802721088435375,0.0024096385542168677,0.9319727891156463,0.9955905253667732,0.9982126464189387,0.9922070076847533,0.014460358768701553
random,hgb,103,11,2246,562,0.7711487088156723,0.7384341637010676,0,0.5,415,9,138,0,0.9839857651245552,0.9693877551020409,0.9787735849056604,1.0,0.9892729439809297,0.9788469983062543,0.9585659453287966,0.061224489795918366,0.0,0.9387755102040817,0.9948528809114006,0.9974915449786408,0.9928499141465447,0.014938965775467874
random,hgb,103,22,2246,562,0.7711487088156723,0.7384341637010676,0,0.5,415,9,138,0,0.9839857651245552,0.9693877551020409,0.9787735849056604,1.0,0.9892729439809297,0.9788469983062543,0.9585659453287966,0.061224489795918366,0.0,0.9387755102040817,0.9948528809114006,0.9974915449786408,0.9928499141465447,0.014938965775467874
random,mlp,103,11,2246,562,0.7711487088156723,0.7384341637010676,0,0.5,405,10,137,10,0.9644128113879004,0.9539382017867388,0.9759036144578314,0.9759036144578314,0.9759036144578314,0.9539382017867388,0.9078764035734775,0.06802721088435375,0.024096385542168676,0.9319727891156463,0.9877059257437915,0.9947693138805197,0.9799852897010205,0.025720413774251938
random,mlp,103,22,2246,562,0.7711487088156723,0.7384341637010676,0,0.5,401,10,137,14,0.9572953736654805,0.949118924678305,0.975669099756691,0.9662650602409638,0.9709443099273608,0.9452036985878415,0.8905630710091375,0.06802721088435375,0.033734939759036145,0.9319727891156463,0.9874108679616426,0.9950026739450551,0.9767313006211417,0.032516662031412125
random,majority,104,11,2246,562,0.7617987533392698,0.7758007117437722,0,0.5,436,126,0,0,0.7758007117437722,0.5,0.7758007117437722,1.0,0.87374749498998,0.43687374749499,0.0,1.0,0.0,0.0,0.5,0.7758007117437722,0.22419928825622776,0.22419928825622776
random,majority,104,22,2246,562,0.7617987533392698,0.7758007117437722,0,0.5,436,126,0,0,0.7758007117437722,0.5,0.7758007117437722,1.0,0.87374749498998,0.43687374749499,0.0,1.0,0.0,0.0,0.5,0.7758007117437722,0.22419928825622776,0.22419928825622776
random,stratified,104,11,2246,562,0.7617987533392698,0.7758007117437722,0,0.5,333,96,30,103,0.6459074733096085,0.5009283529925732,0.7762237762237763,0.7637614678899083,0.7699421965317919,0.5008012140960117,0.001821869175446781,0.7619047619047619,0.23623853211009174,0.23809523809523808,0.5009283529925732,0.7761238320920321,0.22452419814151542,0.3540925266903915
random,stratified,104,22,2246,562,0.7617987533392698,0.7758007117437722,0,0.5,339,97,29,97,0.6548042704626335,0.5038408329692733,0.7775229357798165,0.7775229357798165,0.7775229357798165,0.5038408329692733,0.0076816659385466725,0.7698412698412699,0.22247706422018348,0.23015873015873015,0.5038408329692733,0.7771397804323479,0.22557090583696243,0.34519572953736655
random,logreg,104,11,2246,562,0.7617987533392698,0.7758007117437722,0,0.5,383,17,109,53,0.8754448398576512,0.8717598660259211,0.9575,0.8784403669724771,0.916267942583732,0.8366061935140883,0.6845946689328803,0.1349206349206349,0.12155963302752294,0.8650793650793651,0.9423510994611912,0.979793854071298,0.8923038476786929,0.08752933057140641
random,logreg,104,22,2246,562,0.7617987533392698,0.7758007117437722,0,0.5,383,17,109,53,0.8754448398576512,0.8717598660259211,0.9575,0.8784403669724771,0.916267942583732,0.8366061935140883,0.6845946689328803,0.1349206349206349,0.12155963302752294,0.8650793650793651,0.9423510994611912,0.979793854071298,0.8923038476786929,0.08752933057140641
random,tree,104,11,2246,562,0.7617987533392698,0.7758007117437722,0,0.5,430,9,117,6,0.9733096085409253,0.9574049803407602,0.979498861047836,0.9862385321100917,0.9828571428571429,0.9613080895008606,0.9227298837861266,0.07142857142857142,0.013761467889908258,0.9285714285714286,0.9601627348186982,0.9778764916414148,0.9235949365328016,0.02667294244945778
random,tree,104,22,2246,562,0.7617987533392698,0.7758007117437722,0,0.5,431,7,119,5,0.9786476868327402,0.9664882772680938,0.9840182648401826,0.9885321100917431,0.9862700228832952,0.9691350114416476,0.9383208129264431,0.05555555555555555,0.011467889908256881,0.9444444444444444,0.9695645842434832,0.982921156042362,0.9442387310923809,0.021335150560784825
random,rf,104,11,2246,562,0.7617987533392698,0.7758007117437722,0,0.5,436,10,116,0,0.9822064056939501,0.9603174603174602,0.9775784753363229,1.0,0.9886621315192744,0.9736699087348438,0.9486795465570353,0.07936507936507936,0.0,0.9206349206349206,0.9969783020241736,0.9990749959639351,0.9923107598482968,0.019599820510434116
random,rf,104,22,2246,562,0.7617987533392698,0.7758007117437722,0,0.5,436,8,118,0,0.9857651245551602,0.9682539682539683,0.9819819819819819,1.0,0.990909090909091,0.9790611028315946,0.958975453092476,0.06349206349206349,0.0,0.9365079365079365,0.997779234017766,0.9993399903349358,0.9937322132939238,0.018840744513789535
random,xgboost,104,11,2246,562,0.7617987533392698,0.7758007117437722,0,0.5,435,4,122,1,0.9911032028469751,0.9829801951361584,0.9908883826879271,0.9977064220183486,0.9942857142857143,0.9871026965002869,0.9743231457536333,0.031746031746031744,0.0022935779816513763,0.9682539682539683,0.9986893840104849,0.9996099843017987,0.9962868603100452,0.007800169289112091
random,xgboost,104,22,2246,562,0.7617987533392698,0.7758007117437722,0,0.5,436,4,122,0,0.9928825622775801,0.9841269841269842,0.990909090909091,1.0,0.9954337899543378,0.9896523788481366,0.979516033279527,0.031746031746031744,0.0,0.9682539682539683,0.9991262560069899,0.99974158319146,0.9974526119042247,0.00611057598143816
random,hgb,104,11,2246,562,0.7617987533392698,0.7758007117437722,0,0.5,436,6,120,0,0.9893238434163701,0.9761904761904762,0.9864253393665159,1.0,0.9931662870159453,0.9843880215567531,0.9692536841088543,0.047619047619047616,0.0,0.9523809523809523,0.9991808650065531,0.9997594091904785,0.997518356339815,0.008808282934880422
random,hgb,104,22,2246,562,0.7617987533392698,0.7758007117437722,0,0.5,436,6,120,0,0.9893238434163701,0.9761904761904762,0.9864253393665159,1.0,0.9931662870159453,0.9843880215567531,0.9692536841088543,0.047619047619047616,0.0,0.9523809523809523,0.9991808650065531,0.9997594091904785,0.997518356339815,0.008808282934880422
random,mlp,104,11,2246,562,0.7617987533392698,0.7758007117437722,0,0.5,427,7,119,9,0.9715302491103203,0.961901121304791,0.9838709677419355,0.9793577981651376,0.9816091954022989,0.9593085347090234,0.9186660771221355,0.05555555555555555,0.020642201834862386,0.9444444444444444,0.9927370030581041,0.9976500806733852,0.9837642341768027,0.021816592663526535
random,mlp,104,22,2246,562,0.7617987533392698,0.7758007117437722,0,0.5,428,8,118,8,0.9715302491103203,0.9590796563273627,0.981651376146789,0.981651376146789,0.981651376146789,0.9590796563273627,0.9181593126547255,0.06349206349206349,0.01834862385321101,0.9365079365079365,0.9894604630843162,0.9965869489761499,0.9770407825284737,0.026803866028785706
random,majority,105,11,2246,562,0.7662511130899377,0.7580071174377224,0,0.5,426,136,0,0,0.7580071174377224,0.5,0.7580071174377224,1.0,0.8623481781376519,0.4311740890688259,0.0,1.0,0.0,0.0,0.5,0.7580071174377224,0.24199288256227758,0.24199288256227758
random,majority,105,22,2246,562,0.7662511130899377,0.7580071174377224,0,0.5,426,136,0,0,0.7580071174377224,0.5,0.7580071174377224,1.0,0.8623481781376519,0.4311740890688259,0.0,1.0,0.0,0.0,0.5,0.7580071174377224,0.24199288256227758,0.24199288256227758
random,stratified,105,11,2246,562,0.7662511130899377,0.7580071174377224,0,0.5,327,107,29,99,0.6334519572953736,0.490420463960232,0.7534562211981567,0.7676056338028169,0.7604651162790698,0.49008104298801974,-0.01956585701690119,0.7867647058823529,0.2323943661971831,0.21323529411764705,0.490420463960232,0.7545138238453798,0.2387025803982625,0.3665480427046263
random,stratified,105,22,2246,562,0.7662511130899377,0.7580071174377224,0,0.5,334,104,32,92,0.6512455516014235,0.5096658381662524,0.7625570776255708,0.784037558685446,0.7731481481481481,0.5096509971509972,0.019966220872373142,0.7647058823529411,0.215962441314554,0.23529411764705882,0.5096658381662524,0.7615744571155191,0.24577444340151394,0.3487544483985765
random,logreg,105,11,2246,562,0.7662511130899377,0.7580071174377224,0,0.5,373,18,118,53,0.8736654804270463,0.8716169566418117,0.9539641943734015,0.8755868544600939,0.9130966952264382,0.8409131684601246,0.6918522184471306,0.1323529411764706,0.12441314553990611,0.8676470588235294,0.9407794808064069,0.9754598782634022,0.8953698070859164,0.09076539571805532
random,logreg,105,22,2246,562,0.7662511130899377,0.7580071174377224,0,0.5,373,18,118,53,0.8736654804270463,0.8716169566418117,0.9539641943734015,0.8755868544600939,0.9130966952264382,0.8409131684601246,0.6918522184471306,0.1323529411764706,0.12441314553990611,0.8676470588235294,0.9407794808064069,0.9754598782634022,0.8953698070859164,0.09076539571805532
random,tree,105,11,2246,562,0.7662511130899377,0.7580071174377224,0,0.5,418,8,128,8,0.9715302491103203,0.9611985639326153,0.9812206572769953,0.9812206572769953,0.9812206572769953,0.9611985639326153,0.9223971278652306,0.058823529411764705,0.018779342723004695,0.9411764705882353,0.9666355979011323,0.9802203260562719,0.9231052276965266,0.028455471391009044
random,tree,105,22,2246,562,0.7662511130899377,0.7580071174377224,0,0.5,419,8,128,7,0.9733096085409253,0.962372272852803,0.9812646370023419,0.9835680751173709,0.9824150058616647,0.9635322261780648,0.9270757270994491,0.058823529411764705,0.01643192488262911,0.9411764705882353,0.9679819110742889,0.9807908048299788,0.9310280830819182,0.02667611196040406
random,rf,105,11,2246,562,0.7662511130899377,0.7580071174377224,0,0.5,425,13,123,1,0.9750889679715302,0.9510321734327534,0.9703196347031964,0.9976525821596244,0.9837962962962963,0.9649750712250712,0.9316737814571118,0.09558823529411764,0.002347417840375587,0.9044117647058824,0.9942867992267329,0.9978866599114238,0.9888845093147921,0.0217170198406603
random,rf,105,22,2246,562,0.7662511130899377,0.7580071174377224,0,0.5,425,10,126,1,0.9804270462633452,0.9620615851974592,0.9770114942528736,0.9976525821596244,0.9872241579558653,0.9726995314494156,0.9463627207283853,0.07352941176470588,0.002347417840375587,0.9264705882352942,0.9952706434686551,0.9983336495495225,0.9900288307064454,0.02107084797383965
random,xgboost,105,11,2246,562,0.7662511130899377,0.7580071174377224,0,0.5,420,6,130,6,0.9786476868327402,0.9708989229494616,0.9859154929577465,0.9859154929577465,0.9859154929577465,0.9708989229494616,0.9417978458989229,0.04411764705882353,0.014084507042253521,0.9558823529411765,0.9941487158243579,0.9969782498372821,0.9927878470986192,0.012434730306267738
random,xgboost,105,22,2246,562,0.7662511130899377,0.7580071174377224,0,0.5,421,5,131,5,0.9822064056939501,0.9757491024578846,0.9882629107981221,0.9882629107981221,0.9882629107981221,0.9757491024578846,0.9514982049157691,0.03676470588235294,0.011737089201877934,0.9632352941176471,0.9940106324219828,0.9967385420949333,0.9930460499769795,0.011021050624549389
random,hgb,105,11,2246,562,0.7662511130899377,0.7580071174377224,0,0.5,426,3,133,0,0.994661921708185,0.9889705882352942,0.993006993006993,1.0,0.9964912280701754,0.992669405856649,0.9854452937554574,0.022058823529411766,0.0,0.9779411764705882,0.9968068213200773,0.9986936010079154,0.9955045907251788,0.004997800946124434
random,hgb,105,22,2246,562,0.7662511130899377,0.7580071174377224,0,0.5,426,3,133,0,0.994661921708185,0.9889705882352942,0.993006993006993,1.0,0.9964912280701754,0.992669405856649,0.9854452937554574,0.022058823529411766,0.0,0.9779411764705882,0.9968068213200773,0.9986936010079154,0.9955045907251788,0.004997800946124434
random,mlp,105,11,2246,562,0.7662511130899377,0.7580071174377224,0,0.5,411,6,130,15,0.9626334519572953,0.9603355426677713,0.9856115107913669,0.9647887323943662,0.9750889679715302,0.9501779359430604,0.9012115084404272,0.04411764705882353,0.035211267605633804,0.9558823529411765,0.9926643192488263,0.9973685448672861,0.9847479170052916,0.026680879294872284
random,mlp,105,22,2246,562,0.7662511130899377,0.7580071174377224,0,0.5,419,7,129,7,0.9750889679715302,0.9660487434410383,0.9835680751173709,0.9835680751173709,0.9835680751173709,0.9660487434410383,0.9320974868820767,0.051470588235294115,0.01643192488262911,0.9485294117647058,0.9927506213753108,0.9974433606980544,0.9849517532299865,0.020250266417860985
random,majority,106,11,2246,562,0.7733748886910062,0.7295373665480427,0,0.5,410,152,0,0,0.7295373665480427,0.5,0.7295373665480427,1.0,0.8436213991769548,0.4218106995884774,0.0,1.0,0.0,0.0,0.5,0.7295373665480427,0.2704626334519573,0.2704626334519573
random,majority,106,22,2246,562,0.7733748886910062,0.7295373665480427,0,0.5,410,152,0,0,0.7295373665480427,0.5,0.7295373665480427,1.0,0.8436213991769548,0.4218106995884774,0.0,1.0,0.0,0.0,0.5,0.7295373665480427,0.2704626334519573,0.2704626334519573
random,stratified,106,11,2246,562,0.7733748886910062,0.7295373665480427,0,0.5,320,121,31,90,0.6245551601423488,0.49221758664955073,0.7256235827664399,0.7804878048780488,0.7520564042303173,0.4895813156682722,-0.01682077617917413,0.7960526315789473,0.21951219512195122,0.20394736842105263,0.49221758664955073,0.7264827060355723,0.2675534697895882,0.37544483985765126
random,stratified,106,22,2246,562,0.7733748886910062,0.7295373665480427,0,0.5,323,120,32,87,0.6316725978647687,0.4991655969191271,0.7291196388261851,0.7878048780487805,0.757327080890973,0.49674472125729463,-0.0018144469422588458,0.7894736842105263,0.2121951219512195,0.21052631578947367,0.4991655969191271,0.7292082786110672,0.270135250204221,0.3683274021352313
random,logreg,106,11,2246,562,0.7733748886910062,0.7295373665480427,0,0.5,359,16,136,51,0.8807829181494662,0.8851732991014121,0.9573333333333334,0.875609756097561,0.9146496815286624,0.8585047817672811,0.7262120557364186,0.10526315789473684,0.12439024390243902,0.8947368421052632,0.9609114249037227,0.98285609377932,0.9336725125691235,0.08380153777518301
random,logreg,106,22,2246,562,0.7733748886910062,0.7295373665480427,0,0.5,359,16,136,51,0.8807829181494662,0.8851732991014121,0.9573333333333334,0.875609756097561,0.9146496815286624,0.8585047817672811,0.7262120557364186,0.10526315789473684,0.12439024390243902,0.8947368421052632,0.9609114249037227,0.98285609377932,0.9336725125691235,0.08380153777518301
random,tree,106,11,2246,562,0.7733748886910062,0.7295373665480427,0,0.5,398,10,142,12,0.9608540925266904,0.9524711168164313,0.9754901960784313,0.9707317073170731,0.9731051344743277,0.9506048548188633,0.9012476339397822,0.06578947368421052,0.02926829268292683,0.9342105263157895,0.9531290115532733,0.9687089741795466,0.8933347198471754,0.0394204906690046
random,tree,106,22,2246,562,0.7733748886910062,0.7295373665480427,0,0.5,396,10,142,14,0.9572953736654805,0.9500320924261874,0.9753694581280788,0.9658536585365853,0.9705882352941176,0.9463330786860198,0.8928158406478134,0.06578947368421052,0.03414634146341464,0.9342105263157895,0.9504011553273427,0.9673819574631268,0.8804967787884959,0.042979209530214564
random,rf,106,11,2246,562,0.7733748886910062,0.7295373665480427,0,0.5,408,7,145,2,0.9839857651245552,0.9745346598202824,0.983132530120482,0.9951219512195122,0.9890909090909091,0.9794952873213743,0.9592436675463337,0.046052631578947366,0.004878048780487805,0.9539473684210527,0.998507702182285,0.9994406760815503,0.9963712794901597,0.016952229312660928
random,rf,106,22,2246,562,0.7733748886910062,0.7295373665480427,0,0.5,408,6,146,2,0.9857651245551602,0.9778241335044929,0.9855072463768116,0.9951219512195122,0.9902912621359223,0.9818122977346279,0.9637863489147406,0.039473684210526314,0.004878048780487805,0.9605263157894737,0.9982028241335045,0.9993218964579724,0.995733365173022,0.016941354809161105
random,xgboost,106,11,2246,562,0.7733748886910062,0.7295373665480427,0,0.5,405,4,148,5,0.9839857651245552,0.9807445442875482,0.9902200488997555,0.9878048780487805,0.989010989010989,0.9797513961448387,0.9595126681083869,0.02631578947368421,0.012195121951219513,0.9736842105263158,0.9989890885750964,0.9996240995547048,0.9974465478481706,0.012266949750483036
random,xgboost,106,22,2246,562,0.7733748886910062,0.7295373665480427,0,0.5,405,4,148,5,0.9839857651245552,0.9807445442875482,0.9902200488997555,0.9878048780487805,0.989010989010989,0.9797513961448387,0.9595126681083869,0.02631578947368421,0.012195121951219513,0.9736842105263158,0.9986521181001283,0.9994924315972311,0.9967565817696331,0.012487350031733513
random,hgb,106,11,2246,562,0.7733748886910062,0.7295373665480427,0,0.5,408,5,147,2,0.9875444839857651,0.9811136071887034,0.9878934624697336,0.9951219512195122,0.991494532199271,0.9841193591228913,0.9683295786862219,0.03289473684210526,0.004878048780487805,0.9671052631578947,0.9991816431322207,0.9996950272122764,0.997941909948063,0.01044109366264195
random,hgb,106,22,2246,562,0.7733748886910062,0.7295373665480427,0,0.5,408,5,147,2,0.9875444839857651,0.9811136071887034,0.9878934624697336,0.9951219512195122,0.991494532199271,0.9841193591228913,0.9683295786862219,0.03289473684210526,0.004878048780487805,0.9671052631578947,0.9991816431322207,0.9996950272122764,0.997941909948063,0.01044109366264195
random,mlp,106,11,2246,562,0.7733748886910062,0.7295373665480427,0,0.5,398,4,148,12,0.9715302491103203,0.9722079589216945,0.9900497512437811,0.9707317073170731,0.9802955665024631,0.9645067576102059,0.9296168838254071,0.02631578947368421,0.02926829268292683,0.9736842105263158,0.9961970474967907,0.998586984013207,0.9906706229788242,0.025500401854515076
random,mlp,106,22,2246,562,0.7733748886910062,0.7295373665480427,0,0.5,404,4,148,6,0.9822064056939501,0.9795250320924263,0.9901960784313726,0.9853658536585366,0.9877750611246944,0.9775476612813014,0.955134558928167,0.02631578947368421,0.014634146341463415,0.9736842105263158,0.9978498074454429,0.9991985113046165,0.9947215784067035,0.01486301887780428
random,majority,107,11,2246,562,0.7724844167408726,0.7330960854092526,0,0.5,412,150,0,0,0.7330960854092526,0.5,0.7330960854092526,1.0,0.8459958932238193,0.42299794661190965,0.0,1.0,0.0,0.0,0.5,0.7330960854092526,0.2669039145907473,0.2669039145907473
random,majority,107,22,2246,562,0.7724844167408726,0.7330960854092526,0,0.5,412,150,0,0,0.7330960854092526,0.5,0.7330960854092526,1.0,0.8459958932238193,0.42299794661190965,0.0,1.0,0.0,0.0,0.5,0.7330960854092526,0.2669039145907473,0.2669039145907473
random,stratified,107,11,2246,562,0.7724844167408726,0.7330960854092526,0,0.5,320,120,30,92,0.6227758007117438,0.4883495145631068,0.7272727272727273,0.7766990291262136,0.7511737089201878,0.4858809721071527,-0.025001266010512314,0.8,0.22330097087378642,0.2,0.4883495145631068,0.7285730887983592,0.2627034595414503,0.37722419928825623
random,stratified,107,22,2246,562,0.7724844167408726,0.7330960854092526,0,0.5,324,119,31,88,0.6316725978647687,0.49653721682847896,0.7313769751693002,0.7864077669902912,0.7578947368421053,0.49418900410878497,-0.00749849640614312,0.7933333333333333,0.21359223300970873,0.20666666666666667,0.49653721682847896,0.7317441637642415,0.2655813072559985,0.3683274021352313
random,logreg,107,11,2246,562,0.7724844167408726,0.7330960854092526,0,0.5,361,23,127,51,0.8683274021352313,0.8614401294498382,0.9401041666666666,0.8762135922330098,0.907035175879397,0.840712709890918,0.6873611611392931,0.15333333333333332,0.12378640776699029,0.8466666666666667,0.943252427184466,0.9751388353661097,0.9092994939327567,0.09461329890320501
random,logreg,107,22,2246,562,0.7724844167408726,0.7330960854092526,0,0.5,361,23,127,51,0.8683274021352313,0.8614401294498382,0.9401041666666666,0.8762135922330098,0.907035175879397,0.840712709890918,0.6873611611392931,0.15333333333333332,0.12378640776699029,0.8466666666666667,0.943252427184466,0.9751388353661097,0.9092994939327567,0.09461329890320501
random,tree,107,11,2246,562,0.7724844167408726,0.7330960854092526,0,0.5,400,14,136,12,0.9537366548042705,0.9387702265372169,0.966183574879227,0.970873786407767,0.9685230024213075,0.9406373401368282,0.8813133627858687,0.09333333333333334,0.02912621359223301,0.9066666666666666,0.9387702265372168,0.9593946188752472,0.858064185181623,0.046263345195729534
random,tree,107,22,2246,562,0.7724844167408726,0.7330960854092526,0,0.5,404,15,135,8,0.9590747330960854,0.9402912621359223,0.964200477326969,0.9805825242718447,0.9723225030084236,0.9469121047465326,0.8943124354650771,0.1,0.019417475728155338,0.9,0.9402912621359224,0.9597130134062366,0.8763407411094244,0.04092526690391459
random,rf,107,11,2246,562,0.7724844167408726,0.7330960854092526,0,0.5,412,16,134,0,0.9715302491103203,0.9466666666666667,0.9626168224299065,1.0,0.9809523809523809,0.9623071763916834,0.9273282561768782,0.10666666666666667,0.0,0.8933333333333333,0.9963268608414239,0.9985632815735197,0.9925241044025606,0.02251947750798678
random,rf,107,22,2246,562,0.7724844167408726,0.7330960854092526,0,0.5,411,14,136,1,0.9733096085409253,0.9521197411003236,0.9670588235294117,0.9975728155339806,0.982078853046595,0.9649070223421128,0.931586003359087,0.09333333333333334,0.0024271844660194173,0.9066666666666666,0.9963754045307444,0.9985989910606714,0.9923253083990184,0.02276478568408677
random,xgboost,107,11,2246,562,0.7724844167408726,0.7330960854092526,0,0.5,410,6,144,2,0.9857651245551602,0.9775728155339806,0.9855769230769231,0.9951456310679612,0.9903381642512077,0.9816555686120904,0.9634756382137375,0.04,0.0048543689320388345,0.96,0.9978964401294498,0.9991728331468664,0.9957509214209961,0.011216406710445881
random,xgboost,107,22,2246,562,0.7724844167408726,0.7330960854092526,0,0.5,410,8,142,2,0.9822064056939501,0.9709061488673139,0.9808612440191388,0.9951456310679612,0.9879518072289156,0.9769691008933694,0.9543094129427233,0.05333333333333334,0.0048543689320388345,0.9466666666666667,0.997588996763754,0.9990605721632762,0.9949791693630712,0.012335826642811298
random,hgb,107,11,2246,562,0.7724844167408726,0.7330960854092526,0,0.5,410,7,143,2,0.9839857651245552,0.9742394822006473,0.9832134292565947,0.9951456310679612,0.9891435464414958,0.9793175359326123,0.9588924792135142,0.04666666666666667,0.0048543689320388345,0.9533333333333334,0.9990614886731392,0.9996516914619182,0.9977257067770995,0.012435825235679232
random,hgb,107,22,2246,562,0.7724844167408726,0.7330960854092526,0,0.5,410,7,143,2,0.9839857651245552,0.9742394822006473,0.9832134292565947,0.9951456310679612,0.9891435464414958,0.9793175359326123,0.9588924792135142,0.04666666666666667,0.0048543689320388345,0.9533333333333334,0.9990614886731392,0.9996516914619182,0.9977257067770995,0.012435825235679232
random,mlp,107,11,2246,562,0.7724844167408726,0.7330960854092526,0,0.5,402,10,140,10,0.9644128113879004,0.9545307443365696,0.9757281553398058,0.9757281553398058,0.9757281553398058,0.9545307443365696,0.9090614886731392,0.06666666666666667,0.024271844660194174,0.9333333333333333,0.9823786407766991,0.9921500769048864,0.9716628835836085,0.03924603760242462
random,mlp,107,22,2246,562,0.7724844167408726,0.7330960854092526,0,0.5,404,12,138,8,0.9644128113879004,0.9502912621359223,0.9711538461538461,0.9805825242718447,0.9758454106280193,0.9541389215302258,0.908436676160869,0.08,0.019417475728155338,0.92,0.9838187702265372,0.9929407377552819,0.97350523226785,0.03442972153425217
random,majority,108,11,2246,562,0.7711487088156723,0.7384341637010676,0,0.5,415,147,0,0,0.7384341637010676,0.5,0.7384341637010676,1.0,0.849539406345957,0.4247697031729785,0.0,1.0,0.0,0.0,0.5,0.7384341637010676,0.2615658362989324,0.2615658362989324
random,majority,108,22,2246,562,0.7711487088156723,0.7384341637010676,0,0.5,415,147,0,0,0.7384341637010676,0.5,0.7384341637010676,1.0,0.849539406345957,0.4247697031729785,0.0,1.0,0.0,0.0,0.5,0.7384341637010676,0.2615658362989324,0.2615658362989324
random,stratified,108,11,2246,562,0.7711487088156723,0.7384341637010676,0,0.5,323,117,30,92,0.6281138790035588,0.49119744283255473,0.7340909090909091,0.7783132530120482,0.7555555555555555,0.48930194134655103,-0.01876788406689985,0.7959183673469388,0.2216867469879518,0.20408163265306123,0.49119744283255473,0.7350537510767756,0.2583690614102242,0.3718861209964413
random,stratified,108,22,2246,562,0.7711487088156723,0.7384341637010676,0,0.5,325,114,33,90,0.6370106761565836,0.5038111630194246,0.7403189066059226,0.7831325301204819,0.7611241217798594,0.502784283112152,0.008101872816292295,0.7755102040816326,0.21686746987951808,0.22448979591836735,0.5038111630194246,0.7399101671807733,0.2630759447256031,0.36298932384341637
random,logreg,108,11,2246,562,0.7711487088156723,0.7384341637010676,0,0.5,344,13,134,71,0.8505338078291815,0.8702401442504712,0.9635854341736695,0.8289156626506025,0.8911917098445595,0.8262776731040979,0.6760599038126117,0.08843537414965986,0.1710843373493976,0.9115646258503401,0.944348823866896,0.9768923187070444,0.8965100430760834,0.11030825035794631
random,logreg,108,22,2246,562,0.7711487088156723,0.7384341637010676,0,0.5,344,13,134,71,0.8505338078291815,0.8702401442504712,0.9635854341736695,0.8289156626506025,0.8911917098445595,0.8262776731040979,0.6760599038126117,0.08843537414965986,0.1710843373493976,0.9115646258503401,0.944348823866896,0.9768923187070444,0.8965100430760834,0.11030825035794631
random,tree,108,11,2246,562,0.7711487088156723,0.7384341637010676,0,0.5,408,8,139,7,0.9733096085409253,0.9643553807064995,0.9807692307692307,0.983132530120482,0.9819494584837545,0.9653774596173039,0.9307651211724733,0.05442176870748299,0.016867469879518072,0.9455782312925171,0.96663388246865,0.9783124407427843,0.925306255997542,0.026502121211073735
random,tree,108,22,2246,562,0.7711487088156723,0.7384341637010676,0,0.5,409,7,140,6,0.9768683274021353,0.9689615605278256,0.9831730769230769,0.9855421686746988,0.9843561973525873,0.9699937983349967,0.9399978590660579,0.047619047619047616,0.014457831325301205,0.9523809523809523,0.9716990410622082,0.9814949103922556,0.9374364974084648,0.022943402349863768
random,rf,108,11,2246,562,0.7711487088156723,0.7384341637010676,0,0.5,414,6,141,1,0.9875444839857651,0.9783870174575855,0.9857142857142858,0.9975903614457832,0.9916167664670659,0.9836976565899342,0.9676610920668861,0.04081632653061224,0.0024096385542168677,0.9591836734693877,0.9978198508318991,0.9991373127356464,0.99594406269082,0.01822084958441221
random,rf,108,22,2246,562,0.7711487088156723,0.7384341637010676,0,0.5,415,7,140,0,0.9875444839857651,0.9761904761904762,0.9834123222748815,1.0,0.991636798088411,0.983623277092986,0.9677722687033947,0.047619047619047616,0.0,0.9523809523809523,0.9981313007130563,0.9992776798586971,0.9963159029121128,0.0183533792913745
random,xgboost,108,11,2246,562,0.7711487088156723,0.7384341637010676,0,0.5,409,2,145,6,0.9857651245551602,0.985968363248914,0.9951338199513382,0.9855421686746988,0.9903147699757869,0.9817345661959471,0.963632245731423,0.013605442176870748,0.014457831325301205,0.9863945578231292,0.9969182853864438,0.9986614556280193,0.9952564082040358,0.009916070848703384
random,xgboost,108,22,2246,562,0.7711487088156723,0.7384341637010676,0,0.5,411,2,145,4,0.9893238434163701,0.988378001803131,0.9951573849878934,0.9903614457831326,0.9927536231884058,0.9862416764590678,0.97252471055461,0.013605442176870748,0.00963855421686747,0.9863945578231292,0.9977378903368577,0.9990752931002188,0.9961506099145484,0.008707430213689804
random,hgb,108,11,2246,562,0.7711487088156723,0.7384341637010676,0,0.5,412,2,145,3,0.9911032028469751,0.9895828210802393,0.9951690821256038,0.9927710843373494,0.9939686369119421,0.9885097421847846,0.97702989777786,0.013605442176870748,0.007228915662650603,0.9863945578231292,0.9967051880993361,0.9984386552208586,0.9958847309308589,0.006113557566782313
random,hgb,108,22,2246,562,0.7711487088156723,0.7384341637010676,0,0.5,412,2,145,3,0.9911032028469751,0.9895828210802393,0.9951690821256038,0.9927710843373494,0.9939686369119421,0.9885097421847846,0.97702989777786,0.013605442176870748,0.007228915662650603,0.9863945578231292,0.9967051880993361,0.9984386552208586,0.9958847309308589,0.006113557566782313
random,mlp,108,11,2246,562,0.7711487088156723,0.7384341637010676,0,0.5,407,5,142,8,0.9768683274021353,0.9733546430620441,0.9878640776699029,0.980722891566265,0.9842805320435308,0.9702547441362435,0.9406003050349743,0.034013605442176874,0.01927710843373494,0.9659863945578231,0.9971477747725597,0.9990056870946699,0.9922856482800044,0.01837083511054516
random,mlp,108,22,2246,562,0.7711487088156723,0.7384341637010676,0,0.5,402,5,142,13,0.9679715302491103,0.9673305466765019,0.9877149877149877,0.9686746987951808,0.9781021897810219,0.9592497703871997,0.919123408432506,0.034013605442176874,0.03132530120481928,0.9659863945578231,0.9971477747725597,0.9989869984970006,0.9926694033969173,0.021546991541981697
random,majority,109,11,2246,562,0.7653606411398041,0.7615658362989324,0,0.5,428,134,0,0,0.7615658362989324,0.5,0.7615658362989324,1.0,0.8646464646464647,0.43232323232323233,0.0,1.0,0.0,0.0,0.5,0.7615658362989324,0.23843416370106763,0.23843416370106763
random,majority,109,22,2246,562,0.7653606411398041,0.7615658362989324,0,0.5,428,134,0,0,0.7615658362989324,0.5,0.7615658362989324,1.0,0.8646464646464647,0.43232323232323233,0.0,1.0,0.0,0.0,0.5,0.7615658362989324,0.23843416370106763,0.23843416370106763
random,stratified,109,11,2246,562,0.7653606411398041,0.7615658362989324,0,0.5,329,105,29,99,0.6370106761565836,0.49255474961640394,0.7580645161290323,0.7686915887850467,0.7633410672853829,0.4923575565434548,-0.015129819170257013,0.7835820895522388,0.23130841121495327,0.21641791044776118,0.49255474961640394,0.7588744009346866,0.23586492304934403,0.36298932384341637
random,stratified,109,22,2246,562,0.7653606411398041,0.7615658362989324,0,0.5,335,102,32,93,0.6530249110320284,0.5107581252615427,0.7665903890160183,0.7827102803738317,0.7745664739884393,0.5108353605463432,0.022046779118107228,0.7611940298507462,0.21728971962616822,0.23880597014925373,0.5107581252615427,0.7654986053648758,0.24262899027991713,0.3469750889679715
random,logreg,109,11,2246,562,0.7653606411398041,0.7615658362989324,0,0.5,364,14,120,64,0.8612099644128114,0.8729948388896638,0.9629629629629629,0.8504672897196262,0.9032258064516129,0.8289713937918441,0.6774110715970232,0.1044776119402985,0.14953271028037382,0.8955223880597015,0.9437857441763147,0.9793032196203494,0.888694956044639,0.09722797834549433
random,logreg,109,22,2246,562,0.7653606411398041,0.7615658362989324,0,0.5,364,14,120,64,0.8612099644128114,0.8729948388896638,0.9629629629629629,0.8504672897196262,0.9032258064516129,0.8289713937918441,0.6774110715970232,0.1044776119402985,0.14953271028037382,0.8955223880597015,0.9437857441763147,0.9793032196203494,0.888694956044639,0.09722797834549433
random,tree,109,11,2246,562,0.7653606411398041,0.7615658362989324,0,0.5,420,8,126,8,0.9715302491103203,0.9608034593388199,0.9813084112149533,0.9813084112149533,0.9813084112149533,0.9608034593388199,0.9216069186776399,0.05970149253731343,0.018691588785046728,0.9402985074626866,0.9629132375505649,0.9784811943399283,0.9112824341946884,0.028337282501590073
random,tree,109,22,2246,562,0.7653606411398041,0.7615658362989324,0,0.5,419,10,124,9,0.9661921708185054,0.9521725484725903,0.9766899766899767,0.9789719626168224,0.9778296382730455,0.9533342947919534,0.9066799363057475,0.07462686567164178,0.02102803738317757,0.9253731343283582,0.9540818105733018,0.973416108317816,0.8921832072235636,0.03367536079340502
random,rf,109,11,2246,562,0.7653606411398041,0.7615658362989324,0,0.5,427,9,125,1,0.9822064056939501,0.9652496861486958,0.9793577981651376,0.9976635514018691,0.9884259259259259,0.9749821937321937,0.9507401857469064,0.06716417910447761,0.002336448598130841,0.9328358208955224,0.9980994559910725,0.9993938566159777,0.9947519522012623,0.019496814637796837
random,rf,109,22,2246,562,0.7653606411398041,0.7615658362989324,0,0.5,427,8,126,1,0.9839857651245552,0.9689810294322778,0.9816091954022989,0.9976635514018691,0.9895712630359212,0.9775442522076159,0.9556812512011339,0.05970149253731343,0.002336448598130841,0.9402985074626866,0.9972102106290975,0.9990752703109832,0.993248495213483,0.01967376733170442
random,xgboost,109,11,2246,562,0.7653606411398041,0.7615658362989324,0,0.5,424,7,127,4,0.9804270462633452,0.9692076998186636,0.9837587006960556,0.9906542056074766,0.9871944121071012,0.9728424890724185,0.9457908906983349,0.05223880597014925,0.009345794392523364,0.9477611940298507,0.9970707211605525,0.9990356209454976,0.9928553325541496,0.014287197031080723
random,xgboost,109,22,2246,562,0.7653606411398041,0.7615658362989324,0,0.5,425,7,127,3,0.9822064056939501,0.9703759241177291,0.9837962962962963,0.9929906542056075,0.9883720930232558,0.975246652572234,0.9506831890760119,0.05223880597014925,0.007009345794392523,0.9477611940298507,0.9966522527549171,0.9988840230711034,0.9922085351193614,0.013922153040766716
random,hgb,109,11,2246,562,0.7653606411398041,0.7615658362989324,0,0.5,426,5,129,2,0.9875444839857651,0.9790068349839587,0.988399071925754,0.9953271028037384,0.9918509895227008,0.9827179475915391,0.965543193952607,0.03731343283582089,0.004672897196261682,0.9626865671641791,0.9993199888408425,0.9997872089029982,0.9979359599795146,0.009555616583396622
random,hgb,109,22,2246,562,0.7653606411398041,0.7615658362989324,0,0.5,426,5,129,2,0.9875444839857651,0.9790068349839587,0.988399071925754,0.9953271028037384,0.9918509895227008,0.9827179475915391,0.965543193952607,0.03731343283582089,0.004672897196261682,0.9626865671641791,0.9993199888408425,0.9997872089029982,0.9979359599795146,0.009555616583396622
random,mlp,109,11,2246,562,0.7653606411398041,0.7615658362989324,0,0.5,410,4,130,18,0.9608540925266904,0.9640465894824941,0.9903381642512077,0.9579439252336449,0.9738717339667459,0.9479287747847913,0.8979141928205424,0.029850746268656716,0.04205607476635514,0.9701492537313433,0.9953271028037383,0.9985290042613585,0.9867346975906189,0.030615124851465225
random,mlp,109,22,2246,562,0.7653606411398041,0.7615658362989324,0,0.5,416,4,130,12,0.9715302491103203,0.9710559352768866,0.9904761904761905,0.9719626168224299,0.9811320754716981,0.9615805304894722,0.9238637826520032,0.029850746268656716,0.028037383177570093,0.9701492537313433,0.9948040172966941,0.99822464201998,0.9883971022284074,0.02204478345811367
random,majority,110,11,2246,562,0.7742653606411398,0.7259786476868327,0,0.5,408,154,0,0,0.7259786476868327,0.5,0.7259786476868327,1.0,0.8412371134020619,0.42061855670103093,0.0,1.0,0.0,0.0,0.5,0.7259786476868327,0.27402135231316727,0.27402135231316727
random,majority,110,22,2246,562,0.7742653606411398,0.7259786476868327,0,0.5,408,154,0,0,0.7259786476868327,0.5,0.7259786476868327,1.0,0.8412371134020619,0.42061855670103093,0.0,1.0,0.0,0.0,0.5,0.7259786476868327,0.27402135231316727,0.27402135231316727
random,stratified,110,11,2246,562,0.7742653606411398,0.7259786476868327,0,0.5,318,123,31,90,0.6209964412811388,0.49035523300229183,0.7210884353741497,0.7794117647058824,0.7491166077738516,0.4872855766141985,-0.02093149257618053,0.7987012987012987,0.22058823529411764,0.2012987012987013,0.4903552330022918,0.722167158678418,0.270433604512014,0.3790035587188612
random,stratified,110,22,2246,562,0.7742653606411398,0.7259786476868327,0,0.5,323,122,32,85,0.6316725978647687,0.4997294372294372,0.7258426966292135,0.7916666666666666,0.757327080890973,0.49674472125729463,-0.000594450283781574,0.7922077922077922,0.20833333333333334,0.2077922077922078,0.4997294372294372,0.7258710197662175,0.2739139073658647,0.3683274021352313
random,logreg,110,11,2246,562,0.7742653606411398,0.7259786476868327,0,0.5,344,15,139,64,0.8594306049822064,0.8728673287496818,0.958217270194986,0.8431372549019608,0.8970013037809648,0.8378563941874011,0.6924358196618353,0.09740259740259741,0.1568627450980392,0.9025974025974026,0.9534154570919277,0.9800062041193486,0.917343197896892,0.09510772250803977
random,logreg,110,22,2246,562,0.7742653606411398,0.7259786476868327,0,0.5,344,15,139,64,0.8594306049822064,0.8728673287496818,0.958217270194986,0.8431372549019608,0.8970013037809648,0.8378563941874011,0.6924358196618353,0.09740259740259741,0.1568627450980392,0.9025974025974026,0.9534154570919277,0.9800062041193486,0.917343197896892,0.09510772250803977
random,tree,110,11,2246,562,0.7742653606411398,0.7259786476868327,0,0.5,397,11,143,11,0.9608540925266904,0.9508053221288515,0.9730392156862745,0.9730392156862745,0.9730392156862745,0.9508053221288515,0.9016106442577031,0.07142857142857142,0.02696078431372549,0.9285714285714286,0.9540441176470589,0.9684677927507089,0.8980894108245405,0.038915509050825636
random,tree,110,22,2246,562,0.7742653606411398,0.7259786476868327,0,0.5,397,10,144,11,0.9626334519572953,0.9540520753756048,0.9754299754299754,0.9730392156862745,0.9742331288343559,0.9531359818929062,0.9062813627312754,0.06493506493506493,0.02696078431372549,0.935064935064935,0.957322701807996,0.9708157083222316,0.9028311137126395,0.03713614962022065
random,rf,110,11,2246,562,0.7742653606411398,0.7259786476868327,0,0.5,407,10,144,1,0.9804270462633452,0.966306977336389,0.9760191846522782,0.9975490196078431,0.9866666666666667,0.9749386845039019,0.950693058383203,0.06493506493506493,0.0024509803921568627,0.935064935064935,0.9984402852049911,0.9993993331412586,0.996382411399898,0.01883959260679136
random,rf,110,22,2246,562,0.7742653606411398,0.7259786476868327,0,0.5,407,8,146,1,0.9839857651245552,0.9728004838298956,0.980722891566265,0.9975490196078431,0.9890643985419199,0.9795820331580032,0.9596561132130741,0.05194805194805195,0.0024509803921568627,0.948051948051948,0.998472116119175,0.9994129758357402,0.9964336290743105,0.01766540467285216
random,xgboost,110,11,2246,562,0.7742653606411398,0.7259786476868327,0,0.5,405,6,148,3,0.9839857651245552,0.9768430099312453,0.9854014598540146,0.9926470588235294,0.989010989010989,0.9797513961448387,0.9595916797506812,0.03896103896103896,0.007352941176470588,0.961038961038961,0.9985516934046346,0.999445831676532,0.9965587915110767,0.011951475404202938
random,xgboost,110,22,2246,562,0.7742653606411398,0.7259786476868327,0,0.5,406,6,148,2,0.9857651245551602,0.9780685001273237,0.9854368932038835,0.9950980392156863,0.9902439024390244,0.9819640564826702,0.9640872272110504,0.03896103896103896,0.004901960784313725,0.961038961038961,0.9988700025464732,0.9995716224443979,0.997220116521419,0.010728045366704464
random,hgb,110,11,2246,562,0.7742653606411398,0.7259786476868327,0,0.5,407,4,150,1,0.9911032028469751,0.9857874968169086,0.9902676399026764,0.9975490196078431,0.9938949938949939,0.9887507756360215,0.977591430226963,0.025974025974025976,0.0024509803921568627,0.974025974025974,0.9996976063152534,0.9998873401878133,0.9992000060832777,0.008980510691942693
random,hgb,110,22,2246,562,0.7742653606411398,0.7259786476868327,0,0.5,407,4,150,1,0.9911032028469751,0.9857874968169086,0.9902676399026764,0.9975490196078431,0.9938949938949939,0.9887507756360215,0.977591430226963,0.025974025974025976,0.0024509803921568627,0.974025974025974,0.9996976063152534,0.9998873401878133,0.9992000060832777,0.008980510691942693
random,mlp,110,11,2246,562,0.7742653606411398,0.7259786476868327,0,0.5,388,2,152,20,0.9608540925266904,0.9689966895849249,0.9948717948717949,0.9509803921568627,0.9724310776942355,0.9524732075587742,0.9078073359114691,0.012987012987012988,0.049019607843137254,0.987012987012987,0.9961007130124777,0.9983938714348926,0.9922054149395004,0.025930091738700867
random,mlp,110,22,2246,562,0.7742653606411398,0.7259786476868327,0,0.5,398,4,150,10,0.9750889679715302,0.9747580850522026,0.9900497512437811,0.9754901960784313,0.9827160493827161,0.9690650310607848,0.9384686928088166,0.025974025974025976,0.024509803921568627,0.974025974025974,0.9966577540106951,0.9986585447276937,0.992963890600122,0.021697454154491425
random,majority,111,11,2246,562,0.7658058771148709,0.7597864768683275,0,0.5,427,135,0,0,0.7597864768683275,0.5,0.7597864768683275,1.0,0.8634984833164813,0.43174924165824063,0.0,1.0,0.0,0.0,0.5,0.7597864768683275,0.2402135231316726,0.2402135231316726
random,majority,111,22,2246,562,0.7658058771148709,0.7597864768683275,0,0.5,427,135,0,0,0.7597864768683275,0.5,0.7597864768683275,1.0,0.8634984833164813,0.43174924165824063,0.0,1.0,0.0,0.0,0.5,0.7597864768683275,0.2402135231316726,0.2402135231316726
random,stratified,111,11,2246,562,0.7658058771148709,0.7597864768683275,0,0.5,328,106,29,99,0.6352313167259787,0.491482348859398,0.7557603686635944,0.7681498829039812,0.7619047619047619,0.4912185406481984,-0.017353249718142432,0.7851851851851852,0.23185011709601874,0.21481481481481482,0.491482348859398,0.756693822322303,0.23728108112560958,0.36476868327402134
random,stratified,111,22,2246,562,0.7658058771148709,0.7597864768683275,0,0.5,333,104,31,94,0.6476868327402135,0.5047445572035736,0.7620137299771167,0.7798594847775175,0.7708333333333334,0.5046474358974359,0.00974789358759829,0.7703703703703704,0.22014051522248243,0.22962962962962963,0.5047445572035736,0.7615234213302169,0.2420015289310663,0.35231316725978645
random,logreg,111,11,2246,562,0.7658058771148709,0.7597864768683275,0,0.5,369,12,123,58,0.8754448398576512,0.887639864689045,0.968503937007874,0.8641686182669789,0.9133663366336634,0.8459236746459456,0.7088224684011732,0.08888888888888889,0.1358313817330211,0.9111111111111111,0.9578280856969381,0.985196958601319,0.9056287835688669,0.09019889987405309
random,logreg,111,22,2246,562,0.7658058771148709,0.7597864768683275,0,0.5,369,12,123,58,0.8754448398576512,0.887639864689045,0.968503937007874,0.8641686182669789,0.9133663366336634,0.8459236746459456,0.7088224684011732,0.08888888888888889,0.1358313817330211,0.9111111111111111,0.9578280856969381,0.985196958601319,0.9056287835688669,0.09019889987405309
random,tree,111,11,2246,562,0.7658058771148709,0.7597864768683275,0,0.5,418,11,124,9,0.9644128113879004,0.9487206175730766,0.9743589743589743,0.9789227166276346,0.9766355140186916,0.9510043241735249,0.9020536654139527,0.08148148148148149,0.02107728337236534,0.9185185185185185,0.9495619741521379,0.9703232096802986,0.8810034464196975,0.03553520718384602
random,tree,111,22,2246,562,0.7658058771148709,0.7597864768683275,0,0.5,420,11,124,7,0.9679715302491103,0.9510625379477838,0.974477958236659,0.9836065573770492,0.9790209790209791,0.955675903044324,0.9115348843053456,0.08148148148148149,0.01639344262295082,0.9185185185185185,0.9519559372018388,0.9714456145493225,0.8945593183545636,0.03197648832263606
random,rf,111,11,2246,562,0.7658058771148709,0.7597864768683275,0,0.5,425,9,126,2,0.9804270462633452,0.9643247462919594,0.9792626728110599,0.9953161592505855,0.9872241579558653,0.9726995314494156,0.9459818369771902,0.06666666666666667,0.00468384074941452,0.9333333333333333,0.9979529881169226,0.9993476348657306,0.9941895109213005,0.017989708326280603
random,rf,111,22,2246,562,0.7658058771148709,0.7597864768683275,0,0.5,424,7,128,3,0.9822064056939501,0.9705611935120132,0.9837587006960556,0.9929742388758782,0.9883449883449883,0.9753755016912911,0.9509389652221854,0.05185185185185185,0.00702576112412178,0.9481481481481482,0.9984213721918641,0.9995022207163251,0.9953262639838859,0.016586791567477003
random,xgboost,111,11,2246,562,0.7658058771148709,0.7597864768683275,0,0.5,423,3,132,4,0.9875444839857651,0.9842050481394744,0.9929577464788732,0.990632318501171,0.9917936694021102,0.9829817055497636,0.9659749774077879,0.022222222222222223,0.00936768149882904,0.9777777777777777,0.999045884291786,0.9996998267119235,0.997128066275109,0.009074702858924866
random,xgboost,111,22,2246,562,0.7658058771148709,0.7597864768683275,0,0.5,425,3,132,2,0.9911032028469751,0.9865469685141817,0.9929906542056075,0.9953161592505855,0.9941520467836257,0.987782343094415,0.9755764424320648,0.022222222222222223,0.00468384074941452,0.9777777777777777,0.9988897562668053,0.9996455067518308,0.9968528177125222,0.008312258869409561
random,hgb,111,11,2246,562,0.7658058771148709,0.7597864768683275,0,0.5,425,3,132,2,0.9911032028469751,0.9865469685141817,0.9929906542056075,0.9953161592505855,0.9941520467836257,0.987782343094415,0.9755764424320648,0.022222222222222223,0.00468384074941452,0.9777777777777777,0.999583658600052,0.9998694653944955,0.9987051125133557,0.007408813961497569
random,hgb,111,22,2246,562,0.7658058771148709,0.7597864768683275,0,0.5,425,3,132,2,0.9911032028469751,0.9865469685141817,0.9929906542056075,0.9953161592505855,0.9941520467836257,0.987782343094415,0.9755764424320648,0.022222222222222223,0.00468384074941452,0.9777777777777777,0.999583658600052,0.9998694653944955,0.9987051125133557,0.007408813961497569
random,mlp,111,11,2246,562,0.7658058771148709,0.7597864768683275,0,0.5,411,5,130,16,0.9626334519572953,0.9627461184838233,0.9879807692307693,0.9625292740046838,0.9750889679715302,0.9501779359430604,0.9016344743882778,0.037037037037037035,0.03747072599531616,0.9629629629629629,0.996860091942059,0.9990038118419025,0.9910864608197171,0.02539541758596897
random,mlp,111,22,2246,562,0.7658058771148709,0.7597864768683275,0,0.5,408,6,129,19,0.9555160142348754,0.9555295342180588,0.9855072463768116,0.955503512880562,0.9702734839476813,0.9409671306664202,0.883682651186701,0.044444444444444446,0.04449648711943794,0.9555555555555556,0.9964610981004425,0.9988786323837378,0.9899546045912633,0.026736149564385414
random,majority,112,11,2246,562,0.7631344612644702,0.7704626334519573,0,0.5,433,129,0,0,0.7704626334519573,0.5,0.7704626334519573,1.0,0.8703517587939699,0.43517587939698493,0.0,1.0,0.0,0.0,0.5,0.7704626334519573,0.22953736654804271,0.22953736654804271
random,majority,112,22,2246,562,0.7631344612644702,0.7704626334519573,0,0.5,433,129,0,0,0.7704626334519573,0.5,0.7704626334519573,1.0,0.8703517587939699,0.43517587939698493,0.0,1.0,0.0,0.0,0.5,0.7704626334519573,0.22953736654804271,0.22953736654804271
random,stratified,112,11,2246,562,0.7631344612644702,0.7704626334519573,0,0.5,331,100,29,102,0.6405693950177936,0.49462019084447784,0.7679814385150812,0.7644341801385681,0.7662037037037037,0.4946403133903134,-0.01070191225245392,0.7751937984496124,0.23556581986143188,0.2248062015503876,0.49462019084447784,0.7685659232346224,0.22770220141898098,0.3594306049822064
random,stratified,112,22,2246,562,0.7631344612644702,0.7704626334519573,0,0.5,337,100,29,96,0.6512455516014235,0.5015485973109906,0.7711670480549199,0.7782909930715936,0.774712643678161,0.5015295501855371,0.00313192659608327,0.7751937984496124,0.22170900692840648,0.2248062015503876,0.5015485973109906,0.7710108729928312,0.23009098182018817,0.3487544483985765
random,logreg,112,11,2246,562,0.7631344612644702,0.7704626334519573,0,0.5,374,14,115,59,0.8701067615658363,0.8776071038544856,0.9639175257731959,0.8637413394919169,0.9110840438489647,0.8350799757198619,0.6869394658546814,0.10852713178294573,0.13625866050808313,0.8914728682170543,0.953631594965716,0.9842792379903679,0.9005975259416836,0.09246626188342724
random,logreg,112,22,2246,562,0.7631344612644702,0.7704626334519573,0,0.5,374,14,115,59,0.8701067615658363,0.8776071038544856,0.9639175257731959,0.8637413394919169,0.9110840438489647,0.8350799757198619,0.6869394658546814,0.10852713178294573,0.13625866050808313,0.8914728682170543,0.953631594965716,0.9842792379903679,0.9005975259416836,0.09246626188342724
random,tree,112,11,2246,562,0.7631344612644702,0.7704626334519573,0,0.5,425,8,121,8,0.9715302491103203,0.959754372773332,0.9815242494226328,0.9815242494226328,0.9815242494226328,0.959754372773332,0.9195087455466638,0.06201550387596899,0.018475750577367205,0.937984496124031,0.9595395384642927,0.9776247276495026,0.8926991389821158,0.02847034949906351
random,tree,112,22,2246,562,0.7631344612644702,0.7704626334519573,0,0.5,423,7,122,10,0.9697508896797153,0.9613208729434091,0.9837209302325581,0.976905311778291,0.9803012746234068,0.9575835875032743,0.9152731256701737,0.05426356589147287,0.023094688221709007,0.9457364341085271,0.9610523300571101,0.9787957963577175,0.8849200204419627,0.030249708929668495
random,rf,112,11,2246,562,0.7631344612644702,0.7704626334519573,0,0.5,432,7,122,1,0.9857651245551602,0.9717134826431781,0.9840546697038725,0.9976905311778291,0.9908256880733946,0.9795398281636813,0.9595382080904515,0.05426356589147287,0.0023094688221709007,0.9457364341085271,0.9986035769912455,0.9995695171164314,0.9961973477391313,0.016160355697333283
random,rf,112,22,2246,562,0.7631344612644702,0.7704626334519573,0,0.5,432,6,123,1,0.9875444839857651,0.9755894516354262,0.9863013698630136,0.9976905311778291,0.9919632606199771,0.9821476382151269,0.9646130092808295,0.046511627906976744,0.0023094688221709007,0.9534883720930233,0.9988184113002846,0.9996447153419907,0.9964297969254927,0.015788143499843577
random,xgboost,112,11,2246,562,0.7631344612644702,0.7704626334519573,0,0.5,431,4,125,2,0.9893238434163701,0.9821866552088367,0.9908045977011494,0.9953810623556582,0.9930875576036866,0.9848250288018433,0.9697002261501689,0.031007751937984496,0.004618937644341801,0.9689922480620154,0.999373399931969,0.9998164663059645,0.997898312396839,0.007782031781971455
random,xgboost,112,22,2246,562,0.7631344612644702,0.7704626334519573,0,0.5,431,2,127,2,0.9928825622775801,0.9899385931933329,0.9953810623556582,0.9953810623556582,0.9953810623556582,0.9899385931933329,0.979877186386666,0.015503875968992248,0.004618937644341801,0.9844961240310077,0.9992301770592763,0.9997710891721548,0.9975605158665214,0.008033090271055698
random,hgb,112,11,2246,562,0.7631344612644702,0.7704626334519573,0,0.5,430,3,126,3,0.9893238434163701,0.9849078897899994,0.9930715935334873,0.9930715935334873,0.9930715935334873,0.9849078897899994,0.9698157795799989,0.023255813953488372,0.006928406466512702,0.9767441860465116,0.9996419428182681,0.9998939169897261,0.9988245838369095,0.007966888601149899
random,hgb,112,22,2246,562,0.7631344612644702,0.7704626334519573,0,0.5,430,3,126,3,0.9893238434163701,0.9849078897899994,0.9930715935334873,0.9930715935334873,0.9930715935334873,0.9849078897899994,0.9698157795799989,0.023255813953488372,0.006928406466512702,0.9767441860465116,0.9996419428182681,0.9998939169897261,0.9988245838369095,0.007966888601149899
random,mlp,112,11,2246,562,0.7631344612644702,0.7704626334519573,0,0.5,422,5,124,11,0.9715302491103203,0.9679180765168198,0.9882903981264637,0.9745958429561201,0.9813953488372092,0.9603946441155744,0.9212082110411535,0.03875968992248062,0.025404157043879907,0.9612403100775194,0.9960613710009489,0.9988033626681625,0.9888497041527715,0.022555489093065262
random,mlp,112,22,2246,562,0.7631344612644702,0.7704626334519573,0,0.5,422,7,122,11,0.9679715302491103,0.9601661385323237,0.9836829836829837,0.9745958429561201,0.9791183294663574,0.9552080196950108,0.9106028185532149,0.05426356589147287,0.025404157043879907,0.9457364341085271,0.9942531822332027,0.9981930902948393,0.9857903503687071,0.025636089965701103
random,majority,113,11,2246,562,0.761353517364203,0.7775800711743772,0,0.5,437,125,0,0,0.7775800711743772,0.5,0.7775800711743772,1.0,0.8748748748748749,0.43743743743743746,0.0,1.0,0.0,0.0,0.5,0.7775800711743772,0.22241992882562278,0.22241992882562278
random,majority,113,22,2246,562,0.761353517364203,0.7775800711743772,0,0.5,437,125,0,0,0.7775800711743772,0.5,0.7775800711743772,1.0,0.8748748748748749,0.43743743743743746,0.0,1.0,0.0,0.0,0.5,0.7775800711743772,0.22241992882562278,0.22241992882562278
random,stratified,113,11,2246,562,0.761353517364203,0.7775800711743772,0,0.5,335,94,31,102,0.6512455516014235,0.5072951945080091,0.7808857808857809,0.7665903890160183,0.7736720554272517,0.5069910664733158,0.014276052284098529,0.752,0.2334096109839817,0.248,0.5072951945080092,0.7801141964680163,0.2250642977550638,0.3487544483985765
random,stratified,113,22,2246,562,0.761353517364203,0.7775800711743772,0,0.5,336,100,25,101,0.6423487544483986,0.4844393592677345,0.7706422018348624,0.7688787185354691,0.7697594501718213,0.48448131871140865,-0.03103306558082275,0.8,0.2311212814645309,0.2,0.4844393592677345,0.7722456910872446,0.2176184827430379,0.35765124555160144
random,logreg,113,11,2246,562,0.761353517364203,0.7775800711743772,0,0.5,387,23,102,50,0.8701067615658363,0.85079176201373,0.9439024390243902,0.88558352402746,0.9138134592680047,0.8251377765654103,0.6568427099027933,0.184,0.11441647597254005,0.816,0.9208970251716248,0.9713990755698548,0.8657324931371789,0.09503701812921649
random,logreg,113,22,2246,562,0.761353517364203,0.7775800711743772,0,0.5,387,23,102,50,0.8701067615658363,0.85079176201373,0.9439024390243902,0.88558352402746,0.9138134592680047,0.8251377765654103,0.6568427099027933,0.184,0.11441647597254005,0.816,0.9208970251716248,0.9713990755698548,0.8657324931371789,0.09503701812921649
random,tree,113,11,2246,562,0.761353517364203,0.7775800711743772,0,0.5,429,13,112,8,0.9626334519572953,0.9388466819221968,0.9705882352941176,0.9816933638443935,0.9761092150170648,0.9451974646513895,0.8907109307851389,0.104,0.018306636155606407,0.896,0.9375286041189931,0.967054905058516,0.850551280441002,0.03739455914997834
random,tree,113,22,2246,562,0.761353517364203,0.7775800711743772,0,0.5,428,14,111,9,0.9590747330960854,0.9337025171624713,0.9683257918552036,0.9794050343249427,0.9738339021615472,0.9399781755705695,0.8802700092287137,0.112,0.020594965675057208,0.888,0.9322196796338672,0.964397390285118,0.8364639732049404,0.04095327801118831
random,rf,113,11,2246,562,0.761353517364203,0.7775800711743772,0,0.5,436,15,110,1,0.9715302491103203,0.9388558352402746,0.9667405764966741,0.9977116704805492,0.9819819819819819,0.9570926859062452,0.9168490464474255,0.12,0.002288329519450801,0.88,0.9981693363844394,0.9994747328951445,0.9941666291124027,0.022514656136923675
random,rf,113,22,2246,562,0.761353517364203,0.7775800711743772,0,0.5,435,15,110,2,0.9697508896797153,0.9377116704805493,0.9666666666666667,0.9954233409610984,0.9808342728297632,0.954552157511928,0.9113780792124869,0.12,0.004576659038901602,0.88,0.9974736842105263,0.9992656514238087,0.9923936836487924,0.022126282199985206
random,xgboost,113,11,2246,562,0.761353517364203,0.7775800711743772,0,0.5,435,6,119,2,0.9857651245551602,0.9737116704805492,0.9863945578231292,0.9954233409610984,0.9908883826879271,0.9791840287423376,0.9585788113375932,0.048,0.004576659038901602,0.952,0.9985720823798626,0.9995895704565577,0.9954566993184146,0.01198362372815609
random,xgboost,113,22,2246,562,0.761353517364203,0.7775800711743772,0,0.5,435,7,118,2,0.9839857651245552,0.9697116704805492,0.9841628959276018,0.9954233409610984,0.9897610921501706,0.9765131991363099,0.9533564601236898,0.056,0.004576659038901602,0.944,0.9984439359267735,0.9995472912087071,0.995291523019412,0.012871572747826576
random,hgb,113,11,2246,562,0.761353517364203,0.7775800711743772,0,0.5,436,6,119,1,0.9875444839857651,0.9748558352402745,0.9864253393665159,0.9977116704805492,0.9920364050056882,0.9817324882171299,0.963797381680115,0.048,0.002288329519450801,0.952,0.9989748283752861,0.9997081541865287,0.9965854870390383,0.01316509590965504
random,hgb,113,22,2246,562,0.761353517364203,0.7775800711743772,0,0.5,436,6,119,1,0.9875444839857651,0.9748558352402745,0.9864253393665159,0.9977116704805492,0.9920364050056882,0.9817324882171299,0.963797381680115,0.048,0.002288329519450801,0.952,0.9989748283752861,0.9997081541865287,0.9965854870390383,0.01316509590965504
random,mlp,113,11,2246,562,0.761353517364203,0.7775800711743772,0,0.5,432,11,114,5,0.9715302491103203,0.950279176201373,0.9751693002257337,0.988558352402746,0.9818181818181818,0.9581222056631893,0.9167105716035001,0.088,0.011441647597254004,0.912,0.9935194508009153,0.9980897782708081,0.9820374771316516,0.023103781044483185
random,mlp,113,22,2246,562,0.761353517364203,0.7775800711743772,0,0.5,432,14,111,5,0.9661921708185054,0.938279176201373,0.968609865470852,0.988558352402746,0.9784824462061155,0.9498221359661283,0.9006999390444127,0.112,0.011441647597254004,0.888,0.9924393592677346,0.9977952230954176,0.9784070558302091,0.02654898725450039
random,majority,114,11,2246,562,0.7662511130899377,0.7580071174377224,0,0.5,426,136,0,0,0.7580071174377224,0.5,0.7580071174377224,1.0,0.8623481781376519,0.4311740890688259,0.0,1.0,0.0,0.0,0.5,0.7580071174377224,0.24199288256227758,0.24199288256227758
random,majority,114,22,2246,562,0.7662511130899377,0.7580071174377224,0,0.5,426,136,0,0,0.7580071174377224,0.5,0.7580071174377224,1.0,0.8623481781376519,0.4311740890688259,0.0,1.0,0.0,0.0,0.5,0.7580071174377224,0.24199288256227758,0.24199288256227758
random,stratified,114,11,2246,562,0.7662511130899377,0.7580071174377224,0,0.5,328,106,30,98,0.6370106761565836,0.49527064346865507,0.7557603686635944,0.7699530516431925,0.7627906976744186,0.49503171247357297,-0.009659540220956624,0.7794117647058824,0.2300469483568075,0.22058823529411764,0.49527064346865507,0.7562772263628069,0.24031246729118694,0.36298932384341637
random,stratified,114,22,2246,562,0.7662511130899377,0.7580071174377224,0,0.5,334,104,32,92,0.6512455516014235,0.5096658381662524,0.7625570776255708,0.784037558685446,0.7731481481481481,0.5096509971509972,0.019966220872373142,0.7647058823529411,0.215962441314554,0.23529411764705882,0.5096658381662524,0.7615744571155191,0.24577444340151394,0.3487544483985765
random,logreg,114,11,2246,562,0.7662511130899377,0.7580071174377224,0,0.5,376,21,115,50,0.8736654804270463,0.8641086716376691,0.947103274559194,0.8826291079812206,0.913730255164034,0.8389249282464688,0.6848540780357678,0.15441176470588236,0.11737089201877934,0.8455882352941176,0.9382421982877658,0.9762199392729043,0.8897468310944485,0.08945331166494672
random,logreg,114,22,2246,562,0.7662511130899377,0.7580071174377224,0,0.5,376,21,115,50,0.8736654804270463,0.8641086716376691,0.947103274559194,0.8826291079812206,0.913730255164034,0.8389249282464688,0.6848540780357678,0.15441176470588236,0.11737089201877934,0.8455882352941176,0.9382421982877658,0.9762199392729043,0.8897468310944485,0.08945331166494672
random,tree,114,11,2246,562,0.7662511130899377,0.7580071174377224,0,0.5,417,10,126,9,0.9661921708185054,0.952671913835957,0.9765807962529274,0.9788732394366197,0.977725674091442,0.9538074864922155,0.9076261019452797,0.07352941176470588,0.02112676056338028,0.9264705882352942,0.945154998619166,0.9674543779806832,0.8951647346680642,0.03343189235668677
random,tree,114,22,2246,562,0.7662511130899377,0.7580071174377224,0,0.5,416,11,125,10,0.9626334519572953,0.9478217343275338,0.9742388758782201,0.9765258215962441,0.9753810082063306,0.9489451166492908,0.897901289368195,0.08088235294117647,0.023474178403755867,0.9191176470588235,0.9387772714719691,0.9635623516333305,0.8892695864250145,0.03693048369773404
random,rf,114,11,2246,562,0.7662511130899377,0.7580071174377224,0,0.5,425,7,129,1,0.9857651245551602,0.9730909969621651,0.9837962962962963,0.9976525821596244,0.9906759906759907,0.980300401353033,0.9610265439699435,0.051470588235294115,0.002347417840375587,0.9485294117647058,0.9993095829881248,0.9997831129918497,0.9978548589504993,0.016833032967778844
random,rf,114,22,2246,562,0.7662511130899377,0.7580071174377224,0,0.5,425,10,126,1,0.9804270462633452,0.9620615851974592,0.9770114942528736,0.9976525821596244,0.9872241579558653,0.9726995314494156,0.9463627207283853,0.07352941176470588,0.002347417840375587,0.9264705882352942,0.9992578017122342,0.9997650374168885,0.9977365177501131,0.017610088768261895
random,xgboost,114,11,2246,562,0.7662511130899377,0.7580071174377224,0,0.5,423,2,134,3,0.9911032028469751,0.9891259320629661,0.9952941176470588,0.9929577464788732,0.9941245593419507,0.9879047705134661,0.975821065705603,0.014705882352941176,0.007042253521126761,0.9852941176470589,0.9998101353217342,0.999939499467094,0.999420126871058,0.005821700673550367
random,xgboost,114,22,2246,562,0.7662511130899377,0.7580071174377224,0,0.5,424,4,132,2,0.9893238434163701,0.9829466998066833,0.9906542056074766,0.9953051643192489,0.9929742388758782,0.9853760083268279,0.9707986604328779,0.029411764705882353,0.004694835680751174,0.9705882352941176,0.9996547914940624,0.9998909624340763,0.9989247098606123,0.007672897074371576
random,hgb,114,11,2246,562,0.7662511130899377,0.7580071174377224,0,0.5,426,3,133,0,0.994661921708185,0.9889705882352942,0.993006993006993,1.0,0.9964912280701754,0.992669405856649,0.9854452937554574,0.022058823529411766,0.0,0.9779411764705882,0.9999136978735156,0.9999725507840145,0.9997327714529645,0.004182288979662496
random,hgb,114,22,2246,562,0.7662511130899377,0.7580071174377224,0,0.5,426,3,133,0,0.994661921708185,0.9889705882352942,0.993006993006993,1.0,0.9964912280701754,0.992669405856649,0.9854452937554574,0.022058823529411766,0.0,0.9779411764705882,0.9999136978735156,0.9999725507840145,0.9997327714529645,0.004182288979662496
random,mlp,114,11,2246,562,0.7662511130899377,0.7580071174377224,0,0.5,419,9,127,7,0.9715302491103203,0.9586958022645677,0.9789719626168224,0.9835680751173709,0.9812646370023419,0.9610026888715413,0.9220505504290111,0.0661764705882353,0.01643192488262911,0.9338235294117647,0.9948218724109362,0.9982465228624098,0.987719129207696,0.021543746814131737
random,mlp,114,22,2246,562,0.7662511130899377,0.7580071174377224,0,0.5,421,8,128,5,0.9768683274021353,0.9647196906931788,0.9813519813519813,0.9882629107981221,0.9847953216374269,0.9682340920454793,0.9365713258170757,0.058823529411764705,0.011737089201877934,0.9411764705882353,0.9948046119856393,0.9982498403513856,0.9878189173442149,0.019628319889307022
random,majority,115,11,2246,562,0.7649154051647373,0.7633451957295374,0,0.5,429,133,0,0,0.7633451957295374,0.5,0.7633451957295374,1.0,0.8657921291624622,0.4328960645812311,0.0,1.0,0.0,0.0,0.5,0.7633451957295374,0.23665480427046262,0.23665480427046262
random,majority,115,22,2246,562,0.7649154051647373,0.7633451957295374,0,0.5,429,133,0,0,0.7633451957295374,0.5,0.7633451957295374,1.0,0.8657921291624622,0.4328960645812311,0.0,1.0,0.0,0.0,0.5,0.7633451957295374,0.23665480427046262,0.23665480427046262
random,stratified,115,11,2246,562,0.7649154051647373,0.7633451957295374,0,0.5,329,104,29,100,0.6370106761565836,0.49247243984086086,0.7598152424942263,0.7668997668997669,0.7633410672853829,0.4923575565434548,-0.015215978779878452,0.7819548872180451,0.2331002331002331,0.21804511278195488,0.49247243984086086,0.7606380754162102,0.23407127435405528,0.36298932384341637
random,stratified,115,22,2246,562,0.7649154051647373,0.7633451957295374,0,0.5,335,102,31,94,0.6512455516014235,0.5069842438263491,0.7665903890160183,0.7808857808857809,0.7736720554272517,0.5069910664733158,0.014276052284098529,0.7669172932330827,0.2191142191142191,0.23308270676691728,0.5069842438263491,0.7658793210231764,0.23929917319990368,0.3487544483985765
random,logreg,115,11,2246,562,0.7649154051647373,0.7633451957295374,0,0.5,370,23,110,59,0.8540925266903915,0.8447692658218974,0.9414758269720102,0.8624708624708625,0.9002433090024331,0.814360065097243,0.6391067122799476,0.17293233082706766,0.13752913752913754,0.8270676691729323,0.9383949383949384,0.9766006929101243,0.883547983783072,0.09237547254219629
random,logreg,115,22,2246,562,0.7649154051647373,0.7633451957295374,0,0.5,370,23,110,59,0.8540925266903915,0.8447692658218974,0.9414758269720102,0.8624708624708625,0.9002433090024331,0.814360065097243,0.6391067122799476,0.17293233082706766,0.13752913752913754,0.8270676691729323,0.9383949383949384,0.9766006929101243,0.883547983783072,0.09237547254219629
random,tree,115,11,2246,562,0.7649154051647373,0.7633451957295374,0,0.5,416,15,118,13,0.9501779359430605,0.9284575074048758,0.9651972157772621,0.9696969696969697,0.9674418604651163,0.930690627202255,0.8614259216962419,0.11278195488721804,0.030303030303030304,0.8872180451127819,0.9370103580629898,0.9643780072221532,0.8490269442502123,0.049224191923976056
random,tree,115,22,2246,562,0.7649154051647373,0.7633451957295374,0,0.5,417,14,119,12,0.9537366548042705,0.9333824070666176,0.9675174013921114,0.972027972027972,0.9697674418604652,0.9356412966878083,0.8713275715846367,0.10526315789473684,0.027972027972027972,0.8947368421052632,0.9421981527244685,0.9671861728305152,0.8621586272902096,0.04566547306276609
random,rf,115,11,2246,562,0.7649154051647373,0.7633451957295374,0,0.5,428,14,119,1,0.9733096085409253,0.9462029198871305,0.9683257918552036,0.9976689976689976,0.9827784156142365,0.9617449390324146,0.9255824523640057,0.10526315789473684,0.002331002331002331,0.8947368421052632,0.990185253343148,0.9964009260872357,0.9807024159253395,0.026149299961851967
random,rf,115,22,2246,562,0.7649154051647373,0.7633451957295374,0,0.5,428,14,119,1,0.9733096085409253,0.9462029198871305,0.9683257918552036,0.9976689976689976,0.9827784156142365,0.9617449390324146,0.9255824523640057,0.10526315789473684,0.002331002331002331,0.8947368421052632,0.990378043009622,0.9965801420701115,0.9800942023260949,0.02617407591459778
random,xgboost,115,11,2246,562,0.7649154051647373,0.7633451957295374,0,0.5,426,9,124,3,0.9786476868327402,0.9626689100373311,0.9793103448275862,0.993006993006993,0.9861111111111112,0.9699786324786326,0.9403906241327448,0.06766917293233082,0.006993006993006993,0.9323308270676691,0.9936554673396778,0.9977138207949248,0.9870334847181024,0.0173020176589489
random,xgboost,115,22,2246,562,0.7649154051647373,0.7633451957295374,0,0.5,425,9,124,4,0.9768683274021353,0.96150340887183,0.9792626728110599,0.9906759906759907,0.984936268829664,0.9675639198554451,0.9354261918034997,0.06766917293233082,0.009324009324009324,0.9323308270676691,0.9920780973412552,0.9967964768940738,0.9860223055642324,0.016810813918709755
random,hgb,115,11,2246,562,0.7649154051647373,0.7633451957295374,0,0.5,427,10,123,2,0.9786476868327402,0.9600750127065917,0.977116704805492,0.9953379953379954,0.9861431870669746,0.9698157795799989,0.9404103148901592,0.07518796992481203,0.004662004662004662,0.924812030075188,0.9931997826734669,0.9969339515868568,0.9894671567893739,0.01896655209511918
random,hgb,115,22,2246,562,0.7649154051647373,0.7633451957295374,0,0.5,427,10,123,2,0.9786476868327402,0.9600750127065917,0.977116704805492,0.9953379953379954,0.9861431870669746,0.9698157795799989,0.9404103148901592,0.07518796992481203,0.004662004662004662,0.924812030075188,0.9931997826734669,0.9969339515868568,0.9894671567893739,0.01896655209511918
random,mlp,115,11,2246,562,0.7649154051647373,0.7633451957295374,0,0.5,416,9,124,13,0.9608540925266904,0.9510138983823194,0.9788235294117648,0.9696969696969697,0.9742388758782201,0.9463786971983693,0.8929345738247401,0.06766917293233082,0.030303030303030304,0.9323308270676691,0.9916399390083601,0.9972253627925208,0.980581760046414,0.026892712339758873
random,mlp,115,22,2246,562,0.7649154051647373,0.7633451957295374,0,0.5,420,9,124,9,0.9679715302491103,0.955675903044324,0.9790209790209791,0.9790209790209791,0.9790209790209791,0.955675903044324,0.9113518060886482,0.06766917293233082,0.02097902097902098,0.9323308270676691,0.9917626233415707,0.9973126919206137,0.9797760610598764,0.027835140004754066
random,majority,116,11,2246,562,0.7707034728406055,0.7402135231316725,0,0.5,416,146,0,0,0.7402135231316725,0.5,0.7402135231316725,1.0,0.8507157464212679,0.42535787321063395,0.0,1.0,0.0,0.0,0.5,0.7402135231316725,0.2597864768683274,0.2597864768683274
random,majority,116,22,2246,562,0.7707034728406055,0.7402135231316725,0,0.5,416,146,0,0,0.7402135231316725,0.5,0.7402135231316725,1.0,0.8507157464212679,0.42535787321063395,0.0,1.0,0.0,0.0,0.5,0.7402135231316725,0.2597864768683274,0.2597864768683274
random,stratified,116,11,2246,562,0.7707034728406055,0.7402135231316725,0,0.5,323,117,29,93,0.6263345195729537,0.48753622233930455,0.7340909090909091,0.7764423076923077,0.7546728971962616,0.4855454038220114,-0.02651529897376498,0.8013698630136986,0.22355769230769232,0.19863013698630136,0.4875362223393045,0.7354596665567529,0.2554004138119529,0.3736654804270463
random,stratified,116,22,2246,562,0.7707034728406055,0.7402135231316725,0,0.5,326,113,33,90,0.6387900355871886,0.50484062170706,0.7425968109339408,0.7836538461538461,0.7625730994152047,0.503963129633253,0.010267611247153913,0.773972602739726,0.21634615384615385,0.22602739726027396,0.50484062170706,0.7420811957844116,0.26170911248429013,0.3612099644128114
random,logreg,116,11,2246,562,0.7707034728406055,0.7402135231316725,0,0.5,369,20,126,47,0.8807829181494662,0.8750164646996839,0.9485861182519281,0.8870192307692307,0.9167701863354037,0.8533694191865107,0.7125339665511689,0.136986301369863,0.11298076923076923,0.863013698630137,0.9437236564805058,0.9754225829863548,0.9081950869367169,0.08652314395645191
random,logreg,116,22,2246,562,0.7707034728406055,0.7402135231316725,0,0.5,369,20,126,47,0.8807829181494662,0.8750164646996839,0.9485861182519281,0.8870192307692307,0.9167701863354037,0.8533694191865107,0.7125339665511689,0.136986301369863,0.11298076923076923,0.863013698630137,0.9437236564805058,0.9754225829863548,0.9081950869367169,0.08652314395645191
random,tree,116,11,2246,562,0.7707034728406055,0.7402135231316725,0,0.5,403,10,136,13,0.9590747330960854,0.9501284246575342,0.9757869249394673,0.96875,0.9722557297949337,0.9471448140500092,0.8943785345390248,0.0684931506849315,0.03125,0.9315068493150684,0.951371509483667,0.9697611552953321,0.874846220703295,0.04124768438789532
random,tree,116,22,2246,562,0.7707034728406055,0.7402135231316725,0,0.5,401,10,136,15,0.9555160142348754,0.9477245785036881,0.975669099756691,0.9639423076923077,0.969770253929867,0.9427975848773915,0.8858386816352608,0.0684931506849315,0.036057692307692304,0.9315068493150684,0.9486548340358272,0.9685125241077699,0.8618268946569019,0.04480640324910528
random,rf,116,11,2246,562,0.7707034728406055,0.7402135231316725,0,0.5,414,15,131,2,0.9697508896797153,0.9462262908324552,0.965034965034965,0.9951923076923077,0.9798816568047337,0.9594748785815783,0.9207755461394773,0.10273972602739725,0.004807692307692308,0.8972602739726028,0.9964765542676501,0.9987201760250042,0.9917747710797765,0.021770647464871857
random,rf,116,22,2246,562,0.7707034728406055,0.7402135231316725,0,0.5,413,15,131,3,0.9679715302491103,0.9450243677555321,0.9649532710280374,0.9927884615384616,0.9786729857819905,0.9571936357481381,0.9159306603001727,0.10273972602739725,0.007211538461538462,0.8972602739726028,0.9957027133825078,0.9983900465271547,0.9907538916517981,0.022224302765719114
random,xgboost,116,11,2246,562,0.7707034728406055,0.7402135231316725,0,0.5,411,5,141,5,0.9822064056939501,0.9768670969441517,0.9879807692307693,0.9879807692307693,0.9879807692307693,0.9768670969441517,0.9537341938883035,0.03424657534246575,0.01201923076923077,0.9657534246575342,0.9965424130663857,0.9986935347668052,0.9926965083762052,0.01495019905269146
random,xgboost,116,22,2246,562,0.7707034728406055,0.7402135231316725,0,0.5,412,9,137,4,0.9768683274021353,0.9643703898840885,0.9786223277909739,0.9903846153846154,0.984468339307049,0.9695860860298311,0.9394355792961545,0.06164383561643835,0.009615384615384616,0.9383561643835616,0.9962954425711275,0.9985354826967721,0.9927790077364782,0.015367677435278893
random,hgb,116,11,2246,562,0.7707034728406055,0.7402135231316725,0,0.5,413,6,140,3,0.9839857651245552,0.9758462855637513,0.9856801909307876,0.9927884615384616,0.9892215568862276,0.9790398441870585,0.9581747944926889,0.0410958904109589,0.007211538461538462,0.958904109589041,0.9984687829293994,0.9994508347384641,0.9962093987306794,0.013853417564231595
random,hgb,116,22,2246,562,0.7707034728406055,0.7402135231316725,0,0.5,413,6,140,3,0.9839857651245552,0.9758462855637513,0.9856801909307876,0.9927884615384616,0.9892215568862276,0.9790398441870585,0.9581747944926889,0.0410958904109589,0.007211538461538462,0.958904109589041,0.9984687829293994,0.9994508347384641,0.9962093987306794,0.013853417564231595
random,mlp,116,11,2246,562,0.7707034728406055,0.7402135231316725,0,0.5,402,6,140,14,0.9644128113879004,0.9626251317175974,0.9852941176470589,0.9663461538461539,0.9757281553398058,0.9545307443365696,0.9096867491624788,0.0410958904109589,0.03365384615384615,0.958904109589041,0.9899894625922023,0.995797719132488,0.9826624092813049,0.027208862826228142
random,mlp,116,22,2246,562,0.7707034728406055,0.7402135231316725,0,0.5,405,4,142,11,0.9733096085409253,0.9730802160168599,0.9902200488997555,0.9735576923076923,0.9818181818181818,0.9658254788689571,0.9321386286657136,0.0273972602739726,0.026442307692307692,0.9726027397260274,0.9891991570073762,0.9952565664441071,0.9830547252348243,0.023602968081831932
random,majority,117,11,2246,562,0.7649154051647373,0.7633451957295374,0,0.5,429,133,0,0,0.7633451957295374,0.5,0.7633451957295374,1.0,0.8657921291624622,0.4328960645812311,0.0,1.0,0.0,0.0,0.5,0.7633451957295374,0.23665480427046262,0.23665480427046262
random,majority,117,22,2246,562,0.7649154051647373,0.7633451957295374,0,0.5,429,133,0,0,0.7633451957295374,0.5,0.7633451957295374,1.0,0.8657921291624622,0.4328960645812311,0.0,1.0,0.0,0.0,0.5,0.7633451957295374,0.23665480427046262,0.23665480427046262
random,stratified,117,11,2246,562,0.7649154051647373,0.7633451957295374,0,0.5,329,104,29,100,0.6370106761565836,0.49247243984086086,0.7598152424942263,0.7668997668997669,0.7633410672853829,0.4923575565434548,-0.015215978779878452,0.7819548872180451,0.2331002331002331,0.21804511278195488,0.49247243984086086,0.7606380754162102,0.23407127435405528,0.36298932384341637
random,stratified,117,22,2246,562,0.7649154051647373,0.7633451957295374,0,0.5,334,103,30,95,0.6476868327402135,0.5020593441646073,0.7643020594965675,0.7785547785547785,0.7713625866050808,0.5019603630699823,0.004209375516641348,0.7744360902255639,0.22144522144522144,0.22556390977443608,0.5020593441646073,0.7640901665877846,0.2374093596981778,0.35231316725978645
random,logreg,117,11,2246,562,0.7649154051647373,0.7633451957295374,0,0.5,386,19,114,43,0.8896797153024911,0.8784548784548785,0.9530864197530864,0.8997668997668997,0.9256594724220624,0.8559331844868933,0.7170034284148169,0.14285714285714285,0.10023310023310024,0.8571428571428571,0.9371330423962003,0.974585230273505,0.892090166297562,0.08599179841119109
random,logreg,117,22,2246,562,0.7649154051647373,0.7633451957295374,0,0.5,386,19,114,43,0.8896797153024911,0.8784548784548785,0.9530864197530864,0.8997668997668997,0.9256594724220624,0.8559331844868933,0.7170034284148169,0.14285714285714285,0.10023310023310024,0.8571428571428571,0.9371330423962003,0.974585230273505,0.892090166297562,0.08599179841119109
random,tree,117,11,2246,562,0.7649154051647373,0.7633451957295374,0,0.5,425,11,122,4,0.9733096085409253,0.9539846118793487,0.9747706422018348,0.9906759906759907,0.9826589595375722,0.9623719508112571,0.9253309265019211,0.08270676691729323,0.009324009324009324,0.9172932330827067,0.9531258215468741,0.9721567122864796,0.9187603160819118,0.026580535531043416
random,tree,117,22,2246,562,0.7649154051647373,0.7633451957295374,0,0.5,426,12,121,3,0.9733096085409253,0.9513907145486094,0.9726027397260274,0.993006993006993,0.9826989619377162,0.9621666015914262,0.9253141115998919,0.09022556390977443,0.006993006993006993,0.9097744360902256,0.950409239882924,0.9703636213211635,0.9211308814517702,0.026580535531043416
random,rf,117,11,2246,562,0.7649154051647373,0.7633451957295374,0,0.5,429,12,121,0,0.9786476868327402,0.9548872180451128,0.9727891156462585,1.0,0.9862068965517241,0.9694814010317676,0.9407543085852884,0.09022556390977443,0.0,0.9097744360902256,0.9935678356730988,0.9978843224195191,0.9848262720911158,0.02285134680041385
random,rf,117,22,2246,562,0.7649154051647373,0.7633451957295374,0,0.5,429,13,120,0,0.9768683274021353,0.9511278195488722,0.9705882352941176,1.0,0.9850746268656716,0.9668456138280928,0.9357984337110455,0.09774436090225563,0.0,0.9022556390977443,0.992901835007098,0.9976223843041894,0.9841048573289616,0.02267575528979884
random,xgboost,117,11,2246,562,0.7649154051647373,0.7633451957295374,0,0.5,428,11,122,1,0.9786476868327402,0.9574811153758522,0.9749430523917996,0.9976689976689976,0.9861751152073732,0.9696500576036866,0.9405303571650903,0.08270676691729323,0.002331002331002331,0.9172932330827067,0.9915172546751494,0.9965259564918946,0.9854391309840383,0.017459271475672722
random,xgboost,117,22,2246,562,0.7649154051647373,0.7633451957295374,0,0.5,427,11,122,2,0.9768683274021353,0.956315614210351,0.9748858447488584,0.9953379953379954,0.9850057670126874,0.9672110547125694,0.9354097538192501,0.08270676691729323,0.004662004662004662,0.9172932330827067,0.991114149008886,0.9958492641259167,0.9858951687803905,0.017977995797991753
random,hgb,117,11,2246,562,0.7649154051647373,0.7633451957295374,0,0.5,429,10,123,0,0.9822064056939501,0.9624060150375939,0.9772209567198178,1.0,0.988479262672811,0.9747083813364055,0.9506554038220537,0.07518796992481203,0.0,0.924812030075188,0.9917275706749391,0.99583286850642,0.988523898145278,0.015139235940729773
random,hgb,117,22,2246,562,0.7649154051647373,0.7633451957295374,0,0.5,429,10,123,0,0.9822064056939501,0.9624060150375939,0.9772209567198178,1.0,0.988479262672811,0.9747083813364055,0.9506554038220537,0.07518796992481203,0.0,0.924812030075188,0.9917275706749391,0.99583286850642,0.988523898145278,0.015139235940729773
random,mlp,117,11,2246,562,0.7649154051647373,0.7633451957295374,0,0.5,423,11,122,6,0.9697508896797153,0.9516536095483463,0.9746543778801844,0.986013986013986,0.9803012746234068,0.9575835875032743,0.9154615282840721,0.08270676691729323,0.013986013986013986,0.9172932330827067,0.9859964596806703,0.9945574746247479,0.9743073088968616,0.027789335697889328
random,mlp,117,22,2246,562,0.7649154051647373,0.7633451957295374,0,0.5,418,11,122,11,0.9608540925266904,0.9458261037208405,0.9743589743589743,0.9743589743589743,0.9743589743589743,0.9458261037208405,0.8916522074416812,0.08270676691729323,0.02564102564102564,0.9172932330827067,0.9854531433478801,0.994708917149706,0.9727913704445019,0.03166501596570015
random,majority,118,11,2246,562,0.7631344612644702,0.7704626334519573,0,0.5,433,129,0,0,0.7704626334519573,0.5,0.7704626334519573,1.0,0.8703517587939699,0.43517587939698493,0.0,1.0,0.0,0.0,0.5,0.7704626334519573,0.22953736654804271,0.22953736654804271
random,majority,118,22,2246,562,0.7631344612644702,0.7704626334519573,0,0.5,433,129,0,0,0.7704626334519573,0.5,0.7704626334519573,1.0,0.8703517587939699,0.43517587939698493,0.0,1.0,0.0,0.0,0.5,0.7704626334519573,0.22953736654804271,0.22953736654804271
random,stratified,118,11,2246,562,0.7631344612644702,0.7704626334519573,0,0.5,332,99,30,101,0.6441281138790036,0.49965089424781134,0.7703016241299304,0.766743648960739,0.7685185185185185,0.4996438746438746,-0.0006944668516567435,0.7674418604651163,0.23325635103926096,0.23255813953488372,0.49965089424781134,0.7703391805768697,0.22941417283635518,0.35587188612099646
random,stratified,118,22,2246,562,0.7631344612644702,0.7704626334519573,0,0.5,338,99,30,95,0.6548042704626335,0.5065793007143241,0.7734553775743707,0.7806004618937644,0.7770114942528735,0.5066159833469092,0.01330616212786823,0.7674418604651163,0.21939953810623555,0.23255813953488372,0.506579300714324,0.7727987708962429,0.23197053711826535,0.34519572953736655
random,logreg,118,11,2246,562,0.7631344612644702,0.7704626334519573,0,0.5,384,16,113,49,0.8843416370106761,0.881402509980844,0.96,0.8868360277136259,0.921968787515006,0.8493005449602522,0.7082145465814885,0.12403100775193798,0.11316397228637413,0.875968992248062,0.9462019084447786,0.9791807584480926,0.9043715192582751,0.08417708979913731
random,logreg,118,22,2246,562,0.7631344612644702,0.7704626334519573,0,0.5,384,16,113,49,0.8843416370106761,0.881402509980844,0.96,0.8868360277136259,0.921968787515006,0.8493005449602522,0.7082145465814885,0.12403100775193798,0.11316397228637413,0.875968992248062,0.9462019084447786,0.9791807584480926,0.9043715192582751,0.08417708979913731
random,tree,118,11,2246,562,0.7631344612644702,0.7704626334519573,0,0.5,419,4,125,14,0.9679715302491103,0.9683298422758114,0.9905437352245863,0.9676674364896074,0.9789719626168224,0.9559038917561724,0.91294170582065,0.031007751937984496,0.03233256351039261,0.9689922480620154,0.9694398195391805,0.9843024514780983,0.8942405096638089,0.029796038874696
random,tree,118,22,2246,562,0.7631344612644702,0.7704626334519573,0,0.5,420,4,125,13,0.9697508896797153,0.9694845766868969,0.9905660377358491,0.9699769053117783,0.9801633605600933,0.9582464742875373,0.9174188454114797,0.031007751937984496,0.03002309468822171,0.9689922480620154,0.9707377768229586,0.9848352426014586,0.901631569744957,0.02801667944409102
random,rf,118,11,2246,562,0.7631344612644702,0.7704626334519573,0,0.5,433,10,119,0,0.9822064056939501,0.9612403100775193,0.9774266365688488,1.0,0.9885844748858448,0.9741309471203418,0.9495562805111055,0.07751937984496124,0.0,0.9224806201550387,0.9969207082371054,0.9990172647926201,0.9927464707123241,0.01650445501214131
random,rf,118,22,2246,562,0.7631344612644702,0.7704626334519573,0,0.5,433,9,120,0,0.9839857651245552,0.9651162790697674,0.9796380090497737,1.0,0.9897142857142858,0.9767848537005164,0.9546157191294787,0.06976744186046512,0.0,0.9302325581395349,0.9975473083051363,0.9992467578037323,0.9933447278080061,0.016472129713327816
random,xgboost,118,11,2246,562,0.7631344612644702,0.7704626334519573,0,0.5,432,6,123,1,0.9875444839857651,0.9755894516354262,0.9863013698630136,0.9976905311778291,0.9919632606199771,0.9821476382151269,0.9646130092808295,0.046511627906976744,0.0023094688221709007,0.9534883720930233,0.9977800454732622,0.9992852070969985,0.9948350138077279,0.010073146782815456
random,xgboost,118,22,2246,562,0.7631344612644702,0.7704626334519573,0,0.5,432,7,122,1,0.9857651245551602,0.9717134826431781,0.9840546697038725,0.9976905311778291,0.9908256880733946,0.9795398281636813,0.9595382080904515,0.05426356589147287,0.0023094688221709007,0.9457364341085271,0.9985140626958126,0.9995426930689464,0.9959406085955789,0.010265464894473553
random,hgb,118,11,2246,562,0.7631344612644702,0.7704626334519573,0,0.5,433,5,124,0,0.9911032028469751,0.9806201550387597,0.9885844748858448,1.0,0.9942594718714122,0.987248313010805,0.9748165197497891,0.03875968992248062,0.0,0.9612403100775194,0.9992659827774497,0.9997736509439509,0.9980172418360913,0.007281239782955296
random,hgb,118,22,2246,562,0.7631344612644702,0.7704626334519573,0,0.5,433,5,124,0,0.9911032028469751,0.9806201550387597,0.9885844748858448,1.0,0.9942594718714122,0.987248313010805,0.9748165197497891,0.03875968992248062,0.0,0.9612403100775194,0.9992659827774497,0.9997736509439509,0.9980172418360913,0.007281239782955296
random,mlp,118,11,2246,562,0.7631344612644702,0.7704626334519573,0,0.5,420,11,118,13,0.9572953736654805,0.9423527937411604,0.974477958236659,0.9699769053117783,0.9722222222222222,0.939957264957265,0.8799607284184948,0.08527131782945736,0.03002309468822171,0.9147286821705426,0.9850332098036056,0.9949246537696241,0.9707324489833664,0.03188832476735115
random,mlp,118,22,2246,562,0.7631344612644702,0.7704626334519573,0,0.5,427,7,122,6,0.9768683274021353,0.9659398105877508,0.9838709677419355,0.9861431870669746,0.9850057670126874,0.9672110547125694,0.9344342927473966,0.05426356589147287,0.013856812933025405,0.9457364341085271,0.9958107309737365,0.9985877415813382,0.9908496217489724,0.0168551467359066
random,majority,119,11,2246,562,0.7662511130899377,0.7580071174377224,0,0.5,426,136,0,0,0.7580071174377224,0.5,0.7580071174377224,1.0,0.8623481781376519,0.4311740890688259,0.0,1.0,0.0,0.0,0.5,0.7580071174377224,0.24199288256227758,0.24199288256227758
random,majority,119,22,2246,562,0.7662511130899377,0.7580071174377224,0,0.5,426,136,0,0,0.7580071174377224,0.5,0.7580071174377224,1.0,0.8623481781376519,0.4311740890688259,0.0,1.0,0.0,0.0,0.5,0.7580071174377224,0.24199288256227758,0.24199288256227758
random,stratified,119,11,2246,562,0.7662511130899377,0.7580071174377224,0,0.5,327,107,29,99,0.6334519572953736,0.490420463960232,0.7534562211981567,0.7676056338028169,0.7604651162790698,0.49008104298801974,-0.01956585701690119,0.7867647058823529,0.2323943661971831,0.21323529411764705,0.490420463960232,0.7545138238453798,0.2387025803982625,0.3665480427046263
random,stratified,119,22,2246,562,0.7662511130899377,0.7580071174377224,0,0.5,332,106,30,94,0.6441281138790036,0.49996547914940626,0.7579908675799086,0.7793427230046949,0.7685185185185185,0.4996438746438746,-7.130793168704694e-05,0.7794117647058824,0.22065727699530516,0.22058823529411764,0.49996547914940626,0.7579944532292853,0.24198022108625336,0.35587188612099646
random,logreg,119,11,2246,562,0.7662511130899377,0.7580071174377224,0,0.5,370,26,110,56,0.8540925266903915,0.838684065175366,0.9343434343434344,0.8685446009389671,0.9002433090024331,0.814360065097243,0.6359125211111707,0.19117647058823528,0.13145539906103287,0.8088235294117647,0.9194973764153549,0.9703710292653649,0.843771234488606,0.10462092747808506
random,logreg,119,22,2246,562,0.7662511130899377,0.7580071174377224,0,0.5,370,26,110,56,0.8540925266903915,0.838684065175366,0.9343434343434344,0.8685446009389671,0.9002433090024331,0.814360065097243,0.6359125211111707,0.19117647058823528,0.13145539906103287,0.8088235294117647,0.9194973764153549,0.9703710292653649,0.843771234488606,0.10462092747808506
random,tree,119,11,2246,562,0.7662511130899377,0.7580071174377224,0,0.5,414,22,114,12,0.9395017793594306,0.9050331400165701,0.9495412844036697,0.971830985915493,0.9605568445475638,0.9153929260905758,0.8318907419053327,0.16176470588235295,0.028169014084507043,0.8382352941176471,0.9109534658933995,0.9483290838464661,0.8072609314845107,0.059656381969004316
random,tree,119,22,2246,562,0.7662511130899377,0.7580071174377224,0,0.5,416,24,112,10,0.9395017793594306,0.900027616680475,0.9454545454545454,0.9765258215962441,0.9607390300230947,0.9144780421433303,0.8311663847746347,0.17647058823529413,0.023474178403755867,0.8235294117647058,0.9044635459817729,0.9444160160332068,0.7997747990747669,0.05975646858766172
random,rf,119,11,2246,562,0.7662511130899377,0.7580071174377224,0,0.5,426,20,116,0,0.9644128113879004,0.9264705882352942,0.9551569506726457,1.0,0.9770642201834863,0.9488495704092035,0.9026032867327628,0.14705882352941177,0.0,0.8529411764705882,0.9930785694559514,0.9976247771478832,0.9845292762225261,0.028718108700985276
random,rf,119,22,2246,562,0.7662511130899377,0.7580071174377224,0,0.5,426,19,117,0,0.9661921708185054,0.9301470588235294,0.9573033707865168,1.0,0.9781859931113662,0.9515435894410587,0.9075034207601322,0.13970588235294118,0.0,0.8602941176470589,0.9924054128693731,0.9974096967992679,0.9826060168411492,0.02916405480757818
random,xgboost,119,11,2246,562,0.7662511130899377,0.7580071174377224,0,0.5,422,13,123,4,0.9697508896797153,0.94751104667219,0.9701149425287356,0.9906103286384976,0.9802555168408827,0.9578083667854604,0.916561309687144,0.09558823529411764,0.009389671361502348,0.9044117647058824,0.9887634631317316,0.9954654701636354,0.9807267466868769,0.022569552063941956
random,xgboost,119,22,2246,562,0.7662511130899377,0.7580071174377224,0,0.5,422,10,126,4,0.9750889679715302,0.958540458436896,0.9768518518518519,0.9906103286384976,0.9836829836829837,0.9655257023678077,0.9314689031743413,0.07352941176470588,0.009389671361502348,0.9264705882352942,0.9917149958574979,0.9971189715643698,0.9822859678908342,0.02254914678633213
random,hgb,119,11,2246,562,0.7662511130899377,0.7580071174377224,0,0.5,425,10,126,1,0.9804270462633452,0.9620615851974592,0.9770114942528736,0.9976525821596244,0.9872241579558653,0.9726995314494156,0.9463627207283853,0.07352941176470588,0.002347417840375587,0.9264705882352942,0.9914388290527479,0.9965967249298504,0.9859035340553516,0.019855666358473953
random,hgb,119,22,2246,562,0.7662511130899377,0.7580071174377224,0,0.5,425,10,126,1,0.9804270462633452,0.9620615851974592,0.9770114942528736,0.9976525821596244,0.9872241579558653,0.9726995314494156,0.9463627207283853,0.07352941176470588,0.002347417840375587,0.9264705882352942,0.9914388290527479,0.9965967249298504,0.9859035340553516,0.019855666358473953
random,mlp,119,11,2246,562,0.7662511130899377,0.7580071174377224,0,0.5,417,14,122,9,0.9590747330960854,0.9379660314830158,0.9675174013921114,0.9788732394366197,0.9731621936989499,0.9435099358007858,0.8872998223147971,0.10294117647058823,0.02112676056338028,0.8970588235294118,0.9889188069594035,0.9961803457624361,0.9743759733509987,0.030180295929312706
random,mlp,119,22,2246,562,0.7662511130899377,0.7580071174377224,0,0.5,422,13,123,4,0.9697508896797153,0.94751104667219,0.9701149425287356,0.9906103286384976,0.9802555168408827,0.9578083667854604,0.916561309687144,0.09558823529411764,0.009389671361502348,0.9044117647058824,0.9821699806683237,0.993479659831764,0.9662982238611892,0.03302740678191185
random,majority,120,11,2246,562,0.7600178094390027,0.7829181494661922,0,0.5,440,122,0,0,0.7829181494661922,0.5,0.7829181494661922,1.0,0.8782435129740519,0.43912175648702595,0.0,1.0,0.0,0.0,0.5,0.7829181494661922,0.21708185053380782,0.21708185053380782
random,majority,120,22,2246,562,0.7600178094390027,0.7829181494661922,0,0.5,440,122,0,0,0.7829181494661922,0.5,0.7829181494661922,1.0,0.8782435129740519,0.43912175648702595,0.0,1.0,0.0,0.0,0.5,0.7829181494661922,0.21708185053380782,0.21708185053380782
random,stratified,120,11,2246,562,0.7600178094390027,0.7829181494661922,0,0.5,336,93,29,104,0.6494661921708185,0.5006706408345752,0.7832167832167832,0.7636363636363637,0.7733026467203682,0.5003768135562625,0.0013009834631853737,0.7622950819672131,0.23636363636363636,0.23770491803278687,0.5006706408345754,0.7831461970575526,0.21731082270754773,0.3505338078291815
random,stratified,120,22,2246,562,0.7600178094390027,0.7829181494661922,0,0.5,343,93,29,97,0.6619217081850534,0.5086251862891207,0.786697247706422,0.7795454545454545,0.7831050228310502,0.5084879952864928,0.017052035020620433,0.7622950819672131,0.22045454545454546,0.23770491803278687,0.5086251862891207,0.7858641283216441,0.22019028913317462,0.33807829181494664
random,logreg,120,11,2246,562,0.7600178094390027,0.7829181494661922,0,0.5,380,16,106,60,0.8647686832740213,0.8662444113263785,0.9595959595959596,0.8636363636363636,0.9090909090909091,0.8226010101010102,0.6619201753438524,0.13114754098360656,0.13636363636363635,0.8688524590163934,0.9393628912071534,0.9780211570549517,0.8910872340902842,0.09869543904242359
random,logreg,120,22,2246,562,0.7600178094390027,0.7829181494661922,0,0.5,380,16,106,60,0.8647686832740213,0.8662444113263785,0.9595959595959596,0.8636363636363636,0.9090909090909091,0.8226010101010102,0.6619201753438524,0.13114754098360656,0.13636363636363635,0.8688524590163934,0.9393628912071534,0.9780211570549517,0.8910872340902842,0.09869543904242359
random,tree,120,11,2246,562,0.7600178094390027,0.7829181494661922,0,0.5,426,11,111,14,0.9555160142348754,0.9390089418777943,0.9748283752860412,0.9681818181818181,0.9714937286202965,0.9351395768607556,0.8703899954117825,0.09016393442622951,0.031818181818181815,0.9098360655737705,0.9412164679582713,0.97013808787501,0.845623098384678,0.044425504954582674
random,tree,120,22,2246,562,0.7600178094390027,0.7829181494661922,0,0.5,426,11,111,14,0.9555160142348754,0.9390089418777943,0.9748283752860412,0.9681818181818181,0.9714937286202965,0.9351395768607556,0.8703899954117825,0.09016393442622951,0.031818181818181815,0.9098360655737705,0.9412164679582713,0.97013808787501,0.845623098384678,0.044425504954582674
random,rf,120,11,2246,562,0.7600178094390027,0.7829181494661922,0,0.5,438,8,114,2,0.9822064056939501,0.9649403874813711,0.9820627802690582,0.9954545454545455,0.9887133182844243,0.9733482557808677,0.9471899872908957,0.06557377049180328,0.004545454545454545,0.9344262295081968,0.9972429210134128,0.9992103495765234,0.992044347217558,0.019040360725471817
random,rf,120,22,2246,562,0.7600178094390027,0.7829181494661922,0,0.5,439,7,115,1,0.9857651245551602,0.9701751117734725,0.984304932735426,0.9977272727272727,0.9909706546275395,0.9786786046246941,0.9578543188250226,0.05737704918032787,0.0022727272727272726,0.9426229508196722,0.9971311475409835,0.9991801797284496,0.9916524512180318,0.019248454405623477
random,xgboost,120,11,2246,562,0.7600178094390027,0.7829181494661922,0,0.5,437,7,115,3,0.9822064056939501,0.9679023845007452,0.9842342342342343,0.9931818181818182,0.9886877828054299,0.9735105580693817,0.9472377967233977,0.05737704918032787,0.006818181818181818,0.9426229508196722,0.9980067064083458,0.9994438018491199,0.993565584809814,0.01364937238395214
random,xgboost,120,22,2246,562,0.7600178094390027,0.7829181494661922,0,0.5,434,5,117,6,0.9804270462633452,0.9726900149031297,0.9886104783599089,0.9863636363636363,0.987485779294653,0.9712939100554898,0.9426009253569251,0.040983606557377046,0.013636363636363636,0.9590163934426229,0.9977645305514158,0.9993712396608685,0.9930366906792839,0.013913624919950962
random,hgb,120,11,2246,562,0.7600178094390027,0.7829181494661922,0,0.5,439,7,115,1,0.9857651245551602,0.9701751117734725,0.984304932735426,0.9977272727272727,0.9909706546275395,0.9786786046246941,0.9578543188250226,0.05737704918032787,0.0022727272727272726,0.9426229508196722,0.9991989567809241,0.9997780178150804,0.997270529980469,0.011578535256790461
random,hgb,120,22,2246,562,0.7600178094390027,0.7829181494661922,0,0.5,439,7,115,1,0.9857651245551602,0.9701751117734725,0.984304932735426,0.9977272727272727,0.9909706546275395,0.9786786046246941,0.9578543188250226,0.05737704918032787,0.0022727272727272726,0.9426229508196722,0.9991989567809241,0.9997780178150804,0.997270529980469,0.011578535256790461
random,mlp,120,11,2246,562,0.7600178094390027,0.7829181494661922,0,0.5,426,5,117,14,0.9661921708185054,0.9635991058122205,0.988399071925754,0.9681818181818181,0.9781859931113662,0.9515435894410587,0.9040751996648533,0.040983606557377046,0.031818181818181815,0.9590163934426229,0.994187779433681,0.9982744638749115,0.9852091798395411,0.021998809650540352
random,mlp,120,22,2246,562,0.7600178094390027,0.7829181494661922,0,0.5,417,10,112,23,0.9412811387900356,0.9328800298062594,0.9765807962529274,0.9477272727272728,0.9619377162629758,0.9167665235011377,0.8354548380207734,0.08196721311475409,0.05227272727272727,0.9180327868852459,0.9823025335320417,0.9942229317032443,0.9631802888766045,0.04739579185843468
group_disjoint,majority,101,11,2219,589,0.7773771969355565,0.7164685908319185,0,0.5,422,167,0,0,0.7164685908319185,0.5,0.7164685908319185,1.0,0.8348170128585559,0.41740850642927796,0.0,1.0,0.0,0.0,0.5,0.7164685908319185,0.2835314091680815,0.2835314091680815
group_disjoint,majority,101,22,2219,589,0.7773771969355565,0.7164685908319185,0,0.5,422,167,0,0,0.7164685908319185,0.5,0.7164685908319185,1.0,0.8348170128585559,0.41740850642927796,0.0,1.0,0.0,0.0,0.5,0.7164685908319185,0.2835314091680815,0.2835314091680815
group_disjoint,stratified,101,11,2219,589,0.7773771969355565,0.7164685908319185,0,0.5,332,129,38,90,0.6281833616298812,0.5071373839997729,0.720173535791757,0.7867298578199052,0.7519818799546999,0.5048044992993839,0.015600124780247337,0.7724550898203593,0.2132701421800948,0.2275449101796407,0.507137383999773,0.7193833816534029,0.2865676753454043,0.37181663837011886
group_disjoint,stratified,101,22,2219,589,0.7773771969355565,0.7164685908319185,0,0.5,339,129,38,83,0.6400679117147708,0.5154312228623322,0.7243589743589743,0.8033175355450237,0.7617977528089888,0.5128433208489388,0.034429378928716205,0.7724550898203593,0.1966824644549763,0.2275449101796407,0.5154312228623322,0.722807074281378,0.2904756651509172,0.3599320882852292
group_disjoint,logreg,101,11,2219,589,0.7773771969355565,0.7164685908319185,0,0.5,363,3,164,59,0.8947368421052632,0.9211127508017141,0.9918032786885246,0.8601895734597157,0.9213197969543148,0.8811727189899778,0.782618075166766,0.017964071856287425,0.13981042654028436,0.9820359281437125,0.9738059426171354,0.9899792762656139,0.9154257478857496,0.09137710180111935
group_disjoint,logreg,101,22,2219,589,0.7773771969355565,0.7164685908319185,0,0.5,363,3,164,59,0.8947368421052632,0.9211127508017141,0.9918032786885246,0.8601895734597157,0.9213197969543148,0.8811727189899778,0.782618075166766,0.017964071856287425,0.13981042654028436,0.9820359281437125,0.9738059426171354,0.9899792762656139,0.9154257478857496,0.09137710180111935
group_disjoint,tree,101,11,2219,589,0.7773771969355565,0.7164685908319185,0,0.5,409,10,157,13,0.9609507640067911,0.9546570366376252,0.9761336515513126,0.9691943127962085,0.9726516052318668,0.9522011735358147,0.9044756960135403,0.059880239520958084,0.030805687203791468,0.9401197604790419,0.9517978261486505,0.9656700951343862,0.89034362333891,0.03924649864094216
group_disjoint,tree,101,22,2219,589,0.7773771969355565,0.7164685908319185,0,0.5,408,14,153,14,0.9524617996604414,0.9414961546102109,0.966824644549763,0.966824644549763,0.966824644549763,0.9414961546102109,0.8829923092204217,0.08383233532934131,0.03317535545023697,0.9161676646706587,0.9370193262763571,0.954878421740689,0.8681886947156274,0.0477354629872919
group_disjoint,rf,101,11,2219,589,0.7773771969355565,0.7164685908319185,0,0.5,418,4,163,4,0.9864176570458404,0.9832846156029174,0.990521327014218,0.990521327014218,0.990521327014218,0.9832846156029174,0.9665692312058348,0.023952095808383235,0.009478672985781991,0.9760479041916168,0.9991770014473423,0.9996828738380502,0.9978957196307057,0.021470273229491074
group_disjoint,rf,101,22,2219,589,0.7773771969355565,0.7164685908319185,0,0.5,418,5,162,4,0.9847198641765704,0.9802906036268695,0.9881796690307328,0.990521327014218,0.9893491124260355,0.9811610426995043,0.9623306522950382,0.029940119760479042,0.009478672985781991,0.9700598802395209,0.999404035530834,0.9997702204613849,0.9984695571911095,0.021649342654761143
group_disjoint,xgboost,101,11,2219,589,0.7773771969355565,0.7164685908319185,0,0.5,414,3,164,8,0.9813242784380306,0.9815392910860743,0.9928057553956835,0.981042654028436,0.9868891537544696,0.9772203880866743,0.9546494679303258,0.017964071856287425,0.018957345971563982,0.9820359281437125,0.9987087436501405,0.9995054830674392,0.9966805546981632,0.01342721562832594
group_disjoint,xgboost,101,22,2219,589,0.7773771969355565,0.7164685908319185,0,0.5,415,3,164,7,0.9830220713073005,0.9827241252092971,0.992822966507177,0.9834123222748815,0.9880952380952381,0.9792547196393351,0.9586437933772921,0.017964071856287425,0.016587677725118485,0.9820359281437125,0.9984675199364305,0.9994347775308252,0.9957625291458957,0.01125654112547636
group_disjoint,hgb,101,11,2219,589,0.7773771969355565,0.7164685908319185,0,0.5,416,2,165,6,0.9864176570458404,0.9869029713085677,0.9952153110047847,0.985781990521327,0.9904761904761905,0.983403775711468,0.9669425807536384,0.011976047904191617,0.014218009478672985,0.9880239520958084,0.9980276413996652,0.9992764042825542,0.9944782004395838,0.010924140574333037
group_disjoint,hgb,101,22,2219,589,0.7773771969355565,0.7164685908319185,0,0.5,416,2,165,6,0.9864176570458404,0.9869029713085677,0.9952153110047847,0.985781990521327,0.9904761904761905,0.983403775711468,0.9669425807536384,0.011976047904191617,0.014218009478672985,0.9880239520958084,0.9980276413996652,0.9992764042825542,0.9944782004395838,0.010924140574333037
group_disjoint,mlp,101,11,2219,589,0.7773771969355565,0.7164685908319185,0,0.5,401,2,165,21,0.9609507640067911,0.9691304594602265,0.9950372208436724,0.9502369668246445,0.9721212121212122,0.9534827023778865,0.9097647238679861,0.011976047904191617,0.04976303317535545,0.9880239520958084,0.9828873059568067,0.9943329974642334,0.9362200001626307,0.03607545420527458
group_disjoint,mlp,101,22,2219,589,0.7773771969355565,0.7164685908319185,0,0.5,402,1,166,20,0.9643463497453311,0.973309305559497,0.9975186104218362,0.95260663507109,0.9745454545454545,0.9575276847798093,0.9178685821677948,0.005988023952095809,0.04739336492890995,0.9940119760479041,0.989073984731958,0.996306732352237,0.9613179365904865,0.033222995698451996
group_disjoint,majority,102,11,2158,650,0.7567191844300278,0.7907692307692308,0,0.5,514,136,0,0,0.7907692307692308,0.5,0.7907692307692308,1.0,0.8831615120274914,0.4415807560137457,0.0,1.0,0.0,0.0,0.5,0.7907692307692308,0.20923076923076922,0.20923076923076922
group_disjoint,majority,102,22,2158,650,0.7567191844300278,0.7907692307692308,0,0.5,514,136,0,0,0.7907692307692308,0.5,0.7907692307692308,1.0,0.8831615120274914,0.4415807560137457,0.0,1.0,0.0,0.0,0.5,0.7907692307692308,0.20923076923076922,0.20923076923076922
group_disjoint,stratified,102,11,2158,650,0.7567191844300278,0.7907692307692308,0,0.5,385,102,34,129,0.6446153846153846,0.4995136186770428,0.7905544147843943,0.7490272373540856,0.7692307692307693,0.4983277591973244,-0.000912850412645334,0.75,0.2509727626459144,0.25,0.4995136186770428,0.7906083277455692,0.2090703161868806,0.3553846153846154
group_disjoint,stratified,102,22,2158,650,0.7567191844300278,0.7907692307692308,0,0.5,404,102,34,110,0.6738461538461539,0.5179961089494163,0.7984189723320159,0.7859922178988327,0.792156862745098,0.5175070028011204,0.03525357127086416,0.75,0.2140077821011673,0.25,0.5179961089494163,0.7967818681065171,0.21595085470085468,0.3261538461538461
group_disjoint,logreg,102,11,2158,650,0.7567191844300278,0.7907692307692308,0,0.5,442,74,62,72,0.7753846153846153,0.6579022659647517,0.8565891472868217,0.8599221789883269,0.858252427184466,0.6587558432218626,0.31753538001088333,0.5441176470588235,0.14007782101167315,0.45588235294117646,0.7134355687800412,0.9077734675288142,0.42897642472023717,0.17638372602886568
group_disjoint,logreg,102,22,2158,650,0.7567191844300278,0.7907692307692308,0,0.5,442,74,62,72,0.7753846153846153,0.6579022659647517,0.8565891472868217,0.8599221789883269,0.858252427184466,0.6587558432218626,0.31753538001088333,0.5441176470588235,0.14007782101167315,0.45588235294117646,0.7134355687800412,0.9077734675288142,0.42897642472023717,0.17638372602886568
group_disjoint,tree,102,11,2158,650,0.7567191844300278,0.7907692307692308,0,0.5,441,82,54,73,0.7615384615384615,0.6275177386129549,0.8432122370936902,0.857976653696498,0.8505303760848602,0.6305883819587799,0.2616368470210528,0.6029411764705882,0.14202334630350194,0.39705882352941174,0.6304717898832685,0.8367010241040114,0.3058137274695867,0.2375715503901305
group_disjoint,tree,102,22,2158,650,0.7567191844300278,0.7907692307692308,0,0.5,455,82,54,59,0.7830769230769231,0.6411364156557564,0.8472998137802608,0.8852140077821011,0.8658420551855376,0.6497884974722868,0.3029658852175528,0.6029411764705882,0.11478599221789883,0.39705882352941174,0.643804360265507,0.841701417943837,0.3282677541745085,0.21613215957710255
group_disjoint,rf,102,11,2158,650,0.7567191844300278,0.7907692307692308,0,0.5,491,83,53,23,0.8369230769230769,0.6724794003204395,0.8554006968641115,0.9552529182879378,0.9025735294117647,0.7012867647058824,0.4366721561399081,0.6102941176470589,0.04474708171206226,0.3897058823529412,0.7441777294575418,0.9179863489068463,0.510582336067103,0.13695630856445928
group_disjoint,rf,102,22,2158,650,0.7567191844300278,0.7907692307692308,0,0.5,492,85,51,22,0.8353846153846154,0.6660992217898833,0.8526863084922011,0.9571984435797666,0.9019248395967002,0.694981558554331,0.4279561485805382,0.625,0.042801556420233464,0.375,0.7418173495078966,0.9167914167866527,0.49883585315791007,0.13892477489486746
group_disjoint,xgboost,102,11,2158,650,0.7567191844300278,0.7907692307692308,0,0.5,471,81,55,43,0.8092307692307692,0.6603770885786221,0.8532608695652174,0.9163424124513618,0.8836772983114447,0.6768813841984573,0.3646202276144397,0.5955882352941176,0.08365758754863813,0.40441176470588236,0.7181205653467613,0.9015357333402281,0.4925939163516061,0.17093493044376373
group_disjoint,xgboost,102,22,2158,650,0.7567191844300278,0.7907692307692308,0,0.5,473,81,55,41,0.8123076923076923,0.6623226138704509,0.8537906137184116,0.9202334630350194,0.8857677902621723,0.6799528606483276,0.37219414586921507,0.5955882352941176,0.07976653696498054,0.40441176470588236,0.732776379034104,0.9079834487748931,0.5222085722922921,0.16968156397342682
group_disjoint,hgb,102,11,2158,650,0.7567191844300278,0.7907692307692308,0,0.5,482,78,58,32,0.8307692307692308,0.6821068894483864,0.8607142857142858,0.9377431906614786,0.8975791433891993,0.7054267398361926,0.42893562460328033,0.5735294117647058,0.0622568093385214,0.4264705882352941,0.7085574502174411,0.8847593307770832,0.5013541370963506,0.16441872473392166
group_disjoint,hgb,102,22,2158,650,0.7567191844300278,0.7907692307692308,0,0.5,482,78,58,32,0.8307692307692308,0.6821068894483864,0.8607142857142858,0.9377431906614786,0.8975791433891993,0.7054267398361926,0.42893562460328033,0.5735294117647058,0.0622568093385214,0.4264705882352941,0.7085574502174411,0.8847593307770832,0.5013541370963506,0.16441872473392166
group_disjoint,mlp,102,11,2158,650,0.7567191844300278,0.7907692307692308,0,0.5,461,74,62,53,0.8046153846153846,0.6763847562371252,0.8616822429906542,0.896887159533074,0.8789323164918971,0.6864781104371835,0.3760245908601893,0.5441176470588235,0.10311284046692606,0.45588235294117646,0.7328765163653009,0.9101941305058003,0.48292766689000444,0.16991792619228363
group_disjoint,mlp,102,22,2158,650,0.7567191844300278,0.7907692307692308,0,0.5,457,73,63,57,0.8,0.676170176241703,0.8622641509433963,0.8891050583657587,0.8754789272030651,0.6838332136015326,0.3693897500575552,0.5367647058823529,0.11089494163424124,0.4632352941176471,0.7210746166170748,0.9044494192659386,0.46408366545877,0.16985854506492615
group_disjoint,majority,103,11,2245,563,0.755456570155902,0.8010657193605684,0,0.5,451,112,0,0,0.8010657193605684,0.5,0.8010657193605684,1.0,0.8895463510848126,0.4447731755424063,0.0,1.0,0.0,0.0,0.5,0.8010657193605684,0.1989342806394316,0.1989342806394316
group_disjoint,majority,103,22,2245,563,0.755456570155902,0.8010657193605684,0,0.5,451,112,0,0,0.8010657193605684,0.5,0.8010657193605684,1.0,0.8895463510848126,0.4447731755424063,0.0,1.0,0.0,0.0,0.5,0.8010657193605684,0.1989342806394316,0.1989342806394316
group_disjoint,stratified,103,11,2245,563,0.755456570155902,0.8010657193605684,0,0.5,341,85,27,110,0.6536412078152753,0.4985844947735192,0.8004694835680751,0.7560975609756098,0.7776510832383124,0.4972592765589153,-0.002633744684197513,0.7589285714285714,0.24390243902439024,0.24107142857142858,0.4985844947735192,0.8006149069320978,0.19848733694253004,0.3463587921847247
group_disjoint,stratified,103,22,2245,563,0.755456570155902,0.8010657193605684,0,0.5,351,83,29,100,0.6749555950266429,0.5185995407031992,0.8087557603686636,0.7782705099778271,0.7932203389830509,0.5169421196989943,0.03533375374320186,0.7410714285714286,0.22172949002217296,0.25892857142857145,0.5185995407031992,0.807050651497689,0.20563326016101843,0.325044404973357
group_disjoint,logreg,103,11,2245,563,0.755456570155902,0.8010657193605684,0,0.5,400,1,111,51,0.9076376554174067,0.9389946943300602,0.9975062344139651,0.8869179600886918,0.9389671361502347,0.8745930571262123,0.7742065758809904,0.008928571428571428,0.1130820399113082,0.9910714285714286,0.9944567627494457,0.9983647990480292,0.9876118115448161,0.0753565788435296
group_disjoint,logreg,103,22,2245,563,0.755456570155902,0.8010657193605684,0,0.5,400,1,111,51,0.9076376554174067,0.9389946943300602,0.9975062344139651,0.8869179600886918,0.9389671361502347,0.8745930571262123,0.7742065758809904,0.008928571428571428,0.1130820399113082,0.9910714285714286,0.9944567627494457,0.9983647990480292,0.9876118115448161,0.0753565788435296
group_disjoint,tree,103,11,2245,563,0.755456570155902,0.8010657193605684,0,0.5,413,13,99,38,0.9094138543516874,0.8998356826100729,0.9694835680751174,0.9157427937915743,0.9418472063854048,0.8685139646384855,0.7439499932083227,0.11607142857142858,0.08425720620842572,0.8839285714285714,0.9204149509027557,0.9632019791333029,0.7774779014165842,0.08961969442132668
group_disjoint,tree,103,22,2245,563,0.755456570155902,0.8010657193605684,0,0.5,411,12,100,40,0.9076376554174067,0.9020826734241368,0.9716312056737588,0.9113082039911308,0.9405034324942791,0.8670771130725363,0.7426914688134699,0.10714285714285714,0.08869179600886919,0.8928571428571429,0.9228698131137156,0.9645079969671799,0.771614507259387,0.09139589335560731
group_disjoint,rf,103,11,2245,563,0.755456570155902,0.8010657193605684,0,0.5,432,2,110,19,0.9626998223801065,0.9700071270193221,0.9953917050691244,0.9578713968957872,0.976271186440678,0.9445671284900485,0.8928777515884568,0.017857142857142856,0.04212860310421286,0.9821428571428571,0.9920414950902756,0.99809961429116,0.9678676137505413,0.036910065403744335
group_disjoint,rf,103,22,2245,563,0.755456570155902,0.8010657193605684,0,0.5,432,2,110,19,0.9626998223801065,0.9700071270193221,0.9953917050691244,0.9578713968957872,0.976271186440678,0.9445671284900485,0.8928777515884568,0.017857142857142856,0.04212860310421286,0.9821428571428571,0.9924374406081724,0.9982051412006381,0.9685618975727415,0.037353440881094886
group_disjoint,xgboost,103,11,2245,563,0.755456570155902,0.8010657193605684,0,0.5,411,1,111,40,0.9271758436944938,0.9511898162812797,0.9975728155339806,0.9113082039911308,0.9524913093858632,0.8982988866320951,0.81311034212321,0.008928571428571428,0.08869179600886919,0.9910714285714286,0.9890323091542603,0.9973994521768147,0.9547817557017628,0.05578538775444031
group_disjoint,xgboost,103,22,2245,563,0.755456570155902,0.8010657193605684,0,0.5,414,1,111,37,0.9325044404973357,0.9545157586316123,0.9975903614457832,0.917960088691796,0.9561200923787528,0.9049831231124533,0.824368364601907,0.008928571428571428,0.082039911308204,0.9910714285714286,0.9903785239151093,0.9976714086118169,0.9630583836835035,0.05357123911380768
group_disjoint,hgb,103,11,2245,563,0.755456570155902,0.8010657193605684,0,0.5,417,2,110,34,0.9360568383658969,0.9533774152676591,0.9952267303102625,0.9246119733924612,0.9586206896551724,0.9089978448275862,0.82965761290043,0.017857142857142856,0.07538802660753881,0.9821428571428571,0.990418118466899,0.9976745355150612,0.96323317319973,0.05671056405889642
group_disjoint,hgb,103,22,2245,563,0.755456570155902,0.8010657193605684,0,0.5,417,2,110,34,0.9360568383658969,0.9533774152676591,0.9952267303102625,0.9246119733924612,0.9586206896551724,0.9089978448275862,0.82965761290043,0.017857142857142856,0.07538802660753881,0.9821428571428571,0.990418118466899,0.9976745355150612,0.96323317319973,0.05671056405889642
group_disjoint,mlp,103,11,2245,563,0.755456570155902,0.8010657193605684,0,0.5,413,1,111,38,0.9307282415630551,0.9534071111815015,0.9975845410628019,0.9157427937915743,0.9549132947976878,0.902744003720683,0.8205825937315452,0.008928571428571428,0.08425720620842572,0.9910714285714286,0.9951496674057649,0.9987947916009632,0.9826808318507537,0.05212034657597542
group_disjoint,mlp,103,22,2245,563,0.755456570155902,0.8010657193605684,0,0.5,414,0,112,37,0.9342806394316163,0.958980044345898,1.0,0.917960088691796,0.9572254335260115,0.9077314907093659,0.8306685668844949,0.0,0.082039911308204,1.0,0.9967334494773519,0.9992218112022222,0.9860631047798627,0.048210106790065765
group_disjoint,majority,104,11,2231,577,0.7655759748991484,0.7608318890814558,0,0.5,439,138,0,0,0.7608318890814558,0.5,0.7608318890814558,1.0,0.8641732283464567,0.43208661417322836,0.0,1.0,0.0,0.0,0.5,0.7608318890814558,0.2391681109185442,0.2391681109185442
group_disjoint,majority,104,22,2231,577,0.7655759748991484,0.7608318890814558,0,0.5,439,138,0,0,0.7608318890814558,0.5,0.7608318890814558,1.0,0.8641732283464567,0.43208661417322836,0.0,1.0,0.0,0.0,0.5,0.7608318890814558,0.2391681109185442,0.2391681109185442
group_disjoint,stratified,104,11,2231,577,0.7655759748991484,0.7608318890814558,0,0.5,339,106,32,100,0.6429809358752167,0.502046812584596,0.7617977528089888,0.7722095671981777,0.7669683257918553,0.5020026814144462,0.004157314752453145,0.7681159420289855,0.22779043280182232,0.2318840579710145,0.502046812584596,0.7615777382924664,0.23992315590537278,0.35701906412478335
group_disjoint,stratified,104,22,2231,577,0.7655759748991484,0.7608318890814558,0,0.5,343,105,33,96,0.6516464471403813,0.5102258096464296,0.765625,0.7813211845102506,0.7733934611048479,0.5102922361704014,0.020939467872453283,0.7608695652173914,0.21867881548974943,0.2391304347826087,0.5102258096464296,0.7645768481818218,0.24314863848959,0.3483535528596187
group_disjoint,logreg,104,11,2231,577,0.7655759748991484,0.7608318890814558,0,0.5,426,20,118,13,0.9428076256499134,0.9127298537519395,0.9551569506726457,0.9703872437357631,0.9627118644067797,0.9200176422405646,0.840552037821738,0.14492753623188406,0.029612756264236904,0.855072463768116,0.9770228780825987,0.9920498067149061,0.9480323419480202,0.047466264567823664
group_disjoint,logreg,104,22,2231,577,0.7655759748991484,0.7608318890814558,0,0.5,426,20,118,13,0.9428076256499134,0.9127298537519395,0.9551569506726457,0.9703872437357631,0.9627118644067797,0.9200176422405646,0.840552037821738,0.14492753623188406,0.029612756264236904,0.855072463768116,0.9770228780825987,0.9920498067149061,0.9480323419480202,0.047466264567823664
group_disjoint,tree,104,11,2231,577,0.7655759748991484,0.7608318890814558,0,0.5,429,25,113,10,0.9393414211438474,0.8980307682149813,0.9449339207048458,0.9772209567198178,0.9608062709966405,0.9133533270692015,0.8291592721696062,0.18115942028985507,0.022779043280182234,0.8188405797101449,0.8980307682149813,0.9407402525585271,0.7955957311814847,0.060658578856152515
group_disjoint,tree,104,22,2231,577,0.7655759748991484,0.7608318890814558,0,0.5,425,24,114,14,0.9341421143847487,0.897098147964742,0.9465478841870824,0.9681093394077449,0.9572072072072072,0.9071750321750321,0.8154014984496801,0.17391304347826086,0.03189066059225513,0.8260869565217391,0.897098147964742,0.9406252784206159,0.7773281497249642,0.0658578856152513
group_disjoint,rf,104,11,2231,577,0.7655759748991484,0.7608318890814558,0,0.5,439,22,116,0,0.9618717504332756,0.9202898550724637,0.9522776572668112,1.0,0.9755555555555555,0.9444706911636045,0.8946872510116743,0.15942028985507245,0.0,0.8405797101449275,0.9791522234327028,0.9925844457236033,0.9606326163632718,0.037743360086627376
group_disjoint,rf,104,22,2231,577,0.7655759748991484,0.7608318890814558,0,0.5,439,22,116,0,0.9618717504332756,0.9202898550724637,0.9522776572668112,1.0,0.9755555555555555,0.9444706911636045,0.8946872510116743,0.15942028985507245,0.0,0.8405797101449275,0.976775279786075,0.9915172346723953,0.9588468608380087,0.039120378035182014
group_disjoint,xgboost,104,11,2231,577,0.7655759748991484,0.7608318890814558,0,0.5,439,21,117,0,0.9636048526863085,0.9239130434782609,0.9543478260869566,1.0,0.9766407119021134,0.9471438853628213,0.8995115246547803,0.15217391304347827,0.0,0.8478260869565217,0.9818923112475654,0.9936502242959417,0.9652688357900864,0.033628929406404495
group_disjoint,xgboost,104,22,2231,577,0.7655759748991484,0.7608318890814558,0,0.5,439,21,117,0,0.9636048526863085,0.9239130434782609,0.9543478260869566,1.0,0.9766407119021134,0.9471438853628213,0.8995115246547803,0.15217391304347827,0.0,0.8478260869565217,0.984780958040342,0.9947140357890597,0.9692806206634299,0.03300797939300537
group_disjoint,hgb,104,11,2231,577,0.7655759748991484,0.7608318890814558,0,0.5,439,21,117,0,0.9636048526863085,0.9239130434782609,0.9543478260869566,1.0,0.9766407119021134,0.9471438853628213,0.8995115246547803,0.15217391304347827,0.0,0.8478260869565217,0.997160872866528,0.9991122937180053,0.991593061273153,0.036054544067561395
group_disjoint,hgb,104,22,2231,577,0.7655759748991484,0.7608318890814558,0,0.5,439,21,117,0,0.9636048526863085,0.9239130434782609,0.9543478260869566,1.0,0.9766407119021134,0.9471438853628213,0.8995115246547803,0.15217391304347827,0.0,0.8478260869565217,0.997160872866528,0.9991122937180053,0.991593061273153,0.036054544067561395
group_disjoint,mlp,104,11,2231,577,0.7655759748991484,0.7608318890814558,0,0.5,438,18,120,1,0.9670710571923743,0.933643656531643,0.9605263157894737,0.9977220956719818,0.9787709497206704,0.9527059381807985,0.9087819451349731,0.13043478260869565,0.002277904328018223,0.8695652173913043,0.988329866957182,0.995902770461531,0.9765798800640205,0.025418858975172043
group_disjoint,mlp,104,22,2231,577,0.7655759748991484,0.7608318890814558,0,0.5,439,13,125,0,0.9774696707105719,0.9528985507246377,0.9712389380530974,1.0,0.9854096520763187,0.967989997140821,0.9379474478365875,0.09420289855072464,0.0,0.9057971014492754,0.9880492555544551,0.995768473229345,0.976620037083154,0.025089360773563385
group_disjoint,majority,105,11,2195,613,0.7749430523917995,0.7275693311582382,0,0.5,446,167,0,0,0.7275693311582382,0.5,0.7275693311582382,1.0,0.842304060434372,0.421152030217186,0.0,1.0,0.0,0.0,0.5,0.7275693311582382,0.2724306688417618,0.2724306688417618
group_disjoint,majority,105,22,2195,613,0.7749430523917995,0.7275693311582382,0,0.5,446,167,0,0,0.7275693311582382,0.5,0.7275693311582382,1.0,0.842304060434372,0.421152030217186,0.0,1.0,0.0,0.0,0.5,0.7275693311582382,0.2724306688417618,0.2724306688417618
group_disjoint,stratified,105,11,2195,613,0.7749430523917995,0.7275693311582382,0,0.5,350,129,38,96,0.632952691680261,0.5061491367041702,0.7306889352818372,0.7847533632286996,0.7567567567567568,0.5046242255544582,0.013247979665846413,0.7724550898203593,0.21524663677130046,0.2275449101796407,0.5061491367041702,0.7300174509861747,0.27496811786570263,0.367047308319739
group_disjoint,stratified,105,22,2195,613,0.7749430523917995,0.7275693311582382,0,0.5,359,129,38,87,0.6476345840130505,0.5162388228028248,0.735655737704918,0.804932735426009,0.7687366167023555,0.5145052946525476,0.035887671914056056,0.7724550898203593,0.19506726457399104,0.2275449101796407,0.5162388228028248,0.734078344499624,0.2796141094645944,0.3523654159869494
group_disjoint,logreg,105,11,2195,613,0.7749430523917995,0.7275693311582382,0,0.5,307,43,124,139,0.7030995106035889,0.715427888617384,0.8771428571428571,0.6883408071748879,0.7713567839195979,0.6740504849830549,0.3875660164857221,0.25748502994011974,0.3116591928251121,0.7425149700598802,0.8282806584141135,0.9250174511112421,0.6526358993144591,0.18937164747103494
group_disjoint,logreg,105,22,2195,613,0.7749430523917995,0.7275693311582382,0,0.5,307,43,124,139,0.7030995106035889,0.715427888617384,0.8771428571428571,0.6883408071748879,0.7713567839195979,0.6740504849830549,0.3875660164857221,0.25748502994011974,0.3116591928251121,0.7425149700598802,0.8282806584141135,0.9250174511112421,0.6526358993144591,0.18937164747103494
group_disjoint,tree,105,11,2195,613,0.7749430523917995,0.7275693311582382,0,0.5,380,59,108,66,0.7960848287112561,0.7493622620230391,0.8656036446469249,0.852017937219731,0.8587570621468926,0.7460940735954404,0.4924696889141468,0.3532934131736527,0.14798206278026907,0.6467065868263473,0.7493622620230391,0.8451770422024107,0.49765204922326134,0.2039151712887439
group_disjoint,tree,105,22,2195,613,0.7749430523917995,0.7275693311582382,0,0.5,380,59,108,66,0.7960848287112561,0.7493622620230391,0.8656036446469249,0.852017937219731,0.8587570621468926,0.7460940735954404,0.4924696889141468,0.3532934131736527,0.14798206278026907,0.6467065868263473,0.7493622620230391,0.8451770422024107,0.49765204922326134,0.2039151712887439
group_disjoint,rf,105,11,2195,613,0.7749430523917995,0.7275693311582382,0,0.5,399,56,111,47,0.831973898858075,0.7796447463816761,0.8769230769230769,0.8946188340807175,0.8856825749167592,0.7843797489968412,0.5692828276193387,0.33532934131736525,0.10538116591928251,0.6646706586826348,0.8826830643645445,0.9481799211583279,0.8263278257746289,0.10956894874441542
group_disjoint,rf,105,22,2195,613,0.7749430523917995,0.7275693311582382,0,0.5,401,56,111,45,0.835236541598695,0.7818868988480439,0.8774617067833698,0.899103139013453,0.8881506090808416,0.7877285553144147,0.5762489581235125,0.33532934131736525,0.10089686098654709,0.6646706586826348,0.8704250691442228,0.9421888088804523,0.8139684427949114,0.11791241941183853
group_disjoint,xgboost,105,11,2195,613,0.7749430523917995,0.7275693311582382,0,0.5,406,55,112,40,0.8450244698205547,0.790486291990011,0.8806941431670282,0.9103139013452914,0.8952590959206174,0.7987267266436943,0.5989754835982972,0.32934131736526945,0.08968609865470852,0.6706586826347305,0.860771730082436,0.9288751784657423,0.8180057809366846,0.13843578100204468
group_disjoint,xgboost,105,22,2195,613,0.7749430523917995,0.7275693311582382,0,0.5,395,54,113,51,0.8287112561174551,0.7811484654010366,0.8797327394209354,0.8856502242152466,0.88268156424581,0.7827305102195817,0.565517805539609,0.32335329341317365,0.11434977578475336,0.6766467065868264,0.8574957707902581,0.9286571953591405,0.8132278553852897,0.14455311000347137
group_disjoint,hgb,105,11,2195,613,0.7749430523917995,0.7275693311582382,0,0.5,407,54,113,39,0.8482871125611745,0.7946013801992428,0.8828633405639913,0.9125560538116592,0.8974641675854466,0.8029640587143534,0.6074606927738786,0.32335329341317365,0.08744394618834081,0.6766467065868264,0.8527563706667383,0.921109257693193,0.8114986957062646,0.1449567758166859
group_disjoint,hgb,105,22,2195,613,0.7749430523917995,0.7275693311582382,0,0.5,407,54,113,39,0.8482871125611745,0.7946013801992428,0.8828633405639913,0.9125560538116592,0.8974641675854466,0.8029640587143534,0.6074606927738786,0.32335329341317365,0.08744394618834081,0.6766467065868264,0.8527563706667383,0.921109257693193,0.8114986957062646,0.1449567758166859
group_disjoint,mlp,105,11,2195,613,0.7749430523917995,0.7275693311582382,0,0.5,365,50,117,81,0.7862969004893964,0.7594922263097124,0.8795180722891566,0.8183856502242153,0.8478513356562137,0.7444736130335863,0.49410968801446437,0.2994011976047904,0.18161434977578475,0.7005988023952096,0.8411428264547138,0.9248208080921532,0.7732787430763731,0.15995678305625916
group_disjoint,mlp,105,22,2195,613,0.7749430523917995,0.7275693311582382,0,0.5,387,56,111,59,0.8123980424143556,0.7661918315834698,0.873589164785553,0.8677130044843049,0.8706411698537683,0.7646974395262907,0.5294489133490439,0.33532934131736525,0.13228699551569506,0.6646706586826348,0.825528315566177,0.9135229260261687,0.7498195420145201,0.1440829485654831
group_disjoint,majority,106,11,2228,580,0.7630161579892281,0.7706896551724138,0,0.5,447,133,0,0,0.7706896551724138,0.5,0.7706896551724138,1.0,0.8704965920155794,0.4352482960077897,0.0,1.0,0.0,0.0,0.5,0.7706896551724138,0.2293103448275862,0.2293103448275862
group_disjoint,majority,106,22,2228,580,0.7630161579892281,0.7706896551724138,0,0.5,447,133,0,0,0.7706896551724138,0.5,0.7706896551724138,1.0,0.8704965920155794,0.4352482960077897,0.0,1.0,0.0,0.0,0.5,0.7706896551724138,0.2293103448275862,0.2293103448275862
group_disjoint,stratified,106,11,2228,580,0.7630161579892281,0.7706896551724138,0,0.5,343,102,31,104,0.6448275862068965,0.5002102571865906,0.7707865168539326,0.767337807606264,0.7690582959641256,0.5002007897731076,0.00041832472755833625,0.7669172932330827,0.232662192393736,0.23308270676691728,0.5002102571865906,0.7707639808027515,0.22938476459347604,0.35517241379310344
group_disjoint,stratified,106,22,2228,580,0.7630161579892281,0.7706896551724138,0,0.5,350,101,32,97,0.6586206896551724,0.5117996333114666,0.7760532150776053,0.7829977628635347,0.779510022271715,0.5118924157160102,0.02385585370859506,0.7593984962406015,0.21700223713646533,0.24060150375939848,0.5117996333114666,0.7748893105791632,0.23382202499030252,0.3413793103448276
group_disjoint,logreg,106,11,2228,580,0.7630161579892281,0.7706896551724138,0,0.5,364,19,114,83,0.8241379310344827,0.8357302652604666,0.9503916449086162,0.814317673378076,0.8771084337349397,0.7840087623220153,0.5960292473621456,0.14285714285714285,0.18568232662192394,0.8571428571428571,0.900556761030092,0.9615462044221633,0.7680117146312307,0.12786682178671763
group_disjoint,logreg,106,22,2228,580,0.7630161579892281,0.7706896551724138,0,0.5,364,19,114,83,0.8241379310344827,0.8357302652604666,0.9503916449086162,0.814317673378076,0.8771084337349397,0.7840087623220153,0.5960292473621456,0.14285714285714285,0.18568232662192394,0.8571428571428571,0.900556761030092,0.9615462044221633,0.7680117146312307,0.12786682178671763
group_disjoint,tree,106,11,2228,580,0.7630161579892281,0.7706896551724138,0,0.5,426,23,110,21,0.9241379310344827,0.8900439017005601,0.9487750556792873,0.9530201342281879,0.9508928571428571,0.8921130952380952,0.7842675600924224,0.17293233082706766,0.04697986577181208,0.8270676691729323,0.8900439017005601,0.9404086274675549,0.7341394747727439,0.07586206896551724
group_disjoint,tree,106,22,2228,580,0.7630161579892281,0.7706896551724138,0,0.5,410,24,109,37,0.8948275862068965,0.8683874114817245,0.9447004608294931,0.9172259507829977,0.9307604994324631,0.856061253300461,0.7136628108510147,0.18045112781954886,0.08277404921700224,0.8195488721804511,0.8683874114817245,0.9302968818377438,0.6532342902603698,0.10517241379310345
group_disjoint,rf,106,11,2228,580,0.7630161579892281,0.7706896551724138,0,0.5,445,31,102,2,0.9431034482758621,0.881221510151217,0.9348739495798319,0.9955257270693513,0.9642470205850487,0.9125032571279674,0.8355391983292378,0.23308270676691728,0.0044742729306487695,0.7669172932330827,0.9590082589022892,0.986221476146226,0.9208768523853432,0.05535718749081195
group_disjoint,rf,106,22,2228,580,0.7630161579892281,0.7706896551724138,0,0.5,445,29,104,2,0.946551724137931,0.8887403071436981,0.9388185654008439,0.9955257270693513,0.9663409337676439,0.9183169103984663,0.8457208696607101,0.21804511278195488,0.0044742729306487695,0.7819548872180451,0.9581672301559268,0.9856598463160662,0.9206071735692722,0.05403123230110775
group_disjoint,xgboost,106,11,2228,580,0.7630161579892281,0.7706896551724138,0,0.5,445,29,104,2,0.946551724137931,0.8887403071436981,0.9388185654008439,0.9955257270693513,0.9663409337676439,0.9183169103984663,0.8457208696607101,0.21804511278195488,0.0044742729306487695,0.7819548872180451,0.964491766328573,0.9884202672975447,0.9265178987370746,0.05036606267094612
group_disjoint,xgboost,106,22,2228,580,0.7630161579892281,0.7706896551724138,0,0.5,445,30,103,2,0.9448275862068966,0.8849809086474576,0.9368421052631579,0.9955257270693513,0.96529284164859,0.9154195300679925,0.8406347069386139,0.22556390977443608,0.0044742729306487695,0.7744360902255639,0.9687137306353131,0.9899196386918466,0.9326831467962949,0.04987866058945656
group_disjoint,hgb,106,11,2228,580,0.7630161579892281,0.7706896551724138,0,0.5,444,29,104,3,0.9448275862068966,0.8876217389110359,0.9386892177589852,0.9932885906040269,0.9652173913043478,0.9159420289855073,0.8402243125058608,0.21804511278195488,0.006711409395973154,0.7819548872180451,0.9785874081176095,0.9933554973011702,0.9475411023418211,0.05362868825221753
group_disjoint,hgb,106,22,2228,580,0.7630161579892281,0.7706896551724138,0,0.5,444,29,104,3,0.9448275862068966,0.8876217389110359,0.9386892177589852,0.9932885906040269,0.9652173913043478,0.9159420289855073,0.8402243125058608,0.21804511278195488,0.006711409395973154,0.7819548872180451,0.9785874081176095,0.9933554973011702,0.9475411023418211,0.05362868825221753
group_disjoint,mlp,106,11,2228,580,0.7630161579892281,0.7706896551724138,0,0.5,425,19,114,22,0.9293103448275862,0.9039629274528603,0.9572072072072072,0.9507829977628636,0.9539842873176206,0.9007839652201486,0.8016598798188841,0.14285714285714285,0.049217002237136466,0.8571428571428571,0.9486467847471026,0.9816172384278667,0.8363518549734067,0.06487707048654556
group_disjoint,mlp,106,22,2228,580,0.7630161579892281,0.7706896551724138,0,0.5,428,25,108,19,0.9241379310344827,0.8847622411734033,0.9448123620309051,0.9574944071588367,0.9511111111111111,0.890940170940171,0.7822598889431182,0.18796992481203006,0.042505592841163314,0.8120300751879699,0.9550049620696036,0.9858092988778602,0.8434296668197888,0.06275778263807297
group_disjoint,majority,107,11,2237,571,0.7639696021457308,0.7670753064798599,0,0.5,438,133,0,0,0.7670753064798599,0.5,0.7670753064798599,1.0,0.8681863230921705,0.43409316154608524,0.0,1.0,0.0,0.0,0.5,0.7670753064798599,0.2329246935201401,0.2329246935201401
group_disjoint,majority,107,22,2237,571,0.7639696021457308,0.7670753064798599,0,0.5,438,133,0,0,0.7670753064798599,0.5,0.7670753064798599,1.0,0.8681863230921705,0.43409316154608524,0.0,1.0,0.0,0.0,0.5,0.7670753064798599,0.2329246935201401,0.2329246935201401
group_disjoint,stratified,107,11,2237,571,0.7639696021457308,0.7670753064798599,0,0.5,335,102,31,103,0.6409807355516638,0.4989614447076596,0.7665903890160183,0.7648401826484018,0.7657142857142857,0.4989620117710005,-0.002071711977540872,0.7669172932330827,0.23515981735159816,0.23308270676691728,0.4989614447076596,0.766704422118246,0.23255609421127119,0.35901926444833626
group_disjoint,stratified,107,22,2237,571,0.7639696021457308,0.7670753064798599,0,0.5,343,101,32,95,0.6567425569176882,0.5118532632952244,0.7725225225225225,0.7831050228310502,0.7777777777777778,0.5119658119658119,0.024095584035051746,0.7593984962406015,0.21689497716894976,0.24060150375939848,0.5118532632952244,0.7713410487233149,0.2375066629437474,0.3432574430823117
group_disjoint,logreg,107,11,2237,571,0.7639696021457308,0.7670753064798599,0,0.5,368,19,114,70,0.8441330998248686,0.8486627527723418,0.9509043927648578,0.8401826484018264,0.8921212121212121,0.805682057164707,0.6307162668744357,0.14285714285714285,0.1598173515981735,0.8571428571428571,0.9284855975555326,0.9705941116505479,0.8721089137929307,0.11098389230326104
group_disjoint,logreg,107,22,2237,571,0.7639696021457308,0.7670753064798599,0,0.5,368,19,114,70,0.8441330998248686,0.8486627527723418,0.9509043927648578,0.8401826484018264,0.8921212121212121,0.805682057164707,0.6307162668744357,0.14285714285714285,0.1598173515981735,0.8571428571428571,0.9284855975555326,0.9705941116505479,0.8721089137929307,0.11098389230326104
group_disjoint,tree,107,11,2237,571,0.7639696021457308,0.7670753064798599,0,0.5,412,57,76,26,0.8546409807355516,0.756033920417482,0.8784648187633263,0.9406392694063926,0.9084895259095921,0.7776490182739451,0.5650721071776524,0.42857142857142855,0.0593607305936073,0.5714285714285714,0.756033920417482,0.8718526559337141,0.5255951767747379,0.14535901926444833
group_disjoint,tree,107,22,2237,571,0.7639696021457308,0.7670753064798599,0,0.5,412,58,75,26,0.8528896672504378,0.7522745219212414,0.8765957446808511,0.9406392694063926,0.9074889867841409,0.7742573139048909,0.5589290049181828,0.43609022556390975,0.0593607305936073,0.5639097744360902,0.7522745219212414,0.8700945314543083,0.5203210641436001,0.14711033274956217
group_disjoint,rf,107,11,2237,571,0.7639696021457308,0.7670753064798599,0,0.5,420,29,104,18,0.9176882661996497,0.870429498403543,0.9354120267260579,0.958904109589041,0.9470124013528749,0.8813493379313394,0.7640035017058925,0.21804511278195488,0.0410958904109589,0.7819548872180451,0.9535997528066742,0.9854766047177739,0.8765316071626826,0.06865881811367579
group_disjoint,rf,107,22,2237,571,0.7639696021457308,0.7670753064798599,0,0.5,419,29,104,19,0.9159369527145359,0.8692879458921275,0.9352678571428571,0.95662100456621,0.945823927765237,0.8791619638826185,0.7593927394655102,0.21804511278195488,0.04337899543378995,0.7819548872180451,0.9572389878806605,0.986938775457829,0.879957138212352,0.06692281614485944
group_disjoint,xgboost,107,11,2237,571,0.7639696021457308,0.7670753064798599,0,0.5,405,28,105,33,0.8931698774080561,0.8570656092285509,0.9353348729792148,0.9246575342465754,0.9299655568312285,0.8524366529543597,0.7051108591878189,0.21052631578947367,0.07534246575342465,0.7894736842105263,0.9504583376248842,0.9847725079438547,0.8680947889583831,0.08619970828294754
group_disjoint,xgboost,107,22,2237,571,0.7639696021457308,0.7670753064798599,0,0.5,407,28,105,31,0.8966725043782837,0.8593487142513818,0.9356321839080459,0.9292237442922374,0.9324169530355098,0.8565430490084611,0.7131729854809639,0.21052631578947367,0.07077625570776255,0.7894736842105263,0.9477460775225736,0.9841047136123666,0.8547974322343029,0.0874100923538208
group_disjoint,hgb,107,11,2237,571,0.7639696021457308,0.7670753064798599,0,0.5,415,28,105,23,0.9106830122591943,0.8684811343427061,0.9367945823927766,0.9474885844748858,0.94211123723042,0.8733544691899227,0.7469667683893132,0.21052631578947367,0.05251141552511415,0.7894736842105263,0.9547670546228586,0.9863072739972607,0.8698332885416996,0.08537493154433339
group_disjoint,hgb,107,22,2237,571,0.7639696021457308,0.7670753064798599,0,0.5,415,28,105,23,0.9106830122591943,0.8684811343427061,0.9367945823927766,0.9474885844748858,0.94211123723042,0.8733544691899227,0.7469667683893132,0.21052631578947367,0.05251141552511415,0.7894736842105263,0.9547670546228586,0.9863072739972607,0.8698332885416996,0.08537493154433339
group_disjoint,mlp,107,11,2237,571,0.7639696021457308,0.7670753064798599,0,0.5,374,17,116,64,0.8581436077057794,0.8630308648333161,0.9565217391304348,0.8538812785388128,0.902291917973462,0.8217529877407246,0.6605592681338531,0.12781954887218044,0.1461187214611872,0.8721804511278195,0.9530332681017613,0.9824969401981747,0.9102135400747209,0.08781179785728455
group_disjoint,mlp,107,22,2237,571,0.7639696021457308,0.7670753064798599,0,0.5,384,14,119,54,0.8809106830122592,0.8857245854361933,0.964824120603015,0.8767123287671232,0.9186602870813397,0.8482190324295588,0.7095869254111129,0.10526315789473684,0.1232876712328767,0.8947368421052632,0.9630068321488653,0.9881752910895147,0.9080148895001079,0.08253205567598343
group_disjoint,majority,108,11,2218,590,0.7646528403967539,0.764406779661017,0,0.5,451,139,0,0,0.764406779661017,0.5,0.764406779661017,1.0,0.866474543707973,0.4332372718539865,0.0,1.0,0.0,0.0,0.5,0.764406779661017,0.23559322033898306,0.23559322033898306
group_disjoint,majority,108,22,2218,590,0.7646528403967539,0.764406779661017,0,0.5,451,139,0,0,0.764406779661017,0.5,0.764406779661017,1.0,0.866474543707973,0.4332372718539865,0.0,1.0,0.0,0.0,0.5,0.764406779661017,0.23559322033898306,0.23559322033898306
group_disjoint,stratified,108,11,2218,590,0.7646528403967539,0.764406779661017,0,0.5,346,107,32,105,0.6406779661016949,0.49869993140742397,0.7637969094922737,0.7671840354767184,0.7654867256637168,0.49868539181736565,-0.0026132595655211045,0.7697841726618705,0.2328159645232816,0.2302158273381295,0.49869993140742397,0.7639388970038437,0.23512897216558065,0.3593220338983051
group_disjoint,stratified,108,22,2218,590,0.7646528403967539,0.764406779661017,0,0.5,354,106,33,97,0.6559322033898305,0.5111662333104692,0.7695652173913043,0.7849223946784922,0.7771679473106476,0.5112605535809744,0.022865556339414304,0.762589928057554,0.21507760532150777,0.23741007194244604,0.5111662333104691,0.7684557529570741,0.23992665059608115,0.3440677966101695
group_disjoint,logreg,108,11,2218,590,0.7646528403967539,0.764406779661017,0,0.5,162,6,133,289,0.5,0.6580181531050104,0.9642857142857143,0.35920177383592017,0.5234248788368336,0.49878908825977153,0.2971815078433598,0.04316546762589928,0.6407982261640798,0.9568345323741008,0.8903954441768094,0.9483851808389804,0.8753677207592756,0.39251108632839704
group_disjoint,logreg,108,22,2218,590,0.7646528403967539,0.764406779661017,0,0.5,162,6,133,289,0.5,0.6580181531050104,0.9642857142857143,0.35920177383592017,0.5234248788368336,0.49878908825977153,0.2971815078433598,0.04316546762589928,0.6407982261640798,0.9568345323741008,0.8903954441768094,0.9483851808389804,0.8753677207592756,0.39251108632839704
group_disjoint,tree,108,11,2218,590,0.7646528403967539,0.764406779661017,0,0.5,294,9,130,157,0.7186440677966102,0.7935682496131697,0.9702970297029703,0.6518847006651884,0.7798408488063661,0.6950847436520093,0.49850840781594896,0.06474820143884892,0.34811529933481156,0.935251798561151,0.7935682496131697,0.8986234836794965,0.43888745614858726,0.28135593220338984
group_disjoint,tree,108,22,2218,590,0.7646528403967539,0.764406779661017,0,0.5,290,9,130,161,0.711864406779661,0.7891336598127263,0.9698996655518395,0.6430155210643016,0.7733333333333333,0.6889922480620154,0.49084258152344,0.06474820143884892,0.35698447893569846,0.935251798561151,0.7891336598127263,0.8965418947571113,0.43306431911957766,0.288135593220339
group_disjoint,rf,108,11,2218,590,0.7646528403967539,0.764406779661017,0,0.5,339,21,118,112,0.7745762711864407,0.8002919172422595,0.9416666666666667,0.7516629711751663,0.8360049321824907,0.7377856639232236,0.5225816323021609,0.1510791366906475,0.24833702882483372,0.8489208633093526,0.929604874858428,0.9719123497705795,0.9011290713366343,0.14007559177855444
group_disjoint,rf,108,22,2218,590,0.7646528403967539,0.764406779661017,0,0.5,337,21,118,114,0.7711864406779662,0.7980746223420376,0.9413407821229051,0.7472283813747228,0.8331273176761433,0.7346229580294463,0.5179229590754167,0.1510791366906475,0.25277161862527714,0.8489208633093526,0.9326038060903827,0.9732750814422325,0.9027226276398036,0.14439464677288988
group_disjoint,xgboost,108,11,2218,590,0.7646528403967539,0.764406779661017,0,0.5,321,17,122,130,0.7508474576271187,0.794724752348897,0.9497041420118343,0.7117516629711752,0.8136882129277566,0.7188645668219346,0.5056891757048124,0.1223021582733813,0.28824833702882485,0.8776978417266187,0.942493898451084,0.9789742412821839,0.9088647845153963,0.20483814179897308
group_disjoint,xgboost,108,22,2218,590,0.7646528403967539,0.764406779661017,0,0.5,318,18,121,133,0.7440677966101695,0.787801687696406,0.9464285714285714,0.70509977827051,0.8081321473951716,0.711954114410054,0.4933242974542077,0.12949640287769784,0.29490022172949004,0.8705035971223022,0.9346456316100112,0.9749500209073336,0.9037673864181804,0.21848273277282715
group_disjoint,hgb,108,11,2218,590,0.7646528403967539,0.764406779661017,0,0.5,330,20,119,121,0.7610169491525424,0.7939112124934199,0.9428571428571428,0.7317073170731707,0.8239700374531835,0.7259691875920271,0.5078110864612126,0.14388489208633093,0.2682926829268293,0.8561151079136691,0.9435148112108982,0.9795108931544411,0.9093503852164359,0.22066053931217636
group_disjoint,hgb,108,22,2218,590,0.7646528403967539,0.764406779661017,0,0.5,330,20,119,121,0.7610169491525424,0.7939112124934199,0.9428571428571428,0.7317073170731707,0.8239700374531835,0.7259691875920271,0.5078110864612126,0.14388489208633093,0.2682926829268293,0.8561151079136691,0.9435148112108982,0.9795108931544411,0.9093503852164359,0.22066053931217636
group_disjoint,mlp,108,11,2218,590,0.7646528403967539,0.764406779661017,0,0.5,371,8,131,80,0.8508474576271187,0.8825312255738647,0.978891820580475,0.8226164079822617,0.8939759036144578,0.8212736660929432,0.677378995936954,0.05755395683453238,0.17738359201773837,0.9424460431654677,0.973679592911037,0.9905142019332464,0.9487781523444463,0.10484927892684937
group_disjoint,mlp,108,22,2218,590,0.7646528403967539,0.764406779661017,0,0.5,357,8,131,94,0.8271186440677966,0.8670101612723126,0.9780821917808219,0.7915742793791575,0.875,0.7973901098901099,0.641307123529508,0.05755395683453238,0.20842572062084258,0.9424460431654677,0.9736955446729092,0.9905151601498781,0.9502148457169064,0.12053830176591873
group_disjoint,majority,109,11,2175,633,0.7572413793103449,0.7898894154818326,0,0.5,500,133,0,0,0.7898894154818326,0.5,0.7898894154818326,1.0,0.8826125330979699,0.44130626654898497,0.0,1.0,0.0,0.0,0.5,0.7898894154818326,0.21011058451816747,0.21011058451816747
group_disjoint,majority,109,22,2175,633,0.7572413793103449,0.7898894154818326,0,0.5,500,133,0,0,0.7898894154818326,0.5,0.7898894154818326,1.0,0.8826125330979699,0.44130626654898497,0.0,1.0,0.0,0.0,0.5,0.7898894154818326,0.21011058451816747,0.21011058451816747
group_disjoint,stratified,109,11,2175,633,0.7572413793103449,0.7898894154818326,0,0.5,373,100,33,127,0.641390205371248,0.49706015037593987,0.7885835095137421,0.746,0.7667009249743063,0.49597844883527603,-0.005511570577201332,0.7518796992481203,0.254,0.24812030075187969,0.49706015037593987,0.7889152096296371,0.2091526951264417,0.358609794628752
group_disjoint,stratified,109,22,2175,633,0.7572413793103449,0.7898894154818326,0,0.5,395,100,33,105,0.6761453396524486,0.5190601503759399,0.797979797979798,0.79,0.7939698492462312,0.5187561423352927,0.03761187623444491,0.7518796992481203,0.21,0.24812030075187969,0.5190601503759399,0.7962808176552252,0.21731099849355512,0.32385466034755134
group_disjoint,logreg,109,11,2175,633,0.7572413793103449,0.7898894154818326,0,0.5,306,18,115,194,0.665086887835703,0.7383308270676692,0.9444444444444444,0.612,0.7427184466019418,0.631540218776084,0.3884805622383501,0.13533834586466165,0.388,0.8646616541353384,0.6990977443609022,0.9179748771201827,0.2860599626300773,0.29119052513283433
group_disjoint,logreg,109,22,2175,633,0.7572413793103449,0.7898894154818326,0,0.5,306,18,115,194,0.665086887835703,0.7383308270676692,0.9444444444444444,0.612,0.7427184466019418,0.631540218776084,0.3884805622383501,0.13533834586466165,0.388,0.8646616541353384,0.6990977443609022,0.9179748771201827,0.2860599626300773,0.29119052513283433
group_disjoint,tree,109,11,2175,633,0.7572413793103449,0.7898894154818326,0,0.5,482,28,105,18,0.9273301737756714,0.8767368421052631,0.9450980392156862,0.964,0.9544554455445544,0.8873839727722772,0.7757848026071427,0.21052631578947367,0.036,0.7894736842105263,0.8767368421052631,0.9395105287612675,0.7181747572027978,0.07266982622432859
group_disjoint,tree,109,22,2175,633,0.7572413793103449,0.7898894154818326,0,0.5,482,28,105,18,0.9273301737756714,0.8767368421052631,0.9450980392156862,0.964,0.9544554455445544,0.8873839727722772,0.7757848026071427,0.21052631578947367,0.036,0.7894736842105263,0.8767368421052631,0.9395105287612675,0.7181747572027978,0.07266982622432859
group_disjoint,rf,109,11,2175,633,0.7572413793103449,0.7898894154818326,0,0.5,500,27,106,0,0.957345971563981,0.8984962406015038,0.9487666034155597,1.0,0.9737098344693281,0.9303695615861285,0.8695745220156331,0.20300751879699247,0.0,0.7969924812030075,0.9605112781954886,0.9873888462953088,0.9284940478459836,0.053194680499651974
group_disjoint,rf,109,22,2175,633,0.7572413793103449,0.7898894154818326,0,0.5,500,26,107,0,0.9589257503949447,0.9022556390977443,0.9505703422053232,1.0,0.9746588693957114,0.9331627680311891,0.8744967472908791,0.19548872180451127,0.0,0.8045112781954887,0.9577142857142857,0.9861116681874136,0.9270323882404541,0.05278052185179474
group_disjoint,xgboost,109,11,2175,633,0.7572413793103449,0.7898894154818326,0,0.5,496,25,108,4,0.9541864139020537,0.9020150375939849,0.9520153550863724,0.992,0.9715964740450539,0.9266145635531392,0.8583318808608101,0.18796992481203006,0.008,0.8120300751879699,0.9576992481203008,0.986256884369868,0.9234726341909526,0.04032115638256073
group_disjoint,xgboost,109,22,2175,633,0.7572413793103449,0.7898894154818326,0,0.5,497,28,105,3,0.9510268562401264,0.8917368421052632,0.9466666666666667,0.994,0.9697560975609756,0.9205626960833924,0.8484840971744224,0.21052631578947367,0.006,0.7894736842105263,0.9574887218045113,0.9859117147189336,0.9250448502455313,0.04073547199368477
group_disjoint,hgb,109,11,2175,633,0.7572413793103449,0.7898894154818326,0,0.5,500,31,102,0,0.9510268562401264,0.8834586466165413,0.9416195856873822,1.0,0.9699321047526673,0.919008605567823,0.849790764783087,0.23308270676691728,0.0,0.7669172932330827,0.9726165413533835,0.9913117209514791,0.9447198586387183,0.04573015735912222
group_disjoint,hgb,109,22,2175,633,0.7572413793103449,0.7898894154818326,0,0.5,500,31,102,0,0.9510268562401264,0.8834586466165413,0.9416195856873822,1.0,0.9699321047526673,0.919008605567823,0.849790764783087,0.23308270676691728,0.0,0.7669172932330827,0.9726165413533835,0.9913117209514791,0.9447198586387183,0.04573015735912222
group_disjoint,mlp,109,11,2175,633,0.7572413793103449,0.7898894154818326,0,0.5,350,20,113,150,0.731437598736177,0.774812030075188,0.9459459459459459,0.7,0.8045977011494253,0.687652385928248,0.4543576266871127,0.15037593984962405,0.3,0.849624060150376,0.7736541353383458,0.9406305681006628,0.34438306874780067,0.24300670623779297
group_disjoint,mlp,109,22,2175,633,0.7572413793103449,0.7898894154818326,0,0.5,495,11,122,5,0.9747235387045814,0.9536466165413533,0.9782608695652174,0.99,0.9840954274353877,0.9612784829484631,0.9229568034958342,0.08270676691729323,0.01,0.9172932330827067,0.9885413533834587,0.9965591837567898,0.9744756591588775,0.024445127695798874
group_disjoint,majority,110,11,2186,622,0.7598353156450137,0.7813504823151125,0,0.5,486,136,0,0,0.7813504823151125,0.5,0.7813504823151125,1.0,0.8772563176895307,0.43862815884476536,0.0,1.0,0.0,0.0,0.5,0.7813504823151125,0.21864951768488747,0.21864951768488747
group_disjoint,majority,110,22,2186,622,0.7598353156450137,0.7813504823151125,0,0.5,486,136,0,0,0.7813504823151125,0.5,0.7813504823151125,1.0,0.8772563176895307,0.43862815884476536,0.0,1.0,0.0,0.0,0.5,0.7813504823151125,0.21864951768488747,0.21864951768488747
group_disjoint,stratified,110,11,2186,622,0.7598353156450137,0.7813504823151125,0,0.5,363,104,32,123,0.635048231511254,0.4911038489469862,0.7773019271948608,0.7469135802469136,0.7618048268625394,0.4908680491701013,-0.01700182115916722,0.7647058823529411,0.25308641975308643,0.23529411764705882,0.4911038489469862,0.7783265615154183,0.21577942244214354,0.364951768488746
group_disjoint,stratified,110,22,2186,622,0.7598353156450137,0.7813504823151125,0,0.5,383,102,34,103,0.6704180064308681,0.5190329218106996,0.7896907216494845,0.7880658436213992,0.7888774459320288,0.518980847508139,0.03796574225854851,0.75,0.21193415637860083,0.25,0.5190329218106996,0.7879231400621588,0.22603093388410356,0.3295819935691318
group_disjoint,logreg,110,11,2186,622,0.7598353156450137,0.7813504823151125,0,0.5,442,78,58,44,0.8038585209003215,0.6679678044057129,0.85,0.9094650205761317,0.878727634194831,0.6830612960890121,0.3750091567019042,0.5735294117647058,0.09053497942386832,0.4264705882352941,0.7604696199467441,0.9190406789308139,0.5729318416766678,0.1494855647456124
group_disjoint,logreg,110,22,2186,622,0.7598353156450137,0.7813504823151125,0,0.5,442,78,58,44,0.8038585209003215,0.6679678044057129,0.85,0.9094650205761317,0.878727634194831,0.6830612960890121,0.3750091567019042,0.5735294117647058,0.09053497942386832,0.4264705882352941,0.7604696199467441,0.9190406789308139,0.5729318416766678,0.1494855647456124
group_disjoint,tree,110,11,2186,622,0.7598353156450137,0.7813504823151125,0,0.5,453,118,18,33,0.7572347266881029,0.5322258533042847,0.7933450087565674,0.9320987654320988,0.8571428571428571,0.5248281130634072,0.09709991910989149,0.8676470588235294,0.06790123456790123,0.1323529411764706,0.5322258533042847,0.7925305656031354,0.236423413700642,0.2427652733118971
group_disjoint,tree,110,22,2186,622,0.7598353156450137,0.7813504823151125,0,0.5,452,118,18,34,0.7556270096463023,0.5311970467199225,0.7929824561403509,0.9300411522633745,0.8560606060606061,0.5237749838813669,0.09317340525181346,0.8676470588235294,0.06995884773662552,0.1323529411764706,0.5311970467199225,0.7921686966546346,0.23552509057048496,0.24437299035369775
group_disjoint,rf,110,11,2186,622,0.7598353156450137,0.7813504823151125,0,0.5,469,91,45,17,0.8263665594855305,0.6479514645364318,0.8375,0.9650205761316872,0.8967495219885278,0.6756474882669912,0.4082695543362246,0.6691176470588235,0.03497942386831276,0.33088235294117646,0.8849400871459696,0.9658007021707555,0.6527076213502885,0.1307909385278722
group_disjoint,rf,110,22,2186,622,0.7598353156450137,0.7813504823151125,0,0.5,469,89,47,17,0.8295819935691319,0.6553044057129025,0.8405017921146953,0.9650205761316872,0.8984674329501916,0.6842337164750958,0.42256573111768664,0.6544117647058824,0.03497942386831276,0.34558823529411764,0.8790698378116679,0.9642155445058822,0.6426486931533939,0.1339575669744874
group_disjoint,xgboost,110,11,2186,622,0.7598353156450137,0.7813504823151125,0,0.5,466,82,54,20,0.8360128617363344,0.677953280077463,0.8503649635036497,0.9588477366255144,0.9013539651837524,0.7078198397347333,0.45437815400040876,0.6029411764705882,0.0411522633744856,0.39705882352941174,0.8054496489954005,0.9251105533602776,0.5931655763821613,0.15264831483364105
group_disjoint,xgboost,110,22,2186,622,0.7598353156450137,0.7813504823151125,0,0.5,463,81,55,23,0.8327974276527331,0.678543330912612,0.8511029411764706,0.9526748971193416,0.8990291262135922,0.7065239089011885,0.4456710931136934,0.5955882352941176,0.047325102880658436,0.40441176470588236,0.7773844105543453,0.9073296235697399,0.578905206130568,0.15372031927108765
group_disjoint,hgb,110,11,2186,622,0.7598353156450137,0.7813504823151125,0,0.5,465,89,47,21,0.8231511254019293,0.6511891793754538,0.8393501805054152,0.9567901234567902,0.8942307692307693,0.6775075414781297,0.4005243788227048,0.6544117647058824,0.043209876543209874,0.34558823529411764,0.7535705640280803,0.8835018061976037,0.5528170101164424,0.16910128316266915
group_disjoint,hgb,110,22,2186,622,0.7598353156450137,0.7813504823151125,0,0.5,465,89,47,21,0.8231511254019293,0.6511891793754538,0.8393501805054152,0.9567901234567902,0.8942307692307693,0.6775075414781297,0.4005243788227048,0.6544117647058824,0.043209876543209874,0.34558823529411764,0.7535705640280803,0.8835018061976037,0.5528170101164424,0.16910128316266915
group_disjoint,mlp,110,11,2186,622,0.7598353156450137,0.7813504823151125,0,0.5,463,70,66,23,0.8504823151125402,0.7189845073832002,0.8686679174484052,0.9526748971193416,0.9087340529931305,0.7477003598298986,0.5169783633267672,0.5147058823529411,0.047325102880658436,0.4852941176470588,0.7836328976034859,0.917987331455509,0.6662997004642263,0.13132178783416748
group_disjoint,mlp,110,22,2186,622,0.7598353156450137,0.7813504823151125,0,0.5,466,68,68,20,0.8585209003215434,0.7294238683127572,0.8726591760299626,0.9588477366255144,0.9137254901960784,0.7604341736694678,0.5441820570921426,0.5,0.0411522633744856,0.5,0.7767867949648997,0.9114398168762907,0.6625942619805795,0.12871937453746796
group_disjoint,majority,111,11,2228,580,0.7540394973070018,0.8051724137931034,0,0.5,467,113,0,0,0.8051724137931034,0.5,0.8051724137931034,1.0,0.89207258834766,0.44603629417383,0.0,1.0,0.0,0.0,0.5,0.8051724137931034,0.19482758620689655,0.19482758620689655
group_disjoint,majority,111,22,2228,580,0.7540394973070018,0.8051724137931034,0,0.5,467,113,0,0,0.8051724137931034,0.5,0.8051724137931034,1.0,0.89207258834766,0.44603629417383,0.0,1.0,0.0,0.0,0.5,0.8051724137931034,0.19482758620689655,0.19482758620689655
group_disjoint,stratified,111,11,2228,580,0.7540394973070018,0.8051724137931034,0,0.5,351,86,27,116,0.6517241379310345,0.49527202440734497,0.8032036613272311,0.7516059957173448,0.7765486725663717,0.49374308628318586,-0.008689487171202161,0.7610619469026548,0.24839400428265523,0.23893805309734514,0.49527202440734497,0.8036926876356705,0.1933900399265062,0.3482758620689655
group_disjoint,stratified,111,22,2228,580,0.7540394973070018,0.8051724137931034,0,0.5,363,84,29,104,0.6758620689655173,0.5169695476682269,0.8120805369127517,0.7773019271948608,0.7943107221006565,0.5150415399121169,0.03197557344382199,0.7433628318584071,0.22269807280513917,0.25663716814159293,0.5169695476682269,0.8105421112073055,0.20078606647837172,0.32413793103448274
group_disjoint,logreg,111,11,2228,580,0.7540394973070018,0.8051724137931034,0,0.5,375,0,113,92,0.8413793103448276,0.9014989293361884,1.0,0.8029978586723768,0.8907363420427553,0.8007140829710632,0.6653030046160283,0.0,0.19700214132762311,1.0,0.9821682363419302,0.9960379071030782,0.9012429426424978,0.10200319499950669
group_disjoint,logreg,111,22,2228,580,0.7540394973070018,0.8051724137931034,0,0.5,375,0,113,92,0.8413793103448276,0.9014989293361884,1.0,0.8029978586723768,0.8907363420427553,0.8007140829710632,0.6653030046160283,0.0,0.19700214132762311,1.0,0.9821682363419302,0.9960379071030782,0.9012429426424978,0.10200319499950669
group_disjoint,tree,111,11,2228,580,0.7540394973070018,0.8051724137931034,0,0.5,417,38,75,50,0.8482758620689655,0.7783252165014876,0.9164835164835164,0.892933618843683,0.9045553145336226,0.7674037076869793,0.5361909856473239,0.336283185840708,0.10706638115631692,0.6637168141592921,0.7818783043717193,0.9057673265868419,0.48034025022886784,0.15078586801720076
group_disjoint,tree,111,22,2228,580,0.7540394973070018,0.8051724137931034,0,0.5,416,38,75,51,0.846551724137931,0.7772545526899244,0.9162995594713657,0.8907922912205567,0.9033659066232356,0.7654904846923709,0.5325901682166589,0.336283185840708,0.10920770877944326,0.6637168141592921,0.7800970229861098,0.9051217183278508,0.47353987303461287,0.15269765993100198
group_disjoint,rf,111,11,2228,580,0.7540394973070018,0.8051724137931034,0,0.5,447,2,111,20,0.9620689655172414,0.9697371662466128,0.9955456570155902,0.9571734475374732,0.9759825327510917,0.942909299162431,0.8898642569463944,0.017699115044247787,0.042826552462526764,0.9823008849557522,0.9903735005969188,0.9978244217562328,0.9565500625331058,0.042996010335046755
group_disjoint,rf,111,22,2228,580,0.7540394973070018,0.8051724137931034,0,0.5,447,2,111,20,0.9620689655172414,0.9697371662466128,0.9955456570155902,0.9571734475374732,0.9759825327510917,0.942909299162431,0.8898642569463944,0.017699115044247787,0.042826552462526764,0.9823008849557522,0.9892933618843683,0.9975672332702795,0.9527108366050099,0.04394285059959637
group_disjoint,xgboost,111,11,2228,580,0.7540394973070018,0.8051724137931034,0,0.5,417,0,113,50,0.9137931034482759,0.9464668094218416,1.0,0.892933618843683,0.9434389140271493,0.881139746868647,0.7867830709881051,0.0,0.10706638115631692,1.0,0.9932538704970533,0.9984104574505325,0.9729397603330046,0.06929945945739746
group_disjoint,xgboost,111,22,2228,580,0.7540394973070018,0.8051724137931034,0,0.5,414,0,113,53,0.9086206896551724,0.943254817987152,1.0,0.8865096359743041,0.9398410896708286,0.8749384659823677,0.7768316437953499,0.0,0.11349036402569593,1.0,0.994504557427375,0.9987091367686609,0.9775878163382614,0.06852136552333832
group_disjoint,hgb,111,11,2228,580,0.7540394973070018,0.8051724137931034,0,0.5,423,0,113,44,0.9241379310344827,0.9528907922912205,1.0,0.9057815845824411,0.950561797752809,0.8937994173949231,0.8074230418566961,0.0,0.09421841541755889,1.0,0.9952625495063577,0.9988542184246696,0.982606943265208,0.06678110849504867
group_disjoint,hgb,111,22,2228,580,0.7540394973070018,0.8051724137931034,0,0.5,423,0,113,44,0.9241379310344827,0.9528907922912205,1.0,0.9057815845824411,0.950561797752809,0.8937994173949231,0.8074230418566961,0.0,0.09421841541755889,1.0,0.9952625495063577,0.9988542184246696,0.982606943265208,0.06678110849504867
group_disjoint,mlp,111,11,2228,580,0.7540394973070018,0.8051724137931034,0,0.5,420,1,112,47,0.9172413793103448,0.945254022095469,0.997624703087886,0.8993576017130621,0.9459459459459459,0.8847376788553258,0.7906711614775934,0.008849557522123894,0.1006423982869379,0.9911504424778761,0.9956036459419,0.9989205738446452,0.9847459530192892,0.056876543909311295
group_disjoint,mlp,111,22,2228,580,0.7540394973070018,0.8051724137931034,0,0.5,412,0,113,55,0.9051724137931034,0.9411134903640257,1.0,0.8822269807280514,0.9374288964732651,0.8708496795533585,0.7703263409498144,0.0,0.11777301927194861,1.0,0.9972143791097383,0.9993218465143575,0.989856118185204,0.06777411699295044
group_disjoint,majority,112,11,2210,598,0.7687782805429865,0.7491638795986622,0,0.5,448,150,0,0,0.7491638795986622,0.5,0.7491638795986622,1.0,0.8565965583173997,0.42829827915869984,0.0,1.0,0.0,0.0,0.5,0.7491638795986622,0.2508361204013378,0.2508361204013378
group_disjoint,majority,112,22,2210,598,0.7687782805429865,0.7491638795986622,0,0.5,448,150,0,0,0.7491638795986622,0.5,0.7491638795986622,1.0,0.8565965583173997,0.42829827915869984,0.0,1.0,0.0,0.0,0.5,0.7491638795986622,0.2508361204013378,0.2508361204013378
group_disjoint,stratified,112,11,2210,598,0.7687782805429865,0.7491638795986622,0,0.5,349,116,34,99,0.6404682274247492,0.5028422619047619,0.7505376344086021,0.7790178571428571,0.764512595837897,0.5023976406751323,0.005925519469934238,0.7733333333333333,0.22098214285714285,0.22666666666666666,0.5028422619047619,0.7502340591269413,0.25192479526575634,0.3595317725752508
group_disjoint,stratified,112,22,2210,598,0.7687782805429865,0.7491638795986622,0,0.5,353,115,35,95,0.6488294314381271,0.510639880952381,0.7542735042735043,0.7879464285714286,0.7707423580786026,0.5103711790393013,0.02236437667173722,0.7666666666666667,0.21205357142857142,0.23333333333333334,0.5106398809523809,0.7531899901125445,0.2551282051282051,0.3511705685618729
group_disjoint,logreg,112,11,2210,598,0.7687782805429865,0.7491638795986622,0,0.5,328,2,148,120,0.7959866220735786,0.8594047619047619,0.9939393939393939,0.7321428571428571,0.8431876606683805,0.7756608159801233,0.6265764851892557,0.013333333333333334,0.26785714285714285,0.9866666666666667,0.9679910714285715,0.9894855877890689,0.9023862091803737,0.13256844950809005
group_disjoint,logreg,112,22,2210,598,0.7687782805429865,0.7491638795986622,0,0.5,328,2,148,120,0.7959866220735786,0.8594047619047619,0.9939393939393939,0.7321428571428571,0.8431876606683805,0.7756608159801233,0.6265764851892557,0.013333333333333334,0.26785714285714285,0.9866666666666667,0.9679910714285715,0.9894855877890689,0.9023862091803737,0.13256844950809005
group_disjoint,tree,112,11,2210,598,0.7687782805429865,0.7491638795986622,0,0.5,373,6,144,75,0.8645484949832776,0.8962946428571428,0.9841688654353562,0.8325892857142857,0.9020556227327691,0.8412717138054089,0.7131668887358652,0.04,0.16741071428571427,0.96,0.8962946428571428,0.944826512895731,0.6412663215283823,0.1354515050167224
group_disjoint,tree,112,22,2210,598,0.7687782805429865,0.7491638795986622,0,0.5,376,5,145,72,0.8712374581939799,0.9029761904761905,0.9868766404199475,0.8392857142857143,0.9071170084439083,0.8486538720693656,0.7266104915926458,0.03333333333333333,0.16071428571428573,0.9666666666666667,0.9029761904761905,0.9486728038593837,0.6542905434911045,0.12876254180602006
group_disjoint,rf,112,11,2210,598,0.7687782805429865,0.7491638795986622,0,0.5,426,2,148,22,0.959866220735786,0.9687797619047619,0.9953271028037384,0.9508928571428571,0.9726027397260274,0.9488013698630138,0.9010256223029335,0.013333333333333334,0.049107142857142856,0.9866666666666667,0.9933184523809524,0.9978623937957372,0.979788391632219,0.047928206140525044
group_disjoint,rf,112,22,2210,598,0.7687782805429865,0.7491638795986622,0,0.5,427,3,147,21,0.959866220735786,0.9665625,0.9930232558139535,0.953125,0.9726651480637813,0.9485967249752869,0.8999856668755316,0.02,0.046875,0.98,0.9929910714285713,0.9977572966503048,0.9788144437987163,0.04717706089631452
group_disjoint,xgboost,112,11,2210,598,0.7687782805429865,0.7491638795986622,0,0.5,390,0,150,58,0.903010033444816,0.9352678571428572,1.0,0.8705357142857143,0.9307875894988067,0.8843882081572245,0.7923321138079843,0.0,0.12946428571428573,1.0,0.9922767857142858,0.9975028104416698,0.9772262467166686,0.07123854011297226
group_disjoint,xgboost,112,22,2210,598,0.7687782805429865,0.7491638795986622,0,0.5,393,1,149,55,0.9063545150501672,0.9352827380952381,0.9974619289340102,0.8772321428571429,0.9334916864608076,0.8876497980326636,0.79601798899198,0.006666666666666667,0.12276785714285714,0.9933333333333333,0.9905208333333333,0.9968815218541994,0.9736239120514555,0.07444805651903152
group_disjoint,hgb,112,11,2210,598,0.7687782805429865,0.7491638795986622,0,0.5,402,2,148,46,0.919732441471572,0.9419940476190476,0.995049504950495,0.8973214285714286,0.9436619718309859,0.9020635440550278,0.8185392427395973,0.013333333333333334,0.10267857142857142,0.9866666666666667,0.9914136904761905,0.9972389443686399,0.9743924576586831,0.0662720357303548
group_disjoint,hgb,112,22,2210,598,0.7687782805429865,0.7491638795986622,0,0.5,402,2,148,46,0.919732441471572,0.9419940476190476,0.995049504950495,0.8973214285714286,0.9436619718309859,0.9020635440550278,0.8185392427395973,0.013333333333333334,0.10267857142857142,0.9866666666666667,0.9914136904761905,0.9972389443686399,0.9743924576586831,0.0662720357303548
group_disjoint,mlp,112,11,2210,598,0.7687782805429865,0.7491638795986622,0,0.5,387,5,145,61,0.8896321070234113,0.9152529761904762,0.9872448979591837,0.8638392857142857,0.9214285714285714,0.8680176565008025,0.757618798824997,0.03333333333333333,0.13616071428571427,0.9666666666666667,0.9751041666666667,0.991938884507963,0.9227134201268579,0.08129055798053741
group_disjoint,mlp,112,22,2210,598,0.7687782805429865,0.7491638795986622,0,0.5,380,1,149,68,0.8846153846153846,0.9207738095238095,0.9973753280839895,0.8482142857142857,0.916767189384801,0.8643781451011199,0.7587015605714053,0.006666666666666667,0.15178571428571427,0.9933333333333333,0.9852529761904761,0.9954310600125729,0.9513985224283719,0.08129998296499252
group_disjoint,majority,113,11,2196,612,0.7745901639344263,0.7287581699346405,0,0.5,446,166,0,0,0.7287581699346405,0.5,0.7287581699346405,1.0,0.8431001890359168,0.4215500945179584,0.0,1.0,0.0,0.0,0.5,0.7287581699346405,0.27124183006535946,0.27124183006535946
group_disjoint,majority,113,22,2196,612,0.7745901639344263,0.7287581699346405,0,0.5,446,166,0,0,0.7287581699346405,0.5,0.7287581699346405,1.0,0.8431001890359168,0.4215500945179584,0.0,1.0,0.0,0.0,0.5,0.7287581699346405,0.27124183006535946,0.27124183006535946
group_disjoint,stratified,113,11,2196,612,0.7745901639344263,0.7287581699346405,0,0.5,350,128,38,96,0.6339869281045751,0.506834512939651,0.7322175732217573,0.7847533632286996,0.7575757575757576,0.5054545454545455,0.014695781685299931,0.7710843373493976,0.21524663677130046,0.2289156626506024,0.506834512939651,0.7314729482989698,0.2740667087430788,0.3660130718954248
group_disjoint,stratified,113,22,2196,612,0.7745901639344263,0.7287581699346405,0,0.5,360,128,38,86,0.6503267973856209,0.5180452752714896,0.7377049180327869,0.8071748878923767,0.7708779443254818,0.5164734549213617,0.039920339572062584,0.7710843373493976,0.19282511210762332,0.2289156626506024,0.5180452752714895,0.7359797603277631,0.27930190083547346,0.34967320261437906
group_disjoint,logreg,113,11,2196,612,0.7745901639344263,0.7287581699346405,0,0.5,319,3,163,127,0.7875816993464052,0.848587173807337,0.9906832298136646,0.7152466367713004,0.8307291666666666,0.7728207236842105,0.6207774570427015,0.018072289156626505,0.28475336322869954,0.9819277108433735,0.9669079907072234,0.9878126873548205,0.8970497926687504,0.13785225827873634
group_disjoint,logreg,113,22,2196,612,0.7745901639344263,0.7287581699346405,0,0.5,319,3,163,127,0.7875816993464052,0.848587173807337,0.9906832298136646,0.7152466367713004,0.8307291666666666,0.7728207236842105,0.6207774570427015,0.018072289156626505,0.28475336322869954,0.9819277108433735,0.9669079907072234,0.9878126873548205,0.8970497926687504,0.13785225827873634
group_disjoint,tree,113,11,2196,612,0.7745901639344263,0.7287581699346405,0,0.5,408,12,154,38,0.9183006535947712,0.9212545248257604,0.9714285714285714,0.9147982062780269,0.9422632794457275,0.9012992374882269,0.8072736709289423,0.07228915662650602,0.08520179372197309,0.927710843373494,0.9353827867523907,0.9575712520828629,0.8313548310890622,0.08178589209996513
group_disjoint,tree,113,22,2196,612,0.7745901639344263,0.7287581699346405,0,0.5,410,14,152,36,0.9183006535947712,0.917472580906586,0.9669811320754716,0.9192825112107623,0.9425287356321839,0.9006428988895383,0.8046695605645555,0.08433734939759036,0.08071748878923767,0.9156626506024096,0.9309660165324977,0.9541282854693061,0.8320660663630354,0.08178589209996513
group_disjoint,rf,113,11,2196,612,0.7745901639344263,0.7287581699346405,0,0.5,423,2,164,23,0.9591503267973857,0.968191150251229,0.9952941176470588,0.9484304932735426,0.9712973593570609,0.9502379148060092,0.9037730799205608,0.012048192771084338,0.0515695067264574,0.9879518072289156,0.9920444108271651,0.9972383887726979,0.9770194833727486,0.04958414300447243
group_disjoint,rf,113,22,2196,612,0.7745901639344263,0.7287581699346405,0,0.5,426,1,165,20,0.9656862745098039,0.9745664271435518,0.9976580796252927,0.9551569506726457,0.9759450171821306,0.9580579786765353,0.9188585873229445,0.006024096385542169,0.04484304932735426,0.9939759036144579,0.9940299313847317,0.9978865962945794,0.9836403677930148,0.044551792280218015
group_disjoint,xgboost,113,11,2196,612,0.7745901639344263,0.7287581699346405,0,0.5,401,0,166,45,0.9264705882352942,0.9495515695067265,1.0,0.899103139013453,0.9468713105076741,0.9137539576411049,0.8410417853599691,0.0,0.10089686098654709,1.0,0.9911799665027824,0.9968792746512436,0.9760725023087065,0.05697118118405342
group_disjoint,xgboost,113,22,2196,612,0.7745901639344263,0.7287581699346405,0,0.5,400,1,165,46,0.923202614379085,0.9454184450807716,0.9975062344139651,0.8968609865470852,0.9445100354191264,0.9099208002029319,0.8333093457866089,0.006024096385542169,0.1031390134529148,0.9939759036144579,0.9906667026851801,0.9967091237723664,0.9744767705156976,0.05977322533726692
group_disjoint,hgb,113,11,2196,612,0.7745901639344263,0.7287581699346405,0,0.5,408,2,164,38,0.934640522875817,0.9513750067534712,0.9951219512195122,0.9147982062780269,0.9532710280373832,0.922287687931735,0.8535350578258735,0.012048192771084338,0.08520179372197309,0.9879518072289156,0.9929358690366848,0.9975442247693758,0.9795799625583277,0.053730543480207706
group_disjoint,hgb,113,22,2196,612,0.7745901639344263,0.7287581699346405,0,0.5,408,2,164,38,0.934640522875817,0.9513750067534712,0.9951219512195122,0.9147982062780269,0.9532710280373832,0.922287687931735,0.8535350578258735,0.012048192771084338,0.08520179372197309,0.9879518072289156,0.9929358690366848,0.9975442247693758,0.9795799625583277,0.053730543480207706
group_disjoint,mlp,113,11,2196,612,0.7745901639344263,0.7287581699346405,0,0.5,378,1,165,68,0.8872549019607843,0.9207547679507266,0.9973614775725593,0.8475336322869955,0.9163636363636364,0.8717156527682843,0.770518285490739,0.006024096385542169,0.15246636771300448,0.9939759036144579,0.9800907666540601,0.9932107595057178,0.9279684111167384,0.08070775121450424
group_disjoint,mlp,113,22,2196,612,0.7745901639344263,0.7287581699346405,0,0.5,388,7,159,58,0.8937908496732027,0.9138932411259387,0.9822784810126582,0.8699551569506726,0.9227110582639715,0.876499132265145,0.7693277337316549,0.04216867469879518,0.13004484304932734,0.9578313253012049,0.9772408017721108,0.9918618848736982,0.920997471088171,0.07583510875701904
group_disjoint,majority,114,11,2171,637,0.7627821280515892,0.7708006279434851,0,0.5,491,146,0,0,0.7708006279434851,0.5,0.7708006279434851,1.0,0.8705673758865248,0.4352836879432624,0.0,1.0,0.0,0.0,0.5,0.7708006279434851,0.22919937205651492,0.22919937205651492
group_disjoint,majority,114,22,2171,637,0.7627821280515892,0.7708006279434851,0,0.5,491,146,0,0,0.7708006279434851,0.5,0.7708006279434851,1.0,0.8705673758865248,0.4352836879432624,0.0,1.0,0.0,0.0,0.5,0.7708006279434851,0.22919937205651492,0.22919937205651492
group_disjoint,stratified,114,11,2171,637,0.7627821280515892,0.7708006279434851,0,0.5,377,104,42,114,0.6577708006279435,0.5277460034037329,0.7837837837837838,0.7678207739307535,0.7757201646090535,0.5269329299866459,0.054239136578473825,0.7123287671232876,0.23217922606924643,0.2876712328767123,0.5277460034037329,0.7807693647088468,0.24071525343540998,0.34222919937205654
group_disjoint,stratified,114,22,2171,637,0.7627821280515892,0.7708006279434851,0,0.5,381,117,29,110,0.6436420722135008,0.4872987752141283,0.7650602409638554,0.7759674134419552,0.7704752275025278,0.4869919997161762,-0.025850604326456347,0.8013698630136986,0.2240325865580448,0.19863013698630136,0.4872987752141283,0.766346274706746,0.22511428933453742,0.3563579277864992
group_disjoint,logreg,114,11,2171,637,0.7627821280515892,0.7708006279434851,0,0.5,400,127,19,91,0.6577708006279435,0.4724004687107664,0.7590132827324478,0.814663951120163,0.7858546168958742,0.4671460584479371,-0.0613828750609671,0.8698630136986302,0.18533604887983707,0.13013698630136986,0.39811120720921794,0.7670284518572958,0.20337751225526401,0.29520414523685556
group_disjoint,logreg,114,22,2171,637,0.7627821280515892,0.7708006279434851,0,0.5,400,127,19,91,0.6577708006279435,0.4724004687107664,0.7590132827324478,0.814663951120163,0.7858546168958742,0.4671460584479371,-0.0613828750609671,0.8698630136986302,0.18533604887983707,0.13013698630136986,0.39811120720921794,0.7670284518572958,0.20337751225526401,0.29520414523685556
group_disjoint,tree,114,11,2171,637,0.7627821280515892,0.7708006279434851,0,0.5,469,123,23,22,0.7723704866562009,0.5563638646318667,0.7922297297297297,0.955193482688391,0.866112650046168,0.5534751731906232,0.18491869613681464,0.8424657534246576,0.04480651731160896,0.15753424657534246,0.5563638646318667,0.7912695663095721,0.27361012546922525,0.22762951334379905
group_disjoint,tree,114,22,2171,637,0.7627821280515892,0.7708006279434851,0,0.5,470,123,23,21,0.7739403453689168,0.557382194570767,0.7925801011804384,0.9572301425661914,0.8671586715867159,0.5546319673723054,0.1902263340295967,0.8424657534246576,0.04276985743380855,0.15753424657534246,0.5573821945707669,0.7916485962151104,0.2754400687375247,0.2260596546310832
group_disjoint,rf,114,11,2171,637,0.7627821280515892,0.7708006279434851,0,0.5,420,125,21,71,0.6923076923076923,0.49961638255726365,0.7706422018348624,0.8553971486761711,0.8108108108108109,0.4936406995230525,-0.0009173886247014312,0.8561643835616438,0.1446028513238289,0.14383561643835616,0.4100870462851881,0.7212113687799961,0.24272676286953518,0.23332750317947085
group_disjoint,rf,114,22,2171,637,0.7627821280515892,0.7708006279434851,0,0.5,433,123,23,58,0.7158555729984302,0.5197039868314595,0.7787769784172662,0.8818737270875764,0.8271251193887297,0.5148841455974486,0.04971888413200534,0.8424657534246576,0.11812627291242363,0.15753424657534246,0.42773344865106155,0.7309387165141754,0.2806768716974486,0.23121844815632756
group_disjoint,xgboost,114,11,2171,637,0.7627821280515892,0.7708006279434851,0,0.5,414,123,23,77,0.6860282574568289,0.5003557179923556,0.770949720670391,0.8431771894093686,0.8054474708171206,0.4962196703679099,0.0008219887227572845,0.8424657534246576,0.15682281059063136,0.15753424657534246,0.26212928605306474,0.6458691126744847,0.19301693885549487,0.27165359258651733
group_disjoint,xgboost,114,22,2171,637,0.7627821280515892,0.7708006279434851,0,0.5,424,123,23,67,0.7017268445839875,0.5105390173813577,0.7751371115173674,0.8635437881873728,0.8169556840077071,0.5059354691224976,0.025435036927897604,0.8424657534246576,0.1364562118126273,0.15753424657534246,0.27254973077030387,0.648802380822477,0.2183469892191431,0.2592094838619232
group_disjoint,hgb,114,11,2171,637,0.7627821280515892,0.7708006279434851,0,0.5,459,128,18,32,0.7488226059654631,0.5290572775716318,0.7819420783645656,0.9348268839103869,0.8515769944341373,0.5176252319109462,0.09082345919566708,0.8767123287671232,0.06517311608961303,0.1232876712328767,0.309642050051614,0.6618572760576584,0.25450452266057744,0.23686735669241996
group_disjoint,hgb,114,22,2171,637,0.7627821280515892,0.7708006279434851,0,0.5,459,128,18,32,0.7488226059654631,0.5290572775716318,0.7819420783645656,0.9348268839103869,0.8515769944341373,0.5176252319109462,0.09082345919566708,0.8767123287671232,0.06517311608961303,0.1232876712328767,0.309642050051614,0.6618572760576584,0.25450452266057744,0.23686735669241996
group_disjoint,mlp,114,11,2171,637,0.7627821280515892,0.7708006279434851,0,0.5,421,125,21,70,0.6938775510204082,0.5006347124961638,0.7710622710622711,0.8574338085539714,0.8119575699132112,0.49458637989331444,0.0015247800491881745,0.8561643835616438,0.1425661914460285,0.14383561643835616,0.392043076751388,0.762917142910553,0.2074808724356477,0.27301087975502014
group_disjoint,mlp,114,22,2171,637,0.7627821280515892,0.7708006279434851,0,0.5,399,125,21,92,0.6593406593406593,0.47823145384035937,0.7614503816793893,0.8126272912423625,0.7862068965517242,0.47418452935694316,-0.04790399457475632,0.8561643835616438,0.18737270875763748,0.14383561643835616,0.37994866501129926,0.7608167069279866,0.18865120867867974,0.29663240909576416
group_disjoint,majority,115,11,2215,593,0.7521444695259594,0.8111298482293423,0,0.5,481,112,0,0,0.8111298482293423,0.5,0.8111298482293423,1.0,0.8957169459962756,0.4478584729981378,0.0,1.0,0.0,0.0,0.5,0.8111298482293423,0.18887015177065766,0.18887015177065766
group_disjoint,majority,115,22,2215,593,0.7521444695259594,0.8111298482293423,0,0.5,481,112,0,0,0.8111298482293423,0.5,0.8111298482293423,1.0,0.8957169459962756,0.4478584729981378,0.0,1.0,0.0,0.0,0.5,0.8111298482293423,0.18887015177065766,0.18887015177065766
group_disjoint,stratified,115,11,2215,593,0.7521444695259594,0.8111298482293423,0,0.5,359,85,27,122,0.6509274873524452,0.4937165874665875,0.8085585585585585,0.7463617463617463,0.7762162162162162,0.49155638397017704,-0.011340246633002746,0.7589285714285714,0.25363825363825365,0.24107142857142858,0.4937165874665874,0.8092107359802543,0.1870230388408065,0.3490725126475548
group_disjoint,stratified,115,22,2215,593,0.7521444695259594,0.8111298482293423,0,0.5,375,83,29,106,0.6812816188870152,0.5192771755271756,0.8187772925764192,0.7796257796257796,0.7987220447284346,0.5167699292468084,0.035987802114287246,0.7410714285714286,0.2203742203742204,0.25892857142857145,0.5192771755271754,0.8170919929905769,0.19558796630887693,0.31871838111298484
group_disjoint,logreg,115,11,2215,593,0.7521444695259594,0.8111298482293423,0,0.5,423,2,110,58,0.8988195615514334,0.9307803682803683,0.9952941176470588,0.8794178794178794,0.9337748344370861,0.8597445600756859,0.7483733997627183,0.017857142857142856,0.12058212058212059,0.9821428571428571,0.9903846153846154,0.9977942555808144,0.9610344129792101,0.07057947504674417
group_disjoint,logreg,115,22,2215,593,0.7521444695259594,0.8111298482293423,0,0.5,423,2,110,58,0.8988195615514334,0.9307803682803683,0.9952941176470588,0.8794178794178794,0.9337748344370861,0.8597445600756859,0.7483733997627183,0.017857142857142856,0.12058212058212059,0.9821428571428571,0.9903846153846154,0.9977942555808144,0.9610344129792101,0.07057947504674417
group_disjoint,tree,115,11,2215,593,0.7521444695259594,0.8111298482293423,0,0.5,443,3,109,38,0.9308600337268128,0.9471061033561033,0.9932735426008968,0.920997920997921,0.9557713052858684,0.898735073492355,0.8105803041184603,0.026785714285714284,0.079002079002079,0.9732142857142857,0.952572765072765,0.98073124537704,0.7627758586571223,0.0692664657248661
group_disjoint,tree,115,22,2215,593,0.7521444695259594,0.8111298482293423,0,0.5,445,3,109,36,0.9342327150084317,0.9491851054351055,0.9933035714285714,0.9251559251559252,0.9580193756727664,0.9031342014550603,0.8181141120659998,0.026785714285714284,0.07484407484407485,0.9732142857142857,0.9546517671517671,0.9815203655268839,0.7737572620880597,0.06589378444324721
group_disjoint,rf,115,11,2215,593,0.7521444695259594,0.8111298482293423,0,0.5,476,0,112,5,0.9915682967959528,0.9948024948024948,1.0,0.9896049896049897,0.9947753396029259,0.9864706392337773,0.973300661709119,0.0,0.010395010395010396,1.0,0.9998700623700624,0.9999698693127547,0.9994496141569365,0.023785945563623977
group_disjoint,rf,115,22,2215,593,0.7521444695259594,0.8111298482293423,0,0.5,477,0,112,4,0.9932546374367622,0.9958419958419958,1.0,0.9916839916839917,0.9958246346555324,0.9891403875032048,0.9785131537034903,0.0,0.008316008316008316,1.0,0.9998143748143749,0.9999569204235053,0.9992201141012433,0.02107935155111147
group_disjoint,xgboost,115,11,2215,593,0.7521444695259594,0.8111298482293423,0,0.5,473,0,112,8,0.9865092748735245,0.9916839916839917,1.0,0.9833679833679834,0.9916142557651991,0.9785657485722548,0.9580240695358953,0.0,0.016632016632016633,1.0,0.9998143748143749,0.9999570535340419,0.9992095972333027,0.014056216925382614
group_disjoint,xgboost,115,22,2215,593,0.7521444695259594,0.8111298482293423,0,0.5,470,0,112,11,0.9814502529510961,0.9885654885654886,1.0,0.9771309771309772,0.9884332281808622,0.9708123587712822,0.9432631022091251,0.0,0.02286902286902287,1.0,0.9997586872586872,0.999944122246407,0.9989793317846597,0.015737658366560936
group_disjoint,hgb,115,11,2215,593,0.7521444695259594,0.8111298482293423,0,0.5,475,0,112,6,0.9898819561551433,0.9937629937629937,1.0,0.9875259875259875,0.9937238493723849,0.9838184464253229,0.968149162949378,0.0,0.012474012474012475,1.0,0.9997958122958123,0.9999528014040086,0.9991288973500101,0.010476583249713746
group_disjoint,hgb,115,22,2215,593,0.7521444695259594,0.8111298482293423,0,0.5,475,0,112,6,0.9898819561551433,0.9937629937629937,1.0,0.9875259875259875,0.9937238493723849,0.9838184464253229,0.968149162949378,0.0,0.012474012474012475,1.0,0.9997958122958123,0.9999528014040086,0.9991288973500101,0.010476583249713746
group_disjoint,mlp,115,11,2215,593,0.7521444695259594,0.8111298482293423,0,0.5,458,3,109,23,0.9561551433389545,0.962698618948619,0.9934924078091106,0.9521829521829522,0.9723991507430998,0.9329208868469597,0.8707075697040707,0.026785714285714284,0.04781704781704782,0.9732142857142857,0.9948767448767449,0.9987880823463169,0.981528789683279,0.030817434191703796
group_disjoint,mlp,115,22,2215,593,0.7521444695259594,0.8111298482293423,0,0.5,457,0,112,24,0.9595278246205734,0.975051975051975,1.0,0.9501039501039501,0.9744136460554371,0.9388197262535249,0.8845555647580481,0.0,0.0498960498960499,1.0,0.9960090585090584,0.9991160584190386,0.9811288566804637,0.035711582750082016
group_disjoint,majority,116,11,2225,583,0.7644943820224719,0.7650085763293311,0,0.5,446,137,0,0,0.7650085763293311,0.5,0.7650085763293311,1.0,0.8668610301263362,0.4334305150631681,0.0,1.0,0.0,0.0,0.5,0.7650085763293311,0.23499142367066894,0.23499142367066894
group_disjoint,majority,116,22,2225,583,0.7644943820224719,0.7650085763293311,0,0.5,446,137,0,0,0.7650085763293311,0.5,0.7650085763293311,1.0,0.8668610301263362,0.4334305150631681,0.0,1.0,0.0,0.0,0.5,0.7650085763293311,0.23499142367066894,0.23499142367066894
group_disjoint,stratified,116,11,2225,583,0.7644943820224719,0.7650085763293311,0,0.5,343,105,32,103,0.6432246998284734,0.501317469149946,0.765625,0.7690582959641256,0.767337807606264,0.5013159626266614,0.002648453009705829,0.7664233576642335,0.23094170403587444,0.23357664233576642,0.501317469149946,0.7654826420670876,0.23546923117230237,0.3567753001715266
group_disjoint,stratified,116,22,2225,583,0.7644943820224719,0.7650085763293311,0,0.5,350,104,33,96,0.6569468267581475,0.5128146378187294,0.7709251101321586,0.7847533632286996,0.7777777777777778,0.5129490392648287,0.026178289321843105,0.7591240875912408,0.21524663677130046,0.24087591240875914,0.5128146378187294,0.7696515961297563,0.24000706953916678,0.34305317324185247
group_disjoint,logreg,116,11,2225,583,0.7644943820224719,0.7650085763293311,0,0.5,372,19,118,74,0.8404802744425386,0.8476972930509639,0.9514066496163683,0.8340807174887892,0.8888888888888888,0.8031070584262073,0.6273646227921567,0.1386861313868613,0.16591928251121077,0.8613138686131386,0.9283656836110111,0.9668915647472703,0.8957659089920894,0.1073539165041808
group_disjoint,logreg,116,22,2225,583,0.7644943820224719,0.7650085763293311,0,0.5,372,19,118,74,0.8404802744425386,0.8476972930509639,0.9514066496163683,0.8340807174887892,0.8888888888888888,0.8031070584262073,0.6273646227921567,0.1386861313868613,0.16591928251121077,0.8613138686131386,0.9283656836110111,0.9668915647472703,0.8957659089920894,0.1073539165041808
group_disjoint,tree,116,11,2225,583,0.7644943820224719,0.7650085763293311,0,0.5,408,29,108,38,0.8850771869639794,0.8515596870806192,0.9336384439359268,0.9147982062780269,0.9241223103057757,0.8436865968490009,0.6880811039886241,0.2116788321167883,0.08520179372197309,0.7883211678832117,0.8515596870806194,0.9192708767407459,0.6328843959514855,0.11492281303602059
group_disjoint,tree,116,22,2225,583,0.7644943820224719,0.7650085763293311,0,0.5,408,26,111,38,0.8902229845626072,0.8625085921901083,0.9400921658986175,0.9147982062780269,0.9272727272727272,0.8517482517482518,0.7047547543117695,0.1897810218978102,0.08520179372197309,0.8102189781021898,0.8625085921901083,0.9251747300160326,0.6481828626512601,0.1097770154373928
group_disjoint,rf,116,11,2225,583,0.7644943820224719,0.7650085763293311,0,0.5,427,27,110,19,0.9210977701543739,0.8801594055841053,0.9405286343612335,0.9573991031390134,0.9488888888888889,0.8879782790309105,0.7766058665548308,0.19708029197080293,0.042600896860986545,0.8029197080291971,0.9631763281070996,0.9880495737401884,0.914499861282076,0.06083538147355431
group_disjoint,rf,116,22,2225,583,0.7644943820224719,0.7650085763293311,0,0.5,430,30,107,16,0.9210977701543739,0.8725737291741678,0.9347826086956522,0.9641255605381166,0.9492273730684326,0.8861521480726778,0.7743520738645526,0.21897810218978103,0.03587443946188341,0.781021897810219,0.9657949003305948,0.98920057986591,0.9131247980610147,0.06049467120837369
group_disjoint,xgboost,116,11,2225,583,0.7644943820224719,0.7650085763293311,0,0.5,410,26,111,36,0.8936535162950258,0.8647507446564761,0.9403669724770642,0.9192825112107623,0.9297052154195011,0.8556976781322858,0.7122820234770338,0.1897810218978102,0.08071748878923767,0.8102189781021898,0.9535039769565643,0.9852957231191322,0.886134708681633,0.08732328563928604
group_disjoint,xgboost,116,22,2225,583,0.7644943820224719,0.7650085763293311,0,0.5,409,26,111,37,0.8919382504288165,0.8636296684232923,0.9402298850574713,0.9170403587443946,0.9284903518728718,0.8537188601469622,0.7085027371002816,0.1897810218978102,0.08295964125560538,0.8102189781021898,0.9495761186213219,0.9838518906271096,0.8809628226238778,0.08898192644119263
group_disjoint,hgb,116,11,2225,583,0.7644943820224719,0.7650085763293311,0,0.5,419,28,109,27,0.9056603773584906,0.8675411606821382,0.9373601789709173,0.9394618834080718,0.9384098544232923,0.8684723264790455,0.7369541610258341,0.20437956204379562,0.06053811659192825,0.7956204379562044,0.9533403161925958,0.9848862403518466,0.8950866556659771,0.08663438972557463
group_disjoint,hgb,116,22,2225,583,0.7644943820224719,0.7650085763293311,0,0.5,419,28,109,27,0.9056603773584906,0.8675411606821382,0.9373601789709173,0.9394618834080718,0.9384098544232923,0.8684723264790455,0.7369541610258341,0.20437956204379562,0.06053811659192825,0.7956204379562044,0.9533403161925958,0.9848862403518466,0.8950866556659771,0.08663438972557463
group_disjoint,mlp,116,11,2225,583,0.7644943820224719,0.7650085763293311,0,0.5,414,22,115,32,0.9073756432246999,0.8838335897351969,0.9495412844036697,0.9282511210762332,0.9387755102040817,0.8743173325668296,0.7495468343252513,0.16058394160583941,0.07174887892376682,0.8394160583941606,0.943111518444568,0.9699830139561898,0.9102337122093744,0.0696481317281723
group_disjoint,mlp,116,22,2225,583,0.7644943820224719,0.7650085763293311,0,0.5,416,14,123,30,0.9245283018867925,0.9152728224935354,0.9674418604651163,0.9327354260089686,0.9497716894977168,0.8990237757833413,0.8004077315563143,0.10218978102189781,0.06726457399103139,0.8978102189781022,0.9742888939805571,0.9911590695438006,0.9458519841009755,0.055400945246219635
group_disjoint,majority,117,11,2183,625,0.7585890975721484,0.7856,0,0.5,491,134,0,0,0.7856,0.5,0.7856,1.0,0.8799283154121864,0.4399641577060932,0.0,1.0,0.0,0.0,0.5,0.7856,0.2144,0.2144
group_disjoint,majority,117,22,2183,625,0.7585890975721484,0.7856,0,0.5,491,134,0,0,0.7856,0.5,0.7856,1.0,0.8799283154121864,0.4399641577060932,0.0,1.0,0.0,0.0,0.5,0.7856,0.2144,0.2144
group_disjoint,stratified,117,11,2183,625,0.7585890975721484,0.7856,0,0.5,366,101,33,125,0.6384,0.4958430859956835,0.7837259100642399,0.745417515274949,0.7640918580375783,0.49505962764892614,-0.007850678586383065,0.753731343283582,0.2545824847250509,0.2462686567164179,0.4958430859956835,0.7842030205366839,0.21303585868127717,0.3616
group_disjoint,stratified,117,22,2183,625,0.7585890975721484,0.7856,0,0.5,388,100,34,103,0.6752,0.52197768793507,0.7950819672131147,0.790224032586558,0.7926455566905005,0.5217840329577964,0.04360486525502376,0.746268656716418,0.20977596741344195,0.2537313432835821,0.52197768793507,0.7930928783680011,0.222969822420743,0.3248
group_disjoint,logreg,117,11,2183,625,0.7585890975721484,0.7856,0,0.5,409,68,66,82,0.76,0.6627656017266013,0.8574423480083857,0.8329938900203666,0.8450413223140496,0.6565632143485142,0.3142647871533932,0.5074626865671642,0.1670061099796334,0.4925373134328358,0.7935374046265616,0.9373452191353271,0.5213047594139943,0.16667696967419973
group_disjoint,logreg,117,22,2183,625,0.7585890975721484,0.7856,0,0.5,409,68,66,82,0.76,0.6627656017266013,0.8574423480083857,0.8329938900203666,0.8450413223140496,0.6565632143485142,0.3142647871533932,0.5074626865671642,0.1670061099796334,0.4925373134328358,0.7935374046265616,0.9373452191353271,0.5213047594139943,0.16667696967419973
group_disjoint,tree,117,11,2183,625,0.7585890975721484,0.7856,0,0.5,433,77,57,58,0.784,0.6536234307079674,0.8490196078431372,0.8818737270875764,0.8651348651348651,0.6614830952180349,0.3254217619693319,0.5746268656716418,0.11812627291242363,0.4253731343283582,0.6601513815849469,0.8436762400999661,0.3658729986431479,0.21277459344366328
group_disjoint,tree,117,22,2183,625,0.7585890975721484,0.7856,0,0.5,437,77,57,54,0.7904,0.6576967504635681,0.8501945525291829,0.890020366598778,0.8696517412935323,0.667478931871256,0.3386903604542711,0.5746268656716418,0.109979633401222,0.4253731343283582,0.6642550992491716,0.8452753341565706,0.37618088042325504,0.2063745934436633
group_disjoint,rf,117,11,2183,625,0.7585890975721484,0.7856,0,0.5,486,78,56,5,0.8672,0.7038635741860959,0.8617021276595744,0.9898167006109979,0.9213270142180094,0.7478429942884919,0.5638431459134663,0.582089552238806,0.010183299389002037,0.417910447761194,0.8418700793385414,0.948741875170984,0.684001957227413,0.10927788758100161
group_disjoint,rf,117,22,2183,625,0.7585890975721484,0.7856,0,0.5,480,78,56,11,0.8576,0.6977535945526947,0.8602150537634409,0.9775967413441955,0.9151572926596759,0.7361856115039673,0.5246782078744453,0.582089552238806,0.02240325865580448,0.417910447761194,0.8667811654558166,0.9604628531397337,0.7036985997475226,0.10759863280025415
group_disjoint,xgboost,117,11,2183,625,0.7585890975721484,0.7856,0,0.5,484,78,56,7,0.864,0.7018269143082956,0.8612099644128114,0.9857433808553971,0.9192782526115859,0.743903085696656,0.5502547355326859,0.582089552238806,0.014256619144602852,0.417910447761194,0.8109554062680489,0.9345706793964502,0.6584504348140421,0.12803205847740173
group_disjoint,xgboost,117,22,2183,625,0.7585890975721484,0.7856,0,0.5,483,77,57,8,0.864,0.7045399276529775,0.8625,0.9837067209775967,0.9191246431969553,0.7459944824024978,0.5499846228010165,0.5746268656716418,0.016293279022403257,0.4253731343283582,0.8438763413077179,0.9528754609172988,0.6778153398984925,0.12730173766613007
group_disjoint,hgb,117,11,2183,625,0.7585890975721484,0.7856,0,0.5,486,78,56,5,0.8672,0.7038635741860959,0.8617021276595744,0.9898167006109979,0.9213270142180094,0.7478429942884919,0.5638431459134663,0.582089552238806,0.010183299389002037,0.417910447761194,0.8192844332309938,0.9277222136701384,0.6793506416612739,0.1318585818217513
group_disjoint,hgb,117,22,2183,625,0.7585890975721484,0.7856,0,0.5,486,78,56,5,0.8672,0.7038635741860959,0.8617021276595744,0.9898167006109979,0.9213270142180094,0.7478429942884919,0.5638431459134663,0.582089552238806,0.010183299389002037,0.417910447761194,0.8192844332309938,0.9277222136701384,0.6793506416612739,0.1318585818217513
group_disjoint,mlp,117,11,2183,625,0.7585890975721484,0.7856,0,0.5,455,68,66,36,0.8336,0.7096087789160106,0.869980879541109,0.9266802443991853,0.8974358974358975,0.7283789656671013,0.4655664524248038,0.5074626865671642,0.07331975560081466,0.4925373134328358,0.7979754992856491,0.9313584121900741,0.6000531070890868,0.13862398266792297
group_disjoint,mlp,117,22,2183,625,0.7585890975721484,0.7856,0,0.5,458,70,64,33,0.8352,0.705201082165547,0.8674242424242424,0.9327902240325866,0.8989205103042198,0.726516532208387,0.4651574266940622,0.5223880597014925,0.06720977596741344,0.47761194029850745,0.7612852235766179,0.9162715234470682,0.5827057387511245,0.1411687433719635
group_disjoint,majority,118,11,2196,612,0.7768670309653917,0.7205882352941176,0,0.5,441,171,0,0,0.7205882352941176,0.5,0.7205882352941176,1.0,0.8376068376068376,0.4188034188034188,0.0,1.0,0.0,0.0,0.5,0.7205882352941176,0.27941176470588236,0.27941176470588236
group_disjoint,majority,118,22,2196,612,0.7768670309653917,0.7205882352941176,0,0.5,441,171,0,0,0.7205882352941176,0.5,0.7205882352941176,1.0,0.8376068376068376,0.4188034188034188,0.0,1.0,0.0,0.0,0.5,0.7205882352941176,0.27941176470588236,0.27941176470588236
group_disjoint,stratified,118,11,2196,612,0.7768670309653917,0.7205882352941176,0,0.5,346,132,39,95,0.6290849673202614,0.5063253371524048,0.7238493723849372,0.7845804988662132,0.7529923830250272,0.50436504397153,0.013726653699131333,0.7719298245614035,0.21541950113378686,0.22807017543859648,0.5063253371524048,0.723146859859704,0.28206490765984316,0.3709150326797386
group_disjoint,stratified,118,22,2196,612,0.7768670309653917,0.7205882352941176,0,0.5,356,133,38,85,0.6437908496732027,0.5147392290249433,0.7280163599182005,0.8072562358276644,0.7655913978494624,0.5120473996050033,0.03300768966747291,0.7777777777777778,0.1927437641723356,0.2222222222222222,0.5147392290249433,0.7265846352174135,0.28597428131144054,0.3562091503267974
group_disjoint,logreg,118,11,2196,612,0.7768670309653917,0.7205882352941176,0,0.5,402,57,114,39,0.8431372549019608,0.7891156462585034,0.8758169934640523,0.9115646258503401,0.8933333333333333,0.7985185185185185,0.5991932091484722,0.3333333333333333,0.08843537414965986,0.6666666666666666,0.8544907241649096,0.9284595675985678,0.8132553623650881,0.11747351976329685
group_disjoint,logreg,118,22,2196,612,0.7768670309653917,0.7205882352941176,0,0.5,402,57,114,39,0.8431372549019608,0.7891156462585034,0.8758169934640523,0.9115646258503401,0.8933333333333333,0.7985185185185185,0.5991932091484722,0.3333333333333333,0.08843537414965986,0.6666666666666666,0.8544907241649096,0.9284595675985678,0.8132553623650881,0.11747351976329685
group_disjoint,tree,118,11,2196,612,0.7768670309653917,0.7205882352941176,0,0.5,438,63,108,3,0.8921568627450981,0.8123881131399928,0.874251497005988,0.9931972789115646,0.9299363057324841,0.8479468762704974,0.7275477353174266,0.3684210526315789,0.006802721088435374,0.631578947368421,0.8123881131399928,0.8732061686950229,0.7174504225587817,0.10784313725490197
group_disjoint,tree,118,22,2196,612,0.7768670309653917,0.7205882352941176,0,0.5,438,63,108,3,0.8921568627450981,0.8123881131399928,0.874251497005988,0.9931972789115646,0.9299363057324841,0.8479468762704974,0.7275477353174266,0.3684210526315789,0.006802721088435374,0.631578947368421,0.8123881131399928,0.8732061686950229,0.7174504225587817,0.10784313725490197
group_disjoint,rf,118,11,2196,612,0.7768670309653917,0.7205882352941176,0,0.5,441,65,106,0,0.8937908496732027,0.8099415204678362,0.8715415019762845,1.0,0.9313621964097148,0.8483525783492618,0.7350195892265068,0.38011695906432746,0.0,0.6198830409356725,0.9477264590046545,0.9759099690100665,0.9178027501302815,0.08700998911561977
group_disjoint,rf,118,22,2196,612,0.7768670309653917,0.7205882352941176,0,0.5,441,60,111,0,0.9019607843137255,0.8245614035087719,0.8802395209580839,1.0,0.9363057324840764,0.8617698875186339,0.7558991656908277,0.3508771929824561,0.0,0.6491228070175439,0.9532826775934545,0.9791285665770528,0.9212197807510738,0.0848296211961566
group_disjoint,xgboost,118,11,2196,612,0.7768670309653917,0.7205882352941176,0,0.5,441,58,113,0,0.9052287581699346,0.8304093567251463,0.8837675350701403,1.0,0.9382978723404255,0.8670362601138748,0.7642055518734382,0.3391812865497076,0.0,0.6608187134502924,0.9382318229436024,0.9685628046105741,0.905700600771387,0.09049304574728012
group_disjoint,xgboost,118,22,2196,612,0.7768670309653917,0.7205882352941176,0,0.5,441,58,113,0,0.9052287581699346,0.8304093567251463,0.8837675350701403,1.0,0.9382978723404255,0.8670362601138748,0.7642055518734382,0.3391812865497076,0.0,0.6608187134502924,0.9561337205447482,0.9798368282607771,0.9244519793229773,0.08734767138957977
group_disjoint,hgb,118,11,2196,612,0.7768670309653917,0.7205882352941176,0,0.5,441,65,106,0,0.8937908496732027,0.8099415204678362,0.8715415019762845,1.0,0.9313621964097148,0.8483525783492618,0.7350195892265068,0.38011695906432746,0.0,0.6198830409356725,0.9418122024638315,0.9712386600178388,0.9115298350685771,0.10213649337839137
group_disjoint,hgb,118,22,2196,612,0.7768670309653917,0.7205882352941176,0,0.5,441,65,106,0,0.8937908496732027,0.8099415204678362,0.8715415019762845,1.0,0.9313621964097148,0.8483525783492618,0.7350195892265068,0.38011695906432746,0.0,0.6198830409356725,0.9418122024638315,0.9712386600178388,0.9115298350685771,0.10213649337839137
group_disjoint,mlp,118,11,2196,612,0.7768670309653917,0.7205882352941176,0,0.5,438,56,115,3,0.9035947712418301,0.8328559493973028,0.8866396761133604,0.9931972789115646,0.9368983957219251,0.8663730732934884,0.7571800998105704,0.32748538011695905,0.006802721088435374,0.672514619883041,0.888729760910212,0.9298274141413696,0.8679628674583837,0.0852336660027504
group_disjoint,mlp,118,22,2196,612,0.7768670309653917,0.7205882352941176,0,0.5,438,56,115,3,0.9035947712418301,0.8328559493973028,0.8866396761133604,0.9931972789115646,0.9368983957219251,0.8663730732934884,0.7571800998105704,0.32748538011695905,0.006802721088435374,0.672514619883041,0.8684276829640238,0.9193233267787455,0.8434483309246216,0.08888142555952072
group_disjoint,majority,119,11,2198,610,0.7752502274795269,0.7262295081967213,0,0.5,443,167,0,0,0.7262295081967213,0.5,0.7262295081967213,1.0,0.8414055080721747,0.42070275403608737,0.0,1.0,0.0,0.0,0.5,0.7262295081967213,0.27377049180327867,0.27377049180327867
group_disjoint,majority,119,22,2198,610,0.7752502274795269,0.7262295081967213,0,0.5,443,167,0,0,0.7262295081967213,0.5,0.7262295081967213,1.0,0.8414055080721747,0.42070275403608737,0.0,1.0,0.0,0.0,0.5,0.7262295081967213,0.27377049180327867,0.27377049180327867
group_disjoint,stratified,119,11,2198,610,0.7752502274795269,0.7262295081967213,0,0.5,348,129,38,95,0.6327868852459017,0.5065489787918519,0.7295597484276729,0.7855530474040632,0.7565217391304347,0.504927536231884,0.014144209109152065,0.7724550898203593,0.2144469525959368,0.2275449101796407,0.5065489787918519,0.7288455885587328,0.2764882413159629,0.36721311475409835
group_disjoint,stratified,119,22,2198,610,0.7752502274795269,0.7262295081967213,0,0.5,357,129,38,86,0.6475409836065574,0.51670699233587,0.7345679012345679,0.8058690744920993,0.7685683530678149,0.51486836897377,0.03702195857383106,0.7724550898203593,0.19413092550790068,0.2275449101796407,0.51670699233587,0.7329491612768821,0.2812069145685361,0.3524590163934426
group_disjoint,logreg,119,11,2198,610,0.7752502274795269,0.7262295081967213,0,0.5,364,52,115,79,0.7852459016393443,0.7551465916924616,0.875,0.8216704288939052,0.8474970896391153,0.7423081016062613,0.48857623149342666,0.31137724550898205,0.17832957110609482,0.688622754491018,0.856111704356524,0.9399300282275357,0.7324662995831268,0.15408552034532055
group_disjoint,logreg,119,22,2198,610,0.7752502274795269,0.7262295081967213,0,0.5,364,52,115,79,0.7852459016393443,0.7551465916924616,0.875,0.8216704288939052,0.8474970896391153,0.7423081016062613,0.48857623149342666,0.31137724550898205,0.17832957110609482,0.688622754491018,0.856111704356524,0.9399300282275357,0.7324662995831268,0.15408552034532055
group_disjoint,tree,119,11,2198,610,0.7752502274795269,0.7262295081967213,0,0.5,420,59,108,23,0.8655737704918033,0.7973939254673497,0.8768267223382046,0.9480812641083521,0.911062906724512,0.8179475607448063,0.6458308451231726,0.3532934131736527,0.05191873589164785,0.6467065868263473,0.7973939254673498,0.8690079053511749,0.6298839937444596,0.13442622950819672
group_disjoint,tree,119,22,2198,610,0.7752502274795269,0.7262295081967213,0,0.5,423,59,108,20,0.8704918032786885,0.8007799299820224,0.8775933609958506,0.9548532731376975,0.9145945945945946,0.8233989922125515,0.6587345529321027,0.3532934131736527,0.045146726862302484,0.6467065868263473,0.8007799299820224,0.8707597784767026,0.6423799941101404,0.12950819672131147
group_disjoint,rf,119,11,2198,610,0.7752502274795269,0.7262295081967213,0,0.5,438,56,111,5,0.9,0.8266919884835295,0.8866396761133604,0.9887133182844243,0.9348986125933831,0.8596754547065856,0.7423968313915785,0.33532934131736525,0.011286681715575621,0.6646706586826348,0.9172760573660805,0.9631530247854901,0.8706628032423628,0.0809909216703464
group_disjoint,rf,119,22,2198,610,0.7752502274795269,0.7262295081967213,0,0.5,439,56,111,4,0.9016393442622951,0.8278206566550872,0.8868686868686869,0.9909706546275395,0.9360341151385928,0.8616340788458922,0.747437512670246,0.33532934131736525,0.009029345372460496,0.6646706586826348,0.9087333234208783,0.9601212907927961,0.8577740705152909,0.08302578866759655
group_disjoint,xgboost,119,11,2198,610,0.7752502274795269,0.7262295081967213,0,0.5,428,56,111,15,0.8836065573770492,0.8154053067679539,0.8842975206611571,0.9661399548532731,0.9234088457389428,0.8405440133131574,0.6947861253257214,0.33532934131736525,0.033860045146726865,0.6646706586826348,0.8423581730444303,0.9058394456661655,0.8204116155802921,0.10345402359962463
group_disjoint,xgboost,119,22,2198,610,0.7752502274795269,0.7262295081967213,0,0.5,429,56,111,14,0.8852459016393442,0.8165339749395115,0.8845360824742268,0.9683972911963883,0.9245689655172413,0.8424214690599905,0.6993338501313451,0.33532934131736525,0.03160270880361174,0.6646706586826348,0.8478257931090415,0.9135187445214048,0.8235675658882025,0.10113605111837387
group_disjoint,hgb,119,11,2198,610,0.7752502274795269,0.7262295081967213,0,0.5,433,54,113,10,0.8950819672131147,0.8270366715778376,0.8891170431211499,0.9774266365688488,0.9311827956989247,0.8552465702632555,0.7268913689716209,0.32335329341317365,0.022573363431151242,0.6766467065868264,0.8649518119517172,0.9218824338181946,0.835569816166362,0.10209952332384403
group_disjoint,hgb,119,22,2198,610,0.7752502274795269,0.7262295081967213,0,0.5,433,54,113,10,0.8950819672131147,0.8270366715778376,0.8891170431211499,0.9774266365688488,0.9311827956989247,0.8552465702632555,0.7268913689716209,0.32335329341317365,0.022573363431151242,0.6766467065868264,0.8649518119517172,0.9218824338181946,0.835569816166362,0.10209952332384403
group_disjoint,mlp,119,11,2198,610,0.7752502274795269,0.7262295081967213,0,0.5,407,56,111,36,0.8491803278688524,0.7917032751652451,0.8790496760259179,0.9187358916478555,0.8984547461368654,0.8027305577818085,0.6082501668796251,0.33532934131736525,0.08126410835214447,0.6646706586826348,0.8333491031481056,0.9098399133133518,0.7403836373607705,0.13398140668869019
group_disjoint,mlp,119,22,2198,610,0.7752502274795269,0.7262295081967213,0,0.5,422,57,110,21,0.8721311475409836,0.8056392857625607,0.8810020876826722,0.9525959367945824,0.9154013015184381,0.8268281675377426,0.6637367522442842,0.3413173652694611,0.04740406320541761,0.6586826347305389,0.822116489368892,0.895027636845994,0.7708654535330874,0.12068609148263931
group_disjoint,majority,120,11,2187,621,0.7594878829446731,0.782608695652174,0,0.5,486,135,0,0,0.782608695652174,0.5,0.782608695652174,1.0,0.8780487804878049,0.43902439024390244,0.0,1.0,0.0,0.0,0.5,0.782608695652174,0.21739130434782608,0.21739130434782608
group_disjoint,majority,120,22,2187,621,0.7594878829446731,0.782608695652174,0,0.5,486,135,0,0,0.782608695652174,0.5,0.782608695652174,1.0,0.8780487804878049,0.43902439024390244,0.0,1.0,0.0,0.0,0.5,0.782608695652174,0.21739130434782608,0.21739130434782608
group_disjoint,stratified,120,11,2187,621,0.7594878829446731,0.782608695652174,0,0.5,363,102,33,123,0.6376811594202898,0.495679012345679,0.7806451612903226,0.7469135802469136,0.7634069400630915,0.49510553188721584,-0.008218816126224047,0.7555555555555555,0.25308641975308643,0.24444444444444444,0.495679012345679,0.7811421051720256,0.2159606094388703,0.36231884057971014
group_disjoint,stratified,120,22,2187,621,0.7594878829446731,0.782608695652174,0,0.5,383,101,34,103,0.6714975845410628,0.5199588477366255,0.7913223140495868,0.7880658436213992,0.7896907216494845,0.5198453608247422,0.039707040162844716,0.7481481481481481,0.21193415637860083,0.2518518518518518,0.5199588477366255,0.789475600685526,0.22514428106303702,0.3285024154589372
group_disjoint,logreg,120,11,2187,621,0.7594878829446731,0.782608695652174,0,0.5,396,18,117,90,0.8260869565217391,0.8407407407407408,0.9565217391304348,0.8148148148148148,0.88,0.7821052631578947,0.5962847939999439,0.13333333333333333,0.18518518518518517,0.8666666666666667,0.9333485749123609,0.978021408271192,0.8507849292861814,0.12097997283986876
group_disjoint,logreg,120,22,2187,621,0.7594878829446731,0.782608695652174,0,0.5,396,18,117,90,0.8260869565217391,0.8407407407407408,0.9565217391304348,0.8148148148148148,0.88,0.7821052631578947,0.5962847939999439,0.13333333333333333,0.18518518518518517,0.8666666666666667,0.9333485749123609,0.978021408271192,0.8507849292861814,0.12097997283986876
group_disjoint,tree,120,11,2187,621,0.7594878829446731,0.782608695652174,0,0.5,454,96,39,32,0.7938808373590982,0.6115226337448559,0.8254545454545454,0.934156378600823,0.8764478764478765,0.6275443265734528,0.2891129284364542,0.7111111111111111,0.06584362139917696,0.28888888888888886,0.6121170553269318,0.822812342425869,0.3178743961352657,0.20475627003007982
group_disjoint,tree,120,22,2187,621,0.7594878829446731,0.782608695652174,0,0.5,453,96,39,33,0.7922705314009661,0.6104938271604938,0.825136612021858,0.9320987654320988,0.8753623188405797,0.6260869565217391,0.2847086162282845,0.7111111111111111,0.06790123456790123,0.28888888888888886,0.6110882487425697,0.8224265379852815,0.31554175293305725,0.20636657598821184
group_disjoint,rf,120,11,2187,621,0.7594878829446731,0.782608695652174,0,0.5,469,30,105,17,0.9243156199677939,0.8713991769547325,0.9398797595190381,0.9650205761316872,0.9522842639593908,0.884702443263742,0.7711267402859595,0.2222222222222222,0.03497942386831276,0.7777777777777778,0.9584971803078799,0.9883854432548563,0.8595686993178193,0.06517813846453757
group_disjoint,rf,120,22,2187,621,0.7594878829446731,0.782608695652174,0,0.5,468,33,102,18,0.9178743961352657,0.8592592592592592,0.9341317365269461,0.9629629629629629,0.9483282674772037,0.8741641337386019,0.7506085355581128,0.24444444444444444,0.037037037037037035,0.7555555555555555,0.9561804602956867,0.9879224261743728,0.840243745873585,0.06823329196743837
group_disjoint,xgboost,120,11,2187,621,0.7594878829446731,0.782608695652174,0,0.5,462,27,108,24,0.9178743961352657,0.8753086419753087,0.9447852760736196,0.9506172839506173,0.9476923076923077,0.8783405358686258,0.756766997188508,0.2,0.04938271604938271,0.8,0.9576588934613626,0.9877234203383926,0.8861611438451236,0.07065345346927643
group_disjoint,xgboost,120,22,2187,621,0.7594878829446731,0.782608695652174,0,0.5,461,28,107,25,0.9146537842190016,0.8705761316872428,0.9427402862985685,0.948559670781893,0.9456410256410256,0.8735695764909248,0.7472244308862407,0.2074074074074074,0.051440329218107,0.7925925925925926,0.9539704313366864,0.986705489838422,0.8686156875710989,0.07033249735832214
group_disjoint,hgb,120,11,2187,621,0.7594878829446731,0.782608695652174,0,0.5,464,28,107,22,0.9194847020933977,0.8736625514403292,0.943089430894309,0.9547325102880658,0.9488752556237219,0.8797406581148912,0.7598313057708361,0.2074074074074074,0.04526748971193416,0.7925925925925926,0.9566529492455418,0.9871804313928263,0.8894228017679654,0.07558725201351847
group_disjoint,hgb,120,22,2187,621,0.7594878829446731,0.782608695652174,0,0.5,464,28,107,22,0.9194847020933977,0.8736625514403292,0.943089430894309,0.9547325102880658,0.9488752556237219,0.8797406581148912,0.7598313057708361,0.2074074074074074,0.04526748971193416,0.7925925925925926,0.9566529492455418,0.9871804313928263,0.8894228017679654,0.07558725201351847
group_disjoint,mlp,120,11,2187,621,0.7594878829446731,0.782608695652174,0,0.5,424,12,123,62,0.8808373590982287,0.8917695473251028,0.9724770642201835,0.8724279835390947,0.9197396963123644,0.8442448481561822,0.7066698791500274,0.08888888888888889,0.12757201646090535,0.9111111111111111,0.9633135192805975,0.9878971290576637,0.9254573822903647,0.08060898631811142
group_disjoint,mlp,120,22,2187,621,0.7594878829446731,0.782608695652174,0,0.5,431,15,120,55,0.8872785829307569,0.8878600823045267,0.9663677130044843,0.8868312757201646,0.924892703862661,0.8495431261248789,0.7112194846773569,0.1111111111111111,0.11316872427983539,0.8888888888888888,0.9613930803231215,0.9879320334273676,0.9078867827523663,0.07719762623310089
stratified_group,majority,101,11,2258,550,0.7741364038972542,0.7254545454545455,0,0.5,399,151,0,0,0.7254545454545455,0.5,0.7254545454545455,1.0,0.8408851422550052,0.4204425711275026,0.0,1.0,0.0,0.0,0.5,0.7254545454545455,0.27454545454545454,0.27454545454545454
stratified_group,majority,101,22,2258,550,0.7741364038972542,0.7254545454545455,0,0.5,399,151,0,0,0.7254545454545455,0.5,0.7254545454545455,1.0,0.8408851422550052,0.4204425711275026,0.0,1.0,0.0,0.0,0.5,0.7254545454545455,0.27454545454545454,0.27454545454545454
stratified_group,stratified,101,11,2258,550,0.7741364038972542,0.7254545454545455,0,0.5,315,117,34,84,0.6345454545454545,0.5073196235622168,0.7291666666666666,0.7894736842105263,0.7581227436823105,0.5054554238857649,0.015915151846496795,0.7748344370860927,0.21052631578947367,0.2251655629139073,0.5073196235622168,0.7283851674641147,0.27760548577026295,0.3654545454545455
stratified_group,stratified,101,22,2258,550,0.7741364038972542,0.7254545454545455,0,0.5,319,116,35,80,0.6436363636363637,0.5156434131686833,0.7333333333333333,0.7994987468671679,0.7649880095923262,0.5140729521645842,0.03433546112946838,0.7682119205298014,0.20050125313283207,0.23178807947019867,0.5156434131686832,0.7317536264904685,0.2814532890087166,0.3563636363636364
stratified_group,logreg,101,11,2258,550,0.7741364038972542,0.7254545454545455,0,0.5,359,0,151,40,0.9272727272727272,0.949874686716792,1.0,0.899749373433584,0.9472295514511874,0.9151352435618509,0.8433979993336206,0.0,0.10025062656641603,1.0,0.98710352039038,0.995483098343805,0.9629577774078062,0.06822750539167703
stratified_group,logreg,101,22,2258,550,0.7741364038972542,0.7254545454545455,0,0.5,359,0,151,40,0.9272727272727272,0.949874686716792,1.0,0.899749373433584,0.9472295514511874,0.9151352435618509,0.8433979993336206,0.0,0.10025062656641603,1.0,0.98710352039038,0.995483098343805,0.9629577774078062,0.06822750539167703
stratified_group,tree,101,11,2258,550,0.7741364038972542,0.7254545454545455,0,0.5,389,45,106,10,0.9,0.8384620491626418,0.8963133640552995,0.974937343358396,0.9339735894357744,0.8639905400362393,0.7405272378936093,0.2980132450331126,0.02506265664160401,0.7019867549668874,0.8186691895301167,0.8798849984446055,0.7232888372189583,0.10025654320101231
stratified_group,tree,101,22,2258,550,0.7741364038972542,0.7254545454545455,0,0.5,394,44,107,5,0.9109090909090909,0.8480389716011884,0.8995433789954338,0.9874686716791979,0.9414575866188769,0.8775728997733168,0.7714125983504418,0.2913907284768212,0.012531328320802004,0.7086092715231788,0.8286859532938305,0.8855429655203061,0.7569749290444654,0.08934745229192141
stratified_group,rf,101,11,2258,550,0.7741364038972542,0.7254545454545455,0,0.5,399,2,149,0,0.9963636363636363,0.9933774834437086,0.9950124688279302,1.0,0.9975,0.9954166666666666,0.9908751161124552,0.013245033112582781,0.0,0.9867549668874173,1.0,1.0,1.0,0.02656243001127144
stratified_group,rf,101,22,2258,550,0.7741364038972542,0.7254545454545455,0,0.5,399,4,147,0,0.9927272727272727,0.9867549668874172,0.9900744416873449,1.0,0.9950124688279302,0.9907948250179919,0.9817572531737178,0.026490066225165563,0.0,0.9735099337748344,1.0,1.0,1.0,0.02497650121619636
stratified_group,xgboost,101,11,2258,550,0.7741364038972542,0.7254545454545455,0,0.5,398,0,151,1,0.9981818181818182,0.9987468671679198,1.0,0.9974937343358395,0.998745294855709,0.9977224824113529,0.9954553106781411,0.0,0.002506265664160401,1.0,1.0,1.0,1.0,0.0018078756984323263
stratified_group,xgboost,101,22,2258,550,0.7741364038972542,0.7254545454545455,0,0.5,398,0,151,1,0.9981818181818182,0.9987468671679198,1.0,0.9974937343358395,0.998745294855709,0.9977224824113529,0.9954553106781411,0.0,0.002506265664160401,1.0,0.9999834022141446,0.9999937343358396,0.9999564308121297,0.002566290320828557
stratified_group,hgb,101,11,2258,550,0.7741364038972542,0.7254545454545455,0,0.5,399,0,151,0,1.0,1.0,1.0,1.0,1.0,1.0,1.0,0.0,0.0,1.0,1.0,1.0,1.0,0.00038781415123590254
stratified_group,hgb,101,22,2258,550,0.7741364038972542,0.7254545454545455,0,0.5,399,0,151,0,1.0,1.0,1.0,1.0,1.0,1.0,1.0,0.0,0.0,1.0,1.0,1.0,1.0,0.00038781415123590254
stratified_group,mlp,101,11,2258,550,0.7741364038972542,0.7254545454545455,0,0.5,384,0,151,15,0.9727272727272728,0.981203007518797,1.0,0.9624060150375939,0.9808429118773946,0.9667621499450064,0.9356503706451539,0.0,0.03759398496240601,1.0,0.9996514464970374,0.9998697099022313,0.9990826863804249,0.02020254358649254
stratified_group,mlp,101,22,2258,550,0.7741364038972542,0.7254545454545455,0,0.5,391,0,151,8,0.9854545454545455,0.9899749373433584,1.0,0.9799498746867168,0.9898734177215189,0.9820334830543078,0.9646990311047426,0.0,0.020050125313283207,1.0,0.9998506199273017,0.999944041660078,0.9996054571647338,0.011878613382577896
stratified_group,majority,102,11,2046,762,0.7336265884652982,0.847769028871391,0,0.5,646,116,0,0,0.847769028871391,0.5,0.847769028871391,1.0,0.9176136363636364,0.4588068181818182,0.0,1.0,0.0,0.0,0.5,0.847769028871391,0.15223097112860892,0.15223097112860892
stratified_group,majority,102,22,2046,762,0.7336265884652982,0.847769028871391,0,0.5,646,116,0,0,0.847769028871391,0.5,0.847769028871391,1.0,0.9176136363636364,0.4588068181818182,0.0,1.0,0.0,0.0,0.5,0.847769028871391,0.15223097112860892,0.15223097112860892
stratified_group,stratified,102,11,2046,762,0.7336265884652982,0.847769028871391,0,0.5,469,84,32,177,0.65748031496063,0.5009341304579908,0.8481012658227848,0.7260061919504643,0.7823185988323603,0.4896208378777186,0.001504343706088356,0.7241379310344828,0.2739938080495356,0.27586206896551724,0.5009341304579908,0.8480102349552976,0.15247347505089334,0.3425196850393701
stratified_group,stratified,102,22,2046,762,0.7336265884652982,0.847769028871391,0,0.5,488,81,35,158,0.6863517060367454,0.5285710472936906,0.8576449912126538,0.7554179566563467,0.8032921810699588,0.5149146989492189,0.047202676154447426,0.6982758620689655,0.24458204334365324,0.3017241379310345,0.5285710472936906,0.8552295081632428,0.16101602517659208,0.3136482939632546
stratified_group,logreg,102,11,2046,762,0.7336265884652982,0.847769028871391,0,0.5,317,50,66,329,0.5026246719160105,0.5298387957723925,0.8637602179836512,0.4907120743034056,0.6258637709772952,0.44209039820880414,0.04290668493970704,0.43103448275862066,0.5092879256965944,0.5689655172413793,0.6199290060851926,0.8795875771982293,0.5039126896185555,0.3915234309702543
stratified_group,logreg,102,22,2046,762,0.7336265884652982,0.847769028871391,0,0.5,317,50,66,329,0.5026246719160105,0.5298387957723925,0.8637602179836512,0.4907120743034056,0.6258637709772952,0.44209039820880414,0.04290668493970704,0.43103448275862066,0.5092879256965944,0.5689655172413793,0.6199290060851926,0.8795875771982293,0.5039126896185555,0.3915234309702543
stratified_group,tree,102,11,2046,762,0.7336265884652982,0.847769028871391,0,0.5,499,44,72,147,0.7493438320209974,0.6965677378029251,0.9189686924493554,0.7724458204334366,0.8393608074011775,0.6346057768349171,0.31207969774462946,0.3793103448275862,0.22755417956656346,0.6206896551724138,0.6965677378029251,0.9027669114184564,0.26180513453768206,0.25065616797900264
stratified_group,tree,102,22,2046,762,0.7336265884652982,0.847769028871391,0,0.5,484,40,76,162,0.7349081364829396,0.7021992099925269,0.9236641221374046,0.7492260061919505,0.8273504273504273,0.6283644792119368,0.31347331866586037,0.3448275862068966,0.25077399380804954,0.6551724137931034,0.7021992099925269,0.9046316064886519,0.26170815869111697,0.2650918635170604
stratified_group,rf,102,11,2046,762,0.7336265884652982,0.847769028871391,0,0.5,508,55,61,138,0.7467191601049868,0.6561198889719226,0.9023090586145648,0.7863777089783281,0.8403639371381307,0.613832762219859,0.2553599281038274,0.47413793103448276,0.21362229102167182,0.5258620689655172,0.762157040674709,0.9355404905071085,0.6211108735119143,0.14936618230566068
stratified_group,rf,102,22,2046,762,0.7336265884652982,0.847769028871391,0,0.5,517,56,60,129,0.7572178477690289,0.6587754884167824,0.9022687609075044,0.8003095975232198,0.8482362592288761,0.6208394410898479,0.26414992612991717,0.4827586206896552,0.1996904024767802,0.5172413793103449,0.7540167609693604,0.9352402337113741,0.6195657820621111,0.15025684091194055
stratified_group,xgboost,102,11,2046,762,0.7336265884652982,0.847769028871391,0,0.5,489,56,60,157,0.7204724409448819,0.6371036617913953,0.8972477064220183,0.7569659442724458,0.8211586901763224,0.5907595252683413,0.2182710739940601,0.4827586206896552,0.24303405572755418,0.5172413793103449,0.7834285256752429,0.9449637152238335,0.629388726222805,0.22449485957622528
stratified_group,xgboost,102,22,2046,762,0.7336265884652982,0.847769028871391,0,0.5,476,56,60,170,0.7034120734908137,0.6270417422867514,0.8947368421052632,0.7368421052631579,0.8081494057724957,0.5774851075105253,0.19883917670948012,0.4827586206896552,0.2631578947368421,0.5172413793103449,0.7505804953560371,0.9343448643021295,0.6152961180379946,0.23973920941352844
stratified_group,hgb,102,11,2046,762,0.7336265884652982,0.847769028871391,0,0.5,532,56,60,114,0.7769028871391076,0.6703853955375254,0.9047619047619048,0.8235294117647058,0.8622366288492707,0.6380148661487732,0.2916381461356824,0.4827586206896552,0.17647058823529413,0.5172413793103449,0.7451825557809331,0.9316231430965594,0.6209866234068255,0.2056419552188244
stratified_group,hgb,102,22,2046,762,0.7336265884652982,0.847769028871391,0,0.5,532,56,60,114,0.7769028871391076,0.6703853955375254,0.9047619047619048,0.8235294117647058,0.8622366288492707,0.6380148661487732,0.2916381461356824,0.4827586206896552,0.17647058823529413,0.5172413793103449,0.7451825557809331,0.9316231430965594,0.6209866234068255,0.2056419552188244
stratified_group,mlp,102,11,2046,762,0.7336265884652982,0.847769028871391,0,0.5,484,52,64,162,0.7191601049868767,0.6504750720614925,0.9029850746268657,0.7492260061919505,0.8189509306260575,0.5966099682370054,0.23670269073571004,0.4482758620689655,0.25077399380804954,0.5517241379310345,0.6893348991139105,0.8969483776851472,0.5997078226092134,0.20404130220413208
stratified_group,mlp,102,22,2046,762,0.7336265884652982,0.847769028871391,0,0.5,409,55,61,237,0.6167979002624672,0.5794945019750186,0.8814655172413793,0.6331269349845201,0.736936936936937,0.5158114636375506,0.11704293933833933,0.47413793103448276,0.3668730650154799,0.5258620689655172,0.6712394576705456,0.8909691179490606,0.583802704550786,0.2518555521965027
stratified_group,majority,103,11,2400,408,0.7579166666666667,0.803921568627451,0,0.5,328,80,0,0,0.803921568627451,0.5,0.803921568627451,1.0,0.8913043478260869,0.44565217391304346,0.0,1.0,0.0,0.0,0.5,0.803921568627451,0.19607843137254902,0.19607843137254902
stratified_group,majority,103,22,2400,408,0.7579166666666667,0.803921568627451,0,0.5,328,80,0,0,0.803921568627451,0.5,0.803921568627451,1.0,0.8913043478260869,0.44565217391304346,0.0,1.0,0.0,0.0,0.5,0.803921568627451,0.19607843137254902,0.19607843137254902
stratified_group,stratified,103,11,2400,408,0.7579166666666667,0.803921568627451,0,0.5,250,59,21,78,0.6642156862745098,0.5123475609756097,0.8090614886731392,0.7621951219512195,0.7849293563579278,0.5097831139331539,0.022871584540050987,0.7375,0.23780487804878048,0.2625,0.5123475609756097,0.8078391906134939,0.2002896613190731,0.33578431372549017
stratified_group,stratified,103,22,2400,408,0.7579166666666667,0.803921568627451,0,0.5,257,62,18,71,0.6740196078431373,0.5042682926829268,0.8056426332288401,0.7835365853658537,0.794435857805255,0.5037268046422725,0.0082068360619054,0.775,0.21646341463414634,0.225,0.5042682926829268,0.8052700857084174,0.1974664022912536,0.32598039215686275
stratified_group,logreg,103,11,2400,408,0.7579166666666667,0.803921568627451,0,0.5,255,67,13,73,0.6568627450980392,0.46996951219512195,0.7919254658385093,0.7774390243902439,0.7846153846153846,0.4706209453197405,-0.05846515916414634,0.8375,0.2225609756097561,0.1625,0.5081935975609757,0.840919700947716,0.202114730624046,0.22323339417088192
stratified_group,logreg,103,22,2400,408,0.7579166666666667,0.803921568627451,0,0.5,255,67,13,73,0.6568627450980392,0.46996951219512195,0.7919254658385093,0.7774390243902439,0.7846153846153846,0.4706209453197405,-0.05846515916414634,0.8375,0.2225609756097561,0.1625,0.5081935975609757,0.840919700947716,0.202114730624046,0.22323339417088192
stratified_group,tree,103,11,2400,408,0.7579166666666667,0.803921568627451,0,0.5,302,76,4,26,0.75,0.48536585365853663,0.798941798941799,0.9207317073170732,0.8555240793201133,0.46412567602369303,-0.04452180646024971,0.95,0.07926829268292683,0.05,0.48536585365853663,0.7993365367827349,0.1929411764705882,0.25
stratified_group,tree,103,22,2400,408,0.7579166666666667,0.803921568627451,0,0.5,302,76,4,26,0.75,0.48536585365853663,0.798941798941799,0.9207317073170732,0.8555240793201133,0.46412567602369303,-0.04452180646024971,0.95,0.07926829268292683,0.05,0.48536585365853663,0.7993365367827349,0.1929411764705882,0.25
stratified_group,rf,103,11,2400,408,0.7579166666666667,0.803921568627451,0,0.5,309,77,3,19,0.7647058823529411,0.4897865853658536,0.8005181347150259,0.9420731707317073,0.865546218487395,0.46218487394957986,-0.03590689746961131,0.9625,0.057926829268292686,0.0375,0.7298018292682927,0.9288713618085633,0.30077170335391806,0.1768259258510745
stratified_group,rf,103,22,2400,408,0.7579166666666667,0.803921568627451,0,0.5,312,78,2,16,0.7696078431372549,0.48810975609756097,0.8,0.9512195121951219,0.8690807799442897,0.454948553237451,-0.04597631061983315,0.975,0.04878048780487805,0.025,0.7055640243902439,0.914099374198909,0.29046272103659915,0.17730566277116713
stratified_group,xgboost,103,11,2400,408,0.7579166666666667,0.803921568627451,0,0.5,305,78,2,23,0.7524509803921569,0.47743902439024394,0.7963446475195822,0.9298780487804879,0.8579465541490858,0.44802089612216195,-0.0746965245687709,0.975,0.0701219512195122,0.025,0.6219131097560976,0.8879416482161613,0.23195615120197477,0.22893552482128143
stratified_group,xgboost,103,22,2400,408,0.7579166666666667,0.803921568627451,0,0.5,307,77,3,21,0.7598039215686274,0.4867378048780488,0.7994791666666666,0.9359756097560976,0.8623595505617978,0.46002592912705276,-0.04475649734818453,0.9625,0.06402439024390244,0.0375,0.6282774390243903,0.8894562936072177,0.23724920028292798,0.2247113585472107
stratified_group,hgb,103,11,2400,408,0.7579166666666667,0.803921568627451,0,0.5,307,78,2,21,0.7573529411764706,0.4804878048780488,0.7974025974025974,0.9359756097560976,0.8611500701262272,0.44999251079126895,-0.06717748776756868,0.975,0.06402439024390244,0.025,0.5823932926829268,0.8614786040449269,0.21697422484627132,0.23529070718814857
stratified_group,hgb,103,22,2400,408,0.7579166666666667,0.803921568627451,0,0.5,307,78,2,21,0.7573529411764706,0.4804878048780488,0.7974025974025974,0.9359756097560976,0.8611500701262272,0.44999251079126895,-0.06717748776756868,0.975,0.06402439024390244,0.025,0.5823932926829268,0.8614786040449269,0.21697422484627132,0.23529070718814857
stratified_group,mlp,103,11,2400,408,0.7579166666666667,0.803921568627451,0,0.5,301,65,15,27,0.7745098039215687,0.5525914634146342,0.8224043715846995,0.9176829268292683,0.8674351585014409,0.5566683989228516,0.13742380805976992,0.8125,0.08231707317073171,0.1875,0.559451219512195,0.8339921377591494,0.30936344013704953,0.192688450217247
stratified_group,mlp,103,22,2400,408,0.7579166666666667,0.803921568627451,0,0.5,305,66,14,23,0.7818627450980392,0.552439024390244,0.8221024258760108,0.9298780487804879,0.8726752503576538,0.5559957448369466,0.1450035708806623,0.825,0.0701219512195122,0.175,0.5135289634146342,0.804366238763579,0.28360517598736257,0.1944476068019867
stratified_group,majority,104,11,2289,519,0.7453036260375709,0.8497109826589595,0,0.5,441,78,0,0,0.8497109826589595,0.5,0.8497109826589595,1.0,0.91875,0.459375,0.0,1.0,0.0,0.0,0.5,0.8497109826589595,0.15028901734104047,0.15028901734104047
stratified_group,majority,104,22,2289,519,0.7453036260375709,0.8497109826589595,0,0.5,441,78,0,0,0.8497109826589595,0.5,0.8497109826589595,1.0,0.91875,0.459375,0.0,1.0,0.0,0.0,0.5,0.8497109826589595,0.15028901734104047,0.15028901734104047
stratified_group,stratified,104,11,2289,519,0.7453036260375709,0.8497109826589595,0,0.5,332,58,20,109,0.6782273603082851,0.5046223617652189,0.8512820512820513,0.7528344671201814,0.7990373044524669,0.49613700971415614,0.007644223304172593,0.7435897435897436,0.2471655328798186,0.2564102564102564,0.5046223617652189,0.850893737268634,0.15150689999459996,0.3217726396917148
stratified_group,stratified,104,22,2289,519,0.7453036260375709,0.8497109826589595,0,0.5,331,60,18,110,0.6724470134874759,0.4906680620966335,0.8465473145780051,0.7505668934240363,0.7956730769230769,0.4852151792382375,-0.015473019343487918,0.7692307692307693,0.2494331065759637,0.23076923076923078,0.4906680620966335,0.8473364381356129,0.14805885949310804,0.32755298651252407
stratified_group,logreg,104,11,2289,519,0.7453036260375709,0.8497109826589595,0,0.5,404,20,58,37,0.8901734104046243,0.829844758416187,0.9528301886792453,0.9160997732426304,0.9341040462427745,0.8023121387283236,0.6096231460807114,0.2564102564102564,0.08390022675736962,0.7435897435897436,0.9244142101284959,0.9830252881448543,0.8102157456919743,0.07930530879399253
stratified_group,logreg,104,22,2289,519,0.7453036260375709,0.8497109826589595,0,0.5,404,20,58,37,0.8901734104046243,0.829844758416187,0.9528301886792453,0.9160997732426304,0.9341040462427745,0.8023121387283236,0.6096231460807114,0.2564102564102564,0.08390022675736962,0.7435897435897436,0.9244142101284959,0.9830252881448543,0.8102157456919743,0.07930530879399253
stratified_group,tree,104,11,2289,519,0.7453036260375709,0.8497109826589595,0,0.5,434,23,55,7,0.9421965317919075,0.8446275946275946,0.949671772428884,0.9841269841269841,0.9665924276169265,0.8761533566656061,0.7594386499020407,0.2948717948717949,0.015873015873015872,0.7051282051282052,0.8944851444851445,0.9650580171006741,0.7457194908917993,0.05931427640837491
stratified_group,tree,104,22,2289,519,0.7453036260375709,0.8497109826589595,0,0.5,434,23,55,7,0.9421965317919075,0.8446275946275946,0.949671772428884,0.9841269841269841,0.9665924276169265,0.8761533566656061,0.7594386499020407,0.2948717948717949,0.015873015873015872,0.7051282051282052,0.8944851444851445,0.9650580171006741,0.7457194908917993,0.059314276408374916
stratified_group,rf,104,11,2289,519,0.7453036260375709,0.8497109826589595,0,0.5,441,22,56,0,0.9576107899807321,0.858974358974359,0.9524838012958964,1.0,0.9756637168141593,0.9057423061682737,0.8269428783219008,0.28205128205128205,0.0,0.717948717948718,0.9820338391766963,0.9967809918899504,0.924659020223376,0.03657995130271274
stratified_group,rf,104,22,2289,519,0.7453036260375709,0.8497109826589595,0,0.5,441,22,56,0,0.9576107899807321,0.858974358974359,0.9524838012958964,1.0,0.9756637168141593,0.9057423061682737,0.8269428783219008,0.28205128205128205,0.0,0.717948717948718,0.9844176987034129,0.9971956581052324,0.935326562885561,0.03520375825289558
stratified_group,xgboost,104,11,2289,519,0.7453036260375709,0.8497109826589595,0,0.5,441,20,58,0,0.9614643545279383,0.8717948717948718,0.9566160520607375,1.0,0.9778270509977827,0.9153841137341854,0.8434037496156136,0.2564102564102564,0.0,0.7435897435897436,0.976248619105762,0.995613274669229,0.9173028427639958,0.03574677184224129
stratified_group,xgboost,104,22,2289,519,0.7453036260375709,0.8497109826589595,0,0.5,441,20,58,0,0.9614643545279383,0.8717948717948718,0.9566160520607375,1.0,0.9778270509977827,0.9153841137341854,0.8434037496156136,0.2564102564102564,0.0,0.7435897435897436,0.978806907378336,0.9960914856465202,0.9232419321120375,0.03659185394644737
stratified_group,hgb,104,11,2289,519,0.7453036260375709,0.8497109826589595,0,0.5,441,21,57,0,0.9595375722543352,0.8653846153846154,0.9545454545454546,1.0,0.9767441860465116,0.9105943152454781,0.8351960533625908,0.2692307692307692,0.0,0.7307692307692307,0.9902029187743474,0.9982450560546694,0.9561449401815472,0.04009675462667264
stratified_group,hgb,104,22,2289,519,0.7453036260375709,0.8497109826589595,0,0.5,441,21,57,0,0.9595375722543352,0.8653846153846154,0.9545454545454546,1.0,0.9767441860465116,0.9105943152454781,0.8351960533625908,0.2692307692307692,0.0,0.7307692307692307,0.9902029187743474,0.9982450560546694,0.9561449401815472,0.04009675462667264
stratified_group,mlp,104,11,2289,519,0.7453036260375709,0.8497109826589595,0,0.5,436,14,64,5,0.9633911368015414,0.9045874760160475,0.9688888888888889,0.9886621315192744,0.978675645342312,0.92471197233102,0.8516834823464725,0.1794871794871795,0.011337868480725623,0.8205128205128205,0.969591255305541,0.9932504698378838,0.9346046308927892,0.02742413617670536
stratified_group,mlp,104,22,2289,519,0.7453036260375709,0.8497109826589595,0,0.5,437,11,67,4,0.9710982658959537,0.9249520320948892,0.9754464285714286,0.9909297052154195,0.983127109111361,0.9412279840858819,0.8838291491758904,0.14102564102564102,0.009070294784580499,0.8589743589743589,0.9866271294842723,0.9974790632748847,0.9540017259025524,0.02472689375281334
stratified_group,majority,105,11,1871,937,0.726349545697488,0.8409818569903948,0,0.5,788,149,0,0,0.8409818569903948,0.5,0.8409818569903948,1.0,0.9136231884057971,0.4568115942028986,0.0,1.0,0.0,0.0,0.5,0.8409818569903948,0.15901814300960512,0.15901814300960512
stratified_group,majority,105,22,1871,937,0.726349545697488,0.8409818569903948,0,0.5,788,149,0,0,0.8409818569903948,0.5,0.8409818569903948,1.0,0.9136231884057971,0.4568115942028986,0.0,1.0,0.0,0.0,0.5,0.8409818569903948,0.15901814300960512,0.15901814300960512
stratified_group,stratified,105,11,1871,937,0.726349545697488,0.8409818569903948,0,0.5,565,106,43,223,0.6488794023479189,0.5027978400844888,0.842026825633383,0.7170050761421319,0.774503084304318,0.49086599998348435,0.004538444701908777,0.7114093959731543,0.282994923857868,0.28859060402684567,0.5027978400844888,0.8417311048118268,0.15977886562796656,0.3511205976520811
stratified_group,stratified,105,22,1871,937,0.726349545697488,0.8409818569903948,0,0.5,580,105,44,208,0.6659551760939167,0.5156713112799374,0.8467153284671532,0.7360406091370558,0.7875084860828242,0.5034799288269483,0.025849135290659443,0.7046979865771812,0.2639593908629442,0.2953020134228188,0.5156713112799374,0.845201924828618,0.16362043421844444,0.33404482390608325
stratified_group,logreg,105,11,1871,937,0.726349545697488,0.8409818569903948,0,0.5,467,2,147,321,0.655282817502668,0.7896083875583415,0.9957356076759062,0.5926395939086294,0.7430389817024662,0.6097690856648473,0.4236312862213725,0.013422818791946308,0.4073604060913706,0.9865771812080537,0.9054355602493782,0.9799919124214712,0.7700936659446327,0.26943543902198636
stratified_group,logreg,105,22,1871,937,0.726349545697488,0.8409818569903948,0,0.5,467,2,147,321,0.655282817502668,0.7896083875583415,0.9957356076759062,0.5926395939086294,0.7430389817024662,0.6097690856648473,0.4236312862213725,0.013422818791946308,0.4073604060913706,0.9865771812080537,0.9054355602493782,0.9799919124214712,0.7700936659446327,0.26943543902198636
stratified_group,tree,105,11,1871,937,0.726349545697488,0.8409818569903948,0,0.5,639,5,144,149,0.8356456776947705,0.8886783293019453,0.9922360248447205,0.8109137055837563,0.8924581005586593,0.7720209054829495,0.6131967184540699,0.03355704697986577,0.18908629441624367,0.9664429530201343,0.8892915545259428,0.9638278969192517,0.4819381835247316,0.16404279488028353
stratified_group,tree,105,22,1871,937,0.726349545697488,0.8409818569903948,0,0.5,670,6,143,118,0.8676627534685165,0.9049926753653801,0.9911242603550295,0.850253807106599,0.9153005464480874,0.8064307610289217,0.6607540072757601,0.040268456375838924,0.14974619289340102,0.959731543624161,0.9056016420808776,0.9688315597417504,0.5342557641480378,0.13202571910653754
stratified_group,rf,105,11,1871,937,0.726349545697488,0.8409818569903948,0,0.5,689,0,149,99,0.8943436499466382,0.9371827411167513,1.0,0.8743654822335025,0.932972241029113,0.8418009819755137,0.7247926757311471,0.0,0.12563451776649745,1.0,0.9955796681770176,0.9991444783189416,0.9821010285370576,0.07915515780595993
stratified_group,rf,105,22,1871,937,0.726349545697488,0.8409818569903948,0,0.5,676,0,149,112,0.880469583778015,0.9289340101522843,1.0,0.8578680203045685,0.9234972677595629,0.8251632680261229,0.6998147949448346,0.0,0.14213197969543148,1.0,0.9944213538650224,0.998917885003636,0.9779208023302133,0.0831594226242147
stratified_group,xgboost,105,11,1871,937,0.726349545697488,0.8409818569903948,0,0.5,679,0,149,109,0.8836712913553896,0.9308375634517767,1.0,0.8616751269035533,0.9256987048398091,0.8289427185132706,0.7054318428573865,0.0,0.1383248730964467,1.0,0.9907845876060368,0.9982272776057155,0.9620919758722803,0.0971289575099945
stratified_group,xgboost,105,22,1871,937,0.726349545697488,0.8409818569903948,0,0.5,687,0,149,101,0.8922091782283885,0.9359137055837563,1.0,0.8718274111675127,0.9315254237288135,0.8391962958243064,0.7208391894561765,0.0,0.1281725888324873,1.0,0.9920791741900317,0.9984947680570644,0.965416924734158,0.08717242628335953
stratified_group,hgb,105,11,1871,937,0.726349545697488,0.8409818569903948,0,0.5,717,0,149,71,0.9242262540021344,0.9549492385786802,1.0,0.9098984771573604,0.9528239202657808,0.8802059980732697,0.7850155560023425,0.0,0.0901015228426396,1.0,0.9965846761830137,0.999344874028774,0.9853334830016075,0.07282071632396367
stratified_group,hgb,105,22,1871,937,0.726349545697488,0.8409818569903948,0,0.5,717,0,149,71,0.9242262540021344,0.9549492385786802,1.0,0.9098984771573604,0.9528239202657808,0.8802059980732697,0.7850155560023425,0.0,0.0901015228426396,1.0,0.9965846761830137,0.999344874028774,0.9853334830016075,0.07282071632396367
stratified_group,mlp,105,11,1871,937,0.726349545697488,0.8409818569903948,0,0.5,679,2,147,109,0.8815368196371398,0.9241261540558035,0.9970631424375918,0.8616751269035533,0.9244383934649422,0.8251821596954341,0.6961258390855449,0.013422818791946308,0.1383248730964467,0.9865771812080537,0.9884594419650462,0.9975915070983352,0.9614786910214653,0.08693458139896393
stratified_group,mlp,105,22,1871,937,0.726349545697488,0.8409818569903948,0,0.5,699,2,147,89,0.9028815368196371,0.9368165093857528,0.9971469329529244,0.8870558375634517,0.938885157824043,0.8512607607302034,0.7359872184640472,0.013422818791946308,0.11294416243654823,0.9865771812080537,0.988731986509045,0.9978101723474124,0.9538437714131398,0.07775258272886276
stratified_group,majority,106,11,2294,514,0.7632955536181343,0.7704280155642024,0,0.5,396,118,0,0,0.7704280155642024,0.5,0.7704280155642024,1.0,0.8703296703296703,0.4351648351648352,0.0,1.0,0.0,0.0,0.5,0.7704280155642024,0.22957198443579765,0.22957198443579765
stratified_group,majority,106,22,2294,514,0.7632955536181343,0.7704280155642024,0,0.5,396,118,0,0,0.7704280155642024,0.5,0.7704280155642024,1.0,0.8703296703296703,0.4351648351648352,0.0,1.0,0.0,0.0,0.5,0.7704280155642024,0.22957198443579765,0.22957198443579765
stratified_group,stratified,106,11,2294,514,0.7632955536181343,0.7704280155642024,0,0.5,303,91,27,93,0.642023346303502,0.49698253723677455,0.7690355329949239,0.7651515151515151,0.7670886075949367,0.49698968194872883,-0.005999592834568732,0.7711864406779662,0.23484848484848486,0.2288135593220339,0.4969825372367745,0.7693625554164969,0.22852585240387785,0.35797665369649806
stratified_group,stratified,106,22,2294,514,0.7632955536181343,0.7704280155642024,0,0.5,309,88,30,87,0.6595330739299611,0.5172701592193117,0.7783375314861462,0.7803030303030303,0.7793190416141236,0.5173190952751469,0.03464389786065492,0.7457627118644068,0.2196969696969697,0.2542372881355932,0.5172701592193117,0.7765998348063252,0.23639527392082954,0.3404669260700389
stratified_group,logreg,106,11,2294,514,0.7632955536181343,0.7704280155642024,0,0.5,358,0,118,38,0.9260700389105059,0.952020202020202,1.0,0.9040404040404041,0.9496021220159151,0.9054579953145269,0.8269373820462066,0.0,0.09595959595959595,1.0,0.9990583804143127,0.9997264069218798,0.9967922541220647,0.05953009242437498
stratified_group,logreg,106,22,2294,514,0.7632955536181343,0.7704280155642024,0,0.5,358,0,118,38,0.9260700389105059,0.952020202020202,1.0,0.9040404040404041,0.9496021220159151,0.9054579953145269,0.8269373820462066,0.0,0.09595959595959595,1.0,0.9990583804143127,0.9997264069218798,0.9967922541220647,0.05953009242437498
stratified_group,tree,106,11,2294,514,0.7632955536181343,0.7704280155642024,0,0.5,381,1,117,15,0.9688715953307393,0.9768233179250129,0.9973821989528796,0.9621212121212122,0.9794344473007712,0.9577172236503857,0.9180311774640697,0.00847457627118644,0.03787878787878788,0.9915254237288136,0.9773476288306797,0.9884153086289422,0.9012360258830783,0.03166004966746853
stratified_group,tree,106,22,2294,514,0.7632955536181343,0.7704280155642024,0,0.5,380,0,118,16,0.9688715953307393,0.9797979797979798,1.0,0.9595959595959596,0.979381443298969,0.9579446899034527,0.9192482458806495,0.0,0.04040404040404041,1.0,0.9835858585858586,0.9924635459654916,0.9007633587786259,0.03166004966746853
stratified_group,rf,106,11,2294,514,0.7632955536181343,0.7704280155642024,0,0.5,372,0,118,24,0.953307392996109,0.9696969696969697,1.0,0.9393939393939394,0.96875,0.9382211538461538,0.8835287956460779,0.0,0.06060606060606061,1.0,1.0,1.0,1.0,0.03013895507491846
stratified_group,rf,106,22,2294,514,0.7632955536181343,0.7704280155642024,0,0.5,372,0,118,24,0.953307392996109,0.9696969696969697,1.0,0.9393939393939394,0.96875,0.9382211538461538,0.8835287956460779,0.0,0.06060606060606061,1.0,1.0,1.0,1.0,0.029585143277937036
stratified_group,xgboost,106,11,2294,514,0.7632955536181343,0.7704280155642024,0,0.5,391,0,118,5,0.9902723735408561,0.9936868686868687,1.0,0.9873737373737373,0.9936467598475223,0.9864499359403587,0.9732608045010633,0.0,0.012626262626262626,1.0,1.0,1.0,1.0,0.011484386399388313
stratified_group,xgboost,106,22,2294,514,0.7632955536181343,0.7704280155642024,0,0.5,384,0,118,12,0.9766536964980544,0.9848484848484849,1.0,0.9696969696969697,0.9846153846153847,0.9681141439205956,0.9381825409729603,0.0,0.030303030303030304,1.0,1.0,1.0,1.0,0.01725887320935726
stratified_group,hgb,106,11,2294,514,0.7632955536181343,0.7704280155642024,0,0.5,395,0,118,1,0.9980544747081712,0.9987373737373737,1.0,0.9974747474747475,0.9987357774968394,0.9972581841070696,0.99453135030509,0.0,0.0025252525252525255,1.0,1.0,1.0,0.9999999999999999,0.0015390481301020525
stratified_group,hgb,106,22,2294,514,0.7632955536181343,0.7704280155642024,0,0.5,395,0,118,1,0.9980544747081712,0.9987373737373737,1.0,0.9974747474747475,0.9987357774968394,0.9972581841070696,0.99453135030509,0.0,0.0025252525252525255,1.0,1.0,1.0,0.9999999999999999,0.0015390481301020525
stratified_group,mlp,106,11,2294,514,0.7632955536181343,0.7704280155642024,0,0.5,379,0,118,17,0.9669260700389105,0.9785353535353536,1.0,0.9570707070707071,0.9780645161290322,0.955435420119852,0.9146314515181773,0.0,0.04292929292929293,1.0,1.0,1.0,0.9999999999999999,0.022591324523091316
stratified_group,mlp,106,22,2294,514,0.7632955536181343,0.7704280155642024,0,0.5,385,0,118,11,0.9785992217898832,0.9861111111111112,1.0,0.9722222222222222,0.9859154929577465,0.9706905400011405,0.9430374075879757,0.0,0.027777777777777776,1.0,1.0,1.0,1.0,0.01987304911017418
stratified_group,majority,107,11,2151,657,0.7638307763830776,0.7671232876712328,0,0.5,504,153,0,0,0.7671232876712328,0.5,0.7671232876712328,1.0,0.8682170542635659,0.43410852713178294,0.0,1.0,0.0,0.0,0.5,0.7671232876712328,0.2328767123287671,0.2328767123287671
stratified_group,majority,107,22,2151,657,0.7638307763830776,0.7671232876712328,0,0.5,504,153,0,0,0.7671232876712328,0.5,0.7671232876712328,1.0,0.8682170542635659,0.43410852713178294,0.0,1.0,0.0,0.0,0.5,0.7671232876712328,0.2328767123287671,0.2328767123287671
stratified_group,stratified,107,11,2151,657,0.7638307763830776,0.7671232876712328,0,0.5,380,115,38,124,0.6362252663622526,0.5011671335200747,0.7676767676767676,0.753968253968254,0.7607607607607607,0.501015301015301,0.0022890296319136327,0.7516339869281046,0.24603174603174602,0.24836601307189543,0.5011671335200747,0.7675405940246123,0.23329674617465226,0.3637747336377473
stratified_group,stratified,107,22,2151,657,0.7638307763830776,0.7671232876712328,0,0.5,397,116,37,107,0.6605783866057838,0.5147642390289449,0.7738791423001949,0.7876984126984127,0.7807276302851525,0.5149429397217008,0.030169083593217533,0.7581699346405228,0.2123015873015873,0.24183006535947713,0.5147642390289449,0.7724448636388875,0.23869701355935574,0.3394216133942161
stratified_group,logreg,107,11,2151,657,0.7638307763830776,0.7671232876712328,0,0.5,435,0,153,69,0.8949771689497716,0.9315476190476191,1.0,0.8630952380952381,0.9265175718849841,0.8712587859424921,0.7712560582166648,0.0,0.13690476190476192,1.0,0.9835174810665006,0.9954367767991565,0.9313436777915585,0.07631856284573865
stratified_group,logreg,107,22,2151,657,0.7638307763830776,0.7671232876712328,0,0.5,435,0,153,69,0.8949771689497716,0.9315476190476191,1.0,0.8630952380952381,0.9265175718849841,0.8712587859424921,0.7712560582166648,0.0,0.13690476190476192,1.0,0.9835174810665006,0.9954367767991565,0.9313436777915585,0.07631856284573865
stratified_group,tree,107,11,2151,657,0.7638307763830776,0.7671232876712328,0,0.5,487,4,149,17,0.9680365296803652,0.970063025210084,0.9918533604887984,0.9662698412698413,0.978894472361809,0.9565318756793371,0.9144338212103555,0.026143790849673203,0.03373015873015873,0.9738562091503268,0.9729614067849361,0.9856111529513222,0.8963003976277459,0.03157028817476962
stratified_group,tree,107,22,2151,657,0.7638307763830776,0.7671232876712328,0,0.5,491,4,149,13,0.974124809741248,0.974031279178338,0.9919191919191919,0.9742063492063492,0.982982982982983,0.9645073645073645,0.9296893850017218,0.026143790849673203,0.025793650793650792,0.9738562091503268,0.9769296607531902,0.9874592454831218,0.9186956710256544,0.025482008113886814
stratified_group,rf,107,11,2151,657,0.7638307763830776,0.7671232876712328,0,0.5,504,0,153,0,1.0,1.0,1.0,1.0,1.0,1.0,1.0,0.0,0.0,1.0,1.0,1.0,1.0,0.017255961037685272
stratified_group,rf,107,22,2151,657,0.7638307763830776,0.7671232876712328,0,0.5,504,0,153,0,1.0,1.0,1.0,1.0,1.0,1.0,1.0,0.0,0.0,1.0,1.0,0.9999999999999999,1.0,0.0162380491080956
stratified_group,xgboost,107,11,2151,657,0.7638307763830776,0.7671232876712328,0,0.5,488,0,153,16,0.9756468797564688,0.9841269841269842,1.0,0.9682539682539683,0.9838709677419355,0.9670907633740733,0.9362611566801383,0.0,0.031746031746031744,1.0,0.9998832866479925,0.9999646616602882,0.9996219996958694,0.01701570861041546
stratified_group,xgboost,107,22,2151,657,0.7638307763830776,0.7671232876712328,0,0.5,478,1,152,26,0.958904109589041,0.97093837535014,0.9979123173277662,0.9484126984126984,0.9725330620549338,0.9454810325380409,0.8957303768529826,0.006535947712418301,0.051587301587301584,0.9934640522875817,0.9994812739910779,0.9998405859465374,0.9984575207370647,0.02408326417207718
stratified_group,hgb,107,11,2151,657,0.7638307763830776,0.7671232876712328,0,0.5,496,0,153,8,0.9878234398782344,0.9920634920634921,1.0,0.9841269841269841,0.992,0.9832611464968153,0.9670709717589557,0.0,0.015873015873015872,1.0,0.9999221910986617,0.9999764960049241,0.999745345527985,0.008061603126564563
stratified_group,hgb,107,22,2151,657,0.7638307763830776,0.7671232876712328,0,0.5,496,0,153,8,0.9878234398782344,0.9920634920634921,1.0,0.9841269841269841,0.992,0.9832611464968153,0.9670709717589557,0.0,0.015873015873015872,1.0,0.9999221910986617,0.9999764960049241,0.999745345527985,0.008061603126564563
stratified_group,mlp,107,11,2151,657,0.7638307763830776,0.7671232876712328,0,0.5,480,0,153,24,0.9634703196347032,0.9761904761904762,1.0,0.9523809523809523,0.975609756097561,0.9514412416851441,0.9073282493442554,0.0,0.047619047619047616,1.0,1.0,1.0,0.9999999999999999,0.027336005121469498
stratified_group,mlp,107,22,2151,657,0.7638307763830776,0.7671232876712328,0,0.5,485,0,153,19,0.9710806697108066,0.9811507936507937,1.0,0.9623015873015873,0.980788675429727,0.9611635684840942,0.9252031293531082,0.0,0.037698412698412696,1.0,1.0,1.0,1.0,0.019956182688474655
stratified_group,majority,108,11,2255,553,0.7569844789356984,0.7956600361663653,0,0.5,440,113,0,0,0.7956600361663653,0.5,0.7956600361663653,1.0,0.8862034239677744,0.4431017119838872,0.0,1.0,0.0,0.0,0.5,0.7956600361663653,0.20433996383363473,0.20433996383363473
stratified_group,majority,108,22,2255,553,0.7569844789356984,0.7956600361663653,0,0.5,440,113,0,0,0.7956600361663653,0.5,0.7956600361663653,1.0,0.8862034239677744,0.4431017119838872,0.0,1.0,0.0,0.0,0.5,0.7956600361663653,0.20433996383363473,0.20433996383363473
stratified_group,stratified,108,11,2255,553,0.7569844789356984,0.7956600361663653,0,0.5,335,86,27,105,0.6546112115732369,0.5001508447304908,0.7957244655581948,0.7613636363636364,0.778164924506388,0.49928654388584703,0.00028536301543478427,0.7610619469026548,0.23863636363636365,0.23893805309734514,0.5001508447304908,0.7957090903624173,0.20438906338424656,0.3453887884267631
stratified_group,stratified,108,22,2255,553,0.7569844789356984,0.7956600361663653,0,0.5,344,84,29,96,0.674502712477396,0.5192276749798874,0.8037383177570093,0.7818181818181819,0.7926267281105991,0.5181621035510978,0.037071950532976086,0.7433628318584071,0.21818181818181817,0.25663716814159293,0.5192276749798873,0.8019757835917779,0.21143855718606475,0.325497287522604
stratified_group,logreg,108,11,2255,553,0.7569844789356984,0.7956600361663653,0,0.5,414,2,111,26,0.9493670886075949,0.9616049879324216,0.9951923076923077,0.9409090909090909,0.9672897196261683,0.9276448598130842,0.8623014169764598,0.017699115044247787,0.05909090909090909,0.9823008849557522,0.9946701528559935,0.9985329016119074,0.9851637534481769,0.04503488868429196
stratified_group,logreg,108,22,2255,553,0.7569844789356984,0.7956600361663653,0,0.5,414,2,111,26,0.9493670886075949,0.9616049879324216,0.9951923076923077,0.9409090909090909,0.9672897196261683,0.9276448598130842,0.8623014169764598,0.017699115044247787,0.05909090909090909,0.9823008849557522,0.9946701528559935,0.9985329016119074,0.9851637534481769,0.04503488868429196
stratified_group,tree,108,11,2255,553,0.7569844789356984,0.7956600361663653,0,0.5,433,5,108,7,0.9783001808318263,0.9699215607401448,0.9885844748858448,0.9840909090909091,0.9863325740318907,0.9668504975422612,0.9337593247441249,0.04424778761061947,0.015909090909090907,0.9557522123893806,0.9699215607401448,0.9855152224516712,0.9066175820857515,0.0216998191681736
stratified_group,tree,108,22,2255,553,0.7569844789356984,0.7956600361663653,0,0.5,432,4,109,8,0.9783001808318263,0.9732099758648431,0.9908256880733946,0.9818181818181818,0.9863013698630136,0.9670637284097676,0.9343579210061906,0.035398230088495575,0.01818181818181818,0.9646017699115044,0.9732099758648431,0.9872772216750849,0.9058793663924167,0.0216998191681736
stratified_group,rf,108,11,2255,553,0.7569844789356984,0.7956600361663653,0,0.5,440,4,109,0,0.9927667269439421,0.9823008849557522,0.990990990990991,1.0,0.995475113122172,0.988728547552077,0.9777073508347298,0.035398230088495575,0.0,0.9646017699115044,1.0,1.0,1.0,0.015217408937262967
stratified_group,rf,108,22,2255,553,0.7569844789356984,0.7956600361663653,0,0.5,440,2,111,0,0.9963833634719711,0.9911504424778761,0.995475113122172,1.0,0.9977324263038548,0.9944019274376417,0.9888660599754332,0.017699115044247787,0.0,0.9823008849557522,1.0,1.0,1.0,0.013779147408538337
stratified_group,xgboost,108,11,2255,553,0.7569844789356984,0.7956600361663653,0,0.5,440,0,113,0,1.0,1.0,1.0,1.0,1.0,1.0,1.0,0.0,0.0,1.0,1.0,1.0,1.0,0.00217790761962533
stratified_group,xgboost,108,22,2255,553,0.7569844789356984,0.7956600361663653,0,0.5,440,2,111,0,0.9963833634719711,0.9911504424778761,0.995475113122172,1.0,0.9977324263038548,0.9944019274376417,0.9888660599754332,0.017699115044247787,0.0,0.9823008849557522,0.9999798873692679,0.9999948464234178,0.9999223723024376,0.002525582443922758
stratified_group,hgb,108,11,2255,553,0.7569844789356984,0.7956600361663653,0,0.5,440,1,112,0,0.9981916817359855,0.995575221238938,0.9977324263038548,1.0,0.9988649262202043,0.9972102408878799,0.9944359887924364,0.008849557522123894,0.0,0.9911504424778761,0.999798873692679,0.9999479306829591,0.9992805237786891,0.0024233989766603613
stratified_group,hgb,108,22,2255,553,0.7569844789356984,0.7956600361663653,0,0.5,440,1,112,0,0.9981916817359855,0.995575221238938,0.9977324263038548,1.0,0.9988649262202043,0.9972102408878799,0.9944359887924364,0.008849557522123894,0.0,0.9911504424778761,0.999798873692679,0.9999479306829591,0.9992805237786891,0.0024233989766603613
stratified_group,mlp,108,11,2255,553,0.7569844789356984,0.7956600361663653,0,0.5,434,3,110,6,0.9837251356238698,0.9799074818986323,0.9931350114416476,0.9863636363636363,0.9897377423033067,0.9752182161298193,0.9505683791695053,0.02654867256637168,0.013636363636363636,0.9734513274336283,0.9995977473853579,0.9998969493514985,0.998491975045721,0.010611996054649353
stratified_group,mlp,108,22,2255,553,0.7569844789356984,0.7956600361663653,0,0.5,436,1,112,4,0.9909584086799277,0.9910297666934835,0.9977116704805492,0.990909090909091,0.9942987457240593,0.986232342294344,0.9725986508966222,0.008849557522123894,0.00909090909090909,0.9911504424778761,0.9998994368463394,0.9999741849465877,0.9996191363565473,0.008961603045463562
stratified_group,majority,109,11,2246,562,0.755120213713268,0.802491103202847,0,0.5,451,111,0,0,0.802491103202847,0.5,0.802491103202847,1.0,0.8904244817374136,0.4452122408687068,0.0,1.0,0.0,0.0,0.5,0.802491103202847,0.19750889679715303,0.19750889679715303
stratified_group,majority,109,22,2246,562,0.755120213713268,0.802491103202847,0,0.5,451,111,0,0,0.802491103202847,0.5,0.802491103202847,1.0,0.8904244817374136,0.4452122408687068,0.0,1.0,0.0,0.0,0.5,0.802491103202847,0.19750889679715303,0.19750889679715303
stratified_group,stratified,109,11,2246,562,0.755120213713268,0.802491103202847,0,0.5,341,84,27,110,0.6548042704626335,0.4996704021094265,0.8023529411764706,0.7560975609756098,0.7785388127853882,0.4981403741346296,-0.000611236712093823,0.7567567567567568,0.24390243902439024,0.24324324324324326,0.4996704021094265,0.8023866392316844,0.19740464156912194,0.34519572953736655
stratified_group,stratified,109,22,2246,562,0.755120213713268,0.802491103202847,0,0.5,351,82,29,100,0.6761565836298933,0.5197658856195442,0.8106235565819861,0.7782705099778271,0.7941176470588235,0.517892156862745,0.03742460545610638,0.7387387387387387,0.22172949002217296,0.26126126126126126,0.5197658856195442,0.8088203518416005,0.2046406250660161,0.3238434163701068
stratified_group,logreg,109,11,2246,562,0.755120213713268,0.802491103202847,0,0.5,390,2,109,61,0.8879003558718861,0.9233634965342282,0.9948979591836735,0.8647450110864745,0.9252669039145908,0.8505338078291815,0.7338810457345941,0.018018018018018018,0.1352549889135255,0.9819819819819819,0.9908711372126007,0.9977794099251744,0.9638668319621115,0.08555540836466893
stratified_group,logreg,109,22,2246,562,0.755120213713268,0.802491103202847,0,0.5,390,2,109,61,0.8879003558718861,0.9233634965342282,0.9948979591836735,0.8647450110864745,0.9252669039145908,0.8505338078291815,0.7338810457345941,0.018018018018018018,0.1352549889135255,0.9819819819819819,0.9908711372126007,0.9977794099251744,0.9638668319621115,0.08555540836466893
stratified_group,tree,109,11,2246,562,0.755120213713268,0.802491103202847,0,0.5,383,3,108,68,0.8736654804270463,0.9110984598789478,0.9922279792746114,0.8492239467849224,0.9151732377538829,0.8338932390860008,0.7057901929982769,0.02702702702702703,0.15077605321507762,0.972972972972973,0.9084916401989572,0.9613386216102524,0.6162745962050771,0.12594410201965486
stratified_group,tree,109,22,2246,562,0.755120213713268,0.802491103202847,0,0.5,376,3,108,75,0.8612099644128114,0.9033379277281717,0.9920844327176781,0.8337028824833703,0.9060240963855422,0.8203589869682812,0.6853361946182842,0.02702702702702703,0.1662971175166297,0.972972972972973,0.9007311080481812,0.9582020860945213,0.5923832239961786,0.13839961803388973
stratified_group,rf,109,11,2246,562,0.755120213713268,0.802491103202847,0,0.5,433,0,111,18,0.9679715302491103,0.9800443458980044,1.0,0.9600886917960089,0.9796380090497737,0.9523190045248868,0.9089129924390303,0.0,0.03991130820399113,1.0,0.9998202193324145,0.9999560443376926,0.9992759210042282,0.0337896742302086
stratified_group,rf,109,22,2246,562,0.755120213713268,0.802491103202847,0,0.5,425,0,111,26,0.9537366548042705,0.9711751662971175,1.0,0.9423503325942351,0.9703196347031964,0.9327404625128886,0.8737906634250333,0.0,0.057649667405764965,1.0,0.9996604142945607,0.9999163635679955,0.9986870563696122,0.03695054037856647
stratified_group,xgboost,109,11,2246,562,0.755120213713268,0.802491103202847,0,0.5,440,0,111,11,0.9804270462633452,0.9878048780487805,1.0,0.975609756097561,0.9876543209876543,0.9702220102792349,0.9421491081687604,0.0,0.024390243902439025,1.0,0.9999001218513413,0.9999755909009059,0.9995948347290923,0.01701045036315918
stratified_group,xgboost,109,22,2246,562,0.755120213713268,0.802491103202847,0,0.5,432,0,111,19,0.9661921708185054,0.9789356984478936,1.0,0.9578713968957872,0.9784824462061155,0.9498221359661283,0.9043643116126988,0.0,0.04212860310421286,1.0,0.9999001218513414,0.999975537232203,0.9995977732703396,0.02324192225933075
stratified_group,hgb,109,11,2246,562,0.755120213713268,0.802491103202847,0,0.5,446,0,111,5,0.9911032028469751,0.9944567627494456,1.0,0.9889135254988913,0.9944258639910813,0.9861997161365099,0.9727733253452467,0.0,0.011086474501108648,1.0,0.9996604142945605,0.9999171411612535,0.9986329005962196,0.009359446766342793
stratified_group,hgb,109,22,2246,562,0.755120213713268,0.802491103202847,0,0.5,446,0,111,5,0.9911032028469751,0.9944567627494456,1.0,0.9889135254988913,0.9944258639910813,0.9861997161365099,0.9727733253452467,0.0,0.011086474501108648,1.0,0.9996604142945605,0.9999171411612535,0.9986329005962196,0.009359446766342793
stratified_group,mlp,109,11,2246,562,0.755120213713268,0.802491103202847,0,0.5,415,3,108,36,0.9306049822064056,0.9465751782824954,0.992822966507177,0.9201773835920177,0.9551208285385501,0.9010898260339809,0.8145259955339359,0.02702702702702703,0.07982261640798226,0.972972972972973,0.9867961087473284,0.9970644484700929,0.9113582379756205,0.04629335552453995
stratified_group,mlp,109,22,2246,562,0.755120213713268,0.802491103202847,0,0.5,419,0,111,32,0.9430604982206405,0.9645232815964524,1.0,0.9290465631929047,0.9632183908045977,0.9186170694180469,0.8492043520668731,0.0,0.07095343680709534,1.0,0.9904316733585026,0.9978963214087995,0.9422040047114337,0.04786156117916107
stratified_group,majority,110,11,2172,636,0.7476979742173112,0.8223270440251572,0,0.5,523,113,0,0,0.8223270440251572,0.5,0.8223270440251572,1.0,0.902502157031924,0.451251078515962,0.0,1.0,0.0,0.0,0.5,0.8223270440251572,0.17767295597484276,0.17767295597484276
stratified_group,majority,110,22,2172,636,0.7476979742173112,0.8223270440251572,0,0.5,523,113,0,0,0.8223270440251572,0.5,0.8223270440251572,1.0,0.902502157031924,0.451251078515962,0.0,1.0,0.0,0.0,0.5,0.8223270440251572,0.17767295597484276,0.17767295597484276
stratified_group,stratified,110,11,2172,636,0.7476979742173112,0.8223270440251572,0,0.5,383,86,27,140,0.6446540880503144,0.4856258143115789,0.8166311300639659,0.7323135755258127,0.7721774193548387,0.4825172811059908,-0.024972306449135107,0.7610619469026548,0.2676864244741874,0.23893805309734514,0.4856258143115789,0.8181558489063498,0.17385082898154267,0.3553459119496855
stratified_group,stratified,110,22,2172,636,0.7476979742173112,0.8223270440251572,0,0.5,406,84,29,117,0.6839622641509434,0.5164638995583681,0.8285714285714286,0.7762906309751434,0.8015794669299111,0.5127588454340675,0.029928041806066515,0.7433628318584071,0.2237093690248566,0.25663716814159293,0.5164638995583681,0.8271745012446337,0.18305134756185426,0.3160377358490566
stratified_group,logreg,110,11,2172,636,0.7476979742173112,0.8223270440251572,0,0.5,419,0,113,104,0.8364779874213837,0.9005736137667304,1.0,0.8011472275334608,0.8895966029723992,0.787222543910442,0.6459003529574853,0.0,0.1988527724665392,1.0,0.9955836816189784,0.9991000182801681,0.9758944206901632,0.11880237813175229
stratified_group,logreg,110,22,2172,636,0.7476979742173112,0.8223270440251572,0,0.5,419,0,113,104,0.8364779874213837,0.9005736137667304,1.0,0.8011472275334608,0.8895966029723992,0.787222543910442,0.6459003529574853,0.0,0.1988527724665392,1.0,0.9955836816189784,0.9991000182801681,0.9758944206901632,0.11880237813175229
stratified_group,tree,110,11,2172,636,0.7476979742173112,0.8223270440251572,0,0.5,488,3,110,35,0.940251572327044,0.9532648606575407,0.9938900203665988,0.9330783938814532,0.9625246548323472,0.9076189165634604,0.8259378452660044,0.02654867256637168,0.06692160611854685,0.9734513274336283,0.9532648606575408,0.9824087504393513,0.7431972984955176,0.059748427672955975
stratified_group,tree,110,22,2172,636,0.7476979742173112,0.8223270440251572,0,0.5,490,3,110,33,0.9433962264150944,0.955176906546642,0.9939148073022313,0.9369024856596558,0.9645669291338582,0.9119709645669292,0.8335061400746187,0.02654867256637168,0.06309751434034416,0.9734513274336283,0.9551769065466421,0.9830880459482285,0.7535256945425589,0.05660377358490566
stratified_group,rf,110,11,2172,636,0.7476979742173112,0.8223270440251572,0,0.5,495,3,110,28,0.9512578616352201,0.9599570212693954,0.9939759036144579,0.9464627151051626,0.9696376101860921,0.9230658170452373,0.8530669174559286,0.02654867256637168,0.05353728489483748,0.9734513274336283,0.9937223980101186,0.9986542609417127,0.9738765107384886,0.03655774632682646
stratified_group,rf,110,22,2172,636,0.7476979742173112,0.8223270440251572,0,0.5,500,3,110,23,0.9591194968553459,0.9647371359921487,0.9940357852882704,0.9560229445506692,0.9746588693957114,0.9344839062425712,0.873610059213559,0.02654867256637168,0.04397705544933078,0.9734513274336283,0.9967173725443748,0.999290949272585,0.9864031895748555,0.032987511564261766
stratified_group,xgboost,110,11,2172,636,0.7476979742173112,0.8223270440251572,0,0.5,507,0,113,16,0.9748427672955975,0.9847036328871893,1.0,0.9694072657743786,0.9844660194174757,0.9591751584690684,0.9215045879855029,0.0,0.030592734225621414,1.0,0.9994416149173421,0.9998832245027406,0.9972413506381788,0.018043283373117447
stratified_group,xgboost,110,22,2172,636,0.7476979742173112,0.8223270440251572,0,0.5,514,0,113,9,0.9858490566037735,0.991395793499044,1.0,0.982791586998088,0.991321118611379,0.9765116231354767,0.9540914884250431,0.0,0.017208413001912046,1.0,0.9992724073165367,0.9998485043946079,0.9963586273463578,0.014607615768909454
stratified_group,hgb,110,11,2172,636,0.7476979742173112,0.8223270440251572,0,0.5,517,0,113,6,0.9905660377358491,0.994263862332696,1.0,0.988527724665392,0.9942307692307693,0.984184350132626,0.9688580859179787,0.0,0.011472275334608031,1.0,0.999627743278228,0.9999219837647202,0.998169351420328,0.008068598786762797
stratified_group,hgb,110,22,2172,636,0.7476979742173112,0.8223270440251572,0,0.5,517,0,113,6,0.9905660377358491,0.994263862332696,1.0,0.988527724665392,0.9942307692307693,0.984184350132626,0.9688580859179787,0.0,0.011472275334608031,1.0,0.999627743278228,0.9999219837647202,0.998169351420328,0.008068598786762797
stratified_group,mlp,110,11,2172,636,0.7476979742173112,0.8223270440251572,0,0.5,482,0,113,41,0.9355345911949685,0.9608030592734226,1.0,0.9216061185468452,0.9592039800995025,0.9028229638325227,0.8223402280212465,0.0,0.07839388145315487,1.0,0.9901351968730435,0.9980903906562877,0.9133801591113174,0.05084538087248802
stratified_group,mlp,110,22,2172,636,0.7476979742173112,0.8223270440251572,0,0.5,497,0,113,26,0.9591194968553459,0.9751434034416826,1.0,0.9502868068833652,0.9745098039215686,0.9356676003734827,0.8789398829419707,0.0,0.0497131931166348,1.0,0.9925887070847222,0.9985429537152047,0.9453229155479006,0.03721641004085541
stratified_group,majority,111,11,2400,408,0.7704166666666666,0.7303921568627451,0,0.5,298,110,0,0,0.7303921568627451,0.5,0.7303921568627451,1.0,0.8441926345609065,0.42209631728045327,0.0,1.0,0.0,0.0,0.5,0.7303921568627451,0.2696078431372549,0.2696078431372549
stratified_group,majority,111,22,2400,408,0.7704166666666666,0.7303921568627451,0,0.5,298,110,0,0,0.7303921568627451,0.5,0.7303921568627451,1.0,0.8441926345609065,0.42209631728045327,0.0,1.0,0.0,0.0,0.5,0.7303921568627451,0.2696078431372549,0.2696078431372549
stratified_group,stratified,111,11,2400,408,0.7704166666666666,0.7303921568627451,0,0.5,230,88,22,68,0.6176470588235294,0.4859060402684564,0.7232704402515723,0.7718120805369127,0.7467532467532467,0.48337662337662335,-0.030167038801399863,0.8,0.22818791946308725,0.2,0.48590604026845635,0.7248955299480815,0.2645751633986928,0.38235294117647056
stratified_group,stratified,111,22,2400,408,0.7704166666666666,0.7303921568627451,0,0.5,239,83,27,59,0.6519607843137255,0.5237339841366687,0.7422360248447205,0.802013422818792,0.7709677419354839,0.5232389730085583,0.051644961328961965,0.7545454545454545,0.19798657718120805,0.24545454545454545,0.5237339841366687,0.7398910979623832,0.2804926833312606,0.3480392156862745
stratified_group,logreg,111,11,2400,408,0.7704166666666666,0.7303921568627451,0,0.5,238,51,59,60,0.7279411764705882,0.6675106772422208,0.8235294117647058,0.7986577181208053,0.8109028960817717,0.6630933694382657,0.32708043199652254,0.4636363636363636,0.20134228187919462,0.5363636363636364,0.8044844417327639,0.9242395172184052,0.6291623899514912,0.17832593379480788
stratified_group,logreg,111,22,2400,408,0.7704166666666666,0.7303921568627451,0,0.5,238,51,59,60,0.7279411764705882,0.6675106772422208,0.8235294117647058,0.7986577181208053,0.8109028960817717,0.6630933694382657,0.32708043199652254,0.4636363636363636,0.20134228187919462,0.5363636363636364,0.8044844417327639,0.9242395172184052,0.6291623899514912,0.17832593379480788
stratified_group,tree,111,11,2400,408,0.7704166666666666,0.7303921568627451,0,0.5,260,53,57,38,0.7769607843137255,0.6953325198291641,0.8306709265175719,0.87248322147651,0.851063829787234,0.7035806953814219,0.41018053901626805,0.4818181818181818,0.12751677852348994,0.5181818181818182,0.6953325198291641,0.8178837008568892,0.4408110516934046,0.22303921568627452
stratified_group,tree,111,22,2400,408,0.7704166666666666,0.7303921568627451,0,0.5,260,55,55,38,0.7720588235294118,0.686241610738255,0.8253968253968254,0.87248322147651,0.8482871125611745,0.6950795168717203,0.39401652653893343,0.5,0.12751677852348994,0.5,0.686241610738255,0.8132821361206675,0.4305028462998103,0.22794117647058823
stratified_group,rf,111,11,2400,408,0.7704166666666666,0.7303921568627451,0,0.5,272,56,54,26,0.7990196078431373,0.70183038438072,0.8292682926829268,0.912751677852349,0.8690095846645367,0.7187153186480578,0.4511688449864518,0.509090909090909,0.087248322147651,0.4909090909090909,0.7437461866992069,0.8703170923843078,0.6794549415839267,0.15308451282077676
stratified_group,rf,111,22,2400,408,0.7704166666666666,0.7303921568627451,0,0.5,274,56,54,24,0.803921568627451,0.7051860890787065,0.8303030303030303,0.9194630872483222,0.8726114649681529,0.723539775037268,0.4631035527462317,0.509090909090909,0.08053691275167785,0.4909090909090909,0.7033862111043319,0.8516838556210834,0.6548757901528204,0.15872204687725858
stratified_group,xgboost,111,11,2400,408,0.7704166666666666,0.7303921568627451,0,0.5,257,53,57,41,0.7696078431372549,0.6902989627821843,0.8290322580645161,0.8624161073825504,0.8453947368421053,0.6967358299595142,0.39534568832419636,0.4818181818181818,0.13758389261744966,0.5181818181818182,0.7448749237339842,0.8717744019193838,0.6821202007859049,0.2047700136899948
stratified_group,xgboost,111,22,2400,408,0.7704166666666666,0.7303921568627451,0,0.5,256,56,54,42,0.7598039215686274,0.6749847467968273,0.8205128205128205,0.8590604026845637,0.839344262295082,0.6818080534776381,0.3661185639034835,0.509090909090909,0.14093959731543623,0.4909090909090909,0.7265710799267847,0.8663320143065654,0.6684211429406116,0.21077239513397217
stratified_group,hgb,111,11,2400,408,0.7704166666666666,0.7303921568627451,0,0.5,254,55,55,44,0.7573529411764706,0.6761744966442953,0.8220064724919094,0.8523489932885906,0.8369028006589786,0.6816092950663314,0.3647377146478314,0.5,0.1476510067114094,0.5,0.7407565588773641,0.8594983244437209,0.6732419707565993,0.22919509296157975
stratified_group,hgb,111,22,2400,408,0.7704166666666666,0.7303921568627451,0,0.5,254,55,55,44,0.7573529411764706,0.6761744966442953,0.8220064724919094,0.8523489932885906,0.8369028006589786,0.6816092950663314,0.3647377146478314,0.5,0.1476510067114094,0.5,0.7407565588773641,0.8594983244437209,0.6732419707565993,0.22919509296157975
stratified_group,mlp,111,11,2400,408,0.7704166666666666,0.7303921568627451,0,0.5,255,56,54,43,0.7573529411764706,0.6733068944478341,0.819935691318328,0.8557046979865772,0.8374384236453202,0.6795887770400514,0.36131354989121006,0.509090909090909,0.14429530201342283,0.4909090909090909,0.8068334350213545,0.9209585874962014,0.6533537526653999,0.1916024386882782
stratified_group,mlp,111,22,2400,408,0.7704166666666666,0.7303921568627451,0,0.5,257,57,53,41,0.7598039215686274,0.6721171446003661,0.8184713375796179,0.8624161073825504,0.8398692810457516,0.6797385620915033,0.3627687361954869,0.5181818181818182,0.13758389261744966,0.4818181818181818,0.7899328859060403,0.9089103484978176,0.6497917683810294,0.2001865804195404
stratified_group,majority,112,11,2284,524,0.7600700525394045,0.7843511450381679,0,0.5,411,113,0,0,0.7843511450381679,0.5,0.7843511450381679,1.0,0.879144385026738,0.439572192513369,0.0,1.0,0.0,0.0,0.5,0.7843511450381679,0.21564885496183206,0.21564885496183206
stratified_group,majority,112,22,2284,524,0.7600700525394045,0.7843511450381679,0,0.5,411,113,0,0,0.7843511450381679,0.5,0.7843511450381679,1.0,0.879144385026738,0.439572192513369,0.0,1.0,0.0,0.0,0.5,0.7843511450381679,0.21564885496183206,0.21564885496183206
stratified_group,stratified,112,11,2284,524,0.7600700525394045,0.7843511450381679,0,0.5,313,88,25,98,0.6450381679389313,0.49139805783433455,0.7805486284289277,0.7615571776155717,0.770935960591133,0.491400183685397,-0.016694057483819347,0.7787610619469026,0.2384428223844282,0.22123893805309736,0.49139805783433455,0.7814553112213986,0.2129061951296403,0.3549618320610687
stratified_group,stratified,112,22,2284,524,0.7600700525394045,0.7843511450381679,0,0.5,320,84,29,91,0.666030534351145,0.5176129879637406,0.7920792079207921,0.7785888077858881,0.7852760736196319,0.5171015561231207,0.03447798378486791,0.7433628318584071,0.22141119221411193,0.25663716814159293,0.5176129879637404,0.7903681283044447,0.22232599247900203,0.33396946564885494
stratified_group,logreg,112,11,2284,524,0.7600700525394045,0.7843511450381679,0,0.5,366,2,111,45,0.9103053435114504,0.9364059169304308,0.9945652173913043,0.8905109489051095,0.9396662387676509,0.8824725245882864,0.7850449967375055,0.017699115044247787,0.10948905109489052,0.9823008849557522,0.9840880218762784,0.9957788185598908,0.9330189406554804,0.06909597223399527
stratified_group,logreg,112,22,2284,524,0.7600700525394045,0.7843511450381679,0,0.5,366,2,111,45,0.9103053435114504,0.9364059169304308,0.9945652173913043,0.8905109489051095,0.9396662387676509,0.8824725245882864,0.7850449967375055,0.017699115044247787,0.10948905109489052,0.9823008849557522,0.9840880218762784,0.9957788185598908,0.9330189406554804,0.06909597223399527
stratified_group,tree,112,11,2284,524,0.7600700525394045,0.7843511450381679,0,0.5,356,13,100,55,0.8702290076335878,0.875567900437095,0.964769647696477,0.8661800486618005,0.9128205128205128,0.8295445847684654,0.6768611110167955,0.11504424778761062,0.13381995133819952,0.8849557522123894,0.8831040199814828,0.9437100444408325,0.6227522361245256,0.1293915088965995
stratified_group,tree,112,22,2284,524,0.7600700525394045,0.7843511450381679,0,0.5,376,13,100,35,0.9083969465648855,0.899898800680404,0.9665809768637532,0.9148418491484185,0.94,0.8732258064516129,0.7521397563820709,0.11504424778761062,0.0851581508515815,0.8849557522123894,0.9074349202247918,0.9541763537275959,0.7161808417212727,0.0912235699653018
stratified_group,rf,112,11,2284,524,0.7600700525394045,0.7843511450381679,0,0.5,408,3,110,3,0.9885496183206107,0.9830760286803177,0.9927007299270073,0.9927007299270073,0.9927007299270073,0.9830760286803177,0.9661520573606356,0.02654867256637168,0.0072992700729927005,0.9734513274336283,0.9992463880455611,0.9997972671547333,0.9972184088639321,0.02463003965219189
stratified_group,rf,112,22,2284,524,0.7600700525394045,0.7843511450381679,0,0.5,409,2,111,2,0.9923664122137404,0.9887173524535452,0.9951338199513382,0.9951338199513382,0.9951338199513382,0.9887173524535452,0.9774347049070904,0.017699115044247787,0.004866180048661801,0.9823008849557522,0.9996339599078441,0.9999007592894809,0.9986631628807812,0.022365763736183902
stratified_group,xgboost,112,11,2284,524,0.7600700525394045,0.7843511450381679,0,0.5,403,3,110,8,0.9790076335877863,0.9769933036194905,0.9926108374384236,0.9805352798053528,0.9865361077111383,0.9694585300460453,0.9392871696124825,0.02654867256637168,0.019464720194647202,0.9734513274336283,0.9983851172404884,0.9995590035373124,0.9944468781067521,0.016254058107733727
stratified_group,xgboost,112,22,2284,524,0.7600700525394045,0.7843511450381679,0,0.5,401,2,111,10,0.9770992366412213,0.9789849923562216,0.9950372208436724,0.975669099756691,0.9852579852579852,0.966987966987967,0.9349035876084731,0.017699115044247787,0.024330900243309004,0.9823008849557522,0.9975453782055422,0.9993279113052704,0.9917364690928826,0.0196689385920763
stratified_group,hgb,112,11,2284,524,0.7600700525394045,0.7843511450381679,0,0.5,403,2,111,8,0.9809160305343512,0.9814180823805525,0.9950617283950617,0.9805352798053528,0.9877450980392157,0.9723208248816768,0.9451734955043151,0.017699115044247787,0.019464720194647202,0.9823008849557522,0.9976745688263032,0.9993873400218547,0.9910272354661455,0.014710767113153576
stratified_group,hgb,112,22,2284,524,0.7600700525394045,0.7843511450381679,0,0.5,403,2,111,8,0.9809160305343512,0.9814180823805525,0.9950617283950617,0.9805352798053528,0.9877450980392157,0.9723208248816768,0.9451734955043151,0.017699115044247787,0.019464720194647202,0.9823008849557522,0.9976745688263032,0.9993873400218547,0.9910272354661455,0.014710767113153576
stratified_group,mlp,112,11,2284,524,0.7600700525394045,0.7843511450381679,0,0.5,383,1,112,28,0.9446564885496184,0.9615119608983054,0.9973958333333334,0.9318734793187348,0.9635220125786164,0.9244487533248813,0.8579134159736692,0.008849557522123894,0.0681265206812652,0.9911504424778761,0.9850569515319855,0.9962090228397267,0.9356988383839818,0.04807661473751068
stratified_group,mlp,112,22,2284,524,0.7600700525394045,0.7843511450381679,0,0.5,391,5,108,20,0.9522900763358778,0.9535452059513813,0.9873737373737373,0.9513381995133819,0.9690210656753407,0.9326433129206579,0.8682766686238361,0.04424778761061947,0.04866180048661801,0.9557522123893806,0.9825377344271472,0.9954706941135729,0.9312807851302805,0.04240667074918747
stratified_group,majority,113,11,2081,727,0.7381066794810187,0.8404401650618982,0,0.5,611,116,0,0,0.8404401650618982,0.5,0.8404401650618982,1.0,0.9133034379671151,0.45665171898355755,0.0,1.0,0.0,0.0,0.5,0.8404401650618982,0.15955983493810177,0.15955983493810177
stratified_group,majority,113,22,2081,727,0.7381066794810187,0.8404401650618982,0,0.5,611,116,0,0,0.8404401650618982,0.5,0.8404401650618982,1.0,0.9133034379671151,0.45665171898355755,0.0,1.0,0.0,0.0,0.5,0.8404401650618982,0.15955983493810177,0.15955983493810177
stratified_group,stratified,113,11,2081,727,0.7381066794810187,0.8404401650618982,0,0.5,449,86,30,162,0.6588720770288858,0.4967407867261132,0.8392523364485981,0.734860883797054,0.7835951134380453,0.4892001541216201,-0.005414581193075927,0.7413793103448276,0.265139116202946,0.25862068965517243,0.4967407867261132,0.839567276277329,0.15870384314376512,0.34112792297111416
stratified_group,stratified,113,22,2081,727,0.7381066794810187,0.8404401650618982,0,0.5,464,82,34,147,0.6850068775790922,0.5262571251199277,0.8498168498168498,0.7594108019639935,0.8020743301642178,0.5155152795602234,0.04447246072736211,0.7068965517241379,0.24058919803600654,0.29310344827586204,0.5262571251199277,0.8475609207514195,0.1678504034173798,0.3149931224209078
stratified_group,logreg,113,11,2081,727,0.7381066794810187,0.8404401650618982,0,0.5,467,40,76,144,0.7469050894085282,0.7097465996952423,0.9211045364891519,0.7643207855973814,0.8354203935599285,0.6439006729704404,0.3343945605286545,0.3448275862068966,0.23567921440261866,0.6551724137931034,0.8374343924600711,0.9634950632386262,0.6419418440304843,0.1550590111937625
stratified_group,logreg,113,22,2081,727,0.7381066794810187,0.8404401650618982,0,0.5,467,40,76,144,0.7469050894085282,0.7097465996952423,0.9211045364891519,0.7643207855973814,0.8354203935599285,0.6439006729704404,0.3343945605286545,0.3448275862068966,0.23567921440261866,0.6551724137931034,0.8374343924600711,0.9634950632386262,0.6419418440304843,0.1550590111937625
stratified_group,tree,113,11,2081,727,0.7381066794810187,0.8404401650618982,0,0.5,570,56,60,41,0.8665749656121046,0.7250691348270218,0.9105431309904153,0.9328968903436988,0.9215844785772029,0.737289935141136,0.4765930264252355,0.4827586206896552,0.06710310965630115,0.5172413793103449,0.7250691348270217,0.905839003980482,0.38430099235318405,0.13342503438789546
stratified_group,tree,113,22,2081,727,0.7381066794810187,0.8404401650618982,0,0.5,567,57,59,44,0.8610729023383769,0.7183037981827416,0.9086538461538461,0.9279869067103109,0.9182186234817814,0.7285157044349546,0.45849011852391336,0.49137931034482757,0.07201309328968904,0.5086206896551724,0.7183037981827416,0.9037415679737386,0.3697502335890187,0.13892709766162312
stratified_group,rf,113,11,2081,727,0.7381066794810187,0.8404401650618982,0,0.5,589,56,60,22,0.8927097661623109,0.7406174163327501,0.9131782945736434,0.9639934533551555,0.9378980891719745,0.7719793476162903,0.5570829555903173,0.4827586206896552,0.03600654664484452,0.5172413793103449,0.8662311642869238,0.9695602944010921,0.704773603570493,0.07987460814422757
stratified_group,rf,113,22,2081,727,0.7381066794810187,0.8404401650618982,0,0.5,583,56,60,28,0.8844566712517193,0.7357074326993622,0.9123630672926447,0.9541734860883797,0.9328,0.7605176470588235,0.5292502938799621,0.4827586206896552,0.04582651391162029,0.5172413793103449,0.8761075681471866,0.9724188928836655,0.7076693532621542,0.08257528186421431
stratified_group,xgboost,113,11,2081,727,0.7381066794810187,0.8404401650618982,0,0.5,592,56,60,19,0.8968363136176066,0.7430724081494442,0.9135802469135802,0.9689034369885434,0.9404289118347895,0.7779067636097025,0.572023947159808,0.4827586206896552,0.031096563011456628,0.5172413793103449,0.8683193182459505,0.9682660320593176,0.7091363320862379,0.08885732293128967
stratified_group,xgboost,113,22,2081,727,0.7381066794810187,0.8404401650618982,0,0.5,586,56,60,25,0.8885832187070152,0.7381624245160563,0.9127725856697819,0.9590834697217676,0.9353551476456504,0.7661850365093923,0.5428450241430196,0.4827586206896552,0.04091653027823241,0.5172413793103449,0.8728413002991139,0.9706853072006636,0.7115614289592319,0.09002528339624405
stratified_group,hgb,113,11,2081,727,0.7381066794810187,0.8404401650618982,0,0.5,600,56,60,11,0.9078404401650619,0.7496190529939613,0.9146341463414634,0.9819967266775778,0.9471191791633781,0.7944152045549511,0.6158518247731043,0.4827586206896552,0.01800327332242226,0.5172413793103449,0.838238613917264,0.9547591596677715,0.7032608275495945,0.08592308289129966
stratified_group,hgb,113,22,2081,727,0.7381066794810187,0.8404401650618982,0,0.5,600,56,60,11,0.9078404401650619,0.7496190529939613,0.9146341463414634,0.9819967266775778,0.9471191791633781,0.7944152045549511,0.6158518247731043,0.4827586206896552,0.01800327332242226,0.5172413793103449,0.838238613917264,0.9547591596677715,0.7032608275495945,0.08592308289129966
stratified_group,mlp,113,11,2081,727,0.7381066794810187,0.8404401650618982,0,0.5,557,53,63,54,0.8528198074277854,0.7273618714374401,0.9131147540983606,0.911620294599018,0.9123669123669124,0.7265697222778769,0.4531472850480285,0.45689655172413796,0.088379705400982,0.5431034482758621,0.810189626954117,0.9508505944243122,0.6459638116199659,0.11894501745700836
stratified_group,mlp,113,22,2081,727,0.7381066794810187,0.8404401650618982,0,0.5,556,56,60,55,0.8473177441540578,0.7136125063491168,0.9084967320261438,0.9099836333878887,0.9092395748160261,0.7143600471482727,0.42872779453063775,0.4827586206896552,0.09001636661211129,0.5172413793103449,0.766366612111293,0.9356133444575945,0.6172818951449794,0.12635678052902222
stratified_group,majority,114,11,1842,966,0.750814332247557,0.7908902691511387,0,0.5,764,202,0,0,0.7908902691511387,0.5,0.7908902691511387,1.0,0.8832369942196532,0.4416184971098266,0.0,1.0,0.0,0.0,0.5,0.7908902691511387,0.20910973084886128,0.20910973084886128
stratified_group,majority,114,22,1842,966,0.750814332247557,0.7908902691511387,0,0.5,764,202,0,0,0.7908902691511387,0.5,0.7908902691511387,1.0,0.8832369942196532,0.4416184971098266,0.0,1.0,0.0,0.0,0.5,0.7908902691511387,0.20910973084886128,0.20910973084886128
stratified_group,stratified,114,11,1842,966,0.750814332247557,0.7908902691511387,0,0.5,559,148,54,205,0.634575569358178,0.4995010626717122,0.7906647807637907,0.731675392670157,0.7600271923861319,0.49715025562907467,-0.0009160913193292927,0.7326732673267327,0.2683246073298429,0.26732673267326734,0.4995010626717122,0.7907252848467832,0.2089451852689046,0.36542443064182195
stratified_group,stratified,114,22,1842,966,0.750814332247557,0.7908902691511387,0,0.5,588,150,52,176,0.6625258799171843,0.5135296252138303,0.7967479674796748,0.7696335078534031,0.7829560585885486,0.5124082618524138,0.025914481364190438,0.7425742574257426,0.23036649214659685,0.25742574257425743,0.5135296252138303,0.795398550063677,0.21399063737691193,0.33747412008281574
stratified_group,logreg,114,11,1842,966,0.750814332247557,0.7908902691511387,0,0.5,655,125,77,109,0.7577639751552795,0.6192589808719091,0.8397435897435898,0.8573298429319371,0.8484455958549223,0.6226764061748838,0.24600259025601448,0.6188118811881188,0.14267015706806283,0.3811881188118812,0.6333523404696491,0.8547526088998234,0.49238647285340065,0.20188693994804033
stratified_group,logreg,114,22,1842,966,0.750814332247557,0.7908902691511387,0,0.5,655,125,77,109,0.7577639751552795,0.6192589808719091,0.8397435897435898,0.8573298429319371,0.8484455958549223,0.6226764061748838,0.24600259025601448,0.6188118811881188,0.14267015706806283,0.3811881188118812,0.6333523404696491,0.8547526088998234,0.49238647285340065,0.20188693994804033
stratified_group,tree,114,11,1842,966,0.750814332247557,0.7908902691511387,0,0.5,725,173,29,39,0.7805383022774327,0.5462586180083977,0.8073496659242761,0.9489528795811518,0.8724428399518652,0.5436288273833401,0.14707958267410215,0.8564356435643564,0.051047120418848166,0.14356435643564355,0.5462586180083977,0.8065094611151762,0.24031500245384418,0.2194616977225673
stratified_group,tree,114,22,1842,966,0.750814332247557,0.7908902691511387,0,0.5,725,173,29,39,0.7805383022774327,0.5462586180083977,0.8073496659242761,0.9489528795811518,0.8724428399518652,0.5436288273833401,0.14707958267410215,0.8564356435643564,0.051047120418848166,0.14356435643564355,0.5462586180083977,0.8065094611151762,0.24031500245384418,0.2194616977225673
stratified_group,rf,114,11,1842,966,0.750814332247557,0.7908902691511387,0,0.5,744,130,72,20,0.84472049689441,0.6651288165465761,0.851258581235698,0.9738219895287958,0.9084249084249084,0.6991104133961277,0.4575363445237879,0.6435643564356436,0.02617801047120419,0.3564356435643564,0.7088052718884454,0.8870843207238612,0.5450375606050467,0.14877319576301315
stratified_group,rf,114,22,1842,966,0.750814332247557,0.7908902691511387,0,0.5,735,131,71,29,0.8343685300207039,0.6567635166658027,0.848729792147806,0.9620418848167539,0.901840490797546,0.6860195831471174,0.41854138883279646,0.6485148514851485,0.03795811518324607,0.35148514851485146,0.703657145819294,0.8900687841374276,0.5337436174116827,0.15180273972318573
stratified_group,xgboost,114,11,1842,966,0.750814332247557,0.7908902691511387,0,0.5,715,129,73,49,0.8157349896480331,0.6486250064797056,0.8471563981042654,0.9358638743455497,0.8893034825870647,0.669960383268841,0.3639092607067926,0.6386138613861386,0.06413612565445026,0.3613861386138614,0.5939071328598827,0.8181226316488048,0.4929402717163081,0.16759315133094788
stratified_group,xgboost,114,22,1842,966,0.750814332247557,0.7908902691511387,0,0.5,684,124,78,80,0.7888198757763976,0.6407132859882847,0.8465346534653465,0.8952879581151832,0.8702290076335878,0.6517811704834606,0.3094234618779677,0.6138613861386139,0.10471204188481675,0.38613861386138615,0.5999915763827691,0.8263616090273938,0.49580112675601906,0.1741957664489746
stratified_group,hgb,114,11,1842,966,0.750814332247557,0.7908902691511387,0,0.5,735,127,75,29,0.8385093167701864,0.6666645067648126,0.8526682134570766,0.9620418848167539,0.9040590405904059,0.6971275595108892,0.4373460198420087,0.6287128712871287,0.03795811518324607,0.3712871287128713,0.6080620496604634,0.8099270383351665,0.512943458730155,0.1560302962325373
stratified_group,hgb,114,22,1842,966,0.750814332247557,0.7908902691511387,0,0.5,735,127,75,29,0.8385093167701864,0.6666645067648126,0.8526682134570766,0.9620418848167539,0.9040590405904059,0.6971275595108892,0.4373460198420087,0.6287128712871287,0.03795811518324607,0.3712871287128713,0.6080620496604634,0.8099270383351665,0.512943458730155,0.1560302962325373
stratified_group,mlp,114,11,1842,966,0.750814332247557,0.7908902691511387,0,0.5,627,130,72,137,0.7236024844720497,0.5885581359183039,0.8282694848084544,0.8206806282722513,0.8244575936883629,0.5874112785960063,0.17492816615189938,0.6435643564356436,0.1793193717277487,0.3564356435643564,0.5939557306515992,0.8499638515137217,0.4457473548933364,0.22402232885360718
stratified_group,mlp,114,22,1842,966,0.750814332247557,0.7908902691511387,0,0.5,618,128,74,146,0.7163561076604554,0.5876185786117879,0.8284182305630027,0.8089005235602095,0.8185430463576159,0.5846269734157747,0.16992912028907164,0.6336633663366337,0.19109947643979058,0.36633663366336633,0.5919146233995127,0.8440308940838928,0.4407868334890789,0.22873613238334656
stratified_group,majority,115,11,2022,786,0.7116716122650841,0.9007633587786259,0,0.5,708,78,0,0,0.9007633587786259,0.5,0.9007633587786259,1.0,0.9477911646586346,0.4738955823293173,0.0,1.0,0.0,0.0,0.5,0.9007633587786259,0.09923664122137404,0.09923664122137404
stratified_group,majority,115,22,2022,786,0.7116716122650841,0.9007633587786259,0,0.5,708,78,0,0,0.9007633587786259,0.5,0.9007633587786259,1.0,0.9477911646586346,0.4738955823293173,0.0,1.0,0.0,0.0,0.5,0.9007633587786259,0.09923664122137404,0.09923664122137404
stratified_group,stratified,115,11,2022,786,0.7116716122650841,0.9007633587786259,0,0.5,509,51,27,199,0.6819338422391857,0.5325401999130812,0.9089285714285714,0.7189265536723164,0.8028391167192429,0.4902353478333057,0.04298984799300486,0.6538461538461539,0.2810734463276836,0.34615384615384615,0.5325401999130812,0.9066335469690529,0.10624015921928506,0.31806615776081426
stratified_group,stratified,115,22,2022,786,0.7116716122650841,0.9007633587786259,0,0.5,513,56,22,195,0.6806615776081425,0.5033137766188613,0.9015817223198594,0.7245762711864406,0.8034455755677369,0.4762990589703091,0.004432320484691308,0.717948717948718,0.2754237288135593,0.28205128205128205,0.5033137766188613,0.9013563255818078,0.09984188019154776,0.3193384223918575
stratified_group,logreg,115,11,2022,786,0.7116716122650841,0.9007633587786259,0,0.5,417,7,71,291,0.6208651399491094,0.7496197305519339,0.9834905660377359,0.5889830508474576,0.7367491166077739,0.5297381946675233,0.29945779495533653,0.08974358974358974,0.4110169491525424,0.9102564102564102,0.8364479211936839,0.9778754097971639,0.6300312361140675,0.2882340040404502
stratified_group,logreg,115,22,2022,786,0.7116716122650841,0.9007633587786259,0,0.5,417,7,71,291,0.6208651399491094,0.7496197305519339,0.9834905660377359,0.5889830508474576,0.7367491166077739,0.5297381946675233,0.29945779495533653,0.08974358974358974,0.4110169491525424,0.9102564102564102,0.8364479211936839,0.9778754097971639,0.6300312361140675,0.2882340040404502
stratified_group,tree,115,11,2022,786,0.7116716122650841,0.9007633587786259,0,0.5,571,19,59,137,0.8015267175572519,0.7814537157757497,0.9677966101694915,0.806497175141243,0.8798151001540832,0.6552360172303262,0.3889975544229352,0.24358974358974358,0.19350282485875706,0.7564102564102564,0.7871577574967406,0.956039628981879,0.26500042403699814,0.19041644726122853
stratified_group,tree,115,22,2022,786,0.7116716122650841,0.9007633587786259,0,0.5,614,21,57,94,0.8536895674300254,0.7990004345936549,0.9669291338582677,0.867231638418079,0.9143708116157856,0.7060937027511243,0.45382708242681397,0.2692307692307692,0.1327683615819209,0.7307692307692307,0.8048583949007678,0.959344127519694,0.325025177670033,0.13825359738845497
stratified_group,rf,115,11,2022,786,0.7116716122650841,0.9007633587786259,0,0.5,615,22,56,93,0.8536895674300254,0.7932963928726641,0.9654631083202512,0.8686440677966102,0.9144981412639405,0.703945105874261,0.4474430815140873,0.28205128205128205,0.13135593220338984,0.717948717948718,0.9116326234970302,0.9885560773033628,0.7556601064946555,0.10218095750007967
stratified_group,rf,115,22,2022,786,0.7116716122650841,0.9007633587786259,0,0.5,608,22,56,100,0.8447837150127226,0.7883528900478053,0.9650793650793651,0.8587570621468926,0.9088191330343797,0.6937258058334291,0.4323004229968907,0.28205128205128205,0.14124293785310735,0.717948717948718,0.9127191076343619,0.9887173569221124,0.7560021340175458,0.10361785404905298
stratified_group,xgboost,115,11,2022,786,0.7116716122650841,0.9007633587786259,0,0.5,597,16,62,111,0.8384223918575063,0.8190460669274229,0.9738988580750407,0.8432203389830508,0.9038607115821348,0.6989423079823025,0.46046225096782023,0.20512820512820512,0.15677966101694915,0.7948717948717948,0.9247971896276981,0.9907465162875945,0.7480239510697363,0.1357521116733551
stratified_group,xgboost,115,22,2022,786,0.7116716122650841,0.9007633587786259,0,0.5,603,16,62,105,0.8460559796437659,0.8232833550630161,0.9741518578352181,0.8516949152542372,0.908816880180859,0.7074696645802254,0.47257822893476586,0.20512820512820512,0.1483050847457627,0.7948717948717948,0.9362414892075909,0.9922767704816258,0.7687783890268028,0.12332873791456223
stratified_group,hgb,115,11,2022,786,0.7116716122650841,0.9007633587786259,0,0.5,623,21,57,85,0.8651399491094147,0.8053563667970447,0.967391304347826,0.8799435028248588,0.9215976331360947,0.7198897256589565,0.4745847727821332,0.2692307692307692,0.12005649717514125,0.7307692307692307,0.9441003911342895,0.9933522205843583,0.7816705930459424,0.1236751908255033
stratified_group,hgb,115,22,2022,786,0.7116716122650841,0.9007633587786259,0,0.5,623,21,57,85,0.8651399491094147,0.8053563667970447,0.967391304347826,0.8799435028248588,0.9215976331360947,0.7198897256589565,0.4745847727821332,0.2692307692307692,0.12005649717514125,0.7307692307692307,0.9441003911342895,0.9933522205843583,0.7816705930459424,0.1236751908255033
stratified_group,mlp,115,11,2022,786,0.7116716122650841,0.9007633587786259,0,0.5,656,9,69,52,0.9223918575063613,0.9055845284658843,0.9864661654135338,0.9265536723163842,0.9555717407137655,0.8245195386985913,0.6720039069142685,0.11538461538461539,0.07344632768361582,0.8846153846153846,0.9706106040851803,0.9965333675242409,0.8686345431749543,0.05870847776532173
stratified_group,mlp,115,22,2022,786,0.7116716122650841,0.9007633587786259,0,0.5,663,13,65,45,0.926208651399491,0.8848870056497176,0.9807692307692307,0.9364406779661016,0.958092485549133,0.8247909236256303,0.6633725309743014,0.16666666666666666,0.0635593220338983,0.8333333333333334,0.9696146602926263,0.9963722618409263,0.8638790087166158,0.05768275633454323
stratified_group,majority,116,11,1946,862,0.7183967112024666,0.8689095127610209,0,0.5,749,113,0,0,0.8689095127610209,0.5,0.8689095127610209,1.0,0.9298572315332092,0.4649286157666046,0.0,1.0,0.0,0.0,0.5,0.8689095127610209,0.13109048723897912,0.13109048723897912
stratified_group,majority,116,22,1946,862,0.7183967112024666,0.8689095127610209,0,0.5,749,113,0,0,0.8689095127610209,0.5,0.8689095127610209,1.0,0.9298572315332092,0.4649286157666046,0.0,1.0,0.0,0.0,0.5,0.8689095127610209,0.13109048723897912,0.13109048723897912
stratified_group,stratified,116,11,1946,862,0.7183967112024666,0.8689095127610209,0,0.5,532,79,34,217,0.6566125290023201,0.5055826647919941,0.8707037643207856,0.7102803738317757,0.7823529411764706,0.4845830639948287,0.008294576406459295,0.6991150442477876,0.2897196261682243,0.3008849557522124,0.5055826647919941,0.8701839344296388,0.13240465647010954,0.3433874709976798
stratified_group,stratified,116,22,1946,862,0.7183967112024666,0.8689095127610209,0,0.5,540,80,33,209,0.6647331786542924,0.5064983399695169,0.8709677419354839,0.7209612817089452,0.7888970051132214,0.4874062490354839,0.009761330711826301,0.7079646017699115,0.27903871829105475,0.2920353982300885,0.5064983399695169,0.8703934163046925,0.13263043344352504,0.3352668213457077
stratified_group,logreg,116,11,1946,862,0.7183967112024666,0.8689095127610209,0,0.5,449,0,113,300,0.6519721577726219,0.7997329773030708,1.0,0.5994659546061415,0.7495826377295493,0.5896202162031776,0.40499201220859893,0.0,0.40053404539385845,1.0,0.99233195883597,0.9987487439327394,0.9700529442609012,0.26361516501850496
stratified_group,logreg,116,22,1946,862,0.7183967112024666,0.8689095127610209,0,0.5,449,0,113,300,0.6519721577726219,0.7997329773030708,1.0,0.5994659546061415,0.7495826377295493,0.5896202162031776,0.40499201220859893,0.0,0.40053404539385845,1.0,0.99233195883597,0.9987487439327394,0.9700529442609012,0.26361516501850496
stratified_group,tree,116,11,1946,862,0.7183967112024666,0.8689095127610209,0,0.5,599,43,70,150,0.7761020881670534,0.7096010019258716,0.9330218068535826,0.7997329773030708,0.8612508986340762,0.6408356595272483,0.32450741592398463,0.3805309734513274,0.20026702269692923,0.6194690265486725,0.7145633706298664,0.9212290844334163,0.2583591438846762,0.2171613990904852
stratified_group,tree,116,22,1946,862,0.7183967112024666,0.8689095127610209,0,0.5,620,43,70,129,0.8004640371229699,0.7236196935146567,0.9351432880844646,0.8277703604806409,0.8781869688385269,0.6634524587782378,0.35820931215618207,0.3805309734513274,0.17222963951935916,0.6194690265486725,0.7285820622186514,0.9248154968771202,0.28177079210111355,0.19279945013456873
stratified_group,rf,116,11,1946,862,0.7183967112024666,0.8689095127610209,0,0.5,642,0,113,107,0.8758700696055685,0.9285714285714286,1.0,0.8571428571428571,0.9230769230769231,0.8008778008778009,0.6635207157728689,0.0,0.14285714285714285,1.0,0.9922965133452273,0.9988299900582736,0.9595294317614144,0.08413154332074534
stratified_group,rf,116,22,1946,862,0.7183967112024666,0.8689095127610209,0,0.5,642,0,113,107,0.8758700696055685,0.9285714285714286,1.0,0.8571428571428571,0.9230769230769231,0.8008778008778009,0.6635207157728689,0.0,0.14285714285714285,1.0,0.9982868012807637,0.9997431589989954,0.9892747382128733,0.07748654810494905
stratified_group,xgboost,116,11,1946,862,0.7183967112024666,0.8689095127610209,0,0.5,624,0,113,125,0.8549883990719258,0.9165554072096128,1.0,0.8331108144192256,0.9089584850691915,0.7764165644719176,0.628929736591292,0.0,0.16688918558077437,1.0,0.992532816616846,0.9988787815781557,0.9574203313016135,0.11215569078922272
stratified_group,xgboost,116,22,1946,862,0.7183967112024666,0.8689095127610209,0,0.5,619,0,113,130,0.8491879350348028,0.9132176234979974,1.0,0.8264352469959947,0.9049707602339181,0.7699011104540376,0.6199269268983326,0.0,0.17356475300400534,1.0,0.9912331486229428,0.9986950446147249,0.9470868695916981,0.12056073546409607
stratified_group,hgb,116,11,1946,862,0.7183967112024666,0.8689095127610209,0,0.5,663,0,113,86,0.9002320185614849,0.9425901201602136,1.0,0.8851802403204272,0.9390934844192634,0.8317262293891189,0.7089711108083641,0.0,0.11481975967957277,1.0,0.9929227170150171,0.9989361428140116,0.9598399786814424,0.08925337524108784
stratified_group,hgb,116,22,1946,862,0.7183967112024666,0.8689095127610209,0,0.5,663,0,113,86,0.9002320185614849,0.9425901201602136,1.0,0.8851802403204272,0.9390934844192634,0.8317262293891189,0.7089711108083641,0.0,0.11481975967957277,1.0,0.9929227170150171,0.9989361428140116,0.9598399786814424,0.08925337524108784
stratified_group,mlp,116,11,1946,862,0.7183967112024666,0.8689095127610209,0,0.5,658,0,113,91,0.894431554524362,0.9392523364485981,1.0,0.8785046728971962,0.9353233830845771,0.8241285685138974,0.6975834620013297,0.0,0.12149532710280374,1.0,0.9972588820492221,0.9995873824200988,0.9836074606269822,0.08441368490457535
stratified_group,mlp,116,22,1946,862,0.7183967112024666,0.8689095127610209,0,0.5,613,0,113,136,0.8422273781902552,0.9092122830440588,1.0,0.8184245660881175,0.9001468428781204,0.7622281175716569,0.6094370829743183,0.0,0.18157543391188252,1.0,0.999409241820953,0.9999109574397005,0.9963174206620636,0.10542136430740356
stratified_group,majority,117,11,2013,795,0.711872826626925,0.8981132075471698,0,0.5,714,81,0,0,0.8981132075471698,0.5,0.8981132075471698,1.0,0.9463220675944334,0.4731610337972167,0.0,1.0,0.0,0.0,0.5,0.8981132075471698,0.1018867924528302,0.1018867924528302
stratified_group,majority,117,22,2013,795,0.711872826626925,0.8981132075471698,0,0.5,714,81,0,0,0.8981132075471698,0.5,0.8981132075471698,1.0,0.9463220675944334,0.4731610337972167,0.0,1.0,0.0,0.0,0.5,0.8981132075471698,0.1018867924528302,0.1018867924528302
stratified_group,stratified,117,11,2013,795,0.711872826626925,0.8981132075471698,0,0.5,512,53,28,202,0.6792452830188679,0.5313829235397862,0.9061946902654867,0.7170868347338936,0.800625488663018,0.490344898672345,0.04187230490934674,0.654320987654321,0.28291316526610644,0.345679012345679,0.5313829235397863,0.9039083324096044,0.1087493290391841,0.32075471698113206
stratified_group,stratified,117,22,2013,795,0.711872826626925,0.8981132075471698,0,0.5,517,59,22,197,0.6779874213836478,0.4978472870629733,0.8975694444444444,0.7240896358543417,0.8015503875968992,0.474108527131783,-0.0029152407944314585,0.7283950617283951,0.2759103641456583,0.2716049382716049,0.4978472870629733,0.8977194743201264,0.10149835082490664,0.3220125786163522
stratified_group,logreg,117,11,2013,795,0.711872826626925,0.8981132075471698,0,0.5,420,5,76,294,0.6238993710691824,0.7632534495279593,0.9882352941176471,0.5882352941176471,0.7374890254609306,0.5372589251473168,0.3193010558029855,0.06172839506172839,0.4117647058823529,0.9382716049382716,0.8825950133139676,0.9824787171354428,0.7588518818570322,0.2933194821533004
stratified_group,logreg,117,22,2013,795,0.711872826626925,0.8981132075471698,0,0.5,420,5,76,294,0.6238993710691824,0.7632534495279593,0.9882352941176471,0.5882352941176471,0.7374890254609306,0.5372589251473168,0.3193010558029855,0.06172839506172839,0.4117647058823529,0.9382716049382716,0.8825950133139676,0.9824787171354428,0.7588518818570322,0.2933194821533004
stratified_group,tree,117,11,2013,795,0.711872826626925,0.8981132075471698,0,0.5,631,19,62,83,0.8716981132075472,0.8245928000829961,0.9707692307692307,0.8837535014005602,0.9252199413489736,0.7369462538603275,0.5085337883370658,0.2345679012345679,0.11624649859943978,0.7654320987654321,0.8251288169588824,0.962425044490696,0.35346041359318786,0.12768146279407522
stratified_group,tree,117,22,2013,795,0.711872826626925,0.8981132075471698,0,0.5,626,21,60,88,0.8628930817610063,0.8087457205104264,0.9675425038639877,0.876750700280112,0.919911829537105,0.7219646483930067,0.47988763468177814,0.25925925925925924,0.12324929971988796,0.7407407407407407,0.8087457205104264,0.9589853917128952,0.32671539463992294,0.1371069182389937
stratified_group,rf,117,11,2013,795,0.711872826626925,0.8981132075471698,0,0.5,613,21,60,101,0.8465408805031447,0.7996420790538437,0.9668769716088328,0.8585434173669467,0.9094955489614244,0.7026816587782329,0.4510937872689613,0.25925925925925924,0.14145658263305322,0.7407407407407407,0.9050212677663658,0.9863785739973188,0.78479152848142,0.11985058073529771
stratified_group,rf,117,22,2013,795,0.711872826626925,0.8981132075471698,0,0.5,619,21,60,95,0.8540880503144654,0.8038437597261127,0.9671875,0.8669467787114846,0.914327917282127,0.7114012467766567,0.46399798681202215,0.25925925925925924,0.1330532212885154,0.7407407407407407,0.8975689041048518,0.984926344684024,0.7831540559807485,0.11050842287812826
stratified_group,xgboost,117,11,2013,795,0.711872826626925,0.8981132075471698,0,0.5,595,19,62,119,0.8264150943396227,0.7993827160493827,0.9690553745928339,0.8333333333333334,0.8960843373493976,0.6846833900487446,0.4319414303040349,0.2345679012345679,0.16666666666666666,0.7654320987654321,0.9142027181242868,0.9882969495027962,0.7871762142259964,0.1430402398109436
stratified_group,xgboost,117,22,2013,795,0.711872826626925,0.8981132075471698,0,0.5,593,19,62,121,0.8238993710691824,0.7979821558252931,0.9689542483660131,0.8305322128851541,0.8944193061840121,0.6820581379404909,0.4282630571631896,0.2345679012345679,0.16946778711484595,0.7654320987654321,0.9247674378393332,0.9901508286838958,0.7935799871490938,0.14324142038822174
stratified_group,hgb,117,11,2013,795,0.711872826626925,0.8981132075471698,0,0.5,618,18,63,96,0.8566037735849057,0.8216619981325863,0.9716981132075472,0.865546218487395,0.9155555555555556,0.7202777777777778,0.48651277256732783,0.2222222222222222,0.13445378151260504,0.7777777777777778,0.9349344676142062,0.9913622945749911,0.8041090086201799,0.13010287753518798
stratified_group,hgb,117,22,2013,795,0.711872826626925,0.8981132075471698,0,0.5,618,18,63,96,0.8566037735849057,0.8216619981325863,0.9716981132075472,0.865546218487395,0.9155555555555556,0.7202777777777778,0.48651277256732783,0.2222222222222222,0.13445378151260504,0.7777777777777778,0.9349344676142062,0.9913622945749911,0.8041090086201799,0.13010287753518798
stratified_group,mlp,117,11,2013,795,0.711872826626925,0.8981132075471698,0,0.5,653,6,75,61,0.9157232704402516,0.9202458761282291,0.9908952959028832,0.9145658263305322,0.9512017479970867,0.8212229938142115,0.675169647069105,0.07407407407407407,0.08543417366946779,0.9259259259259259,0.9742538990905004,0.9964884088618429,0.9114642433108198,0.07545565068721771
stratified_group,mlp,117,22,2013,795,0.711872826626925,0.8981132075471698,0,0.5,615,5,76,99,0.869182389937107,0.8998080713766988,0.9919354838709677,0.8613445378151261,0.9220389805097451,0.7578944902548725,0.5837922151157702,0.06172839506172839,0.13865546218487396,0.9382716049382716,0.9661963550852439,0.9951098909036971,0.889464309588383,0.09757725894451141
stratified_group,majority,118,11,2382,426,0.7858942065491183,0.6455399061032864,0,0.5,275,151,0,0,0.6455399061032864,0.5,0.6455399061032864,1.0,0.7845934379457917,0.39229671897289586,0.0,1.0,0.0,0.0,0.5,0.6455399061032864,0.3544600938967136,0.3544600938967136
stratified_group,majority,118,22,2382,426,0.7858942065491183,0.6455399061032864,0,0.5,275,151,0,0,0.6455399061032864,0.5,0.6455399061032864,1.0,0.7845934379457917,0.39229671897289586,0.0,1.0,0.0,0.0,0.5,0.6455399061032864,0.3544600938967136,0.3544600938967136
stratified_group,stratified,118,11,2382,426,0.7858942065491183,0.6455399061032864,0,0.5,219,117,34,56,0.5938967136150235,0.5107645996387719,0.6517857142857143,0.7963636363636364,0.7168576104746317,0.4995076434115897,0.02522852179528164,0.7748344370860927,0.20363636363636364,0.2251655629139073,0.5107645996387719,0.6505138406194745,0.35971043331364194,0.4061032863849765
stratified_group,stratified,118,22,2382,426,0.7858942065491183,0.6455399061032864,0,0.5,224,117,34,51,0.6056338028169014,0.5198555087296809,0.656891495601173,0.8145454545454546,0.7272727272727273,0.5077041602465331,0.047531244199025435,0.7748344370860927,0.18545454545454546,0.2251655629139073,0.5198555087296809,0.6547862917306558,0.3647141124895066,0.39436619718309857
stratified_group,logreg,118,11,2382,426,0.7858942065491183,0.6455399061032864,0,0.5,244,47,104,31,0.8169014084507042,0.7880072245635159,0.8384879725085911,0.8872727272727273,0.8621908127208481,0.7947317699967877,0.5922087494877313,0.31125827814569534,0.11272727272727273,0.6887417218543046,0.9082721252257676,0.948955480542327,0.8713394243910529,0.1196025977649594
stratified_group,logreg,118,22,2382,426,0.7858942065491183,0.6455399061032864,0,0.5,244,47,104,31,0.8169014084507042,0.7880072245635159,0.8384879725085911,0.8872727272727273,0.8621908127208481,0.7947317699967877,0.5922087494877313,0.31125827814569534,0.11272727272727273,0.6887417218543046,0.9082721252257676,0.948955480542327,0.8713394243910529,0.1196025977649594
stratified_group,tree,118,11,2382,426,0.7858942065491183,0.6455399061032864,0,0.5,239,58,93,36,0.7793427230046949,0.7424924744130043,0.8047138047138047,0.8690909090909091,0.8356643356643356,0.749975024975025,0.5049053837275161,0.3841059602649007,0.13090909090909092,0.6158940397350994,0.7455749548464781,0.7850884738750542,0.5943754003046979,0.21714955982360168
stratified_group,tree,118,22,2382,426,0.7858942065491183,0.6455399061032864,0,0.5,236,56,95,39,0.7769953051643192,0.7436604455147502,0.8082191780821918,0.8581818181818182,0.8324514991181657,0.7495590828924161,0.5020257865709242,0.3708609271523179,0.14181818181818182,0.6291390728476821,0.746887417218543,0.7864268051508033,0.5912108753728005,0.21949697766397727
stratified_group,rf,118,11,2382,426,0.7858942065491183,0.6455399061032864,0,0.5,257,56,95,18,0.8262910798122066,0.7818422636965683,0.8210862619808307,0.9345454545454546,0.8741496598639455,0.7969233147804576,0.6107725974883939,0.3708609271523179,0.06545454545454546,0.6291390728476821,0.8890547862733292,0.9272888225839082,0.8608702511473042,0.12894555571813046
stratified_group,rf,118,22,2382,426,0.7858942065491183,0.6455399061032864,0,0.5,257,56,95,18,0.8262910798122066,0.7818422636965683,0.8210862619808307,0.9345454545454546,0.8741496598639455,0.7969233147804576,0.6107725974883939,0.3708609271523179,0.06545454545454546,0.6291390728476821,0.8946417820590006,0.9325512275166765,0.8652802987121789,0.1271846790099673
stratified_group,xgboost,118,11,2382,426,0.7858942065491183,0.6455399061032864,0,0.5,242,53,98,33,0.7981220657276995,0.7645033112582782,0.8203389830508474,0.88,0.8491228070175438,0.7720791340052258,0.5483644267183394,0.3509933774834437,0.12,0.6490066225165563,0.8318603251053582,0.871107247291333,0.8233855264184323,0.17817050218582153
stratified_group,xgboost,118,22,2382,426,0.7858942065491183,0.6455399061032864,0,0.5,246,56,95,29,0.8004694835680751,0.7618422636965683,0.8145695364238411,0.8945454545454545,0.8526863084922011,0.7717976997006459,0.5514552162216391,0.3708609271523179,0.10545454545454545,0.6291390728476821,0.8439253461770018,0.8835123047774613,0.8322960974708498,0.17007863521575928
stratified_group,hgb,118,11,2382,426,0.7858942065491183,0.6455399061032864,0,0.5,239,54,97,36,0.7887323943661971,0.755737507525587,0.8156996587030717,0.8690909090909091,0.8415492957746479,0.7623239436619718,0.5279826041037086,0.3576158940397351,0.13090909090909092,0.6423841059602649,0.8684166164960867,0.9035617835912255,0.8502359205365098,0.20252389769240448
stratified_group,hgb,118,22,2382,426,0.7858942065491183,0.6455399061032864,0,0.5,239,54,97,36,0.7887323943661971,0.755737507525587,0.8156996587030717,0.8690909090909091,0.8415492957746479,0.7623239436619718,0.5279826041037086,0.3576158940397351,0.13090909090909092,0.6423841059602649,0.8684166164960867,0.9035617835912255,0.8502359205365098,0.20252389769240448
stratified_group,mlp,118,11,2382,426,0.7858942065491183,0.6455399061032864,0,0.5,256,50,101,19,0.8380281690140845,0.7998916315472606,0.8366013071895425,0.9309090909090909,0.8812392426850258,0.8133133482797823,0.637819550195811,0.33112582781456956,0.06909090909090909,0.6688741721854304,0.9031186032510535,0.9425117659146094,0.8743942159359299,0.12246561050415039
stratified_group,mlp,118,22,2382,426,0.7858942065491183,0.6455399061032864,0,0.5,245,55,96,30,0.8004694835680751,0.7633353401565321,0.8166666666666667,0.8909090909090909,0.8521739130434782,0.7726573536336525,0.5520114200769907,0.36423841059602646,0.10909090909090909,0.6357615894039735,0.8668994581577364,0.9166977381203378,0.8436978687615695,0.1644584983587265
stratified_group,majority,119,11,1891,917,0.7102062400846113,0.8767720828789531,0,0.5,804,113,0,0,0.8767720828789531,0.5,0.8767720828789531,1.0,0.9343404997094712,0.4671702498547356,0.0,1.0,0.0,0.0,0.5,0.8767720828789531,0.12322791712104689,0.12322791712104689
stratified_group,majority,119,22,1891,917,0.7102062400846113,0.8767720828789531,0,0.5,804,113,0,0,0.8767720828789531,0.5,0.8767720828789531,1.0,0.9343404997094712,0.4671702498547356,0.0,1.0,0.0,0.0,0.5,0.8767720828789531,0.12322791712104689,0.12322791712104689
stratified_group,stratified,119,11,1891,917,0.7102062400846113,0.8767720828789531,0,0.5,570,77,36,234,0.6608505997818975,0.5137696473385286,0.8809891808346213,0.7089552238805971,0.7856650585802895,0.4868273073580298,0.019860310626665184,0.6814159292035398,0.291044776119403,0.3185840707964602,0.5137696473385287,0.8797618165042402,0.12644734175504962,0.3391494002181025
stratified_group,stratified,119,22,1891,917,0.7102062400846113,0.8767720828789531,0,0.5,578,80,33,226,0.6663031624863686,0.5054704354334523,0.878419452887538,0.7189054726368159,0.7906976744186046,0.4840585146286571,0.007988335739716424,0.7079646017699115,0.2810945273631841,0.2920353982300885,0.5054704354334523,0.8779563861935826,0.1244501466753713,0.3336968375136314
stratified_group,logreg,119,11,1891,917,0.7102062400846113,0.8767720828789531,0,0.5,468,0,113,336,0.6335877862595419,0.791044776119403,1.0,0.582089552238806,0.7358490566037735,0.5689921439602498,0.3827462579858802,0.0,0.417910447761194,1.0,0.9920420023774931,0.9987854633781923,0.969122711337028,0.27138369553554703
stratified_group,logreg,119,22,1891,917,0.7102062400846113,0.8767720828789531,0,0.5,468,0,113,336,0.6335877862595419,0.791044776119403,1.0,0.582089552238806,0.7358490566037735,0.5689921439602498,0.3827462579858802,0.0,0.417910447761194,1.0,0.9920420023774931,0.9987854633781923,0.969122711337028,0.27138369553554703
stratified_group,tree,119,11,1891,917,0.7102062400846113,0.8767720828789531,0,0.5,683,44,69,121,0.8200654307524536,0.7300609782943688,0.9394773039889959,0.849502487562189,0.8922273024167211,0.6738364234855883,0.3731609569212112,0.3893805309734513,0.15049751243781095,0.6106194690265486,0.7215856557918373,0.9275731536433331,0.2697338326563555,0.17997483749473292
stratified_group,tree,119,22,1891,917,0.7102062400846113,0.8767720828789531,0,0.5,684,44,69,120,0.8211559432933478,0.7306828688416325,0.9395604395604396,0.8507462686567164,0.8929503916449086,0.6749520170145074,0.37490047772086027,0.3893805309734513,0.14925373134328357,0.6106194690265486,0.722207546339101,0.9277250200544036,0.2709071198566571,0.17888432495383869
stratified_group,rf,119,11,1891,917,0.7102062400846113,0.8767720828789531,0,0.5,690,0,113,114,0.8756815703380589,0.9291044776119404,1.0,0.8582089552238806,0.9236947791164659,0.7942003307347035,0.6536162096496181,0.0,0.1417910447761194,1.0,0.9940232465988641,0.9991540379399151,0.9657077272950592,0.08029759407667082
stratified_group,rf,119,22,1891,917,0.7102062400846113,0.8767720828789531,0,0.5,687,0,113,117,0.8724100327153762,0.9272388059701493,1.0,0.8544776119402985,0.9215291750503019,0.7902106516650926,0.6479263583666901,0.0,0.1455223880597015,1.0,0.996686919385374,0.9995282802985832,0.9808578584558891,0.07933246740634585
stratified_group,xgboost,119,11,1891,917,0.7102062400846113,0.8767720828789531,0,0.5,680,0,113,124,0.8647764449291166,0.9228855721393034,1.0,0.845771144278607,0.9164420485175202,0.7810781671159029,0.635025961472956,0.0,0.15422885572139303,1.0,0.9955422005019152,0.9993790332939168,0.9707508385290962,0.10879262536764145
stratified_group,xgboost,119,22,1891,917,0.7102062400846113,0.8767720828789531,0,0.5,674,0,113,130,0.8582333696837514,0.9191542288557214,1.0,0.8383084577114428,0.912043301759134,0.7734373812166456,0.6243642222141187,0.0,0.16169154228855723,1.0,0.9894994056267336,0.9985343821394976,0.9361949848597678,0.10931331664323807
stratified_group,hgb,119,11,1891,917,0.7102062400846113,0.8767720828789531,0,0.5,717,0,113,87,0.9051254089422028,0.9458955223880596,1.0,0.8917910447761194,0.9428007889546351,0.83242275869457,0.7098323325254405,0.0,0.10820895522388059,1.0,0.9944415092678202,0.9992228899416102,0.9653782034514691,0.08794523906148843
stratified_group,hgb,119,22,1891,917,0.7102062400846113,0.8767720828789531,0,0.5,717,0,113,87,0.9051254089422028,0.9458955223880596,1.0,0.8917910447761194,0.9428007889546351,0.83242275869457,0.7098323325254405,0.0,0.10820895522388059,1.0,0.9944415092678202,0.9992228899416102,0.9653782034514691,0.08794523906148843
stratified_group,mlp,119,11,1891,917,0.7102062400846113,0.8767720828789531,0,0.5,695,0,113,109,0.88113413304253,0.9322139303482587,1.0,0.8644278606965174,0.9272848565710473,0.8009558611213445,0.66332614054695,0.0,0.13557213930348258,1.0,0.996004490820235,0.9994381081708874,0.9753433475132796,0.09632186591625214
stratified_group,mlp,119,22,1891,917,0.7102062400846113,0.8767720828789531,0,0.5,552,0,113,252,0.7251908396946565,0.8432835820895522,1.0,0.6865671641791045,0.8141592920353983,0.6434813196578665,0.46103543248446066,0.0,0.31343283582089554,1.0,0.9972592788271035,0.9996063778594162,0.9852940642726477,0.1731349527835846
stratified_group,majority,120,11,2142,666,0.7432306255835668,0.8333333333333334,0,0.5,555,111,0,0,0.8333333333333334,0.5,0.8333333333333334,1.0,0.9090909090909091,0.45454545454545453,0.0,1.0,0.0,0.0,0.5,0.8333333333333334,0.16666666666666666,0.16666666666666666
stratified_group,majority,120,22,2142,666,0.7432306255835668,0.8333333333333334,0,0.5,555,111,0,0,0.8333333333333334,0.5,0.8333333333333334,1.0,0.9090909090909091,0.45454545454545453,0.0,1.0,0.0,0.0,0.5,0.8333333333333334,0.16666666666666666,0.16666666666666666
stratified_group,stratified,120,11,2142,666,0.7432306255835668,0.8333333333333334,0,0.5,408,84,27,147,0.6531531531531531,0.4891891891891892,0.8292682926829268,0.7351351351351352,0.7793696275071633,0.48442165585884484,-0.018341678147732857,0.7567567567567568,0.2648648648648649,0.24324324324324326,0.4891891891891892,0.8303449791254669,0.16387076731904318,0.34684684684684686
stratified_group,stratified,120,22,2142,666,0.7432306255835668,0.8333333333333334,0,0.5,423,79,32,132,0.6831831831831832,0.5252252252252252,0.8426294820717132,0.7621621621621621,0.8003784295175024,0.5165528511223876,0.04364145752254901,0.7117117117117117,0.23783783783783785,0.2882882882882883,0.5252252252252252,0.840418506155558,0.1748699919431627,0.31681681681681684
stratified_group,logreg,120,11,2142,666,0.7432306255835668,0.8333333333333334,0,0.5,257,3,108,298,0.5480480480480481,0.718018018018018,0.9884615384615385,0.46306306306306305,0.6306748466257669,0.5242349088061136,0.3331046329247581,0.02702702702702703,0.5369369369369369,0.972972972972973,0.9425371317263209,0.9842731255657705,0.8601116365887541,0.3755244411440331
stratified_group,logreg,120,22,2142,666,0.7432306255835668,0.8333333333333334,0,0.5,257,3,108,298,0.5480480480480481,0.718018018018018,0.9884615384615385,0.46306306306306305,0.6306748466257669,0.5242349088061136,0.3331046329247581,0.02702702702702703,0.5369369369369369,0.972972972972973,0.9425371317263209,0.9842731255657705,0.8601116365887541,0.3755244411440331
stratified_group,tree,120,11,2142,666,0.7432306255835668,0.8333333333333334,0,0.5,380,42,69,175,0.6741741741741741,0.6531531531531531,0.9004739336492891,0.6846846846846847,0.7778915046059366,0.5833119494860669,0.2369260317619295,0.3783783783783784,0.3153153153153153,0.6216216216216216,0.6442902361821281,0.8751354974103789,0.23884950524294785,0.32585995634371406
stratified_group,tree,120,22,2142,666,0.7432306255835668,0.8333333333333334,0,0.5,390,42,69,165,0.6891891891891891,0.6621621621621622,0.9027777777777778,0.7027027027027027,0.790273556231003,0.5951367781155015,0.25318484177091666,0.3783783783783784,0.2972972972972973,0.6216216216216216,0.653299245191137,0.878048738393566,0.24636174636174635,0.31084494132869905
stratified_group,rf,120,11,2142,666,0.7432306255835668,0.8333333333333334,0,0.5,434,0,111,121,0.8183183183183184,0.890990990990991,1.0,0.781981981981982,0.8776541961577351,0.7624422584287218,0.6116681543406381,0.0,0.218018018018018,1.0,0.9742715688661635,0.9947819172069674,0.8925270769196354,0.12375665687455387
stratified_group,rf,120,22,2142,666,0.7432306255835668,0.8333333333333334,0,0.5,428,0,111,127,0.8093093093093093,0.8855855855855856,1.0,0.7711711711711712,0.8708036622583927,0.7534534070604284,0.5997198225390074,0.0,0.22882882882882882,1.0,0.9866406947488029,0.9972963389986343,0.9390139742747078,0.11886597710397963
stratified_group,xgboost,120,11,2142,666,0.7432306255835668,0.8333333333333334,0,0.5,400,0,111,155,0.7672672672672672,0.8603603603603603,1.0,0.7207207207207207,0.837696335078534,0.7132778757620787,0.5484084971070817,0.0,0.27927927927927926,1.0,0.9748234721207695,0.995009548953125,0.8953300883598135,0.19006749987602234
stratified_group,xgboost,120,22,2142,666,0.7432306255835668,0.8333333333333334,0,0.5,397,0,111,158,0.7627627627627628,0.8576576576576577,1.0,0.7153153153153153,0.8340336134453782,0.7091220698805838,0.5432930022053967,0.0,0.28468468468468466,1.0,0.9774855937018099,0.9954850089789025,0.9098863458375912,0.19356653094291687
stratified_group,hgb,120,11,2142,666,0.7432306255835668,0.8333333333333334,0,0.5,442,0,111,113,0.8303303303303303,0.8981981981981981,1.0,0.7963963963963964,0.8866599799398195,0.7746732735519992,0.6282060626441432,0.0,0.2036036036036036,1.0,0.9669994318642967,0.9936509321247358,0.8376341228468297,0.15017174105596195
stratified_group,hgb,120,22,2142,666,0.7432306255835668,0.8333333333333334,0,0.5,442,0,111,113,0.8303303303303303,0.8981981981981981,1.0,0.7963963963963964,0.8866599799398195,0.7746732735519992,0.6282060626441432,0.0,0.2036036036036036,1.0,0.9669994318642967,0.9936509321247358,0.8376341228468297,0.15017174105596195
stratified_group,mlp,120,11,2142,666,0.7432306255835668,0.8333333333333334,0,0.5,456,1,110,99,0.8498498498498499,0.9063063063063064,0.9978118161925602,0.8216216216216217,0.9011857707509882,0.7943428853754941,0.6526198763314216,0.009009009009009009,0.1783783783783784,0.990990990990991,0.9904553201850499,0.9980226186852204,0.9641394037369737,0.11173073947429657
stratified_group,mlp,120,22,2142,666,0.7432306255835668,0.8333333333333334,0,0.5,392,1,110,163,0.7537537537537538,0.8486486486486486,0.9974554707379135,0.7063063063063063,0.8270042194092827,0.6999604430379747,0.528382425507259,0.009009009009009009,0.2936936936936937,0.990990990990991,0.9837837837837838,0.9967163672220204,0.9277553765534452,0.16845443844795227
