model,split_seed,domain,bin,mean_score,attack_freq,n
majority,101,source_heldout,0,1.0,1.0,9939
majority,101,source_heldout,1,1.0,1.0,9939
majority,101,source_heldout,2,1.0,1.0,9939
majority,101,source_heldout,3,1.0,1.0,9939
majority,101,source_heldout,4,1.0,1.0,9939
majority,101,source_heldout,5,1.0,1.0,9939
majority,101,source_heldout,6,1.0,1.0,9939
majority,101,source_heldout,7,1.0,1.0,9939
majority,101,source_heldout,8,1.0,1.0,9939
majority,101,source_heldout,9,1.0,1.0,9939
majority,101,source_heldout,10,1.0,1.0,9938
majority,101,source_heldout,11,1.0,1.0,9938
majority,101,source_heldout,12,1.0,1.0,9938
majority,101,source_heldout,13,1.0,1.0,9938
majority,101,source_heldout,14,1.0,0.3203863956530489,9938
majority,101,target,0,1.0,0.6740562546262028,81060
majority,101,target,1,1.0,0.9991241056007896,81060
majority,101,target,2,1.0,0.8441894892672095,81060
majority,101,target,3,1.0,0.00011102886750555144,81060
majority,101,target,4,1.0,0.00011103023723460689,81059
majority,101,target,5,1.0,0.00011103023723460689,81059
majority,101,target,6,1.0,0.09024290948568327,81059
majority,101,target,7,1.0,0.9112498303704709,81059
majority,101,target,8,1.0,0.45825879914630085,81059
majority,101,target,9,1.0,0.7346130596232374,81059
majority,101,target,10,1.0,0.9997285927534265,81059
majority,101,target,11,1.0,0.9997285927534265,81059
majority,101,target,12,1.0,0.999642235902244,81059
majority,101,target,13,1.0,0.6620362945508826,81059
majority,101,target,14,1.0,0.7331326564601093,81059
stratified,101,source_heldout,0,0.07948485763155247,0.959352047489687,9939
stratified,101,source_heldout,1,1.0,1.0,9939
stratified,101,source_heldout,2,1.0,1.0,9939
stratified,101,source_heldout,3,1.0,1.0,9939
stratified,101,source_heldout,4,1.0,1.0,9939
stratified,101,source_heldout,5,1.0,1.0,9939
stratified,101,source_heldout,6,1.0,1.0,9939
stratified,101,source_heldout,7,1.0,1.0,9939
stratified,101,source_heldout,8,1.0,1.0,9939
stratified,101,source_heldout,9,1.0,1.0,9939
stratified,101,source_heldout,10,1.0,1.0,9938
stratified,101,source_heldout,11,1.0,1.0,9938
stratified,101,source_heldout,12,1.0,1.0,9938
stratified,101,source_heldout,13,1.0,1.0,9938
stratified,101,source_heldout,14,1.0,0.36103843831756893,9938
stratified,101,target,0,0.07533925487293362,0.6300888230940045,81060
stratified,101,target,1,1.0,0.7003577596841846,81060
stratified,101,target,2,1.0,0.9990870959782877,81060
stratified,101,target,3,1.0,0.5956822107081174,81060
stratified,101,target,4,1.0,0.00012336693026067432,81059
stratified,101,target,5,1.0,0.00012336693026067432,81059
stratified,101,target,6,1.0,0.024401978805561383,81059
stratified,101,target,7,1.0,0.5582600328156034,81059
stratified,101,target,8,1.0,0.509147657878829,81059
stratified,101,target,9,1.0,0.6571879741916382,81059
stratified,101,target,10,1.0,0.9997656028325047,81059
stratified,101,target,11,1.0,0.9997285927534265,81059
stratified,101,target,12,1.0,0.9996915826743483,81059
stratified,101,target,13,1.0,0.6924339061671129,81059
stratified,101,target,14,1.0,0.7402509283361502,81059
logreg,101,source_heldout,0,0.0350436340859975,0.6085119227286447,9939
logreg,101,source_heldout,1,0.25875248618734076,0.9022034409900392,9939
logreg,101,source_heldout,2,0.6463183775076445,0.9631753697555085,9939
logreg,101,source_heldout,3,0.8569754046843271,0.9906429218231211,9939
logreg,101,source_heldout,4,0.8834900198063018,0.99456685783278,9939
logreg,101,source_heldout,5,0.9593367272810497,0.9389274574906932,9939
logreg,101,source_heldout,6,0.9820840978152738,1.0,9939
logreg,101,source_heldout,7,0.98322976973355,1.0,9939
logreg,101,source_heldout,8,0.9833925894188774,1.0,9939
logreg,101,source_heldout,9,0.9833930284058361,1.0,9939
logreg,101,source_heldout,10,0.9833931519409765,1.0,9938
logreg,101,source_heldout,11,0.987349518792797,0.9992956329241296,9938
logreg,101,source_heldout,12,0.992534439107206,0.9987925135842222,9938
logreg,101,source_heldout,13,0.9968727055212844,0.9270476957134233,9938
logreg,101,source_heldout,14,0.9991850316520507,0.9972831555644999,9938
logreg,101,target,0,0.004465136698663546,0.5327165062916358,81060
logreg,101,target,1,0.015010873428713201,0.7987416728349371,81060
logreg,101,target,2,0.02119334967642738,0.5002837404391809,81060
logreg,101,target,3,0.02133556257919089,0.5000246730816679,81060
logreg,101,target,4,0.021347832199637515,0.5000431784255912,81059
logreg,101,target,5,0.023855125421871112,0.7840215151926374,81059
logreg,101,target,6,0.05464071918668462,0.4213967603844114,81059
logreg,101,target,7,0.06797270942733058,0.08261883319557359,81059
logreg,101,target,8,0.1349117176916808,0.9092389494072219,81059
logreg,101,target,9,0.1349117176916808,0.00024673386052134863,81059
logreg,101,target,10,0.1349117176916808,0.34379896125044723,81059
logreg,101,target,11,0.1349117176916808,1.0,81059
logreg,101,target,12,0.24234278415140728,0.8689843200631638,81059
logreg,101,target,13,0.6182511799939766,0.8998137159353063,81059
logreg,101,target,14,0.8568591191142442,0.9644086406197955,81059
tree,101,source_heldout,0,0.0024804043204490573,0.6367843847469564,9939
tree,101,source_heldout,1,0.022368514961992728,0.8930475903008351,9939
tree,101,source_heldout,2,0.36497340665212885,0.9040144883791126,9939
tree,101,source_heldout,3,0.998048915724169,1.0,9939
tree,101,source_heldout,4,0.998504738008954,0.9988932488177885,9939
tree,101,source_heldout,5,1.0,1.0,9939
tree,101,source_heldout,6,1.0,1.0,9939
tree,101,source_heldout,7,1.0,1.0,9939
tree,101,source_heldout,8,1.0,1.0,9939
tree,101,source_heldout,9,1.0,1.0,9939
tree,101,source_heldout,10,1.0,1.0,9938
tree,101,source_heldout,11,1.0,1.0,9938
tree,101,source_heldout,12,1.0,1.0,9938
tree,101,source_heldout,13,1.0,1.0,9938
tree,101,source_heldout,14,1.0,0.8877037633326625,9938
tree,101,target,0,0.0,0.67426597582038,81060
tree,101,target,1,0.0009955361606758537,0.7248211201579077,81060
tree,101,target,2,0.019401390369500785,0.18744140143103874,81060
tree,101,target,3,0.19191461672629984,0.30226992351344684,81060
tree,101,target,4,0.9997796879510396,0.9476430747973699,81059
tree,101,target,5,1.0,0.9999013064557914,81059
tree,101,target,6,1.0,0.43396785057797405,81059
tree,101,target,7,1.0,0.00012336693026067432,81059
tree,101,target,8,1.0,0.00011103023723460689,81059
tree,101,target,9,1.0,0.044658828754364104,81059
tree,101,target,10,1.0,0.8606817256566205,81059
tree,101,target,11,1.0,0.9999136431488175,81059
tree,101,target,12,1.0,0.9998889697627654,81059
tree,101,target,13,1.0,0.9998766330697393,81059
tree,101,target,14,1.0,0.9307788154307356,81059
rf,101,source_heldout,0,0.022566821364298724,0.5983499346010666,9939
rf,101,source_heldout,1,0.29832243804394715,0.8302646141462924,9939
rf,101,source_heldout,2,0.7115693133976704,0.9077371969010967,9939
rf,101,source_heldout,3,0.9232455498878215,0.9868195995572995,9939
rf,101,source_heldout,4,0.9809871657879876,0.9993963175369756,9939
rf,101,source_heldout,5,0.9948750061824402,0.9995975450246504,9939
rf,101,source_heldout,6,0.9997382223114692,0.9995975450246504,9939
rf,101,source_heldout,7,0.9998693796150092,1.0,9939
rf,101,source_heldout,8,0.9998693796150092,1.0,9939
rf,101,source_heldout,9,0.9998840044332802,1.0,9939
rf,101,source_heldout,10,1.0,1.0,9938
rf,101,source_heldout,11,1.0,1.0,9938
rf,101,source_heldout,12,1.0,1.0,9938
rf,101,source_heldout,13,1.0,1.0,9938
rf,101,source_heldout,14,1.0,0.9986918897162407,9938
rf,101,target,0,0.03897985782841426,0.6071551936836911,81060
rf,101,target,1,0.09095606560825974,0.0,81060
rf,101,target,2,0.1108329053198632,0.6841845546508759,81060
rf,101,target,3,0.3957281696663014,0.625228226005428,81060
rf,101,target,4,0.5581253907231728,0.7170332720610914,81059
rf,101,target,5,0.5733516867898912,0.8709335175612826,81059
rf,101,target,6,0.5775806416824302,0.0,81059
rf,101,target,7,0.5775806416824302,0.5363130559222294,81059
rf,101,target,8,0.5775806416824302,1.0,81059
rf,101,target,9,0.6360553583684985,0.9158267434831419,81059
rf,101,target,10,0.65257381439484,0.4980076240762901,81059
rf,101,target,11,0.65257381439484,0.00023439716749528122,81059
rf,101,target,12,0.65257381439484,0.7550426232744051,81059
rf,101,target,13,0.65257381439484,1.0,81059
rf,101,target,14,0.7875343383798811,0.8963841152740596,81059
xgboost,101,source_heldout,0,0.007129095960408449,0.595532749773619,9939
xgboost,101,source_heldout,1,0.06551927328109741,0.838313713653285,9939
xgboost,101,source_heldout,2,0.550531804561615,0.8907334741925748,9939
xgboost,101,source_heldout,3,0.9670228362083435,0.9975852701479022,9939
xgboost,101,source_heldout,4,0.9980118870735168,0.9998993862561626,9939
xgboost,101,source_heldout,5,0.9993617534637451,0.9988932488177885,9939
xgboost,101,source_heldout,6,0.9996480345726013,0.9996981587684878,9939
xgboost,101,source_heldout,7,0.9997361898422241,0.9997987725123252,9939
xgboost,101,source_heldout,8,0.9998624324798584,1.0,9939
xgboost,101,source_heldout,9,0.9999108910560608,1.0,9939
xgboost,101,source_heldout,10,0.9999215602874756,1.0,9938
xgboost,101,source_heldout,11,0.9999366998672485,1.0,9938
xgboost,101,source_heldout,12,0.9999448657035828,1.0,9938
xgboost,101,source_heldout,13,0.9999468326568604,1.0,9938
xgboost,101,source_heldout,14,0.9999629259109497,1.0,9938
xgboost,101,target,0,0.0024961845483630896,0.8941648161855416,81060
xgboost,101,target,1,0.009677325375378132,0.5932642487046632,81060
xgboost,101,target,2,0.04427075386047363,0.5683444362200839,81060
xgboost,101,target,3,0.13068369030952454,0.0,81060
xgboost,101,target,4,0.2682948708534241,0.478046854760113,81059
xgboost,101,target,5,0.47372034192085266,0.4865591729480995,81059
xgboost,101,target,6,0.47372034192085266,0.0,81059
xgboost,101,target,7,0.47372034192085266,0.902503115014989,81059
xgboost,101,target,8,0.4975338578224182,0.9963730122503361,81059
xgboost,101,target,9,0.649589478969574,0.9893781073045559,81059
xgboost,101,target,10,0.8379027843475342,0.980804105651439,81059
xgboost,101,target,11,0.8452658653259277,0.13215065569523435,81059
xgboost,101,target,12,0.8452658653259277,0.12113398882295612,81059
xgboost,101,target,13,0.8452658653259277,1.0,81059
xgboost,101,target,14,0.8660009503364563,0.9636190922661272,81059
hgb,101,source_heldout,0,0.00740100705046137,0.587383036522789,9939
hgb,101,source_heldout,1,0.05470268318736436,0.8061173156253144,9939
hgb,101,source_heldout,2,0.5642853306532254,0.9324881778850991,9939
hgb,101,source_heldout,3,0.9730035849199024,0.9964785189656907,9939
hgb,101,source_heldout,4,0.9987466244721522,0.9991950900493007,9939
hgb,101,source_heldout,5,0.9992750262880369,0.9991950900493007,9939
hgb,101,source_heldout,6,0.9997302358555681,1.0,9939
hgb,101,source_heldout,7,0.9997816339667346,0.9997987725123252,9939
hgb,101,source_heldout,8,0.999861080234,0.9997987725123252,9939
hgb,101,source_heldout,9,0.9999035031843163,1.0,9939
hgb,101,source_heldout,10,0.9999067602306309,1.0,9938
hgb,101,source_heldout,11,0.9999174917292912,1.0,9938
hgb,101,source_heldout,12,0.9999295219655183,1.0,9938
hgb,101,source_heldout,13,0.9999762698861769,1.0,9938
hgb,101,source_heldout,14,0.9999968990830069,1.0,9938
hgb,101,target,0,0.0014993025088567765,0.9385516901060943,81060
hgb,101,target,1,0.01422421701247301,0.3913150752528991,81060
hgb,101,target,2,0.06817297062714073,0.09034048852701702,81060
hgb,101,target,3,0.08885796201066044,0.47892918825561315,81060
hgb,101,target,4,0.37705152451925955,0.8223392837316029,81059
hgb,101,target,5,0.8348259078095188,0.3434288604596652,81059
hgb,101,target,6,0.8882306676868521,0.0,81059
hgb,101,target,7,0.8882306676868521,0.8946076314783059,81059
hgb,101,target,8,0.8898413074768744,0.999087084716071,81059
hgb,101,target,9,0.9406806422499101,0.9466191292762062,81059
hgb,101,target,10,0.97116916254209,0.44772326330203926,81059
hgb,101,target,11,0.97116916254209,0.00023439716749528122,81059
hgb,101,target,12,0.97116916254209,0.8053269840486559,81059
hgb,101,target,13,0.97116916254209,1.0,81059
hgb,101,target,14,0.9893637429445027,0.9478404618857869,81059
mlp,101,source_heldout,0,0.00499265780672431,0.6126370862259785,9939
mlp,101,source_heldout,1,0.04645910859107971,0.837810644934098,9939
mlp,101,source_heldout,2,0.6987013220787048,0.9475802394607103,9939
mlp,101,source_heldout,3,0.9915744066238403,0.9242378508904316,9939
mlp,101,source_heldout,4,0.999274492263794,0.9991950900493007,9939
mlp,101,source_heldout,5,0.9995806217193604,1.0,9939
mlp,101,source_heldout,6,0.9997329115867615,1.0,9939
mlp,101,source_heldout,7,0.9998223781585693,1.0,9939
mlp,101,source_heldout,8,0.999904215335846,1.0,9939
mlp,101,source_heldout,9,0.9999417066574097,1.0,9939
mlp,101,source_heldout,10,0.9999430775642395,1.0,9938
mlp,101,source_heldout,11,0.9999430775642395,1.0,9938
mlp,101,source_heldout,12,0.9999430775642395,1.0,9938
mlp,101,source_heldout,13,0.9999565482139587,1.0,9938
mlp,101,source_heldout,14,0.9999794363975525,0.9989937613201851,9938
mlp,101,target,0,0.00014494145580101758,0.7546262028127313,81060
mlp,101,target,1,0.0028575363103300333,0.7876634591660499,81060
mlp,101,target,2,0.09686189889907837,0.3670244263508512,81060
mlp,101,target,3,0.33519527316093445,0.0,81060
mlp,101,target,4,0.6931219100952148,0.7686870057612356,81059
mlp,101,target,5,0.9324519038200378,0.9218470496798629,81059
mlp,101,target,6,0.9668028354644775,0.5029052912076388,81059
mlp,101,target,7,0.9677422642707825,0.500178882048878,81059
mlp,101,target,8,0.9678057432174683,0.49993214818835663,81059
mlp,101,target,9,0.9708277583122253,0.793631799059944,81059
mlp,101,target,10,0.9755452871322632,0.8577949394885207,81059
mlp,101,target,11,0.9755452871322632,0.00024673386052134863,81059
mlp,101,target,12,0.9755452871322632,0.3952429711691484,81059
mlp,101,target,13,0.9755452871322632,1.0,81059
mlp,101,target,14,0.9845409393310547,0.9565625038552166,81059
majority,102,source_heldout,0,1.0,1.0,10479
majority,102,source_heldout,1,1.0,1.0,10479
majority,102,source_heldout,2,1.0,1.0,10479
majority,102,source_heldout,3,1.0,1.0,10479
majority,102,source_heldout,4,1.0,1.0,10479
majority,102,source_heldout,5,1.0,1.0,10479
majority,102,source_heldout,6,1.0,1.0,10478
majority,102,source_heldout,7,1.0,1.0,10478
majority,102,source_heldout,8,1.0,1.0,10478
majority,102,source_heldout,9,1.0,1.0,10478
majority,102,source_heldout,10,1.0,1.0,10478
majority,102,source_heldout,11,1.0,1.0,10478
majority,102,source_heldout,12,1.0,1.0,10478
majority,102,source_heldout,13,1.0,1.0,10478
majority,102,source_heldout,14,1.0,0.309314754724184,10478
majority,102,target,0,1.0,0.6740562546262028,81060
majority,102,target,1,1.0,0.9991241056007896,81060
majority,102,target,2,1.0,0.8441894892672095,81060
majority,102,target,3,1.0,0.00011102886750555144,81060
majority,102,target,4,1.0,0.00011103023723460689,81059
majority,102,target,5,1.0,0.00011103023723460689,81059
majority,102,target,6,1.0,0.09024290948568327,81059
majority,102,target,7,1.0,0.9112498303704709,81059
majority,102,target,8,1.0,0.45825879914630085,81059
majority,102,target,9,1.0,0.7346130596232374,81059
majority,102,target,10,1.0,0.9997285927534265,81059
majority,102,target,11,1.0,0.9997285927534265,81059
majority,102,target,12,1.0,0.999642235902244,81059
majority,102,target,13,1.0,0.6620362945508826,81059
majority,102,target,14,1.0,0.7331326564601093,81059
stratified,102,source_heldout,0,0.08044660750071572,0.9539078156312625,10479
stratified,102,source_heldout,1,1.0,1.0,10479
stratified,102,source_heldout,2,1.0,1.0,10479
stratified,102,source_heldout,3,1.0,1.0,10479
stratified,102,source_heldout,4,1.0,1.0,10479
stratified,102,source_heldout,5,1.0,1.0,10479
stratified,102,source_heldout,6,1.0,1.0,10478
stratified,102,source_heldout,7,1.0,1.0,10478
stratified,102,source_heldout,8,1.0,1.0,10478
stratified,102,source_heldout,9,1.0,1.0,10478
stratified,102,source_heldout,10,1.0,1.0,10478
stratified,102,source_heldout,11,1.0,1.0,10478
stratified,102,source_heldout,12,1.0,1.0,10478
stratified,102,source_heldout,13,1.0,1.0,10478
stratified,102,source_heldout,14,1.0,0.355411338041611,10478
stratified,102,target,0,0.0809647174932149,0.6308783617073772,81060
stratified,102,target,1,1.0,0.7015297310634098,81060
stratified,102,target,2,1.0,0.9990870959782877,81060
stratified,102,target,3,1.0,0.5910436713545522,81060
stratified,102,target,4,1.0,0.00012336693026067432,81059
stratified,102,target,5,1.0,0.00012336693026067432,81059
stratified,102,target,6,1.0,0.02445132557766565,81059
stratified,102,target,7,1.0,0.5614058895372507,81059
stratified,102,target,8,1.0,0.5087282103159427,81059
stratified,102,target,9,1.0,0.6572743310428206,81059
stratified,102,target,10,1.0,0.9997656028325047,81059
stratified,102,target,11,1.0,0.9997285927534265,81059
stratified,102,target,12,1.0,0.9996915826743483,81059
stratified,102,target,13,1.0,0.6923598860089565,81059
stratified,102,target,14,1.0,0.7401398980989156,81059
logreg,102,source_heldout,0,0.07732509015624797,0.6396602729268059,10479
logreg,102,source_heldout,1,0.3533066816530859,0.8067563698826223,10479
logreg,102,source_heldout,2,0.5169047163417787,0.9943696917644813,10479
logreg,102,source_heldout,3,0.5408239438194926,0.9998091420937112,10479
logreg,102,source_heldout,4,0.5465219934575526,0.9997137131405669,10479
logreg,102,source_heldout,5,0.6642933591409792,0.9610649871170913,10479
logreg,102,source_heldout,6,0.7756211130718874,0.9890246230196602,10478
logreg,102,source_heldout,7,0.9074523753525084,0.9207864096201566,10478
logreg,102,source_heldout,8,0.9603801075777171,1.0,10478
logreg,102,source_heldout,9,0.9617175542815967,1.0,10478
logreg,102,source_heldout,10,0.9622359446425067,1.0,10478
logreg,102,source_heldout,11,0.9622709915630353,1.0,10478
logreg,102,source_heldout,12,0.9666812639296255,0.999045619393014,10478
logreg,102,source_heldout,13,0.9868949892195531,1.0,10478
logreg,102,source_heldout,14,0.9977796233520287,0.9991410574537125,10478
logreg,102,target,0,0.01372044984304248,0.6285220824080928,81060
logreg,102,target,1,0.017492649547834107,0.49981495188749075,81060
logreg,102,target,2,0.017527031755913216,0.5,81060
logreg,102,target,3,0.01754202290392404,0.5000246730816679,81060
logreg,102,target,4,0.0251143542384351,0.9122491025055823,81059
logreg,102,target,5,0.04310977825154618,0.08015149459036011,81059
logreg,102,target,6,0.050865238480886976,0.21412798085345242,81059
logreg,102,target,7,0.08656059327335441,0.9798171702093537,81059
logreg,102,target,8,0.08830461040219603,0.0698503559135938,81059
logreg,102,target,9,0.08830461040219603,0.18343428860459665,81059
logreg,102,target,10,0.08830461040219603,1.0,81059
logreg,102,target,11,0.10721139067761751,0.8330228598921773,81059
logreg,102,target,12,0.42708182808599415,0.7970860731072429,81059
logreg,102,target,13,0.5489475374438091,0.9522816713751712,81059
logreg,102,target,14,0.8429612772408264,0.9559580058969392,81059
tree,102,source_heldout,0,0.0,1.0,10479
tree,102,source_heldout,1,0.0,1.0,10479
tree,102,source_heldout,2,0.0,0.9995228552342781,10479
tree,102,source_heldout,3,0.04244268466503873,0.605878423513694,10479
tree,102,source_heldout,4,0.5903753577401599,0.920221395171295,10479
tree,102,source_heldout,5,1.0,1.0,10479
tree,102,source_heldout,6,1.0,1.0,10478
tree,102,source_heldout,7,1.0,1.0,10478
tree,102,source_heldout,8,1.0,1.0,10478
tree,102,source_heldout,9,1.0,1.0,10478
tree,102,source_heldout,10,1.0,1.0,10478
tree,102,source_heldout,11,1.0,1.0,10478
tree,102,source_heldout,12,1.0,1.0,10478
tree,102,source_heldout,13,1.0,1.0,10478
tree,102,source_heldout,14,1.0,0.7837373544569575,10478
tree,102,target,0,0.009740946011548287,0.7237355045645201,81060
tree,102,target,1,0.03836684601991437,0.7150259067357513,81060
tree,102,target,2,0.06121520192684703,9.869232667160128e-05,81060
tree,102,target,3,0.10461994584618595,0.5236738218603504,81060
tree,102,target,4,0.4540800401672937,0.9121133988822956,81059
tree,102,target,5,0.9007620864260454,0.5388050679134951,81059
tree,102,target,6,0.9007620864260454,0.00024673386052134863,81059
tree,102,target,7,0.9007620864260454,0.714232842744174,81059
tree,102,target,8,0.9007620864260454,1.0,81059
tree,102,target,9,0.9762416680447076,0.9444848813826966,81059
tree,102,target,10,1.0,0.7544504620091538,81059
tree,102,target,11,1.0,0.0,81059
tree,102,target,12,1.0,0.33927139490988045,81059
tree,102,target,13,1.0,0.9999506532278958,81059
tree,102,target,14,1.0,0.9402533956747554,81059
rf,102,source_heldout,0,0.25216255156950823,0.5589273785666571,10479
rf,102,source_heldout,1,0.6740153322857954,0.839965645576868,10479
rf,102,source_heldout,2,0.7658477026583391,0.9631644240862678,10479
rf,102,source_heldout,3,0.789058269678679,0.9946559786239145,10479
rf,102,source_heldout,4,0.8193883502913171,0.9918885389827273,10479
rf,102,source_heldout,5,0.868249122539437,0.9852085122626205,10479
rf,102,source_heldout,6,0.9735891833097975,0.9799580072532926,10478
rf,102,source_heldout,7,0.9995207826123852,0.9975186104218362,10478
rf,102,source_heldout,8,1.0,1.0,10478
rf,102,source_heldout,9,1.0,1.0,10478
rf,102,source_heldout,10,1.0,1.0,10478
rf,102,source_heldout,11,1.0,1.0,10478
rf,102,source_heldout,12,1.0,1.0,10478
rf,102,source_heldout,13,1.0,1.0,10478
rf,102,source_heldout,14,1.0,0.9980912387860279,10478
rf,102,target,0,0.12393150295107622,0.7642240315815445,81060
rf,102,target,1,0.15289571994187393,0.0,81060
rf,102,target,2,0.31547751738868235,0.43031088082901553,81060
rf,102,target,3,0.5565708073477615,0.5883789785344189,81060
rf,102,target,4,0.6935477675607787,0.9058833689041316,81059
rf,102,target,5,0.746518613166497,0.04106885108377848,81059
rf,102,target,6,0.7467132967899858,0.4558901540852959,81059
rf,102,target,7,0.7467132967899858,1.0,81059
rf,102,target,8,0.7481279473603922,0.7849591038626186,81059
rf,102,target,9,0.7900205906806917,0.9492838549698368,81059
rf,102,target,10,0.8375185114424052,0.8704400498402398,81059
rf,102,target,11,0.8375185114424052,0.00024673386052134863,81059
rf,102,target,12,0.8375185114424052,0.3825978608174293,81059
rf,102,target,13,0.8375185114424052,1.0,81059
rf,102,target,14,0.8714380473500811,0.9330611036405582,81059
xgboost,102,source_heldout,0,0.09002481400966644,0.5396507300314916,10479
xgboost,102,source_heldout,1,0.45553240180015564,0.835480484779082,10479
xgboost,102,source_heldout,2,0.7725196480751038,0.945319209848268,10479
xgboost,102,source_heldout,3,0.9633907675743103,0.9910296784044279,10479
xgboost,102,source_heldout,4,0.982000470161438,1.0,10479
xgboost,102,source_heldout,5,0.9832056164741516,0.9998091420937112,10479
xgboost,102,source_heldout,6,0.985099732875824,0.9994273716358084,10478
xgboost,102,source_heldout,7,0.9957079887390137,0.9987593052109182,10478
xgboost,102,source_heldout,8,0.9994686841964722,0.9999045619393014,10478
xgboost,102,source_heldout,9,0.9998344779014587,1.0,10478
xgboost,102,source_heldout,10,0.9999142289161682,1.0,10478
xgboost,102,source_heldout,11,0.9999539852142334,1.0,10478
xgboost,102,source_heldout,12,0.9999672174453735,1.0,10478
xgboost,102,source_heldout,13,0.9999725818634033,1.0,10478
xgboost,102,source_heldout,14,0.999973714351654,1.0,10478
xgboost,102,target,0,0.031459737569093704,0.3907475943745374,81060
xgboost,102,target,1,0.09266593307256699,0.7306439674315321,81060
xgboost,102,target,2,0.09654209762811661,0.0,81060
xgboost,102,target,3,0.15987251698970795,0.6594991364421416,81060
xgboost,102,target,4,0.4918286204338074,0.8695147978632848,81059
xgboost,102,target,5,0.6472942233085632,0.679825805894472,81059
xgboost,102,target,6,0.6472942233085632,0.00024673386052134863,81059
xgboost,102,target,7,0.6472942233085632,0.5732121047631972,81059
xgboost,102,target,8,0.6472942233085632,1.0,81059
xgboost,102,target,9,0.6867726445198059,0.9505668710445478,81059
xgboost,102,target,10,0.7526669502258301,0.998716983925289,81059
xgboost,102,target,11,0.7741516828536987,0.3374455643420225,81059
xgboost,102,target,12,0.7775148749351501,0.06754339431771919,81059
xgboost,102,target,13,0.7775148749351501,1.0,81059
xgboost,102,target,14,0.8064272403717041,0.8483820427096312,81059
hgb,102,source_heldout,0,0.09537091720775319,0.5201832235900372,10479
hgb,102,source_heldout,1,0.2555749538674713,0.8417787956866113,10479
hgb,102,source_heldout,2,0.5647717068187282,0.9739478957915831,10479
hgb,102,source_heldout,3,0.8027519123792662,0.9889302414352514,10479
hgb,102,source_heldout,4,0.8500517423258837,1.0,10479
hgb,102,source_heldout,5,0.8969499975811603,0.9902662467792729,10479
hgb,102,source_heldout,6,0.9430577825027091,0.9992364955144112,10478
hgb,102,source_heldout,7,0.9851088087783726,0.9952280969650696,10478
hgb,102,source_heldout,8,0.9990490335547233,0.9999045619393014,10478
hgb,102,source_heldout,9,0.9996754155909982,1.0,10478
hgb,102,source_heldout,10,0.9998073319605468,0.9999045619393014,10478
hgb,102,source_heldout,11,0.9998761121689089,1.0,10478
hgb,102,source_heldout,12,0.9998769348457849,1.0,10478
hgb,102,source_heldout,13,0.9998896012603764,1.0,10478
hgb,102,source_heldout,14,0.9999212156372304,1.0,10478
hgb,102,target,0,0.028683747347549447,0.4865161608684925,81060
hgb,102,target,1,0.0683729986406651,0.12927461139896373,81060
hgb,102,target,2,0.07228515321778602,0.4897976807303232,81060
hgb,102,target,3,0.12673194926054956,0.7841968911917099,81060
hgb,102,target,4,0.3406903185882128,0.7649243143882851,81059
hgb,102,target,5,0.6975602534906403,0.7525506112831395,81059
hgb,102,target,6,0.7241784509265276,0.0,81059
hgb,102,target,7,0.7241784509265276,0.6911262167063497,81059
hgb,102,target,8,0.7255814901485867,0.9991734415672535,81059
hgb,102,target,9,0.7528668624601857,0.8192181003960078,81059
hgb,102,target,10,0.8799626068049068,0.9951393429477294,81059
hgb,102,target,11,0.8942788093216433,0.30202691866418285,81059
hgb,102,target,12,0.8942788093216433,0.00020972378144314634,81059
hgb,102,target,13,0.8942788093216433,0.9510480020725645,81059
hgb,102,target,14,0.8974983772458013,0.9411416375726323,81059
mlp,102,source_heldout,0,0.06206169351935387,0.4647390018131501,10479
mlp,102,source_heldout,1,0.3169792890548706,0.9454146388014123,10479
mlp,102,source_heldout,2,0.7564891576766968,0.9820593568088558,10479
mlp,102,source_heldout,3,0.961264967918396,0.9938925469987594,10479
mlp,102,source_heldout,4,0.9783910512924194,0.999236568374845,10479
mlp,102,source_heldout,5,0.9839462041854858,0.998282278843401,10479
mlp,102,source_heldout,6,0.990820050239563,0.976235922886047,10478
mlp,102,source_heldout,7,0.997377336025238,0.949799580072533,10478
mlp,102,source_heldout,8,0.9996636509895325,0.9999045619393014,10478
mlp,102,source_heldout,9,0.9998390674591064,1.0,10478
mlp,102,source_heldout,10,0.9999287724494934,0.9999045619393014,10478
mlp,102,source_heldout,11,0.9999576210975647,1.0,10478
mlp,102,source_heldout,12,0.9999619722366333,1.0,10478
mlp,102,source_heldout,13,0.9999619722366333,1.0,10478
mlp,102,source_heldout,14,0.9999901056289673,0.9999045619393014,10478
mlp,102,target,0,0.02924756519496441,0.6625339254872934,81060
mlp,102,target,1,0.0802796334028244,0.7236738218603503,81060
mlp,102,target,2,0.21389570832252502,0.36640759930915373,81060
mlp,102,target,3,0.32319891452789307,0.050320750061682705,81060
mlp,102,target,4,0.8034864664077759,0.8318878841337791,81059
mlp,102,target,5,0.9672589898109436,0.9533796370544911,81059
mlp,102,target,6,0.9842879772186279,0.6323665478231905,81059
mlp,102,target,7,0.9862420558929443,0.4997470977929656,81059
mlp,102,target,8,0.9862611889839172,0.5005613195326861,81059
mlp,102,target,9,0.9865536093711853,0.6394724830062054,81059
mlp,102,target,10,0.9938561320304871,0.9968294698923007,81059
mlp,102,target,11,0.9969930052757263,0.3697923734563713,81059
mlp,102,target,12,0.9969930052757263,0.00023439716749528122,81059
mlp,102,target,13,0.9969930052757263,0.8832578738943239,81059
mlp,102,target,14,0.9970271587371826,0.9958795445292935,81059
majority,103,source_heldout,0,1.0,1.0,5959
majority,103,source_heldout,1,1.0,1.0,5959
majority,103,source_heldout,2,1.0,1.0,5959
majority,103,source_heldout,3,1.0,1.0,5959
majority,103,source_heldout,4,1.0,1.0,5959
majority,103,source_heldout,5,1.0,1.0,5959
majority,103,source_heldout,6,1.0,1.0,5959
majority,103,source_heldout,7,1.0,1.0,5959
majority,103,source_heldout,8,1.0,1.0,5959
majority,103,source_heldout,9,1.0,1.0,5958
majority,103,source_heldout,10,1.0,1.0,5958
majority,103,source_heldout,11,1.0,1.0,5958
majority,103,source_heldout,12,1.0,1.0,5958
majority,103,source_heldout,13,1.0,1.0,5958
majority,103,source_heldout,14,1.0,0.26988922457200404,5958
majority,103,target,0,1.0,0.6740562546262028,81060
majority,103,target,1,1.0,0.9991241056007896,81060
majority,103,target,2,1.0,0.8441894892672095,81060
majority,103,target,3,1.0,0.00011102886750555144,81060
majority,103,target,4,1.0,0.00011103023723460689,81059
majority,103,target,5,1.0,0.00011103023723460689,81059
majority,103,target,6,1.0,0.09024290948568327,81059
majority,103,target,7,1.0,0.9112498303704709,81059
majority,103,target,8,1.0,0.45825879914630085,81059
majority,103,target,9,1.0,0.7346130596232374,81059
majority,103,target,10,1.0,0.9997285927534265,81059
majority,103,target,11,1.0,0.9997285927534265,81059
majority,103,target,12,1.0,0.999642235902244,81059
majority,103,target,13,1.0,0.6620362945508826,81059
majority,103,target,14,1.0,0.7331326564601093,81059
stratified,103,source_heldout,0,0.1599261621077362,0.9593891592549085,5959
stratified,103,source_heldout,1,1.0,1.0,5959
stratified,103,source_heldout,2,1.0,1.0,5959
stratified,103,source_heldout,3,1.0,1.0,5959
stratified,103,source_heldout,4,1.0,1.0,5959
stratified,103,source_heldout,5,1.0,1.0,5959
stratified,103,source_heldout,6,1.0,1.0,5959
stratified,103,source_heldout,7,1.0,1.0,5959
stratified,103,source_heldout,8,1.0,1.0,5959
stratified,103,source_heldout,9,1.0,1.0,5958
stratified,103,source_heldout,10,1.0,1.0,5958
stratified,103,source_heldout,11,1.0,1.0,5958
stratified,103,source_heldout,12,1.0,1.0,5958
stratified,103,source_heldout,13,1.0,1.0,5958
stratified,103,source_heldout,14,1.0,0.31050688150386035,5958
stratified,103,target,0,0.16317542561065876,0.6503700962250185,81060
stratified,103,target,1,1.0,0.7127806563039724,81060
stratified,103,target,2,1.0,0.99900074019245,81060
stratified,103,target,3,1.0,0.5238218603503577,81060
stratified,103,target,4,1.0,0.00013570362328674176,81059
stratified,103,target,5,1.0,0.00011103023723460689,81059
stratified,103,target,6,1.0,0.026412859768810373,81059
stratified,103,target,7,1.0,0.6038934603190269,81059
stratified,103,target,8,1.0,0.503472779086838,81059
stratified,103,target,9,1.0,0.6580268693174107,81059
stratified,103,target,10,1.0,0.9997409294464525,81059
stratified,103,target,11,1.0,0.9997409294464525,81059
stratified,103,target,12,1.0,0.9996915826743483,81059
stratified,103,target,13,1.0,0.687708952738129,81059
stratified,103,target,14,1.0,0.7414229141736266,81059
logreg,103,source_heldout,0,0.05150432247433241,0.5281087430776976,5959
logreg,103,source_heldout,1,0.3939919284198074,0.8570229904346367,5959
logreg,103,source_heldout,2,0.6026295653532656,0.9966437321698272,5959
logreg,103,source_heldout,3,0.6318566268004886,0.9998321866084914,5959
logreg,103,source_heldout,4,0.6330160954321736,1.0,5959
logreg,103,source_heldout,5,0.7653181352836907,0.916428931028696,5959
logreg,103,source_heldout,6,0.8713915122884883,0.9791911394529283,5959
logreg,103,source_heldout,7,0.9195075847246724,0.9986574928679308,5959
logreg,103,source_heldout,8,0.9276531660101253,0.9998321866084914,5959
logreg,103,source_heldout,9,0.9331585730290591,1.0,5958
logreg,103,source_heldout,10,0.9332505753990719,1.0,5958
logreg,103,source_heldout,11,0.9332632240312349,1.0,5958
logreg,103,source_heldout,12,0.9393000565880989,0.9966431688486069,5958
logreg,103,source_heldout,13,0.9772739245406457,0.9998321584424303,5958
logreg,103,source_heldout,14,0.9955549214728995,0.9978180597515945,5958
logreg,103,target,0,0.017986525358459876,0.5174315321983716,81060
logreg,103,target,1,0.033364118335838626,0.14209227732543794,81060
logreg,103,target,2,0.03392931452950128,0.20941278065630398,81060
logreg,103,target,3,0.034380897402188526,0.49986429805082655,81060
logreg,103,target,4,0.034437255658783306,0.4999444848813827,81059
logreg,103,target,5,0.03598653940284363,0.7084716071010005,81059
logreg,103,target,6,0.05224336838952831,0.5503275391998421,81059
logreg,103,target,7,0.061946657536969804,0.5441221826077302,81059
logreg,103,target,8,0.061946657536969804,0.00024673386052134863,81059
logreg,103,target,9,0.061946657536969804,0.708915728049939,81059
logreg,103,target,10,0.061946657536969804,1.0,81059
logreg,103,target,11,0.11230810367731799,0.8884146115792201,81059
logreg,103,target,12,0.4940141737241096,0.9182447353162512,81059
logreg,103,target,13,0.6456700245715016,0.9549217236827496,81059
logreg,103,target,14,0.854802411568595,0.9639398462848049,81059
tree,103,source_heldout,0,0.02916136087072113,0.435475750964927,5959
tree,103,source_heldout,1,0.333539639158722,0.8727974492364491,5959
tree,103,source_heldout,2,0.9988164441416869,0.9984896794764222,5959
tree,103,source_heldout,3,1.0,1.0,5959
tree,103,source_heldout,4,1.0,1.0,5959
tree,103,source_heldout,5,1.0,1.0,5959
tree,103,source_heldout,6,1.0,1.0,5959
tree,103,source_heldout,7,1.0,1.0,5959
tree,103,source_heldout,8,1.0,1.0,5959
tree,103,source_heldout,9,1.0,1.0,5958
tree,103,source_heldout,10,1.0,1.0,5958
tree,103,source_heldout,11,1.0,1.0,5958
tree,103,source_heldout,12,1.0,1.0,5958
tree,103,source_heldout,13,1.0,1.0,5958
tree,103,source_heldout,14,1.0,0.9632426988922457,5958
tree,103,target,0,0.00639025636034256,0.861386627189736,81060
tree,103,target,1,0.0445256173409509,0.577214409079694,81060
tree,103,target,2,0.05359206829537001,0.1225018504811251,81060
tree,103,target,3,0.09460015208836274,0.28481371823340734,81060
tree,103,target,4,0.4416244576557711,0.8766330697393256,81059
tree,103,target,5,1.0,0.9999136431488175,81059
tree,103,target,6,1.0,0.9735748035381636,81059
tree,103,target,7,1.0,9.869354420853946e-05,81059
tree,103,target,8,1.0,0.00011103023723460689,81059
tree,103,target,9,1.0,0.00011103023723460689,81059
tree,103,target,10,1.0,0.4719525284052357,81059
tree,103,target,11,1.0,0.977670585622818,81059
tree,103,target,12,1.0,0.9999136431488175,81059
tree,103,target,13,1.0,0.9999259798418436,81059
tree,103,target,14,1.0,0.9605225823165842,81059
rf,103,source_heldout,0,0.22488641730115969,0.4579627454270851,5959
rf,103,source_heldout,1,0.6965304102448535,0.8481288806846786,5959
rf,103,source_heldout,2,0.9479784580347104,0.9662695083067628,5959
rf,103,source_heldout,3,0.996411800907548,0.997650612518879,5959
rf,103,source_heldout,4,0.999958215503629,1.0,5959
rf,103,source_heldout,5,1.0,1.0,5959
rf,103,source_heldout,6,1.0,1.0,5959
rf,103,source_heldout,7,1.0,1.0,5959
rf,103,source_heldout,8,1.0,1.0,5959
rf,103,source_heldout,9,1.0,1.0,5958
rf,103,source_heldout,10,1.0,1.0,5958
rf,103,source_heldout,11,1.0,1.0,5958
rf,103,source_heldout,12,1.0,1.0,5958
rf,103,source_heldout,13,1.0,1.0,5958
rf,103,source_heldout,14,1.0,1.0,5958
rf,103,target,0,0.07496555082741956,0.0014187021959042685,81060
rf,103,target,1,0.10943650718950847,0.6698865038243277,81060
rf,103,target,2,0.2365965077759205,0.49354798914384407,81060
rf,103,target,3,0.4539238288277382,0.594806316308907,81060
rf,103,target,4,0.6570967545222594,0.8559074254555324,81059
rf,103,target,5,0.7608550928993998,0.990846173774658,81059
rf,103,target,6,0.779233575641959,0.1659161845075809,81059
rf,103,target,7,0.780022910095158,0.33468214510418337,81059
rf,103,target,8,0.780022910095158,1.0,81059
rf,103,target,9,0.7890923480404354,0.7668241651142995,81059
rf,103,target,10,0.800982861386851,0.6224725200162844,81059
rf,103,target,11,0.800982861386851,0.00024673386052134863,81059
rf,103,target,12,0.800982861386851,0.6305653906413846,81059
rf,103,target,13,0.800982861386851,1.0,81059
rf,103,target,14,0.8797807554753766,0.9792250089441025,81059
xgboost,103,source_heldout,0,0.06437664479017258,0.39167645578117133,5959
xgboost,103,source_heldout,1,0.3010057508945465,0.9125692230239973,5959
xgboost,103,source_heldout,2,0.85545414686203,0.9765061251887901,5959
xgboost,103,source_heldout,3,0.9966603517532349,0.998154052693405,5959
xgboost,103,source_heldout,4,0.9987781047821045,0.9998321866084914,5959
xgboost,103,source_heldout,5,0.9991135597229004,0.9998321866084914,5959
xgboost,103,source_heldout,6,0.999455451965332,0.9973149857358617,5959
xgboost,103,source_heldout,7,0.9995622634887695,1.0,5959
xgboost,103,source_heldout,8,0.9995840191841125,0.9989931196509482,5959
xgboost,103,source_heldout,9,0.9996524453163147,1.0,5958
xgboost,103,source_heldout,10,0.9997448921203613,1.0,5958
xgboost,103,source_heldout,11,0.999779224395752,1.0,5958
xgboost,103,source_heldout,12,0.9998348355293274,0.99513259483048,5958
xgboost,103,source_heldout,13,0.999935507774353,1.0,5958
xgboost,103,source_heldout,14,0.9999598264694214,1.0,5958
xgboost,103,target,0,0.02980700694024563,0.37862077473476435,81060
xgboost,103,target,1,0.0862254798412323,0.06677769553417222,81060
xgboost,103,target,2,0.09896111488342285,0.4948556624722428,81060
xgboost,103,target,3,0.15155592560768127,0.7576486553170491,81060
xgboost,103,target,4,0.5347546935081482,0.897371050716145,81059
xgboost,103,target,5,0.7601929306983948,0.9977793952553079,81059
xgboost,103,target,6,0.7943388223648071,0.48121738486781235,81059
xgboost,103,target,7,0.8142334818840027,0.11078350337408555,81059
xgboost,103,target,8,0.8142334818840027,1.0,81059
xgboost,103,target,9,0.8345840573310852,0.8049692199509,81059
xgboost,103,target,10,0.9526513814926147,0.8630380340245993,81059
xgboost,103,target,11,0.9888289570808411,0.40681478922759967,81059
xgboost,103,target,12,0.9888289570808411,0.00022206047446921378,81059
xgboost,103,target,13,0.9888289570808411,0.8462477948161216,81059
xgboost,103,target,14,0.9888289570808411,1.0,81059
hgb,103,source_heldout,0,0.04271150009778602,0.44252391340829,5959
hgb,103,source_heldout,1,0.22763535720079947,0.8570229904346367,5959
hgb,103,source_heldout,2,0.8521966191633956,0.982211780500084,5959
hgb,103,source_heldout,3,0.9941132300857933,0.9973149857358617,5959
hgb,103,source_heldout,4,0.9974095335679697,1.0,5959
hgb,103,source_heldout,5,0.998505636463665,0.9998321866084914,5959
hgb,103,source_heldout,6,0.9990155320518462,1.0,5959
hgb,103,source_heldout,7,0.9990603488416127,1.0,5959
hgb,103,source_heldout,8,0.9995673597183141,1.0,5959
hgb,103,source_heldout,9,0.999625688578498,1.0,5958
hgb,103,source_heldout,10,0.9996328690651406,1.0,5958
hgb,103,source_heldout,11,0.9996671737327603,0.9996643168848607,5958
hgb,103,source_heldout,12,0.9997916350890438,0.9914400805639476,5958
hgb,103,source_heldout,13,0.9999130132974786,1.0,5958
hgb,103,source_heldout,14,0.9999370209544747,1.0,5958
hgb,103,target,0,0.029426395615806386,0.3889587959536146,81060
hgb,103,target,1,0.08458763452564395,0.0,81060
hgb,103,target,2,0.0969376733323859,0.635393535652603,81060
hgb,103,target,3,0.2052207145612978,0.7565630397236615,81060
hgb,103,target,4,0.5081767169545226,0.7278648885379785,81059
hgb,103,target,5,0.5853008274052275,0.0,81059
hgb,103,target,6,0.5853008274052275,0.7782849529355161,81059
hgb,103,target,7,0.5980109933576799,0.996693766269014,81059
hgb,103,target,8,0.6743032612768382,0.839919071293749,81059
hgb,103,target,9,0.7892820257641847,0.7461108575235322,81059
hgb,103,target,10,0.9481162121509076,0.9832714442566526,81059
hgb,103,target,11,0.9959704914199179,0.40681478922759967,81059
hgb,103,target,12,0.9959704914199179,0.00022206047446921378,81059
hgb,103,target,13,0.9959704914199179,0.8462477948161216,81059
hgb,103,target,14,0.9959704914199179,1.0,81059
mlp,103,source_heldout,0,0.056740038096904755,0.3906695754321195,5959
mlp,103,source_heldout,1,0.348063588142395,0.8996475918778318,5959
mlp,103,source_heldout,2,0.9217471480369568,0.9939587179056889,5959
mlp,103,source_heldout,3,0.977288544178009,0.9986574928679308,5959
mlp,103,source_heldout,4,0.9907743334770203,0.9983218660849136,5959
mlp,103,source_heldout,5,0.996148407459259,0.9993287464339654,5959
mlp,103,source_heldout,6,0.9976149797439575,1.0,5959
mlp,103,source_heldout,7,0.997739851474762,1.0,5959
mlp,103,source_heldout,8,0.9978870749473572,0.9993287464339654,5959
mlp,103,source_heldout,9,0.998792827129364,1.0,5958
mlp,103,source_heldout,10,0.9991331100463867,1.0,5958
mlp,103,source_heldout,11,0.9991788864135742,1.0,5958
mlp,103,source_heldout,12,0.9991793036460876,1.0,5958
mlp,103,source_heldout,13,0.9997257590293884,0.9988251090970124,5958
mlp,103,source_heldout,14,0.9999170899391174,0.991272239006378,5958
mlp,103,target,0,0.01671135425567627,0.5707623982235381,81060
mlp,103,target,1,0.10514474660158157,0.7186898593634345,81060
mlp,103,target,2,0.19711953401565552,0.46268196397730077,81060
mlp,103,target,3,0.2937351167201996,0.0,81060
mlp,103,target,4,0.683434784412384,0.9377737203765159,81059
mlp,103,target,5,0.8473743796348572,0.9911545911003097,81059
mlp,103,target,6,0.9008129835128784,0.643432561467573,81059
mlp,103,target,7,0.9128755927085876,0.5018936823795014,81059
mlp,103,target,8,0.9131290316581726,0.5006106663047903,81059
mlp,103,target,9,0.9159464240074158,0.617648873043092,81059
mlp,103,target,10,0.9712085723876953,0.9084123909744753,81059
mlp,103,target,11,0.9999951720237732,0.40681478922759967,81059
mlp,103,target,12,0.9999951720237732,0.00022206047446921378,81059
mlp,103,target,13,0.9999951720237732,0.8462477948161216,81059
mlp,103,target,14,0.9999951720237732,1.0,81059
majority,104,source_heldout,0,1.0,1.0,6600
majority,104,source_heldout,1,1.0,1.0,6600
majority,104,source_heldout,2,1.0,1.0,6600
majority,104,source_heldout,3,1.0,1.0,6600
majority,104,source_heldout,4,1.0,1.0,6600
majority,104,source_heldout,5,1.0,1.0,6599
majority,104,source_heldout,6,1.0,1.0,6599
majority,104,source_heldout,7,1.0,1.0,6599
majority,104,source_heldout,8,1.0,1.0,6599
majority,104,source_heldout,9,1.0,1.0,6599
majority,104,source_heldout,10,1.0,1.0,6599
majority,104,source_heldout,11,1.0,1.0,6599
majority,104,source_heldout,12,1.0,1.0,6599
majority,104,source_heldout,13,1.0,1.0,6599
majority,104,source_heldout,14,1.0,0.8140627367782998,6599
majority,104,target,0,1.0,0.6740562546262028,81060
majority,104,target,1,1.0,0.9991241056007896,81060
majority,104,target,2,1.0,0.8441894892672095,81060
majority,104,target,3,1.0,0.00011102886750555144,81060
majority,104,target,4,1.0,0.00011103023723460689,81059
majority,104,target,5,1.0,0.00011103023723460689,81059
majority,104,target,6,1.0,0.09024290948568327,81059
majority,104,target,7,1.0,0.9112498303704709,81059
majority,104,target,8,1.0,0.45825879914630085,81059
majority,104,target,9,1.0,0.7346130596232374,81059
majority,104,target,10,1.0,0.9997285927534265,81059
majority,104,target,11,1.0,0.9997285927534265,81059
majority,104,target,12,1.0,0.999642235902244,81059
majority,104,target,13,1.0,0.6620362945508826,81059
majority,104,target,14,1.0,0.7331326564601093,81059
stratified,104,source_heldout,0,0.0,1.0,6600
stratified,104,source_heldout,1,0.883030303030303,0.9865151515151516,6600
stratified,104,source_heldout,2,1.0,1.0,6600
stratified,104,source_heldout,3,1.0,1.0,6600
stratified,104,source_heldout,4,1.0,1.0,6600
stratified,104,source_heldout,5,1.0,1.0,6599
stratified,104,source_heldout,6,1.0,1.0,6599
stratified,104,source_heldout,7,1.0,1.0,6599
stratified,104,source_heldout,8,1.0,1.0,6599
stratified,104,source_heldout,9,1.0,1.0,6599
stratified,104,source_heldout,10,1.0,1.0,6599
stratified,104,source_heldout,11,1.0,1.0,6599
stratified,104,source_heldout,12,1.0,1.0,6599
stratified,104,source_heldout,13,1.0,1.0,6599
stratified,104,source_heldout,14,1.0,0.827549628731626,6599
stratified,104,target,0,0.0,0.5899703923019985,81060
stratified,104,target,1,0.8874043918085369,0.6711201579077227,81060
stratified,104,target,2,1.0,0.9991117690599556,81060
stratified,104,target,3,1.0,0.747520355292376,81060
stratified,104,target,4,1.0,0.00012336693026067432,81059
stratified,104,target,5,1.0,0.00012336693026067432,81059
stratified,104,target,6,1.0,0.002714072465734835,81059
stratified,104,target,7,1.0,0.47909547366732874,81059
stratified,104,target,8,1.0,0.5211142501141144,81059
stratified,104,target,9,1.0,0.6619005909275959,81059
stratified,104,target,10,1.0,0.993239492221715,81059
stratified,104,target,11,1.0,0.9997285927534265,81059
stratified,104,target,12,1.0,0.9996792459813223,81059
stratified,104,target,13,1.0,0.6969491358146536,81059
stratified,104,target,14,1.0,0.7439395995509444,81059
logreg,104,source_heldout,0,0.13016389905731968,0.8833333333333333,6600
logreg,104,source_heldout,1,0.396728376898518,0.9746969696969697,6600
logreg,104,source_heldout,2,0.64459365169497,0.985909090909091,6600
logreg,104,source_heldout,3,0.7596143678123256,0.9881818181818182,6600
logreg,104,source_heldout,4,0.7734025644961389,1.0,6600
logreg,104,source_heldout,5,0.7758749319587498,0.9996969237763298,6599
logreg,104,source_heldout,6,0.8290378730981127,0.9951507804212759,6599
logreg,104,source_heldout,7,0.9070954522237806,0.990453098954387,6599
logreg,104,source_heldout,8,0.9332565954584667,1.0,6599
logreg,104,source_heldout,9,0.9377126792424854,0.9998484618881649,6599
logreg,104,source_heldout,10,0.9405169513795999,1.0,6599
logreg,104,source_heldout,11,0.940518077832426,1.0,6599
logreg,104,source_heldout,12,0.9405200362445681,1.0,6599
logreg,104,source_heldout,13,0.9405294328422166,1.0,6599
logreg,104,source_heldout,14,0.9685827222383941,0.9968176996514624,6599
logreg,104,target,0,0.01896005931381263,0.5750801875154207,81060
logreg,104,target,1,0.03688264817408979,0.49550949913644216,81060
logreg,104,target,2,0.03763853244464675,0.5003207500616828,81060
logreg,104,target,3,0.03774652240873177,0.5003207500616828,81060
logreg,104,target,4,0.047306467162682615,0.7787537472705066,81059
logreg,104,target,5,0.07230624695409359,0.27021058734995496,81059
logreg,104,target,6,0.08750259575253877,0.31944632921699007,81059
logreg,104,target,7,0.11523062629229339,0.6697220543061227,81059
logreg,104,target,8,0.11523062629229339,0.00023439716749528122,81059
logreg,104,target,9,0.11523062629229339,0.5833281930445725,81059
logreg,104,target,10,0.11523062629229339,1.0,81059
logreg,104,target,11,0.1615440029510011,0.6279993584919626,81059
logreg,104,target,12,0.6156914679995904,0.9270161240577851,81059
logreg,104,target,13,0.740384714666084,0.9513934294772943,81059
logreg,104,target,14,0.8725186785345255,0.9070060079695037,81059
tree,104,source_heldout,0,0.00018267898276554356,0.9162121212121213,6600
tree,104,source_heldout,1,0.011352717315710649,0.9898484848484849,6600
tree,104,source_heldout,2,0.011406275432916432,1.0,6600
tree,104,source_heldout,3,0.08964252348135122,0.9345454545454546,6600
tree,104,source_heldout,4,0.8652042253446145,0.9912121212121212,6600
tree,104,source_heldout,5,1.0,1.0,6599
tree,104,source_heldout,6,1.0,1.0,6599
tree,104,source_heldout,7,1.0,1.0,6599
tree,104,source_heldout,8,1.0,1.0,6599
tree,104,source_heldout,9,1.0,1.0,6599
tree,104,source_heldout,10,1.0,1.0,6599
tree,104,source_heldout,11,1.0,1.0,6599
tree,104,source_heldout,12,1.0,1.0,6599
tree,104,source_heldout,13,1.0,1.0,6599
tree,104,source_heldout,14,1.0,0.9822700409152902,6599
tree,104,target,0,0.0,0.9372933629410314,81060
tree,104,target,1,0.0,0.01778929188255613,81060
tree,104,target,2,0.0,0.14246237355045646,81060
tree,104,target,3,0.0,0.8452627683197631,81060
tree,104,target,4,0.0,0.9997656028325047,81059
tree,104,target,5,0.004502680733484412,0.8706251002356309,81059
tree,104,target,6,0.05260850425300834,0.3638090773387286,81059
tree,104,target,7,0.08645164403052394,0.0901195425554226,81059
tree,104,target,8,0.15615816150412895,0.9268064002763419,81059
tree,104,target,9,0.9073395983414331,0.924437755215337,81059
tree,104,target,10,1.0,0.626222874696209,81059
tree,104,target,11,1.0,0.0,81059
tree,104,target,12,1.0,0.43629948555990083,81059
tree,104,target,13,1.0,0.9999013064557914,81059
tree,104,target,14,1.0,0.925548057587683,81059
rf,104,source_heldout,0,0.07920514072380888,0.8693939393939394,6600
rf,104,source_heldout,1,0.23871436278620883,0.9998484848484849,6600
rf,104,source_heldout,2,0.2450498420325413,0.9983333333333333,6600
rf,104,source_heldout,3,0.373800952745489,0.9743939393939394,6600
rf,104,source_heldout,4,0.5888843605639381,0.9816666666666667,6600
rf,104,source_heldout,5,0.7255488995908471,0.9990907713289893,6599
rf,104,source_heldout,6,0.7879246970286775,0.9948477041976057,6599
rf,104,source_heldout,7,0.847973362567098,0.9984846188816487,6599
rf,104,source_heldout,8,0.9086865530307264,0.998787695105319,6599
rf,104,source_heldout,9,0.9276434172152753,1.0,6599
rf,104,source_heldout,10,0.9276434172152753,1.0,6599
rf,104,source_heldout,11,0.934678258561104,1.0,6599
rf,104,source_heldout,12,0.9542327545207251,0.9995453856644946,6599
rf,104,source_heldout,13,0.9914341781469286,0.9996969237763298,6599
rf,104,source_heldout,14,0.9999922964673538,1.0,6599
rf,104,target,0,0.033063949623955,0.692832469775475,81060
rf,104,target,1,0.06854799609204745,0.0,81060
rf,104,target,2,0.18324399254362828,0.6605847520355292,81060
rf,104,target,3,0.29397057179114716,0.7039353565260301,81060
rf,104,target,4,0.39410854048428534,0.904328945582847,81059
rf,104,target,5,0.40267378517783114,0.28644567537225973,81059
rf,104,target,6,0.40267378517783114,0.00020972378144314634,81059
rf,104,target,7,0.40267378517783114,0.9666292453644876,81059
rf,104,target,8,0.4052415124942467,0.972008043523853,81059
rf,104,target,9,0.5230570800081877,0.8573631552326083,81059
rf,104,target,10,0.6030407696739419,0.2862606249768687,81059
rf,104,target,11,0.6146554212260047,0.0,81059
rf,104,target,12,0.6146554212260047,0.8433239985689436,81059
rf,104,target,13,0.617517666145964,0.9905624298350584,81059
rf,104,target,14,0.6548980336518228,0.9418571657681442,81059
xgboost,104,source_heldout,0,0.023814557120203972,0.8563636363636363,6600
xgboost,104,source_heldout,1,0.13886834681034088,0.9846969696969697,6600
xgboost,104,source_heldout,2,0.17674951255321503,0.9957575757575757,6600
xgboost,104,source_heldout,3,0.26810747385025024,0.9869696969696969,6600
xgboost,104,source_heldout,4,0.6674573421478271,0.9956060606060606,6600
xgboost,104,source_heldout,5,0.826618492603302,0.9960600090922868,6599
xgboost,104,source_heldout,6,0.8994852900505066,1.0,6599
xgboost,104,source_heldout,7,0.9170501828193665,0.9996969237763298,6599
xgboost,104,source_heldout,8,0.9314855337142944,0.9998484618881649,6599
xgboost,104,source_heldout,9,0.9338518977165222,1.0,6599
xgboost,104,source_heldout,10,0.9480046629905701,0.9996969237763298,6599
xgboost,104,source_heldout,11,0.9780648350715637,0.9993938475526595,6599
xgboost,104,source_heldout,12,0.9929330348968506,1.0,6599
xgboost,104,source_heldout,13,0.9994270205497742,1.0,6599
xgboost,104,source_heldout,14,0.9999678134918213,1.0,6599
xgboost,104,target,0,0.004952235147356987,0.8692943498642981,81060
xgboost,104,target,1,0.030284129083156586,0.8584505304712559,81060
xgboost,104,target,2,0.04567154124379158,0.5035405872193437,81060
xgboost,104,target,3,0.051526304334402084,0.0388107574636072,81060
xgboost,104,target,4,0.06629268079996109,0.5886946545109119,81059
xgboost,104,target,5,0.07169676572084427,0.46260131509147656,81059
xgboost,104,target,6,0.07749377936124802,0.4815751489655683,81059
xgboost,104,target,7,0.08246692270040512,0.6675754697195869,81059
xgboost,104,target,8,0.11037670820951462,0.6936922488557717,81059
xgboost,104,target,9,0.22968840599060059,0.7961608211302879,81059
xgboost,104,target,10,0.27140092849731445,0.5575938513921959,81059
xgboost,104,target,11,0.27140092849731445,0.00024673386052134863,81059
xgboost,104,target,12,0.27140092849731445,0.6954440592654733,81059
xgboost,104,target,13,0.27140092849731445,1.0,81059
xgboost,104,target,14,0.4019255042076111,0.8926584339801873,81059
hgb,104,source_heldout,0,0.02310601638606961,0.8695454545454545,6600
hgb,104,source_heldout,1,0.059150891123777166,0.9996969696969698,6600
hgb,104,source_heldout,2,0.061934254685460634,0.9975757575757576,6600
hgb,104,source_heldout,3,0.1937000318454423,0.9596969696969697,6600
hgb,104,source_heldout,4,0.6142571989350903,0.9922727272727273,6600
hgb,104,source_heldout,5,0.672748099263643,1.0,6599
hgb,104,source_heldout,6,0.6739896643956974,1.0,6599
hgb,104,source_heldout,7,0.7122918011902031,0.998787695105319,6599
hgb,104,source_heldout,8,0.8265210634202274,0.9974238520988028,6599
hgb,104,source_heldout,9,0.9199469676462523,0.9998484618881649,6599
hgb,104,source_heldout,10,0.9819808024394597,0.9993938475526595,6599
hgb,104,source_heldout,11,0.9932014362675863,0.9998484618881649,6599
hgb,104,source_heldout,12,0.9985197395672007,1.0,6599
hgb,104,source_heldout,13,0.9996697193646715,1.0,6599
hgb,104,source_heldout,14,0.9999524417907956,1.0,6599
hgb,104,target,0,0.005735974307539152,0.902714038983469,81060
hgb,104,target,1,0.04381119665826217,0.7605477424130274,81060
hgb,104,target,2,0.07099762115547464,0.9171971379225266,81060
hgb,104,target,3,0.09191734579766746,0.09032815198618308,81060
hgb,104,target,4,0.10625879082301404,0.3650550833343614,81059
hgb,104,target,5,0.13585518456721254,0.8666526850812372,81059
hgb,104,target,6,0.13661616918395625,0.09259921785366215,81059
hgb,104,target,7,0.13661616918395625,0.1606854266645283,81059
hgb,104,target,8,0.13661616918395625,1.0,81059
hgb,104,target,9,0.1403104969486659,0.7362291664096522,81059
hgb,104,target,10,0.15023929794133978,0.38853181016296773,81059
hgb,104,target,11,0.15426036366750834,0.9164559148274714,81059
hgb,104,target,12,0.1672968204408651,0.4164250730949062,81059
hgb,104,target,13,0.26170281280288227,0.7176130966333165,81059
hgb,104,target,14,0.49064524167755497,0.7752994732232078,81059
mlp,104,source_heldout,0,0.14873097836971283,0.8519696969696969,6600
mlp,104,source_heldout,1,0.47908100485801697,0.973939393939394,6600
mlp,104,source_heldout,2,0.6858313083648682,0.9977272727272727,6600
mlp,104,source_heldout,3,0.703178882598877,0.9984848484848485,6600
mlp,104,source_heldout,4,0.8020115494728088,0.9968181818181818,6600
mlp,104,source_heldout,5,0.8961135149002075,0.9968176996514624,6599
mlp,104,source_heldout,6,0.9811203479766846,0.9996969237763298,6599
mlp,104,source_heldout,7,0.9894862771034241,1.0,6599
mlp,104,source_heldout,8,0.9902202486991882,1.0,6599
mlp,104,source_heldout,9,0.9923627376556396,1.0,6599
mlp,104,source_heldout,10,0.9938935041427612,1.0,6599
mlp,104,source_heldout,11,0.993893563747406,1.0,6599
mlp,104,source_heldout,12,0.9938936233520508,1.0,6599
mlp,104,source_heldout,13,0.9952309131622314,1.0,6599
mlp,104,source_heldout,14,0.9987472295761108,0.9986361569934838,6599
mlp,104,target,0,0.0127321882173419,0.8112879348630644,81060
mlp,104,target,1,0.050881147384643555,0.7971132494448556,81060
mlp,104,target,2,0.12935808300971985,0.5222181100419442,81060
mlp,104,target,3,0.2188587635755539,0.7222181100419443,81060
mlp,104,target,4,0.23726800084114075,0.4998334546441481,81059
mlp,104,target,5,0.23748189210891724,0.5000678518116434,81059
mlp,104,target,6,0.23759333789348602,0.4999444848813827,81059
mlp,104,target,7,0.2647482752799988,0.9596960238838377,81059
mlp,104,target,8,0.3557519018650055,0.634648836033013,81059
mlp,104,target,9,0.4086020588874817,0.05915444305999334,81059
mlp,104,target,10,0.49153539538383484,0.9137295056687105,81059
mlp,104,target,11,0.4947240948677063,0.09953243933431205,81059
mlp,104,target,12,0.4947240948677063,0.15375220518387842,81059
mlp,104,target,13,0.4947240948677063,1.0,81059
mlp,104,target,14,0.5579335689544678,0.9331351237987145,81059
majority,105,source_heldout,0,1.0,1.0,5947
majority,105,source_heldout,1,1.0,1.0,5947
majority,105,source_heldout,2,1.0,1.0,5947
majority,105,source_heldout,3,1.0,1.0,5947
majority,105,source_heldout,4,1.0,1.0,5947
majority,105,source_heldout,5,1.0,1.0,5947
majority,105,source_heldout,6,1.0,1.0,5947
majority,105,source_heldout,7,1.0,1.0,5946
majority,105,source_heldout,8,1.0,1.0,5946
majority,105,source_heldout,9,1.0,1.0,5946
majority,105,source_heldout,10,1.0,1.0,5946
majority,105,source_heldout,11,1.0,1.0,5946
majority,105,source_heldout,12,1.0,1.0,5946
majority,105,source_heldout,13,1.0,1.0,5946
majority,105,source_heldout,14,1.0,0.9833501513622603,5946
majority,105,target,0,1.0,0.6740562546262028,81060
majority,105,target,1,1.0,0.9991241056007896,81060
majority,105,target,2,1.0,0.8441894892672095,81060
majority,105,target,3,1.0,0.00011102886750555144,81060
majority,105,target,4,1.0,0.00011103023723460689,81059
majority,105,target,5,1.0,0.00011103023723460689,81059
majority,105,target,6,1.0,0.09024290948568327,81059
majority,105,target,7,1.0,0.9112498303704709,81059
majority,105,target,8,1.0,0.45825879914630085,81059
majority,105,target,9,1.0,0.7346130596232374,81059
majority,105,target,10,1.0,0.9997285927534265,81059
majority,105,target,11,1.0,0.9997285927534265,81059
majority,105,target,12,1.0,0.999642235902244,81059
majority,105,target,13,1.0,0.6620362945508826,81059
majority,105,target,14,1.0,0.7331326564601093,81059
stratified,105,source_heldout,0,0.0,1.0,5947
stratified,105,source_heldout,1,0.8580797040524635,0.9986547839246679,5947
stratified,105,source_heldout,2,1.0,1.0,5947
stratified,105,source_heldout,3,1.0,1.0,5947
stratified,105,source_heldout,4,1.0,1.0,5947
stratified,105,source_heldout,5,1.0,1.0,5947
stratified,105,source_heldout,6,1.0,1.0,5947
stratified,105,source_heldout,7,1.0,1.0,5946
stratified,105,source_heldout,8,1.0,1.0,5946
stratified,105,source_heldout,9,1.0,1.0,5946
stratified,105,source_heldout,10,1.0,1.0,5946
stratified,105,source_heldout,11,1.0,1.0,5946
stratified,105,source_heldout,12,1.0,1.0,5946
stratified,105,source_heldout,13,1.0,1.0,5946
stratified,105,source_heldout,14,1.0,0.9846955936764211,5946
stratified,105,target,0,0.0,0.5914877868245744,81060
stratified,105,target,1,0.8641870219590427,0.6610658771280533,81060
stratified,105,target,2,1.0,0.9990870959782877,81060
stratified,105,target,3,1.0,0.7662472242783124,81060
stratified,105,target,4,1.0,0.00012336693026067432,81059
stratified,105,target,5,1.0,0.00012336693026067432,81059
stratified,105,target,6,1.0,0.0008759052048507877,81059
stratified,105,target,7,1.0,0.46852292774398896,81059
stratified,105,target,8,1.0,0.5269371692224183,81059
stratified,105,target,9,1.0,0.6654165484400252,81059
stratified,105,target,10,1.0,0.9853316719920058,81059
stratified,105,target,11,1.0,0.9997285927534265,81059
stratified,105,target,12,1.0,0.9996792459813223,81059
stratified,105,target,13,1.0,0.6974672769217484,81059
stratified,105,target,14,1.0,0.74423568018357,81059
logreg,105,source_heldout,0,0.32844646964519014,0.986211535227846,5947
logreg,105,source_heldout,1,0.6871817330090707,0.999327391962334,5947
logreg,105,source_heldout,2,0.7262948739042899,1.0,5947
logreg,105,source_heldout,3,0.7271206209076718,1.0,5947
logreg,105,source_heldout,4,0.7301548702319027,0.9998318479905834,5947
logreg,105,source_heldout,5,0.8332395509824464,1.0,5947
logreg,105,source_heldout,6,0.8987145497566034,1.0,5947
logreg,105,source_heldout,7,0.9220278555640165,1.0,5946
logreg,105,source_heldout,8,0.9251331711849482,1.0,5946
logreg,105,source_heldout,9,0.930787518914411,1.0,5946
logreg,105,source_heldout,10,0.9312334186907296,0.9998318197107299,5946
logreg,105,source_heldout,11,0.9312583694855384,1.0,5946
logreg,105,source_heldout,12,0.9312592292910593,1.0,5946
logreg,105,source_heldout,13,0.9312611026843199,1.0,5946
logreg,105,source_heldout,14,0.9630797069504253,0.998150016818029,5946
logreg,105,target,0,0.0353735404837375,0.5543671354552183,81060
logreg,105,target,1,0.06855237511753202,0.5006661732050333,81060
logreg,105,target,2,0.07005679768915124,0.500012336540834,81060
logreg,105,target,3,0.07017733782015323,0.49996299037749814,81060
logreg,105,target,4,0.07443206518614967,0.1643987712653746,81059
logreg,105,target,5,0.07754278473028066,0.053442554188924116,81059
logreg,105,target,6,0.09675782933314775,0.8813580231683095,81059
logreg,105,target,7,0.12640471808243212,0.9998272862976351,81059
logreg,105,target,8,0.12656406066923445,0.007981840387865629,81059
logreg,105,target,9,0.12656406066923445,0.24530280413032482,81059
logreg,105,target,10,0.12656406066923445,1.0,81059
logreg,105,target,11,0.15128556635561424,0.9189232534326849,81059
logreg,105,target,12,0.5809608659239215,0.9084740744396057,81059
logreg,105,target,13,0.737418147372415,0.9539717983197424,81059
logreg,105,target,14,0.8564656014487874,0.9176525740509999,81059
tree,105,source_heldout,0,0.03849339703570113,0.9986547839246679,5947
tree,105,source_heldout,1,0.03994686086706545,1.0,5947
tree,105,source_heldout,2,0.05465317676081071,0.9915923995291743,5947
tree,105,source_heldout,3,0.1758145655124039,0.9988229359340844,5947
tree,105,source_heldout,4,0.840883196200245,0.9988229359340844,5947
tree,105,source_heldout,5,0.997815279091501,1.0,5947
tree,105,source_heldout,6,1.0,1.0,5947
tree,105,source_heldout,7,1.0,1.0,5946
tree,105,source_heldout,8,1.0,1.0,5946
tree,105,source_heldout,9,1.0,1.0,5946
tree,105,source_heldout,10,1.0,1.0,5946
tree,105,source_heldout,11,1.0,1.0,5946
tree,105,source_heldout,12,1.0,1.0,5946
tree,105,source_heldout,13,1.0,1.0,5946
tree,105,source_heldout,14,1.0,0.9954591321897074,5946
tree,105,target,0,0.017305527243257617,0.63713298791019,81060
tree,105,target,1,0.06487586205855952,0.42432765852454973,81060
tree,105,target,2,0.08940595484764358,0.24441154700222056,81060
tree,105,target,3,0.13064596296228578,0.8180977054034049,81060
tree,105,target,4,0.6182832614034472,0.6406074587646036,81059
tree,105,target,5,1.0,0.9998026129115829,81059
tree,105,target,6,1.0,0.7635919515414697,81059
tree,105,target,7,1.0,0.00011103023723460689,81059
tree,105,target,8,1.0,0.00011103023723460689,81059
tree,105,target,9,1.0,0.00011103023723460689,81059
tree,105,target,10,1.0,0.638670597959511,81059
tree,105,target,11,1.0,0.98572644616884,81059
tree,105,target,12,1.0,0.9999753266139478,81059
tree,105,target,13,1.0,0.9999136431488175,81059
tree,105,target,14,1.0,0.9537497378452732,81059
rf,105,source_heldout,0,0.2769027351804048,0.993442071632756,5947
rf,105,source_heldout,1,0.2867907149213896,1.0,5947
rf,105,source_heldout,2,0.3495540641687718,0.9961325037834202,5947
rf,105,source_heldout,3,0.7237187787582551,0.9964688078022532,5947
rf,105,source_heldout,4,0.7863050797474299,0.9989910879435009,5947
rf,105,source_heldout,5,0.8827072138310054,0.9991592399529174,5947
rf,105,source_heldout,6,0.9082137574923294,0.999663695981167,5947
rf,105,source_heldout,7,0.9548343312500056,0.9994954591321897,5946
rf,105,source_heldout,8,0.9684816506775318,1.0,5946
rf,105,source_heldout,9,0.9723964653167958,1.0,5946
rf,105,source_heldout,10,0.9754013366181147,1.0,5946
rf,105,source_heldout,11,0.9767521865431537,1.0,5946
rf,105,source_heldout,12,0.9795035153744581,1.0,5946
rf,105,source_heldout,13,0.9893802419071409,1.0,5946
rf,105,source_heldout,14,0.9999535562859889,1.0,5946
rf,105,target,0,0.17700608539032342,0.49838391315075253,81060
rf,105,target,1,0.24041566158509395,0.0,81060
rf,105,target,2,0.25184269140827953,0.8017887984209228,81060
rf,105,target,3,0.40049357154047616,0.5272020725388601,81060
rf,105,target,4,0.6205946736994583,0.8158748565859436,81059
rf,105,target,5,0.7635612414068256,0.9378477405346722,81059
rf,105,target,6,0.8258578260763618,0.9685537694765541,81059
rf,105,target,7,0.847027388533429,0.0,81059
rf,105,target,8,0.847027388533429,0.30442023711123994,81059
rf,105,target,9,0.847027388533429,1.0,81059
rf,105,target,10,0.8712744032127645,0.9995558790510616,81059
rf,105,target,11,0.890413919162702,0.4046311945619857,81059
rf,105,target,12,0.890413919162702,0.00022206047446921378,81059
rf,105,target,13,0.890413919162702,0.8484313894817356,81059
rf,105,target,14,0.8904384986421565,0.9994325121208009,81059
xgboost,105,source_heldout,0,0.2096307873725891,0.9885656633596771,5947
xgboost,105,source_heldout,1,0.3321329951286316,0.9991592399529174,5947
xgboost,105,source_heldout,2,0.4119926989078522,0.9979821758870019,5947
xgboost,105,source_heldout,3,0.8012936115264893,0.9983184799058349,5947
xgboost,105,source_heldout,4,0.9654871225357056,0.999327391962334,5947
xgboost,105,source_heldout,5,0.9802398681640625,1.0,5947
xgboost,105,source_heldout,6,0.9823402762413025,1.0,5947
xgboost,105,source_heldout,7,0.9836587309837341,1.0,5946
xgboost,105,source_heldout,8,0.985408365726471,1.0,5946
xgboost,105,source_heldout,9,0.9870139956474304,1.0,5946
xgboost,105,source_heldout,10,0.9912703633308411,1.0,5946
xgboost,105,source_heldout,11,0.9928610324859619,1.0,5946
xgboost,105,source_heldout,12,0.9964503645896912,1.0,5946
xgboost,105,source_heldout,13,0.9994843602180481,1.0,5946
xgboost,105,source_heldout,14,0.9998579621315002,1.0,5946
xgboost,105,target,0,0.04530545696616173,0.4584628670120898,81060
xgboost,105,target,1,0.11583530157804489,0.13958795953614606,81060
xgboost,105,target,2,0.12661777436733246,0.3038243276585246,81060
xgboost,105,target,3,0.17035558819770813,0.834159881569208,81060
xgboost,105,target,4,0.22283202409744263,0.8897716478120875,81059
xgboost,105,target,5,0.6162306070327759,0.9586474049766219,81059
xgboost,105,target,6,0.7862263321876526,0.6292947112596997,81059
xgboost,105,target,7,0.7862263321876526,0.00024673386052134863,81059
xgboost,105,target,8,0.7862263321876526,0.6237431993979694,81059
xgboost,105,target,9,0.7862263321876526,1.0,81059
xgboost,105,target,10,0.8293287754058838,0.7982580589447192,81059
xgboost,105,target,11,0.8501697182655334,0.7247807152814616,81059
xgboost,105,target,12,0.8527481555938721,0.12115866220900826,81059
xgboost,105,target,13,0.8527758121490479,0.9102628949283855,81059
xgboost,105,target,14,0.905838668346405,0.7141464858929916,81059
hgb,105,source_heldout,0,0.057837111159909825,0.999663695981167,5947
hgb,105,source_heldout,1,0.0649745290130983,0.9986547839246679,5947
hgb,105,source_heldout,2,0.14225391118421657,0.9890701193879267,5947
hgb,105,source_heldout,3,0.7850056122650108,0.9963006557928368,5947
hgb,105,source_heldout,4,0.9462440887350358,0.999663695981167,5947
hgb,105,source_heldout,5,0.9785789933409446,1.0,5947
hgb,105,source_heldout,6,0.9835829978974115,1.0,5947
hgb,105,source_heldout,7,0.9846622664749172,1.0,5946
hgb,105,source_heldout,8,0.9846622664749172,1.0,5946
hgb,105,source_heldout,9,0.9848870028838314,1.0,5946
hgb,105,source_heldout,10,0.9917104954698532,1.0,5946
hgb,105,source_heldout,11,0.9971178917361302,1.0,5946
hgb,105,source_heldout,12,0.9986374681017226,1.0,5946
hgb,105,source_heldout,13,0.9998067748789214,1.0,5946
hgb,105,source_heldout,14,0.9999362652098204,1.0,5946
hgb,105,target,0,0.042159857377477156,0.452726375524303,81060
hgb,105,target,1,0.11270905629296255,0.8214779175919072,81060
hgb,105,target,2,0.15148858253755074,0.728966197878115,81060
hgb,105,target,3,0.1714044022709442,0.0,81060
hgb,105,target,4,0.26860283495627885,0.6183027177734737,81059
hgb,105,target,5,0.7868535417692245,0.9710211080817676,81059
hgb,105,target,6,0.8161116925187486,0.18885009684304024,81059
hgb,105,target,7,0.8161116925187486,0.3074303902096004,81059
hgb,105,target,8,0.8161116925187486,1.0,81059
hgb,105,target,9,0.845858898185181,0.9929434115890894,81059
hgb,105,target,10,0.8534994760772765,0.15897062633390494,81059
hgb,105,target,11,0.8534994760772765,0.09431401818428552,81059
hgb,105,target,12,0.8534994760772765,1.0,81059
hgb,105,target,13,0.8580675328906959,0.9993214818835663,81059
hgb,105,target,14,0.8898121476676146,0.7720179128782738,81059
mlp,105,source_heldout,0,0.5566932559013367,0.9852026231713469,5947
mlp,105,source_heldout,1,0.8264979720115662,1.0,5947
mlp,105,source_heldout,2,0.8309644460678101,1.0,5947
mlp,105,source_heldout,3,0.8774214386940002,0.9998318479905834,5947
mlp,105,source_heldout,4,0.965716540813446,0.999663695981167,5947
mlp,105,source_heldout,5,0.9952988028526306,0.9998318479905834,5947
mlp,105,source_heldout,6,0.9965713620185852,1.0,5947
mlp,105,source_heldout,7,0.9975953698158264,1.0,5946
mlp,105,source_heldout,8,0.9987305998802185,1.0,5946
mlp,105,source_heldout,9,0.9987305998802185,1.0,5946
mlp,105,source_heldout,10,0.9987305998802185,1.0,5946
mlp,105,source_heldout,11,0.9987452030181885,1.0,5946
mlp,105,source_heldout,12,0.9992364645004272,1.0,5946
mlp,105,source_heldout,13,0.9997786283493042,1.0,5946
mlp,105,source_heldout,14,0.9999623894691467,0.9988227379751093,5946
mlp,105,target,0,0.013416031375527382,0.5864298050826549,81060
mlp,105,target,1,0.0965513214468956,0.24777942264988898,81060
mlp,105,target,2,0.10609777271747589,0.2392301998519615,81060
mlp,105,target,3,0.1386716365814209,0.7156797433999507,81060
mlp,105,target,4,0.28983548283576965,0.8600032075401868,81059
mlp,105,target,5,0.5071340799331665,0.8079300262771562,81059
mlp,105,target,6,0.5548028349876404,0.504743458468523,81059
mlp,105,target,7,0.5556024312973022,0.5002035554349301,81059
mlp,105,target,8,0.555846095085144,0.5003022489791387,81059
mlp,105,target,9,0.5900819301605225,0.9548723769106453,81059
mlp,105,target,10,0.7804785966873169,0.6320951405766171,81059
mlp,105,target,11,0.7881656885147095,0.4910744025956402,81059
mlp,105,target,12,0.7881657481193542,0.9043042721967949,81059
mlp,105,target,13,0.7881658673286438,0.22342984739510727,81059
mlp,105,target,14,0.8213490843772888,0.9382671880975586,81059
majority,106,source_heldout,0,1.0,1.0,5853
majority,106,source_heldout,1,1.0,1.0,5853
majority,106,source_heldout,2,1.0,1.0,5853
majority,106,source_heldout,3,1.0,1.0,5853
majority,106,source_heldout,4,1.0,1.0,5853
majority,106,source_heldout,5,1.0,1.0,5853
majority,106,source_heldout,6,1.0,1.0,5853
majority,106,source_heldout,7,1.0,1.0,5853
majority,106,source_heldout,8,1.0,1.0,5853
majority,106,source_heldout,9,1.0,1.0,5853
majority,106,source_heldout,10,1.0,1.0,5853
majority,106,source_heldout,11,1.0,1.0,5853
majority,106,source_heldout,12,1.0,1.0,5853
majority,106,source_heldout,13,1.0,1.0,5853
majority,106,source_heldout,14,1.0,0.4103878352981377,5853
majority,106,target,0,1.0,0.6740562546262028,81060
majority,106,target,1,1.0,0.9991241056007896,81060
majority,106,target,2,1.0,0.8441894892672095,81060
majority,106,target,3,1.0,0.00011102886750555144,81060
majority,106,target,4,1.0,0.00011103023723460689,81059
majority,106,target,5,1.0,0.00011103023723460689,81059
majority,106,target,6,1.0,0.09024290948568327,81059
majority,106,target,7,1.0,0.9112498303704709,81059
majority,106,target,8,1.0,0.45825879914630085,81059
majority,106,target,9,1.0,0.7346130596232374,81059
majority,106,target,10,1.0,0.9997285927534265,81059
majority,106,target,11,1.0,0.9997285927534265,81059
majority,106,target,12,1.0,0.999642235902244,81059
majority,106,target,13,1.0,0.6620362945508826,81059
majority,106,target,14,1.0,0.7331326564601093,81059
stratified,106,source_heldout,0,0.09960703912523493,0.9678797198018111,5853
stratified,106,source_heldout,1,1.0,1.0,5853
stratified,106,source_heldout,2,1.0,1.0,5853
stratified,106,source_heldout,3,1.0,1.0,5853
stratified,106,source_heldout,4,1.0,1.0,5853
stratified,106,source_heldout,5,1.0,1.0,5853
stratified,106,source_heldout,6,1.0,1.0,5853
stratified,106,source_heldout,7,1.0,1.0,5853
stratified,106,source_heldout,8,1.0,1.0,5853
stratified,106,source_heldout,9,1.0,1.0,5853
stratified,106,source_heldout,10,1.0,1.0,5853
stratified,106,source_heldout,11,1.0,1.0,5853
stratified,106,source_heldout,12,1.0,1.0,5853
stratified,106,source_heldout,13,1.0,1.0,5853
stratified,106,source_heldout,14,1.0,0.4425081154963267,5853
stratified,106,target,0,0.10049346163335801,0.6383789785344189,81060
stratified,106,target,1,1.0,0.7012213175425611,81060
stratified,106,target,2,1.0,0.9990500863557858,81060
stratified,106,target,3,1.0,0.5752035529237601,81060
stratified,106,target,4,1.0,0.00012336693026067432,81059
stratified,106,target,5,1.0,0.00012336693026067432,81059
stratified,106,target,6,1.0,0.025055823535942955,81059
stratified,106,target,7,1.0,0.5713616008092871,81059
stratified,106,target,8,1.0,0.507321827310971,81059
stratified,106,target,9,1.0,0.6575210649033421,81059
stratified,106,target,10,1.0,0.9997409294464525,81059
stratified,106,target,11,1.0,0.9997409294464525,81059
stratified,106,target,12,1.0,0.9996915826743483,81059
stratified,106,target,13,1.0,0.6919774485251483,81059
stratified,106,target,14,1.0,0.7398191440802379,81059
logreg,106,source_heldout,0,0.11109307893753215,0.7536306167777208,5853
logreg,106,source_heldout,1,0.3415483838056001,0.7594396036220742,5853
logreg,106,source_heldout,2,0.5826585696276743,0.9841107124551512,5853
logreg,106,source_heldout,3,0.6210520239013101,0.9994874423372629,5853
logreg,106,source_heldout,4,0.6221921075062159,0.9998291474457544,5853
logreg,106,source_heldout,5,0.7102975898693461,0.9248248761318981,5853
logreg,106,source_heldout,6,0.8755761107150987,0.9952161284811208,5853
logreg,106,source_heldout,7,0.9268214615777745,0.9989748846745259,5853
logreg,106,source_heldout,8,0.936277175371268,0.9996582948915086,5853
logreg,106,source_heldout,9,0.9409200061293597,1.0,5853
logreg,106,source_heldout,10,0.9410921981996458,1.0,5853
logreg,106,source_heldout,11,0.9411017024851324,1.0,5853
logreg,106,source_heldout,12,0.9458399327130729,0.9993165897830173,5853
logreg,106,source_heldout,13,0.9757188370571224,0.9977789167948061,5853
logreg,106,source_heldout,14,0.9942784708538166,0.9981206219032974,5853
logreg,106,target,0,0.024539325470321005,0.4342092277325438,81060
logreg,106,target,1,0.04456569123219047,0.4508635578583765,81060
logreg,106,target,2,0.046719844734183384,0.4999753269183321,81060
logreg,106,target,3,0.04679251610586024,0.4999506538366642,81060
logreg,106,target,4,0.04882284211159764,0.7106428650735884,81059
logreg,106,target,5,0.059579075445606144,0.12379871451658668,81059
logreg,106,target,6,0.07278738629955349,0.40549476307381044,81059
logreg,106,target,7,0.09931322087137645,0.9567105441715293,81059
logreg,106,target,8,0.09939847296147965,0.00023439716749528122,81059
logreg,106,target,9,0.09939847296147965,0.2861125846605559,81059
logreg,106,target,10,0.09939847296147965,1.0,81059
logreg,106,target,11,0.12868634987272898,0.9032679899826053,81059
logreg,106,target,12,0.5451118498330344,0.9158020700970898,81059
logreg,106,target,13,0.6687527256180998,0.9620029854797123,81059
logreg,106,target,14,0.8674127440314511,0.9572780320507285,81059
tree,106,source_heldout,0,0.055006098680746095,0.6540235776524859,5853
tree,106,source_heldout,1,0.4405381973577709,0.9335383563984282,5853
tree,106,source_heldout,2,0.9942809166912205,1.0,5853
tree,106,source_heldout,3,0.9942809166912205,1.0,5853
tree,106,source_heldout,4,0.9942809166912205,1.0,5853
tree,106,source_heldout,5,0.9976089873814142,0.9977789167948061,5853
tree,106,source_heldout,6,1.0,1.0,5853
tree,106,source_heldout,7,1.0,1.0,5853
tree,106,source_heldout,8,1.0,1.0,5853
tree,106,source_heldout,9,1.0,1.0,5853
tree,106,source_heldout,10,1.0,1.0,5853
tree,106,source_heldout,11,1.0,1.0,5853
tree,106,source_heldout,12,1.0,1.0,5853
tree,106,source_heldout,13,1.0,1.0,5853
tree,106,source_heldout,14,1.0,0.8250469844524175,5853
tree,106,target,0,0.013346533767668985,0.7150752528990871,81060
tree,106,target,1,0.04306788006442714,0.2937330372563533,81060
tree,106,target,2,0.052312291499905836,0.29786577843572665,81060
tree,106,target,3,0.1066026518013536,0.8217123118677523,81060
tree,106,target,4,0.4221852739424357,0.6952960189491605,81059
tree,106,target,5,1.0,0.9703796000444121,81059
tree,106,target,6,1.0,0.8974450708743015,81059
tree,106,target,7,1.0,0.00011103023723460689,81059
tree,106,target,8,1.0,0.00011103023723460689,81059
tree,106,target,9,1.0,0.00011103023723460689,81059
tree,106,target,10,1.0,0.5121701476702155,81059
tree,106,target,11,1.0,0.9647170579454472,81059
tree,106,target,12,1.0,0.9999629899209218,81059
tree,106,target,13,1.0,0.9999259798418436,81059
tree,106,target,14,1.0,0.9377243736044116,81059
rf,106,source_heldout,0,0.24351777252679588,0.64633521271143,5853
rf,106,source_heldout,1,0.6810609947290346,0.8067657611481291,5853
rf,106,source_heldout,2,0.914935755955609,0.9654877840423715,5853
rf,106,source_heldout,3,0.9755120349821529,0.9996582948915086,5853
rf,106,source_heldout,4,0.9887268603609402,0.994020160601401,5853
rf,106,source_heldout,5,0.9999461535744868,1.0,5853
rf,106,source_heldout,6,1.0,1.0,5853
rf,106,source_heldout,7,1.0,1.0,5853
rf,106,source_heldout,8,1.0,1.0,5853
rf,106,source_heldout,9,1.0,1.0,5853
rf,106,source_heldout,10,1.0,1.0,5853
rf,106,source_heldout,11,1.0,1.0,5853
rf,106,source_heldout,12,1.0,1.0,5853
rf,106,source_heldout,13,1.0,1.0,5853
rf,106,source_heldout,14,1.0,0.9981206219032974,5853
rf,106,target,0,0.07250705017521214,0.001159634838391315,81060
rf,106,target,1,0.09536464686303595,0.6762644954354798,81060
rf,106,target,2,0.2721643901552338,0.595558845299778,81060
rf,106,target,3,0.5574267378749433,0.5438687392055268,81060
rf,106,target,4,0.7433422905211677,0.8268791867651957,81059
rf,106,target,5,0.8998740228081636,0.9928940648169852,81059
rf,106,target,6,0.9069185797408004,0.17788277674286632,81059
rf,106,target,7,0.9069185797408004,0.07540186777532415,81059
rf,106,target,8,0.9069185797408004,1.0,81059
rf,106,target,9,0.9076190843491457,0.9962743187061276,81059
rf,106,target,10,0.9315522766810383,0.9967924598132225,81059
rf,106,target,11,0.9745450008735165,0.49655189429921415,81059
rf,106,target,12,0.9745450008735165,0.0,81059
rf,106,target,13,0.9745450008735165,0.7770266102468573,81059
rf,106,target,14,0.9748462350597743,0.9497896593839056,81059
xgboost,106,source_heldout,0,0.09963414072990417,0.6292499572868614,5853
xgboost,106,source_heldout,1,0.38231638073921204,0.8728856996412097,5853
xgboost,106,source_heldout,2,0.7633014917373657,0.9138903126601743,5853
xgboost,106,source_heldout,3,0.9903226494789124,0.9977789167948061,5853
xgboost,106,source_heldout,4,0.9966434240341187,0.9989748846745259,5853
xgboost,106,source_heldout,5,0.9973533749580383,1.0,5853
xgboost,106,source_heldout,6,0.9984990358352661,1.0,5853
xgboost,106,source_heldout,7,0.999214231967926,1.0,5853
xgboost,106,source_heldout,8,0.999506950378418,0.9976080642405604,5853
xgboost,106,source_heldout,9,0.9997328519821167,1.0,5853
xgboost,106,source_heldout,10,0.9997856020927429,1.0,5853
xgboost,106,source_heldout,11,0.9998213648796082,1.0,5853
xgboost,106,source_heldout,12,0.9998537302017212,1.0,5853
xgboost,106,source_heldout,13,0.9999069571495056,1.0,5853
xgboost,106,source_heldout,14,0.999968945980072,1.0,5853
xgboost,106,target,0,0.038056597113609314,0.7271773994571922,81060
xgboost,106,target,1,0.10134577006101608,0.5650382432765853,81060
xgboost,106,target,2,0.1740845888853073,0.1827535159141377,81060
xgboost,106,target,3,0.24382241070270538,0.2900814211695041,81060
xgboost,106,target,4,0.6420547962188721,0.931037885984283,81059
xgboost,106,target,5,0.9019629955291748,0.8978645184371877,81059
xgboost,106,target,6,0.9474381804466248,0.534770969293971,81059
xgboost,106,target,7,0.9474381804466248,0.00024673386052134863,81059
xgboost,106,target,8,0.9474381804466248,0.7182669413636981,81059
xgboost,106,target,9,0.9474381804466248,1.0,81059
xgboost,106,target,10,0.9652107357978821,0.753759607199694,81059
xgboost,106,target,11,0.9831836223602295,0.48576962459443124,81059
xgboost,106,target,12,0.9838443398475647,0.023192982889006772,81059
xgboost,106,target,13,0.9838443398475647,1.0,81059
xgboost,106,target,14,0.9851493239402771,0.9963853489433623,81059
hgb,106,source_heldout,0,0.1179688800427994,0.621903297454297,5853
hgb,106,source_heldout,1,0.35640219075219776,0.8224841961387322,5853
hgb,106,source_heldout,2,0.8172682821498095,0.970613360669742,5853
hgb,106,source_heldout,3,0.9827517285078851,0.9988040321202802,5853
hgb,106,source_heldout,4,0.9897482533863926,1.0,5853
hgb,106,source_heldout,5,0.9939858355129898,0.9994874423372629,5853
hgb,106,source_heldout,6,0.997163796610613,0.9988040321202802,5853
hgb,106,source_heldout,7,0.998489251225302,1.0,5853
hgb,106,source_heldout,8,0.9991944673954409,1.0,5853
hgb,106,source_heldout,9,0.9994909798338931,1.0,5853
hgb,106,source_heldout,10,0.9995492486869597,1.0,5853
hgb,106,source_heldout,11,0.9995935684542113,1.0,5853
hgb,106,source_heldout,12,0.9998448550925788,0.9982914744575432,5853
hgb,106,source_heldout,13,0.9999526842473824,1.0,5853
hgb,106,source_heldout,14,0.9999793547648691,1.0,5853
hgb,106,target,0,0.040678641310519965,0.7804835924006909,81060
hgb,106,target,1,0.07993899126236036,0.38095238095238093,81060
hgb,106,target,2,0.09420935150220297,0.0,81060
hgb,106,target,3,0.16153236626035072,0.671551936836911,81060
hgb,106,target,4,0.6691550937819998,0.8669734390999149,81059
hgb,106,target,5,0.909129928156651,0.943288222159168,81059
hgb,106,target,6,0.9328281692893494,0.5401621041463626,81059
hgb,106,target,7,0.9328281692893494,0.00024673386052134863,81059
hgb,106,target,8,0.9328281692893494,0.7128758065113066,81059
hgb,106,target,9,0.9328281692893494,1.0,81059
hgb,106,target,10,0.9584453279304583,0.9400436718933123,81059
hgb,106,target,11,0.9790630405974919,0.13664121195672288,81059
hgb,106,target,12,0.9805426247805754,0.13551857289135075,81059
hgb,106,target,13,0.9805426247805754,1.0,81059
hgb,106,target,14,0.9824899449007616,0.997606681552943,81059
mlp,106,source_heldout,0,0.09033212810754776,0.6186570989236289,5853
mlp,106,source_heldout,1,0.30610185861587524,0.8250469844524175,5853
mlp,106,source_heldout,2,0.8293255567550659,0.970613360669742,5853
mlp,106,source_heldout,3,0.9900189638137817,0.9981206219032974,5853
mlp,106,source_heldout,4,0.9985963106155396,0.9981206219032974,5853
mlp,106,source_heldout,5,0.999733030796051,0.9998291474457544,5853
mlp,106,source_heldout,6,0.9998628497123718,1.0,5853
mlp,106,source_heldout,7,0.9998853206634521,1.0,5853
mlp,106,source_heldout,8,0.9999178051948547,1.0,5853
mlp,106,source_heldout,9,0.9999404549598694,1.0,5853
mlp,106,source_heldout,10,0.9999639391899109,1.0,5853
mlp,106,source_heldout,11,0.999977171421051,1.0,5853
mlp,106,source_heldout,12,0.999977171421051,1.0,5853
mlp,106,source_heldout,13,0.9999785423278809,1.0,5853
mlp,106,source_heldout,14,0.999988317489624,1.0,5853
mlp,106,target,0,0.013480128720402718,0.5704909943251912,81060
mlp,106,target,1,0.11558405309915543,0.7255489760671108,81060
mlp,106,target,2,0.1883954256772995,0.45935109795213425,81060
mlp,106,target,3,0.20941263437271118,0.02620281273131014,81060
mlp,106,target,4,0.5919696688652039,0.9005292441308183,81059
mlp,106,target,5,0.9724864959716797,0.9812482266003775,81059
mlp,106,target,6,0.993198037147522,0.6587794075920009,81059
mlp,106,target,7,0.9937915802001953,0.5002775755930865,81059
mlp,106,target,8,0.9938056468963623,0.4971317188714393,81059
mlp,106,target,9,0.993971586227417,0.6173898024895447,81059
mlp,106,target,10,0.9950111508369446,0.9999629899209218,81059
mlp,106,target,11,0.9952274560928345,0.25681293872364575,81059
mlp,106,target,12,0.9952274560928345,0.0017518104097015753,81059
mlp,106,target,13,0.9952274560928345,0.9947198953848432,81059
mlp,106,target,14,0.995509922504425,0.9161474975018197,81059
majority,107,source_heldout,0,1.0,1.0,5909
majority,107,source_heldout,1,1.0,1.0,5909
majority,107,source_heldout,2,1.0,1.0,5908
majority,107,source_heldout,3,1.0,1.0,5908
majority,107,source_heldout,4,1.0,1.0,5908
majority,107,source_heldout,5,1.0,1.0,5908
majority,107,source_heldout,6,1.0,1.0,5908
majority,107,source_heldout,7,1.0,1.0,5908
majority,107,source_heldout,8,1.0,1.0,5908
majority,107,source_heldout,9,1.0,1.0,5908
majority,107,source_heldout,10,1.0,1.0,5908
majority,107,source_heldout,11,1.0,1.0,5908
majority,107,source_heldout,12,1.0,1.0,5908
majority,107,source_heldout,13,1.0,1.0,5908
majority,107,source_heldout,14,1.0,0.9967840216655383,5908
majority,107,target,0,1.0,0.6740562546262028,81060
majority,107,target,1,1.0,0.9991241056007896,81060
majority,107,target,2,1.0,0.8441894892672095,81060
majority,107,target,3,1.0,0.00011102886750555144,81060
majority,107,target,4,1.0,0.00011103023723460689,81059
majority,107,target,5,1.0,0.00011103023723460689,81059
majority,107,target,6,1.0,0.09024290948568327,81059
majority,107,target,7,1.0,0.9112498303704709,81059
majority,107,target,8,1.0,0.45825879914630085,81059
majority,107,target,9,1.0,0.7346130596232374,81059
majority,107,target,10,1.0,0.9997285927534265,81059
majority,107,target,11,1.0,0.9997285927534265,81059
majority,107,target,12,1.0,0.999642235902244,81059
majority,107,target,13,1.0,0.6620362945508826,81059
majority,107,target,14,1.0,0.7331326564601093,81059
stratified,107,source_heldout,0,0.0,1.0,5909
stratified,107,source_heldout,1,0.863428668133356,0.9998307666271788,5909
stratified,107,source_heldout,2,1.0,1.0,5908
stratified,107,source_heldout,3,1.0,1.0,5908
stratified,107,source_heldout,4,1.0,1.0,5908
stratified,107,source_heldout,5,1.0,1.0,5908
stratified,107,source_heldout,6,1.0,1.0,5908
stratified,107,source_heldout,7,1.0,1.0,5908
stratified,107,source_heldout,8,1.0,1.0,5908
stratified,107,source_heldout,9,1.0,1.0,5908
stratified,107,source_heldout,10,1.0,1.0,5908
stratified,107,source_heldout,11,1.0,1.0,5908
stratified,107,source_heldout,12,1.0,1.0,5908
stratified,107,source_heldout,13,1.0,1.0,5908
stratified,107,source_heldout,14,1.0,0.9969532836831415,5908
stratified,107,target,0,0.0,0.5913027387120652,81060
stratified,107,target,1,0.8675302245250431,0.6625339254872934,81060
stratified,107,target,2,1.0,0.9990870959782877,81060
stratified,107,target,3,1.0,0.7635208487540094,81060
stratified,107,target,4,1.0,0.00012336693026067432,81059
stratified,107,target,5,1.0,0.00012336693026067432,81059
stratified,107,target,6,1.0,0.0011226390653721365,81059
stratified,107,target,7,1.0,0.47004034098619524,81059
stratified,107,target,8,1.0,0.5254814394453423,81059
stratified,107,target,9,1.0,0.6655769254493641,81059
stratified,107,target,10,1.0,0.9864543110573779,81059
stratified,107,target,11,1.0,0.9997285927534265,81059
stratified,107,target,12,1.0,0.9996792459813223,81059
stratified,107,target,13,1.0,0.6973439099914877,81059
stratified,107,target,14,1.0,0.7442110067975178,81059
logreg,107,source_heldout,0,0.3432671822209155,0.9972922660348621,5909
logreg,107,source_heldout,1,0.6911640390173289,1.0,5909
logreg,107,source_heldout,2,0.7269820910001864,1.0,5908
logreg,107,source_heldout,3,0.7279475366026963,1.0,5908
logreg,107,source_heldout,4,0.7312945220555699,1.0,5908
logreg,107,source_heldout,5,0.830567578474709,0.9998307379823967,5908
logreg,107,source_heldout,6,0.8983369970510533,0.9996614759647935,5908
logreg,107,source_heldout,7,0.9213345904353134,1.0,5908
logreg,107,source_heldout,8,0.9244389838792447,1.0,5908
logreg,107,source_heldout,9,0.9300924729486547,1.0,5908
logreg,107,source_heldout,10,0.9304399364562134,1.0,5908
logreg,107,source_heldout,11,0.9304457433947247,1.0,5908
logreg,107,source_heldout,12,0.9304465521842901,1.0,5908
logreg,107,source_heldout,13,0.9304483402660568,1.0,5908
logreg,107,source_heldout,14,0.9625904480332111,1.0,5908
logreg,107,target,0,0.03408812061671271,0.5424006908462867,81060
logreg,107,target,1,0.0649110234213299,0.48819393042190967,81060
logreg,107,target,2,0.06654753310642221,0.4999013076733284,81060
logreg,107,target,3,0.06666014489441777,0.4998396249691586,81060
logreg,107,target,4,0.07177136948619646,0.7204258626432598,81059
logreg,107,target,5,0.07749477691606298,0.0,81059
logreg,107,target,6,0.09508403981849073,0.34960954366572494,81059
logreg,107,target,7,0.12480427935677144,0.9983715565205591,81059
logreg,107,target,8,0.12607944488759557,0.08604843385682034,81059
logreg,107,target,9,0.12607944488759557,0.16723621066137012,81059
logreg,107,target,10,0.12607944488759557,1.0,81059
logreg,107,target,11,0.1441194004616772,0.9340850491617217,81059
logreg,107,target,12,0.5464950123446399,0.901010375158835,81059
logreg,107,target,13,0.6623074806778151,0.960300521842115,81059
logreg,107,target,14,0.8334418118468645,0.9589188122231954,81059
tree,107,source_heldout,0,0.013755158594787405,0.9994922998815366,5909
tree,107,source_heldout,1,0.016279605910344767,1.0,5909
tree,107,source_heldout,2,0.055892385269833714,0.9984766418415707,5908
tree,107,source_heldout,3,0.9481423232330454,1.0,5908
tree,107,source_heldout,4,0.9979519149172033,1.0,5908
tree,107,source_heldout,5,0.9989277712997477,1.0,5908
tree,107,source_heldout,6,1.0,1.0,5908
tree,107,source_heldout,7,1.0,1.0,5908
tree,107,source_heldout,8,1.0,1.0,5908
tree,107,source_heldout,9,1.0,1.0,5908
tree,107,source_heldout,10,1.0,1.0,5908
tree,107,source_heldout,11,1.0,1.0,5908
tree,107,source_heldout,12,1.0,1.0,5908
tree,107,source_heldout,13,1.0,1.0,5908
tree,107,source_heldout,14,1.0,0.9988151658767772,5908
tree,107,target,0,0.00654933294273459,0.7735627929928448,81060
tree,107,target,1,0.04420105489278861,0.7726498889711325,81060
tree,107,target,2,0.08735698348112585,0.13291389094497902,81060
tree,107,target,3,0.1298600864497124,0.3230940044411547,81060
tree,107,target,4,0.5750388015959302,0.7957413735674015,81059
tree,107,target,5,1.0,0.9997039193673743,81059
tree,107,target,6,1.0,0.8789647047212524,81059
tree,107,target,7,1.0,0.00011103023723460689,81059
tree,107,target,8,1.0,0.00011103023723460689,81059
tree,107,target,9,1.0,0.00011103023723460689,81059
tree,107,target,10,1.0,0.5292934775903971,81059
tree,107,target,11,1.0,0.9585240380463613,81059
tree,107,target,12,1.0,0.9999753266139478,81059
tree,107,target,13,1.0,0.9999506532278958,81059
tree,107,target,14,1.0,0.941635105293675,81059
rf,107,source_heldout,0,0.3554377033454708,0.9993230665087155,5909
rf,107,source_heldout,1,0.38035097262040607,1.0,5909
rf,107,source_heldout,2,0.4438719549096778,0.999322951929587,5908
rf,107,source_heldout,3,0.7275258210885196,0.9981381178063643,5908
rf,107,source_heldout,4,0.8431236202644913,1.0,5908
rf,107,source_heldout,5,0.8799706539742851,1.0,5908
rf,107,source_heldout,6,0.8862009079946785,1.0,5908
rf,107,source_heldout,7,0.9301443606543472,1.0,5908
rf,107,source_heldout,8,0.9717239992200066,1.0,5908
rf,107,source_heldout,9,0.984463693045936,1.0,5908
rf,107,source_heldout,10,0.9887249364939963,1.0,5908
rf,107,source_heldout,11,0.989171474451023,1.0,5908
rf,107,source_heldout,12,0.9892703072261183,1.0,5908
rf,107,source_heldout,13,0.995772163948967,1.0,5908
rf,107,source_heldout,14,0.9998858335070198,1.0,5908
rf,107,target,0,0.08107235506338001,0.4514680483592401,81060
rf,107,target,1,0.12535473533118718,0.19632371083148284,81060
rf,107,target,2,0.23743491455679572,0.5819516407599309,81060
rf,107,target,3,0.45342954558429155,0.5353071798667653,81060
rf,107,target,4,0.654676857591304,0.8957796173157824,81059
rf,107,target,5,0.781899914867841,0.9198361687166138,81059
rf,107,target,6,0.8270143628172235,0.59641742434523,81059
rf,107,target,7,0.8270143628172235,0.00024673386052134863,81059
rf,107,target,8,0.8270143628172235,0.6566204863124391,81059
rf,107,target,9,0.8270143628172235,1.0,81059
rf,107,target,10,0.8461904981458455,0.9992597984184359,81059
rf,107,target,11,0.890968489864645,0.5970095856104812,81059
rf,107,target,12,0.8960391156505594,0.0,81059
rf,107,target,13,0.8960391156505594,0.7162807337865011,81059
rf,107,target,14,0.8964683259301726,0.9598440642001506,81059
xgboost,107,source_heldout,0,0.11641032993793488,0.9994922998815366,5909
xgboost,107,source_heldout,1,0.14866061508655548,0.9998307666271788,5909
xgboost,107,source_heldout,2,0.257284551858902,0.998645903859174,5908
xgboost,107,source_heldout,3,0.8267704248428345,0.999322951929587,5908
xgboost,107,source_heldout,4,0.9260688424110413,0.9994922139471902,5908
xgboost,107,source_heldout,5,0.9609072804450989,1.0,5908
xgboost,107,source_heldout,6,0.9716098308563232,1.0,5908
xgboost,107,source_heldout,7,0.9785584211349487,1.0,5908
xgboost,107,source_heldout,8,0.9834563136100769,1.0,5908
xgboost,107,source_heldout,9,0.98499995470047,1.0,5908
xgboost,107,source_heldout,10,0.987811803817749,1.0,5908
xgboost,107,source_heldout,11,0.9908609390258789,1.0,5908
xgboost,107,source_heldout,12,0.995469868183136,1.0,5908
xgboost,107,source_heldout,13,0.9988295435905457,1.0,5908
xgboost,107,source_heldout,14,0.9997287392616272,1.0,5908
xgboost,107,target,0,0.030480150133371353,0.6708734270910437,81060
xgboost,107,target,1,0.08768372237682343,0.5129163582531459,81060
xgboost,107,target,2,0.12268364429473877,0.025857389587959537,81060
xgboost,107,target,3,0.1493389904499054,0.6179866765358993,81060
xgboost,107,target,4,0.2505521774291992,0.7912014705338087,81059
xgboost,107,target,5,0.46091407537460327,0.9120763888032174,81059
xgboost,107,target,6,0.6250861883163452,0.1918232398623225,81059
xgboost,107,target,7,0.6352387070655823,0.8079423629701822,81059
xgboost,107,target,8,0.6527925133705139,0.7110006291713443,81059
xgboost,107,target,9,0.6765246987342834,0.7497625186592483,81059
xgboost,107,target,10,0.6975353956222534,0.997248917455187,81059
xgboost,107,target,11,0.6993522644042969,0.10340616094449721,81059
xgboost,107,target,12,0.6993522644042969,0.14987848357369324,81059
xgboost,107,target,13,0.6993522644042969,1.0,81059
xgboost,107,target,14,0.7174036502838135,0.8643703968714147,81059
hgb,107,source_heldout,0,0.25651460343811855,0.998646133017431,5909
hgb,107,source_heldout,1,0.3510859694876205,0.9998307666271788,5909
hgb,107,source_heldout,2,0.3913195695315631,0.9994922139471902,5908
hgb,107,source_heldout,3,0.8457748559453088,0.9988151658767772,5908
hgb,107,source_heldout,4,0.9571069821475071,1.0,5908
hgb,107,source_heldout,5,0.9708891459465142,1.0,5908
hgb,107,source_heldout,6,0.9753964518066427,1.0,5908
hgb,107,source_heldout,7,0.9767636227726655,1.0,5908
hgb,107,source_heldout,8,0.9795399285407793,1.0,5908
hgb,107,source_heldout,9,0.9814145147554993,1.0,5908
hgb,107,source_heldout,10,0.9922195265973217,1.0,5908
hgb,107,source_heldout,11,0.9984198435454904,1.0,5908
hgb,107,source_heldout,12,0.9993688753531376,1.0,5908
hgb,107,source_heldout,13,0.9998586299696548,1.0,5908
hgb,107,source_heldout,14,0.9999697163308305,1.0,5908
hgb,107,target,0,0.03853470214249691,0.8434246237355045,81060
hgb,107,target,1,0.1020577388364617,0.2117320503330866,81060
hgb,107,target,2,0.11895992597217833,0.17448803355539108,81060
hgb,107,target,3,0.1577087154856485,0.698272884283247,81060
hgb,107,target,4,0.27584905553266403,0.7075957018961497,81059
hgb,107,target,5,0.5976381169341086,0.9857511195548921,81059
hgb,107,target,6,0.6000052555930872,0.010732922932678666,81059
hgb,107,target,7,0.6000052555930872,0.24255172158551178,81059
hgb,107,target,8,0.6000052555930872,1.0,81059
hgb,107,target,9,0.6331326306530264,0.980791768958413,81059
hgb,107,target,10,0.726327258276648,0.9907598169234755,81059
hgb,107,target,11,0.7815321947673386,0.07114570868133088,81059
hgb,107,target,12,0.7818992964031073,0.4681528269532069,81059
hgb,107,target,13,0.7819377501067794,0.9999259798418436,81059
hgb,107,target,14,0.8522697787297395,0.7210180239085111,81059
mlp,107,source_heldout,0,0.3190574049949646,0.9967845659163987,5909
mlp,107,source_heldout,1,0.7377748489379883,1.0,5909
mlp,107,source_heldout,2,0.8482415676116943,1.0,5908
mlp,107,source_heldout,3,0.8509763479232788,1.0,5908
mlp,107,source_heldout,4,0.9074887037277222,1.0,5908
mlp,107,source_heldout,5,0.9865878224372864,1.0,5908
mlp,107,source_heldout,6,0.9940796494483948,1.0,5908
mlp,107,source_heldout,7,0.997425377368927,1.0,5908
mlp,107,source_heldout,8,0.9986024498939514,1.0,5908
mlp,107,source_heldout,9,0.9986115097999573,1.0,5908
mlp,107,source_heldout,10,0.9986115097999573,1.0,5908
mlp,107,source_heldout,11,0.9986116886138916,1.0,5908
mlp,107,source_heldout,12,0.99897700548172,1.0,5908
mlp,107,source_heldout,13,0.9996613264083862,1.0,5908
mlp,107,source_heldout,14,0.9999933838844299,1.0,5908
mlp,107,target,0,0.023352304473519325,0.5804219096965211,81060
mlp,107,target,1,0.08660722523927689,0.28328398716999753,81060
mlp,107,target,2,0.09751540422439575,0.11152232913890944,81060
mlp,107,target,3,0.11835616827011108,0.866580310880829,81060
mlp,107,target,4,0.1949014663696289,0.7768909066235705,81059
mlp,107,target,5,0.2627526819705963,0.8632724311920946,81059
mlp,107,target,6,0.2715812921524048,0.4987724990439063,81059
mlp,107,target,7,0.27224719524383545,0.49991981149533055,81059
mlp,107,target,8,0.27233803272247314,0.5000185050395392,81059
mlp,107,target,9,0.39652469754219055,0.8777186987256196,81059
mlp,107,target,10,0.6917287111282349,0.9979397722646467,81059
mlp,107,target,11,0.7214378714561462,0.2540618561788327,81059
mlp,107,target,12,0.7214378714561462,0.0031211833355950605,81059
mlp,107,target,13,0.7214378714561462,0.9961016050037627,81059
mlp,107,target,14,0.7368251085281372,0.996718439655066,81059
majority,108,source_heldout,0,1.0,1.0,6814
majority,108,source_heldout,1,1.0,1.0,6814
majority,108,source_heldout,2,1.0,1.0,6814
majority,108,source_heldout,3,1.0,1.0,6814
majority,108,source_heldout,4,1.0,1.0,6814
majority,108,source_heldout,5,1.0,1.0,6814
majority,108,source_heldout,6,1.0,1.0,6814
majority,108,source_heldout,7,1.0,1.0,6814
majority,108,source_heldout,8,1.0,1.0,6814
majority,108,source_heldout,9,1.0,1.0,6814
majority,108,source_heldout,10,1.0,1.0,6813
majority,108,source_heldout,11,1.0,1.0,6813
majority,108,source_heldout,12,1.0,1.0,6813
majority,108,source_heldout,13,1.0,1.0,6813
majority,108,source_heldout,14,1.0,0.4190518127109937,6813
majority,108,target,0,1.0,0.6740562546262028,81060
majority,108,target,1,1.0,0.9991241056007896,81060
majority,108,target,2,1.0,0.8441894892672095,81060
majority,108,target,3,1.0,0.00011102886750555144,81060
majority,108,target,4,1.0,0.00011103023723460689,81059
majority,108,target,5,1.0,0.00011103023723460689,81059
majority,108,target,6,1.0,0.09024290948568327,81059
majority,108,target,7,1.0,0.9112498303704709,81059
majority,108,target,8,1.0,0.45825879914630085,81059
majority,108,target,9,1.0,0.7346130596232374,81059
majority,108,target,10,1.0,0.9997285927534265,81059
majority,108,target,11,1.0,0.9997285927534265,81059
majority,108,target,12,1.0,0.999642235902244,81059
majority,108,target,13,1.0,0.6620362945508826,81059
majority,108,target,14,1.0,0.7331326564601093,81059
stratified,108,source_heldout,0,0.07763428235984737,0.9621367772233637,6814
stratified,108,source_heldout,1,1.0,1.0,6814
stratified,108,source_heldout,2,1.0,1.0,6814
stratified,108,source_heldout,3,1.0,1.0,6814
stratified,108,source_heldout,4,1.0,1.0,6814
stratified,108,source_heldout,5,1.0,1.0,6814
stratified,108,source_heldout,6,1.0,1.0,6814
stratified,108,source_heldout,7,1.0,1.0,6814
stratified,108,source_heldout,8,1.0,1.0,6814
stratified,108,source_heldout,9,1.0,1.0,6814
stratified,108,source_heldout,10,1.0,1.0,6813
stratified,108,source_heldout,11,1.0,1.0,6813
stratified,108,source_heldout,12,1.0,1.0,6813
stratified,108,source_heldout,13,1.0,1.0,6813
stratified,108,source_heldout,14,1.0,0.4569205929840012,6813
stratified,108,target,0,0.08097705403404885,0.6308783617073772,81060
stratified,108,target,1,1.0,0.7015297310634098,81060
stratified,108,target,2,1.0,0.9990870959782877,81060
stratified,108,target,3,1.0,0.5910313348137183,81060
stratified,108,target,4,1.0,0.00012336693026067432,81059
stratified,108,target,5,1.0,0.00012336693026067432,81059
stratified,108,target,6,1.0,0.02445132557766565,81059
stratified,108,target,7,1.0,0.5614182262302767,81059
stratified,108,target,8,1.0,0.5087282103159427,81059
stratified,108,target,9,1.0,0.6572743310428206,81059
stratified,108,target,10,1.0,0.9997656028325047,81059
stratified,108,target,11,1.0,0.9997285927534265,81059
stratified,108,target,12,1.0,0.9996915826743483,81059
stratified,108,target,13,1.0,0.6923598860089565,81059
stratified,108,target,14,1.0,0.7401398980989156,81059
logreg,108,source_heldout,0,0.09062556798963316,0.5526856471969475,6814
logreg,108,source_heldout,1,0.5175488814687769,0.9525975931904902,6814
logreg,108,source_heldout,2,0.6186877214382397,0.9932491928382742,6814
logreg,108,source_heldout,3,0.6330053877444578,0.9998532433225712,6814
logreg,108,source_heldout,4,0.6695217072434166,0.9389492221896096,6814
logreg,108,source_heldout,5,0.8624182089071035,0.9840035221602583,6814
logreg,108,source_heldout,6,0.9114115074867004,0.9991194599354271,6814
logreg,108,source_heldout,7,0.9163123036674199,0.9995597299677136,6814
logreg,108,source_heldout,8,0.9212153930401645,1.0,6814
logreg,108,source_heldout,9,0.921216329109095,1.0,6814
logreg,108,source_heldout,10,0.9212178710460148,1.0,6813
logreg,108,source_heldout,11,0.9215444531278484,1.0,6813
logreg,108,source_heldout,12,0.9325194885589854,0.9995596653456627,6813
logreg,108,source_heldout,13,0.9627574571543118,0.9998532217818875,6813
logreg,108,source_heldout,14,0.988710069566767,0.9997064435637751,6813
logreg,108,target,0,0.032507904808856666,0.4885146804835924,81060
logreg,108,target,1,0.06468955358781572,0.03267949666913397,81060
logreg,108,target,2,0.06655916608530643,0.3243399950653837,81060
logreg,108,target,3,0.0696482400235786,0.49993831729583027,81060
logreg,108,target,4,0.06975607934043279,0.4999691582674348,81059
logreg,108,target,5,0.07112683287886412,0.3608112609333942,81059
logreg,108,target,6,0.08608983455664458,0.8995176353026808,81059
logreg,108,target,7,0.10489532548684602,0.6198077943226539,81059
logreg,108,target,8,0.10489532548684602,0.00024673386052134863,81059
logreg,108,target,9,0.10489532548684602,0.6332301163350152,81059
logreg,108,target,10,0.10489532548684602,1.0,81059
logreg,108,target,11,0.13891056876348623,0.9083877175884233,81059
logreg,108,target,12,0.5930941496836107,0.9123231226637387,81059
logreg,108,target,13,0.7065511204204931,0.9728222652635734,81059
logreg,108,target,14,0.8549050271322624,0.9537620745382993,81059
tree,108,source_heldout,0,0.07484186492732368,0.47285001467566773,6814
tree,108,source_heldout,1,0.6809901425119408,0.9596419137070736,6814
tree,108,source_heldout,2,0.9959544823214727,1.0,6814
tree,108,source_heldout,3,0.997635323565266,1.0,6814
tree,108,source_heldout,4,0.9983702706014153,1.0,6814
tree,108,source_heldout,5,0.9983702706014153,1.0,6814
tree,108,source_heldout,6,0.9999339880666261,1.0,6814
tree,108,source_heldout,7,1.0,1.0,6814
tree,108,source_heldout,8,1.0,1.0,6814
tree,108,source_heldout,9,1.0,1.0,6814
tree,108,source_heldout,10,1.0,1.0,6813
tree,108,source_heldout,11,1.0,1.0,6813
tree,108,source_heldout,12,1.0,1.0,6813
tree,108,source_heldout,13,1.0,1.0,6813
tree,108,source_heldout,14,1.0,0.9866431821517687,6813
tree,108,target,0,0.01597839613533052,0.7122625215889464,81060
tree,108,target,1,0.055685614580522055,0.14528744140143104,81060
tree,108,target,2,0.07762577130824658,0.4253515914137676,81060
tree,108,target,3,0.26732612598059513,0.5336294103133481,81060
tree,108,target,4,1.0,0.9701698762629689,81059
tree,108,target,5,1.0,0.999814949604609,81059
tree,108,target,6,1.0,0.20601043684230005,81059
tree,108,target,7,1.0,0.00011103023723460689,81059
tree,108,target,8,1.0,0.00011103023723460689,81059
tree,108,target,9,1.0,0.2700872204196943,81059
tree,108,target,10,1.0,0.8961743914926165,81059
tree,108,target,11,1.0,0.9999259798418436,81059
tree,108,target,12,1.0,0.9999506532278958,81059
tree,108,target,13,1.0,0.9999136431488175,81059
tree,108,target,14,1.0,0.9475443812531613,81059
rf,108,source_heldout,0,0.24159988802915894,0.44716759612562373,6814
rf,108,source_heldout,1,0.93439364786521,0.9722629879659525,6814
rf,108,source_heldout,2,0.9997889367196474,1.0,6814
rf,108,source_heldout,3,0.9999668279821139,1.0,6814
rf,108,source_heldout,4,0.9999715011174508,1.0,6814
rf,108,source_heldout,5,0.9999944144421514,1.0,6814
rf,108,source_heldout,6,1.0,1.0,6814
rf,108,source_heldout,7,1.0,1.0,6814
rf,108,source_heldout,8,1.0,1.0,6814
rf,108,source_heldout,9,1.0,1.0,6814
rf,108,source_heldout,10,1.0,1.0,6813
rf,108,source_heldout,11,1.0,1.0,6813
rf,108,source_heldout,12,1.0,1.0,6813
rf,108,source_heldout,13,1.0,1.0,6813
rf,108,source_heldout,14,1.0,0.9997064435637751,6813
rf,108,target,0,0.04248328082665579,0.44706390328151985,81060
rf,108,target,1,0.07695512214979129,0.17182334073525785,81060
rf,108,target,2,0.26264576666560074,0.5449050086355786,81060
rf,108,target,3,0.5390354274463776,0.45011102886750554,81060
rf,108,target,4,0.7413278098056322,0.9754993276502301,81059
rf,108,target,5,0.8173348131640824,0.9336162548267312,81059
rf,108,target,6,0.8173348131640824,0.00023439716749528122,81059
rf,108,target,7,0.8173348131640824,0.31943399252396404,81059
rf,108,target,8,0.8173348131640824,1.0,81059
rf,108,target,9,0.8209988368323609,0.9945718550685303,81059
rf,108,target,10,0.8602853375057662,0.9991487681812014,81059
rf,108,target,11,0.8649224577777173,0.043092068740053543,81059
rf,108,target,12,0.8649224577777173,0.4338074735686352,81059
rf,108,target,13,0.8649224577777173,1.0,81059
rf,108,target,14,0.8897556595776239,0.7930396377946928,81059
xgboost,108,source_heldout,0,0.07925504446029663,0.46008218373936016,6814
xgboost,108,source_heldout,1,0.6823537945747375,0.959348400352216,6814
xgboost,108,source_heldout,2,0.9953494071960449,0.9998532433225712,6814
xgboost,108,source_heldout,3,0.9984404444694519,0.9998532433225712,6814
xgboost,108,source_heldout,4,0.9991434812545776,1.0,6814
xgboost,108,source_heldout,5,0.9993696808815002,1.0,6814
xgboost,108,source_heldout,6,0.9996755123138428,1.0,6814
xgboost,108,source_heldout,7,0.9998303651809692,1.0,6814
xgboost,108,source_heldout,8,0.9998610019683838,1.0,6814
xgboost,108,source_heldout,9,0.9999104142189026,1.0,6814
xgboost,108,source_heldout,10,0.9999437928199768,1.0,6813
xgboost,108,source_heldout,11,0.9999703168869019,1.0,6813
xgboost,108,source_heldout,12,0.999971330165863,1.0,6813
xgboost,108,source_heldout,13,0.9999731779098511,1.0,6813
xgboost,108,source_heldout,14,0.9999784827232361,1.0,6813
xgboost,108,target,0,0.0315072163939476,0.4025043177892919,81060
xgboost,108,target,1,0.07694555819034576,0.5913027387120652,81060
xgboost,108,target,2,0.11377350986003876,0.0,81060
xgboost,108,target,3,0.17849117517471313,0.7333086602516654,81060
xgboost,108,target,4,0.4382895529270172,0.8647158242761446,81059
xgboost,108,target,5,0.7308633327484131,0.9931284619844805,81059
xgboost,108,target,6,0.8112454414367676,0.3499426343774288,81059
xgboost,108,target,7,0.8245999813079834,0.6206343527554004,81059
xgboost,108,target,8,0.831633448600769,0.5467375615292565,81059
xgboost,108,target,9,0.8391296863555908,0.9816430007772117,81059
xgboost,108,target,10,0.8498273491859436,0.8110018628406469,81059
xgboost,108,target,11,0.8498273491859436,0.00024673386052134863,81059
xgboost,108,target,12,0.8498273491859436,0.44203604781702216,81059
xgboost,108,target,13,0.8498273491859436,1.0,81059
xgboost,108,target,14,0.8693950772285461,0.7691434634032002,81059
hgb,108,source_heldout,0,0.08421389657450498,0.464338127384796,6814
hgb,108,source_heldout,1,0.7038413962810125,0.9549457000293513,6814
hgb,108,source_heldout,2,0.9958877681635632,1.0,6814
hgb,108,source_heldout,3,0.9988176005521516,0.9998532433225712,6814
hgb,108,source_heldout,4,0.9995186365556581,1.0,6814
hgb,108,source_heldout,5,0.9996638787245369,1.0,6814
hgb,108,source_heldout,6,0.9997690764044673,1.0,6814
hgb,108,source_heldout,7,0.9998237238453935,1.0,6814
hgb,108,source_heldout,8,0.9998280933385267,1.0,6814
hgb,108,source_heldout,9,0.99985734369581,1.0,6814
hgb,108,source_heldout,10,0.9998926794464548,1.0,6813
hgb,108,source_heldout,11,0.9999026529889226,1.0,6813
hgb,108,source_heldout,12,0.9999064213369848,1.0,6813
hgb,108,source_heldout,13,0.9999309414360779,1.0,6813
hgb,108,source_heldout,14,0.9999973046135768,1.0,6813
hgb,108,target,0,0.03324282185017445,0.38958795953614606,81060
hgb,108,target,1,0.14417224816534902,0.6863311127559832,81060
hgb,108,target,2,0.24945086177423925,0.4176535899333827,81060
hgb,108,target,3,0.2766568789654391,0.23840365161608684,81060
hgb,108,target,4,0.5877524910252698,0.867540926979114,81059
hgb,108,target,5,0.8570595752766543,0.9138898826780493,81059
hgb,108,target,6,0.8570595752766543,0.00023439716749528122,81059
hgb,108,target,7,0.8570595752766543,0.3391603646726459,81059
hgb,108,target,8,0.8570595752766543,1.0,81059
hgb,108,target,9,0.8876435105903457,0.9879593876065582,81059
hgb,108,target,10,0.9403352325400952,0.3517931383313389,81059
hgb,108,target,11,0.9429470646394851,0.14764554213597503,81059
hgb,108,target,12,0.9429470646394851,1.0,81059
hgb,108,target,13,0.9517587744201272,0.7691681367892522,81059
hgb,108,target,14,0.975413390787121,0.9969775102086135,81059
mlp,108,source_heldout,0,0.08975814282894135,0.4614029938362195,6814
mlp,108,source_heldout,1,0.5906795859336853,0.9608159671265043,6814
mlp,108,source_heldout,2,0.956082820892334,0.9970648664514236,6814
mlp,108,source_heldout,3,0.9958227872848511,1.0,6814
mlp,108,source_heldout,4,0.997381329536438,1.0,6814
mlp,108,source_heldout,5,0.9979863166809082,1.0,6814
mlp,108,source_heldout,6,0.9983009696006775,0.9998532433225712,6814
mlp,108,source_heldout,7,0.9989880323410034,1.0,6814
mlp,108,source_heldout,8,0.9995429515838623,1.0,6814
mlp,108,source_heldout,9,0.9998628497123718,1.0,6814
mlp,108,source_heldout,10,0.9998635649681091,1.0,6813
mlp,108,source_heldout,11,0.9998635649681091,1.0,6813
mlp,108,source_heldout,12,0.9998770952224731,1.0,6813
mlp,108,source_heldout,13,0.9999181628227234,1.0,6813
mlp,108,source_heldout,14,0.9999830722808838,1.0,6813
mlp,108,target,0,0.009740117937326431,0.5618554157414261,81060
mlp,108,target,1,0.09083069860935211,0.7925117197137923,81060
mlp,108,target,2,0.25394654273986816,0.08017517887984209,81060
mlp,108,target,3,0.29149729013442993,0.256427337774488,81060
mlp,108,target,4,0.4331480860710144,0.9835675248892782,81059
mlp,108,target,5,0.8727793097496033,0.9974092944645259,81059
mlp,108,target,6,0.9275223016738892,0.5571990772153617,81059
mlp,108,target,7,0.9349473714828491,0.5000185050395392,81059
mlp,108,target,8,0.935054361820221,0.5003515957512429,81059
mlp,108,target,9,0.9369533061981201,0.6630725767650724,81059
mlp,108,target,10,0.9723320603370667,0.9604732355444799,81059
mlp,108,target,11,0.991908848285675,0.40681478922759967,81059
mlp,108,target,12,0.991908848285675,0.00022206047446921378,81059
mlp,108,target,13,0.991908848285675,0.8462477948161216,81059
mlp,108,target,14,0.991908848285675,1.0,81059
majority,109,source_heldout,0,1.0,1.0,7476
majority,109,source_heldout,1,1.0,1.0,7476
majority,109,source_heldout,2,1.0,1.0,7476
majority,109,source_heldout,3,1.0,1.0,7476
majority,109,source_heldout,4,1.0,1.0,7476
majority,109,source_heldout,5,1.0,1.0,7476
majority,109,source_heldout,6,1.0,1.0,7476
majority,109,source_heldout,7,1.0,1.0,7476
majority,109,source_heldout,8,1.0,1.0,7476
majority,109,source_heldout,9,1.0,1.0,7476
majority,109,source_heldout,10,1.0,1.0,7476
majority,109,source_heldout,11,1.0,1.0,7476
majority,109,source_heldout,12,1.0,1.0,7476
majority,109,source_heldout,13,1.0,1.0,7476
majority,109,source_heldout,14,1.0,0.3087625418060201,7475
majority,109,target,0,1.0,0.6740562546262028,81060
majority,109,target,1,1.0,0.9991241056007896,81060
majority,109,target,2,1.0,0.8441894892672095,81060
majority,109,target,3,1.0,0.00011102886750555144,81060
majority,109,target,4,1.0,0.00011103023723460689,81059
majority,109,target,5,1.0,0.00011103023723460689,81059
majority,109,target,6,1.0,0.09024290948568327,81059
majority,109,target,7,1.0,0.9112498303704709,81059
majority,109,target,8,1.0,0.45825879914630085,81059
majority,109,target,9,1.0,0.7346130596232374,81059
majority,109,target,10,1.0,0.9997285927534265,81059
majority,109,target,11,1.0,0.9997285927534265,81059
majority,109,target,12,1.0,0.999642235902244,81059
majority,109,target,13,1.0,0.6620362945508826,81059
majority,109,target,14,1.0,0.7331326564601093,81059
stratified,109,source_heldout,0,0.12252541466024612,0.9582664526484751,7476
stratified,109,source_heldout,1,1.0,1.0,7476
stratified,109,source_heldout,2,1.0,1.0,7476
stratified,109,source_heldout,3,1.0,1.0,7476
stratified,109,source_heldout,4,1.0,1.0,7476
stratified,109,source_heldout,5,1.0,1.0,7476
stratified,109,source_heldout,6,1.0,1.0,7476
stratified,109,source_heldout,7,1.0,1.0,7476
stratified,109,source_heldout,8,1.0,1.0,7476
stratified,109,source_heldout,9,1.0,1.0,7476
stratified,109,source_heldout,10,1.0,1.0,7476
stratified,109,source_heldout,11,1.0,1.0,7476
stratified,109,source_heldout,12,1.0,1.0,7476
stratified,109,source_heldout,13,1.0,1.0,7476
stratified,109,source_heldout,14,1.0,0.3505016722408027,7475
stratified,109,target,0,0.1231433506044905,0.6416975080187516,81060
stratified,109,target,1,1.0,0.7065260301011597,81060
stratified,109,target,2,1.0,0.999025413274118,81060
stratified,109,target,3,1.0,0.5567110782136689,81060
stratified,109,target,4,1.0,0.00012336693026067432,81059
stratified,109,target,5,1.0,0.00012336693026067432,81059
stratified,109,target,6,1.0,0.02598107551289801,81059
stratified,109,target,7,1.0,0.5824522878397217,81059
stratified,109,target,8,1.0,0.5060018011571819,81059
stratified,109,target,9,1.0,0.6577431253778112,81059
stratified,109,target,10,1.0,0.9997409294464525,81059
stratified,109,target,11,1.0,0.9997409294464525,81059
stratified,109,target,12,1.0,0.9996915826743483,81059
stratified,109,target,13,1.0,0.6910275231621411,81059
stratified,109,target,14,1.0,0.7397451239220815,81059
logreg,109,source_heldout,0,0.045149882617749236,0.6132958801498127,7476
logreg,109,source_heldout,1,0.2941893525396888,0.8176832530765115,7476
logreg,109,source_heldout,2,0.5730241598445188,0.9799357945425361,7476
logreg,109,source_heldout,3,0.6358924245390357,0.9963884430176565,7476
logreg,109,source_heldout,4,0.6490573338459223,0.9989299090422686,7476
logreg,109,source_heldout,5,0.7511464180803942,0.9220171214553237,7476
logreg,109,source_heldout,6,0.9111581391053138,0.9898341359015517,7476
logreg,109,source_heldout,7,0.9255247304497184,0.9994649545211343,7476
logreg,109,source_heldout,8,0.9313515468366262,1.0,7476
logreg,109,source_heldout,9,0.9313574826054374,1.0,7476
logreg,109,source_heldout,10,0.931359204444467,1.0,7476
logreg,109,source_heldout,11,0.9314395290545499,1.0,7476
logreg,109,source_heldout,12,0.94718181435185,0.9937132156233279,7476
logreg,109,source_heldout,13,0.9824263757998104,0.9985286249331193,7476
logreg,109,source_heldout,14,0.9966300017049766,0.9990635451505017,7475
logreg,109,target,0,0.021711775132396877,0.5149025413274118,81060
logreg,109,target,1,0.04005613143831064,0.36204046385393535,81060
logreg,109,target,2,0.04251992389810316,0.49981495188749075,81060
logreg,109,target,3,0.04261843663072957,0.4999506538366642,81060
logreg,109,target,4,0.04509963435652019,0.6808620881086616,81059
logreg,109,target,5,0.060171957497997974,0.17350325071861236,81059
logreg,109,target,6,0.06898421563261183,0.4013126241379736,81059
logreg,109,target,7,0.10356002091787826,0.958474691274257,81059
logreg,109,target,8,0.10364834118864744,0.00024673386052134863,81059
logreg,109,target,9,0.10364834118864744,0.28817281239590914,81059
logreg,109,target,10,0.10364834118864744,1.0,81059
logreg,109,target,11,0.13050742735640883,0.8907709199471989,81059
logreg,109,target,12,0.5607794926350865,0.9551191107711667,81059
logreg,109,target,13,0.777663542130228,0.9163325478972106,81059
logreg,109,target,14,0.8913971916298551,0.9648404248757079,81059
tree,109,source_heldout,0,0.004118369466170042,0.5250133761369716,7476
tree,109,source_heldout,1,0.10061060268815158,0.8481808453718566,7476
tree,109,source_heldout,2,0.8037261296482184,0.9768592830390583,7476
tree,109,source_heldout,3,0.9976824114385799,0.9998662386302836,7476
tree,109,source_heldout,4,1.0,1.0,7476
tree,109,source_heldout,5,1.0,1.0,7476
tree,109,source_heldout,6,1.0,1.0,7476
tree,109,source_heldout,7,1.0,1.0,7476
tree,109,source_heldout,8,1.0,1.0,7476
tree,109,source_heldout,9,1.0,1.0,7476
tree,109,source_heldout,10,1.0,1.0,7476
tree,109,source_heldout,11,1.0,1.0,7476
tree,109,source_heldout,12,1.0,1.0,7476
tree,109,source_heldout,13,1.0,1.0,7476
tree,109,source_heldout,14,1.0,0.9589297658862876,7475
tree,109,target,0,0.0,0.9814828522082408,81060
tree,109,target,1,0.0,0.08968665186281767,81060
tree,109,target,2,0.0,0.13019985196151,81060
tree,109,target,3,0.0,0.9188502343942758,81060
tree,109,target,4,0.0,0.999987663306974,81059
tree,109,target,5,0.0011045558122370958,0.9652228623595159,81059
tree,109,target,6,0.03333289793915183,0.43685463674607383,81059
tree,109,target,7,0.056861076460778655,0.13971304852021368,81059
tree,109,target,8,0.41233780460559255,0.5500684686462947,81059
tree,109,target,9,1.0,0.999457185506853,81059
tree,109,target,10,1.0,0.21814974277995042,81059
tree,109,target,11,1.0,0.006735834392232818,81059
tree,109,target,12,1.0,0.7765084691397623,81059
tree,109,target,13,1.0,0.9997285927534265,81059
tree,109,target,14,1.0,0.8936947161943769,81059
rf,109,source_heldout,0,0.01277303433908336,0.5791867308721241,7476
rf,109,source_heldout,1,0.3587224192744394,0.7680577849117175,7476
rf,109,source_heldout,2,0.8937198596181815,0.9624130551096843,7476
rf,109,source_heldout,3,0.9978791469218184,0.9994649545211343,7476
rf,109,source_heldout,4,0.9999096417249602,1.0,7476
rf,109,source_heldout,5,0.9999702171467262,1.0,7476
rf,109,source_heldout,6,1.0,1.0,7476
rf,109,source_heldout,7,1.0,1.0,7476
rf,109,source_heldout,8,1.0,1.0,7476
rf,109,source_heldout,9,1.0,1.0,7476
rf,109,source_heldout,10,1.0,1.0,7476
rf,109,source_heldout,11,1.0,1.0,7476
rf,109,source_heldout,12,1.0,1.0,7476
rf,109,source_heldout,13,1.0,1.0,7476
rf,109,source_heldout,14,1.0,0.9997324414715719,7475
rf,109,target,0,0.02655715362140209,0.24617567234147544,81060
rf,109,target,1,0.06943446269525984,0.39929681717246485,81060
rf,109,target,2,0.2159662090682876,0.85,81060
rf,109,target,3,0.367627262419638,0.6336294103133482,81060
rf,109,target,4,0.38273342111953074,0.3577640977559555,81059
rf,109,target,5,0.38273342111953074,0.00022206047446921378,81059
rf,109,target,6,0.38273342111953074,0.8952984862877656,81059
rf,109,target,7,0.38310496024383406,0.9765479465574458,81059
rf,109,target,8,0.48858387497884975,0.7732022354087763,81059
rf,109,target,9,0.5837371370268091,0.7375121824843632,81059
rf,109,target,10,0.6067599419870984,0.0,81059
rf,109,target,11,0.6067599419870984,0.6593222220851479,81059
rf,109,target,12,0.608312503428701,0.8371309786698578,81059
rf,109,target,13,0.6253281080157738,0.8284212733934542,81059
rf,109,target,14,0.8089657262457018,0.9118173182496699,81059
xgboost,109,source_heldout,0,0.005669008940458298,0.554975922953451,7476
xgboost,109,source_heldout,1,0.10356618463993073,0.8076511503477796,7476
xgboost,109,source_heldout,2,0.6355034112930298,0.9489031567683253,7476
xgboost,109,source_heldout,3,0.9937120676040649,0.9977260567148207,7476
xgboost,109,source_heldout,4,0.9990050196647644,1.0,7476
xgboost,109,source_heldout,5,0.9993593692779541,0.9998662386302836,7476
xgboost,109,source_heldout,6,0.9995633363723755,0.9998662386302836,7476
xgboost,109,source_heldout,7,0.999782383441925,0.9998662386302836,7476
xgboost,109,source_heldout,8,0.9998043179512024,1.0,7476
xgboost,109,source_heldout,9,0.9998651742935181,1.0,7476
xgboost,109,source_heldout,10,0.9998971819877625,1.0,7476
xgboost,109,source_heldout,11,0.9999105334281921,1.0,7476
xgboost,109,source_heldout,12,0.9999263286590576,1.0,7476
xgboost,109,source_heldout,13,0.9999446868896484,1.0,7476
xgboost,109,source_heldout,14,0.9999617338180542,1.0,7475
xgboost,109,target,0,0.008582410402595997,0.821786331112756,81060
xgboost,109,target,1,0.028894301503896713,0.5213052060202319,81060
xgboost,109,target,2,0.05082133039832115,0.01936836910930175,81060
xgboost,109,target,3,0.08227669447660446,0.5285590920305946,81060
xgboost,109,target,4,0.10421313345432281,0.4930606101728371,81059
xgboost,109,target,5,0.11417292803525925,0.0,81059
xgboost,109,target,6,0.11417292803525925,0.9847518474197806,81059
xgboost,109,target,7,0.11544553190469742,0.9973352743063695,81059
xgboost,109,target,8,0.1166960597038269,0.4443430094128968,81059
xgboost,109,target,9,0.1166960597038269,0.00023439716749528122,81059
xgboost,109,target,10,0.1166960597038269,0.8087072379377984,81059
xgboost,109,target,11,0.1166960597038269,1.0,81059
xgboost,109,target,12,0.15231379866600037,0.7894743335101593,81059
xgboost,109,target,13,0.29590892791748047,0.7240775237789758,81059
xgboost,109,target,14,0.8107932209968567,0.9733404063706683,81059
hgb,109,source_heldout,0,0.009073509232937019,0.5436062065275549,7476
hgb,109,source_heldout,1,0.11377532739694271,0.8235687533440342,7476
hgb,109,source_heldout,2,0.6045061482710843,0.9448903156768326,7476
hgb,109,source_heldout,3,0.9870967473002337,0.9971910112359551,7476
hgb,109,source_heldout,4,0.9978692943734949,1.0,7476
hgb,109,source_heldout,5,0.9990151515004341,1.0,7476
hgb,109,source_heldout,6,0.9992755296633534,1.0,7476
hgb,109,source_heldout,7,0.9994605490274358,0.9995987158908507,7476
hgb,109,source_heldout,8,0.9995582740570634,1.0,7476
hgb,109,source_heldout,9,0.9996552631122557,1.0,7476
hgb,109,source_heldout,10,0.9998409868709558,1.0,7476
hgb,109,source_heldout,11,0.9998565538659336,1.0,7476
hgb,109,source_heldout,12,0.9998584106098393,1.0,7476
hgb,109,source_heldout,13,0.999858582341125,1.0,7476
hgb,109,source_heldout,14,0.9999530138717067,1.0,7475
hgb,109,target,0,0.0041453593963497615,0.8879225265235627,81060
hgb,109,target,1,0.034131587423096126,0.8487046632124352,81060
hgb,109,target,2,0.05280332341367279,0.570059215396003,81060
hgb,109,target,3,0.05280332341367279,0.0002467308166790032,81060
hgb,109,target,4,0.05280332341367279,0.6829963360021712,81059
hgb,109,target,5,0.05280332341367279,1.0,81059
hgb,109,target,6,0.07696294316570955,0.22006193019899087,81059
hgb,109,target,7,0.09960501391672695,0.04098249423259601,81059
hgb,109,target,8,0.13186233980123072,0.8338124082458456,81059
hgb,109,target,9,0.27429364410134277,0.2325836736204493,81059
hgb,109,target,10,0.30328275826700657,0.1939081409837279,81059
hgb,109,target,11,0.30328275826700657,1.0,81059
hgb,109,target,12,0.33443557897788967,0.9847641841128068,81059
hgb,109,target,13,0.3971965493584767,0.7258293341886773,81059
hgb,109,target,14,0.7748571478528461,0.8844668698108785,81059
mlp,109,source_heldout,0,0.009637377224862576,0.519796682718031,7476
mlp,109,source_heldout,1,0.09305629134178162,0.860888175494917,7476
mlp,109,source_heldout,2,0.49540606141090393,0.9348582129481006,7476
mlp,109,source_heldout,3,0.9566541314125061,0.9938469769930444,7476
mlp,109,source_heldout,4,0.9960365295410156,0.9997324772605671,7476
mlp,109,source_heldout,5,0.997382640838623,1.0,7476
mlp,109,source_heldout,6,0.9984017610549927,1.0,7476
mlp,109,source_heldout,7,0.9995213747024536,0.9998662386302836,7476
mlp,109,source_heldout,8,0.999628484249115,1.0,7476
mlp,109,source_heldout,9,0.9996733069419861,1.0,7476
mlp,109,source_heldout,10,0.9997276663780212,1.0,7476
mlp,109,source_heldout,11,0.9997285604476929,1.0,7476
mlp,109,source_heldout,12,0.999728798866272,1.0,7476
mlp,109,source_heldout,13,0.9997648596763611,0.9998662386302836,7476
mlp,109,source_heldout,14,0.999981164932251,1.0,7475
mlp,109,target,0,0.000955025723669678,0.7957562299531211,81060
mlp,109,target,1,0.005244459956884384,0.8370589686651863,81060
mlp,109,target,2,0.13754260540008545,0.16565507031828275,81060
mlp,109,target,3,0.2893870770931244,0.0,81060
mlp,109,target,4,0.4774249196052551,0.8918442122404668,81059
mlp,109,target,5,0.7211389541625977,0.8914741114496848,81059
mlp,109,target,6,0.7635500431060791,0.616168469879964,81059
mlp,109,target,7,0.763825535774231,0.49821734785773325,81059
mlp,109,target,8,0.7638431191444397,0.502017049309762,81059
mlp,109,target,9,0.7697517275810242,0.7628764233459578,81059
mlp,109,target,10,0.7747021317481995,0.43036553621436235,81059
mlp,109,target,11,0.7747021317481995,0.00023439716749528122,81059
mlp,109,target,12,0.7747021317481995,0.8226847111363328,81059
mlp,109,target,13,0.7747021317481995,1.0,81059
mlp,109,target,14,0.9306130409240723,0.8919922525567796,81059
majority,110,source_heldout,0,1.0,1.0,5911
majority,110,source_heldout,1,1.0,1.0,5911
majority,110,source_heldout,2,1.0,1.0,5911
majority,110,source_heldout,3,1.0,1.0,5911
majority,110,source_heldout,4,1.0,1.0,5911
majority,110,source_heldout,5,1.0,1.0,5911
majority,110,source_heldout,6,1.0,1.0,5911
majority,110,source_heldout,7,1.0,1.0,5911
majority,110,source_heldout,8,1.0,1.0,5911
majority,110,source_heldout,9,1.0,1.0,5911
majority,110,source_heldout,10,1.0,1.0,5911
majority,110,source_heldout,11,1.0,1.0,5911
majority,110,source_heldout,12,1.0,1.0,5911
majority,110,source_heldout,13,1.0,1.0,5910
majority,110,source_heldout,14,1.0,0.9974619289340102,5910
majority,110,target,0,1.0,0.6740562546262028,81060
majority,110,target,1,1.0,0.9991241056007896,81060
majority,110,target,2,1.0,0.8441894892672095,81060
majority,110,target,3,1.0,0.00011102886750555144,81060
majority,110,target,4,1.0,0.00011103023723460689,81059
majority,110,target,5,1.0,0.00011103023723460689,81059
majority,110,target,6,1.0,0.09024290948568327,81059
majority,110,target,7,1.0,0.9112498303704709,81059
majority,110,target,8,1.0,0.45825879914630085,81059
majority,110,target,9,1.0,0.7346130596232374,81059
majority,110,target,10,1.0,0.9997285927534265,81059
majority,110,target,11,1.0,0.9997285927534265,81059
majority,110,target,12,1.0,0.999642235902244,81059
majority,110,target,13,1.0,0.6620362945508826,81059
majority,110,target,14,1.0,0.7331326564601093,81059
stratified,110,source_heldout,0,0.0,1.0,5911
stratified,110,source_heldout,1,0.8467264422263576,0.9996616477753342,5911
stratified,110,source_heldout,2,1.0,1.0,5911
stratified,110,source_heldout,3,1.0,1.0,5911
stratified,110,source_heldout,4,1.0,1.0,5911
stratified,110,source_heldout,5,1.0,1.0,5911
stratified,110,source_heldout,6,1.0,1.0,5911
stratified,110,source_heldout,7,1.0,1.0,5911
stratified,110,source_heldout,8,1.0,1.0,5911
stratified,110,source_heldout,9,1.0,1.0,5911
stratified,110,source_heldout,10,1.0,1.0,5911
stratified,110,source_heldout,11,1.0,1.0,5911
stratified,110,source_heldout,12,1.0,1.0,5911
stratified,110,source_heldout,13,1.0,1.0,5910
stratified,110,source_heldout,14,1.0,0.9978003384094755,5910
stratified,110,target,0,0.0,0.5958919319022946,81060
stratified,110,target,1,0.8518258080434247,0.6520972119417715,81060
stratified,110,target,2,1.0,0.9991117690599556,81060
stratified,110,target,3,1.0,0.7762768319763138,81060
stratified,110,target,4,1.0,0.00012336693026067432,81059
stratified,110,target,5,1.0,0.00012336693026067432,81059
stratified,110,target,6,1.0,0.00012336693026067432,81059
stratified,110,target,7,1.0,0.46257664170542445,81059
stratified,110,target,8,1.0,0.5327230782516439,81059
stratified,110,target,9,1.0,0.6647750404026697,81059
stratified,110,target,10,1.0,0.9809398092747258,81059
stratified,110,target,11,1.0,0.9997285927534265,81059
stratified,110,target,12,1.0,0.9996792459813223,81059
stratified,110,target,13,1.0,0.698503559135938,81059
stratified,110,target,14,1.0,0.7436558556113448,81059
logreg,110,source_heldout,0,0.3536705265101226,0.9979698866520047,5911
logreg,110,source_heldout,1,0.6856982466432445,1.0,5911
logreg,110,source_heldout,2,0.7272738136272665,1.0,5911
logreg,110,source_heldout,3,0.7281102412706002,1.0,5911
logreg,110,source_heldout,4,0.7322090615703089,1.0,5911
logreg,110,source_heldout,5,0.8240911514417872,0.9998308238876671,5911
logreg,110,source_heldout,6,0.8966157091371552,1.0,5911
logreg,110,source_heldout,7,0.9185805702508971,1.0,5911
logreg,110,source_heldout,8,0.9212829287240764,1.0,5911
logreg,110,source_heldout,9,0.9269806535823546,1.0,5911
logreg,110,source_heldout,10,0.9273438862163137,1.0,5911
logreg,110,source_heldout,11,0.9273449118024794,1.0,5911
logreg,110,source_heldout,12,0.9273457503866355,1.0,5911
logreg,110,source_heldout,13,0.9273476727731957,1.0,5910
logreg,110,source_heldout,14,0.9591764939342003,0.9996615905245347,5910
logreg,110,target,0,0.034730830519247746,0.5566000493461634,81060
logreg,110,target,1,0.06469389189682531,0.5015667406859117,81060
logreg,110,target,2,0.06599917614676644,0.49996299037749814,81060
logreg,110,target,3,0.06610947865641197,0.4998766345916605,81060
logreg,110,target,4,0.07083866680641511,0.16541038009351214,81059
logreg,110,target,5,0.07307905587519231,0.38203037293823017,81059
logreg,110,target,6,0.10337823768306412,0.539150495318225,81059
logreg,110,target,7,0.11607446360176811,0.8872179523556916,81059
logreg,110,target,8,0.11607446360176811,0.00024673386052134863,81059
logreg,110,target,9,0.11607446360176811,0.36581995830197755,81059
logreg,110,target,10,0.11607446360176811,1.0,81059
logreg,110,target,11,0.14584737450325552,0.9327156762358282,81059
logreg,110,target,12,0.5504191236542072,0.8542172985109612,81059
logreg,110,target,13,0.6807988098697757,0.9622620560332598,81059
logreg,110,target,14,0.8318806304737083,0.9592642396279253,81059
tree,110,source_heldout,0,0.037967900880092574,0.9994924716630011,5911
tree,110,source_heldout,1,0.06466551540505848,1.0,5911
tree,110,source_heldout,2,0.06815303976606912,1.0,5911
tree,110,source_heldout,3,0.07166313816348885,0.9996616477753342,5911
tree,110,source_heldout,4,0.24540190213713067,0.9994924716630011,5911
tree,110,source_heldout,5,0.9747105375611582,1.0,5911
tree,110,source_heldout,6,1.0,1.0,5911
tree,110,source_heldout,7,1.0,1.0,5911
tree,110,source_heldout,8,1.0,1.0,5911
tree,110,source_heldout,9,1.0,1.0,5911
tree,110,source_heldout,10,1.0,1.0,5911
tree,110,source_heldout,11,1.0,1.0,5911
tree,110,source_heldout,12,1.0,1.0,5911
tree,110,source_heldout,13,1.0,1.0,5910
tree,110,source_heldout,14,1.0,0.9988155668358714,5910
tree,110,target,0,0.0,0.946545768566494,81060
tree,110,target,1,0.0,0.00023439427584505304,81060
tree,110,target,2,0.0,0.21449543547989144,81060
tree,110,target,3,0.0,0.9998889711324944,81060
tree,110,target,4,0.003082730846863109,0.9477541050346044,81059
tree,110,target,5,0.05274550707739289,0.8381055774189171,81059
tree,110,target,6,0.11251081013023659,0.5621707645048668,81059
tree,110,target,7,0.7410606750810331,0.6585696838105577,81059
tree,110,target,8,1.0,0.9343687931013213,81059
tree,110,target,9,1.0,0.0,81059
tree,110,target,10,1.0,8.635685118247202e-05,81059
tree,110,target,11,1.0,0.573557532167927,81059
tree,110,target,12,1.0,0.8622608223639571,81059
tree,110,target,13,1.0,0.9999136431488175,81059
tree,110,target,14,1.0,0.5683884577900048,81059
rf,110,source_heldout,0,0.26749727955075986,0.9996616477753342,5911
rf,110,source_heldout,1,0.2836251868225321,1.0,5911
rf,110,source_heldout,2,0.43990556183003493,0.9994924716630011,5911
rf,110,source_heldout,3,0.6640925860122091,0.9998308238876671,5911
rf,110,source_heldout,4,0.7410386284879517,0.9984774149890036,5911
rf,110,source_heldout,5,0.7972562350713305,1.0,5911
rf,110,source_heldout,6,0.8582455487364721,1.0,5911
rf,110,source_heldout,7,0.9099938141707176,1.0,5911
rf,110,source_heldout,8,0.9569688130853782,1.0,5911
rf,110,source_heldout,9,0.9924119120999214,1.0,5911
rf,110,source_heldout,10,0.9945828860251538,1.0,5911
rf,110,source_heldout,11,0.9945828860251538,1.0,5911
rf,110,source_heldout,12,0.9945828860251538,1.0,5911
rf,110,source_heldout,13,0.9958604652441448,1.0,5910
rf,110,source_heldout,14,0.9999748079930573,1.0,5910
rf,110,target,0,0.06457700048958516,0.00029607698001480384,81060
rf,110,target,1,0.09573848710326861,0.6770663705896867,81060
rf,110,target,2,0.26416729226933244,0.7217369849494202,81060
rf,110,target,3,0.4094870775277241,0.9102516654330126,81060
rf,110,target,4,0.4094870775277241,0.00024673386052134863,81059
rf,110,target,5,0.4094870775277241,0.3427873524223097,81059
rf,110,target,6,0.4094870775277241,1.0,81059
rf,110,target,7,0.41974123361703797,0.6466154282682984,81059
rf,110,target,8,0.5721242745695616,0.6579281757732023,81059
rf,110,target,9,0.6969703832322768,0.9402780690608076,81059
rf,110,target,10,0.7914231911313998,0.9404384460701465,81059
rf,110,target,11,0.8425675784662855,0.4894212857301472,81059
rf,110,target,12,0.8489393584093374,0.027880926238912397,81059
rf,110,target,13,0.8489393584093374,1.0,81059
rf,110,target,14,0.8541755235642391,0.7513909621386891,81059
xgboost,110,source_heldout,0,0.2003321349620819,0.9994924716630011,5911
xgboost,110,source_heldout,1,0.2631411850452423,1.0,5911
xgboost,110,source_heldout,2,0.3229438066482544,0.9986465911013365,5911
xgboost,110,source_heldout,3,0.7514281868934631,0.9993232955506682,5911
xgboost,110,source_heldout,4,0.8892690539360046,1.0,5911
xgboost,110,source_heldout,5,0.9312756657600403,1.0,5911
xgboost,110,source_heldout,6,0.9588391780853271,1.0,5911
xgboost,110,source_heldout,7,0.9775542616844177,1.0,5911
xgboost,110,source_heldout,8,0.9801416993141174,1.0,5911
xgboost,110,source_heldout,9,0.9821979999542236,1.0,5911
xgboost,110,source_heldout,10,0.9874044060707092,1.0,5911
xgboost,110,source_heldout,11,0.9941998720169067,1.0,5911
xgboost,110,source_heldout,12,0.9978435635566711,1.0,5911
xgboost,110,source_heldout,13,0.999173641204834,1.0,5910
xgboost,110,source_heldout,14,0.9998168349266052,1.0,5910
xgboost,110,target,0,0.04387703910470009,0.7637552430298544,81060
xgboost,110,target,1,0.10509303957223892,0.25210954848260547,81060
xgboost,110,target,2,0.12491872906684875,0.16263261781396496,81060
xgboost,110,target,3,0.18221241235733032,0.8320626696274365,81060
xgboost,110,target,4,0.2381391078233719,0.6336125538188233,81059
xgboost,110,target,5,0.2902577221393585,0.7970860731072429,81059
xgboost,110,target,6,0.2902577221393585,0.0002590705535474161,81059
xgboost,110,target,7,0.2902577221393585,0.45593950085740015,81059
xgboost,110,target,8,0.2902577221393585,1.0,81059
xgboost,110,target,9,0.33291298151016235,0.9691335940487793,81059
xgboost,110,target,10,0.5005513429641724,0.5799972859275343,81059
xgboost,110,target,11,0.5242053866386414,0.14044091340875164,81059
xgboost,110,target,12,0.5242053866386414,1.0,81059
xgboost,110,target,13,0.5584356188774109,0.7827138257318743,81059
xgboost,110,target,14,0.6677982211112976,0.7365992672004342,81059
hgb,110,source_heldout,0,0.15109253533919573,0.9994924716630011,5911
hgb,110,source_heldout,1,0.16750926973549352,1.0,5911
hgb,110,source_heldout,2,0.2052595510826064,0.9994924716630011,5911
hgb,110,source_heldout,3,0.5606262056657181,0.9984774149890036,5911
hgb,110,source_heldout,4,0.8983289868919448,1.0,5911
hgb,110,source_heldout,5,0.9368249663445306,1.0,5911
hgb,110,source_heldout,6,0.9590739832377377,1.0,5911
hgb,110,source_heldout,7,0.9655518839679771,1.0,5911
hgb,110,source_heldout,8,0.9656526722011302,1.0,5911
hgb,110,source_heldout,9,0.9721394493946787,1.0,5911
hgb,110,source_heldout,10,0.9830788496382352,1.0,5911
hgb,110,source_heldout,11,0.9927655074126059,1.0,5911
hgb,110,source_heldout,12,0.9965967468275428,1.0,5911
hgb,110,source_heldout,13,0.9996448847105821,1.0,5910
hgb,110,source_heldout,14,0.9999044259026718,1.0,5910
hgb,110,target,0,0.03410343483073936,0.7543918085368863,81060
hgb,110,target,1,0.10186360440668671,0.3150259067357513,81060
hgb,110,target,2,0.13015618584720826,0.13240809277078708,81060
hgb,110,target,3,0.18068644489036817,0.5486429805082654,81060
hgb,110,target,4,0.23182561011448793,0.9282621300534178,81059
hgb,110,target,5,0.24662444434534836,0.5501918355765554,81059
hgb,110,target,6,0.24662444434534836,0.00024673386052134863,81059
hgb,110,target,7,0.24662444434534836,0.7028460750811137,81059
hgb,110,target,8,0.24662444434534836,1.0,81059
hgb,110,target,9,0.302310522700172,0.3452053442554189,81059
hgb,110,target,10,0.3213445340962169,0.3412699391801034,81059
hgb,110,target,11,0.3222683115665006,0.9945718550685303,81059
hgb,110,target,12,0.38792616959753595,0.7925831801527282,81059
hgb,110,target,13,0.5806596449754228,0.9641125599871698,81059
hgb,110,target,14,0.8430548454687821,0.7365869305074082,81059
mlp,110,source_heldout,0,0.433149129152298,0.9989849433260024,5911
mlp,110,source_heldout,1,0.5787678360939026,1.0,5911
mlp,110,source_heldout,2,0.6114365458488464,1.0,5911
mlp,110,source_heldout,3,0.7255095839500427,1.0,5911
mlp,110,source_heldout,4,0.8919374942779541,0.9998308238876671,5911
mlp,110,source_heldout,5,0.9733673930168152,1.0,5911
mlp,110,source_heldout,6,0.9838230013847351,1.0,5911
mlp,110,source_heldout,7,0.9921271800994873,1.0,5911
mlp,110,source_heldout,8,0.9953331351280212,1.0,5911
mlp,110,source_heldout,9,0.995603084564209,1.0,5911
mlp,110,source_heldout,10,0.9956036806106567,1.0,5911
mlp,110,source_heldout,11,0.9956047534942627,1.0,5911
mlp,110,source_heldout,12,0.9971264600753784,1.0,5911
mlp,110,source_heldout,13,0.9992892146110535,1.0,5910
mlp,110,source_heldout,14,0.9999725818634033,0.9986463620981387,5910
mlp,110,target,0,0.018829327076673508,0.5763508512213176,81060
mlp,110,target,1,0.0978739857673645,0.04964224031581545,81060
mlp,110,target,2,0.12767092883586884,0.4670614359733531,81060
mlp,110,target,3,0.20419760048389435,0.5659758203799654,81060
mlp,110,target,4,0.2833744287490845,0.9473593308577702,81059
mlp,110,target,5,0.2877996861934662,0.49995682157440874,81059
mlp,110,target,6,0.28788119554519653,0.499993831653487,81059
mlp,110,target,7,0.288209468126297,0.5006106663047903,81059
mlp,110,target,8,0.31055235862731934,0.8226970478293588,81059
mlp,110,target,9,0.5212833285331726,0.9946335385336607,81059
mlp,110,target,10,0.5897427797317505,0.3268730184186827,81059
mlp,110,target,11,0.5897427797317505,0.00022206047446921378,81059
mlp,110,target,12,0.5897427797317505,0.9261895656250385,81059
mlp,110,target,13,0.5925645232200623,0.9971625606040045,81059
mlp,110,target,14,0.7270963788032532,0.9316177105565082,81059
majority,111,source_heldout,0,1.0,1.0,6793
majority,111,source_heldout,1,1.0,1.0,6793
majority,111,source_heldout,2,1.0,1.0,6793
majority,111,source_heldout,3,1.0,1.0,6793
majority,111,source_heldout,4,1.0,1.0,6793
majority,111,source_heldout,5,1.0,1.0,6793
majority,111,source_heldout,6,1.0,1.0,6793
majority,111,source_heldout,7,1.0,1.0,6793
majority,111,source_heldout,8,1.0,1.0,6793
majority,111,source_heldout,9,1.0,1.0,6793
majority,111,source_heldout,10,1.0,1.0,6793
majority,111,source_heldout,11,1.0,1.0,6793
majority,111,source_heldout,12,1.0,1.0,6793
majority,111,source_heldout,13,1.0,1.0,6793
majority,111,source_heldout,14,1.0,0.40850875901663475,6793
majority,111,target,0,1.0,0.6740562546262028,81060
majority,111,target,1,1.0,0.9991241056007896,81060
majority,111,target,2,1.0,0.8441894892672095,81060
majority,111,target,3,1.0,0.00011102886750555144,81060
majority,111,target,4,1.0,0.00011103023723460689,81059
majority,111,target,5,1.0,0.00011103023723460689,81059
majority,111,target,6,1.0,0.09024290948568327,81059
majority,111,target,7,1.0,0.9112498303704709,81059
majority,111,target,8,1.0,0.45825879914630085,81059
majority,111,target,9,1.0,0.7346130596232374,81059
majority,111,target,10,1.0,0.9997285927534265,81059
majority,111,target,11,1.0,0.9997285927534265,81059
majority,111,target,12,1.0,0.999642235902244,81059
majority,111,target,13,1.0,0.6620362945508826,81059
majority,111,target,14,1.0,0.7331326564601093,81059
stratified,111,source_heldout,0,0.07404681289562785,0.9611364640070661,6793
stratified,111,source_heldout,1,1.0,1.0,6793
stratified,111,source_heldout,2,1.0,1.0,6793
stratified,111,source_heldout,3,1.0,1.0,6793
stratified,111,source_heldout,4,1.0,1.0,6793
stratified,111,source_heldout,5,1.0,1.0,6793
stratified,111,source_heldout,6,1.0,1.0,6793
stratified,111,source_heldout,7,1.0,1.0,6793
stratified,111,source_heldout,8,1.0,1.0,6793
stratified,111,source_heldout,9,1.0,1.0,6793
stratified,111,source_heldout,10,1.0,1.0,6793
stratified,111,source_heldout,11,1.0,1.0,6793
stratified,111,source_heldout,12,1.0,1.0,6793
stratified,111,source_heldout,13,1.0,1.0,6793
stratified,111,source_heldout,14,1.0,0.44737229500956865,6793
stratified,111,target,0,0.07628916851714779,0.629940784603997,81060
stratified,111,target,1,1.0,0.7008388847767086,81060
stratified,111,target,2,1.0,0.9990870959782877,81060
stratified,111,target,3,1.0,0.5948926720947446,81060
stratified,111,target,4,1.0,0.00012336693026067432,81059
stratified,111,target,5,1.0,0.00012336693026067432,81059
stratified,111,target,6,1.0,0.024426652191613517,81059
stratified,111,target,7,1.0,0.5588275206948026,81059
stratified,111,target,8,1.0,0.5090489643346204,81059
stratified,111,target,9,1.0,0.6572003108846642,81059
stratified,111,target,10,1.0,0.9997656028325047,81059
stratified,111,target,11,1.0,0.9997285927534265,81059
stratified,111,target,12,1.0,0.9996915826743483,81059
stratified,111,target,13,1.0,0.6924092327810607,81059
stratified,111,target,14,1.0,0.7402262549500981,81059
logreg,111,source_heldout,0,0.09153491598359638,0.5526277049904313,6793
logreg,111,source_heldout,1,0.5256201209023998,0.942146327101428,6793
logreg,111,source_heldout,2,0.6229040983143189,0.998527896363904,6793
logreg,111,source_heldout,3,0.6295709502268901,0.9998527896363903,6793
logreg,111,source_heldout,4,0.6794645389779287,0.9312527601943177,6793
logreg,111,source_heldout,5,0.869365380289825,0.9861622258206978,6793
logreg,111,source_heldout,6,0.9130309587634639,0.9995583689091712,6793
logreg,111,source_heldout,7,0.9174435085115265,0.9997055792727808,6793
logreg,111,source_heldout,8,0.9220777934268043,1.0,6793
logreg,111,source_heldout,9,0.9221924484969901,1.0,6793
logreg,111,source_heldout,10,0.9221933494155169,1.0,6793
logreg,111,source_heldout,11,0.9221951247794283,1.0,6793
logreg,111,source_heldout,12,0.9328030705686033,0.9997055792727808,6793
logreg,111,source_heldout,13,0.9656884396087655,0.999263948181952,6793
logreg,111,source_heldout,14,0.989381745891758,0.9997055792727808,6793
logreg,111,target,0,0.032253206078335574,0.4708117443868739,81060
logreg,111,target,1,0.06061481278938578,0.0,81060
logreg,111,target,2,0.06438435447384995,0.24074759437453738,81060
logreg,111,target,3,0.06941739884496939,0.4747347643720701,81060
logreg,111,target,4,0.06963958151765212,0.5000185050395392,81059
logreg,111,target,5,0.06974994990906772,0.500006168346513,81059
logreg,111,target,6,0.0835922440547907,0.921328908572768,81059
logreg,111,target,7,0.09842697971928172,0.6183273911595257,81059
logreg,111,target,8,0.09842697971928172,0.00024673386052134863,81059
logreg,111,target,9,0.09842697971928172,0.6347105194981433,81059
logreg,111,target,10,0.09842697971928172,1.0,81059
logreg,111,target,11,0.13475898983587464,0.9090909090909091,81059
logreg,111,target,12,0.5955386064592922,0.9095967135049778,81059
logreg,111,target,13,0.7112023270812703,0.988662579109044,81059
logreg,111,target,14,0.8649249334295994,0.9380698010091415,81059
tree,111,source_heldout,0,0.07416481845185861,0.45635212718975415,6793
tree,111,source_heldout,1,0.7431751597966544,0.9690858236419844,6793
tree,111,source_heldout,2,0.9997875951248467,0.9997055792727808,6793
tree,111,source_heldout,3,1.0,1.0,6793
tree,111,source_heldout,4,1.0,1.0,6793
tree,111,source_heldout,5,1.0,1.0,6793
tree,111,source_heldout,6,1.0,1.0,6793
tree,111,source_heldout,7,1.0,1.0,6793
tree,111,source_heldout,8,1.0,1.0,6793
tree,111,source_heldout,9,1.0,1.0,6793
tree,111,source_heldout,10,1.0,1.0,6793
tree,111,source_heldout,11,1.0,1.0,6793
tree,111,source_heldout,12,1.0,1.0,6793
tree,111,source_heldout,13,1.0,1.0,6793
tree,111,source_heldout,14,1.0,0.9833652289121154,6793
tree,111,target,0,0.0,0.9470639032815199,81060
tree,111,target,1,0.0,0.0002467308166790032,81060
tree,111,target,2,0.0,0.2975697014557118,81060
tree,111,target,3,0.0,0.999987663459166,81060
tree,111,target,4,0.006874462197366808,0.8548217964692385,81059
tree,111,target,5,0.07133563458172659,0.5641816454681158,81059
tree,111,target,6,0.3821952813988135,0.7688350460775485,81059
tree,111,target,7,0.9564795518582194,0.7765208058327885,81059
tree,111,target,8,1.0,0.9994078387347488,81059
tree,111,target,9,1.0,0.01369372925893485,81059
tree,111,target,10,1.0,0.030780049100038245,81059
tree,111,target,11,1.0,0.5025475271098829,81059
tree,111,target,12,1.0,0.7963458715256788,81059
tree,111,target,13,1.0,0.9998519596836872,81059
tree,111,target,14,1.0,0.5544850047496268,81059
rf,111,source_heldout,0,0.24983102259649387,0.43265125864860887,6793
rf,111,source_heldout,1,0.9410484589246848,0.9760047107316355,6793
rf,111,source_heldout,2,0.9990300212677176,1.0,6793
rf,111,source_heldout,3,0.9997249940400253,1.0,6793
rf,111,source_heldout,4,0.9999293654014388,1.0,6793
rf,111,source_heldout,5,1.0,1.0,6793
rf,111,source_heldout,6,1.0,1.0,6793
rf,111,source_heldout,7,1.0,1.0,6793
rf,111,source_heldout,8,1.0,1.0,6793
rf,111,source_heldout,9,1.0,1.0,6793
rf,111,source_heldout,10,1.0,1.0,6793
rf,111,source_heldout,11,1.0,1.0,6793
rf,111,source_heldout,12,1.0,1.0,6793
rf,111,source_heldout,13,1.0,1.0,6793
rf,111,source_heldout,14,1.0,0.9998527896363903,6793
rf,111,target,0,0.07843290453896858,0.0005921539600296077,81060
rf,111,target,1,0.11639860770912988,0.6905995558845299,81060
rf,111,target,2,0.23443593622050757,0.8931408832963237,81060
rf,111,target,3,0.2675898727056055,0.39018011349617565,81060
rf,111,target,4,0.2675898727056055,0.00022206047446921378,81059
rf,111,target,5,0.2675898727056055,0.8628899937082866,81059
rf,111,target,6,0.26769647533383956,0.9878236839832715,81059
rf,111,target,7,0.415176459106932,0.3338432499784108,81059
rf,111,target,8,0.6816491415959381,0.7047459258071281,81059
rf,111,target,9,0.7962216700771042,0.9805820451769699,81059
rf,111,target,10,0.8600612565841073,0.9943497945940611,81059
rf,111,target,11,0.8713392671830872,0.17161573668562405,81059
rf,111,target,12,0.8713392671830872,0.10196276786044733,81059
rf,111,target,13,0.8713392671830872,1.0,81059
rf,111,target,14,0.8838180949936115,0.993794643407888,81059
xgboost,111,source_heldout,0,0.0859442800283432,0.44678345355513027,6793
xgboost,111,source_heldout,1,0.699808657169342,0.9617253054615045,6793
xgboost,111,source_heldout,2,0.9946200847625732,1.0,6793
xgboost,111,source_heldout,3,0.9986109733581543,1.0,6793
xgboost,111,source_heldout,4,0.9989815950393677,1.0,6793
xgboost,111,source_heldout,5,0.99932461977005,1.0,6793
xgboost,111,source_heldout,6,0.9995854496955872,1.0,6793
xgboost,111,source_heldout,7,0.9997094869613647,1.0,6793
xgboost,111,source_heldout,8,0.9998206496238708,1.0,6793
xgboost,111,source_heldout,9,0.9998770356178284,1.0,6793
xgboost,111,source_heldout,10,0.9999022483825684,1.0,6793
xgboost,111,source_heldout,11,0.9999161958694458,1.0,6793
xgboost,111,source_heldout,12,0.99991774559021,1.0,6793
xgboost,111,source_heldout,13,0.9999252557754517,1.0,6793
xgboost,111,source_heldout,14,0.999937891960144,1.0,6793
xgboost,111,target,0,0.0344153456389904,0.47156427337774487,81060
xgboost,111,target,1,0.08899890631437302,0.7355045645201086,81060
xgboost,111,target,2,0.11139482259750366,0.7039353565260301,81060
xgboost,111,target,3,0.11139482259750366,0.00023439427584505304,81060
xgboost,111,target,4,0.11139482259750366,0.5491308799763136,81059
xgboost,111,target,5,0.11139482259750366,1.0,81059
xgboost,111,target,6,0.15598712861537933,0.6624187320346908,81059
xgboost,111,target,7,0.19862104952335358,0.0,81059
xgboost,111,target,8,0.33735722303390503,0.8072391714676964,81059
xgboost,111,target,9,0.45304203033447266,0.9400436718933123,81059
xgboost,111,target,10,0.6345720291137695,0.5773202235408776,81059
xgboost,111,target,11,0.6445637345314026,0.04627493554077894,81059
xgboost,111,target,12,0.6445637345314026,1.0,81059
xgboost,111,target,13,0.6664077043533325,0.7297153924918887,81059
xgboost,111,target,14,0.8580046892166138,0.8829617932616983,81059
hgb,111,source_heldout,0,0.0921487135651531,0.4482555571912263,6793
hgb,111,source_heldout,1,0.6923220226436841,0.9605476225526277,6793
hgb,111,source_heldout,2,0.9923691118292444,0.9997055792727808,6793
hgb,111,source_heldout,3,0.998308445594649,1.0,6793
hgb,111,source_heldout,4,0.9990670905500993,1.0,6793
hgb,111,source_heldout,5,0.9993599078094275,1.0,6793
hgb,111,source_heldout,6,0.9994855901577829,1.0,6793
hgb,111,source_heldout,7,0.9995574778637045,1.0,6793
hgb,111,source_heldout,8,0.9998033107459668,1.0,6793
hgb,111,source_heldout,9,0.9998635668661543,1.0,6793
hgb,111,source_heldout,10,0.999880233078851,1.0,6793
hgb,111,source_heldout,11,0.9998864755053554,1.0,6793
hgb,111,source_heldout,12,0.9998951165433171,1.0,6793
hgb,111,source_heldout,13,0.999922232294657,1.0,6793
hgb,111,source_heldout,14,0.999992943325452,1.0,6793
hgb,111,target,0,0.06355532725251925,0.42051566740685914,81060
hgb,111,target,1,0.10703025571289308,0.7649765605724155,81060
hgb,111,target,2,0.11767900321994706,9.869232667160128e-05,81060
hgb,111,target,3,0.1421600445484801,0.8526646928201332,81060
hgb,111,target,4,0.14694271402554135,0.1456840079448303,81059
hgb,111,target,5,0.14694271402554135,0.10760063657336015,81059
hgb,111,target,6,0.14694271402554135,1.0,81059
hgb,111,target,7,0.1597030111973507,0.8263610456581009,81059
hgb,111,target,8,0.36861642216727075,0.8036862038761889,81059
hgb,111,target,9,0.7366382442282189,0.9235495133174602,81059
hgb,111,target,10,0.8476745404902183,0.08149619413020145,81059
hgb,111,target,11,0.8491793841008792,0.6502794260970405,81059
hgb,111,target,12,0.8640025116869187,0.9973106009203173,81059
hgb,111,target,13,0.9105908459810695,0.993782306714862,81059
hgb,111,target,14,0.9575308890735678,0.5383362735785046,81059
mlp,111,source_heldout,0,0.09507238864898682,0.4464890328279111,6793
mlp,111,source_heldout,1,0.6159241795539856,0.9642278816428677,6793
mlp,111,source_heldout,2,0.9732985496520996,0.9983806860002944,6793
mlp,111,source_heldout,3,0.9969291687011719,0.9998527896363903,6793
mlp,111,source_heldout,4,0.9982696175575256,1.0,6793
mlp,111,source_heldout,5,0.9986075162887573,1.0,6793
mlp,111,source_heldout,6,0.9993445873260498,0.9998527896363903,6793
mlp,111,source_heldout,7,0.9995012879371643,0.9998527896363903,6793
mlp,111,source_heldout,8,0.9998754262924194,0.9998527896363903,6793
mlp,111,source_heldout,9,0.999982476234436,1.0,6793
mlp,111,source_heldout,10,0.9999870657920837,1.0,6793
mlp,111,source_heldout,11,0.999992311000824,1.0,6793
mlp,111,source_heldout,12,0.9999942779541016,1.0,6793
mlp,111,source_heldout,13,0.9999942779541016,1.0,6793
mlp,111,source_heldout,14,0.9999943971633911,1.0,6793
mlp,111,target,0,0.015315511263906956,0.5621885023439428,81060
mlp,111,target,1,0.08111662417650223,0.7500370096225019,81060
mlp,111,target,2,0.21154773235321045,0.0002467308166790032,81060
mlp,111,target,3,0.3572950065135956,0.3849247471009129,81060
mlp,111,target,4,0.6477093696594238,0.8098792237752748,81059
mlp,111,target,5,0.7028248906135559,0.5043486842916888,81059
mlp,111,target,6,0.7038345336914062,0.5000185050395392,81059
mlp,111,target,7,0.7041196823120117,0.500376269137295,81059
mlp,111,target,8,0.7287358641624451,0.9519979274355717,81059
mlp,111,target,9,0.7887701988220215,0.9479021453509172,81059
mlp,111,target,10,0.7950206398963928,0.15222245524864605,81059
mlp,111,target,11,0.7950206398963928,0.10106218926954441,81059
mlp,111,target,12,0.7950206398963928,1.0,81059
mlp,111,target,13,0.8032469749450684,0.9926720043425159,81059
mlp,111,target,14,0.8881542086601257,0.9484696332301163,81059
majority,112,source_heldout,0,1.0,1.0,10462
majority,112,source_heldout,1,1.0,1.0,10462
majority,112,source_heldout,2,1.0,1.0,10462
majority,112,source_heldout,3,1.0,1.0,10462
majority,112,source_heldout,4,1.0,1.0,10462
majority,112,source_heldout,5,1.0,1.0,10462
majority,112,source_heldout,6,1.0,1.0,10462
majority,112,source_heldout,7,1.0,1.0,10462
majority,112,source_heldout,8,1.0,1.0,10462
majority,112,source_heldout,9,1.0,1.0,10462
majority,112,source_heldout,10,1.0,1.0,10462
majority,112,source_heldout,11,1.0,1.0,10462
majority,112,source_heldout,12,1.0,1.0,10462
majority,112,source_heldout,13,1.0,1.0,10462
majority,112,source_heldout,14,1.0,0.3026190021028484,10462
majority,112,target,0,1.0,0.6740562546262028,81060
majority,112,target,1,1.0,0.9991241056007896,81060
majority,112,target,2,1.0,0.8441894892672095,81060
majority,112,target,3,1.0,0.00011102886750555144,81060
majority,112,target,4,1.0,0.00011103023723460689,81059
majority,112,target,5,1.0,0.00011103023723460689,81059
majority,112,target,6,1.0,0.09024290948568327,81059
majority,112,target,7,1.0,0.9112498303704709,81059
majority,112,target,8,1.0,0.45825879914630085,81059
majority,112,target,9,1.0,0.7346130596232374,81059
majority,112,target,10,1.0,0.9997285927534265,81059
majority,112,target,11,1.0,0.9997285927534265,81059
majority,112,target,12,1.0,0.999642235902244,81059
majority,112,target,13,1.0,0.6620362945508826,81059
majority,112,target,14,1.0,0.7331326564601093,81059
stratified,112,source_heldout,0,0.07101892563563372,0.9529726629707513,10462
stratified,112,source_heldout,1,1.0,1.0,10462
stratified,112,source_heldout,2,1.0,1.0,10462
stratified,112,source_heldout,3,1.0,1.0,10462
stratified,112,source_heldout,4,1.0,1.0,10462
stratified,112,source_heldout,5,1.0,1.0,10462
stratified,112,source_heldout,6,1.0,1.0,10462
stratified,112,source_heldout,7,1.0,1.0,10462
stratified,112,source_heldout,8,1.0,1.0,10462
stratified,112,source_heldout,9,1.0,1.0,10462
stratified,112,source_heldout,10,1.0,1.0,10462
stratified,112,source_heldout,11,1.0,1.0,10462
stratified,112,source_heldout,12,1.0,1.0,10462
stratified,112,source_heldout,13,1.0,1.0,10462
stratified,112,source_heldout,14,1.0,0.34964633913209714,10462
stratified,112,target,0,0.0699728596101653,0.6279916111522329,81060
stratified,112,target,1,1.0,0.7004687885516901,81060
stratified,112,target,2,1.0,0.9990994325191216,81060
stratified,112,target,3,1.0,0.6001850481125093,81060
stratified,112,target,4,1.0,0.00012336693026067432,81059
stratified,112,target,5,1.0,0.00012336693026067432,81059
stratified,112,target,6,1.0,0.02411823486596183,81059
stratified,112,target,7,1.0,0.5555582970428947,81059
stratified,112,target,8,1.0,0.5095424320556632,81059
stratified,112,target,9,1.0,0.6570522705683515,81059
stratified,112,target,10,1.0,0.9997656028325047,81059
stratified,112,target,11,1.0,0.9997285927534265,81059
stratified,112,target,12,1.0,0.9996915826743483,81059
stratified,112,target,13,1.0,0.6924955896322432,81059
stratified,112,target,14,1.0,0.740386631959437,81059
logreg,112,source_heldout,0,0.06031276918711634,0.6292295928120818,10462
logreg,112,source_heldout,1,0.3219360533683577,0.8105524756260754,10462
logreg,112,source_heldout,2,0.4601492245196113,0.9991397438348308,10462
logreg,112,source_heldout,3,0.47001760734572184,0.9999044159816479,10462
logreg,112,source_heldout,4,0.48668804226969886,0.9845153890269547,10462
logreg,112,source_heldout,5,0.5990350592046968,0.9710380424393041,10462
logreg,112,source_heldout,6,0.7271532676580086,0.9225769451347735,10462
logreg,112,source_heldout,7,0.8845201333108218,0.9871917415408143,10462
logreg,112,source_heldout,8,0.9484762705875965,1.0,10462
logreg,112,source_heldout,9,0.9491617224324348,1.0,10462
logreg,112,source_heldout,10,0.9504496674280232,1.0,10462
logreg,112,source_heldout,11,0.950512075334473,1.0,10462
logreg,112,source_heldout,12,0.9556239541714964,0.9999044159816479,10462
logreg,112,source_heldout,13,0.9801206514296167,0.9999044159816479,10462
logreg,112,source_heldout,14,0.9960279964415515,0.9986618237430701,10462
logreg,112,target,0,0.014932771774668915,0.5857883049592895,81060
logreg,112,target,1,0.020432588860489823,0.49675548976067113,81060
logreg,112,target,2,0.020522015819170968,0.4999506538366642,81060
logreg,112,target,3,0.020544220046139965,0.49986429805082655,81060
logreg,112,target,4,0.02497018552106046,0.6015248152580219,81059
logreg,112,target,5,0.03393002063528453,0.0,81059
logreg,112,target,6,0.044281774731074273,0.5749762518659248,81059
logreg,112,target,7,0.06362430624758333,0.7919416721153728,81059
logreg,112,target,8,0.06362430624758333,0.0002590705535474161,81059
logreg,112,target,9,0.06362430624758333,0.4610839018492703,81059
logreg,112,target,10,0.06362430624758333,1.0,81059
logreg,112,target,11,0.09775075988899407,0.8216114188430649,81059
logreg,112,target,12,0.43372635614978605,0.831875547440753,81059
logreg,112,target,13,0.5865209594018105,0.9759187752131163,81059
logreg,112,target,14,0.8581798441378683,0.9647910781036035,81059
tree,112,source_heldout,0,0.03895000686001341,0.4686484419805009,10462
tree,112,source_heldout,1,0.5225440771692368,0.9408334926400306,10462
tree,112,source_heldout,2,1.0,1.0,10462
tree,112,source_heldout,3,1.0,1.0,10462
tree,112,source_heldout,4,1.0,1.0,10462
tree,112,source_heldout,5,1.0,1.0,10462
tree,112,source_heldout,6,1.0,1.0,10462
tree,112,source_heldout,7,1.0,1.0,10462
tree,112,source_heldout,8,1.0,1.0,10462
tree,112,source_heldout,9,1.0,1.0,10462
tree,112,source_heldout,10,1.0,1.0,10462
tree,112,source_heldout,11,1.0,1.0,10462
tree,112,source_heldout,12,1.0,1.0,10462
tree,112,source_heldout,13,1.0,1.0,10462
tree,112,source_heldout,14,1.0,0.8931370674823169,10462
tree,112,target,0,0.0,0.1303232173698495,81060
tree,112,target,1,0.002849873599809108,0.27015790772267456,81060
tree,112,target,2,0.04375940835792138,0.7021959042684431,81060
tree,112,target,3,0.3659456921196389,0.8439057488280286,81060
tree,112,target,4,0.825066945503684,0.617994300447822,81059
tree,112,target,5,0.825066945503684,0.00024673386052134863,81059
tree,112,target,6,0.825066945503684,0.6350436102098471,81059
tree,112,target,7,0.825066945503684,1.0,81059
tree,112,target,8,0.9625881252924594,0.9224022008660359,81059
tree,112,target,9,1.0,0.7555114176093957,81059
tree,112,target,10,1.0,0.0,81059
tree,112,target,11,1.0,0.4476615798369089,81059
tree,112,target,12,1.0,0.865172281918109,81059
tree,112,target,13,1.0,0.9999136431488175,81059
tree,112,target,14,1.0,0.9158144067901158,81059
rf,112,source_heldout,0,0.20966892826283437,0.5208373160007647,10462
rf,112,source_heldout,1,0.6234658654655266,0.9574651118333015,10462
rf,112,source_heldout,2,0.6681623659870257,0.9464729497228064,10462
rf,112,source_heldout,3,0.7168141575589796,0.9667367616134582,10462
rf,112,source_heldout,4,0.7680438573587683,0.9888166698528006,10462
rf,112,source_heldout,5,0.830244134540408,0.9372012999426496,10462
rf,112,source_heldout,6,0.9297654932026547,0.9981839036513095,10462
rf,112,source_heldout,7,0.953570680446176,0.9914930223666603,10462
rf,112,source_heldout,8,0.9987167538901338,0.9965589753393232,10462
rf,112,source_heldout,9,0.9999767655174988,1.0,10462
rf,112,source_heldout,10,1.0,1.0,10462
rf,112,source_heldout,11,1.0,1.0,10462
rf,112,source_heldout,12,1.0,1.0,10462
rf,112,source_heldout,13,1.0,1.0,10462
rf,112,source_heldout,14,1.0,0.9988529917797744,10462
rf,112,target,0,0.0975006388243351,0.6023192696767826,81060
rf,112,target,1,0.10908129018087212,0.08471502590673576,81060
rf,112,target,2,0.3024720628205005,0.6691956575376264,81060
rf,112,target,3,0.5734554272502582,0.4162348877374784,81060
rf,112,target,4,0.7082718888041234,0.706732133384325,81059
rf,112,target,5,0.7329590465078566,0.21133988822956118,81059
rf,112,target,6,0.733055019603592,0.8730677654547921,81059
rf,112,target,7,0.7365767458479054,0.5011288074118851,81059
rf,112,target,8,0.7448469616692578,0.9200212191120049,81059
rf,112,target,9,0.7789621979749635,0.8750169629529109,81059
rf,112,target,10,0.7789621979749635,0.00024673386052134863,81059
rf,112,target,11,0.7789621979749635,0.37802094770475825,81059
rf,112,target,12,0.7789621979749635,1.0,81059
rf,112,target,13,0.7963725294974799,0.9359848998877361,81059
rf,112,target,14,0.8691291892584927,0.9323209020589941,81059
xgboost,112,source_heldout,0,0.07352979481220245,0.5000955840183521,10462
xgboost,112,source_heldout,1,0.24953484535217285,0.9539285031542726,10462
xgboost,112,source_heldout,2,0.6131529211997986,0.8595870770407188,10462
xgboost,112,source_heldout,3,0.9474160671234131,0.9916841904033645,10462
xgboost,112,source_heldout,4,0.9692620635032654,1.0,10462
xgboost,112,source_heldout,5,0.9760875701904297,0.998566239724718,10462
xgboost,112,source_heldout,6,0.9852260947227478,0.9993309118715351,10462
xgboost,112,source_heldout,7,0.9959955811500549,0.9995220799082394,10462
xgboost,112,source_heldout,8,0.9994668364524841,0.9999044159816479,10462
xgboost,112,source_heldout,9,0.9996936321258545,1.0,10462
xgboost,112,source_heldout,10,0.9998230338096619,1.0,10462
xgboost,112,source_heldout,11,0.9999542832374573,1.0,10462
xgboost,112,source_heldout,12,0.999968945980072,1.0,10462
xgboost,112,source_heldout,13,0.9999690055847168,1.0,10462
xgboost,112,source_heldout,14,0.9999708533287048,1.0,10462
xgboost,112,target,0,0.04022268205881119,0.4194300518134715,81060
xgboost,112,target,1,0.10619176179170609,0.8718850234394275,81060
xgboost,112,target,2,0.2697240710258484,0.40697014557118183,81060
xgboost,112,target,3,0.3215864896774292,0.08119911176905996,81060
xgboost,112,target,4,0.4766905903816223,0.23712357665404213,81059
xgboost,112,target,5,0.49799537658691406,0.6440740695049285,81059
xgboost,112,target,6,0.5028194785118103,0.7302088602129313,81059
xgboost,112,target,7,0.5222771167755127,0.7630368003552968,81059
xgboost,112,target,8,0.6166322231292725,0.8692310539236853,81059
xgboost,112,target,9,0.7923516631126404,0.8934233089478034,81059
xgboost,112,target,10,0.8755574822425842,0.9571176550413896,81059
xgboost,112,target,11,0.8861803412437439,0.20045892498056972,81059
xgboost,112,target,12,0.8861803412437439,0.05282571953762075,81059
xgboost,112,target,13,0.8861803412437439,1.0,81059
xgboost,112,target,14,0.8959959745407104,0.9793607125673892,81059
hgb,112,source_heldout,0,0.07616877349831246,0.5166316191932708,10462
hgb,112,source_heldout,1,0.3096264024820266,0.9168419040336456,10462
hgb,112,source_heldout,2,0.74174283192874,0.8861594341426113,10462
hgb,112,source_heldout,3,0.9168068961483105,0.9894857579812655,10462
hgb,112,source_heldout,4,0.9437339878525193,0.9997132479449437,10462
hgb,112,source_heldout,5,0.9496210182147271,0.998470655706366,10462
hgb,112,source_heldout,6,0.9733112590204203,0.9965589753393232,10462
hgb,112,source_heldout,7,0.9943125383096046,0.9988529917797744,10462
hgb,112,source_heldout,8,0.9996321639931087,0.9999044159816479,10462
hgb,112,source_heldout,9,0.9998758339727251,1.0,10462
hgb,112,source_heldout,10,0.9999259622512102,1.0,10462
hgb,112,source_heldout,11,0.9999589847673532,1.0,10462
hgb,112,source_heldout,12,0.9999629602195397,1.0,10462
hgb,112,source_heldout,13,0.9999632563508823,1.0,10462
hgb,112,source_heldout,14,0.9999804945953278,1.0,10462
hgb,112,target,0,0.029666500881178337,0.7555020972119417,81060
hgb,112,target,1,0.09250646195285454,0.5481865284974093,81060
hgb,112,target,2,0.14267599193694072,9.869232667160128e-05,81060
hgb,112,target,3,0.20293246902459836,0.5360597088576363,81060
hgb,112,target,4,0.516776069934871,0.8744001283016075,81059
hgb,112,target,5,0.785161180044882,0.2229610530601167,81059
hgb,112,target,6,0.8088337392619349,0.1512848665786649,81059
hgb,112,target,7,0.8088337392619349,1.0,81059
hgb,112,target,8,0.8211261002351702,0.9918824559888476,81059
hgb,112,target,9,0.8534448337093482,0.920230942893448,81059
hgb,112,target,10,0.8534448337093482,0.00023439716749528122,81059
hgb,112,target,11,0.8534448337093482,0.33281930445724717,81059
hgb,112,target,12,0.8534448337093482,1.0,81059
hgb,112,target,13,0.8639156451740395,0.9913519781887268,81059
hgb,112,target,14,0.9287887901964317,0.7813321161129547,81059
mlp,112,source_heldout,0,0.05971306562423706,0.5541961384056586,10462
mlp,112,source_heldout,1,0.19695420563220978,0.7969795450200726,10462
mlp,112,source_heldout,2,0.52826327085495,0.972376218696234,10462
mlp,112,source_heldout,3,0.8125773072242737,0.9901548461097305,10462
mlp,112,source_heldout,4,0.896820604801178,0.9993309118715351,10462
mlp,112,source_heldout,5,0.9038699269294739,0.9991397438348308,10462
mlp,112,source_heldout,6,0.9119182229042053,0.9990441598164786,10462
mlp,112,source_heldout,7,0.9658135771751404,0.9913974383483082,10462
mlp,112,source_heldout,8,0.9991865158081055,1.0,10462
mlp,112,source_heldout,9,0.9996482133865356,1.0,10462
mlp,112,source_heldout,10,0.9997674822807312,1.0,10462
mlp,112,source_heldout,11,0.9998078942298889,1.0,10462
mlp,112,source_heldout,12,0.9998375773429871,1.0,10462
mlp,112,source_heldout,13,0.9998385310173035,1.0,10462
mlp,112,source_heldout,14,0.9999208450317383,1.0,10462
mlp,112,target,0,0.0021866795141249895,0.7475697014557118,81060
mlp,112,target,1,0.06090771406888962,0.8511472982975574,81060
mlp,112,target,2,0.2732175290584564,0.29763138415988155,81060
mlp,112,target,3,0.54522305727005,0.0,81060
mlp,112,target,4,0.6210253834724426,0.8066470102024451,81059
mlp,112,target,5,0.7373325824737549,0.5720154455396687,81059
mlp,112,target,6,0.7507283687591553,0.500178882048878,81059
mlp,112,target,7,0.750996470451355,0.5001542086628259,81059
mlp,112,target,8,0.7573312520980835,0.6956661197399425,81059
mlp,112,target,9,0.8594405651092529,0.8993819316793941,81059
mlp,112,target,10,0.9524490833282471,0.988489865406679,81059
mlp,112,target,11,0.9663342237472534,0.36816392997693037,81059
mlp,112,target,12,0.9663342237472534,0.00023439716749528122,81059
mlp,112,target,13,0.9663342237472534,0.8848863173737648,81059
mlp,112,target,14,0.9666186571121216,0.9941770808916962,81059
majority,113,source_heldout,0,1.0,1.0,5988
majority,113,source_heldout,1,1.0,1.0,5988
majority,113,source_heldout,2,1.0,1.0,5988
majority,113,source_heldout,3,1.0,1.0,5988
majority,113,source_heldout,4,1.0,1.0,5988
majority,113,source_heldout,5,1.0,1.0,5987
majority,113,source_heldout,6,1.0,1.0,5987
majority,113,source_heldout,7,1.0,1.0,5987
majority,113,source_heldout,8,1.0,1.0,5987
majority,113,source_heldout,9,1.0,1.0,5987
majority,113,source_heldout,10,1.0,1.0,5987
majority,113,source_heldout,11,1.0,1.0,5987
majority,113,source_heldout,12,1.0,1.0,5987
majority,113,source_heldout,13,1.0,1.0,5987
majority,113,source_heldout,14,1.0,0.9579088024052113,5987
majority,113,target,0,1.0,0.6740562546262028,81060
majority,113,target,1,1.0,0.9991241056007896,81060
majority,113,target,2,1.0,0.8441894892672095,81060
majority,113,target,3,1.0,0.00011102886750555144,81060
majority,113,target,4,1.0,0.00011103023723460689,81059
majority,113,target,5,1.0,0.00011103023723460689,81059
majority,113,target,6,1.0,0.09024290948568327,81059
majority,113,target,7,1.0,0.9112498303704709,81059
majority,113,target,8,1.0,0.45825879914630085,81059
majority,113,target,9,1.0,0.7346130596232374,81059
majority,113,target,10,1.0,0.9997285927534265,81059
majority,113,target,11,1.0,0.9997285927534265,81059
majority,113,target,12,1.0,0.999642235902244,81059
majority,113,target,13,1.0,0.6620362945508826,81059
majority,113,target,14,1.0,0.7331326564601093,81059
stratified,113,source_heldout,0,0.0,1.0,5988
stratified,113,source_heldout,1,0.8652304609218436,0.996993987975952,5988
stratified,113,source_heldout,2,1.0,1.0,5988
stratified,113,source_heldout,3,1.0,1.0,5988
stratified,113,source_heldout,4,1.0,1.0,5988
stratified,113,source_heldout,5,1.0,1.0,5987
stratified,113,source_heldout,6,1.0,1.0,5987
stratified,113,source_heldout,7,1.0,1.0,5987
stratified,113,source_heldout,8,1.0,1.0,5987
stratified,113,source_heldout,9,1.0,1.0,5987
stratified,113,source_heldout,10,1.0,1.0,5987
stratified,113,source_heldout,11,1.0,1.0,5987
stratified,113,source_heldout,12,1.0,1.0,5987
stratified,113,source_heldout,13,1.0,1.0,5987
stratified,113,source_heldout,14,1.0,0.9609153165191248,5987
stratified,113,target,0,0.0,0.5916111522329139,81060
stratified,113,target,1,0.8700715519368369,0.6632617813964964,81060
stratified,113,target,2,1.0,0.9990747594374537,81060
stratified,113,target,3,1.0,0.7614483098939058,81060
stratified,113,target,4,1.0,0.00012336693026067432,81059
stratified,113,target,5,1.0,0.00012336693026067432,81059
stratified,113,target,6,1.0,0.0013446995398413502,81059
stratified,113,target,7,1.0,0.471088959893411,81059
stratified,113,target,8,1.0,0.5243958104590484,81059
stratified,113,target,9,1.0,0.6657249657656769,81059
stratified,113,target,10,1.0,0.9872315227180202,81059
stratified,113,target,11,1.0,0.9997285927534265,81059
stratified,113,target,12,1.0,0.9996792459813223,81059
stratified,113,target,13,1.0,0.6973068999124095,81059
stratified,113,target,14,1.0,0.7441863334114657,81059
logreg,113,source_heldout,0,0.35118231062051747,0.9851369405477622,5988
logreg,113,source_heldout,1,0.6873671642004975,0.9734468937875751,5988
logreg,113,source_heldout,2,0.720499791227155,1.0,5988
logreg,113,source_heldout,3,0.7220310626074191,1.0,5988
logreg,113,source_heldout,4,0.7315705632195717,1.0,5988
logreg,113,source_heldout,5,0.8231651141869744,0.9998329714381159,5987
logreg,113,source_heldout,6,0.9039433473898507,0.9998329714381159,5987
logreg,113,source_heldout,7,0.9193537212053566,1.0,5987
logreg,113,source_heldout,8,0.9231253205402091,1.0,5987
logreg,113,source_heldout,9,0.9263021309083368,1.0,5987
logreg,113,source_heldout,10,0.9267161535737028,1.0,5987
logreg,113,source_heldout,11,0.9267169681224463,1.0,5987
logreg,113,source_heldout,12,0.9267179581314416,1.0,5987
logreg,113,source_heldout,13,0.9268451954672797,1.0,5987
logreg,113,source_heldout,14,0.9635296714337624,0.9996659428762318,5987
logreg,113,target,0,0.03575775226748383,0.5535529237601776,81060
logreg,113,target,1,0.06672569022556187,0.49805082654823585,81060
logreg,113,target,2,0.06814276460597916,0.4999506538366642,81060
logreg,113,target,3,0.06825177787226681,0.4999753269183321,81060
logreg,113,target,4,0.07338342711901942,0.7022045670437582,81059
logreg,113,target,5,0.07723639352037966,0.0,81059
logreg,113,target,6,0.09550655127560055,0.34545207811594025,81059
logreg,113,target,7,0.12337470384246613,0.9995065322789572,81059
logreg,113,target,8,0.12365509152709457,0.12154109969281635,81059
logreg,113,target,9,0.12365509152709457,0.13174354482537412,81059
logreg,113,target,10,0.12365509152709457,1.0,81059
logreg,113,target,11,0.1364791065207985,0.9307788154307356,81059
logreg,113,target,12,0.5096331914490961,0.9199225255677963,81059
logreg,113,target,13,0.6468635396728126,0.9427083975869428,81059
logreg,113,target,14,0.8217769367577813,0.9609543665724966,81059
tree,113,source_heldout,0,0.0,1.0,5988
tree,113,source_heldout,1,0.0,1.0,5988
tree,113,source_heldout,2,0.0905870405427725,0.9844689378757515,5988
tree,113,source_heldout,3,0.7800116059234447,0.978623914495658,5988
tree,113,source_heldout,4,0.9972033742224106,1.0,5988
tree,113,source_heldout,5,0.9986206005220323,1.0,5987
tree,113,source_heldout,6,0.9996097039058498,1.0,5987
tree,113,source_heldout,7,1.0,1.0,5987
tree,113,source_heldout,8,1.0,1.0,5987
tree,113,source_heldout,9,1.0,1.0,5987
tree,113,source_heldout,10,1.0,1.0,5987
tree,113,source_heldout,11,1.0,1.0,5987
tree,113,source_heldout,12,1.0,1.0,5987
tree,113,source_heldout,13,1.0,1.0,5987
tree,113,source_heldout,14,1.0,0.9948221145815934,5987
tree,113,target,0,0.020513718403646502,0.7193807056501357,81060
tree,113,target,1,0.1009241260185524,0.11841845546508759,81060
tree,113,target,2,0.12120592346075368,0.43713298791019,81060
tree,113,target,3,0.14035156700743784,0.8882309400444115,81060
tree,113,target,4,0.5762575582106476,0.6116532402324233,81059
tree,113,target,5,0.9866443071712443,0.8256578541556151,81059
tree,113,target,6,0.9866443071712443,0.00024673386052134863,81059
tree,113,target,7,0.9866443071712443,0.4273800565020541,81059
tree,113,target,8,0.9866443071712443,1.0,81059
tree,113,target,9,0.994403259674963,0.9828890067728445,81059
tree,113,target,10,1.0,0.7509345044967246,81059
tree,113,target,11,1.0,0.0,81059
tree,113,target,12,1.0,0.3804636129239196,81059
tree,113,target,13,1.0,0.9999259798418436,81059
tree,113,target,14,1.0,0.9640262031359874,81059
rf,113,source_heldout,0,0.4225101530693357,0.9889779559118237,5988
rf,113,source_heldout,1,0.4454406069970516,1.0,5988
rf,113,source_heldout,2,0.5065894296320614,0.996993987975952,5988
rf,113,source_heldout,3,0.725536250186626,0.9988309953239813,5988
rf,113,source_heldout,4,0.825438854746316,0.9973279893119572,5988
rf,113,source_heldout,5,0.890712396135132,0.9969934858860865,5987
rf,113,source_heldout,6,0.9456366465770728,0.9993318857524637,5987
rf,113,source_heldout,7,0.9634229277022298,0.979789544012026,5987
rf,113,source_heldout,8,0.9848505503515858,1.0,5987
rf,113,source_heldout,9,0.9920272304193685,1.0,5987
rf,113,source_heldout,10,0.9936090795632455,1.0,5987
rf,113,source_heldout,11,0.9936090795632455,1.0,5987
rf,113,source_heldout,12,0.9959685246643991,0.9996659428762318,5987
rf,113,source_heldout,13,0.9995765972026809,1.0,5987
rf,113,source_heldout,14,1.0,1.0,5987
rf,113,target,0,0.04206604075226512,0.0,81060
rf,113,target,1,0.06765308741347281,0.6899210461386627,81060
rf,113,target,2,0.2836335896100769,0.6963730569948187,81060
rf,113,target,3,0.4625202368189945,0.7122255119664446,81060
rf,113,target,4,0.6166515292272008,0.5629603128585351,81059
rf,113,target,5,0.7348903381703288,0.9263992894064818,81059
rf,113,target,6,0.7761365119443812,0.8702303260587967,81059
rf,113,target,7,0.7860405640194711,0.0,81059
rf,113,target,8,0.7860405640194711,0.6436422852490161,81059
rf,113,target,9,0.7875507326631846,0.9342577628640867,81059
rf,113,target,10,0.8232512820120088,0.8177253605398537,81059
rf,113,target,11,0.8373071871144698,0.3723954156848715,81059
rf,113,target,12,0.8373071871144698,0.00023439716749528122,81059
rf,113,target,13,0.8373071871144698,0.8806548316658237,81059
rf,113,target,14,0.838294857984717,0.9993214818835663,81059
xgboost,113,source_heldout,0,0.26810216903686523,0.9841349365397462,5988
xgboost,113,source_heldout,1,0.389708936214447,0.9998329993319973,5988
xgboost,113,source_heldout,2,0.43268755078315735,0.9951569806279225,5988
xgboost,113,source_heldout,3,0.8194389939308167,0.9799599198396793,5988
xgboost,113,source_heldout,4,0.9622231721878052,0.9988309953239813,5988
xgboost,113,source_heldout,5,0.9789929986000061,1.0,5987
xgboost,113,source_heldout,6,0.9837189316749573,1.0,5987
xgboost,113,source_heldout,7,0.9878341555595398,1.0,5987
xgboost,113,source_heldout,8,0.988621175289154,1.0,5987
xgboost,113,source_heldout,9,0.9889132976531982,1.0,5987
xgboost,113,source_heldout,10,0.9922001957893372,1.0,5987
xgboost,113,source_heldout,11,0.9939277768135071,1.0,5987
xgboost,113,source_heldout,12,0.9962705373764038,1.0,5987
xgboost,113,source_heldout,13,0.9994882941246033,1.0,5987
xgboost,113,source_heldout,14,0.9998952746391296,1.0,5987
xgboost,113,target,0,0.03257552534341812,0.8407229212928695,81060
xgboost,113,target,1,0.09815949201583862,0.14339995065383668,81060
xgboost,113,target,2,0.11101193726062775,0.27438934122871944,81060
xgboost,113,target,3,0.1991611123085022,0.564594127806563,81060
xgboost,113,target,4,0.29695653915405273,0.7961854945163399,81059
xgboost,113,target,5,0.5568884611129761,0.975129226859448,81059
xgboost,113,target,6,0.6284606456756592,0.3506704992659668,81059
xgboost,113,target,7,0.6365383267402649,0.39832714442566525,81059
xgboost,113,target,8,0.6483654975891113,0.9978534154134643,81059
xgboost,113,target,9,0.6963315010070801,0.7341072552091686,81059
xgboost,113,target,10,0.7994135022163391,0.7822326947038577,81059
xgboost,113,target,11,0.8103841543197632,0.39764862630923153,81059
xgboost,113,target,12,0.8103841543197632,0.00022206047446921378,81059
xgboost,113,target,13,0.8103841543197632,0.8554139577344897,81059
xgboost,113,target,14,0.8106622099876404,0.9954477602733811,81059
hgb,113,source_heldout,0,0.06429347610287683,0.9963259853039412,5988
hgb,113,source_heldout,1,0.0987318994326562,0.9961589846359385,5988
hgb,113,source_heldout,2,0.2305194436833448,0.9873079492317969,5988
hgb,113,source_heldout,3,0.649672428255235,0.9794589178356713,5988
hgb,113,source_heldout,4,0.9505119996903293,0.998997995991984,5988
hgb,113,source_heldout,5,0.9782879310517638,0.9996659428762318,5987
hgb,113,source_heldout,6,0.9828061640966895,1.0,5987
hgb,113,source_heldout,7,0.9851162690172451,1.0,5987
hgb,113,source_heldout,8,0.9865786219455532,1.0,5987
hgb,113,source_heldout,9,0.9905727938455009,1.0,5987
hgb,113,source_heldout,10,0.9945940690402931,1.0,5987
hgb,113,source_heldout,11,0.9989677888432701,1.0,5987
hgb,113,source_heldout,12,0.9997851232120158,1.0,5987
hgb,113,source_heldout,13,0.9998531644608526,1.0,5987
hgb,113,source_heldout,14,0.9999641627031125,1.0,5987
hgb,113,target,0,0.03632073471482258,0.8343696027633851,81060
hgb,113,target,1,0.0707894401726946,0.0,81060
hgb,113,target,2,0.11724045991624214,0.4074019245003701,81060
hgb,113,target,3,0.21013250220844953,0.6122625215889465,81060
hgb,113,target,4,0.4043943829877126,0.813037417189948,81059
hgb,113,target,5,0.7696485365149975,0.5715589878977041,81059
hgb,113,target,6,0.8636655414907689,0.0,81059
hgb,113,target,7,0.8636655414907689,0.8789276946421742,81059
hgb,113,target,8,0.8723191614433593,0.9979150988785946,81059
hgb,113,target,9,0.8850708370347508,0.5448377108032421,81059
hgb,113,target,10,0.8850708370347508,0.00024673386052134863,81059
hgb,113,target,11,0.8850708370347508,0.7082001998544271,81059
hgb,113,target,12,0.8850708370347508,1.0,81059
hgb,113,target,13,0.8921595047026818,0.9967924598132225,81059
hgb,113,target,14,0.9625663905843133,0.7407937428292972,81059
mlp,113,source_heldout,0,0.41004014015197754,0.9580828323313293,5988
mlp,113,source_heldout,1,0.7345359921455383,1.0,5988
mlp,113,source_heldout,2,0.7532361149787903,1.0,5988
mlp,113,source_heldout,3,0.828127920627594,0.9998329993319973,5988
mlp,113,source_heldout,4,0.9135504364967346,1.0,5988
mlp,113,source_heldout,5,0.9498854875564575,1.0,5987
mlp,113,source_heldout,6,0.9507154822349548,1.0,5987
mlp,113,source_heldout,7,0.9687230587005615,1.0,5987
mlp,113,source_heldout,8,0.9740043878555298,1.0,5987
mlp,113,source_heldout,9,0.9740050435066223,1.0,5987
mlp,113,source_heldout,10,0.9740055203437805,1.0,5987
mlp,113,source_heldout,11,0.9744641780853271,1.0,5987
mlp,113,source_heldout,12,0.9858922958374023,1.0,5987
mlp,113,source_heldout,13,0.9952057003974915,1.0,5987
mlp,113,source_heldout,14,0.998757004737854,1.0,5987
mlp,113,target,0,0.008863014169037342,0.6778065630397236,81060
mlp,113,target,1,0.058294400572776794,0.8128793486306439,81060
mlp,113,target,2,0.09332848340272903,0.7051566740685912,81060
mlp,113,target,3,0.1276652216911316,0.04153713298791019,81060
mlp,113,target,4,0.18460513651371002,0.3617858596824535,81059
mlp,113,target,5,0.34190061688423157,0.7298634328082014,81059
mlp,113,target,6,0.3544829487800598,0.4999691582674348,81059
mlp,113,target,7,0.3545953035354614,0.5001418719697998,81059
mlp,113,target,8,0.3550676107406616,0.5420249447932987,81059
mlp,113,target,9,0.3865274488925934,0.9963113287852058,81059
mlp,113,target,10,0.5072764158248901,0.6063854723102925,81059
mlp,113,target,11,0.5105346441268921,0.5166853773177562,81059
mlp,113,target,12,0.5105347037315369,0.8787303075537571,81059
mlp,113,target,13,0.5105347633361816,0.24900381203814506,81059
mlp,113,target,14,0.5564174056053162,0.9880580811507668,81059
majority,114,source_heldout,0,1.0,1.0,6759
majority,114,source_heldout,1,1.0,1.0,6759
majority,114,source_heldout,2,1.0,1.0,6759
majority,114,source_heldout,3,1.0,1.0,6759
majority,114,source_heldout,4,1.0,1.0,6758
majority,114,source_heldout,5,1.0,1.0,6758
majority,114,source_heldout,6,1.0,1.0,6758
majority,114,source_heldout,7,1.0,1.0,6758
majority,114,source_heldout,8,1.0,1.0,6758
majority,114,source_heldout,9,1.0,1.0,6758
majority,114,source_heldout,10,1.0,1.0,6758
majority,114,source_heldout,11,1.0,1.0,6758
majority,114,source_heldout,12,1.0,1.0,6758
majority,114,source_heldout,13,1.0,1.0,6758
majority,114,source_heldout,14,1.0,0.4076649896419059,6758
majority,114,target,0,1.0,0.6740562546262028,81060
majority,114,target,1,1.0,0.9991241056007896,81060
majority,114,target,2,1.0,0.8441894892672095,81060
majority,114,target,3,1.0,0.00011102886750555144,81060
majority,114,target,4,1.0,0.00011103023723460689,81059
majority,114,target,5,1.0,0.00011103023723460689,81059
majority,114,target,6,1.0,0.09024290948568327,81059
majority,114,target,7,1.0,0.9112498303704709,81059
majority,114,target,8,1.0,0.45825879914630085,81059
majority,114,target,9,1.0,0.7346130596232374,81059
majority,114,target,10,1.0,0.9997285927534265,81059
majority,114,target,11,1.0,0.9997285927534265,81059
majority,114,target,12,1.0,0.999642235902244,81059
majority,114,target,13,1.0,0.6620362945508826,81059
majority,114,target,14,1.0,0.7331326564601093,81059
stratified,114,source_heldout,0,0.05725699067909454,0.9631602308033733,6759
stratified,114,source_heldout,1,1.0,1.0,6759
stratified,114,source_heldout,2,1.0,1.0,6759
stratified,114,source_heldout,3,1.0,1.0,6759
stratified,114,source_heldout,4,1.0,1.0,6758
stratified,114,source_heldout,5,1.0,1.0,6758
stratified,114,source_heldout,6,1.0,1.0,6758
stratified,114,source_heldout,7,1.0,1.0,6758
stratified,114,source_heldout,8,1.0,1.0,6758
stratified,114,source_heldout,9,1.0,1.0,6758
stratified,114,source_heldout,10,1.0,1.0,6758
stratified,114,source_heldout,11,1.0,1.0,6758
stratified,114,source_heldout,12,1.0,1.0,6758
stratified,114,source_heldout,13,1.0,1.0,6758
stratified,114,source_heldout,14,1.0,0.4445102101213377,6758
stratified,114,target,0,0.05972119417715273,0.6241549469528744,81060
stratified,114,target,1,1.0,0.7007155193683691,81060
stratified,114,target,2,1.0,0.9990994325191216,81060
stratified,114,target,3,1.0,0.6082408092770787,81060
stratified,114,target,4,1.0,0.00012336693026067432,81059
stratified,114,target,5,1.0,0.00012336693026067432,81059
stratified,114,target,6,1.0,0.02018282979064632,81059
stratified,114,target,7,1.0,0.5539175168704277,81059
stratified,114,target,8,1.0,0.510245623558149,81059
stratified,114,target,9,1.0,0.6570399338753253,81059
stratified,114,target,10,1.0,0.9997656028325047,81059
stratified,114,target,11,1.0,0.9997285927534265,81059
stratified,114,target,12,1.0,0.9996915826743483,81059
stratified,114,target,13,1.0,0.6927423234927645,81059
stratified,114,target,14,1.0,0.7405593456618019,81059
logreg,114,source_heldout,0,0.0865385938110219,0.5573309661192484,6759
logreg,114,source_heldout,1,0.5184040283810448,0.9405237461162894,6759
logreg,114,source_heldout,2,0.6276120989731289,0.9939340139073828,6759
logreg,114,source_heldout,3,0.6406706909977293,0.9998520491196923,6759
logreg,114,source_heldout,4,0.6789928869951333,0.9356318437407517,6758
logreg,114,source_heldout,5,0.8596812485145618,0.9825392127848476,6758
logreg,114,source_heldout,6,0.912941514127718,0.9995560816809707,6758
logreg,114,source_heldout,7,0.9181646595536532,1.0,6758
logreg,114,source_heldout,8,0.9220423637291871,1.0,6758
logreg,114,source_heldout,9,0.9220432076839213,1.0,6758
logreg,114,source_heldout,10,0.9220446343951033,1.0,6758
logreg,114,source_heldout,11,0.922252167278376,0.9998520272269902,6758
logreg,114,source_heldout,12,0.9374169483964184,0.9992601361349511,6758
logreg,114,source_heldout,13,0.9683393999520354,0.9998520272269902,6758
logreg,114,source_heldout,14,0.9906431574562067,0.999408108907961,6758
logreg,114,target,0,0.03141867893555838,0.5058968665186282,81060
logreg,114,target,1,0.054142852008624065,0.06735751295336788,81060
logreg,114,target,2,0.055618786874879866,0.2865284974093264,81060
logreg,114,target,3,0.05782081617420242,0.49986429805082655,81060
logreg,114,target,4,0.05790790246767492,0.5000185050395392,81059
logreg,114,target,5,0.058821562028259396,0.3352372962903564,81059
logreg,114,target,6,0.0733963517560468,0.9180843583069123,81059
logreg,114,target,7,0.09025821583774066,0.5931975474654264,81059
logreg,114,target,8,0.09025821583774066,0.00024673386052134863,81059
logreg,114,target,9,0.09025821583774066,0.6598403631922427,81059
logreg,114,target,10,0.09025821583774066,1.0,81059
logreg,114,target,11,0.12654613065961612,0.9030952762802403,81059
logreg,114,target,12,0.5498935305308953,0.933949345538435,81059
logreg,114,target,13,0.671940752852166,0.9472606373135617,81059
logreg,114,target,14,0.8571826101698695,0.9557729555015483,81059
tree,114,source_heldout,0,0.08086751590333398,0.45894363071460276,6759
tree,114,source_heldout,1,0.6700823341167946,0.9619766237609114,6759
tree,114,source_heldout,2,0.9961765010225702,0.9991122947181535,6759
tree,114,source_heldout,3,0.996682862044173,1.0,6759
tree,114,source_heldout,4,0.9966828620441731,1.0,6758
tree,114,source_heldout,5,0.9996622978819756,0.9986682450429121,6758
tree,114,source_heldout,6,1.0,1.0,6758
tree,114,source_heldout,7,1.0,1.0,6758
tree,114,source_heldout,8,1.0,1.0,6758
tree,114,source_heldout,9,1.0,1.0,6758
tree,114,source_heldout,10,1.0,1.0,6758
tree,114,source_heldout,11,1.0,1.0,6758
tree,114,source_heldout,12,1.0,1.0,6758
tree,114,source_heldout,13,1.0,1.0,6758
tree,114,source_heldout,14,1.0,0.9890500147972773,6758
tree,114,target,0,0.021388175018670144,0.7269430051813471,81060
tree,114,target,1,0.10080147066554479,0.5285467554897607,81060
tree,114,target,2,0.6494296882256678,0.7635701949173451,81060
tree,114,target,3,1.0,0.9997285961016531,81060
tree,114,target,4,1.0,0.9996669092882962,81059
tree,114,target,5,1.0,0.04929742533216546,81059
tree,114,target,6,1.0,0.00011103023723460689,81059
tree,114,target,7,1.0,0.00012336693026067432,81059
tree,114,target,8,1.0,0.06318854167951739,81059
tree,114,target,9,1.0,0.6395711765504138,81059
tree,114,target,10,1.0,0.7991586375356222,81059
tree,114,target,11,1.0,0.9999629899209218,81059
tree,114,target,12,1.0,0.9999013064557914,81059
tree,114,target,13,1.0,0.9271518276810718,81059
tree,114,target,14,1.0,0.609407962101679,81059
rf,114,source_heldout,0,0.2419820558681637,0.4392661636336736,6759
rf,114,source_heldout,1,0.9332235184246683,0.9686344133747595,6759
rf,114,source_heldout,2,0.9995957578911381,1.0,6759
rf,114,source_heldout,3,1.0,1.0,6759
rf,114,source_heldout,4,1.0,1.0,6758
rf,114,source_heldout,5,1.0,1.0,6758
rf,114,source_heldout,6,1.0,1.0,6758
rf,114,source_heldout,7,1.0,1.0,6758
rf,114,source_heldout,8,1.0,1.0,6758
rf,114,source_heldout,9,1.0,1.0,6758
rf,114,source_heldout,10,1.0,1.0,6758
rf,114,source_heldout,11,1.0,1.0,6758
rf,114,source_heldout,12,1.0,1.0,6758
rf,114,source_heldout,13,1.0,1.0,6758
rf,114,source_heldout,14,1.0,0.9998520272269902,6758
rf,114,target,0,0.08175724656901123,0.44811250925240564,81060
rf,114,target,1,0.111388803997529,0.210893165556378,81060
rf,114,target,2,0.24703461510758457,0.6264001973846534,81060
rf,114,target,3,0.5295313856418983,0.4620034542314335,81060
rf,114,target,4,0.6916709537294258,0.8456556335508704,81059
rf,114,target,5,0.8614987059503789,0.9943744679801132,81059
rf,114,target,6,0.8671767760089403,0.1422420705905575,81059
rf,114,target,7,0.8671767760089403,0.11104257392763296,81059
rf,114,target,8,0.8671767760089403,1.0,81059
rf,114,target,9,0.8690190300246389,0.9990624113300188,81059
rf,114,target,10,0.9093829538782191,0.9953120566500944,81059
rf,114,target,11,0.9336935380223264,0.36693026067432366,81059
rf,114,target,12,0.9374983201358857,0.14800330623373098,81059
rf,114,target,13,0.9374983201358857,1.0,81059
rf,114,target,14,0.9454204378990526,0.75631330265609,81059
xgboost,114,source_heldout,0,0.08468691259622574,0.4442964935641367,6759
xgboost,114,source_heldout,1,0.6824781894683838,0.9636040834442965,6759
xgboost,114,source_heldout,2,0.995365560054779,0.9998520491196923,6759
xgboost,114,source_heldout,3,0.9983313679695129,1.0,6759
xgboost,114,source_heldout,4,0.9989580512046814,1.0,6758
xgboost,114,source_heldout,5,0.999450147151947,1.0,6758
xgboost,114,source_heldout,6,0.9996825456619263,1.0,6758
xgboost,114,source_heldout,7,0.9998056888580322,1.0,6758
xgboost,114,source_heldout,8,0.9998456835746765,1.0,6758
xgboost,114,source_heldout,9,0.9998911619186401,1.0,6758
xgboost,114,source_heldout,10,0.9999066591262817,1.0,6758
xgboost,114,source_heldout,11,0.999927818775177,1.0,6758
xgboost,114,source_heldout,12,0.9999469518661499,1.0,6758
xgboost,114,source_heldout,13,0.9999575018882751,1.0,6758
xgboost,114,source_heldout,14,0.9999638199806213,1.0,6758
xgboost,114,target,0,0.03741491213440895,0.7503207500616828,81060
xgboost,114,target,1,0.10205245763063431,0.1732173698494942,81060
xgboost,114,target,2,0.12737582623958588,0.045854922279792744,81060
xgboost,114,target,3,0.18302057683467865,0.7416358253145818,81060
xgboost,114,target,4,0.3917217254638672,0.8951381092784269,81059
xgboost,114,target,5,0.7474586367607117,0.8312957228685278,81059
xgboost,114,target,6,0.8356307148933411,0.8303211241194686,81059
xgboost,114,target,7,0.8439779281616211,0.8642963767132582,81059
xgboost,114,target,8,0.8439779281616211,0.00024673386052134863,81059
xgboost,114,target,9,0.8439779281616211,0.38874153394441086,81059
xgboost,114,target,10,0.8439779281616211,1.0,81059
xgboost,114,target,11,0.8458691239356995,0.4670055145017826,81059
xgboost,114,target,12,0.84749835729599,0.6119123107859707,81059
xgboost,114,target,13,0.8657658696174622,0.8963224318089293,81059
xgboost,114,target,14,0.8992882370948792,0.6100371334460085,81059
hgb,114,source_heldout,0,0.08980798686302807,0.4482911673324456,6759
hgb,114,source_heldout,1,0.6453459886324491,0.9599053114366031,6759
hgb,114,source_heldout,2,0.9902052573731831,0.9995561473590768,6759
hgb,114,source_heldout,3,0.997030866403571,1.0,6759
hgb,114,source_heldout,4,0.9979534793577892,1.0,6758
hgb,114,source_heldout,5,0.9987521091164221,1.0,6758
hgb,114,source_heldout,6,0.9988874425537888,1.0,6758
hgb,114,source_heldout,7,0.998999742651816,1.0,6758
hgb,114,source_heldout,8,0.9994923707310626,1.0,6758
hgb,114,source_heldout,9,0.9996280093275989,1.0,6758
hgb,114,source_heldout,10,0.9997672755147832,1.0,6758
hgb,114,source_heldout,11,0.9997816423742664,1.0,6758
hgb,114,source_heldout,12,0.999782963228557,1.0,6758
hgb,114,source_heldout,13,0.999834614240037,1.0,6758
hgb,114,source_heldout,14,0.9999580359741572,1.0,6758
hgb,114,target,0,0.05084499431021421,0.5324821120157908,81060
hgb,114,target,1,0.14025284909557212,0.28749074759437454,81060
hgb,114,target,2,0.16008259742331263,0.04955588452997779,81060
hgb,114,target,3,0.25935763942828166,0.8063286454478165,81060
hgb,114,target,4,0.50827610420402,0.9308898456679703,81059
hgb,114,target,5,0.7047770726067054,0.12059117432980915,81059
hgb,114,target,6,0.7071545460371444,0.3996718439655066,81059
hgb,114,target,7,0.7071545460371444,1.0,81059
hgb,114,target,8,0.7435108902947563,0.8499611394169679,81059
hgb,114,target,9,0.7957288442445085,0.8914000912915284,81059
hgb,114,target,10,0.819675867879187,0.5944188800750071,81059
hgb,114,target,11,0.819675867879187,0.00024673386052134863,81059
hgb,114,target,12,0.819675867879187,0.658619030582662,81059
hgb,114,target,13,0.819675867879187,1.0,81059
hgb,114,target,14,0.8704635910041313,0.9846901639546504,81059
mlp,114,source_heldout,0,0.08190976828336716,0.4540612516644474,6759
mlp,114,source_heldout,1,0.5280137062072754,0.9551708832667555,6759
mlp,114,source_heldout,2,0.9721864461898804,0.9986684420772304,6759
mlp,114,source_heldout,3,0.9966645836830139,0.9998520491196923,6759
mlp,114,source_heldout,4,0.998439610004425,1.0,6758
mlp,114,source_heldout,5,0.9990977048873901,1.0,6758
mlp,114,source_heldout,6,0.9995184540748596,1.0,6758
mlp,114,source_heldout,7,0.9997899532318115,1.0,6758
mlp,114,source_heldout,8,0.9998182058334351,1.0,6758
mlp,114,source_heldout,9,0.9998456835746765,1.0,6758
mlp,114,source_heldout,10,0.9998827576637268,1.0,6758
mlp,114,source_heldout,11,0.9999272227287292,1.0,6758
mlp,114,source_heldout,12,0.9999272227287292,1.0,6758
mlp,114,source_heldout,13,0.9999272227287292,1.0,6758
mlp,114,source_heldout,14,0.9999349117279053,1.0,6758
mlp,114,target,0,0.02497425302863121,0.5274981495188749,81060
mlp,114,target,1,0.11144882440567017,0.581433506044905,81060
mlp,114,target,2,0.25100287795066833,0.8795953614606464,81060
mlp,114,target,3,0.5396822094917297,0.3176905995558845,81060
mlp,114,target,4,0.6026602983474731,0.381635598761396,81059
mlp,114,target,5,0.7524802684783936,0.9965950727248054,81059
mlp,114,target,6,0.7864493131637573,0.6755819834935047,81059
mlp,114,target,7,0.7879553437232971,0.4995743840906007,81059
mlp,114,target,8,0.7879682779312134,0.5000925251976955,81059
mlp,114,target,9,0.8125700950622559,0.5349683563823882,81059
mlp,114,target,10,0.9490624666213989,0.9574260723670412,81059
mlp,114,target,11,0.9490662217140198,0.00024673386052134863,81059
mlp,114,target,12,0.9490662217140198,0.2956118382906278,81059
mlp,114,target,13,0.9490662217140198,1.0,81059
mlp,114,target,14,0.9567980766296387,0.9583883344230746,81059
majority,115,source_heldout,0,1.0,1.0,6805
majority,115,source_heldout,1,1.0,1.0,6805
majority,115,source_heldout,2,1.0,1.0,6805
majority,115,source_heldout,3,1.0,1.0,6805
majority,115,source_heldout,4,1.0,1.0,6804
majority,115,source_heldout,5,1.0,1.0,6804
majority,115,source_heldout,6,1.0,1.0,6804
majority,115,source_heldout,7,1.0,1.0,6804
majority,115,source_heldout,8,1.0,1.0,6804
majority,115,source_heldout,9,1.0,1.0,6804
majority,115,source_heldout,10,1.0,1.0,6804
majority,115,source_heldout,11,1.0,1.0,6804
majority,115,source_heldout,12,1.0,1.0,6804
majority,115,source_heldout,13,1.0,1.0,6804
majority,115,source_heldout,14,1.0,0.4201940035273369,6804
majority,115,target,0,1.0,0.6740562546262028,81060
majority,115,target,1,1.0,0.9991241056007896,81060
majority,115,target,2,1.0,0.8441894892672095,81060
majority,115,target,3,1.0,0.00011102886750555144,81060
majority,115,target,4,1.0,0.00011103023723460689,81059
majority,115,target,5,1.0,0.00011103023723460689,81059
majority,115,target,6,1.0,0.09024290948568327,81059
majority,115,target,7,1.0,0.9112498303704709,81059
majority,115,target,8,1.0,0.45825879914630085,81059
majority,115,target,9,1.0,0.7346130596232374,81059
majority,115,target,10,1.0,0.9997285927534265,81059
majority,115,target,11,1.0,0.9997285927534265,81059
majority,115,target,12,1.0,0.999642235902244,81059
majority,115,target,13,1.0,0.6620362945508826,81059
majority,115,target,14,1.0,0.7331326564601093,81059
stratified,115,source_heldout,0,0.07832476120499633,0.9632623071271125,6805
stratified,115,source_heldout,1,1.0,1.0,6805
stratified,115,source_heldout,2,1.0,1.0,6805
stratified,115,source_heldout,3,1.0,1.0,6805
stratified,115,source_heldout,4,1.0,1.0,6804
stratified,115,source_heldout,5,1.0,1.0,6804
stratified,115,source_heldout,6,1.0,1.0,6804
stratified,115,source_heldout,7,1.0,1.0,6804
stratified,115,source_heldout,8,1.0,1.0,6804
stratified,115,source_heldout,9,1.0,1.0,6804
stratified,115,source_heldout,10,1.0,1.0,6804
stratified,115,source_heldout,11,1.0,1.0,6804
stratified,115,source_heldout,12,1.0,1.0,6804
stratified,115,source_heldout,13,1.0,1.0,6804
stratified,115,source_heldout,14,1.0,0.45693709582598474,6804
stratified,115,target,0,0.08177892918825562,0.631211448309894,81060
stratified,115,target,1,1.0,0.7015420676042438,81060
stratified,115,target,2,1.0,0.9990624228966198,81060
stratified,115,target,3,1.0,0.5904145077720208,81060
stratified,115,target,4,1.0,0.00012336693026067432,81059
stratified,115,target,5,1.0,0.00012336693026067432,81059
stratified,115,target,6,1.0,0.02445132557766565,81059
stratified,115,target,7,1.0,0.5618006637140848,81059
stratified,115,target,8,1.0,0.5086295167717342,81059
stratified,115,target,9,1.0,0.6572866677358468,81059
stratified,115,target,10,1.0,0.9997656028325047,81059
stratified,115,target,11,1.0,0.9997285927534265,81059
stratified,115,target,12,1.0,0.9996915826743483,81059
stratified,115,target,13,1.0,0.6923598860089565,81059
stratified,115,target,14,1.0,0.7401398980989156,81059
logreg,115,source_heldout,0,0.08527586590779604,0.5572373254959588,6805
logreg,115,source_heldout,1,0.5168913849852345,0.9437178545187362,6805
logreg,115,source_heldout,2,0.6229934904888839,0.997354886113152,6805
logreg,115,source_heldout,3,0.6336426211446496,1.0,6805
logreg,115,source_heldout,4,0.6719854069807195,0.938124632569077,6804
logreg,115,source_heldout,5,0.8605314815254795,0.9861845972957084,6804
logreg,115,source_heldout,6,0.914430410005934,0.9995590828924162,6804
logreg,115,source_heldout,7,0.9204100093838786,0.9997060552616108,6804
logreg,115,source_heldout,8,0.9224314657572936,1.0,6804
logreg,115,source_heldout,9,0.9224323731682845,1.0,6804
logreg,115,source_heldout,10,0.9224343216796899,1.0,6804
logreg,115,source_heldout,11,0.9227966791985975,1.0,6804
logreg,115,source_heldout,12,0.9416852285936356,0.9989711934156379,6804
logreg,115,source_heldout,13,0.9694803213208198,1.0,6804
logreg,115,source_heldout,14,0.9909698855736544,0.9994121105232217,6804
logreg,115,target,0,0.030048723584284374,0.45083888477670864,81060
logreg,115,target,1,0.048184331332164945,0.0,81060
logreg,115,target,2,0.053399379672728536,0.23631877621514927,81060
logreg,115,target,3,0.058701847585847844,0.47668393782383417,81060
logreg,115,target,4,0.05887633438390258,0.5000308417325652,81059
logreg,115,target,5,0.05896892167691573,0.4999691582674348,81059
logreg,115,target,6,0.07074512353713426,0.9497526493048274,81059
logreg,115,target,7,0.08148982998054201,0.5864247029941154,81059
logreg,115,target,8,0.08148982998054201,0.00024673386052134863,81059
logreg,115,target,9,0.08148982998054201,0.6666132076635537,81059
logreg,115,target,10,0.08148982998054201,1.0,81059
logreg,115,target,11,0.1285542634143999,0.9034283669919442,81059
logreg,115,target,12,0.550604522013551,0.9112621670634969,81059
logreg,115,target,13,0.7041067322312062,0.9684304025462934,81059
logreg,115,target,14,0.8585613883387935,0.9563527800737734,81059
tree,115,source_heldout,0,0.0744212840245064,0.45657604702424687,6805
tree,115,source_heldout,1,0.7016821092762763,0.9776634827332843,6805
tree,115,source_heldout,2,0.9939174779139823,0.9994121969140338,6805
tree,115,source_heldout,3,0.9969950685683109,0.9998530492285085,6805
tree,115,source_heldout,4,0.9987604375608559,1.0,6804
tree,115,source_heldout,5,0.9987604375608559,1.0,6804
tree,115,source_heldout,6,0.9996813646816486,1.0,6804
tree,115,source_heldout,7,1.0,1.0,6804
tree,115,source_heldout,8,1.0,1.0,6804
tree,115,source_heldout,9,1.0,1.0,6804
tree,115,source_heldout,10,1.0,1.0,6804
tree,115,source_heldout,11,1.0,1.0,6804
tree,115,source_heldout,12,1.0,1.0,6804
tree,115,source_heldout,13,1.0,1.0,6804
tree,115,source_heldout,14,1.0,0.9867724867724867,6804
tree,115,target,0,0.012945805801928086,0.7857266222551197,81060
tree,115,target,1,0.050526971850494366,0.5570565013570195,81060
tree,115,target,2,0.06893678304535099,0.12368615840118431,81060
tree,115,target,3,0.09417471355341386,0.49944485566247226,81060
tree,115,target,4,0.6624577217449267,0.8493813148447427,81059
tree,115,target,5,1.0,0.9998766330697393,81059
tree,115,target,6,1.0,0.7774337211167175,81059
tree,115,target,7,1.0,0.00011103023723460689,81059
tree,115,target,8,1.0,0.00011103023723460689,81059
tree,115,target,9,1.0,0.00011103023723460689,81059
tree,115,target,10,1.0,0.5919762148558457,81059
tree,115,target,11,1.0,0.9811988798282733,81059
tree,115,target,12,1.0,0.9999753266139478,81059
tree,115,target,13,1.0,0.9999506532278958,81059
tree,115,target,14,1.0,0.9403027424468597,81059
rf,115,source_heldout,0,0.24279505989047137,0.449669360764144,6805
rf,115,source_heldout,1,0.9332394987792598,0.9707567964731815,6805
rf,115,source_heldout,2,0.9995783796247986,0.9998530492285085,6805
rf,115,source_heldout,3,0.9999287100625225,1.0,6805
rf,115,source_heldout,4,0.9999946867375796,1.0,6804
rf,115,source_heldout,5,1.0,1.0,6804
rf,115,source_heldout,6,1.0,1.0,6804
rf,115,source_heldout,7,1.0,1.0,6804
rf,115,source_heldout,8,1.0,1.0,6804
rf,115,source_heldout,9,1.0,1.0,6804
rf,115,source_heldout,10,1.0,1.0,6804
rf,115,source_heldout,11,1.0,1.0,6804
rf,115,source_heldout,12,1.0,1.0,6804
rf,115,source_heldout,13,1.0,1.0,6804
rf,115,source_heldout,14,1.0,1.0,6804
rf,115,target,0,0.12115283391178967,0.9572415494695288,81060
rf,115,target,1,0.16686168925641276,0.03018751542067604,81060
rf,115,target,2,0.2598783157332568,0.20528003947693066,81060
rf,115,target,3,0.5306998080489264,0.4503207500616827,81060
rf,115,target,4,0.7527062039531645,0.956821574408764,81059
rf,115,target,5,0.849265460840015,0.9860348634944917,81059
rf,115,target,6,0.8683025094484369,0.9797184766651451,81059
rf,115,target,7,0.8684193735062122,0.00023439716749528122,81059
rf,115,target,8,0.8684193735062122,0.2719500610666305,81059
rf,115,target,9,0.8684193735062122,1.0,81059
rf,115,target,10,0.8726756311288524,0.9758941018270643,81059
rf,115,target,11,0.883066716272366,0.569893534339185,81059
rf,115,target,12,0.8883612731880715,0.16119123107859706,81059
rf,115,target,13,0.8883640861371348,0.5652055909892794,81059
rf,115,target,14,0.8995131789622693,0.9963730122503361,81059
xgboost,115,source_heldout,0,0.0843217596411705,0.45540044085231446,6805
xgboost,115,source_heldout,1,0.6785176992416382,0.9651726671565025,6805
xgboost,115,source_heldout,2,0.9949978590011597,0.9997060984570169,6805
xgboost,115,source_heldout,3,0.9982926845550537,1.0,6805
xgboost,115,source_heldout,4,0.9991763830184937,1.0,6804
xgboost,115,source_heldout,5,0.9994372129440308,1.0,6804
xgboost,115,source_heldout,6,0.9996154308319092,1.0,6804
xgboost,115,source_heldout,7,0.9996943473815918,1.0,6804
xgboost,115,source_heldout,8,0.9998188614845276,1.0,6804
xgboost,115,source_heldout,9,0.9998704791069031,1.0,6804
xgboost,115,source_heldout,10,0.999903678894043,1.0,6804
xgboost,115,source_heldout,11,0.9999364018440247,1.0,6804
xgboost,115,source_heldout,12,0.9999446272850037,1.0,6804
xgboost,115,source_heldout,13,0.9999514818191528,1.0,6804
xgboost,115,source_heldout,14,0.9999591708183289,1.0,6804
xgboost,115,target,0,0.03333042934536934,0.5932025660004935,81060
xgboost,115,target,1,0.08778788149356842,0.3707500616827042,81060
xgboost,115,target,2,0.10102163255214691,0.017184801381692573,81060
xgboost,115,target,3,0.1800708919763565,0.7459042684431285,81060
xgboost,115,target,4,0.3980332016944885,0.8753130435855364,81059
xgboost,115,target,5,0.669162929058075,0.7388198719451264,81059
xgboost,115,target,6,0.7582247257232666,0.11014199533673004,81059
xgboost,115,target,7,0.758819580078125,0.635759138405359,81059
xgboost,115,target,8,0.7593244910240173,0.9993338185765923,81059
xgboost,115,target,9,0.806420624256134,0.772400350362082,81059
xgboost,115,target,10,0.9284811019897461,0.9980261291158292,81059
xgboost,115,target,11,0.9387862682342529,0.3555064829321852,81059
xgboost,115,target,12,0.9387862682342529,0.00022206047446921378,81059
xgboost,115,target,13,0.9387862682342529,0.897556101111536,81059
xgboost,115,target,14,0.9393156170845032,0.9962249719340234,81059
hgb,115,source_heldout,0,0.09125647361213347,0.45789860396767085,6805
hgb,115,source_heldout,1,0.6564209408134651,0.9631153563556208,6805
hgb,115,source_heldout,2,0.990829367783807,0.9992652461425422,6805
hgb,115,source_heldout,3,0.9972856436389016,1.0,6805
hgb,115,source_heldout,4,0.9981823669520942,1.0,6804
hgb,115,source_heldout,5,0.9987036453424687,1.0,6804
hgb,115,source_heldout,6,0.9994036530371952,1.0,6804
hgb,115,source_heldout,7,0.999481061234177,1.0,6804
hgb,115,source_heldout,8,0.9994958134829326,1.0,6804
hgb,115,source_heldout,9,0.9995543182714719,1.0,6804
hgb,115,source_heldout,10,0.9996600122955864,1.0,6804
hgb,115,source_heldout,11,0.9996846351711972,1.0,6804
hgb,115,source_heldout,12,0.9996846351711972,1.0,6804
hgb,115,source_heldout,13,0.9997636262094549,1.0,6804
hgb,115,source_heldout,14,0.999979512745454,1.0,6804
hgb,115,target,0,0.03498531426665721,0.44882802862077475,81060
hgb,115,target,1,0.10053911425639504,0.3800271403898347,81060
hgb,115,target,2,0.11124768340697215,0.09077226745620529,81060
hgb,115,target,3,0.17336803575693696,0.8842339008142117,81060
hgb,115,target,4,0.47305046732161943,0.7974438372049988,81059
hgb,115,target,5,0.7016220134053225,0.99231424024476,81059
hgb,115,target,6,0.7768767256137297,0.9993584919626445,81059
hgb,115,target,7,0.7777211411782925,0.005156737684896186,81059
hgb,115,target,8,0.7777211411782925,0.24812790683329428,81059
hgb,115,target,9,0.7777211411782925,1.0,81059
hgb,115,target,10,0.7946717475335949,0.838438668130621,81059
hgb,115,target,11,0.8297227120658303,0.4873363846087418,81059
hgb,115,target,12,0.8297227120658303,0.003478947433351016,81059
hgb,115,target,13,0.8297227120658303,1.0,81059
hgb,115,target,14,0.8626146945117413,0.9308281622028399,81059
mlp,115,source_heldout,0,0.09291424602270126,0.46348273328434975,6805
mlp,115,source_heldout,1,0.6257969737052917,0.9581190301249082,6805
mlp,115,source_heldout,2,0.9919672608375549,0.9988243938280676,6805
mlp,115,source_heldout,3,0.9994449615478516,0.9998530492285085,6805
mlp,115,source_heldout,4,0.9998124241828918,1.0,6804
mlp,115,source_heldout,5,0.9998728632926941,1.0,6804
mlp,115,source_heldout,6,0.9999004602432251,1.0,6804
mlp,115,source_heldout,7,0.9999091029167175,1.0,6804
mlp,115,source_heldout,8,0.9999645948410034,1.0,6804
mlp,115,source_heldout,9,0.9999739527702332,1.0,6804
mlp,115,source_heldout,10,0.9999779462814331,1.0,6804
mlp,115,source_heldout,11,0.9999779462814331,1.0,6804
mlp,115,source_heldout,12,0.9999779462814331,1.0,6804
mlp,115,source_heldout,13,0.9999842047691345,1.0,6804
mlp,115,source_heldout,14,0.9999974370002747,1.0,6804
mlp,115,target,0,0.036741312593221664,0.526980014803849,81060
mlp,115,target,1,0.1862434446811676,0.6133234641006662,81060
mlp,115,target,2,0.3984664976596832,0.6484702689365902,81060
mlp,115,target,3,0.5391882658004761,0.0,81060
mlp,115,target,4,0.69688880443573,0.9084740744396057,81059
mlp,115,target,5,0.7411394715309143,0.5011288074118851,81059
mlp,115,target,6,0.7433964014053345,0.49995682157440874,81059
mlp,115,target,7,0.7435241937637329,0.5003145856721647,81059
mlp,115,target,8,0.7482165098190308,0.773510652734428,81059
mlp,115,target,9,0.9064521789550781,0.9818157144795766,81059
mlp,115,target,10,0.9921461343765259,0.9061917862297832,81059
mlp,115,target,11,0.9956158399581909,0.34923944287494296,81059
mlp,115,target,12,0.9956158399581909,0.00022206047446921378,81059
mlp,115,target,13,0.9956158399581909,0.9038231411687783,81059
mlp,115,target,14,0.9956583380699158,0.9928940648169852,81059
majority,116,source_heldout,0,1.0,1.0,5918
majority,116,source_heldout,1,1.0,1.0,5918
majority,116,source_heldout,2,1.0,1.0,5918
majority,116,source_heldout,3,1.0,1.0,5918
majority,116,source_heldout,4,1.0,1.0,5918
majority,116,source_heldout,5,1.0,1.0,5918
majority,116,source_heldout,6,1.0,1.0,5918
majority,116,source_heldout,7,1.0,1.0,5918
majority,116,source_heldout,8,1.0,1.0,5918
majority,116,source_heldout,9,1.0,1.0,5918
majority,116,source_heldout,10,1.0,1.0,5918
majority,116,source_heldout,11,1.0,1.0,5917
majority,116,source_heldout,12,1.0,1.0,5917
majority,116,source_heldout,13,1.0,1.0,5917
majority,116,source_heldout,14,1.0,0.9961128950481662,5917
majority,116,target,0,1.0,0.6740562546262028,81060
majority,116,target,1,1.0,0.9991241056007896,81060
majority,116,target,2,1.0,0.8441894892672095,81060
majority,116,target,3,1.0,0.00011102886750555144,81060
majority,116,target,4,1.0,0.00011103023723460689,81059
majority,116,target,5,1.0,0.00011103023723460689,81059
majority,116,target,6,1.0,0.09024290948568327,81059
majority,116,target,7,1.0,0.9112498303704709,81059
majority,116,target,8,1.0,0.45825879914630085,81059
majority,116,target,9,1.0,0.7346130596232374,81059
majority,116,target,10,1.0,0.9997285927534265,81059
majority,116,target,11,1.0,0.9997285927534265,81059
majority,116,target,12,1.0,0.999642235902244,81059
majority,116,target,13,1.0,0.6620362945508826,81059
majority,116,target,14,1.0,0.7331326564601093,81059
stratified,116,source_heldout,0,0.0,1.0,5918
stratified,116,source_heldout,1,0.8516390672524502,0.9996620479891856,5918
stratified,116,source_heldout,2,1.0,1.0,5918
stratified,116,source_heldout,3,1.0,1.0,5918
stratified,116,source_heldout,4,1.0,1.0,5918
stratified,116,source_heldout,5,1.0,1.0,5918
stratified,116,source_heldout,6,1.0,1.0,5918
stratified,116,source_heldout,7,1.0,1.0,5918
stratified,116,source_heldout,8,1.0,1.0,5918
stratified,116,source_heldout,9,1.0,1.0,5918
stratified,116,source_heldout,10,1.0,1.0,5918
stratified,116,source_heldout,11,1.0,1.0,5917
stratified,116,source_heldout,12,1.0,1.0,5917
stratified,116,source_heldout,13,1.0,1.0,5917
stratified,116,source_heldout,14,1.0,0.9964509041744127,5917
stratified,116,target,0,0.0,0.593794719960523,81060
stratified,116,target,1,0.8570441648161855,0.656192943498643,81060
stratified,116,target,2,1.0,0.9991117690599556,81060
stratified,116,target,3,1.0,0.7720083888477671,81060
stratified,116,target,4,1.0,0.00012336693026067432,81059
stratified,116,target,5,1.0,0.00012336693026067432,81059
stratified,116,target,6,1.0,0.00035776409775595556,81059
stratified,116,target,7,1.0,0.4651180004687943,81059
stratified,116,target,8,1.0,0.5303174231115607,81059
stratified,116,target,9,1.0,0.6650341109562171,81059
stratified,116,target,10,1.0,0.9827779765356098,81059
stratified,116,target,11,1.0,0.9997285927534265,81059
stratified,116,target,12,1.0,0.9996792459813223,81059
stratified,116,target,13,1.0,0.6980717748800257,81059
stratified,116,target,14,1.0,0.7438902527788401,81059
logreg,116,source_heldout,0,0.3439129273951667,0.997803311929706,5918
logreg,116,source_heldout,1,0.6814606161066578,1.0,5918
logreg,116,source_heldout,2,0.7317072936495388,0.9998310239945928,5918
logreg,116,source_heldout,3,0.7329028426013686,1.0,5918
logreg,116,source_heldout,4,0.7345207678082983,1.0,5918
logreg,116,source_heldout,5,0.8270661993261711,0.9994930719837783,5918
logreg,116,source_heldout,6,0.898076017410475,1.0,5918
logreg,116,source_heldout,7,0.9227813924693026,1.0,5918
logreg,116,source_heldout,8,0.9264936815826783,1.0,5918
logreg,116,source_heldout,9,0.9326631350269944,1.0,5918
logreg,116,source_heldout,10,0.9329190584815757,1.0,5918
logreg,116,source_heldout,11,0.9329200928474246,1.0,5917
logreg,116,source_heldout,12,0.9329209144847973,1.0,5917
logreg,116,source_heldout,13,0.9329228032413843,1.0,5917
logreg,116,source_heldout,14,0.9628284723603135,0.9989859726212608,5917
logreg,116,target,0,0.03179209001213427,0.5628916851714779,81060
logreg,116,target,1,0.05808995492546353,0.49921046138662717,81060
logreg,116,target,2,0.05925262251187985,0.4998396249691586,81060
logreg,116,target,3,0.05936056669043015,0.5000986923266716,81060
logreg,116,target,4,0.06600593547112378,0.6871167914728777,81059
logreg,116,target,5,0.07608288795409013,0.0,81059
logreg,116,target,6,0.1008336136256647,0.4505236926189566,81059
logreg,116,target,7,0.123223920104072,0.95463797974315,81059
logreg,116,target,8,0.1233211186780678,0.00023439716749528122,81059
logreg,116,target,9,0.1233211186780678,0.255221505323283,81059
logreg,116,target,10,0.1233211186780678,1.0,81059
logreg,116,target,11,0.15555685185872156,0.9361822869761531,81059
logreg,116,target,12,0.5563320082919565,0.8938427565106898,81059
logreg,116,target,13,0.6732330357315606,0.9515414697936071,81059
logreg,116,target,14,0.8451975256516944,0.9150001850503954,81059
tree,116,source_heldout,0,0.01208741561322569,0.999324095978371,5918
tree,116,source_heldout,1,0.013546293027780635,1.0,5918
tree,116,source_heldout,2,0.023412843733444363,0.9983102399459277,5918
tree,116,source_heldout,3,0.9239273832469951,0.9986481919567421,5918
tree,116,source_heldout,4,1.0,1.0,5918
tree,116,source_heldout,5,1.0,1.0,5918
tree,116,source_heldout,6,1.0,1.0,5918
tree,116,source_heldout,7,1.0,1.0,5918
tree,116,source_heldout,8,1.0,1.0,5918
tree,116,source_heldout,9,1.0,1.0,5918
tree,116,source_heldout,10,1.0,1.0,5918
tree,116,source_heldout,11,1.0,1.0,5917
tree,116,source_heldout,12,1.0,1.0,5917
tree,116,source_heldout,13,1.0,1.0,5917
tree,116,source_heldout,14,1.0,0.9998309954368768,5917
tree,116,target,0,0.0,0.9468911917098446,81060
tree,116,target,1,0.0,0.00023439427584505304,81060
tree,116,target,2,0.0,0.2740439180853689,81060
tree,116,target,3,0.0,0.9753762644954355,81060
tree,116,target,4,0.0,0.9923389136308122,81059
tree,116,target,5,0.008130005993637628,0.8530576493665109,81059
tree,116,target,6,0.12178933533761217,0.6358454952565415,81059
tree,116,target,7,0.2523456646139925,0.7650353446255197,81059
tree,116,target,8,1.0,0.8210069208847877,81059
tree,116,target,9,1.0,0.5203370384534721,81059
tree,116,target,10,1.0,0.0,81059
tree,116,target,11,1.0,0.14926164892238986,81059
tree,116,target,12,1.0,0.6159834194845729,81059
tree,116,target,13,1.0,0.9999013064557914,81059
tree,116,target,14,1.0,0.5570263635129967,81059
rf,116,source_heldout,0,0.33595480557222573,0.9994930719837783,5918
rf,116,source_heldout,1,0.37796302169060786,1.0,5918
rf,116,source_heldout,2,0.4066766168408002,0.9989861439675566,5918
rf,116,source_heldout,3,0.7187990193629947,0.9983102399459277,5918
rf,116,source_heldout,4,0.8304052208810979,0.9994930719837783,5918
rf,116,source_heldout,5,0.8971409394498074,0.9998310239945928,5918
rf,116,source_heldout,6,0.9718812100537481,1.0,5918
rf,116,source_heldout,7,0.9861851606565413,1.0,5918
rf,116,source_heldout,8,0.9903579268329047,1.0,5918
rf,116,source_heldout,9,0.9954196365469894,1.0,5918
rf,116,source_heldout,10,0.9995043410158166,1.0,5918
rf,116,source_heldout,11,0.9995043410158165,1.0,5917
rf,116,source_heldout,12,0.9995043410158165,1.0,5917
rf,116,source_heldout,13,0.9995043410158165,1.0,5917
rf,116,source_heldout,14,0.9999052765148296,1.0,5917
rf,116,target,0,0.05700320135957796,0.5990624228966198,81060
rf,116,target,1,0.10394126355660863,0.09769306686405133,81060
rf,116,target,2,0.20947735364309478,0.9238341968911917,81060
rf,116,target,3,0.22167256441320737,0.36459412780656303,81060
rf,116,target,4,0.22167256441320735,0.00022206047446921378,81059
rf,116,target,5,0.22167256441320735,0.8884762950443504,81059
rf,116,target,6,0.2221120958771161,0.9592395662418732,81059
rf,116,target,7,0.42100486565543427,0.395168951010992,81059
rf,116,target,8,0.5840835348565109,0.7607298387594221,81059
rf,116,target,9,0.6735517629369088,0.8659371568857253,81059
rf,116,target,10,0.7726308834603982,0.98572644616884,81059
rf,116,target,11,0.801481325279329,0.49968541432783525,81059
rf,116,target,12,0.8072270687840603,0.0030718365634907906,81059
rf,116,target,13,0.8072270687840603,1.0,81059
rf,116,target,14,0.8150153628316795,0.76290109673201,81059
xgboost,116,source_heldout,0,0.17232899367809296,0.999324095978371,5918
xgboost,116,source_heldout,1,0.23012056946754456,0.9994930719837783,5918
xgboost,116,source_heldout,2,0.2899504601955414,0.9984792159513349,5918
xgboost,116,source_heldout,3,0.7759371399879456,0.9998310239945928,5918
xgboost,116,source_heldout,4,0.9262356758117676,0.9989861439675566,5918
xgboost,116,source_heldout,5,0.9818032383918762,1.0,5918
xgboost,116,source_heldout,6,0.9854132533073425,1.0,5918
xgboost,116,source_heldout,7,0.9879160523414612,1.0,5918
xgboost,116,source_heldout,8,0.9879617691040039,1.0,5918
xgboost,116,source_heldout,9,0.9882853627204895,1.0,5918
xgboost,116,source_heldout,10,0.9895257949829102,1.0,5918
xgboost,116,source_heldout,11,0.9912992119789124,1.0,5917
xgboost,116,source_heldout,12,0.9960216283798218,1.0,5917
xgboost,116,source_heldout,13,0.9993416666984558,1.0,5917
xgboost,116,source_heldout,14,0.9998298287391663,1.0,5917
xgboost,116,target,0,0.0287307221442461,0.8552183567727609,81060
xgboost,116,target,1,0.0963171198964119,0.17813964964224033,81060
xgboost,116,target,2,0.11910450458526611,0.12482112015790772,81060
xgboost,116,target,3,0.16101080179214478,0.9758943992104614,81060
xgboost,116,target,4,0.1651802510023117,0.23501400214658458,81059
xgboost,116,target,5,0.1651802510023117,0.018270642371605868,81059
xgboost,116,target,6,0.1651802510023117,1.0,81059
xgboost,116,target,7,0.16689221560955048,0.8713282917381167,81059
xgboost,116,target,8,0.24674062430858612,0.6811581687412872,81059
xgboost,116,target,9,0.5109031796455383,0.5886453077388075,81059
xgboost,116,target,10,0.630926787853241,0.757596318730801,81059
xgboost,116,target,11,0.6735915541648865,0.6548933492887896,81059
xgboost,116,target,12,0.7116842269897461,0.5999580552437114,81059
xgboost,116,target,13,0.7270100712776184,0.9994325121208009,81059
xgboost,116,target,14,0.7858344316482544,0.5659704659568956,81059
hgb,116,source_heldout,0,0.22617197517241802,0.9983102399459277,5918
hgb,116,source_heldout,1,0.3243208370140229,1.0,5918
hgb,116,source_heldout,2,0.38794735120602525,0.999324095978371,5918
hgb,116,source_heldout,3,0.8821247414321834,0.999324095978371,5918
hgb,116,source_heldout,4,0.9580110128346921,1.0,5918
hgb,116,source_heldout,5,0.9623057357436509,1.0,5918
hgb,116,source_heldout,6,0.9661249285983341,1.0,5918
hgb,116,source_heldout,7,0.9691287678685646,1.0,5918
hgb,116,source_heldout,8,0.974842241084209,0.9996620479891856,5918
hgb,116,source_heldout,9,0.9843658649588277,0.9994930719837783,5918
hgb,116,source_heldout,10,0.9904442417292303,1.0,5918
hgb,116,source_heldout,11,0.9929022875786433,1.0,5917
hgb,116,source_heldout,12,0.9992007162632648,1.0,5917
hgb,116,source_heldout,13,0.9998946772884529,1.0,5917
hgb,116,source_heldout,14,0.9999694444855236,1.0,5917
hgb,116,target,0,0.025312120460443472,0.8204169750801875,81060
hgb,116,target,1,0.1056070407488376,0.32517887984209226,81060
hgb,116,target,2,0.12981607588667388,0.12910189982728842,81060
hgb,116,target,3,0.19131758892575942,0.901739452257587,81060
hgb,116,target,4,0.20587711825067606,0.5283188788413378,81059
hgb,116,target,5,0.20587711825067606,0.00024673386052134863,81059
hgb,116,target,6,0.20587711825067606,0.7247190318163313,81059
hgb,116,target,7,0.20587711825067606,1.0,81059
hgb,116,target,8,0.33855191740651047,0.5636018208958906,81059
hgb,116,target,9,0.5957828738806058,0.8587572015445539,81059
hgb,116,target,10,0.8559719340920481,0.19890450165928522,81059
hgb,116,target,11,0.8711575034098733,0.30962632156824044,81059
hgb,116,target,12,0.8711575034098733,1.0,81059
hgb,116,target,13,0.885132607460695,0.9974833146226822,81059
hgb,116,target,14,0.9726138183774591,0.7482451054170419,81059
mlp,116,source_heldout,0,0.27365347743034363,0.9961135518756337,5918
mlp,116,source_heldout,1,0.3952517807483673,1.0,5918
mlp,116,source_heldout,2,0.43277886509895325,1.0,5918
mlp,116,source_heldout,3,0.6386298537254333,1.0,5918
mlp,116,source_heldout,4,0.9698740839958191,1.0,5918
mlp,116,source_heldout,5,0.994936466217041,1.0,5918
mlp,116,source_heldout,6,0.9990174174308777,1.0,5918
mlp,116,source_heldout,7,0.9991907477378845,1.0,5918
mlp,116,source_heldout,8,0.9996472001075745,1.0,5918
mlp,116,source_heldout,9,0.9998359680175781,1.0,5918
mlp,116,source_heldout,10,0.9998359680175781,1.0,5918
mlp,116,source_heldout,11,0.9998359680175781,1.0,5917
mlp,116,source_heldout,12,0.9998409748077393,1.0,5917
mlp,116,source_heldout,13,0.9999075531959534,1.0,5917
mlp,116,source_heldout,14,0.9999967813491821,1.0,5917
mlp,116,target,0,0.05692553520202637,0.516358253145818,81060
mlp,116,target,1,0.09650343656539917,0.0014433752775721688,81060
mlp,116,target,2,0.11509443074464798,0.35234394275845055,81060
mlp,116,target,3,0.1555267870426178,0.8750801875154207,81060
mlp,116,target,4,0.19825953245162964,0.8910053171146942,81059
mlp,116,target,5,0.2103065699338913,0.1776237061893189,81059
mlp,116,target,6,0.21030659973621368,1.0,81059
mlp,116,target,7,0.21030661463737488,0.22006193019899087,81059
mlp,116,target,8,0.21030661463737488,0.9054885947272974,81059
mlp,116,target,9,0.4058821499347687,0.9038601512478565,81059
mlp,116,target,10,0.5326249003410339,0.5976017468757325,81059
mlp,116,target,11,0.5370748043060303,0.5003392590582169,81059
mlp,116,target,12,0.5375300049781799,0.5007216965420249,81059
mlp,116,target,13,0.5598900318145752,0.6734724089860472,81059
mlp,116,target,14,0.7253409624099731,0.9909448673188666,81059
majority,117,source_heldout,0,1.0,1.0,6865
majority,117,source_heldout,1,1.0,1.0,6865
majority,117,source_heldout,2,1.0,1.0,6865
majority,117,source_heldout,3,1.0,1.0,6865
majority,117,source_heldout,4,1.0,1.0,6865
majority,117,source_heldout,5,1.0,1.0,6865
majority,117,source_heldout,6,1.0,1.0,6865
majority,117,source_heldout,7,1.0,1.0,6865
majority,117,source_heldout,8,1.0,1.0,6865
majority,117,source_heldout,9,1.0,1.0,6865
majority,117,source_heldout,10,1.0,1.0,6865
majority,117,source_heldout,11,1.0,1.0,6864
majority,117,source_heldout,12,1.0,1.0,6864
majority,117,source_heldout,13,1.0,1.0,6864
majority,117,source_heldout,14,1.0,0.3870920745920746,6864
majority,117,target,0,1.0,0.6740562546262028,81060
majority,117,target,1,1.0,0.9991241056007896,81060
majority,117,target,2,1.0,0.8441894892672095,81060
majority,117,target,3,1.0,0.00011102886750555144,81060
majority,117,target,4,1.0,0.00011103023723460689,81059
majority,117,target,5,1.0,0.00011103023723460689,81059
majority,117,target,6,1.0,0.09024290948568327,81059
majority,117,target,7,1.0,0.9112498303704709,81059
majority,117,target,8,1.0,0.45825879914630085,81059
majority,117,target,9,1.0,0.7346130596232374,81059
majority,117,target,10,1.0,0.9997285927534265,81059
majority,117,target,11,1.0,0.9997285927534265,81059
majority,117,target,12,1.0,0.999642235902244,81059
majority,117,target,13,1.0,0.6620362945508826,81059
majority,117,target,14,1.0,0.7331326564601093,81059
stratified,117,source_heldout,0,0.0897305171158048,0.9619810633648944,6865
stratified,117,source_heldout,1,1.0,1.0,6865
stratified,117,source_heldout,2,1.0,1.0,6865
stratified,117,source_heldout,3,1.0,1.0,6865
stratified,117,source_heldout,4,1.0,1.0,6865
stratified,117,source_heldout,5,1.0,1.0,6865
stratified,117,source_heldout,6,1.0,1.0,6865
stratified,117,source_heldout,7,1.0,1.0,6865
stratified,117,source_heldout,8,1.0,1.0,6865
stratified,117,source_heldout,9,1.0,1.0,6865
stratified,117,source_heldout,10,1.0,1.0,6865
stratified,117,source_heldout,11,1.0,1.0,6864
stratified,117,source_heldout,12,1.0,1.0,6864
stratified,117,source_heldout,13,1.0,1.0,6864
stratified,117,source_heldout,14,1.0,0.42511655011655014,6864
stratified,117,target,0,0.09111769059955588,0.6345916604983962,81060
stratified,117,target,1,1.0,0.7014063656550703,81060
stratified,117,target,2,1.0,0.9990377498149519,81060
stratified,117,target,3,1.0,0.582913890944979,81060
stratified,117,target,4,1.0,0.00012336693026067432,81059
stratified,117,target,5,1.0,0.00012336693026067432,81059
stratified,117,target,6,1.0,0.024525345735822057,81059
stratified,117,target,7,1.0,0.5667476776175379,81059
stratified,117,target,8,1.0,0.5080990389716132,81059
stratified,117,target,9,1.0,0.6573976979730813,81059
stratified,117,target,10,1.0,0.9997532661394787,81059
stratified,117,target,11,1.0,0.9997409294464525,81059
stratified,117,target,12,1.0,0.9996915826743483,81059
stratified,117,target,13,1.0,0.6921871723065915,81059
stratified,117,target,14,1.0,0.7399918577826028,81059
logreg,117,source_heldout,0,0.08560563871656351,0.542461762563729,6865
logreg,117,source_heldout,1,0.5303895049608749,0.9217771303714494,6865
logreg,117,source_heldout,2,0.6469669033044517,0.9924253459577568,6865
logreg,117,source_heldout,3,0.6582727028198595,1.0,6865
logreg,117,source_heldout,4,0.6769999093625435,0.9634377276037873,6865
logreg,117,source_heldout,5,0.8571616596337677,0.9695557174071376,6865
logreg,117,source_heldout,6,0.9199490354024273,0.998980335032775,6865
logreg,117,source_heldout,7,0.9254191881954288,0.9997086671522214,6865
logreg,117,source_heldout,8,0.9285757106745033,1.0,6865
logreg,117,source_heldout,9,0.9286376600125503,1.0,6865
logreg,117,source_heldout,10,0.9286383610050476,1.0,6865
logreg,117,source_heldout,11,0.9286397686127968,1.0,6864
logreg,117,source_heldout,12,0.9444412199168973,0.9992715617715617,6864
logreg,117,source_heldout,13,0.9739284744532914,0.9998543123543123,6864
logreg,117,source_heldout,14,0.9924475398642069,0.9997086247086248,6864
logreg,117,target,0,0.02936437094993005,0.5507648655317049,81060
logreg,117,target,1,0.050703543202035,0.3369356032568468,81060
logreg,117,target,2,0.051666078228881855,0.49981495188749075,81060
logreg,117,target,3,0.0517454780772292,0.5000493461633359,81060
logreg,117,target,4,0.05185169965376498,0.2884565563355087,81059
logreg,117,target,5,0.05224474134630089,0.0941659778679727,81059
logreg,117,target,6,0.06949229268345608,0.8549204900134469,81059
logreg,117,target,7,0.08720093923714756,0.60410318410047,81059
logreg,117,target,8,0.08720093923714756,0.00024673386052134863,81059
logreg,117,target,9,0.08720093923714756,0.6489347265571991,81059
logreg,117,target,10,0.08720093923714756,1.0,81059
logreg,117,target,11,0.1146032982452319,0.8944595911619931,81059
logreg,117,target,12,0.5396816535564645,0.9299152469189109,81059
logreg,117,target,13,0.6632615538576243,0.9482845828347253,81059
logreg,117,target,14,0.8541375136582177,0.9552918244735317,81059
tree,117,source_heldout,0,0.06329536944171009,0.4297159504734159,6865
tree,117,source_heldout,1,0.6134920788221019,0.9699927166788055,6865
tree,117,source_heldout,2,0.9903382304192818,1.0,6865
tree,117,source_heldout,3,0.993907080739787,1.0,6865
tree,117,source_heldout,4,0.9950353464948699,1.0,6865
tree,117,source_heldout,5,0.9950353464948699,1.0,6865
tree,117,source_heldout,6,0.9988740035677367,0.9992716678805535,6865
tree,117,source_heldout,7,1.0,1.0,6865
tree,117,source_heldout,8,1.0,1.0,6865
tree,117,source_heldout,9,1.0,1.0,6865
tree,117,source_heldout,10,1.0,1.0,6865
tree,117,source_heldout,11,1.0,1.0,6864
tree,117,source_heldout,12,1.0,1.0,6864
tree,117,source_heldout,13,1.0,1.0,6864
tree,117,source_heldout,14,1.0,0.9881993006993007,6864
tree,117,target,0,0.0,0.9470022205773501,81060
tree,117,target,1,0.0,0.0002467308166790032,81060
tree,117,target,2,0.0,0.2879965457685665,81060
tree,117,target,3,0.0,0.9971379225265236,81060
tree,117,target,4,0.0,0.9958178610641631,81059
tree,117,target,5,0.02815386003295105,0.6286285298362921,81059
tree,117,target,6,0.1008236511718102,0.3871871106231264,81059
tree,117,target,7,0.1032518100259081,0.13286618389074625,81059
tree,117,target,8,0.2408343754445023,0.638658261266485,81059
tree,117,target,9,0.34528475163576056,0.7576456655029052,81059
tree,117,target,10,0.34528475163576056,0.0,81059
tree,117,target,11,0.34528475163576056,0.5159328390431661,81059
tree,117,target,12,0.34528475163576056,1.0,81059
tree,117,target,13,0.7284379475052924,0.9179980014557297,81059
tree,117,target,14,1.0,0.8992215546700552,81059
rf,117,source_heldout,0,0.20992847867588527,0.4295702840495266,6865
rf,117,source_heldout,1,0.903586807331439,0.958339402767662,6865
rf,117,source_heldout,2,0.9991075948571614,0.9992716678805535,6865
rf,117,source_heldout,3,0.9999712978764052,1.0,6865
rf,117,source_heldout,4,1.0,1.0,6865
rf,117,source_heldout,5,1.0,1.0,6865
rf,117,source_heldout,6,1.0,1.0,6865
rf,117,source_heldout,7,1.0,1.0,6865
rf,117,source_heldout,8,1.0,1.0,6865
rf,117,source_heldout,9,1.0,1.0,6865
rf,117,source_heldout,10,1.0,1.0,6865
rf,117,source_heldout,11,1.0,1.0,6864
rf,117,source_heldout,12,1.0,1.0,6864
rf,117,source_heldout,13,1.0,1.0,6864
rf,117,source_heldout,14,1.0,1.0,6864
rf,117,target,0,0.06351599126634738,0.44744633604737233,81060
rf,117,target,1,0.08784791071499005,0.23957562299531213,81060
rf,117,target,2,0.24799030832151372,0.8696767826301505,81060
rf,117,target,3,0.2664901649162346,0.33476437207007154,81060
rf,117,target,4,0.2664901649162346,0.00022206047446921378,81059
rf,117,target,5,0.2664901649162346,0.9183064187813814,81059
rf,117,target,6,0.26701650543635624,0.9916110487422741,81059
rf,117,target,7,0.3586280025452255,0.36435189183187555,81059
rf,117,target,8,0.6130572966212076,0.7726717576086555,81059
rf,117,target,9,0.6601940125415232,0.8164423444651426,81059
rf,117,target,10,0.6665587367590486,0.0,81059
rf,117,target,11,0.6665587367590486,0.7063990426726212,81059
rf,117,target,12,0.6667005682623528,0.7561899357258294,81059
rf,117,target,13,0.7053108004965852,0.9254246906574224,81059
rf,117,target,14,0.8222909962841797,0.9632613281683712,81059
xgboost,117,source_heldout,0,0.07361859828233719,0.4247632920611799,6865
xgboost,117,source_heldout,1,0.6075669527053833,0.9628550619082301,6865
xgboost,117,source_heldout,2,0.9925402998924255,0.9997086671522214,6865
xgboost,117,source_heldout,3,0.9985080361366272,1.0,6865
xgboost,117,source_heldout,4,0.9990975260734558,0.9998543335761108,6865
xgboost,117,source_heldout,5,0.9993410706520081,1.0,6865
xgboost,117,source_heldout,6,0.9996494650840759,1.0,6865
xgboost,117,source_heldout,7,0.9998310804367065,1.0,6865
xgboost,117,source_heldout,8,0.99985271692276,1.0,6865
xgboost,117,source_heldout,9,0.9998964667320251,1.0,6865
xgboost,117,source_heldout,10,0.9999582767486572,1.0,6865
xgboost,117,source_heldout,11,0.9999642372131348,1.0,6864
xgboost,117,source_heldout,12,0.9999668598175049,1.0,6864
xgboost,117,source_heldout,13,0.9999692440032959,1.0,6864
xgboost,117,source_heldout,14,0.9999731779098511,1.0,6864
xgboost,117,target,0,0.043385788798332214,0.41712311867752283,81060
xgboost,117,target,1,0.09470900893211365,0.513853935356526,81060
xgboost,117,target,2,0.10548913478851318,0.005317049099432519,81060
xgboost,117,target,3,0.13176676630973816,0.9052923760177646,81060
xgboost,117,target,4,0.13351166248321533,0.07117038206738302,81059
xgboost,117,target,5,0.13351166248321533,0.18211426245080745,81059
xgboost,117,target,6,0.13351166248321533,1.0,81059
xgboost,117,target,7,0.1370239555835724,0.96596306394108,81059
xgboost,117,target,8,0.22948791086673737,0.8817651340381697,81059
xgboost,117,target,9,0.49488240480422974,0.1278451498291368,81059
xgboost,117,target,10,0.5199966430664062,0.317423111560715,81059
xgboost,117,target,11,0.5199966430664062,1.0,81059
xgboost,117,target,12,0.5502811670303345,0.9734144265288247,81059
xgboost,117,target,13,0.5899074077606201,0.7862421199373296,81059
xgboost,117,target,14,0.8261592984199524,0.9588201186789869,81059
hgb,117,source_heldout,0,0.0749843994811609,0.42796795338674437,6865
hgb,117,source_heldout,1,0.5956321905300744,0.959796067006555,6865
hgb,117,source_heldout,2,0.9903764197809013,0.9995630007283322,6865
hgb,117,source_heldout,3,0.9981434347058258,0.9998543335761108,6865
hgb,117,source_heldout,4,0.9989365670299917,1.0,6865
hgb,117,source_heldout,5,0.9993368268929425,1.0,6865
hgb,117,source_heldout,6,0.999608368144675,1.0,6865
hgb,117,source_heldout,7,0.9997012935037506,1.0,6865
hgb,117,source_heldout,8,0.9997995858216133,1.0,6865
hgb,117,source_heldout,9,0.9998150820829779,1.0,6865
hgb,117,source_heldout,10,0.9998258649186708,1.0,6865
hgb,117,source_heldout,11,0.9998280394494781,1.0,6864
hgb,117,source_heldout,12,0.9998385467441464,1.0,6864
hgb,117,source_heldout,13,0.999892356282669,1.0,6864
hgb,117,source_heldout,14,0.9999871079487521,1.0,6864
hgb,117,target,0,0.056602179394149785,0.32130520602023194,81060
hgb,117,target,1,0.08129891647293384,0.01627189735998026,81060
hgb,117,target,2,0.11105220974411897,0.5307549962990378,81060
hgb,117,target,3,0.17900110954708734,0.9494078460399704,81060
hgb,117,target,4,0.18101001392270333,0.2593419607939896,81059
hgb,117,target,5,0.18101001392270333,0.00048113102801662985,81059
hgb,117,target,6,0.18101001392270333,0.9934615526961843,81059
hgb,117,target,7,0.18632108173132367,0.9235741867035122,81059
hgb,117,target,8,0.4493468179457702,0.8892535067049927,81059
hgb,117,target,9,0.705744096932575,0.7965802686931741,81059
hgb,117,target,10,0.8152032963979857,0.32781060708866383,81059
hgb,117,target,11,0.8244481131349748,0.11838290627814307,81059
hgb,117,target,12,0.8244481131349748,1.0,81059
hgb,117,target,13,0.8358767159346099,0.9994325121208009,81059
hgb,117,target,14,0.9382032970485519,0.9802859645443442,81059
mlp,117,source_heldout,0,0.06949160248041153,0.42753095411507647,6865
mlp,117,source_heldout,1,0.500603199005127,0.9654770575382374,6865
mlp,117,source_heldout,2,0.9672724008560181,0.9951930080116533,6865
mlp,117,source_heldout,3,0.9936606884002686,0.9995630007283322,6865
mlp,117,source_heldout,4,0.9971664547920227,0.9995630007283322,6865
mlp,117,source_heldout,5,0.9985133409500122,0.9998543335761108,6865
mlp,117,source_heldout,6,0.9991499185562134,1.0,6865
mlp,117,source_heldout,7,0.9992737770080566,1.0,6865
mlp,117,source_heldout,8,0.9996264576911926,1.0,6865
mlp,117,source_heldout,9,0.9997735619544983,1.0,6865
mlp,117,source_heldout,10,0.9998094439506531,1.0,6865
mlp,117,source_heldout,11,0.9998611211776733,1.0,6864
mlp,117,source_heldout,12,0.9998732209205627,1.0,6864
mlp,117,source_heldout,13,0.9998732209205627,1.0,6864
mlp,117,source_heldout,14,0.9998778104782104,1.0,6864
mlp,117,target,0,0.007003409788012505,0.6798791018998273,81060
mlp,117,target,1,0.06554404646158218,0.4730446582778189,81060
mlp,117,target,2,0.18172185122966766,0.5973476437207007,81060
mlp,117,target,3,0.20033052563667297,0.0007155193683691093,81060
mlp,117,target,4,0.6442217230796814,0.8753377169715886,81059
mlp,117,target,5,0.7795817852020264,0.19642482636104566,81059
mlp,117,target,6,0.7795817852020264,1.0,81059
mlp,117,target,7,0.7795819044113159,0.19922525567796295,81059
mlp,117,target,8,0.7795882225036621,0.9281264264301311,81059
mlp,117,target,9,0.825395405292511,0.9324812790683329,81059
mlp,117,target,10,0.8777480721473694,0.5099125328464452,81059
mlp,117,target,11,0.8791819214820862,0.5005119727605818,81059
mlp,117,target,12,0.8792521357536316,0.5003515957512429,81059
mlp,117,target,13,0.8815003037452698,0.7732515821808806,81059
mlp,117,target,14,0.9421467185020447,0.9397352545676606,81059
majority,118,source_heldout,0,1.0,1.0,5934
majority,118,source_heldout,1,1.0,1.0,5934
majority,118,source_heldout,2,1.0,1.0,5934
majority,118,source_heldout,3,1.0,1.0,5933
majority,118,source_heldout,4,1.0,1.0,5933
majority,118,source_heldout,5,1.0,1.0,5933
majority,118,source_heldout,6,1.0,1.0,5933
majority,118,source_heldout,7,1.0,1.0,5933
majority,118,source_heldout,8,1.0,1.0,5933
majority,118,source_heldout,9,1.0,1.0,5933
majority,118,source_heldout,10,1.0,1.0,5933
majority,118,source_heldout,11,1.0,1.0,5933
majority,118,source_heldout,12,1.0,1.0,5933
majority,118,source_heldout,13,1.0,1.0,5933
majority,118,source_heldout,14,1.0,0.33676049216248105,5933
majority,118,target,0,1.0,0.6740562546262028,81060
majority,118,target,1,1.0,0.9991241056007896,81060
majority,118,target,2,1.0,0.8441894892672095,81060
majority,118,target,3,1.0,0.00011102886750555144,81060
majority,118,target,4,1.0,0.00011103023723460689,81059
majority,118,target,5,1.0,0.00011103023723460689,81059
majority,118,target,6,1.0,0.09024290948568327,81059
majority,118,target,7,1.0,0.9112498303704709,81059
majority,118,target,8,1.0,0.45825879914630085,81059
majority,118,target,9,1.0,0.7346130596232374,81059
majority,118,target,10,1.0,0.9997285927534265,81059
majority,118,target,11,1.0,0.9997285927534265,81059
majority,118,target,12,1.0,0.999642235902244,81059
majority,118,target,13,1.0,0.6620362945508826,81059
majority,118,target,14,1.0,0.7331326564601093,81059
stratified,118,source_heldout,0,0.14239973036737444,0.9624199528142905,5934
stratified,118,source_heldout,1,1.0,1.0,5934
stratified,118,source_heldout,2,1.0,1.0,5934
stratified,118,source_heldout,3,1.0,1.0,5933
stratified,118,source_heldout,4,1.0,1.0,5933
stratified,118,source_heldout,5,1.0,1.0,5933
stratified,118,source_heldout,6,1.0,1.0,5933
stratified,118,source_heldout,7,1.0,1.0,5933
stratified,118,source_heldout,8,1.0,1.0,5933
stratified,118,source_heldout,9,1.0,1.0,5933
stratified,118,source_heldout,10,1.0,1.0,5933
stratified,118,source_heldout,11,1.0,1.0,5933
stratified,118,source_heldout,12,1.0,1.0,5933
stratified,118,source_heldout,13,1.0,1.0,5933
stratified,118,source_heldout,14,1.0,0.37434687341985506,5933
stratified,118,target,0,0.14518874907475943,0.6461016530964717,81060
stratified,118,target,1,1.0,0.7101899827288428,81060
stratified,118,target,2,1.0,0.99900074019245,81060
stratified,118,target,3,1.0,0.5384900074019245,81060
stratified,118,target,4,1.0,0.00013570362328674176,81059
stratified,118,target,5,1.0,0.00011103023723460689,81059
stratified,118,target,6,1.0,0.026252482759471497,81059
stratified,118,target,7,1.0,0.5943448599168507,81059
stratified,118,target,8,1.0,0.5046817750033926,81059
stratified,118,target,9,1.0,0.6579405124662283,81059
stratified,118,target,10,1.0,0.9997409294464525,81059
stratified,118,target,11,1.0,0.9997409294464525,81059
stratified,118,target,12,1.0,0.9996915826743483,81059
stratified,118,target,13,1.0,0.6889302853477097,81059
stratified,118,target,14,1.0,0.7409787932246882,81059
logreg,118,source_heldout,0,0.05667982847325872,0.5365689248399056,5934
logreg,118,source_heldout,1,0.408218147878844,0.8988877654196158,5934
logreg,118,source_heldout,2,0.5981722060031107,0.9986518368722616,5934
logreg,118,source_heldout,3,0.6225755667426316,1.0,5933
logreg,118,source_heldout,4,0.6256814294156549,0.9993258048204955,5933
logreg,118,source_heldout,5,0.7805636723912702,0.9177481881004551,5933
logreg,118,source_heldout,6,0.8822678709250187,0.9900556211023092,5933
logreg,118,source_heldout,7,0.9183984233267101,0.9988201584358671,5933
logreg,118,source_heldout,8,0.9254512356192954,0.9998314512051238,5933
logreg,118,source_heldout,9,0.9296392595539495,1.0,5933
logreg,118,source_heldout,10,0.9296923180492818,1.0,5933
logreg,118,source_heldout,11,0.9297045214356249,1.0,5933
logreg,118,source_heldout,12,0.9369247098750271,0.9979774144614866,5933
logreg,118,source_heldout,13,0.9765052665761943,0.9998314512051238,5933
logreg,118,source_heldout,14,0.9948824300323855,0.9991572560256194,5933
logreg,118,target,0,0.017435469227036433,0.5227115716753022,81060
logreg,118,target,1,0.03410129387282616,0.4963853935356526,81060
logreg,118,target,2,0.03484225587186207,0.500012336540834,81060
logreg,118,target,3,0.034904022370757695,0.49996299037749814,81060
logreg,118,target,4,0.03577793297462878,0.15014989082026672,81059
logreg,118,target,5,0.0372722074468694,0.4000172713702365,81059
logreg,118,target,6,0.05281345610231931,0.5600365166113571,81059
logreg,118,target,7,0.062323867002084025,0.5609741052813383,81059
logreg,118,target,8,0.062323867002084025,0.00024673386052134863,81059
logreg,118,target,9,0.062323867002084025,0.6920638053763308,81059
logreg,118,target,10,0.062323867002084025,1.0,81059
logreg,118,target,11,0.11105861124137978,0.8890067728444713,81059
logreg,118,target,12,0.5226346606321428,0.9159994571855069,81059
logreg,118,target,13,0.6566043157725109,0.9555262216410269,81059
logreg,118,target,14,0.8639697218891255,0.9632489914753452,81059
tree,118,source_heldout,0,0.048477211828915866,0.4544994944388271,5934
tree,118,source_heldout,1,0.44448711734352114,0.9081563869228176,5934
tree,118,source_heldout,2,0.9994859938453182,0.9998314796090327,5934
tree,118,source_heldout,3,1.0,1.0,5933
tree,118,source_heldout,4,1.0,1.0,5933
tree,118,source_heldout,5,1.0,1.0,5933
tree,118,source_heldout,6,1.0,1.0,5933
tree,118,source_heldout,7,1.0,1.0,5933
tree,118,source_heldout,8,1.0,1.0,5933
tree,118,source_heldout,9,1.0,1.0,5933
tree,118,source_heldout,10,1.0,1.0,5933
tree,118,source_heldout,11,1.0,1.0,5933
tree,118,source_heldout,12,1.0,1.0,5933
tree,118,source_heldout,13,1.0,1.0,5933
tree,118,source_heldout,14,1.0,0.9743805831788303,5933
tree,118,target,0,0.0013237254675756967,0.8595114729829756,81060
tree,118,target,1,0.027529919576923214,0.43026153466567973,81060
tree,118,target,2,0.033569284481489305,0.1952751048605971,81060
tree,118,target,3,0.09856727887751042,0.5170120898100172,81060
tree,118,target,4,0.5543186861231167,0.9664071848900184,81059
tree,118,target,5,0.8892225335992092,0.3879273122046904,81059
tree,118,target,6,0.8892225335992092,0.00022206047446921378,81059
tree,118,target,7,0.8892225335992092,0.8651352718390308,81059
tree,118,target,8,0.8906469686045253,0.9994078387347488,81059
tree,118,target,9,0.9997897359701079,0.9295574828211549,81059
tree,118,target,10,1.0,0.3912705560147547,81059
tree,118,target,11,1.0,0.0,81059
tree,118,target,12,1.0,0.6461219605472557,81059
tree,118,target,13,1.0,0.9999136431488175,81059
tree,118,target,14,1.0,0.9183187554744076,81059
rf,118,source_heldout,0,0.24092662154756656,0.40950455005055614,5934
rf,118,source_heldout,1,0.7543168875625031,0.9499494438827099,5934
rf,118,source_heldout,2,0.9648377151298979,0.9809571958206943,5934
rf,118,source_heldout,3,0.9952029139515411,0.9981459632563627,5933
rf,118,source_heldout,4,0.9997752702598488,0.9998314512051238,5933
rf,118,source_heldout,5,1.0,1.0,5933
rf,118,source_heldout,6,1.0,1.0,5933
rf,118,source_heldout,7,1.0,1.0,5933
rf,118,source_heldout,8,1.0,1.0,5933
rf,118,source_heldout,9,1.0,1.0,5933
rf,118,source_heldout,10,1.0,1.0,5933
rf,118,source_heldout,11,1.0,1.0,5933
rf,118,source_heldout,12,1.0,1.0,5933
rf,118,source_heldout,13,1.0,1.0,5933
rf,118,source_heldout,14,1.0,0.9984830608461149,5933
rf,118,target,0,0.03563039896057303,0.0,81060
rf,118,target,1,0.09560528398832287,0.6780039476930668,81060
rf,118,target,2,0.20779714221284196,0.6125585985689612,81060
rf,118,target,3,0.4834885259057423,0.4073279052553664,81060
rf,118,target,4,0.6924924956656441,0.9058340221320272,81059
rf,118,target,5,0.8264586587463323,0.9897728814813901,81059
rf,118,target,6,0.8336467884677489,0.2117469990994214,81059
rf,118,target,7,0.8336467884677489,0.041537645418769045,81059
rf,118,target,8,0.8336467884677489,1.0,81059
rf,118,target,9,0.8364668961743794,0.9908215003886058,81059
rf,118,target,10,0.9016593142906784,0.9958425344502153,81059
rf,118,target,11,0.9472417259845186,0.5462687671942659,81059
rf,118,target,12,0.9475007430977931,0.0,81059
rf,118,target,13,0.9475007430977931,0.9394515106280611,81059
rf,118,target,14,0.9496394637013531,0.7871797086073107,81059
xgboost,118,source_heldout,0,0.07066581398248672,0.41304347826086957,5934
xgboost,118,source_heldout,1,0.38061437010765076,0.9400067408156387,5934
xgboost,118,source_heldout,2,0.9417122602462769,0.9927536231884058,5934
xgboost,118,source_heldout,3,0.9977160096168518,0.9994943536153716,5933
xgboost,118,source_heldout,4,0.9990224242210388,0.9981459632563627,5933
xgboost,118,source_heldout,5,0.9994838833808899,0.9994943536153716,5933
xgboost,118,source_heldout,6,0.9997009038925171,0.997134670487106,5933
xgboost,118,source_heldout,7,0.9997952580451965,1.0,5933
xgboost,118,source_heldout,8,0.9998350143432617,1.0,5933
xgboost,118,source_heldout,9,0.9998557567596436,0.997134670487106,5933
xgboost,118,source_heldout,10,0.9998694658279419,1.0,5933
xgboost,118,source_heldout,11,0.9998776912689209,0.9996629024102478,5933
xgboost,118,source_heldout,12,0.9999114274978638,1.0,5933
xgboost,118,source_heldout,13,0.9999434351921082,1.0,5933
xgboost,118,source_heldout,14,0.9999613165855408,1.0,5933
xgboost,118,target,0,0.024830279871821404,0.5788058228472737,81060
xgboost,118,target,1,0.05378688499331474,0.3037626449543548,81060
xgboost,118,target,2,0.07003915309906006,0.2848507278559092,81060
xgboost,118,target,3,0.13365432620048523,0.5810387367382186,81060
xgboost,118,target,4,0.42952272295951843,0.8443479440901072,81059
xgboost,118,target,5,0.9001167416572571,0.9883418250903663,81059
xgboost,118,target,6,0.975687563419342,0.5965654646615428,81059
xgboost,118,target,7,0.975687563419342,0.00024673386052134863,81059
xgboost,118,target,8,0.975687563419342,0.6564724459961263,81059
xgboost,118,target,9,0.975687563419342,1.0,81059
xgboost,118,target,10,0.9781256914138794,0.7369446946051641,81059
xgboost,118,target,11,0.9792237281799316,0.2775879297795433,81059
xgboost,118,target,12,0.9793097972869873,0.538780394527443,81059
xgboost,118,target,13,0.9821261763572693,0.8173552597490716,81059
xgboost,118,target,14,0.9909074902534485,0.9012447723263302,81059
hgb,118,source_heldout,0,0.0685305714318948,0.403943377148635,5934
hgb,118,source_heldout,1,0.4333307452902638,0.9482642399730368,5934
hgb,118,source_heldout,2,0.9288196617635363,0.993933265925177,5934
hgb,118,source_heldout,3,0.9967831995801657,0.9988201584358671,5933
hgb,118,source_heldout,4,0.9982118353623757,0.9998314512051238,5933
hgb,118,source_heldout,5,0.9985337611090159,1.0,5933
hgb,118,source_heldout,6,0.9991049770043368,0.9998314512051238,5933
hgb,118,source_heldout,7,0.9992394553580691,1.0,5933
hgb,118,source_heldout,8,0.9998521213754527,0.9937636945895837,5933
hgb,118,source_heldout,9,0.9999249578323588,0.9986516096409911,5933
hgb,118,source_heldout,10,0.9999355846792864,1.0,5933
hgb,118,source_heldout,11,0.9999404546179368,1.0,5933
hgb,118,source_heldout,12,0.9999465530197591,1.0,5933
hgb,118,source_heldout,13,0.9999547640253933,1.0,5933
hgb,118,source_heldout,14,0.9999795958708814,0.9998314512051238,5933
hgb,118,target,0,0.038394083594601475,0.3947322970639033,81060
hgb,118,target,1,0.06015196163113577,0.01159634838391315,81060
hgb,118,target,2,0.11141450923868194,0.5956945472489514,81060
hgb,118,target,3,0.15819944320017545,0.7806192943498643,81060
hgb,118,target,4,0.5816577680523376,0.8073008549328267,81059
hgb,118,target,5,0.9038132541827071,0.9946212018406346,81059
hgb,118,target,6,0.9626060129421024,0.16596553127968516,81059
hgb,118,target,7,0.9631194488986397,0.37895853637473936,81059
hgb,118,target,8,0.9631194488986397,1.0,81059
hgb,118,target,9,0.9781883170648719,0.7238924733835848,81059
hgb,118,target,10,0.9870929203735137,0.9999013064557914,81059
hgb,118,target,11,0.9871628381102605,0.03668932505952455,81059
hgb,118,target,12,0.9871628381102605,0.21659531945866592,81059
hgb,118,target,13,0.9871628381102605,1.0,81059
hgb,118,target,14,0.989463417129029,0.9997779395255307,81059
mlp,118,source_heldout,0,0.05990104377269745,0.4034378159757331,5934
mlp,118,source_heldout,1,0.45566752552986145,0.9474216380182002,5934
mlp,118,source_heldout,2,0.9445192813873291,0.9973036737445231,5934
mlp,118,source_heldout,3,0.9781431555747986,0.9983145120512388,5933
mlp,118,source_heldout,4,0.9929863214492798,0.9993258048204955,5933
mlp,118,source_heldout,5,0.9975529909133911,0.9996629024102478,5933
mlp,118,source_heldout,6,0.9983018636703491,1.0,5933
mlp,118,source_heldout,7,0.9986150860786438,1.0,5933
mlp,118,source_heldout,8,0.9986987113952637,1.0,5933
mlp,118,source_heldout,9,0.9994641542434692,0.9986516096409911,5933
mlp,118,source_heldout,10,0.9996679425239563,1.0,5933
mlp,118,source_heldout,11,0.9997101426124573,1.0,5933
mlp,118,source_heldout,12,0.9997105002403259,1.0,5933
mlp,118,source_heldout,13,0.9998776316642761,1.0,5933
mlp,118,source_heldout,14,0.9999826550483704,0.992752401820327,5933
mlp,118,target,0,0.012834027409553528,0.5700838884776709,81060
mlp,118,target,1,0.07348301261663437,0.681174438687392,81060
mlp,118,target,2,0.15686719119548798,0.1230940044411547,81060
mlp,118,target,3,0.21799451112747192,0.3358499876634592,81060
mlp,118,target,4,0.47555676102638245,0.9713912088725496,81059
mlp,118,target,5,0.8465756773948669,0.9833701378008611,81059
mlp,118,target,6,0.9439850449562073,0.613257010325812,81059
mlp,118,target,7,0.9595495462417603,0.500919083630442,81059
mlp,118,target,8,0.95973801612854,0.5003145856721647,81059
mlp,118,target,9,0.9613634943962097,0.607569794840795,81059
mlp,118,target,10,0.9865263104438782,0.9660370840992364,81059
mlp,118,target,11,0.9999990463256836,0.40681478922759967,81059
mlp,118,target,12,0.9999990463256836,0.00022206047446921378,81059
mlp,118,target,13,0.9999990463256836,0.8462477948161216,81059
mlp,118,target,14,0.9999990463256836,1.0,81059
majority,119,source_heldout,0,1.0,1.0,10176
majority,119,source_heldout,1,1.0,1.0,10176
majority,119,source_heldout,2,1.0,1.0,10176
majority,119,source_heldout,3,1.0,1.0,10175
majority,119,source_heldout,4,1.0,1.0,10175
majority,119,source_heldout,5,1.0,1.0,10175
majority,119,source_heldout,6,1.0,1.0,10175
majority,119,source_heldout,7,1.0,1.0,10175
majority,119,source_heldout,8,1.0,1.0,10175
majority,119,source_heldout,9,1.0,1.0,10175
majority,119,source_heldout,10,1.0,1.0,10175
majority,119,source_heldout,11,1.0,1.0,10175
majority,119,source_heldout,12,1.0,1.0,10175
majority,119,source_heldout,13,1.0,1.0,10175
majority,119,source_heldout,14,1.0,0.4742014742014742,10175
majority,119,target,0,1.0,0.6740562546262028,81060
majority,119,target,1,1.0,0.9991241056007896,81060
majority,119,target,2,1.0,0.8441894892672095,81060
majority,119,target,3,1.0,0.00011102886750555144,81060
majority,119,target,4,1.0,0.00011103023723460689,81059
majority,119,target,5,1.0,0.00011103023723460689,81059
majority,119,target,6,1.0,0.09024290948568327,81059
majority,119,target,7,1.0,0.9112498303704709,81059
majority,119,target,8,1.0,0.45825879914630085,81059
majority,119,target,9,1.0,0.7346130596232374,81059
majority,119,target,10,1.0,0.9997285927534265,81059
majority,119,target,11,1.0,0.9997285927534265,81059
majority,119,target,12,1.0,0.999642235902244,81059
majority,119,target,13,1.0,0.6620362945508826,81059
majority,119,target,14,1.0,0.7331326564601093,81059
stratified,119,source_heldout,0,0.0,1.0,10176
stratified,119,source_heldout,1,0.905562106918239,0.9596108490566038,10176
stratified,119,source_heldout,2,1.0,1.0,10176
stratified,119,source_heldout,3,1.0,1.0,10175
stratified,119,source_heldout,4,1.0,1.0,10175
stratified,119,source_heldout,5,1.0,1.0,10175
stratified,119,source_heldout,6,1.0,1.0,10175
stratified,119,source_heldout,7,1.0,1.0,10175
stratified,119,source_heldout,8,1.0,1.0,10175
stratified,119,source_heldout,9,1.0,1.0,10175
stratified,119,source_heldout,10,1.0,1.0,10175
stratified,119,source_heldout,11,1.0,1.0,10175
stratified,119,source_heldout,12,1.0,1.0,10175
stratified,119,source_heldout,13,1.0,1.0,10175
stratified,119,source_heldout,14,1.0,0.5145945945945946,10175
stratified,119,target,0,0.0,0.592832469775475,81060
stratified,119,target,1,0.903688625709351,0.6744756970145571,81060
stratified,119,target,2,1.0,0.9991117690599556,81060
stratified,119,target,3,1.0,0.7342215642733777,81060
stratified,119,target,4,1.0,0.00012336693026067432,81059
stratified,119,target,5,1.0,0.00012336693026067432,81059
stratified,119,target,6,1.0,0.0031705301076993303,81059
stratified,119,target,7,1.0,0.4873117112226896,81059
stratified,119,target,8,1.0,0.5200656312068986,81059
stratified,119,target,9,1.0,0.6561146818983703,81059
stratified,119,target,10,1.0,0.9992351250323838,81059
stratified,119,target,11,1.0,0.9997285927534265,81059
stratified,119,target,12,1.0,0.9996792459813223,81059
stratified,119,target,13,1.0,0.696492678172689,81059
stratified,119,target,14,1.0,0.7436435189183187,81059
logreg,119,source_heldout,0,0.06702274438195109,0.6567413522012578,10176
logreg,119,source_heldout,1,0.40343110544711575,0.9449685534591195,10176
logreg,119,source_heldout,2,0.48706844550716105,1.0,10176
logreg,119,source_heldout,3,0.4875378712553058,1.0,10175
logreg,119,source_heldout,4,0.5289857370479242,0.9306142506142506,10175
logreg,119,source_heldout,5,0.6588374561946492,0.9601965601965602,10175
logreg,119,source_heldout,6,0.8337754463552882,0.9852579852579852,10175
logreg,119,source_heldout,7,0.9289794811562426,0.9970515970515971,10175
logreg,119,source_heldout,8,0.9382887585506008,1.0,10175
logreg,119,source_heldout,9,0.9399253014247132,1.0,10175
logreg,119,source_heldout,10,0.9411476222855953,1.0,10175
logreg,119,source_heldout,11,0.9411498077496048,1.0,10175
logreg,119,source_heldout,12,0.9482642382007689,1.0,10175
logreg,119,source_heldout,13,0.9791231653868876,0.9996068796068797,10175
logreg,119,source_heldout,14,0.9964832047695457,0.9998034398034398,10175
logreg,119,target,0,0.01749256069765588,0.5442758450530472,81060
logreg,119,target,1,0.026924932790521394,0.49713792252652356,81060
logreg,119,target,2,0.02718953569399193,0.4999259807549963,81060
logreg,119,target,3,0.02722643008555417,0.4999506538366642,81060
logreg,119,target,4,0.029976021087408603,0.6311452152136099,81059
logreg,119,target,5,0.03277742676696383,0.0,81059
logreg,119,target,6,0.05591444699392206,0.8056847481464119,81059
logreg,119,target,7,0.06138855044120089,0.5192267360811261,81059
logreg,119,target,8,0.06138855044120089,0.00024673386052134863,81059
logreg,119,target,9,0.06138855044120089,0.733811174576543,81059
logreg,119,target,10,0.06138855044120089,1.0,81059
logreg,119,target,11,0.1247396108650552,0.5936169950283127,81059
logreg,119,target,12,0.5354010172761009,0.8313450696406322,81059
logreg,119,target,13,0.6922780262899072,0.9848875510430674,81059
logreg,119,target,14,0.8754300213051351,0.9650871587362292,81059
tree,119,source_heldout,0,0.011050240750141828,0.7088246855345912,10176
tree,119,source_heldout,1,0.015564993253295505,1.0,10176
tree,119,source_heldout,2,0.01865847239059069,0.9597091194968553,10176
tree,119,source_heldout,3,0.2632398087719282,0.8597542997542997,10175
tree,119,source_heldout,4,0.9651560946065634,0.9942014742014742,10175
tree,119,source_heldout,5,0.9873043537462831,0.9993120393120393,10175
tree,119,source_heldout,6,0.9997530934012004,0.9989189189189189,10175
tree,119,source_heldout,7,1.0,1.0,10175
tree,119,source_heldout,8,1.0,1.0,10175
tree,119,source_heldout,9,1.0,1.0,10175
tree,119,source_heldout,10,1.0,1.0,10175
tree,119,source_heldout,11,1.0,1.0,10175
tree,119,source_heldout,12,1.0,1.0,10175
tree,119,source_heldout,13,1.0,1.0,10175
tree,119,source_heldout,14,1.0,0.9535135135135135,10175
tree,119,target,0,0.005347963196974087,0.8657537626449544,81060
tree,119,target,1,0.019259809253838106,0.9160128300024674,81060
tree,119,target,2,0.055118808778441164,0.11271897359980261,81060
tree,119,target,3,0.06567538999909152,0.5835677276091784,81060
tree,119,target,4,0.07326357788453709,0.396081866294921,81059
tree,119,target,5,0.07326357788453709,0.00022206047446921378,81059
tree,119,target,6,0.07326357788453709,0.8568943608976178,81059
tree,119,target,7,0.07326357788453709,0.9999753266139478,81059
tree,119,target,8,0.322353195872131,0.771314721375788,81059
tree,119,target,9,1.0,0.9013064557914605,81059
tree,119,target,10,1.0,0.01709865653412946,81059
tree,119,target,11,1.0,0.10063040501363205,81059
tree,119,target,12,1.0,0.7094955526221641,81059
tree,119,target,13,1.0,0.9995805524371137,81059
tree,119,target,14,1.0,0.8756831443763184,81059
rf,119,source_heldout,0,0.22962045382736188,0.5768474842767296,10176
rf,119,source_heldout,1,0.5533874612547471,0.9945951257861635,10176
rf,119,source_heldout,2,0.5703494162530075,0.9943003144654088,10176
rf,119,source_heldout,3,0.668925426212988,0.9818181818181818,10175
rf,119,source_heldout,4,0.7289374604132611,0.9917444717444718,10175
rf,119,source_heldout,5,0.8170506994698409,0.9600982800982801,10175
rf,119,source_heldout,6,0.9515416208665688,0.9903685503685503,10175
rf,119,source_heldout,7,0.96941913221514,0.9878132678132678,10175
rf,119,source_heldout,8,0.9991641345401262,0.9982309582309582,10175
rf,119,source_heldout,9,1.0,1.0,10175
rf,119,source_heldout,10,1.0,1.0,10175
rf,119,source_heldout,11,1.0,1.0,10175
rf,119,source_heldout,12,1.0,1.0,10175
rf,119,source_heldout,13,1.0,1.0,10175
rf,119,source_heldout,14,1.0,0.9984275184275184,10175
rf,119,target,0,0.08186224721834721,0.00019738465334320256,81060
rf,119,target,1,0.15682016933858195,0.6408092770787072,81060
rf,119,target,2,0.3217127902605283,0.7746977547495683,81060
rf,119,target,3,0.4292124378874069,0.9428571428571428,81060
rf,119,target,4,0.42921243788740693,0.00024673386052134863,81059
rf,119,target,5,0.42921243788740693,0.31018147275441343,81059
rf,119,target,6,0.42921243788740693,1.0,81059
rf,119,target,7,0.45336486358858824,0.6481328415105047,81059
rf,119,target,8,0.632641080981683,0.6318607434091218,81059
rf,119,target,9,0.7151743098400946,0.924437755215337,81059
rf,119,target,10,0.7788461878290691,0.14741114496847976,81059
rf,119,target,11,0.779180147551672,0.2540618561788327,81059
rf,119,target,12,0.779180147551672,1.0,81059
rf,119,target,13,0.7805808494969724,0.901577863038034,81059
rf,119,target,14,0.8633843019419776,0.9298659001468067,81059
xgboost,119,source_heldout,0,0.09351752698421478,0.5674135220125787,10176
xgboost,119,source_heldout,1,0.2609064280986786,0.9562696540880503,10176
xgboost,119,source_heldout,2,0.7590583562850952,0.956564465408805,10176
xgboost,119,source_heldout,3,0.9442570209503174,0.9992137592137592,10175
xgboost,119,source_heldout,4,0.951594352722168,1.0,10175
xgboost,119,source_heldout,5,0.9601901173591614,0.9976412776412776,10175
xgboost,119,source_heldout,6,0.9831499457359314,0.9972481572481573,10175
xgboost,119,source_heldout,7,0.9980682730674744,1.0,10175
xgboost,119,source_heldout,8,0.99918532371521,1.0,10175
xgboost,119,source_heldout,9,0.9995162487030029,0.9999017199017199,10175
xgboost,119,source_heldout,10,0.9997416138648987,1.0,10175
xgboost,119,source_heldout,11,0.9998986721038818,1.0,10175
xgboost,119,source_heldout,12,0.9999447464942932,1.0,10175
xgboost,119,source_heldout,13,0.999961793422699,1.0,10175
xgboost,119,source_heldout,14,0.999965250492096,1.0,10175
xgboost,119,target,0,0.05294983088970184,0.40583518381445843,81060
xgboost,119,target,1,0.08880144357681274,0.0,81060
xgboost,119,target,2,0.12301520258188248,0.603725635331853,81060
xgboost,119,target,3,0.21720166504383087,0.9211571675302245,81060
xgboost,119,target,4,0.2375035285949707,0.3202482142636845,81059
xgboost,119,target,5,0.2375035285949707,0.00022206047446921378,81059
xgboost,119,target,6,0.2375035285949707,0.9328143697800367,81059
xgboost,119,target,7,0.23822037875652313,0.9910065507839968,81059
xgboost,119,target,8,0.3726263642311096,0.8192921205541642,81059
xgboost,119,target,9,0.6081745624542236,0.9384769118790017,81059
xgboost,119,target,10,0.6498170495033264,0.08731911323850529,81059
xgboost,119,target,11,0.6506420373916626,0.4313524716564478,81059
xgboost,119,target,12,0.6506420373916626,1.0,81059
xgboost,119,target,13,0.6812812685966492,0.8368595714232843,81059
xgboost,119,target,14,0.8025111556053162,0.8180337778655054,81059
hgb,119,source_heldout,0,0.10183017335279107,0.5658411949685535,10176
hgb,119,source_heldout,1,0.3663249235072313,0.9566627358490566,10176
hgb,119,source_heldout,2,0.8207035139590064,0.9579402515723271,10176
hgb,119,source_heldout,3,0.9577162134485677,0.994987714987715,10175
hgb,119,source_heldout,4,0.981776456679624,0.9993120393120393,10175
hgb,119,source_heldout,5,0.9901999545498376,0.9998034398034398,10175
hgb,119,source_heldout,6,0.9916330105217579,0.9999017199017199,10175
hgb,119,source_heldout,7,0.9971479896591304,1.0,10175
hgb,119,source_heldout,8,0.9994123057705896,0.9999017199017199,10175
hgb,119,source_heldout,9,0.9995994511950377,0.9999017199017199,10175
hgb,119,source_heldout,10,0.9997149580566322,1.0,10175
hgb,119,source_heldout,11,0.9998540267383558,1.0,10175
hgb,119,source_heldout,12,0.9999166691002104,1.0,10175
hgb,119,source_heldout,13,0.9999187380169062,1.0,10175
hgb,119,source_heldout,14,0.9999827461342774,1.0,10175
hgb,119,target,0,0.060684577298174655,0.2640266469282013,81060
hgb,119,target,1,0.08516026427985617,0.15535405872193436,81060
hgb,119,target,2,0.13312439484246336,0.9507648655317049,81060
hgb,119,target,3,0.2384720878465868,0.47308166790032075,81060
hgb,119,target,4,0.3368062095396942,0.7044868552535807,81059
hgb,119,target,5,0.3368062095396942,0.00023439716749528122,81059
hgb,119,target,6,0.3368062095396942,0.5485633920971145,81059
hgb,119,target,7,0.3368062095396942,1.0,81059
hgb,119,target,8,0.4479106175353799,0.7676137134679678,81059
hgb,119,target,9,0.6008876513756856,0.0,81059
hgb,119,target,10,0.6008876513756856,0.6095189923389136,81059
hgb,119,target,11,0.6012289668089273,0.9991364314881753,81059
hgb,119,target,12,0.6577116494927905,0.8658878101136209,81059
hgb,119,target,13,0.7509543070204779,0.9876879803599847,81059
hgb,119,target,14,0.8765410810962663,0.7799874165731134,81059
mlp,119,source_heldout,0,0.07465513795614243,0.5919811320754716,10176
mlp,119,source_heldout,1,0.24789510667324066,0.9284591194968553,10176
mlp,119,source_heldout,2,0.34140700101852417,0.9975432389937107,10176
mlp,119,source_heldout,3,0.4037846326828003,0.9935135135135135,10175
mlp,119,source_heldout,4,0.5793484449386597,0.9902702702702703,10175
mlp,119,source_heldout,5,0.8323929905891418,0.9764127764127765,10175
mlp,119,source_heldout,6,0.9936374425888062,0.9986240786240786,10175
mlp,119,source_heldout,7,0.9991693496704102,0.9975429975429976,10175
mlp,119,source_heldout,8,0.9996007084846497,1.0,10175
mlp,119,source_heldout,9,0.9996307492256165,1.0,10175
mlp,119,source_heldout,10,0.999915361404419,0.9999017199017199,10175
mlp,119,source_heldout,11,0.9999337792396545,1.0,10175
mlp,119,source_heldout,12,0.9999502897262573,1.0,10175
mlp,119,source_heldout,13,0.9999977946281433,1.0,10175
mlp,119,source_heldout,14,1.0,1.0,10175
mlp,119,target,0,0.035592805594205856,0.558660251665433,81060
mlp,119,target,1,0.13239385187625885,0.2546755489760671,81060
mlp,119,target,2,0.14034554362297058,0.20859856896126328,81060
mlp,119,target,3,0.2164461463689804,0.718825561312608,81060
mlp,119,target,4,0.8023419976234436,0.9441271172849406,81059
mlp,119,target,5,0.907496988773346,0.8546244093808214,81059
mlp,119,target,6,0.9319330453872681,0.502929964593691,81059
mlp,119,target,7,0.9325392246246338,0.500006168346513,81059
mlp,119,target,8,0.932628333568573,0.5002158921279561,81059
mlp,119,target,9,0.9414325952529907,0.8209945841917615,81059
mlp,119,target,10,0.9690772891044617,0.9164559148274714,81059
mlp,119,target,11,0.9690772891044617,0.00023439716749528122,81059
mlp,119,target,12,0.9690772891044617,0.33659433252322385,81059
mlp,119,target,13,0.9690772891044617,1.0,81059
mlp,119,target,14,0.977993369102478,0.989402780690608,81059
majority,120,source_heldout,0,1.0,1.0,5954
majority,120,source_heldout,1,1.0,1.0,5954
majority,120,source_heldout,2,1.0,1.0,5954
majority,120,source_heldout,3,1.0,1.0,5954
majority,120,source_heldout,4,1.0,1.0,5954
majority,120,source_heldout,5,1.0,1.0,5953
majority,120,source_heldout,6,1.0,1.0,5953
majority,120,source_heldout,7,1.0,1.0,5953
majority,120,source_heldout,8,1.0,1.0,5953
majority,120,source_heldout,9,1.0,1.0,5953
majority,120,source_heldout,10,1.0,1.0,5953
majority,120,source_heldout,11,1.0,1.0,5953
majority,120,source_heldout,12,1.0,1.0,5953
majority,120,source_heldout,13,1.0,1.0,5953
majority,120,source_heldout,14,1.0,0.2827145976818411,5953
majority,120,target,0,1.0,0.6740562546262028,81060
majority,120,target,1,1.0,0.9991241056007896,81060
majority,120,target,2,1.0,0.8441894892672095,81060
majority,120,target,3,1.0,0.00011102886750555144,81060
majority,120,target,4,1.0,0.00011103023723460689,81059
majority,120,target,5,1.0,0.00011103023723460689,81059
majority,120,target,6,1.0,0.09024290948568327,81059
majority,120,target,7,1.0,0.9112498303704709,81059
majority,120,target,8,1.0,0.45825879914630085,81059
majority,120,target,9,1.0,0.7346130596232374,81059
majority,120,target,10,1.0,0.9997285927534265,81059
majority,120,target,11,1.0,0.9997285927534265,81059
majority,120,target,12,1.0,0.999642235902244,81059
majority,120,target,13,1.0,0.6620362945508826,81059
majority,120,target,14,1.0,0.7331326564601093,81059
stratified,120,source_heldout,0,0.1598925092374874,0.9600268726906281,5954
stratified,120,source_heldout,1,1.0,1.0,5954
stratified,120,source_heldout,2,1.0,1.0,5954
stratified,120,source_heldout,3,1.0,1.0,5954
stratified,120,source_heldout,4,1.0,1.0,5954
stratified,120,source_heldout,5,1.0,1.0,5953
stratified,120,source_heldout,6,1.0,1.0,5953
stratified,120,source_heldout,7,1.0,1.0,5953
stratified,120,source_heldout,8,1.0,1.0,5953
stratified,120,source_heldout,9,1.0,1.0,5953
stratified,120,source_heldout,10,1.0,1.0,5953
stratified,120,source_heldout,11,1.0,1.0,5953
stratified,120,source_heldout,12,1.0,1.0,5953
stratified,120,source_heldout,13,1.0,1.0,5953
stratified,120,source_heldout,14,1.0,0.32269443977826306,5953
stratified,120,target,0,0.16318776215149272,0.6503700962250185,81060
stratified,120,target,1,1.0,0.7127806563039724,81060
stratified,120,target,2,1.0,0.99900074019245,81060
stratified,120,target,3,1.0,0.5238095238095238,81060
stratified,120,target,4,1.0,0.00013570362328674176,81059
stratified,120,target,5,1.0,0.00011103023723460689,81059
stratified,120,target,6,1.0,0.026412859768810373,81059
stratified,120,target,7,1.0,0.6039057970120529,81059
stratified,120,target,8,1.0,0.503472779086838,81059
stratified,120,target,9,1.0,0.6580268693174107,81059
stratified,120,target,10,1.0,0.9997409294464525,81059
stratified,120,target,11,1.0,0.9997409294464525,81059
stratified,120,target,12,1.0,0.9996915826743483,81059
stratified,120,target,13,1.0,0.687708952738129,81059
stratified,120,target,14,1.0,0.7414229141736266,81059
logreg,120,source_heldout,0,0.041356456455912106,0.5327510917030568,5954
logreg,120,source_heldout,1,0.35414142605490223,0.8510245213301982,5954
logreg,120,source_heldout,2,0.5811220926022592,0.9963050050386295,5954
logreg,120,source_heldout,3,0.6124447012817335,1.0,5954
logreg,120,source_heldout,4,0.6163579922893679,0.9998320456835741,5954
logreg,120,source_heldout,5,0.7631787718571509,0.9239039139929447,5953
logreg,120,source_heldout,6,0.8798583143705139,0.9848815723164791,5953
logreg,120,source_heldout,7,0.9180434258835428,0.9994960524105493,5953
logreg,120,source_heldout,8,0.9236886423144552,0.9984881572316479,5953
logreg,120,source_heldout,9,0.9271181946059291,1.0,5953
logreg,120,source_heldout,10,0.9271295321677234,1.0,5953
logreg,120,source_heldout,11,0.9272488920093831,1.0,5953
logreg,120,source_heldout,12,0.936921183662811,0.9976482445825634,5953
logreg,120,source_heldout,13,0.9837679591361466,0.9998320174701831,5953
logreg,120,source_heldout,14,0.9966605596377867,0.9986561397614648,5953
logreg,120,target,0,0.018430238591645106,0.533160621761658,81060
logreg,120,target,1,0.032566677540284805,0.08584998766345917,81060
logreg,120,target,2,0.03333006889518624,0.2676659264742166,81060
logreg,120,target,3,0.03413130442365688,0.49986429805082655,81060
logreg,120,target,4,0.03419694944713375,0.4999691582674348,81059
logreg,120,target,5,0.036232943035713755,0.6743853242699762,81059
logreg,120,target,6,0.04878980423787765,0.6084333633526197,81059
logreg,120,target,7,0.05835644650118441,0.4964532007550056,81059
logreg,120,target,8,0.05835644650118441,0.00023439716749528122,81059
logreg,120,target,9,0.05835644650118441,0.7565970465956896,81059
logreg,120,target,10,0.05835644650118441,1.0,81059
logreg,120,target,11,0.11802871611007747,0.8407703031125476,81059
logreg,120,target,12,0.4976364466780885,0.9276823054811927,81059
logreg,120,target,13,0.6349087671536582,0.9516154899517635,81059
logreg,120,target,14,0.8660436329641357,0.9636684390382314,81059
tree,120,source_heldout,0,0.06745519534633453,0.6971783674840444,5954
tree,120,source_heldout,1,0.578802388983665,0.9370171313402754,5954
tree,120,source_heldout,2,0.9912359829214024,0.997480685253611,5954
tree,120,source_heldout,3,0.99817629636979,1.0,5954
tree,120,source_heldout,4,0.99817629636979,1.0,5954
tree,120,source_heldout,5,0.9995080013388009,1.0,5953
tree,120,source_heldout,6,1.0,1.0,5953
tree,120,source_heldout,7,1.0,1.0,5953
tree,120,source_heldout,8,1.0,1.0,5953
tree,120,source_heldout,9,1.0,1.0,5953
tree,120,source_heldout,10,1.0,1.0,5953
tree,120,source_heldout,11,1.0,1.0,5953
tree,120,source_heldout,12,1.0,1.0,5953
tree,120,source_heldout,13,1.0,1.0,5953
tree,120,source_heldout,14,1.0,0.6511002855703006,5953
tree,120,target,0,0.010651324172613663,0.7889711324944485,81060
tree,120,target,1,0.038963980306982095,0.9701208981001727,81060
tree,120,target,2,0.05579022306597058,0.4201702442635085,81060
tree,120,target,3,0.05579022306597058,0.00022205773501110288,81060
tree,120,target,4,0.05579022306597058,0.8327144425665256,81059
tree,120,target,5,0.05579022306597058,1.0,81059
tree,120,target,6,0.08908327797496095,0.6828359589928323,81059
tree,120,target,7,0.10384193874219967,0.6106786414833639,81059
tree,120,target,8,0.10568429570025396,9.869354420853946e-05,81059
tree,120,target,9,0.9223512260458602,0.8542543085900394,81059
tree,120,target,10,1.0,0.5500437952602425,81059
tree,120,target,11,1.0,0.0,81059
tree,120,target,12,1.0,0.4710396131213067,81059
tree,120,target,13,1.0,0.9999383165348696,81059
tree,120,target,14,1.0,0.9252519769550575,81059
rf,120,source_heldout,0,0.23516773022242787,0.4155189788377561,5954
rf,120,source_heldout,1,0.7386579449949296,0.893684917702385,5954
rf,120,source_heldout,2,0.9702430385627704,0.9764863957003695,5954
rf,120,source_heldout,3,0.9954581019927397,0.9984884111521666,5954
rf,120,source_heldout,4,0.9997203341189279,1.0,5954
rf,120,source_heldout,5,0.9999580962772211,1.0,5953
rf,120,source_heldout,6,0.9999591650220249,1.0,5953
rf,120,source_heldout,7,0.9999591650220249,1.0,5953
rf,120,source_heldout,8,0.9999801030340021,1.0,5953
rf,120,source_heldout,9,0.9999969154511384,1.0,5953
rf,120,source_heldout,10,0.9999969154511384,1.0,5953
rf,120,source_heldout,11,0.999998781828595,1.0,5953
rf,120,source_heldout,12,1.0,1.0,5953
rf,120,source_heldout,13,1.0,1.0,5953
rf,120,source_heldout,14,1.0,0.9986561397614648,5953
rf,120,target,0,0.09818293562007718,0.7996422403158154,81060
rf,120,target,1,0.12979690724952686,0.0,81060
rf,120,target,2,0.23203312801817064,0.47156427337774487,81060
rf,120,target,3,0.38213204081651325,0.7720083888477671,81060
rf,120,target,4,0.38213204081651325,0.00024673386052134863,81059
rf,120,target,5,0.38213204081651325,0.48103233447242133,81059
rf,120,target,6,0.38213204081651325,1.0,81059
rf,120,target,7,0.42601762286239536,0.7329352693716922,81059
rf,120,target,8,0.5932236199323262,0.7080274861520621,81059
rf,120,target,9,0.7431514050587326,0.9498266694629838,81059
rf,120,target,10,0.7811364889280445,0.8052529638904995,81059
rf,120,target,11,0.7919795094121785,0.27000086356851183,81059
rf,120,target,12,0.7919795094121785,0.18949160488039576,81059
rf,120,target,13,0.7919795094121785,1.0,81059
rf,120,target,14,0.8456506192916956,0.9263129325552992,81059
xgboost,120,source_heldout,0,0.07501716166734695,0.4064494457507558,5954
xgboost,120,source_heldout,1,0.3751109540462494,0.903258313738663,5954
xgboost,120,source_heldout,2,0.8749875426292419,0.9821968424588512,5954
xgboost,120,source_heldout,3,0.9948517084121704,0.9998320456835741,5954
xgboost,120,source_heldout,4,0.9980652332305908,1.0,5954
xgboost,120,source_heldout,5,0.9984843134880066,1.0,5953
xgboost,120,source_heldout,6,0.9987844228744507,0.9998320174701831,5953
xgboost,120,source_heldout,7,0.9991397261619568,1.0,5953
xgboost,120,source_heldout,8,0.9993861317634583,1.0,5953
xgboost,120,source_heldout,9,0.9995697736740112,0.9976482445825634,5953
xgboost,120,source_heldout,10,0.9997161030769348,1.0,5953
xgboost,120,source_heldout,11,0.9997811913490295,0.9942885939862254,5953
xgboost,120,source_heldout,12,0.9998183250427246,0.9993280698807324,5953
xgboost,120,source_heldout,13,0.9999017119407654,1.0,5953
xgboost,120,source_heldout,14,0.9999480247497559,1.0,5953
xgboost,120,target,0,0.020997922867536545,0.4859240069084629,81060
xgboost,120,target,1,0.06712521612644196,0.7609918578830496,81060
xgboost,120,target,2,0.12602318823337555,0.3827535159141377,81060
xgboost,120,target,3,0.1473875641822815,0.15345423143350603,81060
xgboost,120,target,4,0.3717949092388153,0.9291503719512947,81059
xgboost,120,target,5,0.4189951419830322,0.43253679418695024,81059
xgboost,120,target,6,0.4189951419830322,0.00023439716749528122,81059
xgboost,120,target,7,0.4189951419830322,0.8205134531637449,81059
xgboost,120,target,8,0.4189951419830322,1.0,81059
xgboost,120,target,9,0.5680141448974609,0.8752636968134322,81059
xgboost,120,target,10,0.910064160823822,0.9945471816824782,81059
xgboost,120,target,11,0.9649645686149597,0.5713122540371828,81059
xgboost,120,target,12,0.9665291905403137,0.031039119653585658,81059
xgboost,120,target,13,0.9665530920028687,0.9170974228648269,81059
xgboost,120,target,14,0.9705667495727539,0.7515266657619758,81059
hgb,120,source_heldout,0,0.06107476371251724,0.3948605979173665,5954
hgb,120,source_heldout,1,0.39457692129179434,0.9133355727242191,5954
hgb,120,source_heldout,2,0.8753312303554931,0.9845482028888143,5954
hgb,120,source_heldout,3,0.9956146942606005,0.9996640913671482,5954
hgb,120,source_heldout,4,0.9988410738324379,0.9993281827342962,5954
hgb,120,source_heldout,5,0.999426852740272,0.9976482445825634,5953
hgb,120,source_heldout,6,0.9996369003448989,0.9956324542247607,5953
hgb,120,source_heldout,7,0.9997473802623732,1.0,5953
hgb,120,source_heldout,8,0.9998061351454786,0.9993280698807324,5953
hgb,120,source_heldout,9,0.9998642657135776,0.9998320174701831,5953
hgb,120,source_heldout,10,0.9999142704519631,1.0,5953
hgb,120,source_heldout,11,0.999926892176795,1.0,5953
hgb,120,source_heldout,12,0.9999313504437638,0.9986561397614648,5953
hgb,120,source_heldout,13,0.9999631378350718,1.0,5953
hgb,120,source_heldout,14,0.9999909551978364,1.0,5953
hgb,120,target,0,0.032899878067124404,0.798519615099926,81060
hgb,120,target,1,0.09157235988963865,0.5633974833456699,81060
hgb,120,target,2,0.18799323013602723,0.2651122625215889,81060
hgb,120,target,3,0.2233610445212375,0.2979397976807303,81060
hgb,120,target,4,0.5643831331916567,0.7872907388445454,81059
hgb,120,target,5,0.9118026399434074,0.8725002775755931,81059
hgb,120,target,6,0.9591366061521803,0.1587238924733836,81059
hgb,120,target,7,0.9591366061521803,0.3666218433486719,81059
hgb,120,target,8,0.9591366061521803,1.0,81059
hgb,120,target,9,0.9730051977852413,0.7441863334114657,81059
hgb,120,target,10,0.9794234403686628,0.5710161734045571,81059
hgb,120,target,11,0.9794234403686628,0.00024673386052134863,81059
hgb,120,target,12,0.9794234403686628,0.6820217372531119,81059
hgb,120,target,13,0.9794234403686628,1.0,81059
hgb,120,target,14,0.9847342198555703,0.9987663306973933,81059
mlp,120,source_heldout,0,0.06582076847553253,0.4079610345985892,5954
mlp,120,source_heldout,1,0.345780611038208,0.9064494457507558,5954
mlp,120,source_heldout,2,0.8786700367927551,0.9845482028888143,5954
mlp,120,source_heldout,3,0.9716522693634033,0.9968088679879072,5954
mlp,120,source_heldout,4,0.9932268857955933,0.9983204568357407,5954
mlp,120,source_heldout,5,0.997890293598175,0.9994960524105493,5953
mlp,120,source_heldout,6,0.9984225630760193,1.0,5953
mlp,120,source_heldout,7,0.9988033175468445,1.0,5953
mlp,120,source_heldout,8,0.9994948506355286,0.9973122795229297,5953
mlp,120,source_heldout,9,0.9997777342796326,1.0,5953
mlp,120,source_heldout,10,0.9998298287391663,0.9998320174701831,5953
mlp,120,source_heldout,11,0.9998904466629028,1.0,5953
mlp,120,source_heldout,12,0.9999122619628906,1.0,5953
mlp,120,source_heldout,13,0.9999122619628906,1.0,5953
mlp,120,source_heldout,14,0.9999485611915588,0.9921048210986058,5953
mlp,120,target,0,0.008366265334188938,0.5734887737478411,81060
mlp,120,target,1,0.06447676569223404,0.9301134961756723,81060
mlp,120,target,2,0.15773817896842957,0.4070071551936837,81060
mlp,120,target,3,0.2576756477355957,0.0,81060
mlp,120,target,4,0.3309233486652374,0.7971847666514514,81059
mlp,120,target,5,0.4722144901752472,0.5440234890635216,81059
mlp,120,target,6,0.48956429958343506,0.5001171985837476,81059
mlp,120,target,7,0.49010539054870605,0.5001171985837476,81059
mlp,120,target,8,0.5052679777145386,0.7233126488113596,81059
mlp,120,target,9,0.6909971833229065,0.9725015112448957,81059
mlp,120,target,10,0.941613495349884,0.9051925140946718,81059
mlp,120,target,11,0.9958696961402893,0.40681478922759967,81059
mlp,120,target,12,0.9958696961402893,0.00022206047446921378,81059
mlp,120,target,13,0.9958696961402893,0.8462477948161216,81059
mlp,120,target,14,0.9958696961402893,1.0,81059
