model,split_seed,domain,tau,tp,fp,fn,tn
majority,101,source_heldout,0.05,142326,6754,0,0
majority,101,source_heldout,0.1,142326,6754,0,0
majority,101,source_heldout,0.15,142326,6754,0,0
majority,101,source_heldout,0.2,142326,6754,0,0
majority,101,source_heldout,0.25,142326,6754,0,0
majority,101,source_heldout,0.3,142326,6754,0,0
majority,101,source_heldout,0.35,142326,6754,0,0
majority,101,source_heldout,0.4,142326,6754,0,0
majority,101,source_heldout,0.45,142326,6754,0,0
majority,101,source_heldout,0.5,142326,6754,0,0
majority,101,source_heldout,0.55,142326,6754,0,0
majority,101,source_heldout,0.6,142326,6754,0,0
majority,101,source_heldout,0.65,142326,6754,0,0
majority,101,source_heldout,0.7,142326,6754,0,0
majority,101,source_heldout,0.75,142326,6754,0,0
majority,101,source_heldout,0.8,142326,6754,0,0
majority,101,source_heldout,0.85,142326,6754,0,0
majority,101,source_heldout,0.9,142326,6754,0,0
majority,101,source_heldout,0.95,142326,6754,0,0
majority,101,source_heldout,0.975,142326,6754,0,0
majority,101,source_heldout,0.99,142326,6754,0,0
majority,101,source_heldout,0.995,142326,6754,0,0
majority,101,source_heldout,0.999,142326,6754,0,0
majority,101,target,0.05,738153,477736,0,0
majority,101,target,0.1,738153,477736,0,0
majority,101,target,0.15,738153,477736,0,0
majority,101,target,0.2,738153,477736,0,0
majority,101,target,0.25,738153,477736,0,0
majority,101,target,0.3,738153,477736,0,0
majority,101,target,0.35,738153,477736,0,0
majority,101,target,0.4,738153,477736,0,0
majority,101,target,0.45,738153,477736,0,0
majority,101,target,0.5,738153,477736,0,0
majority,101,target,0.55,738153,477736,0,0
majority,101,target,0.6,738153,477736,0,0
majority,101,target,0.65,738153,477736,0,0
majority,101,target,0.7,738153,477736,0,0
majority,101,target,0.75,738153,477736,0,0
majority,101,target,0.8,738153,477736,0,0
majority,101,target,0.85,738153,477736,0,0
majority,101,target,0.9,738153,477736,0,0
majority,101,target,0.95,738153,477736,0,0
majority,101,target,0.975,738153,477736,0,0
majority,101,target,0.99,738153,477736,0,0
majority,101,target,0.995,738153,477736,0,0
majority,101,target,0.999,738153,477736,0,0
stratified,101,source_heldout,0.05,133581,6350,8745,404
stratified,101,source_heldout,0.1,133581,6350,8745,404
stratified,101,source_heldout,0.15,133581,6350,8745,404
stratified,101,source_heldout,0.2,133581,6350,8745,404
stratified,101,source_heldout,0.25,133581,6350,8745,404
stratified,101,source_heldout,0.3,133581,6350,8745,404
stratified,101,source_heldout,0.35,133581,6350,8745,404
stratified,101,source_heldout,0.4,133581,6350,8745,404
stratified,101,source_heldout,0.45,133581,6350,8745,404
stratified,101,source_heldout,0.5,133581,6350,8745,404
stratified,101,source_heldout,0.55,133581,6350,8745,404
stratified,101,source_heldout,0.6,133581,6350,8745,404
stratified,101,source_heldout,0.65,133581,6350,8745,404
stratified,101,source_heldout,0.7,133581,6350,8745,404
stratified,101,source_heldout,0.75,133581,6350,8745,404
stratified,101,source_heldout,0.8,133581,6350,8745,404
stratified,101,source_heldout,0.85,133581,6350,8745,404
stratified,101,source_heldout,0.9,133581,6350,8745,404
stratified,101,source_heldout,0.95,133581,6350,8745,404
stratified,101,source_heldout,0.975,133581,6350,8745,404
stratified,101,source_heldout,0.99,133581,6350,8745,404
stratified,101,source_heldout,0.995,133581,6350,8745,404
stratified,101,source_heldout,0.999,133581,6350,8745,404
stratified,101,target,0.05,692686,448250,45467,29486
stratified,101,target,0.1,692686,448250,45467,29486
stratified,101,target,0.15,692686,448250,45467,29486
stratified,101,target,0.2,692686,448250,45467,29486
stratified,101,target,0.25,692686,448250,45467,29486
stratified,101,target,0.3,692686,448250,45467,29486
stratified,101,target,0.35,692686,448250,45467,29486
stratified,101,target,0.4,692686,448250,45467,29486
stratified,101,target,0.45,692686,448250,45467,29486
stratified,101,target,0.5,692686,448250,45467,29486
stratified,101,target,0.55,692686,448250,45467,29486
stratified,101,target,0.6,692686,448250,45467,29486
stratified,101,target,0.65,692686,448250,45467,29486
stratified,101,target,0.7,692686,448250,45467,29486
stratified,101,target,0.75,692686,448250,45467,29486
stratified,101,target,0.8,692686,448250,45467,29486
stratified,101,target,0.85,692686,448250,45467,29486
stratified,101,target,0.9,692686,448250,45467,29486
stratified,101,target,0.95,692686,448250,45467,29486
stratified,101,target,0.975,692686,448250,45467,29486
stratified,101,target,0.99,692686,448250,45467,29486
stratified,101,target,0.995,692686,448250,45467,29486
stratified,101,target,0.999,692686,448250,45467,29486
logreg,101,source_heldout,0.05,138824,3533,3502,3221
logreg,101,source_heldout,0.1,136671,2920,5655,3834
logreg,101,source_heldout,0.15,135151,2610,7175,4144
logreg,101,source_heldout,0.2,134016,2363,8310,4391
logreg,101,source_heldout,0.25,132504,2250,9822,4504
logreg,101,source_heldout,0.3,129373,2120,12953,4634
logreg,101,source_heldout,0.35,128731,2015,13595,4739
logreg,101,source_heldout,0.4,128128,1937,14198,4817
logreg,101,source_heldout,0.45,126794,1883,15532,4871
logreg,101,source_heldout,0.5,125952,1814,16374,4940
logreg,101,source_heldout,0.55,125302,1766,17024,4988
logreg,101,source_heldout,0.6,124021,1729,18305,5025
logreg,101,source_heldout,0.65,123081,1689,19245,5065
logreg,101,source_heldout,0.7,120998,1664,21328,5090
logreg,101,source_heldout,0.75,120026,1629,22300,5125
logreg,101,source_heldout,0.8,118316,1558,24010,5196
logreg,101,source_heldout,0.85,115062,1465,27264,5289
logreg,101,source_heldout,0.9,99623,1400,42703,5354
logreg,101,source_heldout,0.95,96136,1084,46190,5670
logreg,101,source_heldout,0.975,91544,782,50782,5972
logreg,101,source_heldout,0.99,34419,765,107907,5989
logreg,101,source_heldout,0.995,20213,752,122113,6002
logreg,101,source_heldout,0.999,7098,12,135228,6742
logreg,101,target,0.05,413502,280701,324651,197035
logreg,101,target,0.1,408528,164581,329625,313155
logreg,101,target,0.15,180474,21025,557679,456711
logreg,101,target,0.2,179745,19300,558408,458436
logreg,101,target,0.25,175420,17854,562733,459882
logreg,101,target,0.3,173329,16566,564824,461170
logreg,101,target,0.35,169332,15117,568821,462619
logreg,101,target,0.4,163979,14338,574174,463398
logreg,101,target,0.45,158029,13529,580124,464207
logreg,101,target,0.5,143128,10129,595025,467607
logreg,101,target,0.55,125023,9462,613130,468274
logreg,101,target,0.6,113762,8920,624391,468816
logreg,101,target,0.65,110161,8058,627992,469678
logreg,101,target,0.7,106417,7092,631736,470644
logreg,101,target,0.75,68966,2683,669187,475053
logreg,101,target,0.8,46751,2047,691402,475689
logreg,101,target,0.85,41036,1393,697117,476343
logreg,101,target,0.9,34059,1002,704094,476734
logreg,101,target,0.95,50,178,738103,477558
logreg,101,target,0.975,14,64,738139,477672
logreg,101,target,0.99,11,34,738142,477702
logreg,101,target,0.995,11,17,738142,477719
logreg,101,target,0.999,1,5,738152,477731
tree,101,source_heldout,0.05,124650,1703,17676,5051
tree,101,source_heldout,0.1,121692,1235,20634,5519
tree,101,source_heldout,0.15,121684,1234,20642,5520
tree,101,source_heldout,0.2,121599,1210,20727,5544
tree,101,source_heldout,0.25,121455,1209,20871,5545
tree,101,source_heldout,0.3,121455,1209,20871,5545
tree,101,source_heldout,0.35,121408,1209,20918,5545
tree,101,source_heldout,0.4,121401,1209,20925,5545
tree,101,source_heldout,0.45,121401,1209,20925,5545
tree,101,source_heldout,0.5,121374,1201,20952,5553
tree,101,source_heldout,0.55,121340,1201,20986,5553
tree,101,source_heldout,0.6,121340,1201,20986,5553
tree,101,source_heldout,0.65,121340,1201,20986,5553
tree,101,source_heldout,0.7,121340,1201,20986,5553
tree,101,source_heldout,0.75,121227,1198,21099,5556
tree,101,source_heldout,0.8,121227,1198,21099,5556
tree,101,source_heldout,0.85,121227,1198,21099,5556
tree,101,source_heldout,0.9,121169,1149,21157,5605
tree,101,source_heldout,0.95,119457,1127,22869,5627
tree,101,source_heldout,0.975,119457,1127,22869,5627
tree,101,source_heldout,0.99,119457,1127,22869,5627
tree,101,source_heldout,0.995,119457,1127,22869,5627
tree,101,source_heldout,0.999,100591,1116,41735,5638
tree,101,target,0.05,599128,312308,139025,165428
tree,101,target,0.1,598779,306858,139374,170878
tree,101,target,0.15,598777,306797,139376,170939
tree,101,target,0.2,598762,306789,139391,170947
tree,101,target,0.25,598762,306789,139391,170947
tree,101,target,0.3,598762,306789,139391,170947
tree,101,target,0.35,598762,306789,139391,170947
tree,101,target,0.4,598762,306789,139391,170947
tree,101,target,0.45,598762,306789,139391,170947
tree,101,target,0.5,598762,306789,139391,170947
tree,101,target,0.55,598762,306789,139391,170947
tree,101,target,0.6,598762,306789,139391,170947
tree,101,target,0.65,598762,306789,139391,170947
tree,101,target,0.7,598762,306789,139391,170947
tree,101,target,0.75,598762,306789,139391,170947
tree,101,target,0.8,598762,306789,139391,170947
tree,101,target,0.85,598762,306789,139391,170947
tree,101,target,0.9,597311,306781,140842,170955
tree,101,target,0.95,597292,306768,140861,170968
tree,101,target,0.975,597292,306768,140861,170968
tree,101,target,0.99,597292,306768,140861,170968
tree,101,target,0.995,597292,306768,140861,170968
tree,101,target,0.999,575918,306578,162235,171158
rf,101,source_heldout,0.05,137814,3368,4512,3386
rf,101,source_heldout,0.1,136538,2802,5788,3952
rf,101,source_heldout,0.15,134096,2394,8230,4360
rf,101,source_heldout,0.2,133438,2180,8888,4574
rf,101,source_heldout,0.25,132927,1961,9399,4793
rf,101,source_heldout,0.3,132148,1821,10178,4933
rf,101,source_heldout,0.35,131265,1610,11061,5144
rf,101,source_heldout,0.4,130518,1469,11808,5285
rf,101,source_heldout,0.45,129926,1372,12400,5382
rf,101,source_heldout,0.5,129185,1247,13141,5507
rf,101,source_heldout,0.55,128544,1142,13782,5612
rf,101,source_heldout,0.6,126273,361,16053,6393
rf,101,source_heldout,0.65,125723,286,16603,6468
rf,101,source_heldout,0.7,124962,231,17364,6523
rf,101,source_heldout,0.75,124337,175,17989,6579
rf,101,source_heldout,0.8,118287,144,24039,6610
rf,101,source_heldout,0.85,117433,92,24893,6662
rf,101,source_heldout,0.9,116519,45,25807,6709
rf,101,source_heldout,0.95,114433,35,27893,6719
rf,101,source_heldout,0.975,107752,27,34574,6727
rf,101,source_heldout,0.99,99884,21,42442,6733
rf,101,source_heldout,0.995,96986,19,45340,6735
rf,101,source_heldout,0.999,88791,17,53535,6737
rf,101,target,0.05,700310,475547,37843,2189
rf,101,target,0.1,681108,346892,57045,130844
rf,101,target,0.15,636147,342436,102006,135300
rf,101,target,0.2,632580,338123,105573,139613
rf,101,target,0.25,632002,333999,106151,143737
rf,101,target,0.3,628770,331941,109383,145795
rf,101,target,0.35,626697,330089,111456,147647
rf,101,target,0.4,612998,327614,125155,150122
rf,101,target,0.45,588187,322785,149966,154951
rf,101,target,0.5,583985,312370,154168,165366
rf,101,target,0.55,577170,300445,160983,177291
rf,101,target,0.6,325458,153068,412695,324668
rf,101,target,0.65,291785,150027,446368,327709
rf,101,target,0.7,56525,5704,681628,472032
rf,101,target,0.75,40679,5175,697474,472561
rf,101,target,0.8,30803,4441,707350,473295
rf,101,target,0.85,21699,4244,716454,473492
rf,101,target,0.9,10972,4138,727181,473598
rf,101,target,0.95,33,4123,738120,473613
rf,101,target,0.975,32,16,738121,477720
rf,101,target,0.99,16,8,738137,477728
rf,101,target,0.995,0,0,738153,477736
rf,101,target,0.999,0,0,738153,477736
xgboost,101,source_heldout,0.05,132754,2047,9572,4707
xgboost,101,source_heldout,0.1,129721,1423,12605,5331
xgboost,101,source_heldout,0.15,127373,980,14953,5774
xgboost,101,source_heldout,0.2,126177,447,16149,6307
xgboost,101,source_heldout,0.25,125823,386,16503,6368
xgboost,101,source_heldout,0.3,125480,312,16846,6442
xgboost,101,source_heldout,0.35,125251,281,17075,6473
xgboost,101,source_heldout,0.4,124983,239,17343,6515
xgboost,101,source_heldout,0.45,124752,223,17574,6531
xgboost,101,source_heldout,0.5,124417,194,17909,6560
xgboost,101,source_heldout,0.55,124218,177,18108,6577
xgboost,101,source_heldout,0.6,123928,155,18398,6599
xgboost,101,source_heldout,0.65,123537,135,18789,6619
xgboost,101,source_heldout,0.7,123228,119,19098,6635
xgboost,101,source_heldout,0.75,122867,106,19459,6648
xgboost,101,source_heldout,0.8,122587,91,19739,6663
xgboost,101,source_heldout,0.85,122350,84,19976,6670
xgboost,101,source_heldout,0.9,121742,65,20584,6689
xgboost,101,source_heldout,0.95,115145,35,27181,6719
xgboost,101,source_heldout,0.975,114635,32,27691,6722
xgboost,101,source_heldout,0.99,113198,22,29128,6732
xgboost,101,source_heldout,0.995,111336,19,30990,6735
xgboost,101,source_heldout,0.999,100484,17,41842,6737
xgboost,101,target,0.05,584790,414198,153363,63538
xgboost,101,target,0.1,577219,403538,160934,74198
xgboost,101,target,0.15,569252,297037,168901,180699
xgboost,101,target,0.2,560723,291668,177430,186068
xgboost,101,target,0.25,555564,289718,182589,188018
xgboost,101,target,0.3,552650,288526,185503,189210
xgboost,101,target,0.35,551084,287701,187069,190035
xgboost,101,target,0.4,549736,287436,188417,190300
xgboost,101,target,0.45,537584,277943,200569,199793
xgboost,101,target,0.5,361690,147183,376463,330553
xgboost,101,target,0.55,359911,146999,378242,330737
xgboost,101,target,0.6,291226,146648,446927,331088
xgboost,101,target,0.65,288530,146591,449623,331145
xgboost,101,target,0.7,287397,146450,450756,331286
xgboost,101,target,0.75,286014,146134,452139,331602
xgboost,101,target,0.8,254783,145513,483370,332223
xgboost,101,target,0.85,19218,2861,718935,474875
xgboost,101,target,0.9,13653,281,724500,477455
xgboost,101,target,0.95,4432,85,733721,477651
xgboost,101,target,0.975,3501,64,734652,477672
xgboost,101,target,0.99,840,0,737313,477736
xgboost,101,target,0.995,2,0,738151,477736
xgboost,101,target,0.999,0,0,738153,477736
hgb,101,source_heldout,0.05,132632,1776,9694,4978
hgb,101,source_heldout,0.1,128537,739,13789,6015
hgb,101,source_heldout,0.15,126827,577,15499,6177
hgb,101,source_heldout,0.2,126370,526,15956,6228
hgb,101,source_heldout,0.25,126021,487,16305,6267
hgb,101,source_heldout,0.3,125755,444,16571,6310
hgb,101,source_heldout,0.35,125522,397,16804,6357
hgb,101,source_heldout,0.4,125295,362,17031,6392
hgb,101,source_heldout,0.45,125023,332,17303,6422
hgb,101,source_heldout,0.5,124430,302,17896,6452
hgb,101,source_heldout,0.55,124277,270,18049,6484
hgb,101,source_heldout,0.6,123969,237,18357,6517
hgb,101,source_heldout,0.65,123815,212,18511,6542
hgb,101,source_heldout,0.7,123604,196,18722,6558
hgb,101,source_heldout,0.75,123359,180,18967,6574
hgb,101,source_heldout,0.8,122571,157,19755,6597
hgb,101,source_heldout,0.85,122136,142,20190,6612
hgb,101,source_heldout,0.9,121097,104,21229,6650
hgb,101,source_heldout,0.95,119384,56,22942,6698
hgb,101,source_heldout,0.975,113879,38,28447,6716
hgb,101,source_heldout,0.99,112823,25,29503,6729
hgb,101,source_heldout,0.995,111633,21,30693,6733
hgb,101,source_heldout,0.999,101847,12,40479,6742
hgb,101,target,0.05,628255,421227,109898,56509
hgb,101,target,0.1,599084,309706,139069,168030
hgb,101,target,0.15,588248,307975,149905,169761
hgb,101,target,0.2,581561,307096,156592,170640
hgb,101,target,0.25,577049,306387,161104,171349
hgb,101,target,0.3,570044,305217,168109,172519
hgb,101,target,0.35,536055,304322,202098,173414
hgb,101,target,0.4,533145,299512,205008,178224
hgb,101,target,0.45,531433,299112,206720,178624
hgb,101,target,0.5,528794,297625,209359,180111
hgb,101,target,0.55,525937,295229,212216,182507
hgb,101,target,0.6,522601,293774,215552,183962
hgb,101,target,0.65,521263,293249,216890,184487
hgb,101,target,0.7,503125,292872,235028,184864
hgb,101,target,0.75,500206,292646,237947,185090
hgb,101,target,0.8,496483,291714,241670,186022
hgb,101,target,0.85,493295,291533,244858,186203
hgb,101,target,0.9,308348,150091,429805,327645
hgb,101,target,0.95,303047,146608,435106,331128
hgb,101,target,0.975,73339,4207,664814,473529
hgb,101,target,0.99,40866,4096,697287,473640
hgb,101,target,0.995,3258,4071,734895,473665
hgb,101,target,0.999,3,0,738150,477736
mlp,101,source_heldout,0.05,130786,1984,11540,4770
mlp,101,source_heldout,0.1,128416,1378,13910,5376
mlp,101,source_heldout,0.15,127723,1269,14603,5485
mlp,101,source_heldout,0.2,127277,1227,15049,5527
mlp,101,source_heldout,0.25,127016,1192,15310,5562
mlp,101,source_heldout,0.3,126596,1147,15730,5607
mlp,101,source_heldout,0.35,126218,1108,16108,5646
mlp,101,source_heldout,0.4,125863,1058,16463,5696
mlp,101,source_heldout,0.45,125588,1025,16738,5729
mlp,101,source_heldout,0.5,125257,990,17069,5764
mlp,101,source_heldout,0.55,124959,970,17367,5784
mlp,101,source_heldout,0.6,124667,939,17659,5815
mlp,101,source_heldout,0.65,124354,918,17972,5836
mlp,101,source_heldout,0.7,124044,911,18282,5843
mlp,101,source_heldout,0.75,123727,891,18599,5863
mlp,101,source_heldout,0.8,123566,881,18760,5873
mlp,101,source_heldout,0.85,123010,855,19316,5899
mlp,101,source_heldout,0.9,122710,846,19616,5908
mlp,101,source_heldout,0.95,121786,814,20540,5940
mlp,101,source_heldout,0.975,120273,781,22053,5973
mlp,101,source_heldout,0.99,114518,752,27808,6002
mlp,101,source_heldout,0.995,113097,744,29229,6010
mlp,101,source_heldout,0.999,108044,17,34282,6737
mlp,101,target,0.05,594506,406574,143647,71162
mlp,101,target,0.1,593763,404029,144390,73707
mlp,101,target,0.15,591162,403803,146991,73933
mlp,101,target,0.2,587134,403659,151019,74077
mlp,101,target,0.25,584055,403490,154098,74246
mlp,101,target,0.3,583522,403288,154631,74448
mlp,101,target,0.35,583351,298560,154802,179176
mlp,101,target,0.4,583295,298382,154858,179354
mlp,101,target,0.45,583243,298305,154910,179431
mlp,101,target,0.5,583184,297664,154969,180072
mlp,101,target,0.55,583123,295312,155030,182424
mlp,101,target,0.6,582635,290920,155518,186816
mlp,101,target,0.65,579487,290893,158666,186843
mlp,101,target,0.7,578459,290865,159694,186871
mlp,101,target,0.75,544857,290425,193296,187311
mlp,101,target,0.8,537467,290127,200686,187609
mlp,101,target,0.85,530613,289927,207540,187809
mlp,101,target,0.9,527026,289695,211127,188041
mlp,101,target,0.95,453409,289240,284744,188496
mlp,101,target,0.975,267419,145108,470734,332628
mlp,101,target,0.99,37667,689,700486,477047
mlp,101,target,0.995,9931,99,728222,477637
mlp,101,target,0.999,91,47,738062,477689
majority,102,source_heldout,0.05,149939,7237,0,0
majority,102,source_heldout,0.1,149939,7237,0,0
majority,102,source_heldout,0.15,149939,7237,0,0
majority,102,source_heldout,0.2,149939,7237,0,0
majority,102,source_heldout,0.25,149939,7237,0,0
majority,102,source_heldout,0.3,149939,7237,0,0
majority,102,source_heldout,0.35,149939,7237,0,0
majority,102,source_heldout,0.4,149939,7237,0,0
majority,102,source_heldout,0.45,149939,7237,0,0
majority,102,source_heldout,0.5,149939,7237,0,0
majority,102,source_heldout,0.55,149939,7237,0,0
majority,102,source_heldout,0.6,149939,7237,0,0
majority,102,source_heldout,0.65,149939,7237,0,0
majority,102,source_heldout,0.7,149939,7237,0,0
majority,102,source_heldout,0.75,149939,7237,0,0
majority,102,source_heldout,0.8,149939,7237,0,0
majority,102,source_heldout,0.85,149939,7237,0,0
majority,102,source_heldout,0.9,149939,7237,0,0
majority,102,source_heldout,0.95,149939,7237,0,0
majority,102,source_heldout,0.975,149939,7237,0,0
majority,102,source_heldout,0.99,149939,7237,0,0
majority,102,source_heldout,0.995,149939,7237,0,0
majority,102,source_heldout,0.999,149939,7237,0,0
majority,102,target,0.05,738153,477736,0,0
majority,102,target,0.1,738153,477736,0,0
majority,102,target,0.15,738153,477736,0,0
majority,102,target,0.2,738153,477736,0,0
majority,102,target,0.25,738153,477736,0,0
majority,102,target,0.3,738153,477736,0,0
majority,102,target,0.35,738153,477736,0,0
majority,102,target,0.4,738153,477736,0,0
majority,102,target,0.45,738153,477736,0,0
majority,102,target,0.5,738153,477736,0,0
majority,102,target,0.55,738153,477736,0,0
majority,102,target,0.6,738153,477736,0,0
majority,102,target,0.65,738153,477736,0,0
majority,102,target,0.7,738153,477736,0,0
majority,102,target,0.75,738153,477736,0,0
majority,102,target,0.8,738153,477736,0,0
majority,102,target,0.85,738153,477736,0,0
majority,102,target,0.9,738153,477736,0,0
majority,102,target,0.95,738153,477736,0,0
majority,102,target,0.975,738153,477736,0,0
majority,102,target,0.99,738153,477736,0,0
majority,102,target,0.995,738153,477736,0,0
majority,102,target,0.999,738153,477736,0,0
stratified,102,source_heldout,0.05,140786,6754,9153,483
stratified,102,source_heldout,0.1,140786,6754,9153,483
stratified,102,source_heldout,0.15,140786,6754,9153,483
stratified,102,source_heldout,0.2,140786,6754,9153,483
stratified,102,source_heldout,0.25,140786,6754,9153,483
stratified,102,source_heldout,0.3,140786,6754,9153,483
stratified,102,source_heldout,0.35,140786,6754,9153,483
stratified,102,source_heldout,0.4,140786,6754,9153,483
stratified,102,source_heldout,0.45,140786,6754,9153,483
stratified,102,source_heldout,0.5,140786,6754,9153,483
stratified,102,source_heldout,0.55,140786,6754,9153,483
stratified,102,source_heldout,0.6,140786,6754,9153,483
stratified,102,source_heldout,0.65,140786,6754,9153,483
stratified,102,source_heldout,0.7,140786,6754,9153,483
stratified,102,source_heldout,0.75,140786,6754,9153,483
stratified,102,source_heldout,0.8,140786,6754,9153,483
stratified,102,source_heldout,0.85,140786,6754,9153,483
stratified,102,source_heldout,0.9,140786,6754,9153,483
stratified,102,source_heldout,0.95,140786,6754,9153,483
stratified,102,source_heldout,0.975,140786,6754,9153,483
stratified,102,source_heldout,0.99,140786,6754,9153,483
stratified,102,source_heldout,0.995,140786,6754,9153,483
stratified,102,source_heldout,0.999,140786,6754,9153,483
stratified,102,target,0.05,692974,448418,45179,29318
stratified,102,target,0.1,692974,448418,45179,29318
stratified,102,target,0.15,692974,448418,45179,29318
stratified,102,target,0.2,692974,448418,45179,29318
stratified,102,target,0.25,692974,448418,45179,29318
stratified,102,target,0.3,692974,448418,45179,29318
stratified,102,target,0.35,692974,448418,45179,29318
stratified,102,target,0.4,692974,448418,45179,29318
stratified,102,target,0.45,692974,448418,45179,29318
stratified,102,target,0.5,692974,448418,45179,29318
stratified,102,target,0.55,692974,448418,45179,29318
stratified,102,target,0.6,692974,448418,45179,29318
stratified,102,target,0.65,692974,448418,45179,29318
stratified,102,target,0.7,692974,448418,45179,29318
stratified,102,target,0.75,692974,448418,45179,29318
stratified,102,target,0.8,692974,448418,45179,29318
stratified,102,target,0.85,692974,448418,45179,29318
stratified,102,target,0.9,692974,448418,45179,29318
stratified,102,target,0.95,692974,448418,45179,29318
stratified,102,target,0.975,692974,448418,45179,29318
stratified,102,target,0.99,692974,448418,45179,29318
stratified,102,target,0.995,692974,448418,45179,29318
stratified,102,target,0.999,692974,448418,45179,29318
logreg,102,source_heldout,0.05,148583,4524,1356,2713
logreg,102,source_heldout,0.1,147849,4213,2090,3024
logreg,102,source_heldout,0.15,144190,3833,5749,3404
logreg,102,source_heldout,0.2,142625,3204,7314,4033
logreg,102,source_heldout,0.25,142153,2928,7786,4309
logreg,102,source_heldout,0.3,140641,2766,9298,4471
logreg,102,source_heldout,0.35,140136,2589,9803,4648
logreg,102,source_heldout,0.4,137659,1560,12280,5677
logreg,102,source_heldout,0.45,135812,1470,14127,5767
logreg,102,source_heldout,0.5,133974,1415,15965,5822
logreg,102,source_heldout,0.55,103671,1372,46268,5865
logreg,102,source_heldout,0.6,101397,1306,48542,5931
logreg,102,source_heldout,0.65,98918,1211,51021,6026
logreg,102,source_heldout,0.7,98041,1091,51898,6146
logreg,102,source_heldout,0.75,94242,973,55697,6264
logreg,102,source_heldout,0.8,82535,843,67404,6394
logreg,102,source_heldout,0.85,81594,815,68345,6422
logreg,102,source_heldout,0.9,80016,745,69923,6492
logreg,102,source_heldout,0.95,76044,22,73895,7215
logreg,102,source_heldout,0.975,22867,11,127072,7226
logreg,102,source_heldout,0.99,14331,9,135608,7228
logreg,102,source_heldout,0.995,7277,8,142662,7229
logreg,102,source_heldout,0.999,5890,8,144049,7229
logreg,102,target,0.05,480439,211273,257714,266463
logreg,102,target,0.1,231828,36509,506325,441227
logreg,102,target,0.15,225786,27853,512367,449883
logreg,102,target,0.2,219800,24589,518353,453147
logreg,102,target,0.25,219100,22832,519053,454904
logreg,102,target,0.3,218526,19209,519627,458527
logreg,102,target,0.35,218132,15206,520021,462530
logreg,102,target,0.4,213225,12628,524928,465108
logreg,102,target,0.45,206004,11229,532149,466507
logreg,102,target,0.5,126104,6687,612049,471049
logreg,102,target,0.55,105229,5865,632924,471871
logreg,102,target,0.6,102753,4709,635400,473027
logreg,102,target,0.65,67638,3353,670515,474383
logreg,102,target,0.7,60627,2712,677526,475024
logreg,102,target,0.75,55455,2357,682698,475379
logreg,102,target,0.8,51080,2086,687073,475650
logreg,102,target,0.85,45023,1610,693130,476126
logreg,102,target,0.9,34882,799,703271,476937
logreg,102,target,0.95,33762,559,704391,477177
logreg,102,target,0.975,7,38,738146,477698
logreg,102,target,0.99,0,17,738153,477719
logreg,102,target,0.995,0,7,738153,477729
logreg,102,target,0.999,0,1,738153,477735
tree,102,source_heldout,0.05,115369,3741,34570,3496
tree,102,source_heldout,0.1,113213,3261,36726,3976
tree,102,source_heldout,0.15,111555,2621,38384,4616
tree,102,source_heldout,0.2,108718,2459,41221,4778
tree,102,source_heldout,0.25,108128,2437,41811,4800
tree,102,source_heldout,0.3,108101,2437,41838,4800
tree,102,source_heldout,0.35,108079,2429,41860,4808
tree,102,source_heldout,0.4,108052,2424,41887,4813
tree,102,source_heldout,0.45,108052,2424,41887,4813
tree,102,source_heldout,0.5,108052,2424,41887,4813
tree,102,source_heldout,0.55,108043,2418,41896,4819
tree,102,source_heldout,0.6,107938,2397,42001,4840
tree,102,source_heldout,0.65,107938,2397,42001,4840
tree,102,source_heldout,0.7,107932,2397,42007,4840
tree,102,source_heldout,0.75,107932,2397,42007,4840
tree,102,source_heldout,0.8,107754,2389,42185,4848
tree,102,source_heldout,0.85,107754,2389,42185,4848
tree,102,source_heldout,0.9,107754,2389,42185,4848
tree,102,source_heldout,0.95,105886,2313,44053,4924
tree,102,source_heldout,0.975,105886,2313,44053,4924
tree,102,source_heldout,0.99,105886,2313,44053,4924
tree,102,source_heldout,0.995,105886,2313,44053,4924
tree,102,source_heldout,0.999,102981,2266,46958,4971
tree,102,target,0.05,621939,440749,116214,36987
tree,102,target,0.1,615051,332732,123102,145004
tree,102,target,0.15,547221,305492,190932,172244
tree,102,target,0.2,542974,305492,195179,172244
tree,102,target,0.25,539517,305492,198636,172244
tree,102,target,0.3,539517,305492,198636,172244
tree,102,target,0.35,539513,305492,198640,172244
tree,102,target,0.4,539513,305483,198640,172253
tree,102,target,0.45,539513,305483,198640,172253
tree,102,target,0.5,538330,305483,199823,172253
tree,102,target,0.55,538186,305482,199967,172254
tree,102,target,0.6,538180,305482,199973,172254
tree,102,target,0.65,538180,305482,199973,172254
tree,102,target,0.7,538180,305482,199973,172254
tree,102,target,0.75,538180,305482,199973,172254
tree,102,target,0.8,538179,305455,199974,172281
tree,102,target,0.85,538179,305455,199974,172281
tree,102,target,0.9,538179,305455,199974,172281
tree,102,target,0.95,303647,163114,434506,314622
tree,102,target,0.975,303647,163114,434506,314622
tree,102,target,0.99,303647,163114,434506,314622
tree,102,target,0.995,303647,163114,434506,314622
tree,102,target,0.999,291421,161171,446732,316565
rf,102,source_heldout,0.05,149783,4645,156,2592
rf,102,source_heldout,0.1,149595,4419,344,2818
rf,102,source_heldout,0.15,149353,4163,586,3074
rf,102,source_heldout,0.2,149014,3932,925,3305
rf,102,source_heldout,0.25,147725,3654,2214,3583
rf,102,source_heldout,0.3,147294,3473,2645,3764
rf,102,source_heldout,0.35,146832,3292,3107,3945
rf,102,source_heldout,0.4,146437,3164,3502,4073
rf,102,source_heldout,0.45,145969,2977,3970,4260
rf,102,source_heldout,0.5,145580,2865,4359,4372
rf,102,source_heldout,0.55,144923,2741,5016,4496
rf,102,source_heldout,0.6,144019,2596,5920,4641
rf,102,source_heldout,0.65,141533,2428,8406,4809
rf,102,source_heldout,0.7,137692,1523,12247,5714
rf,102,source_heldout,0.75,133329,622,16610,6615
rf,102,source_heldout,0.8,114916,498,35023,6739
rf,102,source_heldout,0.85,100621,373,49318,6864
rf,102,source_heldout,0.9,94450,262,55489,6975
rf,102,source_heldout,0.95,92106,181,57833,7056
rf,102,source_heldout,0.975,90904,121,59035,7116
rf,102,source_heldout,0.99,86969,74,62970,7163
rf,102,source_heldout,0.995,85821,58,64118,7179
rf,102,source_heldout,0.999,82508,20,67431,7217
rf,102,target,0.05,738153,477057,0,679
rf,102,target,0.1,701857,476401,36296,1335
rf,102,target,0.15,676651,475411,61502,2325
rf,102,target,0.2,674862,367586,63291,110150
rf,102,target,0.25,670061,364385,68092,113351
rf,102,target,0.3,656020,362961,82133,114775
rf,102,target,0.35,653575,360842,84578,116894
rf,102,target,0.4,632107,329010,106046,148726
rf,102,target,0.45,629241,326359,108912,151377
rf,102,target,0.5,628200,320884,109953,156852
rf,102,target,0.55,626146,316086,112007,161650
rf,102,target,0.6,619004,307328,119149,170408
rf,102,target,0.65,607791,299832,130362,177904
rf,102,target,0.7,536581,295237,201572,182499
rf,102,target,0.75,339263,156640,398890,321096
rf,102,target,0.8,290369,147675,447784,330061
rf,102,target,0.85,34139,5323,704014,472413
rf,102,target,0.9,15928,4653,722225,473083
rf,102,target,0.95,41,4076,738112,473660
rf,102,target,0.975,32,4071,738121,473665
rf,102,target,0.99,16,9,738137,477727
rf,102,target,0.995,16,7,738137,477729
rf,102,target,0.999,0,0,738153,477736
xgboost,102,source_heldout,0.05,149544,4051,395,3186
xgboost,102,source_heldout,0.1,148174,3169,1765,4068
xgboost,102,source_heldout,0.15,147379,2709,2560,4528
xgboost,102,source_heldout,0.2,144416,2439,5523,4798
xgboost,102,source_heldout,0.25,142659,2306,7280,4931
xgboost,102,source_heldout,0.3,142311,2184,7628,5053
xgboost,102,source_heldout,0.35,141620,2145,8319,5092
xgboost,102,source_heldout,0.4,141296,2120,8643,5117
xgboost,102,source_heldout,0.45,140790,2059,9149,5178
xgboost,102,source_heldout,0.5,139279,2004,10660,5233
xgboost,102,source_heldout,0.55,138743,1908,11196,5329
xgboost,102,source_heldout,0.6,136770,1234,13169,6003
xgboost,102,source_heldout,0.65,135075,383,14864,6854
xgboost,102,source_heldout,0.7,133979,281,15960,6956
xgboost,102,source_heldout,0.75,133345,251,16594,6986
xgboost,102,source_heldout,0.8,127597,226,22342,7011
xgboost,102,source_heldout,0.85,126918,199,23021,7038
xgboost,102,source_heldout,0.9,125921,148,24018,7089
xgboost,102,source_heldout,0.95,123468,86,26471,7151
xgboost,102,source_heldout,0.975,118784,44,31155,7193
xgboost,102,source_heldout,0.99,83153,14,66786,7223
xgboost,102,source_heldout,0.995,80592,4,69347,7233
xgboost,102,source_heldout,0.999,73415,1,76524,7236
xgboost,102,target,0.05,707874,434965,30279,42771
xgboost,102,target,0.1,646639,312723,91514,165013
xgboost,102,target,0.15,618509,306597,119644,171139
xgboost,102,target,0.2,609255,305042,128898,172694
xgboost,102,target,0.25,600715,299602,137438,178134
xgboost,102,target,0.3,594692,298074,143461,179662
xgboost,102,target,0.35,570599,296459,167554,181277
xgboost,102,target,0.4,565433,295199,172720,182537
xgboost,102,target,0.45,562578,294075,175575,183661
xgboost,102,target,0.5,559598,293052,178555,184684
xgboost,102,target,0.55,556092,292521,182061,185215
xgboost,102,target,0.6,551961,287953,186192,189783
xgboost,102,target,0.65,318411,145660,419742,332076
xgboost,102,target,0.7,280097,142645,458056,335091
xgboost,102,target,0.75,240096,141670,498057,336066
xgboost,102,target,0.8,25140,12175,713013,465561
xgboost,102,target,0.85,8357,1306,729796,476430
xgboost,102,target,0.9,4957,1006,733196,476730
xgboost,102,target,0.95,3495,396,734658,477340
xgboost,102,target,0.975,1075,175,737078,477561
xgboost,102,target,0.99,619,1,737534,477735
xgboost,102,target,0.995,1,0,738152,477736
xgboost,102,target,0.999,0,0,738153,477736
hgb,102,source_heldout,0.05,149609,4198,330,3039
hgb,102,source_heldout,0.1,149040,3589,899,3648
hgb,102,source_heldout,0.15,147157,2783,2782,4454
hgb,102,source_heldout,0.2,142314,1660,7625,5577
hgb,102,source_heldout,0.25,140250,1478,9689,5759
hgb,102,source_heldout,0.3,137497,710,12442,6527
hgb,102,source_heldout,0.35,136488,590,13451,6647
hgb,102,source_heldout,0.4,134682,534,15257,6703
hgb,102,source_heldout,0.45,132915,494,17024,6743
hgb,102,source_heldout,0.5,132376,451,17563,6786
hgb,102,source_heldout,0.55,131855,415,18084,6822
hgb,102,source_heldout,0.6,129829,348,20110,6889
hgb,102,source_heldout,0.65,129120,330,20819,6907
hgb,102,source_heldout,0.7,126243,296,23696,6941
hgb,102,source_heldout,0.75,123135,272,26804,6965
hgb,102,source_heldout,0.8,122156,223,27783,7014
hgb,102,source_heldout,0.85,117879,162,32060,7075
hgb,102,source_heldout,0.9,97166,108,52773,7129
hgb,102,source_heldout,0.95,83153,51,66786,7186
hgb,102,source_heldout,0.975,81317,32,68622,7205
hgb,102,source_heldout,0.99,79609,7,70330,7230
hgb,102,source_heldout,0.995,77257,6,72682,7231
hgb,102,source_heldout,0.999,68945,1,80994,7236
hgb,102,target,0.05,701562,436925,36591,40811
hgb,102,target,0.1,624871,322601,113282,155135
hgb,102,target,0.15,593579,318422,144574,159314
hgb,102,target,0.2,587363,312047,150790,165689
hgb,102,target,0.25,551216,304388,186937,173348
hgb,102,target,0.3,546835,301044,191318,176692
hgb,102,target,0.35,543820,297480,194333,180256
hgb,102,target,0.4,540908,293684,197245,184052
hgb,102,target,0.45,538246,293070,199907,184666
hgb,102,target,0.5,533263,292670,204890,185066
hgb,102,target,0.55,530903,288438,207250,189298
hgb,102,target,0.6,527294,287751,210859,189985
hgb,102,target,0.65,515508,287464,222645,190272
hgb,102,target,0.7,463958,287335,274195,190401
hgb,102,target,0.75,270862,161335,467291,316401
hgb,102,target,0.8,248858,146705,489295,331031
hgb,102,target,0.85,248523,146635,489630,331101
hgb,102,target,0.9,2945,4771,735208,472965
hgb,102,target,0.95,1242,393,736911,477343
hgb,102,target,0.975,1174,342,736979,477394
hgb,102,target,0.99,1099,0,737054,477736
hgb,102,target,0.995,334,0,737819,477736
hgb,102,target,0.999,0,0,738153,477736
mlp,102,source_heldout,0.05,149183,4085,756,3152
mlp,102,source_heldout,0.1,146230,2087,3709,5150
mlp,102,source_heldout,0.15,145607,1675,4332,5562
mlp,102,source_heldout,0.2,142430,1500,7509,5737
mlp,102,source_heldout,0.25,140348,1400,9591,5837
mlp,102,source_heldout,0.3,140141,1361,9798,5876
mlp,102,source_heldout,0.35,139768,1315,10171,5922
mlp,102,source_heldout,0.4,137020,1298,12919,5939
mlp,102,source_heldout,0.45,136777,1219,13162,6018
mlp,102,source_heldout,0.5,136633,1203,13306,6034
mlp,102,source_heldout,0.55,136159,1127,13780,6110
mlp,102,source_heldout,0.6,135779,1069,14160,6168
mlp,102,source_heldout,0.65,135522,1057,14417,6180
mlp,102,source_heldout,0.7,130925,1006,19014,6231
mlp,102,source_heldout,0.75,130229,991,19710,6246
mlp,102,source_heldout,0.8,129358,974,20581,6263
mlp,102,source_heldout,0.85,127004,928,22935,6309
mlp,102,source_heldout,0.9,125004,873,24935,6364
mlp,102,source_heldout,0.95,122409,834,27530,6403
mlp,102,source_heldout,0.975,117776,804,32163,6433
mlp,102,source_heldout,0.99,89616,775,60323,6462
mlp,102,source_heldout,0.995,81351,45,68588,7192
mlp,102,source_heldout,0.999,77886,4,72053,7233
mlp,102,target,0.05,672496,447218,65657,30518
mlp,102,target,0.1,646171,430547,91982,47189
mlp,102,target,0.15,600954,421744,137199,55992
mlp,102,target,0.2,598284,420786,139869,56950
mlp,102,target,0.25,596169,420391,141984,57345
mlp,102,target,0.3,595869,315648,142284,162088
mlp,102,target,0.35,594360,315427,143793,162309
mlp,102,target,0.4,593754,315122,144399,162614
mlp,102,target,0.45,593194,314658,144959,163078
mlp,102,target,0.5,592673,314511,145480,163225
mlp,102,target,0.55,590637,291602,147516,186134
mlp,102,target,0.6,587431,291521,150722,186215
mlp,102,target,0.65,584465,291397,153688,186339
mlp,102,target,0.7,581631,291332,156522,186404
mlp,102,target,0.75,575574,291204,162579,186532
mlp,102,target,0.8,565599,291123,172554,186613
mlp,102,target,0.85,559899,291079,178254,186657
mlp,102,target,0.9,551130,290893,187023,186843
mlp,102,target,0.95,537613,286102,200540,191634
mlp,102,target,0.975,465509,282372,272644,195364
mlp,102,target,0.99,240236,142173,497917,335563
mlp,102,target,0.995,232300,142052,505853,335684
mlp,102,target,0.999,13,118,738140,477618
majority,103,source_heldout,0.05,85029,4350,0,0
majority,103,source_heldout,0.1,85029,4350,0,0
majority,103,source_heldout,0.15,85029,4350,0,0
majority,103,source_heldout,0.2,85029,4350,0,0
majority,103,source_heldout,0.25,85029,4350,0,0
majority,103,source_heldout,0.3,85029,4350,0,0
majority,103,source_heldout,0.35,85029,4350,0,0
majority,103,source_heldout,0.4,85029,4350,0,0
majority,103,source_heldout,0.45,85029,4350,0,0
majority,103,source_heldout,0.5,85029,4350,0,0
majority,103,source_heldout,0.55,85029,4350,0,0
majority,103,source_heldout,0.6,85029,4350,0,0
majority,103,source_heldout,0.65,85029,4350,0,0
majority,103,source_heldout,0.7,85029,4350,0,0
majority,103,source_heldout,0.75,85029,4350,0,0
majority,103,source_heldout,0.8,85029,4350,0,0
majority,103,source_heldout,0.85,85029,4350,0,0
majority,103,source_heldout,0.9,85029,4350,0,0
majority,103,source_heldout,0.95,85029,4350,0,0
majority,103,source_heldout,0.975,85029,4350,0,0
majority,103,source_heldout,0.99,85029,4350,0,0
majority,103,source_heldout,0.995,85029,4350,0,0
majority,103,source_heldout,0.999,85029,4350,0,0
majority,103,target,0.05,738153,477736,0,0
majority,103,target,0.1,738153,477736,0,0
majority,103,target,0.15,738153,477736,0,0
majority,103,target,0.2,738153,477736,0,0
majority,103,target,0.25,738153,477736,0,0
majority,103,target,0.3,738153,477736,0,0
majority,103,target,0.35,738153,477736,0,0
majority,103,target,0.4,738153,477736,0,0
majority,103,target,0.45,738153,477736,0,0
majority,103,target,0.5,738153,477736,0,0
majority,103,target,0.55,738153,477736,0,0
majority,103,target,0.6,738153,477736,0,0
majority,103,target,0.65,738153,477736,0,0
majority,103,target,0.7,738153,477736,0,0
majority,103,target,0.75,738153,477736,0,0
majority,103,target,0.8,738153,477736,0,0
majority,103,target,0.85,738153,477736,0,0
majority,103,target,0.9,738153,477736,0,0
majority,103,target,0.95,738153,477736,0,0
majority,103,target,0.975,738153,477736,0,0
majority,103,target,0.99,738153,477736,0,0
majority,103,target,0.995,738153,477736,0,0
majority,103,target,0.999,738153,477736,0,0
stratified,103,source_heldout,0.05,80265,4108,4764,242
stratified,103,source_heldout,0.1,80265,4108,4764,242
stratified,103,source_heldout,0.15,80265,4108,4764,242
stratified,103,source_heldout,0.2,80265,4108,4764,242
stratified,103,source_heldout,0.25,80265,4108,4764,242
stratified,103,source_heldout,0.3,80265,4108,4764,242
stratified,103,source_heldout,0.35,80265,4108,4764,242
stratified,103,source_heldout,0.4,80265,4108,4764,242
stratified,103,source_heldout,0.45,80265,4108,4764,242
stratified,103,source_heldout,0.5,80265,4108,4764,242
stratified,103,source_heldout,0.55,80265,4108,4764,242
stratified,103,source_heldout,0.6,80265,4108,4764,242
stratified,103,source_heldout,0.65,80265,4108,4764,242
stratified,103,source_heldout,0.7,80265,4108,4764,242
stratified,103,source_heldout,0.75,80265,4108,4764,242
stratified,103,source_heldout,0.8,80265,4108,4764,242
stratified,103,source_heldout,0.85,80265,4108,4764,242
stratified,103,source_heldout,0.9,80265,4108,4764,242
stratified,103,source_heldout,0.95,80265,4108,4764,242
stratified,103,source_heldout,0.975,80265,4108,4764,242
stratified,103,source_heldout,0.99,80265,4108,4764,242
stratified,103,source_heldout,0.995,80265,4108,4764,242
stratified,103,source_heldout,0.999,80265,4108,4764,242
stratified,103,target,0.05,697000,451056,41153,26680
stratified,103,target,0.1,697000,451056,41153,26680
stratified,103,target,0.15,697000,451056,41153,26680
stratified,103,target,0.2,697000,451056,41153,26680
stratified,103,target,0.25,697000,451056,41153,26680
stratified,103,target,0.3,697000,451056,41153,26680
stratified,103,target,0.35,697000,451056,41153,26680
stratified,103,target,0.4,697000,451056,41153,26680
stratified,103,target,0.45,697000,451056,41153,26680
stratified,103,target,0.5,697000,451056,41153,26680
stratified,103,target,0.55,697000,451056,41153,26680
stratified,103,target,0.6,697000,451056,41153,26680
stratified,103,target,0.65,697000,451056,41153,26680
stratified,103,target,0.7,697000,451056,41153,26680
stratified,103,target,0.75,697000,451056,41153,26680
stratified,103,target,0.8,697000,451056,41153,26680
stratified,103,target,0.85,697000,451056,41153,26680
stratified,103,target,0.9,697000,451056,41153,26680
stratified,103,target,0.95,697000,451056,41153,26680
stratified,103,target,0.975,697000,451056,41153,26680
stratified,103,target,0.99,697000,451056,41153,26680
stratified,103,target,0.995,697000,451056,41153,26680
stratified,103,target,0.999,697000,451056,41153,26680
logreg,103,source_heldout,0.05,84163,2020,866,2330
logreg,103,source_heldout,0.1,83009,1730,2020,2620
logreg,103,source_heldout,0.15,81906,1560,3123,2790
logreg,103,source_heldout,0.2,81198,1164,3831,3186
logreg,103,source_heldout,0.25,80447,1072,4582,3278
logreg,103,source_heldout,0.3,80353,1010,4676,3340
logreg,103,source_heldout,0.35,80224,969,4805,3381
logreg,103,source_heldout,0.4,79800,894,5229,3456
logreg,103,source_heldout,0.45,79208,860,5821,3490
logreg,103,source_heldout,0.5,78793,847,6236,3503
logreg,103,source_heldout,0.55,78282,697,6747,3653
logreg,103,source_heldout,0.6,73112,675,11917,3675
logreg,103,source_heldout,0.65,58028,662,27001,3688
logreg,103,source_heldout,0.7,57811,653,27218,3697
logreg,103,source_heldout,0.75,57288,452,27741,3898
logreg,103,source_heldout,0.8,55399,212,29630,4138
logreg,103,source_heldout,0.85,52532,96,32497,4254
logreg,103,source_heldout,0.9,47703,45,37326,4305
logreg,103,source_heldout,0.95,12712,23,72317,4327
logreg,103,source_heldout,0.975,11847,14,73182,4336
logreg,103,source_heldout,0.99,5927,13,79102,4337
logreg,103,source_heldout,0.995,3080,12,81949,4338
logreg,103,source_heldout,0.999,2824,6,82205,4344
logreg,103,target,0.05,518660,187307,219493,290429
logreg,103,target,0.1,257571,20522,480582,457214
logreg,103,target,0.15,243314,19376,494839,458360
logreg,103,target,0.2,232797,18747,505356,458989
logreg,103,target,0.25,230312,18066,507841,459670
logreg,103,target,0.3,225478,12458,512675,465278
logreg,103,target,0.35,223342,12122,514811,465614
logreg,103,target,0.4,219476,11731,518677,466005
logreg,103,target,0.45,217259,11271,520894,466465
logreg,103,target,0.5,195666,7217,542487,470519
logreg,103,target,0.55,176342,6668,561811,471068
logreg,103,target,0.6,151955,5275,586198,472461
logreg,103,target,0.65,106716,3817,631437,473919
logreg,103,target,0.7,89196,3606,648957,474130
logreg,103,target,0.75,74405,2632,663748,475104
logreg,103,target,0.8,50946,2027,687207,475709
logreg,103,target,0.85,47848,1618,690305,476118
logreg,103,target,0.9,36558,580,701595,477156
logreg,103,target,0.95,14,22,738139,477714
logreg,103,target,0.975,11,10,738142,477726
logreg,103,target,0.99,0,4,738153,477732
logreg,103,target,0.995,0,2,738153,477734
logreg,103,target,0.999,0,0,738153,477736
tree,103,source_heldout,0.05,83269,1230,1760,3120
tree,103,source_heldout,0.1,82593,986,2436,3364
tree,103,source_heldout,0.15,79848,501,5181,3849
tree,103,source_heldout,0.2,79416,434,5613,3916
tree,103,source_heldout,0.25,79358,408,5671,3942
tree,103,source_heldout,0.3,79278,401,5751,3949
tree,103,source_heldout,0.35,79219,389,5810,3961
tree,103,source_heldout,0.4,79219,389,5810,3961
tree,103,source_heldout,0.45,78828,327,6201,4023
tree,103,source_heldout,0.5,78803,326,6226,4024
tree,103,source_heldout,0.55,78685,314,6344,4036
tree,103,source_heldout,0.6,78685,314,6344,4036
tree,103,source_heldout,0.65,78360,239,6669,4111
tree,103,source_heldout,0.7,77944,228,7085,4122
tree,103,source_heldout,0.75,77942,228,7087,4122
tree,103,source_heldout,0.8,77942,228,7087,4122
tree,103,source_heldout,0.85,77942,228,7087,4122
tree,103,source_heldout,0.9,77920,228,7109,4122
tree,103,source_heldout,0.95,77920,228,7109,4122
tree,103,source_heldout,0.975,77067,219,7962,4131
tree,103,source_heldout,0.99,77067,219,7962,4131
tree,103,source_heldout,0.995,77067,219,7962,4131
tree,103,source_heldout,0.999,77067,219,7962,4131
tree,103,target,0.05,631464,461063,106689,16673
tree,103,target,0.1,611227,339103,126926,138633
tree,103,target,0.15,543953,297821,194200,179915
tree,103,target,0.2,543943,297694,194210,180042
tree,103,target,0.25,543943,297680,194210,180056
tree,103,target,0.3,543941,296769,194212,180967
tree,103,target,0.35,543941,296765,194212,180971
tree,103,target,0.4,543941,296765,194212,180971
tree,103,target,0.45,543940,296765,194213,180971
tree,103,target,0.5,543890,296764,194263,180972
tree,103,target,0.55,543853,296753,194300,180983
tree,103,target,0.6,543853,296753,194300,180983
tree,103,target,0.65,543817,296750,194336,180986
tree,103,target,0.7,543816,296724,194337,181012
tree,103,target,0.75,543816,296724,194337,181012
tree,103,target,0.8,543816,296724,194337,181012
tree,103,target,0.85,543816,296724,194337,181012
tree,103,target,0.9,543816,296724,194337,181012
tree,103,target,0.95,543816,296724,194337,181012
tree,103,target,0.975,541855,296603,196298,181133
tree,103,target,0.99,541399,296214,196754,181522
tree,103,target,0.995,541399,296214,196754,181522
tree,103,target,0.999,541399,296214,196754,181522
rf,103,source_heldout,0.05,84751,3632,278,718
rf,103,source_heldout,0.1,84448,3365,581,985
rf,103,source_heldout,0.15,83456,3180,1573,1170
rf,103,source_heldout,0.2,83359,3010,1670,1340
rf,103,source_heldout,0.25,83245,2846,1784,1504
rf,103,source_heldout,0.3,83100,2729,1929,1621
rf,103,source_heldout,0.35,82791,2585,2238,1765
rf,103,source_heldout,0.4,82582,2481,2447,1869
rf,103,source_heldout,0.45,82153,594,2876,3756
rf,103,source_heldout,0.5,81937,524,3092,3826
rf,103,source_heldout,0.55,81763,481,3266,3869
rf,103,source_heldout,0.6,81659,439,3370,3911
rf,103,source_heldout,0.65,81484,402,3545,3948
rf,103,source_heldout,0.7,80936,371,4093,3979
rf,103,source_heldout,0.75,79769,325,5260,4025
rf,103,source_heldout,0.8,78379,275,6650,4075
rf,103,source_heldout,0.85,77612,237,7417,4113
rf,103,source_heldout,0.9,76149,199,8880,4151
rf,103,source_heldout,0.95,74755,78,10274,4272
rf,103,source_heldout,0.975,73343,29,11686,4321
rf,103,source_heldout,0.99,71555,15,13474,4335
rf,103,source_heldout,0.995,70636,11,14393,4339
rf,103,source_heldout,0.999,67672,0,17357,4350
rf,103,target,0.05,738106,476916,47,820
rf,103,target,0.1,737950,371498,203,106238
rf,103,target,0.15,699182,370466,38971,107270
rf,103,target,0.2,672213,368520,65940,109216
rf,103,target,0.25,661725,339378,76428,138358
rf,103,target,0.3,655391,331674,82762,146062
rf,103,target,0.35,633116,325218,105037,152518
rf,103,target,0.4,615021,323830,123132,153906
rf,103,target,0.45,613146,322591,125007,155145
rf,103,target,0.5,609505,316924,128648,160812
rf,103,target,0.55,601901,309429,136252,168307
rf,103,target,0.6,595167,295643,142986,182093
rf,103,target,0.65,556059,290654,182094,187082
rf,103,target,0.7,552120,284843,186033,192893
rf,103,target,0.75,510798,284172,227355,193564
rf,103,target,0.8,288471,143289,449682,334447
rf,103,target,0.85,52461,1026,685692,476710
rf,103,target,0.9,41274,660,696879,477076
rf,103,target,0.95,3594,383,734559,477353
rf,103,target,0.975,292,2,737861,477734
rf,103,target,0.99,0,1,738153,477735
rf,103,target,0.995,0,1,738153,477735
rf,103,target,0.999,0,1,738153,477735
xgboost,103,source_heldout,0.05,84877,3157,152,1193
xgboost,103,source_heldout,0.1,83034,885,1995,3465
xgboost,103,source_heldout,0.15,82028,554,3001,3796
xgboost,103,source_heldout,0.2,81264,434,3765,3916
xgboost,103,source_heldout,0.25,80641,387,4388,3963
xgboost,103,source_heldout,0.3,79855,337,5174,4013
xgboost,103,source_heldout,0.35,79296,308,5733,4042
xgboost,103,source_heldout,0.4,78323,278,6706,4072
xgboost,103,source_heldout,0.45,78164,262,6865,4088
xgboost,103,source_heldout,0.5,77956,239,7073,4111
xgboost,103,source_heldout,0.55,77426,217,7603,4133
xgboost,103,source_heldout,0.6,77001,180,8028,4170
xgboost,103,source_heldout,0.65,76663,133,8366,4217
xgboost,103,source_heldout,0.7,75943,110,9086,4240
xgboost,103,source_heldout,0.75,75678,99,9351,4251
xgboost,103,source_heldout,0.8,75287,94,9742,4256
xgboost,103,source_heldout,0.85,75056,85,9973,4265
xgboost,103,source_heldout,0.9,74675,77,10354,4273
xgboost,103,source_heldout,0.95,74142,74,10887,4276
xgboost,103,source_heldout,0.975,73117,68,11912,4282
xgboost,103,source_heldout,0.99,71461,64,13568,4286
xgboost,103,source_heldout,0.995,70653,62,14376,4288
xgboost,103,source_heldout,0.999,59666,52,25363,4298
xgboost,103,target,0.05,707989,428709,30164,49027
xgboost,103,target,0.1,701499,311589,36654,166147
xgboost,103,target,0.15,635744,297177,102409,180559
xgboost,103,target,0.2,608900,292287,129253,185449
xgboost,103,target,0.25,601737,291228,136416,186508
xgboost,103,target,0.3,598424,290396,139729,187340
xgboost,103,target,0.35,596403,289660,141750,188076
xgboost,103,target,0.4,576312,288935,161841,188801
xgboost,103,target,0.45,573024,288664,165129,189072
xgboost,103,target,0.5,567825,288293,170328,189443
xgboost,103,target,0.55,556885,287831,181268,189905
xgboost,103,target,0.6,553372,287445,184781,190291
xgboost,103,target,0.65,552096,286537,186057,191199
xgboost,103,target,0.7,546234,283125,191919,194611
xgboost,103,target,0.75,503733,282807,234420,194929
xgboost,103,target,0.8,410766,272009,327387,205727
xgboost,103,target,0.85,256562,160472,481591,317264
xgboost,103,target,0.9,241698,150335,496455,327401
xgboost,103,target,0.95,229474,141610,508679,336126
xgboost,103,target,0.975,226414,141587,511739,336149
xgboost,103,target,0.99,0,0,738153,477736
xgboost,103,target,0.995,0,0,738153,477736
xgboost,103,target,0.999,0,0,738153,477736
hgb,103,source_heldout,0.05,84708,1443,321,2907
hgb,103,source_heldout,0.1,81478,846,3551,3504
hgb,103,source_heldout,0.15,80485,586,4544,3764
hgb,103,source_heldout,0.2,78918,505,6111,3845
hgb,103,source_heldout,0.25,78753,428,6276,3922
hgb,103,source_heldout,0.3,78561,380,6468,3970
hgb,103,source_heldout,0.35,78383,335,6646,4015
hgb,103,source_heldout,0.4,78285,326,6744,4024
hgb,103,source_heldout,0.45,78114,290,6915,4060
hgb,103,source_heldout,0.5,77862,236,7167,4114
hgb,103,source_heldout,0.55,77549,204,7480,4146
hgb,103,source_heldout,0.6,77279,175,7750,4175
hgb,103,source_heldout,0.65,76880,110,8149,4240
hgb,103,source_heldout,0.7,76387,103,8642,4247
hgb,103,source_heldout,0.75,76190,96,8839,4254
hgb,103,source_heldout,0.8,75247,87,9782,4263
hgb,103,source_heldout,0.85,74943,78,10086,4272
hgb,103,source_heldout,0.9,74314,72,10715,4278
hgb,103,source_heldout,0.95,73322,72,11707,4278
hgb,103,source_heldout,0.975,71773,70,13256,4280
hgb,103,source_heldout,0.99,70529,65,14500,4285
hgb,103,source_heldout,0.995,68905,62,16124,4288
hgb,103,source_heldout,0.999,52832,53,32197,4297
hgb,103,target,0.05,708252,435618,29901,42118
hgb,103,target,0.1,669051,323160,69102,154576
hgb,103,target,0.15,642637,314043,95516,163693
hgb,103,target,0.2,614686,306929,123467,170807
hgb,103,target,0.25,612310,299974,125843,177762
hgb,103,target,0.3,602344,298298,135809,179438
hgb,103,target,0.35,591304,297388,146849,180348
hgb,103,target,0.4,584497,296240,153656,181496
hgb,103,target,0.45,578888,294816,159265,182920
hgb,103,target,0.5,575590,293156,162563,184580
hgb,103,target,0.55,538126,292011,200027,185725
hgb,103,target,0.6,419087,176701,319066,301035
hgb,103,target,0.65,387116,176326,351037,301410
hgb,103,target,0.7,331503,164396,406650,313340
hgb,103,target,0.75,327989,163546,410164,314190
hgb,103,target,0.8,273726,161915,464427,315821
hgb,103,target,0.85,250426,142475,487727,335261
hgb,103,target,0.9,242557,142030,495596,335706
hgb,103,target,0.95,231509,141739,506644,335997
hgb,103,target,0.975,227489,141598,510664,336138
hgb,103,target,0.99,226395,141588,511758,336148
hgb,103,target,0.995,226395,141587,511758,336149
hgb,103,target,0.999,0,0,738153,477736
mlp,103,source_heldout,0.05,84751,1549,278,2801
mlp,103,source_heldout,0.1,84058,1091,971,3259
mlp,103,source_heldout,0.15,82737,735,2292,3615
mlp,103,source_heldout,0.2,80130,601,4899,3749
mlp,103,source_heldout,0.25,79928,542,5101,3808
mlp,103,source_heldout,0.3,79790,484,5239,3866
mlp,103,source_heldout,0.35,79569,431,5460,3919
mlp,103,source_heldout,0.4,79324,374,5705,3976
mlp,103,source_heldout,0.45,79084,344,5945,4006
mlp,103,source_heldout,0.5,78834,314,6195,4036
mlp,103,source_heldout,0.55,78535,267,6494,4083
mlp,103,source_heldout,0.6,78358,247,6671,4103
mlp,103,source_heldout,0.65,77903,154,7126,4196
mlp,103,source_heldout,0.7,77792,136,7237,4214
mlp,103,source_heldout,0.75,77538,124,7491,4226
mlp,103,source_heldout,0.8,77065,117,7964,4233
mlp,103,source_heldout,0.85,76285,109,8744,4241
mlp,103,source_heldout,0.9,75694,102,9335,4248
mlp,103,source_heldout,0.95,74613,91,10416,4259
mlp,103,source_heldout,0.975,68922,85,16107,4265
mlp,103,source_heldout,0.99,63309,71,21720,4279
mlp,103,source_heldout,0.995,58284,65,26745,4285
mlp,103,source_heldout,0.999,33433,59,51596,4291
mlp,103,target,0.05,692065,451574,46088,26162
mlp,103,target,0.1,655370,438655,82783,39081
mlp,103,target,0.15,616703,403549,121450,74187
mlp,103,target,0.2,616330,401374,121823,76362
mlp,103,target,0.25,596315,397677,141838,80059
mlp,103,target,0.3,596096,292678,142057,185058
mlp,103,target,0.35,593939,292610,144214,185126
mlp,103,target,0.4,591213,292537,146940,185199
mlp,103,target,0.45,587051,292482,151102,185254
mlp,103,target,0.5,583600,292420,154553,185316
mlp,103,target,0.55,579239,292146,158914,185590
mlp,103,target,0.6,573149,291490,165004,186246
mlp,103,target,0.65,572209,291359,165944,186377
mlp,103,target,0.7,570334,291182,167819,186554
mlp,103,target,0.75,566662,291021,171491,186715
mlp,103,target,0.8,558018,290887,180135,186849
mlp,103,target,0.85,467759,289975,270394,187761
mlp,103,target,0.9,423503,289199,314650,188537
mlp,103,target,0.95,227260,148704,510893,329032
mlp,103,target,0.975,226523,144436,511630,333300
mlp,103,target,0.99,226491,144321,511662,333415
mlp,103,target,0.995,226491,141588,511662,336148
mlp,103,target,0.999,226475,141587,511678,336149
majority,104,source_heldout,0.05,97763,1227,0,0
majority,104,source_heldout,0.1,97763,1227,0,0
majority,104,source_heldout,0.15,97763,1227,0,0
majority,104,source_heldout,0.2,97763,1227,0,0
majority,104,source_heldout,0.25,97763,1227,0,0
majority,104,source_heldout,0.3,97763,1227,0,0
majority,104,source_heldout,0.35,97763,1227,0,0
majority,104,source_heldout,0.4,97763,1227,0,0
majority,104,source_heldout,0.45,97763,1227,0,0
majority,104,source_heldout,0.5,97763,1227,0,0
majority,104,source_heldout,0.55,97763,1227,0,0
majority,104,source_heldout,0.6,97763,1227,0,0
majority,104,source_heldout,0.65,97763,1227,0,0
majority,104,source_heldout,0.7,97763,1227,0,0
majority,104,source_heldout,0.75,97763,1227,0,0
majority,104,source_heldout,0.8,97763,1227,0,0
majority,104,source_heldout,0.85,97763,1227,0,0
majority,104,source_heldout,0.9,97763,1227,0,0
majority,104,source_heldout,0.95,97763,1227,0,0
majority,104,source_heldout,0.975,97763,1227,0,0
majority,104,source_heldout,0.99,97763,1227,0,0
majority,104,source_heldout,0.995,97763,1227,0,0
majority,104,source_heldout,0.999,97763,1227,0,0
majority,104,target,0.05,738153,477736,0,0
majority,104,target,0.1,738153,477736,0,0
majority,104,target,0.15,738153,477736,0,0
majority,104,target,0.2,738153,477736,0,0
majority,104,target,0.25,738153,477736,0,0
majority,104,target,0.3,738153,477736,0,0
majority,104,target,0.35,738153,477736,0,0
majority,104,target,0.4,738153,477736,0,0
majority,104,target,0.45,738153,477736,0,0
majority,104,target,0.5,738153,477736,0,0
majority,104,target,0.55,738153,477736,0,0
majority,104,target,0.6,738153,477736,0,0
majority,104,target,0.65,738153,477736,0,0
majority,104,target,0.7,738153,477736,0,0
majority,104,target,0.75,738153,477736,0,0
majority,104,target,0.8,738153,477736,0,0
majority,104,target,0.85,738153,477736,0,0
majority,104,target,0.9,738153,477736,0,0
majority,104,target,0.95,738153,477736,0,0
majority,104,target,0.975,738153,477736,0,0
majority,104,target,0.99,738153,477736,0,0
majority,104,target,0.995,738153,477736,0,0
majority,104,target,0.999,738153,477736,0,0
stratified,104,source_heldout,0.05,90480,1138,7283,89
stratified,104,source_heldout,0.1,90480,1138,7283,89
stratified,104,source_heldout,0.15,90480,1138,7283,89
stratified,104,source_heldout,0.2,90480,1138,7283,89
stratified,104,source_heldout,0.25,90480,1138,7283,89
stratified,104,source_heldout,0.3,90480,1138,7283,89
stratified,104,source_heldout,0.35,90480,1138,7283,89
stratified,104,source_heldout,0.4,90480,1138,7283,89
stratified,104,source_heldout,0.45,90480,1138,7283,89
stratified,104,source_heldout,0.5,90480,1138,7283,89
stratified,104,source_heldout,0.55,90480,1138,7283,89
stratified,104,source_heldout,0.6,90480,1138,7283,89
stratified,104,source_heldout,0.65,90480,1138,7283,89
stratified,104,source_heldout,0.7,90480,1138,7283,89
stratified,104,source_heldout,0.75,90480,1138,7283,89
stratified,104,source_heldout,0.8,90480,1138,7283,89
stratified,104,source_heldout,0.85,90480,1138,7283,89
stratified,104,source_heldout,0.9,90480,1138,7283,89
stratified,104,source_heldout,0.95,90480,1138,7283,89
stratified,104,source_heldout,0.975,90480,1138,7283,89
stratified,104,source_heldout,0.99,90480,1138,7283,89
stratified,104,source_heldout,0.995,90480,1138,7283,89
stratified,104,source_heldout,0.999,90480,1138,7283,89
stratified,104,target,0.05,683410,442292,54743,35444
stratified,104,target,0.1,683410,442292,54743,35444
stratified,104,target,0.15,683410,442292,54743,35444
stratified,104,target,0.2,683410,442292,54743,35444
stratified,104,target,0.25,683410,442292,54743,35444
stratified,104,target,0.3,683410,442292,54743,35444
stratified,104,target,0.35,683410,442292,54743,35444
stratified,104,target,0.4,683410,442292,54743,35444
stratified,104,target,0.45,683410,442292,54743,35444
stratified,104,target,0.5,683410,442292,54743,35444
stratified,104,target,0.55,683410,442292,54743,35444
stratified,104,target,0.6,683410,442292,54743,35444
stratified,104,target,0.65,683410,442292,54743,35444
stratified,104,target,0.7,683410,442292,54743,35444
stratified,104,target,0.75,683410,442292,54743,35444
stratified,104,target,0.8,683410,442292,54743,35444
stratified,104,target,0.85,683410,442292,54743,35444
stratified,104,target,0.9,683410,442292,54743,35444
stratified,104,target,0.95,683410,442292,54743,35444
stratified,104,target,0.975,683410,442292,54743,35444
stratified,104,target,0.99,683410,442292,54743,35444
stratified,104,target,0.995,683410,442292,54743,35444
stratified,104,target,0.999,683410,442292,54743,35444
logreg,104,source_heldout,0.05,96835,1036,928,191
logreg,104,source_heldout,0.1,95484,882,2279,345
logreg,104,source_heldout,0.15,95159,814,2604,413
logreg,104,source_heldout,0.2,93293,517,4470,710
logreg,104,source_heldout,0.25,91673,450,6090,777
logreg,104,source_heldout,0.3,91247,422,6516,805
logreg,104,source_heldout,0.35,90771,401,6992,826
logreg,104,source_heldout,0.4,89115,334,8648,893
logreg,104,source_heldout,0.45,85954,311,11809,916
logreg,104,source_heldout,0.5,85353,286,12410,941
logreg,104,source_heldout,0.55,84885,246,12878,981
logreg,104,source_heldout,0.6,84524,240,13239,987
logreg,104,source_heldout,0.65,81275,229,16488,998
logreg,104,source_heldout,0.7,80472,208,17291,1019
logreg,104,source_heldout,0.75,78201,159,19562,1068
logreg,104,source_heldout,0.8,56189,110,41574,1117
logreg,104,source_heldout,0.85,55104,99,42659,1128
logreg,104,source_heldout,0.9,51103,78,46660,1149
logreg,104,source_heldout,0.95,4725,20,93038,1207
logreg,104,source_heldout,0.975,3056,14,94707,1213
logreg,104,source_heldout,0.99,1392,10,96371,1217
logreg,104,source_heldout,0.995,1187,9,96576,1218
logreg,104,source_heldout,0.999,754,8,97009,1219
logreg,104,target,0.05,516889,310363,221264,167373
logreg,104,target,0.1,483959,189405,254194,288331
logreg,104,target,0.15,248695,24364,489458,453372
logreg,104,target,0.2,237698,23522,500455,454214
logreg,104,target,0.25,232061,22427,506092,455309
logreg,104,target,0.3,226394,17622,511759,460114
logreg,104,target,0.35,223887,17026,514266,460710
logreg,104,target,0.4,220497,16745,517656,460991
logreg,104,target,0.45,219435,16515,518718,461221
logreg,104,target,0.5,218028,15938,520125,461798
logreg,104,target,0.55,216183,15494,521970,462242
logreg,104,target,0.6,213789,15302,524364,462434
logreg,104,target,0.65,172164,14774,565989,462962
logreg,104,target,0.7,167169,14161,570984,463575
logreg,104,target,0.75,110168,7833,627985,469903
logreg,104,target,0.8,57263,7225,680890,470511
logreg,104,target,0.85,47533,6647,690620,471089
logreg,104,target,0.9,41491,5266,696662,472470
logreg,104,target,0.95,18,4668,738135,473068
logreg,104,target,0.975,13,4558,738140,473178
logreg,104,target,0.99,11,4548,738142,473188
logreg,104,target,0.995,0,4547,738153,473189
logreg,104,target,0.999,0,4543,738153,473193
tree,104,source_heldout,0.05,75412,421,22351,806
tree,104,source_heldout,0.1,74092,289,23671,938
tree,104,source_heldout,0.15,73733,250,24030,977
tree,104,source_heldout,0.2,73725,248,24038,979
tree,104,source_heldout,0.25,73640,245,24123,982
tree,104,source_heldout,0.3,72493,175,25270,1052
tree,104,source_heldout,0.35,72475,175,25288,1052
tree,104,source_heldout,0.4,71627,172,26136,1055
tree,104,source_heldout,0.45,71623,168,26140,1059
tree,104,source_heldout,0.5,71621,168,26142,1059
tree,104,source_heldout,0.55,71270,136,26493,1091
tree,104,source_heldout,0.6,71270,136,26493,1091
tree,104,source_heldout,0.65,71217,136,26546,1091
tree,104,source_heldout,0.7,71217,136,26546,1091
tree,104,source_heldout,0.75,71217,136,26546,1091
tree,104,source_heldout,0.8,71170,124,26593,1103
tree,104,source_heldout,0.85,71170,124,26593,1103
tree,104,source_heldout,0.9,71170,124,26593,1103
tree,104,source_heldout,0.95,69206,117,28557,1110
tree,104,source_heldout,0.975,69009,117,28754,1110
tree,104,source_heldout,0.99,69009,117,28754,1110
tree,104,source_heldout,0.995,69009,117,28754,1110
tree,104,source_heldout,0.999,68204,117,29559,1110
tree,104,target,0.05,399821,287794,338332,189942
tree,104,target,0.1,377980,175143,360173,302593
tree,104,target,0.15,340879,169738,397274,307998
tree,104,target,0.2,340862,169698,397291,308038
tree,104,target,0.25,307982,168857,430171,308879
tree,104,target,0.3,307980,168855,430173,308881
tree,104,target,0.35,307977,168848,430176,308888
tree,104,target,0.4,307977,168826,430176,308910
tree,104,target,0.45,307977,168826,430176,308910
tree,104,target,0.5,307977,168826,430176,308910
tree,104,target,0.55,307949,168812,430204,308924
tree,104,target,0.6,307949,168812,430204,308924
tree,104,target,0.65,307948,168753,430205,308983
tree,104,target,0.7,307948,168753,430205,308983
tree,104,target,0.75,307948,168753,430205,308983
tree,104,target,0.8,307948,168753,430205,308983
tree,104,target,0.85,307948,168753,430205,308983
tree,104,target,0.9,307948,168753,430205,308983
tree,104,target,0.95,307943,168753,430210,308983
tree,104,target,0.975,307943,168595,430210,309141
tree,104,target,0.99,307943,168595,430210,309141
tree,104,target,0.995,307943,168595,430210,309141
tree,104,target,0.999,307943,168595,430210,309141
rf,104,source_heldout,0.05,94571,743,3192,484
rf,104,source_heldout,0.1,94414,623,3349,604
rf,104,source_heldout,0.15,93634,497,4129,730
rf,104,source_heldout,0.2,93429,409,4334,818
rf,104,source_heldout,0.25,79619,353,18144,874
rf,104,source_heldout,0.3,76617,305,21146,922
rf,104,source_heldout,0.35,76305,259,21458,968
rf,104,source_heldout,0.4,74998,225,22765,1002
rf,104,source_heldout,0.45,74270,203,23493,1024
rf,104,source_heldout,0.5,73105,188,24658,1039
rf,104,source_heldout,0.55,69861,150,27902,1077
rf,104,source_heldout,0.6,68487,118,29276,1109
rf,104,source_heldout,0.65,67935,83,29828,1144
rf,104,source_heldout,0.7,66268,63,31495,1164
rf,104,source_heldout,0.75,57994,54,39769,1173
rf,104,source_heldout,0.8,55961,31,41802,1196
rf,104,source_heldout,0.85,48349,21,49414,1206
rf,104,source_heldout,0.9,44131,8,53632,1219
rf,104,source_heldout,0.95,16035,3,81728,1224
rf,104,source_heldout,0.975,13535,2,84228,1225
rf,104,source_heldout,0.99,11126,0,86637,1227
rf,104,source_heldout,0.995,9675,0,88088,1227
rf,104,source_heldout,0.999,7234,0,90529,1227
rf,104,target,0.05,682023,476706,56130,1030
rf,104,target,0.1,681878,370824,56275,106912
rf,104,target,0.15,678075,365733,60078,112003
rf,104,target,0.2,630576,359951,107577,117785
rf,104,target,0.25,625471,334423,112682,143313
rf,104,target,0.3,596517,325821,141636,151915
rf,104,target,0.35,593195,322797,144958,154939
rf,104,target,0.4,552765,313265,185388,164471
rf,104,target,0.45,314211,167797,423942,309939
rf,104,target,0.5,299450,164215,438703,313521
rf,104,target,0.55,282237,157726,455916,320010
rf,104,target,0.6,240648,147616,497505,330120
rf,104,target,0.65,22830,1686,715323,476050
rf,104,target,0.7,9918,420,728235,477316
rf,104,target,0.75,3784,237,734369,477499
rf,104,target,0.8,1932,48,736221,477688
rf,104,target,0.85,1121,31,737032,477705
rf,104,target,0.9,588,14,737565,477722
rf,104,target,0.95,0,1,738153,477735
rf,104,target,0.975,0,1,738153,477735
rf,104,target,0.99,0,1,738153,477735
rf,104,target,0.995,0,0,738153,477736
rf,104,target,0.999,0,0,738153,477736
xgboost,104,source_heldout,0.05,92564,348,5199,879
xgboost,104,source_heldout,0.1,91362,253,6401,974
xgboost,104,source_heldout,0.15,88415,187,9348,1040
xgboost,104,source_heldout,0.2,78166,149,19597,1078
xgboost,104,source_heldout,0.25,74851,125,22912,1102
xgboost,104,source_heldout,0.3,74258,116,23505,1111
xgboost,104,source_heldout,0.35,73936,109,23827,1118
xgboost,104,source_heldout,0.4,73398,80,24365,1147
xgboost,104,source_heldout,0.45,72521,64,25242,1163
xgboost,104,source_heldout,0.5,72266,53,25497,1174
xgboost,104,source_heldout,0.55,72041,48,25722,1179
xgboost,104,source_heldout,0.6,71848,44,25915,1183
xgboost,104,source_heldout,0.65,71411,37,26352,1190
xgboost,104,source_heldout,0.7,68589,35,29174,1192
xgboost,104,source_heldout,0.75,64688,27,33075,1200
xgboost,104,source_heldout,0.8,64172,20,33591,1207
xgboost,104,source_heldout,0.85,62302,17,35461,1210
xgboost,104,source_heldout,0.9,57060,9,40703,1218
xgboost,104,source_heldout,0.95,28966,6,68797,1221
xgboost,104,source_heldout,0.975,23744,1,74019,1226
xgboost,104,source_heldout,0.99,21617,0,76146,1227
xgboost,104,source_heldout,0.995,15110,0,82653,1227
xgboost,104,source_heldout,0.999,11758,0,86005,1227
xgboost,104,target,0.05,557555,450815,180598,26921
xgboost,104,target,0.1,338896,186985,399257,290751
xgboost,104,target,0.15,324455,170561,413698,307175
xgboost,104,target,0.2,303226,156264,434927,321472
xgboost,104,target,0.25,289909,151244,448244,326492
xgboost,104,target,0.3,55006,7691,683147,470045
xgboost,104,target,0.35,52614,5917,685539,471819
xgboost,104,target,0.4,15649,4843,722504,472893
xgboost,104,target,0.45,14299,3548,723854,474188
xgboost,104,target,0.5,13119,2113,725034,475623
xgboost,104,target,0.55,10840,1240,727313,476496
xgboost,104,target,0.6,8220,615,729933,477121
xgboost,104,target,0.65,6596,536,731557,477200
xgboost,104,target,0.7,5049,387,733104,477349
xgboost,104,target,0.75,3324,284,734829,477452
xgboost,104,target,0.8,2294,111,735859,477625
xgboost,104,target,0.85,852,46,737301,477690
xgboost,104,target,0.9,21,12,738132,477724
xgboost,104,target,0.95,0,3,738153,477733
xgboost,104,target,0.975,0,0,738153,477736
xgboost,104,target,0.99,0,0,738153,477736
xgboost,104,target,0.995,0,0,738153,477736
xgboost,104,target,0.999,0,0,738153,477736
hgb,104,source_heldout,0.05,92632,391,5131,836
hgb,104,source_heldout,0.1,76311,272,21452,955
hgb,104,source_heldout,0.15,75510,213,22253,1014
hgb,104,source_heldout,0.2,75164,183,22599,1044
hgb,104,source_heldout,0.25,74960,164,22803,1063
hgb,104,source_heldout,0.3,74294,131,23469,1096
hgb,104,source_heldout,0.35,73354,119,24409,1108
hgb,104,source_heldout,0.4,73140,103,24623,1124
hgb,104,source_heldout,0.45,72844,92,24919,1135
hgb,104,source_heldout,0.5,72380,77,25383,1150
hgb,104,source_heldout,0.55,72074,63,25689,1164
hgb,104,source_heldout,0.6,71563,48,26200,1179
hgb,104,source_heldout,0.65,66354,34,31409,1193
hgb,104,source_heldout,0.7,50530,31,47233,1196
hgb,104,source_heldout,0.75,45191,23,52572,1204
hgb,104,source_heldout,0.8,44502,19,53261,1208
hgb,104,source_heldout,0.85,43277,13,54486,1214
hgb,104,source_heldout,0.9,39823,7,57940,1220
hgb,104,source_heldout,0.95,33179,5,64584,1222
hgb,104,source_heldout,0.975,32256,3,65507,1224
hgb,104,source_heldout,0.99,25156,1,72607,1226
hgb,104,source_heldout,0.995,20891,0,76872,1227
hgb,104,source_heldout,0.999,15740,0,82023,1227
hgb,104,target,0.05,637297,456289,100856,21447
hgb,104,target,0.1,514460,336803,223693,140933
hgb,104,target,0.15,260552,164344,477601,313392
hgb,104,target,0.2,95945,39544,642208,438192
hgb,104,target,0.25,88953,36019,649200,441717
hgb,104,target,0.3,83911,35209,654242,442527
hgb,104,target,0.35,34509,17840,703644,459896
hgb,104,target,0.4,32637,16892,705516,460844
hgb,104,target,0.45,30838,14718,707315,463018
hgb,104,target,0.5,22630,10952,715523,466784
hgb,104,target,0.55,13069,9335,725084,468401
hgb,104,target,0.6,10040,7173,728113,470563
hgb,104,target,0.65,7914,5730,730239,472006
hgb,104,target,0.7,4072,4153,734081,473583
hgb,104,target,0.75,3450,3136,734703,474600
hgb,104,target,0.8,2714,2309,735439,475427
hgb,104,target,0.85,1996,1317,736157,476419
hgb,104,target,0.9,670,217,737483,477519
hgb,104,target,0.95,49,38,738104,477698
hgb,104,target,0.975,0,11,738153,477725
hgb,104,target,0.99,0,8,738153,477728
hgb,104,target,0.995,0,0,738153,477736
hgb,104,target,0.999,0,0,738153,477736
mlp,104,source_heldout,0.05,96071,698,1692,529
mlp,104,source_heldout,0.1,95127,535,2636,692
mlp,104,source_heldout,0.15,94831,416,2932,811
mlp,104,source_heldout,0.2,94658,356,3105,871
mlp,104,source_heldout,0.25,94419,332,3344,895
mlp,104,source_heldout,0.3,93247,282,4516,945
mlp,104,source_heldout,0.35,90953,167,6810,1060
mlp,104,source_heldout,0.4,89938,139,7825,1088
mlp,104,source_heldout,0.45,89087,118,8676,1109
mlp,104,source_heldout,0.5,88209,108,9554,1119
mlp,104,source_heldout,0.55,87880,94,9883,1133
mlp,104,source_heldout,0.6,87472,81,10291,1146
mlp,104,source_heldout,0.65,87044,78,10719,1149
mlp,104,source_heldout,0.7,77563,61,20200,1166
mlp,104,source_heldout,0.75,71825,42,25938,1185
mlp,104,source_heldout,0.8,69862,36,27901,1191
mlp,104,source_heldout,0.85,65178,32,32585,1195
mlp,104,source_heldout,0.9,61869,28,35894,1199
mlp,104,source_heldout,0.95,60184,18,37579,1209
mlp,104,source_heldout,0.975,58497,10,39266,1217
mlp,104,source_heldout,0.99,45521,9,52242,1218
mlp,104,source_heldout,0.995,9408,9,88355,1218
mlp,104,source_heldout,0.999,1404,9,96359,1218
mlp,104,target,0.05,650705,458807,87448,18929
mlp,104,target,0.1,600462,439381,137691,38355
mlp,104,target,0.15,571995,431719,166158,46017
mlp,104,target,0.2,561140,405597,177013,72139
mlp,104,target,0.25,340948,260936,397205,216800
mlp,104,target,0.3,296286,259852,441867,217884
mlp,104,target,0.35,259173,258824,478980,218912
mlp,104,target,0.4,256256,258611,481897,219125
mlp,104,target,0.45,250293,153902,487860,323834
mlp,104,target,0.5,19265,5406,718888,472330
mlp,104,target,0.55,16232,5297,721921,472439
mlp,104,target,0.6,10060,5257,728093,472479
mlp,104,target,0.65,6709,5015,731444,472721
mlp,104,target,0.7,4686,4746,733467,472990
mlp,104,target,0.75,2917,4693,735236,473043
mlp,104,target,0.8,1468,4679,736685,473057
mlp,104,target,0.85,623,4658,737530,473078
mlp,104,target,0.9,100,4635,738053,473101
mlp,104,target,0.95,11,4601,738142,473135
mlp,104,target,0.975,10,4582,738143,473154
mlp,104,target,0.99,0,4551,738153,473185
mlp,104,target,0.995,0,4545,738153,473191
mlp,104,target,0.999,0,4543,738153,473193
majority,105,source_heldout,0.05,89098,99,0,0
majority,105,source_heldout,0.1,89098,99,0,0
majority,105,source_heldout,0.15,89098,99,0,0
majority,105,source_heldout,0.2,89098,99,0,0
majority,105,source_heldout,0.25,89098,99,0,0
majority,105,source_heldout,0.3,89098,99,0,0
majority,105,source_heldout,0.35,89098,99,0,0
majority,105,source_heldout,0.4,89098,99,0,0
majority,105,source_heldout,0.45,89098,99,0,0
majority,105,source_heldout,0.5,89098,99,0,0
majority,105,source_heldout,0.55,89098,99,0,0
majority,105,source_heldout,0.6,89098,99,0,0
majority,105,source_heldout,0.65,89098,99,0,0
majority,105,source_heldout,0.7,89098,99,0,0
majority,105,source_heldout,0.75,89098,99,0,0
majority,105,source_heldout,0.8,89098,99,0,0
majority,105,source_heldout,0.85,89098,99,0,0
majority,105,source_heldout,0.9,89098,99,0,0
majority,105,source_heldout,0.95,89098,99,0,0
majority,105,source_heldout,0.975,89098,99,0,0
majority,105,source_heldout,0.99,89098,99,0,0
majority,105,source_heldout,0.995,89098,99,0,0
majority,105,source_heldout,0.999,89098,99,0,0
majority,105,target,0.05,738153,477736,0,0
majority,105,target,0.1,738153,477736,0,0
majority,105,target,0.15,738153,477736,0,0
majority,105,target,0.2,738153,477736,0,0
majority,105,target,0.25,738153,477736,0,0
majority,105,target,0.3,738153,477736,0,0
majority,105,target,0.35,738153,477736,0,0
majority,105,target,0.4,738153,477736,0,0
majority,105,target,0.45,738153,477736,0,0
majority,105,target,0.5,738153,477736,0,0
majority,105,target,0.55,738153,477736,0,0
majority,105,target,0.6,738153,477736,0,0
majority,105,target,0.65,738153,477736,0,0
majority,105,target,0.7,738153,477736,0,0
majority,105,target,0.75,738153,477736,0,0
majority,105,target,0.8,738153,477736,0,0
majority,105,target,0.85,738153,477736,0,0
majority,105,target,0.9,738153,477736,0,0
majority,105,target,0.95,738153,477736,0,0
majority,105,target,0.975,738153,477736,0,0
majority,105,target,0.99,738153,477736,0,0
majority,105,target,0.995,738153,477736,0,0
majority,105,target,0.999,738153,477736,0,0
stratified,105,source_heldout,0.05,82315,91,6783,8
stratified,105,source_heldout,0.1,82315,91,6783,8
stratified,105,source_heldout,0.15,82315,91,6783,8
stratified,105,source_heldout,0.2,82315,91,6783,8
stratified,105,source_heldout,0.25,82315,91,6783,8
stratified,105,source_heldout,0.3,82315,91,6783,8
stratified,105,source_heldout,0.35,82315,91,6783,8
stratified,105,source_heldout,0.4,82315,91,6783,8
stratified,105,source_heldout,0.45,82315,91,6783,8
stratified,105,source_heldout,0.5,82315,91,6783,8
stratified,105,source_heldout,0.55,82315,91,6783,8
stratified,105,source_heldout,0.6,82315,91,6783,8
stratified,105,source_heldout,0.65,82315,91,6783,8
stratified,105,source_heldout,0.7,82315,91,6783,8
stratified,105,source_heldout,0.75,82315,91,6783,8
stratified,105,source_heldout,0.8,82315,91,6783,8
stratified,105,source_heldout,0.85,82315,91,6783,8
stratified,105,source_heldout,0.9,82315,91,6783,8
stratified,105,source_heldout,0.95,82315,91,6783,8
stratified,105,source_heldout,0.975,82315,91,6783,8
stratified,105,source_heldout,0.99,82315,91,6783,8
stratified,105,source_heldout,0.995,82315,91,6783,8
stratified,105,source_heldout,0.999,82315,91,6783,8
stratified,105,target,0.05,682265,441555,55888,36181
stratified,105,target,0.1,682265,441555,55888,36181
stratified,105,target,0.15,682265,441555,55888,36181
stratified,105,target,0.2,682265,441555,55888,36181
stratified,105,target,0.25,682265,441555,55888,36181
stratified,105,target,0.3,682265,441555,55888,36181
stratified,105,target,0.35,682265,441555,55888,36181
stratified,105,target,0.4,682265,441555,55888,36181
stratified,105,target,0.45,682265,441555,55888,36181
stratified,105,target,0.5,682265,441555,55888,36181
stratified,105,target,0.55,682265,441555,55888,36181
stratified,105,target,0.6,682265,441555,55888,36181
stratified,105,target,0.65,682265,441555,55888,36181
stratified,105,target,0.7,682265,441555,55888,36181
stratified,105,target,0.75,682265,441555,55888,36181
stratified,105,target,0.8,682265,441555,55888,36181
stratified,105,target,0.85,682265,441555,55888,36181
stratified,105,target,0.9,682265,441555,55888,36181
stratified,105,target,0.95,682265,441555,55888,36181
stratified,105,target,0.975,682265,441555,55888,36181
stratified,105,target,0.99,682265,441555,55888,36181
stratified,105,target,0.995,682265,441555,55888,36181
stratified,105,target,0.999,682265,441555,55888,36181
logreg,105,source_heldout,0.05,88981,58,117,41
logreg,105,source_heldout,0.1,88337,38,761,61
logreg,105,source_heldout,0.15,88304,28,794,71
logreg,105,source_heldout,0.2,87610,24,1488,75
logreg,105,source_heldout,0.25,86872,24,2226,75
logreg,105,source_heldout,0.3,86402,22,2696,77
logreg,105,source_heldout,0.35,86306,21,2792,78
logreg,105,source_heldout,0.4,86219,21,2879,78
logreg,105,source_heldout,0.45,86080,18,3018,81
logreg,105,source_heldout,0.5,82885,17,6213,82
logreg,105,source_heldout,0.55,82658,16,6440,83
logreg,105,source_heldout,0.6,82469,14,6629,85
logreg,105,source_heldout,0.65,82232,13,6866,86
logreg,105,source_heldout,0.7,81826,13,7272,86
logreg,105,source_heldout,0.75,59465,12,29633,87
logreg,105,source_heldout,0.8,58496,12,30602,87
logreg,105,source_heldout,0.85,54585,12,34513,87
logreg,105,source_heldout,0.9,50459,12,38639,87
logreg,105,source_heldout,0.95,3476,11,85622,88
logreg,105,source_heldout,0.975,2937,10,86161,89
logreg,105,source_heldout,0.99,1275,8,87823,91
logreg,105,source_heldout,0.995,915,8,88183,91
logreg,105,source_heldout,0.999,503,4,88595,95
logreg,105,target,0.05,700959,449322,37194,28414
logreg,105,target,0.1,513707,167476,224446,310260
logreg,105,target,0.15,243953,24215,494200,453521
logreg,105,target,0.2,233030,21980,505123,455756
logreg,105,target,0.25,230256,17937,507897,459799
logreg,105,target,0.3,224034,17730,514119,460006
logreg,105,target,0.35,220267,16809,517886,460927
logreg,105,target,0.4,218591,16545,519562,461191
logreg,105,target,0.45,218053,15870,520100,461866
logreg,105,target,0.5,215970,15403,522183,462333
logreg,105,target,0.55,213850,14917,524303,462819
logreg,105,target,0.6,188771,11181,549382,466555
logreg,105,target,0.65,168056,10432,570097,467304
logreg,105,target,0.7,135476,7988,602677,469748
logreg,105,target,0.75,107495,7351,630658,470385
logreg,105,target,0.8,49627,6654,688526,471082
logreg,105,target,0.85,44959,5266,693194,472470
logreg,105,target,0.9,46,4388,738107,473348
logreg,105,target,0.95,13,3518,738140,474218
logreg,105,target,0.975,11,2158,738142,475578
logreg,105,target,0.99,0,2,738153,477734
logreg,105,target,0.995,0,1,738153,477735
logreg,105,target,0.999,0,0,738153,477736
tree,105,source_heldout,0.05,72542,91,16556,8
tree,105,source_heldout,0.1,72063,60,17035,39
tree,105,source_heldout,0.15,67627,37,21471,62
tree,105,source_heldout,0.2,67602,34,21496,65
tree,105,source_heldout,0.25,64850,30,24248,69
tree,105,source_heldout,0.3,64698,30,24400,69
tree,105,source_heldout,0.35,64698,30,24400,69
tree,105,source_heldout,0.4,64695,27,24403,72
tree,105,source_heldout,0.45,64695,27,24403,72
tree,105,source_heldout,0.5,64695,27,24403,72
tree,105,source_heldout,0.55,64695,27,24403,72
tree,105,source_heldout,0.6,64256,27,24842,72
tree,105,source_heldout,0.65,64256,27,24842,72
tree,105,source_heldout,0.7,64256,27,24842,72
tree,105,source_heldout,0.75,64256,27,24842,72
tree,105,source_heldout,0.8,64256,27,24842,72
tree,105,source_heldout,0.85,63167,27,25931,72
tree,105,source_heldout,0.9,62954,27,26144,72
tree,105,source_heldout,0.95,62952,27,26146,72
tree,105,source_heldout,0.975,62952,27,26146,72
tree,105,source_heldout,0.99,61223,27,27875,72
tree,105,source_heldout,0.995,57222,27,31876,72
tree,105,source_heldout,0.999,57222,27,31876,72
tree,105,target,0.05,653601,446346,84552,31390
tree,105,target,0.1,644486,340635,93667,137101
tree,105,target,0.15,575637,326610,162516,151126
tree,105,target,0.2,555799,300240,182354,177496
tree,105,target,0.25,555112,299449,183041,178287
tree,105,target,0.3,555112,299449,183041,178287
tree,105,target,0.35,555111,299449,183042,178287
tree,105,target,0.4,555111,299388,183042,178348
tree,105,target,0.45,555111,299388,183042,178348
tree,105,target,0.5,555108,299385,183045,178351
tree,105,target,0.55,554999,299383,183154,178353
tree,105,target,0.6,554999,299383,183154,178353
tree,105,target,0.65,554999,299383,183154,178353
tree,105,target,0.7,554999,299383,183154,178353
tree,105,target,0.75,554999,299383,183154,178353
tree,105,target,0.8,554999,299383,183154,178353
tree,105,target,0.85,554999,299383,183154,178353
tree,105,target,0.9,554998,299181,183155,178555
tree,105,target,0.95,554998,299181,183155,178555
tree,105,target,0.975,554998,299181,183155,178555
tree,105,target,0.99,554998,299130,183155,178606
tree,105,target,0.995,554998,299130,183155,178606
tree,105,target,0.999,554998,299130,183155,178606
rf,105,source_heldout,0.05,89096,89,2,10
rf,105,source_heldout,0.1,89066,78,32,21
rf,105,source_heldout,0.15,89022,72,76,27
rf,105,source_heldout,0.2,88990,69,108,30
rf,105,source_heldout,0.25,88888,63,210,36
rf,105,source_heldout,0.3,74926,56,14172,43
rf,105,source_heldout,0.35,73175,54,15923,45
rf,105,source_heldout,0.4,72266,50,16832,49
rf,105,source_heldout,0.45,72198,49,16900,50
rf,105,source_heldout,0.5,72040,45,17058,54
rf,105,source_heldout,0.55,71776,41,17322,58
rf,105,source_heldout,0.6,71424,37,17674,62
rf,105,source_heldout,0.65,71042,35,18056,64
rf,105,source_heldout,0.7,69783,25,19315,74
rf,105,source_heldout,0.75,65858,17,23240,82
rf,105,source_heldout,0.8,59250,10,29848,89
rf,105,source_heldout,0.85,58827,9,30271,90
rf,105,source_heldout,0.9,52427,5,36671,94
rf,105,source_heldout,0.95,46508,2,42590,97
rf,105,source_heldout,0.975,30666,0,58432,99
rf,105,source_heldout,0.99,7849,0,81249,99
rf,105,source_heldout,0.995,7050,0,82048,99
rf,105,source_heldout,0.999,6059,0,83039,99
rf,105,target,0.05,738128,477320,25,416
rf,105,target,0.1,737743,476406,410,1330
rf,105,target,0.15,733707,475181,4446,2555
rf,105,target,0.2,704084,450685,34069,27051
rf,105,target,0.25,696920,344101,41233,133635
rf,105,target,0.3,618822,337144,119331,140592
rf,105,target,0.35,615514,330979,122639,146757
rf,105,target,0.4,610648,327368,127505,150368
rf,105,target,0.45,605059,317801,133094,159935
rf,105,target,0.5,593582,308183,144571,169553
rf,105,target,0.55,585272,297883,152881,179853
rf,105,target,0.6,578697,293829,159456,183907
rf,105,target,0.65,536381,291116,201772,186620
rf,105,target,0.7,519630,285541,218523,192195
rf,105,target,0.75,497547,282725,240606,195011
rf,105,target,0.8,454186,281734,283967,196002
rf,105,target,0.85,229209,141666,508944,336070
rf,105,target,0.9,14,40,738139,477696
rf,105,target,0.95,0,9,738153,477727
rf,105,target,0.975,0,3,738153,477733
rf,105,target,0.99,0,1,738153,477735
rf,105,target,0.995,0,1,738153,477735
rf,105,target,0.999,0,1,738153,477735
xgboost,105,source_heldout,0.05,89080,98,18,1
xgboost,105,source_heldout,0.1,88903,73,195,26
xgboost,105,source_heldout,0.15,87468,54,1630,45
xgboost,105,source_heldout,0.2,86689,43,2409,56
xgboost,105,source_heldout,0.25,85984,39,3114,60
xgboost,105,source_heldout,0.3,81680,29,7418,70
xgboost,105,source_heldout,0.35,78749,27,10349,72
xgboost,105,source_heldout,0.4,72755,26,16343,73
xgboost,105,source_heldout,0.45,72719,24,16379,75
xgboost,105,source_heldout,0.5,71989,23,17109,76
xgboost,105,source_heldout,0.55,71826,20,17272,79
xgboost,105,source_heldout,0.6,71603,16,17495,83
xgboost,105,source_heldout,0.65,71295,13,17803,86
xgboost,105,source_heldout,0.7,70939,13,18159,86
xgboost,105,source_heldout,0.75,70081,12,19017,87
xgboost,105,source_heldout,0.8,69006,10,20092,89
xgboost,105,source_heldout,0.85,66082,9,23016,90
xgboost,105,source_heldout,0.9,65615,6,23483,93
xgboost,105,source_heldout,0.95,64873,2,24225,97
xgboost,105,source_heldout,0.975,61656,0,27442,99
xgboost,105,source_heldout,0.99,29682,0,59416,99
xgboost,105,source_heldout,0.995,16329,0,72769,99
xgboost,105,source_heldout,0.999,11269,0,77829,99
xgboost,105,target,0.05,705575,465724,32578,12012
xgboost,105,target,0.1,700503,422830,37650,54906
xgboost,105,target,0.15,658427,299551,79726,178185
xgboost,105,target,0.2,582519,292227,155634,185509
xgboost,105,target,0.25,540415,289282,197738,188454
xgboost,105,target,0.3,525047,285262,213106,192474
xgboost,105,target,0.35,519023,284599,219130,193137
xgboost,105,target,0.4,518327,284163,219826,193573
xgboost,105,target,0.45,516436,283752,221717,193984
xgboost,105,target,0.5,514964,283522,223189,194214
xgboost,105,target,0.55,513187,283262,224966,194474
xgboost,105,target,0.6,478890,282999,259263,194737
xgboost,105,target,0.65,475467,282450,262686,195286
xgboost,105,target,0.7,474794,282174,263359,195562
xgboost,105,target,0.75,473796,282028,264357,195708
xgboost,105,target,0.8,246651,140324,491502,337412
xgboost,105,target,0.85,164768,101683,573385,376053
xgboost,105,target,0.9,49689,19774,688464,457962
xgboost,105,target,0.95,0,3,738153,477733
xgboost,105,target,0.975,0,0,738153,477736
xgboost,105,target,0.99,0,0,738153,477736
xgboost,105,target,0.995,0,0,738153,477736
xgboost,105,target,0.999,0,0,738153,477736
hgb,105,source_heldout,0.05,88626,97,472,2
hgb,105,source_heldout,0.1,74653,84,14445,15
hgb,105,source_heldout,0.15,72579,41,16519,58
hgb,105,source_heldout,0.2,72458,38,16640,61
hgb,105,source_heldout,0.25,72229,34,16869,65
hgb,105,source_heldout,0.3,72052,32,17046,67
hgb,105,source_heldout,0.35,71898,31,17200,68
hgb,105,source_heldout,0.4,71738,25,17360,74
hgb,105,source_heldout,0.45,71411,24,17687,75
hgb,105,source_heldout,0.5,71251,24,17847,75
hgb,105,source_heldout,0.55,71075,24,18023,75
hgb,105,source_heldout,0.6,70742,21,18356,78
hgb,105,source_heldout,0.65,70457,20,18641,79
hgb,105,source_heldout,0.7,69591,17,19507,82
hgb,105,source_heldout,0.75,69211,11,19887,88
hgb,105,source_heldout,0.8,68947,7,20151,92
hgb,105,source_heldout,0.85,67561,5,21537,94
hgb,105,source_heldout,0.9,66760,3,22338,96
hgb,105,source_heldout,0.95,62329,0,26769,99
hgb,105,source_heldout,0.975,59647,0,29451,99
hgb,105,source_heldout,0.99,27748,0,61350,99
hgb,105,source_heldout,0.995,24493,0,64605,99
hgb,105,source_heldout,0.999,12972,0,76126,99
hgb,105,target,0.05,705018,466949,33135,10787
hgb,105,target,0.1,693117,430333,45036,47403
hgb,105,target,0.15,589503,417611,148650,60125
hgb,105,target,0.2,571437,306087,166716,171649
hgb,105,target,0.25,541130,299414,197023,178322
hgb,105,target,0.3,539839,294807,198314,182929
hgb,105,target,0.35,534813,292426,203340,185310
hgb,105,target,0.4,532190,288594,205963,189142
hgb,105,target,0.45,530917,287535,207236,190201
hgb,105,target,0.5,529221,285901,208932,191835
hgb,105,target,0.55,526943,285264,211210,192472
hgb,105,target,0.6,524898,284761,213255,192975
hgb,105,target,0.65,524344,284382,213809,193354
hgb,105,target,0.7,518399,283848,219754,193888
hgb,105,target,0.75,511059,283246,227094,194490
hgb,105,target,0.8,508229,282662,229924,195074
hgb,105,target,0.85,309058,160127,429095,317609
hgb,105,target,0.9,144,245,738009,477491
hgb,105,target,0.95,16,5,738137,477731
hgb,105,target,0.975,16,0,738137,477736
hgb,105,target,0.99,16,0,738137,477736
hgb,105,target,0.995,0,0,738153,477736
hgb,105,target,0.999,0,0,738153,477736
mlp,105,source_heldout,0.05,89044,90,54,9
mlp,105,source_heldout,0.1,88957,67,141,32
mlp,105,source_heldout,0.15,88221,49,877,50
mlp,105,source_heldout,0.2,88152,38,946,61
mlp,105,source_heldout,0.25,88102,34,996,65
mlp,105,source_heldout,0.3,88028,31,1070,68
mlp,105,source_heldout,0.35,87911,30,1187,69
mlp,105,source_heldout,0.4,87701,23,1397,76
mlp,105,source_heldout,0.45,87540,16,1558,83
mlp,105,source_heldout,0.5,87377,16,1721,83
mlp,105,source_heldout,0.55,87217,16,1881,83
mlp,105,source_heldout,0.6,86938,16,2160,83
mlp,105,source_heldout,0.65,86504,16,2594,83
mlp,105,source_heldout,0.7,85153,15,3945,84
mlp,105,source_heldout,0.75,84336,11,4762,88
mlp,105,source_heldout,0.8,83618,11,5480,88
mlp,105,source_heldout,0.85,69511,11,19587,88
mlp,105,source_heldout,0.9,65927,10,23171,89
mlp,105,source_heldout,0.95,63999,9,25099,90
mlp,105,source_heldout,0.975,62872,9,26226,90
mlp,105,source_heldout,0.99,61606,8,27492,91
mlp,105,source_heldout,0.995,58278,7,30820,92
mlp,105,source_heldout,0.999,17383,7,71715,92
mlp,105,target,0.05,691541,451297,46612,26439
mlp,105,target,0.1,670464,333662,67689,144074
mlp,105,target,0.15,581928,297464,156225,180272
mlp,105,target,0.2,561829,291838,176324,185898
mlp,105,target,0.25,557444,291288,180709,186448
mlp,105,target,0.3,556272,288230,181881,189506
mlp,105,target,0.35,554993,288029,183160,189707
mlp,105,target,0.4,552867,287757,185286,189979
mlp,105,target,0.45,544742,287238,193411,190498
mlp,105,target,0.5,477886,287130,260267,190606
mlp,105,target,0.55,457009,270768,281144,206968
mlp,105,target,0.6,280550,147074,457603,330662
mlp,105,target,0.65,269226,147028,468927,330708
mlp,105,target,0.7,257221,146771,480932,330965
mlp,105,target,0.75,250835,146637,487318,331099
mlp,105,target,0.8,17466,4995,720687,472741
mlp,105,target,0.85,12514,4971,725639,472765
mlp,105,target,0.9,5972,4615,732181,473121
mlp,105,target,0.95,1640,4548,736513,473188
mlp,105,target,0.975,1,4543,738152,473193
mlp,105,target,0.99,0,4543,738153,473193
mlp,105,target,0.995,0,4543,738153,473193
mlp,105,target,0.999,0,4543,738153,473193
majority,106,source_heldout,0.05,84344,3451,0,0
majority,106,source_heldout,0.1,84344,3451,0,0
majority,106,source_heldout,0.15,84344,3451,0,0
majority,106,source_heldout,0.2,84344,3451,0,0
majority,106,source_heldout,0.25,84344,3451,0,0
majority,106,source_heldout,0.3,84344,3451,0,0
majority,106,source_heldout,0.35,84344,3451,0,0
majority,106,source_heldout,0.4,84344,3451,0,0
majority,106,source_heldout,0.45,84344,3451,0,0
majority,106,source_heldout,0.5,84344,3451,0,0
majority,106,source_heldout,0.55,84344,3451,0,0
majority,106,source_heldout,0.6,84344,3451,0,0
majority,106,source_heldout,0.65,84344,3451,0,0
majority,106,source_heldout,0.7,84344,3451,0,0
majority,106,source_heldout,0.75,84344,3451,0,0
majority,106,source_heldout,0.8,84344,3451,0,0
majority,106,source_heldout,0.85,84344,3451,0,0
majority,106,source_heldout,0.9,84344,3451,0,0
majority,106,source_heldout,0.95,84344,3451,0,0
majority,106,source_heldout,0.975,84344,3451,0,0
majority,106,source_heldout,0.99,84344,3451,0,0
majority,106,source_heldout,0.995,84344,3451,0,0
majority,106,source_heldout,0.999,84344,3451,0,0
majority,106,target,0.05,738153,477736,0,0
majority,106,target,0.1,738153,477736,0,0
majority,106,target,0.15,738153,477736,0,0
majority,106,target,0.2,738153,477736,0,0
majority,106,target,0.25,738153,477736,0,0
majority,106,target,0.3,738153,477736,0,0
majority,106,target,0.35,738153,477736,0,0
majority,106,target,0.4,738153,477736,0,0
majority,106,target,0.45,738153,477736,0,0
majority,106,target,0.5,738153,477736,0,0
majority,106,target,0.55,738153,477736,0,0
majority,106,target,0.6,738153,477736,0,0
majority,106,target,0.65,738153,477736,0,0
majority,106,target,0.7,738153,477736,0,0
majority,106,target,0.75,738153,477736,0,0
majority,106,target,0.8,738153,477736,0,0
majority,106,target,0.85,738153,477736,0,0
majority,106,target,0.9,738153,477736,0,0
majority,106,target,0.95,738153,477736,0,0
majority,106,target,0.975,738153,477736,0,0
majority,106,target,0.99,738153,477736,0,0
majority,106,target,0.995,738153,477736,0,0
majority,106,target,0.999,738153,477736,0,0
stratified,106,source_heldout,0.05,79262,3263,5082,188
stratified,106,source_heldout,0.1,79262,3263,5082,188
stratified,106,source_heldout,0.15,79262,3263,5082,188
stratified,106,source_heldout,0.2,79262,3263,5082,188
stratified,106,source_heldout,0.25,79262,3263,5082,188
stratified,106,source_heldout,0.3,79262,3263,5082,188
stratified,106,source_heldout,0.35,79262,3263,5082,188
stratified,106,source_heldout,0.4,79262,3263,5082,188
stratified,106,source_heldout,0.45,79262,3263,5082,188
stratified,106,source_heldout,0.5,79262,3263,5082,188
stratified,106,source_heldout,0.55,79262,3263,5082,188
stratified,106,source_heldout,0.6,79262,3263,5082,188
stratified,106,source_heldout,0.65,79262,3263,5082,188
stratified,106,source_heldout,0.7,79262,3263,5082,188
stratified,106,source_heldout,0.75,79262,3263,5082,188
stratified,106,source_heldout,0.8,79262,3263,5082,188
stratified,106,source_heldout,0.85,79262,3263,5082,188
stratified,106,source_heldout,0.9,79262,3263,5082,188
stratified,106,source_heldout,0.95,79262,3263,5082,188
stratified,106,source_heldout,0.975,79262,3263,5082,188
stratified,106,source_heldout,0.99,79262,3263,5082,188
stratified,106,source_heldout,0.995,79262,3263,5082,188
stratified,106,source_heldout,0.999,79262,3263,5082,188
stratified,106,target,0.05,693937,449038,44216,28698
stratified,106,target,0.1,693937,449038,44216,28698
stratified,106,target,0.15,693937,449038,44216,28698
stratified,106,target,0.2,693937,449038,44216,28698
stratified,106,target,0.25,693937,449038,44216,28698
stratified,106,target,0.3,693937,449038,44216,28698
stratified,106,target,0.35,693937,449038,44216,28698
stratified,106,target,0.4,693937,449038,44216,28698
stratified,106,target,0.45,693937,449038,44216,28698
stratified,106,target,0.5,693937,449038,44216,28698
stratified,106,target,0.55,693937,449038,44216,28698
stratified,106,target,0.6,693937,449038,44216,28698
stratified,106,target,0.65,693937,449038,44216,28698
stratified,106,target,0.7,693937,449038,44216,28698
stratified,106,target,0.75,693937,449038,44216,28698
stratified,106,target,0.8,693937,449038,44216,28698
stratified,106,target,0.85,693937,449038,44216,28698
stratified,106,target,0.9,693937,449038,44216,28698
stratified,106,target,0.95,693937,449038,44216,28698
stratified,106,target,0.975,693937,449038,44216,28698
stratified,106,target,0.99,693937,449038,44216,28698
stratified,106,target,0.995,693937,449038,44216,28698
stratified,106,target,0.999,693937,449038,44216,28698
logreg,106,source_heldout,0.05,83349,3102,995,349
logreg,106,source_heldout,0.1,82188,2830,2156,621
logreg,106,source_heldout,0.15,81671,2519,2673,932
logreg,106,source_heldout,0.2,80203,2100,4141,1351
logreg,106,source_heldout,0.25,79737,1904,4607,1547
logreg,106,source_heldout,0.3,77956,1054,6388,2397
logreg,106,source_heldout,0.35,77295,785,7049,2666
logreg,106,source_heldout,0.4,76822,754,7522,2697
logreg,106,source_heldout,0.45,76552,724,7792,2727
logreg,106,source_heldout,0.5,76215,703,8129,2748
logreg,106,source_heldout,0.55,75747,669,8597,2782
logreg,106,source_heldout,0.6,69763,509,14581,2942
logreg,106,source_heldout,0.65,55477,487,28867,2964
logreg,106,source_heldout,0.7,55147,460,29197,2991
logreg,106,source_heldout,0.75,54602,164,29742,3287
logreg,106,source_heldout,0.8,54103,150,30241,3301
logreg,106,source_heldout,0.85,52647,69,31697,3382
logreg,106,source_heldout,0.9,47100,37,37244,3414
logreg,106,source_heldout,0.95,12561,25,71783,3426
logreg,106,source_heldout,0.975,9093,14,75251,3437
logreg,106,source_heldout,0.99,3223,11,81121,3440
logreg,106,source_heldout,0.995,3160,10,81184,3441
logreg,106,source_heldout,0.999,2882,6,81462,3445
logreg,106,target,0.05,561794,283258,176359,194478
logreg,106,target,0.1,257539,21198,480614,456538
logreg,106,target,0.15,244380,20296,493773,457440
logreg,106,target,0.2,233874,15234,504279,462502
logreg,106,target,0.25,230686,13994,507467,463742
logreg,106,target,0.3,230100,13638,508053,464098
logreg,106,target,0.35,224172,12992,513981,464744
logreg,106,target,0.4,221249,12056,516904,465680
logreg,106,target,0.45,218563,11741,519590,465995
logreg,106,target,0.5,217095,11111,521058,466625
logreg,106,target,0.55,216267,10982,521886,466754
logreg,106,target,0.6,178060,10428,560093,467308
logreg,106,target,0.65,130788,6097,607365,471639
logreg,106,target,0.7,90312,3860,647841,473876
logreg,106,target,0.75,70942,2842,667211,474894
logreg,106,target,0.8,51368,2497,686785,475239
logreg,106,target,0.85,48296,1859,689857,475877
logreg,106,target,0.9,46178,1169,691975,476567
logreg,106,target,0.95,42,36,738111,477700
logreg,106,target,0.975,11,12,738142,477724
logreg,106,target,0.99,0,4,738153,477732
logreg,106,target,0.995,0,2,738153,477734
logreg,106,target,0.999,0,0,738153,477736
tree,106,source_heldout,0.05,82726,2391,1618,1060
tree,106,source_heldout,0.1,81542,1656,2802,1795
tree,106,source_heldout,0.15,79066,1301,5278,2150
tree,106,source_heldout,0.2,78734,1139,5610,2312
tree,106,source_heldout,0.25,78599,1136,5745,2315
tree,106,source_heldout,0.3,78550,1130,5794,2321
tree,106,source_heldout,0.35,78453,1111,5891,2340
tree,106,source_heldout,0.4,76921,1097,7423,2354
tree,106,source_heldout,0.45,76909,1097,7435,2354
tree,106,source_heldout,0.5,76653,1087,7691,2364
tree,106,source_heldout,0.55,76591,1083,7753,2368
tree,106,source_heldout,0.6,76591,1083,7753,2368
tree,106,source_heldout,0.65,76551,1083,7793,2368
tree,106,source_heldout,0.7,76389,1051,7955,2400
tree,106,source_heldout,0.75,76264,1037,8080,2414
tree,106,source_heldout,0.8,76254,1037,8090,2414
tree,106,source_heldout,0.85,76254,1037,8090,2414
tree,106,source_heldout,0.9,76254,1037,8090,2414
tree,106,source_heldout,0.95,76254,1037,8090,2414
tree,106,source_heldout,0.975,76254,1037,8090,2414
tree,106,source_heldout,0.99,76254,1037,8090,2414
tree,106,source_heldout,0.995,55059,1024,29285,2427
tree,106,source_heldout,0.999,55059,1024,29285,2427
tree,106,target,0.05,645047,346054,93106,131682
tree,106,target,0.1,600777,337754,137376,139982
tree,106,target,0.15,575981,326416,162172,151320
tree,106,target,0.2,541919,325042,196234,152694
tree,106,target,0.25,541919,325042,196234,152694
tree,106,target,0.3,541918,325042,196235,152694
tree,106,target,0.35,541918,324959,196235,152777
tree,106,target,0.4,511927,324948,226226,152788
tree,106,target,0.45,511927,324948,226226,152788
tree,106,target,0.5,511927,324948,226226,152788
tree,106,target,0.55,511927,324948,226226,152788
tree,106,target,0.6,511927,324948,226226,152788
tree,106,target,0.65,511927,324948,226226,152788
tree,106,target,0.7,511847,302105,226306,175631
tree,106,target,0.75,511847,302105,226306,175631
tree,106,target,0.8,511847,302105,226306,175631
tree,106,target,0.85,511847,302105,226306,175631
tree,106,target,0.9,511847,302105,226306,175631
tree,106,target,0.95,511847,302105,226306,175631
tree,106,target,0.975,511847,302105,226306,175631
tree,106,target,0.99,511847,302105,226306,175631
tree,106,target,0.995,511847,302105,226306,175631
tree,106,target,0.999,511847,302105,226306,175631
rf,106,source_heldout,0.05,84213,2866,131,585
rf,106,source_heldout,0.1,84069,2628,275,823
rf,106,source_heldout,0.15,83878,2384,466,1067
rf,106,source_heldout,0.2,82804,2146,1540,1305
rf,106,source_heldout,0.25,82160,1970,2184,1481
rf,106,source_heldout,0.3,81981,1872,2363,1579
rf,106,source_heldout,0.35,81792,1744,2552,1707
rf,106,source_heldout,0.4,81584,1626,2760,1825
rf,106,source_heldout,0.45,81357,1545,2987,1906
rf,106,source_heldout,0.5,81068,1491,3276,1960
rf,106,source_heldout,0.55,80721,1402,3623,2049
rf,106,source_heldout,0.6,80222,1305,4122,2146
rf,106,source_heldout,0.65,79385,1213,4959,2238
rf,106,source_heldout,0.7,77807,1126,6537,2325
rf,106,source_heldout,0.75,75780,249,8564,3202
rf,106,source_heldout,0.8,75348,162,8996,3289
rf,106,source_heldout,0.85,74821,101,9523,3350
rf,106,source_heldout,0.9,74242,78,10102,3373
rf,106,source_heldout,0.95,72730,60,11614,3391
rf,106,source_heldout,0.975,68229,48,16115,3403
rf,106,source_heldout,0.99,61301,44,23043,3407
rf,106,source_heldout,0.995,60746,27,23598,3424
rf,106,source_heldout,0.999,59518,11,24826,3440
rf,106,target,0.05,738106,477130,47,606
rf,106,target,0.1,701867,371766,36286,105970
rf,106,target,0.15,681924,369981,56229,107755
rf,106,target,0.2,677299,368240,60854,109496
rf,106,target,0.25,660227,344372,77926,133364
rf,106,target,0.3,654958,342572,83195,135164
rf,106,target,0.35,653695,340944,84458,136792
rf,106,target,0.4,633371,336133,104782,141603
rf,106,target,0.45,631682,329701,106471,148035
rf,106,target,0.5,628597,322913,109556,154823
rf,106,target,0.55,622782,318453,115371,159283
rf,106,target,0.6,617144,305867,121009,171869
rf,106,target,0.65,578332,298400,159821,179336
rf,106,target,0.7,571805,292834,166348,184902
rf,106,target,0.75,563111,289953,175042,187783
rf,106,target,0.8,546543,287757,191610,189979
rf,106,target,0.85,527700,286791,210453,190945
rf,106,target,0.9,507005,286198,231148,191538
rf,106,target,0.95,186030,144080,552123,333656
rf,106,target,0.975,32,4070,738121,473666
rf,106,target,0.99,16,9,738137,477727
rf,106,target,0.995,0,6,738153,477730
rf,106,target,0.999,0,0,738153,477736
xgboost,106,source_heldout,0.05,83847,2294,497,1157
xgboost,106,source_heldout,0.1,82878,1661,1466,1790
xgboost,106,source_heldout,0.15,82114,1395,2230,2056
xgboost,106,source_heldout,0.2,81412,1295,2932,2156
xgboost,106,source_heldout,0.25,80052,1233,4292,2218
xgboost,106,source_heldout,0.3,79548,1168,4796,2283
xgboost,106,source_heldout,0.35,79133,859,5211,2592
xgboost,106,source_heldout,0.4,77525,826,6819,2625
xgboost,106,source_heldout,0.45,76907,784,7437,2667
xgboost,106,source_heldout,0.5,76500,745,7844,2706
xgboost,106,source_heldout,0.55,75212,211,9132,3240
xgboost,106,source_heldout,0.6,74800,163,9544,3288
xgboost,106,source_heldout,0.65,74629,152,9715,3299
xgboost,106,source_heldout,0.7,74130,114,10214,3337
xgboost,106,source_heldout,0.75,72895,84,11449,3367
xgboost,106,source_heldout,0.8,72708,75,11636,3376
xgboost,106,source_heldout,0.85,72157,61,12187,3390
xgboost,106,source_heldout,0.9,71717,41,12627,3410
xgboost,106,source_heldout,0.95,71089,34,13255,3417
xgboost,106,source_heldout,0.975,70218,33,14126,3418
xgboost,106,source_heldout,0.99,67138,32,17206,3419
xgboost,106,source_heldout,0.995,65519,31,18825,3420
xgboost,106,source_heldout,0.999,48369,14,35975,3437
xgboost,106,target,0.05,694370,460339,43783,17397
xgboost,106,target,0.1,667970,425320,70183,52416
xgboost,106,target,0.15,622104,415087,116049,62649
xgboost,106,target,0.2,618027,304587,120126,173149
xgboost,106,target,0.25,614408,303151,123745,174585
xgboost,106,target,0.3,609758,301827,128395,175909
xgboost,106,target,0.35,606772,301013,131381,176723
xgboost,106,target,0.4,600966,297255,137187,180481
xgboost,106,target,0.45,594500,296558,143653,181178
xgboost,106,target,0.5,589811,296126,148342,181610
xgboost,106,target,0.55,585617,294773,152536,182963
xgboost,106,target,0.6,579043,293261,159110,184475
xgboost,106,target,0.65,543230,292037,194923,185699
xgboost,106,target,0.7,540002,291672,198151,186064
xgboost,106,target,0.75,534936,291307,203217,186429
xgboost,106,target,0.8,507483,290915,230670,186821
xgboost,106,target,0.85,501739,290630,236414,187106
xgboost,106,target,0.9,492763,289973,245390,187763
xgboost,106,target,0.95,253349,141082,484804,336654
xgboost,106,target,0.975,217224,140003,520929,337733
xgboost,106,target,0.99,0,0,738153,477736
xgboost,106,target,0.995,0,0,738153,477736
xgboost,106,target,0.999,0,0,738153,477736
hgb,106,source_heldout,0.05,84116,2557,228,894
hgb,106,source_heldout,0.1,82884,1747,1460,1704
hgb,106,source_heldout,0.15,82326,1476,2018,1975
hgb,106,source_heldout,0.2,81693,1337,2651,2114
hgb,106,source_heldout,0.25,81252,1248,3092,2203
hgb,106,source_heldout,0.3,80224,1170,4120,2281
hgb,106,source_heldout,0.35,77731,622,6613,2829
hgb,106,source_heldout,0.4,77151,324,7193,3127
hgb,106,source_heldout,0.45,76775,300,7569,3151
hgb,106,source_heldout,0.5,76015,241,8329,3210
hgb,106,source_heldout,0.55,75657,176,8687,3275
hgb,106,source_heldout,0.6,75501,165,8843,3286
hgb,106,source_heldout,0.65,75364,147,8980,3304
hgb,106,source_heldout,0.7,75032,135,9312,3316
hgb,106,source_heldout,0.75,74876,110,9468,3341
hgb,106,source_heldout,0.8,73461,89,10883,3362
hgb,106,source_heldout,0.85,72630,72,11714,3379
hgb,106,source_heldout,0.9,72000,49,12344,3402
hgb,106,source_heldout,0.95,70800,29,13544,3422
hgb,106,source_heldout,0.975,69151,27,15193,3424
hgb,106,source_heldout,0.99,61238,20,23106,3431
hgb,106,source_heldout,0.995,54349,19,29995,3432
hgb,106,source_heldout,0.999,39634,10,44710,3441
hgb,106,target,0.05,683708,461477,54445,16259
hgb,106,target,0.1,643789,323184,94364,154552
hgb,106,target,0.15,614756,312270,123397,165466
hgb,106,target,0.2,603216,308059,134937,169677
hgb,106,target,0.25,594095,305032,144058,172704
hgb,106,target,0.3,591076,303657,147077,174079
hgb,106,target,0.35,589571,302070,148582,175666
hgb,106,target,0.4,583812,297530,154341,180206
hgb,106,target,0.45,581027,296735,157126,181001
hgb,106,target,0.5,577769,296211,160384,181525
hgb,106,target,0.55,574734,296005,163419,181731
hgb,106,target,0.6,572195,295436,165958,182300
hgb,106,target,0.65,570219,294250,167934,183486
hgb,106,target,0.7,566565,293879,171588,183857
hgb,106,target,0.75,562101,292554,176052,185182
hgb,106,target,0.8,525224,291431,212929,186305
hgb,106,target,0.85,513937,291124,224216,186612
hgb,106,target,0.9,501709,290801,236444,186935
hgb,106,target,0.95,246726,140923,491427,336813
hgb,106,target,0.975,174446,131309,563707,346427
hgb,106,target,0.99,3,111,738150,477625
hgb,106,target,0.995,0,0,738153,477736
hgb,106,target,0.999,0,0,738153,477736
mlp,106,source_heldout,0.05,83753,2370,591,1081
mlp,106,source_heldout,0.1,82507,1801,1837,1650
mlp,106,source_heldout,0.15,81656,1336,2688,2115
mlp,106,source_heldout,0.2,81099,1262,3245,2189
mlp,106,source_heldout,0.25,79547,966,4797,2485
mlp,106,source_heldout,0.3,77003,344,7341,3107
mlp,106,source_heldout,0.35,76907,326,7437,3125
mlp,106,source_heldout,0.4,76778,289,7566,3162
mlp,106,source_heldout,0.45,76596,264,7748,3187
mlp,106,source_heldout,0.5,76483,254,7861,3197
mlp,106,source_heldout,0.55,76132,211,8212,3240
mlp,106,source_heldout,0.6,75500,156,8844,3295
mlp,106,source_heldout,0.65,75079,130,9265,3321
mlp,106,source_heldout,0.7,74522,119,9822,3332
mlp,106,source_heldout,0.75,74067,114,10277,3337
mlp,106,source_heldout,0.8,73697,97,10647,3354
mlp,106,source_heldout,0.85,73187,74,11157,3377
mlp,106,source_heldout,0.9,72784,57,11560,3394
mlp,106,source_heldout,0.95,71819,38,12525,3413
mlp,106,source_heldout,0.975,71008,27,13336,3424
mlp,106,source_heldout,0.99,66734,20,17610,3431
mlp,106,source_heldout,0.995,66243,18,18101,3433
mlp,106,source_heldout,0.999,60880,11,23464,3440
mlp,106,target,0.05,692992,443789,45161,33947
mlp,106,target,0.1,691215,441737,46938,35999
mlp,106,target,0.15,632917,409237,105236,68499
mlp,106,target,0.2,596056,408637,142097,69099
mlp,106,target,0.25,594296,299828,143857,177908
mlp,106,target,0.3,593437,295521,144716,182215
mlp,106,target,0.35,592598,294479,145555,183257
mlp,106,target,0.4,590402,291855,147751,185881
mlp,106,target,0.45,586534,291715,151619,186021
mlp,106,target,0.5,584188,291307,153965,186429
mlp,106,target,0.55,550090,290998,188063,186738
mlp,106,target,0.6,548728,290938,189425,186798
mlp,106,target,0.65,547138,290845,191015,186891
mlp,106,target,0.7,546164,290248,191989,187488
mlp,106,target,0.75,544298,290194,193855,187542
mlp,106,target,0.8,538411,290135,199742,187601
mlp,106,target,0.85,523495,289927,214658,187809
mlp,106,target,0.9,514963,289487,223190,188249
mlp,106,target,0.95,513886,288932,224267,188804
mlp,106,target,0.975,498132,288540,240021,189196
mlp,106,target,0.99,450577,288353,287576,189383
mlp,106,target,0.995,231874,148384,506279,329352
mlp,106,target,0.999,0,1,738153,477735
majority,107,source_heldout,0.05,88603,19,0,0
majority,107,source_heldout,0.1,88603,19,0,0
majority,107,source_heldout,0.15,88603,19,0,0
majority,107,source_heldout,0.2,88603,19,0,0
majority,107,source_heldout,0.25,88603,19,0,0
majority,107,source_heldout,0.3,88603,19,0,0
majority,107,source_heldout,0.35,88603,19,0,0
majority,107,source_heldout,0.4,88603,19,0,0
majority,107,source_heldout,0.45,88603,19,0,0
majority,107,source_heldout,0.5,88603,19,0,0
majority,107,source_heldout,0.55,88603,19,0,0
majority,107,source_heldout,0.6,88603,19,0,0
majority,107,source_heldout,0.65,88603,19,0,0
majority,107,source_heldout,0.7,88603,19,0,0
majority,107,source_heldout,0.75,88603,19,0,0
majority,107,source_heldout,0.8,88603,19,0,0
majority,107,source_heldout,0.85,88603,19,0,0
majority,107,source_heldout,0.9,88603,19,0,0
majority,107,source_heldout,0.95,88603,19,0,0
majority,107,source_heldout,0.975,88603,19,0,0
majority,107,source_heldout,0.99,88603,19,0,0
majority,107,source_heldout,0.995,88603,19,0,0
majority,107,source_heldout,0.999,88603,19,0,0
majority,107,target,0.05,738153,477736,0,0
majority,107,target,0.1,738153,477736,0,0
majority,107,target,0.15,738153,477736,0,0
majority,107,target,0.2,738153,477736,0,0
majority,107,target,0.25,738153,477736,0,0
majority,107,target,0.3,738153,477736,0,0
majority,107,target,0.35,738153,477736,0,0
majority,107,target,0.4,738153,477736,0,0
majority,107,target,0.45,738153,477736,0,0
majority,107,target,0.5,738153,477736,0,0
majority,107,target,0.55,738153,477736,0,0
majority,107,target,0.6,738153,477736,0,0
majority,107,target,0.65,738153,477736,0,0
majority,107,target,0.7,738153,477736,0,0
majority,107,target,0.75,738153,477736,0,0
majority,107,target,0.8,738153,477736,0,0
majority,107,target,0.85,738153,477736,0,0
majority,107,target,0.9,738153,477736,0,0
majority,107,target,0.95,738153,477736,0,0
majority,107,target,0.975,738153,477736,0,0
majority,107,target,0.99,738153,477736,0,0
majority,107,target,0.995,738153,477736,0,0
majority,107,target,0.999,738153,477736,0,0
stratified,107,source_heldout,0.05,81888,18,6715,1
stratified,107,source_heldout,0.1,81888,18,6715,1
stratified,107,source_heldout,0.15,81888,18,6715,1
stratified,107,source_heldout,0.2,81888,18,6715,1
stratified,107,source_heldout,0.25,81888,18,6715,1
stratified,107,source_heldout,0.3,81888,18,6715,1
stratified,107,source_heldout,0.35,81888,18,6715,1
stratified,107,source_heldout,0.4,81888,18,6715,1
stratified,107,source_heldout,0.45,81888,18,6715,1
stratified,107,source_heldout,0.5,81888,18,6715,1
stratified,107,source_heldout,0.55,81888,18,6715,1
stratified,107,source_heldout,0.6,81888,18,6715,1
stratified,107,source_heldout,0.65,81888,18,6715,1
stratified,107,source_heldout,0.7,81888,18,6715,1
stratified,107,source_heldout,0.75,81888,18,6715,1
stratified,107,source_heldout,0.8,81888,18,6715,1
stratified,107,source_heldout,0.85,81888,18,6715,1
stratified,107,source_heldout,0.9,81888,18,6715,1
stratified,107,source_heldout,0.95,81888,18,6715,1
stratified,107,source_heldout,0.975,81888,18,6715,1
stratified,107,source_heldout,0.99,81888,18,6715,1
stratified,107,source_heldout,0.995,81888,18,6715,1
stratified,107,source_heldout,0.999,81888,18,6715,1
stratified,107,target,0.05,682424,441667,55729,36069
stratified,107,target,0.1,682424,441667,55729,36069
stratified,107,target,0.15,682424,441667,55729,36069
stratified,107,target,0.2,682424,441667,55729,36069
stratified,107,target,0.25,682424,441667,55729,36069
stratified,107,target,0.3,682424,441667,55729,36069
stratified,107,target,0.35,682424,441667,55729,36069
stratified,107,target,0.4,682424,441667,55729,36069
stratified,107,target,0.45,682424,441667,55729,36069
stratified,107,target,0.5,682424,441667,55729,36069
stratified,107,target,0.55,682424,441667,55729,36069
stratified,107,target,0.6,682424,441667,55729,36069
stratified,107,target,0.65,682424,441667,55729,36069
stratified,107,target,0.7,682424,441667,55729,36069
stratified,107,target,0.75,682424,441667,55729,36069
stratified,107,target,0.8,682424,441667,55729,36069
stratified,107,target,0.85,682424,441667,55729,36069
stratified,107,target,0.9,682424,441667,55729,36069
stratified,107,target,0.95,682424,441667,55729,36069
stratified,107,target,0.975,682424,441667,55729,36069
stratified,107,target,0.99,682424,441667,55729,36069
stratified,107,target,0.995,682424,441667,55729,36069
stratified,107,target,0.999,682424,441667,55729,36069
logreg,107,source_heldout,0.05,88580,10,23,9
logreg,107,source_heldout,0.1,87959,6,644,13
logreg,107,source_heldout,0.15,87941,4,662,15
logreg,107,source_heldout,0.2,87322,4,1281,15
logreg,107,source_heldout,0.25,86814,3,1789,16
logreg,107,source_heldout,0.3,86210,3,2393,16
logreg,107,source_heldout,0.35,86073,3,2530,16
logreg,107,source_heldout,0.4,85988,3,2615,16
logreg,107,source_heldout,0.45,85790,3,2813,16
logreg,107,source_heldout,0.5,82704,3,5899,16
logreg,107,source_heldout,0.55,82463,3,6140,16
logreg,107,source_heldout,0.6,82315,3,6288,16
logreg,107,source_heldout,0.65,82081,3,6522,16
logreg,107,source_heldout,0.7,80389,3,8214,16
logreg,107,source_heldout,0.75,59496,3,29107,16
logreg,107,source_heldout,0.8,58417,2,30186,17
logreg,107,source_heldout,0.85,54523,2,34080,17
logreg,107,source_heldout,0.9,49499,0,39104,19
logreg,107,source_heldout,0.95,3451,0,85152,19
logreg,107,source_heldout,0.975,2547,0,86056,19
logreg,107,source_heldout,0.99,1241,0,87362,19
logreg,107,source_heldout,0.995,870,0,87733,19
logreg,107,source_heldout,0.999,501,0,88102,19
logreg,107,target,0.05,700845,448340,37308,29396
logreg,107,target,0.1,512667,163139,225486,314597
logreg,107,target,0.15,241577,19735,496576,458001
logreg,107,target,0.2,232359,19048,505794,458688
logreg,107,target,0.25,229738,15619,508415,462117
logreg,107,target,0.3,224052,13109,514101,464627
logreg,107,target,0.35,220290,12336,517863,465400
logreg,107,target,0.4,218668,11989,519485,465747
logreg,107,target,0.45,218105,11364,520048,466372
logreg,107,target,0.5,217206,10990,520947,466746
logreg,107,target,0.55,213958,10372,524195,467364
logreg,107,target,0.6,188184,6611,549969,471125
logreg,107,target,0.65,131410,5918,606743,471818
logreg,107,target,0.7,95230,3571,642923,474165
logreg,107,target,0.75,68344,2648,669809,475088
logreg,107,target,0.8,48707,2255,689446,475481
logreg,107,target,0.85,45237,984,692916,476752
logreg,107,target,0.9,46,141,738107,477595
logreg,107,target,0.95,13,8,738140,477728
logreg,107,target,0.975,11,5,738142,477731
logreg,107,target,0.99,0,2,738153,477734
logreg,107,target,0.995,0,1,738153,477735
logreg,107,target,0.999,0,0,738153,477736
tree,107,source_heldout,0.05,72240,15,16363,4
tree,107,source_heldout,0.1,72162,14,16441,5
tree,107,source_heldout,0.15,71619,12,16984,7
tree,107,source_heldout,0.2,71116,8,17487,11
tree,107,source_heldout,0.25,71107,7,17496,12
tree,107,source_heldout,0.3,71106,7,17497,12
tree,107,source_heldout,0.35,71106,7,17497,12
tree,107,source_heldout,0.4,71106,7,17497,12
tree,107,source_heldout,0.45,70500,7,18103,12
tree,107,source_heldout,0.5,70500,7,18103,12
tree,107,source_heldout,0.55,70500,7,18103,12
tree,107,source_heldout,0.6,70494,7,18109,12
tree,107,source_heldout,0.65,70468,7,18135,12
tree,107,source_heldout,0.7,70464,7,18139,12
tree,107,source_heldout,0.75,70460,7,18143,12
tree,107,source_heldout,0.8,70460,7,18143,12
tree,107,source_heldout,0.85,70459,7,18144,12
tree,107,source_heldout,0.9,70310,7,18293,12
tree,107,source_heldout,0.95,70107,7,18496,12
tree,107,source_heldout,0.975,70107,7,18496,12
tree,107,source_heldout,0.99,68708,7,19895,12
tree,107,source_heldout,0.995,68708,7,19895,12
tree,107,source_heldout,0.999,55980,7,32623,12
tree,107,target,0.05,623667,454115,114486,23621
tree,107,target,0.1,598250,344059,139903,133677
tree,107,target,0.15,575987,327541,162166,150195
tree,107,target,0.2,575865,326836,162288,150900
tree,107,target,0.25,542976,303769,195177,173967
tree,107,target,0.3,542976,303722,195177,174014
tree,107,target,0.35,542976,303721,195177,174015
tree,107,target,0.4,542976,303718,195177,174018
tree,107,target,0.45,542976,303718,195177,174018
tree,107,target,0.5,542976,303715,195177,174021
tree,107,target,0.55,542976,303714,195177,174022
tree,107,target,0.6,542975,303714,195178,174022
tree,107,target,0.65,542975,303713,195178,174023
tree,107,target,0.7,542975,303712,195178,174024
tree,107,target,0.75,542974,303650,195179,174086
tree,107,target,0.8,542974,303650,195179,174086
tree,107,target,0.85,542974,303646,195179,174090
tree,107,target,0.9,542974,303088,195179,174648
tree,107,target,0.95,542974,303088,195179,174648
tree,107,target,0.975,542974,303088,195179,174648
tree,107,target,0.99,542974,303088,195179,174648
tree,107,target,0.995,542974,303088,195179,174648
tree,107,target,0.999,542974,303088,195179,174648
rf,107,source_heldout,0.05,88603,19,0,0
rf,107,source_heldout,0.1,88603,19,0,0
rf,107,source_heldout,0.15,88596,17,7,2
rf,107,source_heldout,0.2,88596,17,7,2
rf,107,source_heldout,0.25,88591,17,12,2
rf,107,source_heldout,0.3,88554,17,49,2
rf,107,source_heldout,0.35,88159,16,444,3
rf,107,source_heldout,0.4,76532,15,12071,4
rf,107,source_heldout,0.45,73337,15,15266,4
rf,107,source_heldout,0.5,72135,12,16468,7
rf,107,source_heldout,0.55,70943,11,17660,8
rf,107,source_heldout,0.6,70350,10,18253,9
rf,107,source_heldout,0.65,69496,9,19107,10
rf,107,source_heldout,0.7,68713,7,19890,12
rf,107,source_heldout,0.75,68408,3,20195,16
rf,107,source_heldout,0.8,65240,0,23363,19
rf,107,source_heldout,0.85,61620,0,26983,19
rf,107,source_heldout,0.9,47608,0,40995,19
rf,107,source_heldout,0.95,41207,0,47396,19
rf,107,source_heldout,0.975,38593,0,50010,19
rf,107,source_heldout,0.99,12096,0,76507,19
rf,107,source_heldout,0.995,8737,0,79866,19
rf,107,source_heldout,0.999,7503,0,81100,19
rf,107,target,0.05,701962,477454,36191,282
rf,107,target,0.1,701896,476081,36257,1655
rf,107,target,0.15,696013,368953,42140,108783
rf,107,target,0.2,656502,367341,81651,110395
rf,107,target,0.25,653850,341650,84303,136086
rf,107,target,0.3,652969,339221,85184,138515
rf,107,target,0.35,629007,332838,109146,144898
rf,107,target,0.4,624583,326637,113570,151099
rf,107,target,0.45,619043,319871,119110,157865
rf,107,target,0.5,606550,309900,131603,167836
rf,107,target,0.55,596776,301368,141377,176368
rf,107,target,0.6,589599,293465,148554,184271
rf,107,target,0.65,553207,290670,184946,187066
rf,107,target,0.7,542240,289223,195913,188513
rf,107,target,0.75,494704,287341,243449,190395
rf,107,target,0.8,482669,283066,255484,194670
rf,107,target,0.85,218678,139990,519475,337746
rf,107,target,0.9,3395,3254,734758,474482
rf,107,target,0.95,0,4,738153,477732
rf,107,target,0.975,0,0,738153,477736
rf,107,target,0.99,0,0,738153,477736
rf,107,target,0.995,0,0,738153,477736
rf,107,target,0.999,0,0,738153,477736
xgboost,107,source_heldout,0.05,88498,18,105,1
xgboost,107,source_heldout,0.1,87953,18,650,1
xgboost,107,source_heldout,0.15,77810,16,10793,3
xgboost,107,source_heldout,0.2,73199,15,15404,4
xgboost,107,source_heldout,0.25,72134,13,16469,6
xgboost,107,source_heldout,0.3,71892,11,16711,8
xgboost,107,source_heldout,0.35,71708,10,16895,9
xgboost,107,source_heldout,0.4,71659,10,16944,9
xgboost,107,source_heldout,0.45,71604,10,16999,9
xgboost,107,source_heldout,0.5,71563,7,17040,12
xgboost,107,source_heldout,0.55,71469,7,17134,12
xgboost,107,source_heldout,0.6,71362,7,17241,12
xgboost,107,source_heldout,0.65,71268,7,17335,12
xgboost,107,source_heldout,0.7,70676,7,17927,12
xgboost,107,source_heldout,0.75,70112,5,18491,14
xgboost,107,source_heldout,0.8,69453,5,19150,14
xgboost,107,source_heldout,0.85,67621,3,20982,16
xgboost,107,source_heldout,0.9,64867,3,23736,16
xgboost,107,source_heldout,0.95,61018,0,27585,19
xgboost,107,source_heldout,0.975,50478,0,38125,19
xgboost,107,source_heldout,0.99,21995,0,66608,19
xgboost,107,source_heldout,0.995,15064,0,73539,19
xgboost,107,source_heldout,0.999,8564,0,80039,19
xgboost,107,target,0.05,663697,450892,74456,26844
xgboost,107,target,0.1,649564,439413,88589,38323
xgboost,107,target,0.15,634354,308703,103799,169033
xgboost,107,target,0.2,577384,297733,160769,180003
xgboost,107,target,0.25,551329,291271,186824,186465
xgboost,107,target,0.3,541000,288702,197153,189034
xgboost,107,target,0.35,531206,286484,206947,191252
xgboost,107,target,0.4,495893,284465,242260,193271
xgboost,107,target,0.45,491561,283876,246592,193860
xgboost,107,target,0.5,456542,283096,281611,194640
xgboost,107,target,0.55,453057,282993,285096,194743
xgboost,107,target,0.6,439920,273190,298233,204546
xgboost,107,target,0.65,359697,196348,378456,281388
xgboost,107,target,0.7,13605,10994,724548,466742
xgboost,107,target,0.75,11296,9059,726857,468677
xgboost,107,target,0.8,1802,87,736351,477649
xgboost,107,target,0.85,703,48,737450,477688
xgboost,107,target,0.9,18,19,738135,477717
xgboost,107,target,0.95,18,1,738135,477735
xgboost,107,target,0.975,0,0,738153,477736
xgboost,107,target,0.99,0,0,738153,477736
xgboost,107,target,0.995,0,0,738153,477736
xgboost,107,target,0.999,0,0,738153,477736
hgb,107,source_heldout,0.05,88598,19,5,0
hgb,107,source_heldout,0.1,88507,18,96,1
hgb,107,source_heldout,0.15,87947,16,656,3
hgb,107,source_heldout,0.2,86982,16,1621,3
hgb,107,source_heldout,0.25,85529,13,3074,6
hgb,107,source_heldout,0.3,85486,11,3117,8
hgb,107,source_heldout,0.35,79531,10,9072,9
hgb,107,source_heldout,0.4,72073,7,16530,12
hgb,107,source_heldout,0.45,71903,7,16700,12
hgb,107,source_heldout,0.5,71495,7,17108,12
hgb,107,source_heldout,0.55,71082,7,17521,12
hgb,107,source_heldout,0.6,70930,7,17673,12
hgb,107,source_heldout,0.65,70170,5,18433,14
hgb,107,source_heldout,0.7,70067,5,18536,14
hgb,107,source_heldout,0.75,69908,5,18695,14
hgb,107,source_heldout,0.8,69089,5,19514,14
hgb,107,source_heldout,0.85,68680,5,19923,14
hgb,107,source_heldout,0.9,68186,3,20417,16
hgb,107,source_heldout,0.95,63707,0,24896,19
hgb,107,source_heldout,0.975,49960,0,38643,19
hgb,107,source_heldout,0.99,27552,0,61051,19
hgb,107,source_heldout,0.995,26429,0,62174,19
hgb,107,source_heldout,0.999,19509,0,69094,19
hgb,107,target,0.05,705500,466805,32653,10931
hgb,107,target,0.1,658259,449150,79894,28586
hgb,107,target,0.15,618069,331977,120084,145759
hgb,107,target,0.2,574924,295308,163229,182428
hgb,107,target,0.25,548001,292476,190152,185260
hgb,107,target,0.3,545185,289270,192968,188466
hgb,107,target,0.35,542188,288432,195965,189304
hgb,107,target,0.4,537330,287186,200823,190550
hgb,107,target,0.45,534690,286740,203463,190996
hgb,107,target,0.5,525291,286141,212862,191595
hgb,107,target,0.55,523245,285880,214908,191856
hgb,107,target,0.6,520475,284916,217678,192820
hgb,107,target,0.65,292942,142188,445211,335548
hgb,107,target,0.7,215066,141729,523087,336007
hgb,107,target,0.75,211307,141284,526846,336452
hgb,107,target,0.8,57427,22600,680726,455136
hgb,107,target,0.85,43561,9138,694592,468598
hgb,107,target,0.9,825,289,737328,477447
hgb,107,target,0.95,628,158,737525,477578
hgb,107,target,0.975,16,0,738137,477736
hgb,107,target,0.99,0,0,738153,477736
hgb,107,target,0.995,0,0,738153,477736
hgb,107,target,0.999,0,0,738153,477736
mlp,107,source_heldout,0.05,88562,18,41,1
mlp,107,source_heldout,0.1,88540,18,63,1
mlp,107,source_heldout,0.15,87864,5,739,14
mlp,107,source_heldout,0.2,87693,2,910,17
mlp,107,source_heldout,0.25,86799,0,1804,19
mlp,107,source_heldout,0.3,86740,0,1863,19
mlp,107,source_heldout,0.35,86654,0,1949,19
mlp,107,source_heldout,0.4,82562,0,6041,19
mlp,107,source_heldout,0.45,82343,0,6260,19
mlp,107,source_heldout,0.5,82144,0,6459,19
mlp,107,source_heldout,0.55,81976,0,6627,19
mlp,107,source_heldout,0.6,81865,0,6738,19
mlp,107,source_heldout,0.65,81620,0,6983,19
mlp,107,source_heldout,0.7,81230,0,7373,19
mlp,107,source_heldout,0.75,80376,0,8227,19
mlp,107,source_heldout,0.8,79338,0,9265,19
mlp,107,source_heldout,0.85,71459,0,17144,19
mlp,107,source_heldout,0.9,62032,0,26571,19
mlp,107,source_heldout,0.95,59559,0,29044,19
mlp,107,source_heldout,0.975,58481,0,30122,19
mlp,107,source_heldout,0.99,57604,0,30999,19
mlp,107,source_heldout,0.995,50573,0,38030,19
mlp,107,source_heldout,0.999,15341,0,73262,19
mlp,107,target,0.05,692048,452411,46105,25325
mlp,107,target,0.1,668059,314074,70094,163662
mlp,107,target,0.15,571450,301575,166703,176161
mlp,107,target,0.2,566316,293478,171837,184258
mlp,107,target,0.25,510344,284623,227809,193113
mlp,107,target,0.3,326180,143997,411973,333739
mlp,107,target,0.35,324559,143764,413594,333972
mlp,107,target,0.4,318340,143497,419813,334239
mlp,107,target,0.45,279900,142697,458253,335039
mlp,107,target,0.5,270540,142048,467613,335688
mlp,107,target,0.55,262070,141999,476083,335737
mlp,107,target,0.6,253059,141935,485094,335801
mlp,107,target,0.65,247863,141893,490290,335843
mlp,107,target,0.7,240110,141867,498043,335869
mlp,107,target,0.75,10535,201,727618,477535
mlp,107,target,0.8,7385,168,730768,477568
mlp,107,target,0.85,3525,156,734628,477580
mlp,107,target,0.9,1852,141,736301,477595
mlp,107,target,0.95,207,50,737946,477686
mlp,107,target,0.975,23,23,738130,477713
mlp,107,target,0.99,0,1,738153,477735
mlp,107,target,0.995,0,0,738153,477736
mlp,107,target,0.999,0,0,738153,477736
majority,108,source_heldout,0.05,98247,3958,0,0
majority,108,source_heldout,0.1,98247,3958,0,0
majority,108,source_heldout,0.15,98247,3958,0,0
majority,108,source_heldout,0.2,98247,3958,0,0
majority,108,source_heldout,0.25,98247,3958,0,0
majority,108,source_heldout,0.3,98247,3958,0,0
majority,108,source_heldout,0.35,98247,3958,0,0
majority,108,source_heldout,0.4,98247,3958,0,0
majority,108,source_heldout,0.45,98247,3958,0,0
majority,108,source_heldout,0.5,98247,3958,0,0
majority,108,source_heldout,0.55,98247,3958,0,0
majority,108,source_heldout,0.6,98247,3958,0,0
majority,108,source_heldout,0.65,98247,3958,0,0
majority,108,source_heldout,0.7,98247,3958,0,0
majority,108,source_heldout,0.75,98247,3958,0,0
majority,108,source_heldout,0.8,98247,3958,0,0
majority,108,source_heldout,0.85,98247,3958,0,0
majority,108,source_heldout,0.9,98247,3958,0,0
majority,108,source_heldout,0.95,98247,3958,0,0
majority,108,source_heldout,0.975,98247,3958,0,0
majority,108,source_heldout,0.99,98247,3958,0,0
majority,108,source_heldout,0.995,98247,3958,0,0
majority,108,source_heldout,0.999,98247,3958,0,0
majority,108,target,0.05,738153,477736,0,0
majority,108,target,0.1,738153,477736,0,0
majority,108,target,0.15,738153,477736,0,0
majority,108,target,0.2,738153,477736,0,0
majority,108,target,0.25,738153,477736,0,0
majority,108,target,0.3,738153,477736,0,0
majority,108,target,0.35,738153,477736,0,0
majority,108,target,0.4,738153,477736,0,0
majority,108,target,0.45,738153,477736,0,0
majority,108,target,0.5,738153,477736,0,0
majority,108,target,0.55,738153,477736,0,0
majority,108,target,0.6,738153,477736,0,0
majority,108,target,0.65,738153,477736,0,0
majority,108,target,0.7,738153,477736,0,0
majority,108,target,0.75,738153,477736,0,0
majority,108,target,0.8,738153,477736,0,0
majority,108,target,0.85,738153,477736,0,0
majority,108,target,0.9,738153,477736,0,0
majority,108,target,0.95,738153,477736,0,0
majority,108,target,0.975,738153,477736,0,0
majority,108,target,0.99,738153,477736,0,0
majority,108,target,0.995,738153,477736,0,0
majority,108,target,0.999,738153,477736,0,0
stratified,108,source_heldout,0.05,92220,3700,6027,258
stratified,108,source_heldout,0.1,92220,3700,6027,258
stratified,108,source_heldout,0.15,92220,3700,6027,258
stratified,108,source_heldout,0.2,92220,3700,6027,258
stratified,108,source_heldout,0.25,92220,3700,6027,258
stratified,108,source_heldout,0.3,92220,3700,6027,258
stratified,108,source_heldout,0.35,92220,3700,6027,258
stratified,108,source_heldout,0.4,92220,3700,6027,258
stratified,108,source_heldout,0.45,92220,3700,6027,258
stratified,108,source_heldout,0.5,92220,3700,6027,258
stratified,108,source_heldout,0.55,92220,3700,6027,258
stratified,108,source_heldout,0.6,92220,3700,6027,258
stratified,108,source_heldout,0.65,92220,3700,6027,258
stratified,108,source_heldout,0.7,92220,3700,6027,258
stratified,108,source_heldout,0.75,92220,3700,6027,258
stratified,108,source_heldout,0.8,92220,3700,6027,258
stratified,108,source_heldout,0.85,92220,3700,6027,258
stratified,108,source_heldout,0.9,92220,3700,6027,258
stratified,108,source_heldout,0.95,92220,3700,6027,258
stratified,108,source_heldout,0.975,92220,3700,6027,258
stratified,108,source_heldout,0.99,92220,3700,6027,258
stratified,108,source_heldout,0.995,92220,3700,6027,258
stratified,108,source_heldout,0.999,92220,3700,6027,258
stratified,108,target,0.05,692975,448418,45178,29318
stratified,108,target,0.1,692975,448418,45178,29318
stratified,108,target,0.15,692975,448418,45178,29318
stratified,108,target,0.2,692975,448418,45178,29318
stratified,108,target,0.25,692975,448418,45178,29318
stratified,108,target,0.3,692975,448418,45178,29318
stratified,108,target,0.35,692975,448418,45178,29318
stratified,108,target,0.4,692975,448418,45178,29318
stratified,108,target,0.45,692975,448418,45178,29318
stratified,108,target,0.5,692975,448418,45178,29318
stratified,108,target,0.55,692975,448418,45178,29318
stratified,108,target,0.6,692975,448418,45178,29318
stratified,108,target,0.65,692975,448418,45178,29318
stratified,108,target,0.7,692975,448418,45178,29318
stratified,108,target,0.75,692975,448418,45178,29318
stratified,108,target,0.8,692975,448418,45178,29318
stratified,108,target,0.85,692975,448418,45178,29318
stratified,108,target,0.9,692975,448418,45178,29318
stratified,108,target,0.95,692975,448418,45178,29318
stratified,108,target,0.975,692975,448418,45178,29318
stratified,108,target,0.99,692975,448418,45178,29318
stratified,108,target,0.995,692975,448418,45178,29318
stratified,108,target,0.999,692975,448418,45178,29318
logreg,108,source_heldout,0.05,97359,1789,888,2169
logreg,108,source_heldout,0.1,97105,1630,1142,2328
logreg,108,source_heldout,0.15,95657,1456,2590,2502
logreg,108,source_heldout,0.2,94790,1059,3457,2899
logreg,108,source_heldout,0.25,94700,950,3547,3008
logreg,108,source_heldout,0.3,93978,886,4269,3072
logreg,108,source_heldout,0.35,93849,833,4398,3125
logreg,108,source_heldout,0.4,93507,785,4740,3173
logreg,108,source_heldout,0.45,93030,762,5217,3196
logreg,108,source_heldout,0.5,92693,752,5554,3206
logreg,108,source_heldout,0.55,92162,592,6085,3366
logreg,108,source_heldout,0.6,86297,548,11950,3410
logreg,108,source_heldout,0.65,70920,537,27327,3421
logreg,108,source_heldout,0.7,69211,473,29036,3485
logreg,108,source_heldout,0.75,68576,247,29671,3711
logreg,108,source_heldout,0.8,67587,104,30660,3854
logreg,108,source_heldout,0.85,66852,77,31395,3881
logreg,108,source_heldout,0.9,61121,15,37126,3943
logreg,108,source_heldout,0.95,13588,3,84659,3955
logreg,108,source_heldout,0.975,6059,2,92188,3956
logreg,108,source_heldout,0.99,2919,1,95328,3957
logreg,108,source_heldout,0.995,2841,1,95406,3957
logreg,108,source_heldout,0.999,1375,1,96872,3957
logreg,108,target,0.05,701631,439811,36522,37925
logreg,108,target,0.1,513814,162118,224339,315618
logreg,108,target,0.15,244880,19500,493273,458236
logreg,108,target,0.2,234003,18854,504150,458882
logreg,108,target,0.25,230616,14165,507537,463571
logreg,108,target,0.3,229189,12675,508964,465061
logreg,108,target,0.35,223795,12475,514358,465261
logreg,108,target,0.4,219972,12213,518181,465523
logreg,108,target,0.45,218197,11619,519956,466117
logreg,108,target,0.5,215831,11358,522322,466378
logreg,108,target,0.55,213535,10700,524618,467036
logreg,108,target,0.6,210826,10317,527327,467419
logreg,108,target,0.65,203632,9751,534521,467985
logreg,108,target,0.7,145889,5860,592264,471876
logreg,108,target,0.75,74391,2980,663762,474756
logreg,108,target,0.8,51271,2332,686882,475404
logreg,108,target,0.85,48208,1839,689945,475897
logreg,108,target,0.9,33065,651,705088,477085
logreg,108,target,0.95,13,18,738140,477718
logreg,108,target,0.975,11,7,738142,477729
logreg,108,target,0.99,0,4,738153,477732
logreg,108,target,0.995,0,2,738153,477734
logreg,108,target,0.999,0,0,738153,477736
tree,108,source_heldout,0.05,98033,1114,214,2844
tree,108,source_heldout,0.1,97650,857,597,3101
tree,108,source_heldout,0.15,96670,370,1577,3588
tree,108,source_heldout,0.2,93681,220,4566,3738
tree,108,source_heldout,0.25,93654,220,4593,3738
tree,108,source_heldout,0.3,93172,177,5075,3781
tree,108,source_heldout,0.35,92967,154,5280,3804
tree,108,source_heldout,0.4,92927,148,5320,3810
tree,108,source_heldout,0.45,92653,129,5594,3829
tree,108,source_heldout,0.5,92622,123,5625,3835
tree,108,source_heldout,0.55,92622,123,5625,3835
tree,108,source_heldout,0.6,92596,123,5651,3835
tree,108,source_heldout,0.65,92595,123,5652,3835
tree,108,source_heldout,0.7,92563,123,5684,3835
tree,108,source_heldout,0.75,92563,123,5684,3835
tree,108,source_heldout,0.8,92562,122,5685,3836
tree,108,source_heldout,0.85,91994,98,6253,3860
tree,108,source_heldout,0.9,91984,97,6263,3861
tree,108,source_heldout,0.95,91850,95,6397,3863
tree,108,source_heldout,0.975,91850,95,6397,3863
tree,108,source_heldout,0.99,89576,91,8671,3867
tree,108,source_heldout,0.995,89576,91,8671,3867
tree,108,source_heldout,0.999,60954,91,37293,3867
tree,108,target,0.05,689038,454446,49115,23290
tree,108,target,0.1,666213,344266,71940,133470
tree,108,target,0.15,600504,325702,137649,152034
tree,108,target,0.2,600504,325696,137649,152040
tree,108,target,0.25,600504,302711,137649,175025
tree,108,target,0.3,600504,302667,137649,175069
tree,108,target,0.35,600488,302667,137665,175069
tree,108,target,0.4,600488,302667,137665,175069
tree,108,target,0.45,600488,302667,137665,175069
tree,108,target,0.5,600461,302666,137692,175070
tree,108,target,0.55,600460,302666,137693,175070
tree,108,target,0.6,600460,302666,137693,175070
tree,108,target,0.65,600460,302666,137693,175070
tree,108,target,0.7,600455,302645,137698,175091
tree,108,target,0.75,600455,302645,137698,175091
tree,108,target,0.8,600455,302645,137698,175091
tree,108,target,0.85,598468,302464,139685,175272
tree,108,target,0.9,598468,302438,139685,175298
tree,108,target,0.95,598468,302438,139685,175298
tree,108,target,0.975,598468,302438,139685,175298
tree,108,target,0.99,598468,302366,139685,175370
tree,108,target,0.995,598468,302366,139685,175370
tree,108,target,0.999,598468,301840,139685,175896
rf,108,source_heldout,0.05,98183,1424,64,2534
rf,108,source_heldout,0.1,98053,1230,194,2728
rf,108,source_heldout,0.15,97878,1084,369,2874
rf,108,source_heldout,0.2,97716,958,531,3000
rf,108,source_heldout,0.25,97559,844,688,3114
rf,108,source_heldout,0.3,97328,743,919,3215
rf,108,source_heldout,0.35,97145,638,1102,3320
rf,108,source_heldout,0.4,96849,545,1398,3413
rf,108,source_heldout,0.45,96604,484,1643,3474
rf,108,source_heldout,0.5,96364,416,1883,3542
rf,108,source_heldout,0.55,96113,360,2134,3598
rf,108,source_heldout,0.6,95887,312,2360,3646
rf,108,source_heldout,0.65,95622,258,2625,3700
rf,108,source_heldout,0.7,95290,206,2957,3752
rf,108,source_heldout,0.75,94948,166,3299,3792
rf,108,source_heldout,0.8,94651,132,3596,3826
rf,108,source_heldout,0.85,94261,85,3986,3873
rf,108,source_heldout,0.9,93693,60,4554,3898
rf,108,source_heldout,0.95,92442,19,5805,3939
rf,108,source_heldout,0.975,91662,6,6585,3952
rf,108,source_heldout,0.99,90412,3,7835,3955
rf,108,source_heldout,0.995,89956,3,8291,3955
rf,108,source_heldout,0.999,88411,2,9836,3956
rf,108,target,0.05,701898,372681,36255,105055
rf,108,target,0.1,701748,371674,36405,106062
rf,108,target,0.15,701322,368725,36831,109011
rf,108,target,0.2,692696,366071,45457,111665
rf,108,target,0.25,657816,339582,80337,138154
rf,108,target,0.3,653775,337651,84378,140085
rf,108,target,0.35,652895,336045,85258,141691
rf,108,target,0.4,652136,329681,86017,148055
rf,108,target,0.45,630013,318957,108140,158779
rf,108,target,0.5,628445,315893,109708,161843
rf,108,target,0.55,624834,304026,113319,173710
rf,108,target,0.6,621217,294649,116936,183087
rf,108,target,0.65,618378,286490,119775,191246
rf,108,target,0.7,612045,284449,126108,193287
rf,108,target,0.75,548279,282964,189874,194772
rf,108,target,0.8,532004,282382,206149,195354
rf,108,target,0.85,263292,140295,474861,337441
rf,108,target,0.9,22587,208,715566,477528
rf,108,target,0.95,908,14,737245,477722
rf,108,target,0.975,16,10,738137,477726
rf,108,target,0.99,16,9,738137,477727
rf,108,target,0.995,0,3,738153,477733
rf,108,target,0.999,0,0,738153,477736
xgboost,108,source_heldout,0.05,98030,1060,217,2898
xgboost,108,source_heldout,0.1,97638,707,609,3251
xgboost,108,source_heldout,0.15,97006,439,1241,3519
xgboost,108,source_heldout,0.2,94657,233,3590,3725
xgboost,108,source_heldout,0.25,94094,178,4153,3780
xgboost,108,source_heldout,0.3,93722,144,4525,3814
xgboost,108,source_heldout,0.35,93518,116,4729,3842
xgboost,108,source_heldout,0.4,93266,81,4981,3877
xgboost,108,source_heldout,0.45,93146,66,5101,3892
xgboost,108,source_heldout,0.5,93025,57,5222,3901
xgboost,108,source_heldout,0.55,92905,49,5342,3909
xgboost,108,source_heldout,0.6,92796,43,5451,3915
xgboost,108,source_heldout,0.65,92644,38,5603,3920
xgboost,108,source_heldout,0.7,92518,32,5729,3926
xgboost,108,source_heldout,0.75,92314,29,5933,3929
xgboost,108,source_heldout,0.8,92060,24,6187,3934
xgboost,108,source_heldout,0.85,91817,21,6430,3937
xgboost,108,source_heldout,0.9,91532,7,6715,3951
xgboost,108,source_heldout,0.95,90951,6,7296,3952
xgboost,108,source_heldout,0.975,89456,3,8791,3955
xgboost,108,source_heldout,0.99,88312,2,9935,3956
xgboost,108,source_heldout,0.995,86695,2,11552,3956
xgboost,108,source_heldout,0.999,75197,0,23050,3958
xgboost,108,target,0.05,706369,452753,31784,24983
xgboost,108,target,0.1,658716,416664,79437,61072
xgboost,108,target,0.15,654053,307469,84100,170267
xgboost,108,target,0.2,611277,301025,126876,176711
xgboost,108,target,0.25,592079,290166,146074,187570
xgboost,108,target,0.3,588343,288267,149810,189469
xgboost,108,target,0.35,581538,286001,156615,191735
xgboost,108,target,0.4,569090,284776,169063,192960
xgboost,108,target,0.45,561225,284086,176928,193650
xgboost,108,target,0.5,553395,283541,184758,194195
xgboost,108,target,0.55,547239,283353,190914,194383
xgboost,108,target,0.6,543631,283079,194522,194657
xgboost,108,target,0.65,537443,282893,200710,194843
xgboost,108,target,0.7,498801,282218,239352,195518
xgboost,108,target,0.75,488986,282065,249167,195671
xgboost,108,target,0.8,422932,281949,315221,195787
xgboost,108,target,0.85,29567,18708,708586,459028
xgboost,108,target,0.9,8125,96,730028,477640
xgboost,108,target,0.95,416,13,737737,477723
xgboost,108,target,0.975,8,0,738145,477736
xgboost,108,target,0.99,0,0,738153,477736
xgboost,108,target,0.995,0,0,738153,477736
xgboost,108,target,0.999,0,0,738153,477736
hgb,108,source_heldout,0.05,98080,1116,167,2842
hgb,108,source_heldout,0.1,97728,774,519,3184
hgb,108,source_heldout,0.15,97147,468,1100,3490
hgb,108,source_heldout,0.2,95088,308,3159,3650
hgb,108,source_heldout,0.25,94026,210,4221,3748
hgb,108,source_heldout,0.3,93748,180,4499,3778
hgb,108,source_heldout,0.35,93586,150,4661,3808
hgb,108,source_heldout,0.4,93415,117,4832,3841
hgb,108,source_heldout,0.45,93333,110,4914,3848
hgb,108,source_heldout,0.5,93193,86,5054,3872
hgb,108,source_heldout,0.55,93036,74,5211,3884
hgb,108,source_heldout,0.6,92938,66,5309,3892
hgb,108,source_heldout,0.65,92849,62,5398,3896
hgb,108,source_heldout,0.7,92710,58,5537,3900
hgb,108,source_heldout,0.75,92597,50,5650,3908
hgb,108,source_heldout,0.8,92437,43,5810,3915
hgb,108,source_heldout,0.85,92040,32,6207,3926
hgb,108,source_heldout,0.9,91686,14,6561,3944
hgb,108,source_heldout,0.95,90912,7,7335,3951
hgb,108,source_heldout,0.975,90220,6,8027,3952
hgb,108,source_heldout,0.99,88409,1,9838,3957
hgb,108,source_heldout,0.995,87267,1,10980,3957
hgb,108,source_heldout,0.999,77609,1,20638,3957
hgb,108,target,0.05,709692,458729,28461,19007
hgb,108,target,0.1,704018,421068,34135,56668
hgb,108,target,0.15,666616,410041,71537,67695
hgb,108,target,0.2,660673,404812,77480,72924
hgb,108,target,0.25,617766,402377,120387,75359
hgb,108,target,0.3,614435,296604,123718,181132
hgb,108,target,0.35,588369,292140,149784,185596
hgb,108,target,0.4,584562,290600,153591,187136
hgb,108,target,0.45,580464,289386,157689,188350
hgb,108,target,0.5,576221,288450,161932,189286
hgb,108,target,0.55,571112,285801,167041,191935
hgb,108,target,0.6,565895,285088,172258,192648
hgb,108,target,0.65,560439,284470,177714,193266
hgb,108,target,0.7,552284,284060,185869,193676
hgb,108,target,0.75,544178,283681,193975,194055
hgb,108,target,0.8,537034,283388,201119,194348
hgb,108,target,0.85,530668,283173,207485,194563
hgb,108,target,0.9,300341,141371,437812,336365
hgb,108,target,0.95,116011,18880,622142,458856
hgb,108,target,0.975,32986,179,705167,477557
hgb,108,target,0.99,32901,102,705252,477634
hgb,108,target,0.995,0,12,738153,477724
hgb,108,target,0.999,0,0,738153,477736
mlp,108,source_heldout,0.05,98032,1189,215,2769
mlp,108,source_heldout,0.1,97692,954,555,3004
mlp,108,source_heldout,0.15,96487,439,1760,3519
mlp,108,source_heldout,0.2,96018,385,2229,3573
mlp,108,source_heldout,0.25,95621,308,2626,3650
mlp,108,source_heldout,0.3,93058,195,5189,3763
mlp,108,source_heldout,0.35,92941,184,5306,3774
mlp,108,source_heldout,0.4,92731,160,5516,3798
mlp,108,source_heldout,0.45,92591,134,5656,3824
mlp,108,source_heldout,0.5,92330,110,5917,3848
mlp,108,source_heldout,0.55,92223,104,6024,3854
mlp,108,source_heldout,0.6,92083,90,6164,3868
mlp,108,source_heldout,0.65,91910,75,6337,3883
mlp,108,source_heldout,0.7,91615,66,6632,3892
mlp,108,source_heldout,0.75,91252,59,6995,3899
mlp,108,source_heldout,0.8,90644,57,7603,3901
mlp,108,source_heldout,0.85,90183,36,8064,3922
mlp,108,source_heldout,0.9,89516,25,8731,3933
mlp,108,source_heldout,0.95,85186,14,13061,3944
mlp,108,source_heldout,0.975,84601,4,13646,3954
mlp,108,source_heldout,0.99,82997,1,15250,3957
mlp,108,source_heldout,0.995,80689,1,17558,3957
mlp,108,source_heldout,0.999,50939,0,47308,3958
mlp,108,target,0.05,692680,442480,45473,35256
mlp,108,target,0.1,651024,433281,87129,44455
mlp,108,target,0.15,627957,424454,110196,53282
mlp,108,target,0.2,624276,423835,113877,53901
mlp,108,target,0.25,622895,399751,115258,77985
mlp,108,target,0.3,620611,291405,117542,186331
mlp,108,target,0.35,583878,290261,154275,187475
mlp,108,target,0.4,577132,289756,161021,187980
mlp,108,target,0.45,538551,289669,199602,188067
mlp,108,target,0.5,534186,289604,203967,188132
mlp,108,target,0.55,530480,289562,207673,188174
mlp,108,target,0.6,527370,289448,210783,188288
mlp,108,target,0.65,523884,289319,214269,188417
mlp,108,target,0.7,521266,289233,216887,188503
mlp,108,target,0.75,518085,289201,220068,188535
mlp,108,target,0.8,512867,289179,225286,188557
mlp,108,target,0.85,509854,289114,228299,188622
mlp,108,target,0.9,439034,289006,299119,188730
mlp,108,target,0.95,236657,144780,501496,332956
mlp,108,target,0.975,226513,141617,511640,336119
mlp,108,target,0.99,226411,141587,511742,336149
mlp,108,target,0.995,0,0,738153,477736
mlp,108,target,0.999,0,0,738153,477736
majority,109,source_heldout,0.05,106972,5167,0,0
majority,109,source_heldout,0.1,106972,5167,0,0
majority,109,source_heldout,0.15,106972,5167,0,0
majority,109,source_heldout,0.2,106972,5167,0,0
majority,109,source_heldout,0.25,106972,5167,0,0
majority,109,source_heldout,0.3,106972,5167,0,0
majority,109,source_heldout,0.35,106972,5167,0,0
majority,109,source_heldout,0.4,106972,5167,0,0
majority,109,source_heldout,0.45,106972,5167,0,0
majority,109,source_heldout,0.5,106972,5167,0,0
majority,109,source_heldout,0.55,106972,5167,0,0
majority,109,source_heldout,0.6,106972,5167,0,0
majority,109,source_heldout,0.65,106972,5167,0,0
majority,109,source_heldout,0.7,106972,5167,0,0
majority,109,source_heldout,0.75,106972,5167,0,0
majority,109,source_heldout,0.8,106972,5167,0,0
majority,109,source_heldout,0.85,106972,5167,0,0
majority,109,source_heldout,0.9,106972,5167,0,0
majority,109,source_heldout,0.95,106972,5167,0,0
majority,109,source_heldout,0.975,106972,5167,0,0
majority,109,source_heldout,0.99,106972,5167,0,0
majority,109,source_heldout,0.995,106972,5167,0,0
majority,109,source_heldout,0.999,106972,5167,0,0
majority,109,target,0.05,738153,477736,0,0
majority,109,target,0.1,738153,477736,0,0
majority,109,target,0.15,738153,477736,0,0
majority,109,target,0.2,738153,477736,0,0
majority,109,target,0.25,738153,477736,0,0
majority,109,target,0.3,738153,477736,0,0
majority,109,target,0.35,738153,477736,0,0
majority,109,target,0.4,738153,477736,0,0
majority,109,target,0.45,738153,477736,0,0
majority,109,target,0.5,738153,477736,0,0
majority,109,target,0.55,738153,477736,0,0
majority,109,target,0.6,738153,477736,0,0
majority,109,target,0.65,738153,477736,0,0
majority,109,target,0.7,738153,477736,0,0
majority,109,target,0.75,738153,477736,0,0
majority,109,target,0.8,738153,477736,0,0
majority,109,target,0.85,738153,477736,0,0
majority,109,target,0.9,738153,477736,0,0
majority,109,target,0.95,738153,477736,0,0
majority,109,target,0.975,738153,477736,0,0
majority,109,target,0.99,738153,477736,0,0
majority,109,target,0.995,738153,477736,0,0
majority,109,target,0.999,738153,477736,0,0
stratified,109,source_heldout,0.05,100724,4855,6248,312
stratified,109,source_heldout,0.1,100724,4855,6248,312
stratified,109,source_heldout,0.15,100724,4855,6248,312
stratified,109,source_heldout,0.2,100724,4855,6248,312
stratified,109,source_heldout,0.25,100724,4855,6248,312
stratified,109,source_heldout,0.3,100724,4855,6248,312
stratified,109,source_heldout,0.35,100724,4855,6248,312
stratified,109,source_heldout,0.4,100724,4855,6248,312
stratified,109,source_heldout,0.45,100724,4855,6248,312
stratified,109,source_heldout,0.5,100724,4855,6248,312
stratified,109,source_heldout,0.55,100724,4855,6248,312
stratified,109,source_heldout,0.6,100724,4855,6248,312
stratified,109,source_heldout,0.65,100724,4855,6248,312
stratified,109,source_heldout,0.7,100724,4855,6248,312
stratified,109,source_heldout,0.75,100724,4855,6248,312
stratified,109,source_heldout,0.8,100724,4855,6248,312
stratified,109,source_heldout,0.85,100724,4855,6248,312
stratified,109,source_heldout,0.9,100724,4855,6248,312
stratified,109,source_heldout,0.95,100724,4855,6248,312
stratified,109,source_heldout,0.975,100724,4855,6248,312
stratified,109,source_heldout,0.99,100724,4855,6248,312
stratified,109,source_heldout,0.995,100724,4855,6248,312
stratified,109,source_heldout,0.999,100724,4855,6248,312
stratified,109,target,0.05,695034,449777,43119,27959
stratified,109,target,0.1,695034,449777,43119,27959
stratified,109,target,0.15,695034,449777,43119,27959
stratified,109,target,0.2,695034,449777,43119,27959
stratified,109,target,0.25,695034,449777,43119,27959
stratified,109,target,0.3,695034,449777,43119,27959
stratified,109,target,0.35,695034,449777,43119,27959
stratified,109,target,0.4,695034,449777,43119,27959
stratified,109,target,0.45,695034,449777,43119,27959
stratified,109,target,0.5,695034,449777,43119,27959
stratified,109,target,0.55,695034,449777,43119,27959
stratified,109,target,0.6,695034,449777,43119,27959
stratified,109,target,0.65,695034,449777,43119,27959
stratified,109,target,0.7,695034,449777,43119,27959
stratified,109,target,0.75,695034,449777,43119,27959
stratified,109,target,0.8,695034,449777,43119,27959
stratified,109,target,0.85,695034,449777,43119,27959
stratified,109,target,0.9,695034,449777,43119,27959
stratified,109,target,0.95,695034,449777,43119,27959
stratified,109,target,0.975,695034,449777,43119,27959
stratified,109,target,0.99,695034,449777,43119,27959
stratified,109,target,0.995,695034,449777,43119,27959
stratified,109,target,0.999,695034,449777,43119,27959
logreg,109,source_heldout,0.05,104735,2739,2237,2428
logreg,109,source_heldout,0.1,103889,2465,3083,2702
logreg,109,source_heldout,0.15,101547,1918,5425,3249
logreg,109,source_heldout,0.2,100859,1681,6113,3486
logreg,109,source_heldout,0.25,99927,1379,7045,3788
logreg,109,source_heldout,0.3,99107,1305,7865,3862
logreg,109,source_heldout,0.35,98818,1240,8154,3927
logreg,109,source_heldout,0.4,98422,1172,8550,3995
logreg,109,source_heldout,0.45,97082,1087,9890,4080
logreg,109,source_heldout,0.5,95692,881,11280,4286
logreg,109,source_heldout,0.55,93801,812,13171,4355
logreg,109,source_heldout,0.6,92407,802,14565,4365
logreg,109,source_heldout,0.65,75919,729,31053,4438
logreg,109,source_heldout,0.7,71282,666,35690,4501
logreg,109,source_heldout,0.75,70707,482,36265,4685
logreg,109,source_heldout,0.8,69744,328,37228,4839
logreg,109,source_heldout,0.85,68180,172,38792,4995
logreg,109,source_heldout,0.9,64779,102,42193,5065
logreg,109,source_heldout,0.95,17264,23,89708,5144
logreg,109,source_heldout,0.975,12909,16,94063,5151
logreg,109,source_heldout,0.99,8893,9,98079,5158
logreg,109,source_heldout,0.995,5811,7,101161,5160
logreg,109,source_heldout,0.999,2869,3,104103,5164
logreg,109,target,0.05,517367,279667,220786,198069
logreg,109,target,0.1,483717,163912,254436,313824
logreg,109,target,0.15,247178,15881,490975,461855
logreg,109,target,0.2,235798,14425,502355,463311
logreg,109,target,0.25,231550,13337,506603,464399
logreg,109,target,0.3,228983,13070,509170,464666
logreg,109,target,0.35,223620,12814,514533,464922
logreg,109,target,0.4,222063,12414,516090,465322
logreg,109,target,0.45,218920,12008,519233,465728
logreg,109,target,0.5,217684,11668,520469,466068
logreg,109,target,0.55,181084,11373,557069,466363
logreg,109,target,0.6,180232,10969,557921,466767
logreg,109,target,0.65,177641,10488,560512,467248
logreg,109,target,0.7,170725,9962,567428,467774
logreg,109,target,0.75,145671,9602,592482,468134
logreg,109,target,0.8,83525,2876,654628,474860
logreg,109,target,0.85,50663,2335,687490,475401
logreg,109,target,0.9,47879,1863,690274,475873
logreg,109,target,0.95,30,179,738123,477557
logreg,109,target,0.975,13,50,738140,477686
logreg,109,target,0.99,11,21,738142,477715
logreg,109,target,0.995,7,11,738146,477725
logreg,109,target,0.999,0,2,738153,477734
tree,109,source_heldout,0.05,101926,1249,5046,3918
tree,109,source_heldout,0.1,99401,852,7571,4315
tree,109,source_heldout,0.15,98660,553,8312,4614
tree,109,source_heldout,0.2,95820,398,11152,4769
tree,109,source_heldout,0.25,95770,389,11202,4778
tree,109,source_heldout,0.3,95424,363,11548,4804
tree,109,source_heldout,0.35,95424,363,11548,4804
tree,109,source_heldout,0.4,95317,345,11655,4822
tree,109,source_heldout,0.45,95214,338,11758,4829
tree,109,source_heldout,0.5,95193,334,11779,4833
tree,109,source_heldout,0.55,95193,334,11779,4833
tree,109,source_heldout,0.6,95193,334,11779,4833
tree,109,source_heldout,0.65,95172,333,11800,4834
tree,109,source_heldout,0.7,95055,329,11917,4838
tree,109,source_heldout,0.75,94921,328,12051,4839
tree,109,source_heldout,0.8,94784,316,12188,4851
tree,109,source_heldout,0.85,94770,315,12202,4852
tree,109,source_heldout,0.9,94769,315,12203,4852
tree,109,source_heldout,0.95,94300,311,12672,4856
tree,109,source_heldout,0.975,94300,311,12672,4856
tree,109,source_heldout,0.99,91769,308,15203,4859
tree,109,source_heldout,0.995,89207,308,17765,4859
tree,109,source_heldout,0.999,85536,307,21436,4860
tree,109,target,0.05,371680,314250,366473,163486
tree,109,target,0.1,360447,208160,377706,269576
tree,109,target,0.15,360255,207281,377898,270455
tree,109,target,0.2,344216,206256,393937,271480
tree,109,target,0.25,344216,206247,393937,271489
tree,109,target,0.3,324378,179566,413775,298170
tree,109,target,0.35,324378,179566,413775,298170
tree,109,target,0.4,324185,179382,413968,298354
tree,109,target,0.45,324185,179382,413968,298354
tree,109,target,0.5,324185,179382,413968,298354
tree,109,target,0.55,324185,179382,413968,298354
tree,109,target,0.6,324185,179382,413968,298354
tree,109,target,0.65,324184,179379,413969,298357
tree,109,target,0.7,324184,179379,413969,298357
tree,109,target,0.75,324184,179379,413969,298357
tree,109,target,0.8,324183,179372,413970,298364
tree,109,target,0.85,324183,179372,413970,298364
tree,109,target,0.9,324183,179372,413970,298364
tree,109,target,0.95,324183,179372,413970,298364
tree,109,target,0.975,324183,179346,413970,298390
tree,109,target,0.99,324183,179316,413970,298420
tree,109,target,0.995,324183,179316,413970,298420
tree,109,target,0.999,324183,177430,413970,300306
rf,109,source_heldout,0.05,102909,2098,4063,3069
rf,109,source_heldout,0.1,102186,1743,4786,3424
rf,109,source_heldout,0.15,101665,1529,5307,3638
rf,109,source_heldout,0.2,101290,1302,5682,3865
rf,109,source_heldout,0.25,100956,1140,6016,4027
rf,109,source_heldout,0.3,100521,1004,6451,4163
rf,109,source_heldout,0.35,100162,881,6810,4286
rf,109,source_heldout,0.4,99594,791,7378,4376
rf,109,source_heldout,0.45,99006,678,7966,4489
rf,109,source_heldout,0.5,98677,590,8295,4577
rf,109,source_heldout,0.55,98371,509,8601,4658
rf,109,source_heldout,0.6,97879,428,9093,4739
rf,109,source_heldout,0.65,97355,354,9617,4813
rf,109,source_heldout,0.7,96880,282,10092,4885
rf,109,source_heldout,0.75,96249,219,10723,4948
rf,109,source_heldout,0.8,95574,156,11398,5011
rf,109,source_heldout,0.85,94879,126,12093,5041
rf,109,source_heldout,0.9,93857,71,13115,5096
rf,109,source_heldout,0.95,92407,37,14565,5130
rf,109,source_heldout,0.975,91280,29,15692,5138
rf,109,source_heldout,0.99,90245,8,16727,5159
rf,109,source_heldout,0.995,89575,5,17397,5162
rf,109,source_heldout,0.999,83966,2,23006,5165
rf,109,target,0.05,718180,370983,19973,106753
rf,109,target,0.1,711023,370191,27130,107545
rf,109,target,0.15,656508,367652,81645,110084
rf,109,target,0.2,655165,365560,82988,112176
rf,109,target,0.25,648745,362442,89408,115294
rf,109,target,0.3,617306,356144,120847,121592
rf,109,target,0.35,615310,332151,122843,145585
rf,109,target,0.4,384454,182476,353699,295260
rf,109,target,0.45,380983,173062,357170,304674
rf,109,target,0.5,347300,167543,390853,310193
rf,109,target,0.55,315281,163713,422872,314023
rf,109,target,0.6,279240,157010,458913,320726
rf,109,target,0.65,74274,8593,663879,469143
rf,109,target,0.7,66597,2815,671556,474921
rf,109,target,0.75,53977,1399,684176,476337
rf,109,target,0.8,44292,939,693861,476797
rf,109,target,0.85,38422,792,699731,476944
rf,109,target,0.9,2571,49,735582,477687
rf,109,target,0.95,16,11,738137,477725
rf,109,target,0.975,16,10,738137,477726
rf,109,target,0.99,0,5,738153,477731
rf,109,target,0.995,0,2,738153,477734
rf,109,target,0.999,0,2,738153,477734
xgboost,109,source_heldout,0.05,101171,1404,5801,3763
xgboost,109,source_heldout,0.1,99977,929,6995,4238
xgboost,109,source_heldout,0.15,98766,561,8206,4606
xgboost,109,source_heldout,0.2,96934,407,10038,4760
xgboost,109,source_heldout,0.25,96183,330,10789,4837
xgboost,109,source_heldout,0.3,95330,258,11642,4909
xgboost,109,source_heldout,0.35,94998,226,11974,4941
xgboost,109,source_heldout,0.4,94714,198,12258,4969
xgboost,109,source_heldout,0.45,94440,176,12532,4991
xgboost,109,source_heldout,0.5,94284,159,12688,5008
xgboost,109,source_heldout,0.55,93997,144,12975,5023
xgboost,109,source_heldout,0.6,93773,124,13199,5043
xgboost,109,source_heldout,0.65,93554,116,13418,5051
xgboost,109,source_heldout,0.7,93216,91,13756,5076
xgboost,109,source_heldout,0.75,92966,71,14006,5096
xgboost,109,source_heldout,0.8,92711,62,14261,5105
xgboost,109,source_heldout,0.85,92306,57,14666,5110
xgboost,109,source_heldout,0.9,91790,42,15182,5125
xgboost,109,source_heldout,0.95,91057,32,15915,5135
xgboost,109,source_heldout,0.975,89873,20,17099,5147
xgboost,109,source_heldout,0.99,88348,5,18624,5162
xgboost,109,source_heldout,0.995,86398,5,20574,5162
xgboost,109,source_heldout,0.999,79709,3,27263,5164
xgboost,109,target,0.05,629560,451064,108593,26672
xgboost,109,target,0.1,545178,304988,192975,172748
xgboost,109,target,0.15,162976,36839,575177,440897
xgboost,109,target,0.2,117519,20210,620634,457526
xgboost,109,target,0.25,105640,10220,632513,467516
xgboost,109,target,0.3,101737,8706,636416,469030
xgboost,109,target,0.35,99686,7793,638467,469943
xgboost,109,target,0.4,97169,5373,640984,472363
xgboost,109,target,0.45,91509,2798,646644,474938
xgboost,109,target,0.5,84210,2430,653943,475306
xgboost,109,target,0.55,78088,2103,660065,475633
xgboost,109,target,0.6,74165,1924,663988,475812
xgboost,109,target,0.65,64908,1668,673245,476068
xgboost,109,target,0.7,60270,1518,677883,476218
xgboost,109,target,0.75,58717,1091,679436,476645
xgboost,109,target,0.8,56236,924,681917,476812
xgboost,109,target,0.85,53479,560,684674,477176
xgboost,109,target,0.9,11203,288,726950,477448
xgboost,109,target,0.95,5732,31,732421,477705
xgboost,109,target,0.975,1487,11,736666,477725
xgboost,109,target,0.99,158,1,737995,477735
xgboost,109,target,0.995,0,0,738153,477736
xgboost,109,target,0.999,0,0,738153,477736
hgb,109,source_heldout,0.05,101487,1482,5485,3685
hgb,109,source_heldout,0.1,100251,975,6721,4192
hgb,109,source_heldout,0.15,99037,638,7935,4529
hgb,109,source_heldout,0.2,97603,477,9369,4690
hgb,109,source_heldout,0.25,95731,350,11241,4817
hgb,109,source_heldout,0.3,95333,290,11639,4877
hgb,109,source_heldout,0.35,95008,260,11964,4907
hgb,109,source_heldout,0.4,94560,217,12412,4950
hgb,109,source_heldout,0.45,94269,181,12703,4986
hgb,109,source_heldout,0.5,94040,168,12932,4999
hgb,109,source_heldout,0.55,93755,152,13217,5015
hgb,109,source_heldout,0.6,93424,135,13548,5032
hgb,109,source_heldout,0.65,93080,129,13892,5038
hgb,109,source_heldout,0.7,92894,122,14078,5045
hgb,109,source_heldout,0.75,92607,110,14365,5057
hgb,109,source_heldout,0.8,92179,86,14793,5081
hgb,109,source_heldout,0.85,91743,70,15229,5097
hgb,109,source_heldout,0.9,91145,47,15827,5120
hgb,109,source_heldout,0.95,89829,24,17143,5143
hgb,109,source_heldout,0.975,88442,21,18530,5146
hgb,109,source_heldout,0.99,86293,5,20679,5162
hgb,109,source_heldout,0.995,85274,3,21698,5164
hgb,109,source_heldout,0.999,71736,3,35236,5164
hgb,109,target,0.05,628052,456683,110101,21053
hgb,109,target,0.1,396889,173995,341264,303741
hgb,109,target,0.15,352328,160971,385825,316765
hgb,109,target,0.2,316031,157338,422122,320398
hgb,109,target,0.25,312232,154585,425921,323151
hgb,109,target,0.3,307634,152737,430519,324999
hgb,109,target,0.35,135748,31652,602405,446084
hgb,109,target,0.4,87116,28732,651037,449004
hgb,109,target,0.45,72484,20362,665669,457374
hgb,109,target,0.5,60485,8723,677668,469013
hgb,109,target,0.55,59314,8336,678839,469400
hgb,109,target,0.6,58810,8024,679343,469712
hgb,109,target,0.65,56889,7531,681264,470205
hgb,109,target,0.7,56292,5660,681861,472076
hgb,109,target,0.75,47627,4623,690526,473113
hgb,109,target,0.8,47070,3252,691083,474484
hgb,109,target,0.85,44232,2107,693921,475629
hgb,109,target,0.9,9834,1057,728319,476679
hgb,109,target,0.95,7965,379,730188,477357
hgb,109,target,0.975,2543,144,735610,477592
hgb,109,target,0.99,1430,11,736723,477725
hgb,109,target,0.995,1091,0,737062,477736
hgb,109,target,0.999,161,0,737992,477736
mlp,109,source_heldout,0.05,101425,1378,5547,3789
mlp,109,source_heldout,0.1,99417,826,7555,4341
mlp,109,source_heldout,0.15,96635,485,10337,4682
mlp,109,source_heldout,0.2,95734,390,11238,4777
mlp,109,source_heldout,0.25,94931,294,12041,4873
mlp,109,source_heldout,0.3,94501,271,12471,4896
mlp,109,source_heldout,0.35,93945,246,13027,4921
mlp,109,source_heldout,0.4,93614,194,13358,4973
mlp,109,source_heldout,0.45,93281,161,13691,5006
mlp,109,source_heldout,0.5,92901,139,14071,5028
mlp,109,source_heldout,0.55,92658,126,14314,5041
mlp,109,source_heldout,0.6,92332,101,14640,5066
mlp,109,source_heldout,0.65,92076,97,14896,5070
mlp,109,source_heldout,0.7,91862,83,15110,5084
mlp,109,source_heldout,0.75,91611,73,15361,5094
mlp,109,source_heldout,0.8,91327,60,15645,5107
mlp,109,source_heldout,0.85,90690,56,16282,5111
mlp,109,source_heldout,0.9,90139,50,16833,5117
mlp,109,source_heldout,0.95,86000,18,20972,5149
mlp,109,source_heldout,0.975,84934,12,22038,5155
mlp,109,source_heldout,0.99,83408,6,23564,5161
mlp,109,source_heldout,0.995,82033,4,24939,5163
mlp,109,source_heldout,0.999,60123,2,46849,5165
mlp,109,target,0.05,596901,442646,141252,35090
mlp,109,target,0.1,593566,435205,144587,42531
mlp,109,target,0.15,592977,403094,145176,74642
mlp,109,target,0.2,592600,397502,145553,80234
mlp,109,target,0.25,592451,396458,145702,81278
mlp,109,target,0.3,592346,291629,145807,186107
mlp,109,target,0.35,557920,291262,180233,186474
mlp,109,target,0.4,557189,290975,180964,186761
mlp,109,target,0.45,556682,290929,181471,186807
mlp,109,target,0.5,555839,290791,182314,186945
mlp,109,target,0.55,555183,290695,182970,187041
mlp,109,target,0.6,554174,290661,183979,187075
mlp,109,target,0.65,552368,290518,185785,187218
mlp,109,target,0.7,485302,290392,252851,187344
mlp,109,target,0.75,481917,290313,256236,187423
mlp,109,target,0.8,68592,8706,669561,469030
mlp,109,target,0.85,60616,8611,677537,469125
mlp,109,target,0.9,54236,4496,683917,473240
mlp,109,target,0.95,37985,1430,700168,476306
mlp,109,target,0.975,24986,907,713167,476829
mlp,109,target,0.99,106,94,738047,477642
mlp,109,target,0.995,30,81,738123,477655
mlp,109,target,0.999,0,5,738153,477731
majority,110,source_heldout,0.05,88648,15,0,0
majority,110,source_heldout,0.1,88648,15,0,0
majority,110,source_heldout,0.15,88648,15,0,0
majority,110,source_heldout,0.2,88648,15,0,0
majority,110,source_heldout,0.25,88648,15,0,0
majority,110,source_heldout,0.3,88648,15,0,0
majority,110,source_heldout,0.35,88648,15,0,0
majority,110,source_heldout,0.4,88648,15,0,0
majority,110,source_heldout,0.45,88648,15,0,0
majority,110,source_heldout,0.5,88648,15,0,0
majority,110,source_heldout,0.55,88648,15,0,0
majority,110,source_heldout,0.6,88648,15,0,0
majority,110,source_heldout,0.65,88648,15,0,0
majority,110,source_heldout,0.7,88648,15,0,0
majority,110,source_heldout,0.75,88648,15,0,0
majority,110,source_heldout,0.8,88648,15,0,0
majority,110,source_heldout,0.85,88648,15,0,0
majority,110,source_heldout,0.9,88648,15,0,0
majority,110,source_heldout,0.95,88648,15,0,0
majority,110,source_heldout,0.975,88648,15,0,0
majority,110,source_heldout,0.99,88648,15,0,0
majority,110,source_heldout,0.995,88648,15,0,0
majority,110,source_heldout,0.999,88648,15,0,0
majority,110,target,0.05,738153,477736,0,0
majority,110,target,0.1,738153,477736,0,0
majority,110,target,0.15,738153,477736,0,0
majority,110,target,0.2,738153,477736,0,0
majority,110,target,0.25,738153,477736,0,0
majority,110,target,0.3,738153,477736,0,0
majority,110,target,0.35,738153,477736,0,0
majority,110,target,0.4,738153,477736,0,0
majority,110,target,0.45,738153,477736,0,0
majority,110,target,0.5,738153,477736,0,0
majority,110,target,0.55,738153,477736,0,0
majority,110,target,0.6,738153,477736,0,0
majority,110,target,0.65,738153,477736,0,0
majority,110,target,0.7,738153,477736,0,0
majority,110,target,0.75,738153,477736,0,0
majority,110,target,0.8,738153,477736,0,0
majority,110,target,0.85,738153,477736,0,0
majority,110,target,0.9,738153,477736,0,0
majority,110,target,0.95,738153,477736,0,0
majority,110,target,0.975,738153,477736,0,0
majority,110,target,0.99,738153,477736,0,0
majority,110,target,0.995,738153,477736,0,0
majority,110,target,0.999,738153,477736,0,0
stratified,110,source_heldout,0.05,81833,13,6815,2
stratified,110,source_heldout,0.1,81833,13,6815,2
stratified,110,source_heldout,0.15,81833,13,6815,2
stratified,110,source_heldout,0.2,81833,13,6815,2
stratified,110,source_heldout,0.25,81833,13,6815,2
stratified,110,source_heldout,0.3,81833,13,6815,2
stratified,110,source_heldout,0.35,81833,13,6815,2
stratified,110,source_heldout,0.4,81833,13,6815,2
stratified,110,source_heldout,0.45,81833,13,6815,2
stratified,110,source_heldout,0.5,81833,13,6815,2
stratified,110,source_heldout,0.55,81833,13,6815,2
stratified,110,source_heldout,0.6,81833,13,6815,2
stratified,110,source_heldout,0.65,81833,13,6815,2
stratified,110,source_heldout,0.7,81833,13,6815,2
stratified,110,source_heldout,0.75,81833,13,6815,2
stratified,110,source_heldout,0.8,81833,13,6815,2
stratified,110,source_heldout,0.85,81833,13,6815,2
stratified,110,source_heldout,0.9,81833,13,6815,2
stratified,110,source_heldout,0.95,81833,13,6815,2
stratified,110,source_heldout,0.975,81833,13,6815,2
stratified,110,source_heldout,0.99,81833,13,6815,2
stratified,110,source_heldout,0.995,81833,13,6815,2
stratified,110,source_heldout,0.999,81833,13,6815,2
stratified,110,target,0.05,681655,441163,56498,36573
stratified,110,target,0.1,681655,441163,56498,36573
stratified,110,target,0.15,681655,441163,56498,36573
stratified,110,target,0.2,681655,441163,56498,36573
stratified,110,target,0.25,681655,441163,56498,36573
stratified,110,target,0.3,681655,441163,56498,36573
stratified,110,target,0.35,681655,441163,56498,36573
stratified,110,target,0.4,681655,441163,56498,36573
stratified,110,target,0.45,681655,441163,56498,36573
stratified,110,target,0.5,681655,441163,56498,36573
stratified,110,target,0.55,681655,441163,56498,36573
stratified,110,target,0.6,681655,441163,56498,36573
stratified,110,target,0.65,681655,441163,56498,36573
stratified,110,target,0.7,681655,441163,56498,36573
stratified,110,target,0.75,681655,441163,56498,36573
stratified,110,target,0.8,681655,441163,56498,36573
stratified,110,target,0.85,681655,441163,56498,36573
stratified,110,target,0.9,681655,441163,56498,36573
stratified,110,target,0.95,681655,441163,56498,36573
stratified,110,target,0.975,681655,441163,56498,36573
stratified,110,target,0.99,681655,441163,56498,36573
stratified,110,target,0.995,681655,441163,56498,36573
stratified,110,target,0.999,681655,441163,56498,36573
logreg,110,source_heldout,0.05,88634,11,14,4
logreg,110,source_heldout,0.1,88026,9,622,6
logreg,110,source_heldout,0.15,88013,4,635,11
logreg,110,source_heldout,0.2,87329,4,1319,11
logreg,110,source_heldout,0.25,86758,4,1890,11
logreg,110,source_heldout,0.3,86264,4,2384,11
logreg,110,source_heldout,0.35,86156,4,2492,11
logreg,110,source_heldout,0.4,86100,4,2548,11
logreg,110,source_heldout,0.45,85993,3,2655,12
logreg,110,source_heldout,0.5,82650,3,5998,12
logreg,110,source_heldout,0.55,82408,3,6240,12
logreg,110,source_heldout,0.6,82220,3,6428,12
logreg,110,source_heldout,0.65,82015,3,6633,12
logreg,110,source_heldout,0.7,79364,3,9284,12
logreg,110,source_heldout,0.75,59275,3,29373,12
logreg,110,source_heldout,0.8,58237,3,30411,12
logreg,110,source_heldout,0.85,54315,2,34333,13
logreg,110,source_heldout,0.9,49264,2,39384,13
logreg,110,source_heldout,0.95,3165,2,85483,13
logreg,110,source_heldout,0.975,2154,2,86494,13
logreg,110,source_heldout,0.99,1082,2,87566,13
logreg,110,source_heldout,0.995,844,2,87804,13
logreg,110,source_heldout,0.999,469,2,88179,13
logreg,110,target,0.05,701163,449500,36990,28236
logreg,110,target,0.1,514023,189634,224130,288102
logreg,110,target,0.15,244079,22958,494074,454778
logreg,110,target,0.2,232871,21946,505282,455790
logreg,110,target,0.25,230216,19720,507937,458016
logreg,110,target,0.3,224186,16139,513967,461597
logreg,110,target,0.35,220361,12388,517792,465348
logreg,110,target,0.4,218679,11999,519474,465737
logreg,110,target,0.45,218097,11342,520056,466394
logreg,110,target,0.5,217226,10919,520927,466817
logreg,110,target,0.55,215101,10453,523052,467283
logreg,110,target,0.6,188452,6587,549701,471149
logreg,110,target,0.65,146539,5920,591614,471816
logreg,110,target,0.7,96976,3476,641177,474260
logreg,110,target,0.75,69697,2659,668456,475077
logreg,110,target,0.8,48937,2256,689216,475480
logreg,110,target,0.85,43361,859,694792,476877
logreg,110,target,0.9,43,147,738110,477589
logreg,110,target,0.95,13,8,738140,477728
logreg,110,target,0.975,11,5,738142,477731
logreg,110,target,0.99,0,2,738153,477734
logreg,110,target,0.995,0,1,738153,477735
logreg,110,target,0.999,0,0,738153,477736
tree,110,source_heldout,0.05,81883,12,6765,3
tree,110,source_heldout,0.1,65369,11,23279,4
tree,110,source_heldout,0.15,60097,10,28551,5
tree,110,source_heldout,0.2,60021,9,28627,6
tree,110,source_heldout,0.25,60016,9,28632,6
tree,110,source_heldout,0.3,59995,9,28653,6
tree,110,source_heldout,0.35,59995,9,28653,6
tree,110,source_heldout,0.4,59979,9,28669,6
tree,110,source_heldout,0.45,59969,8,28679,7
tree,110,source_heldout,0.5,59969,8,28679,7
tree,110,source_heldout,0.55,59833,8,28815,7
tree,110,source_heldout,0.6,59833,8,28815,7
tree,110,source_heldout,0.65,59833,8,28815,7
tree,110,source_heldout,0.7,59833,8,28815,7
tree,110,source_heldout,0.75,59826,8,28822,7
tree,110,source_heldout,0.8,59823,8,28825,7
tree,110,source_heldout,0.85,59823,8,28825,7
tree,110,source_heldout,0.9,57976,7,30672,8
tree,110,source_heldout,0.95,57976,7,30672,8
tree,110,source_heldout,0.975,57976,7,30672,8
tree,110,source_heldout,0.99,57976,7,30672,8
tree,110,source_heldout,0.995,57566,7,31082,8
tree,110,source_heldout,0.999,56667,7,31981,8
tree,110,target,0.05,449365,319001,288788,158735
tree,110,target,0.1,399359,311027,338794,166709
tree,110,target,0.15,361291,267731,376862,210005
tree,110,target,0.2,360248,267698,377905,210038
tree,110,target,0.25,360233,266443,377920,211293
tree,110,target,0.3,360233,266443,377920,211293
tree,110,target,0.35,360233,266443,377920,211293
tree,110,target,0.4,360233,266443,377920,211293
tree,110,target,0.45,360169,262305,377984,215431
tree,110,target,0.5,360169,262305,377984,215431
tree,110,target,0.55,360158,262284,377995,215452
tree,110,target,0.6,360158,262284,377995,215452
tree,110,target,0.65,360158,262284,377995,215452
tree,110,target,0.7,360158,262212,377995,215524
tree,110,target,0.75,360158,262212,377995,215524
tree,110,target,0.8,360158,262212,377995,215524
tree,110,target,0.85,360158,262212,377995,215524
tree,110,target,0.9,360158,262132,377995,215604
tree,110,target,0.95,360158,262132,377995,215604
tree,110,target,0.975,360158,262132,377995,215604
tree,110,target,0.99,360158,262112,377995,215624
tree,110,target,0.995,360158,262097,377995,215639
tree,110,target,0.999,360158,262097,377995,215639
rf,110,source_heldout,0.05,88648,15,0,0
rf,110,source_heldout,0.1,88646,13,2,2
rf,110,source_heldout,0.15,88641,13,7,2
rf,110,source_heldout,0.2,88631,13,17,2
rf,110,source_heldout,0.25,88584,13,64,2
rf,110,source_heldout,0.3,77939,13,10709,2
rf,110,source_heldout,0.35,74932,13,13716,2
rf,110,source_heldout,0.4,74519,13,14129,2
rf,110,source_heldout,0.45,73556,11,15092,4
rf,110,source_heldout,0.5,72312,11,16336,4
rf,110,source_heldout,0.55,72010,10,16638,5
rf,110,source_heldout,0.6,71761,10,16887,5
rf,110,source_heldout,0.65,68081,9,20567,6
rf,110,source_heldout,0.7,64311,9,24337,6
rf,110,source_heldout,0.75,61115,1,27533,14
rf,110,source_heldout,0.8,53759,0,34889,15
rf,110,source_heldout,0.85,49564,0,39084,15
rf,110,source_heldout,0.9,47976,0,40672,15
rf,110,source_heldout,0.95,38534,0,50114,15
rf,110,source_heldout,0.975,37642,0,51006,15
rf,110,source_heldout,0.99,33422,0,55226,15
rf,110,source_heldout,0.995,8240,0,80408,15
rf,110,source_heldout,0.999,7074,0,81574,15
rf,110,target,0.05,738152,477212,1,524
rf,110,target,0.1,700400,371939,37753,105797
rf,110,target,0.15,686001,370552,52152,107184
rf,110,target,0.2,655640,368893,82513,108843
rf,110,target,0.25,653927,367512,84226,110224
rf,110,target,0.3,633474,362477,104679,115259
rf,110,target,0.35,631192,358417,106961,119319
rf,110,target,0.4,628119,349617,110034,128119
rf,110,target,0.45,394762,180437,343391,297299
rf,110,target,0.5,384537,175126,353616,302610
rf,110,target,0.55,373841,168432,364312,309304
rf,110,target,0.6,346671,159305,391482,318431
rf,110,target,0.65,333745,148779,404408,328957
rf,110,target,0.7,280280,146343,457873,331393
rf,110,target,0.75,264616,145203,473537,332533
rf,110,target,0.8,222285,140857,515868,336879
rf,110,target,0.85,17410,13512,720743,464224
rf,110,target,0.9,2031,229,736122,477507
rf,110,target,0.95,0,3,738153,477733
rf,110,target,0.975,0,1,738153,477735
rf,110,target,0.99,0,1,738153,477735
rf,110,target,0.995,0,1,738153,477735
rf,110,target,0.999,0,0,738153,477736
xgboost,110,source_heldout,0.05,88643,15,5,0
xgboost,110,source_heldout,0.1,88605,13,43,2
xgboost,110,source_heldout,0.15,87678,12,970,3
xgboost,110,source_heldout,0.2,86844,12,1804,3
xgboost,110,source_heldout,0.25,81838,12,6810,3
xgboost,110,source_heldout,0.3,73705,12,14943,3
xgboost,110,source_heldout,0.35,72131,10,16517,5
xgboost,110,source_heldout,0.4,71695,8,16953,7
xgboost,110,source_heldout,0.45,71484,6,17164,9
xgboost,110,source_heldout,0.5,71197,4,17451,11
xgboost,110,source_heldout,0.55,70996,4,17652,11
xgboost,110,source_heldout,0.6,70791,4,17857,11
xgboost,110,source_heldout,0.65,70647,4,18001,11
xgboost,110,source_heldout,0.7,68700,4,19948,11
xgboost,110,source_heldout,0.75,67257,4,21391,11
xgboost,110,source_heldout,0.8,66968,4,21680,11
xgboost,110,source_heldout,0.85,66067,3,22581,12
xgboost,110,source_heldout,0.9,60245,0,28403,15
xgboost,110,source_heldout,0.95,51409,0,37239,15
xgboost,110,source_heldout,0.975,47033,0,41615,15
xgboost,110,source_heldout,0.99,25237,0,63411,15
xgboost,110,source_heldout,0.995,20909,0,67739,15
xgboost,110,source_heldout,0.999,10159,0,78489,15
xgboost,110,target,0.05,704418,467147,33735,10589
xgboost,110,target,0.1,657794,454359,80359,23377
xgboost,110,target,0.15,651336,332341,86817,145395
xgboost,110,target,0.2,575016,316459,163137,161277
xgboost,110,target,0.25,550119,288700,188034,189036
xgboost,110,target,0.3,306058,144811,432095,332925
xgboost,110,target,0.35,297149,143201,441004,334535
xgboost,110,target,0.4,261901,142482,476252,335254
xgboost,110,target,0.45,260381,141985,477772,335751
xgboost,110,target,0.5,215978,141691,522175,336045
xgboost,110,target,0.55,95747,21921,642406,455815
xgboost,110,target,0.6,63121,21418,675032,456318
xgboost,110,target,0.65,18528,10243,719625,467493
xgboost,110,target,0.7,13887,7564,724266,470172
xgboost,110,target,0.75,8651,4161,729502,473575
xgboost,110,target,0.8,1988,406,736165,477330
xgboost,110,target,0.85,1599,44,736554,477692
xgboost,110,target,0.9,260,17,737893,477719
xgboost,110,target,0.95,0,4,738153,477732
xgboost,110,target,0.975,0,0,738153,477736
xgboost,110,target,0.99,0,0,738153,477736
xgboost,110,target,0.995,0,0,738153,477736
xgboost,110,target,0.999,0,0,738153,477736
hgb,110,source_heldout,0.05,88640,15,8,0
hgb,110,source_heldout,0.1,88320,15,328,0
hgb,110,source_heldout,0.15,87321,13,1327,2
hgb,110,source_heldout,0.2,72073,10,16575,5
hgb,110,source_heldout,0.25,72003,10,16645,5
hgb,110,source_heldout,0.3,71844,10,16804,5
hgb,110,source_heldout,0.35,71520,9,17128,6
hgb,110,source_heldout,0.4,70390,8,18258,7
hgb,110,source_heldout,0.45,67836,8,20812,7
hgb,110,source_heldout,0.5,67625,7,21023,8
hgb,110,source_heldout,0.55,67037,5,21611,10
hgb,110,source_heldout,0.6,66770,4,21878,11
hgb,110,source_heldout,0.65,66690,4,21958,11
hgb,110,source_heldout,0.7,66638,0,22010,15
hgb,110,source_heldout,0.75,66512,0,22136,15
hgb,110,source_heldout,0.8,66314,0,22334,15
hgb,110,source_heldout,0.85,65947,0,22701,15
hgb,110,source_heldout,0.9,62803,0,25845,15
hgb,110,source_heldout,0.95,55558,0,33090,15
hgb,110,source_heldout,0.975,31438,0,57210,15
hgb,110,source_heldout,0.99,21994,0,66654,15
hgb,110,source_heldout,0.995,20706,0,67942,15
hgb,110,source_heldout,0.999,11346,0,77302,15
hgb,110,target,0.05,695503,464748,42650,12988
hgb,110,target,0.1,655377,445656,82776,32080
hgb,110,target,0.15,629694,329860,108459,147876
hgb,110,target,0.2,604704,298194,133449,179542
hgb,110,target,0.25,326075,147665,412078,330071
hgb,110,target,0.3,315391,146134,422762,331602
hgb,110,target,0.35,202405,41104,535748,436632
hgb,110,target,0.4,177364,24299,560789,453437
hgb,110,target,0.45,121433,23590,616720,454146
hgb,110,target,0.5,113200,22754,624953,454982
hgb,110,target,0.55,105414,22536,632739,455200
hgb,110,target,0.6,100936,22400,637217,455336
hgb,110,target,0.65,93684,21687,644469,456049
hgb,110,target,0.7,59590,21339,678563,456397
hgb,110,target,0.75,57218,21095,680935,456641
hgb,110,target,0.8,39344,3240,698809,474496
hgb,110,target,0.85,36755,1283,701398,476453
hgb,110,target,0.9,35505,805,702648,476931
hgb,110,target,0.95,533,233,737620,477503
hgb,110,target,0.975,0,0,738153,477736
hgb,110,target,0.99,0,0,738153,477736
hgb,110,target,0.995,0,0,738153,477736
hgb,110,target,0.999,0,0,738153,477736
mlp,110,source_heldout,0.05,88620,15,28,0
mlp,110,source_heldout,0.1,88601,14,47,1
mlp,110,source_heldout,0.15,87934,12,714,3
mlp,110,source_heldout,0.2,87780,11,868,4
mlp,110,source_heldout,0.25,87614,11,1034,4
mlp,110,source_heldout,0.3,87488,10,1160,5
mlp,110,source_heldout,0.35,87393,10,1255,5
mlp,110,source_heldout,0.4,87257,9,1391,6
mlp,110,source_heldout,0.45,87104,9,1544,6
mlp,110,source_heldout,0.5,86365,9,2283,6
mlp,110,source_heldout,0.55,82344,9,6304,6
mlp,110,source_heldout,0.6,76445,9,12203,6
mlp,110,source_heldout,0.65,69437,9,19211,6
mlp,110,source_heldout,0.7,67768,9,20880,6
mlp,110,source_heldout,0.75,67538,9,21110,6
mlp,110,source_heldout,0.8,66513,9,22135,6
mlp,110,source_heldout,0.85,65665,9,22983,6
mlp,110,source_heldout,0.9,62047,8,26601,7
mlp,110,source_heldout,0.95,58648,8,30000,7
mlp,110,source_heldout,0.975,57904,8,30744,7
mlp,110,source_heldout,0.99,49727,8,38921,7
mlp,110,source_heldout,0.995,40420,8,48228,7
mlp,110,source_heldout,0.999,10609,8,78039,7
mlp,110,target,0.05,693550,445694,44603,32042
mlp,110,target,0.1,687360,337565,50793,140171
mlp,110,target,0.15,669613,323790,68540,153946
mlp,110,target,0.2,639116,295679,99037,182057
mlp,110,target,0.25,614139,291680,124014,186056
mlp,110,target,0.3,390667,147900,347486,329836
mlp,110,target,0.35,324442,147791,413711,329945
mlp,110,target,0.4,320347,147719,417806,330017
mlp,110,target,0.45,316844,147661,421309,330075
mlp,110,target,0.5,313858,147593,424295,330143
mlp,110,target,0.55,311182,147548,426971,330188
mlp,110,target,0.6,81321,5726,656832,472010
mlp,110,target,0.65,43458,5440,694695,472296
mlp,110,target,0.7,24670,4997,713483,472739
mlp,110,target,0.75,20809,4750,717344,472986
mlp,110,target,0.8,13318,4675,724835,473061
mlp,110,target,0.85,8954,4621,729199,473115
mlp,110,target,0.9,4042,4608,734111,473128
mlp,110,target,0.95,505,4557,737648,473179
mlp,110,target,0.975,0,4543,738153,473193
mlp,110,target,0.99,0,4543,738153,473193
mlp,110,target,0.995,0,4543,738153,473193
mlp,110,target,0.999,0,4543,738153,473193
majority,111,source_heldout,0.05,97877,4018,0,0
majority,111,source_heldout,0.1,97877,4018,0,0
majority,111,source_heldout,0.15,97877,4018,0,0
majority,111,source_heldout,0.2,97877,4018,0,0
majority,111,source_heldout,0.25,97877,4018,0,0
majority,111,source_heldout,0.3,97877,4018,0,0
majority,111,source_heldout,0.35,97877,4018,0,0
majority,111,source_heldout,0.4,97877,4018,0,0
majority,111,source_heldout,0.45,97877,4018,0,0
majority,111,source_heldout,0.5,97877,4018,0,0
majority,111,source_heldout,0.55,97877,4018,0,0
majority,111,source_heldout,0.6,97877,4018,0,0
majority,111,source_heldout,0.65,97877,4018,0,0
majority,111,source_heldout,0.7,97877,4018,0,0
majority,111,source_heldout,0.75,97877,4018,0,0
majority,111,source_heldout,0.8,97877,4018,0,0
majority,111,source_heldout,0.85,97877,4018,0,0
majority,111,source_heldout,0.9,97877,4018,0,0
majority,111,source_heldout,0.95,97877,4018,0,0
majority,111,source_heldout,0.975,97877,4018,0,0
majority,111,source_heldout,0.99,97877,4018,0,0
majority,111,source_heldout,0.995,97877,4018,0,0
majority,111,source_heldout,0.999,97877,4018,0,0
majority,111,target,0.05,738153,477736,0,0
majority,111,target,0.1,738153,477736,0,0
majority,111,target,0.15,738153,477736,0,0
majority,111,target,0.2,738153,477736,0,0
majority,111,target,0.25,738153,477736,0,0
majority,111,target,0.3,738153,477736,0,0
majority,111,target,0.35,738153,477736,0,0
majority,111,target,0.4,738153,477736,0,0
majority,111,target,0.45,738153,477736,0,0
majority,111,target,0.5,738153,477736,0,0
majority,111,target,0.55,738153,477736,0,0
majority,111,target,0.6,738153,477736,0,0
majority,111,target,0.65,738153,477736,0,0
majority,111,target,0.7,738153,477736,0,0
majority,111,target,0.75,738153,477736,0,0
majority,111,target,0.8,738153,477736,0,0
majority,111,target,0.85,738153,477736,0,0
majority,111,target,0.9,738153,477736,0,0
majority,111,target,0.95,738153,477736,0,0
majority,111,target,0.975,738153,477736,0,0
majority,111,target,0.99,738153,477736,0,0
majority,111,target,0.995,738153,477736,0,0
majority,111,target,0.999,738153,477736,0,0
stratified,111,source_heldout,0.05,91851,3754,6026,264
stratified,111,source_heldout,0.1,91851,3754,6026,264
stratified,111,source_heldout,0.15,91851,3754,6026,264
stratified,111,source_heldout,0.2,91851,3754,6026,264
stratified,111,source_heldout,0.25,91851,3754,6026,264
stratified,111,source_heldout,0.3,91851,3754,6026,264
stratified,111,source_heldout,0.35,91851,3754,6026,264
stratified,111,source_heldout,0.4,91851,3754,6026,264
stratified,111,source_heldout,0.45,91851,3754,6026,264
stratified,111,source_heldout,0.5,91851,3754,6026,264
stratified,111,source_heldout,0.55,91851,3754,6026,264
stratified,111,source_heldout,0.6,91851,3754,6026,264
stratified,111,source_heldout,0.65,91851,3754,6026,264
stratified,111,source_heldout,0.7,91851,3754,6026,264
stratified,111,source_heldout,0.75,91851,3754,6026,264
stratified,111,source_heldout,0.8,91851,3754,6026,264
stratified,111,source_heldout,0.85,91851,3754,6026,264
stratified,111,source_heldout,0.9,91851,3754,6026,264
stratified,111,source_heldout,0.95,91851,3754,6026,264
stratified,111,source_heldout,0.975,91851,3754,6026,264
stratified,111,source_heldout,0.99,91851,3754,6026,264
stratified,111,source_heldout,0.995,91851,3754,6026,264
stratified,111,source_heldout,0.999,91851,3754,6026,264
stratified,111,target,0.05,692733,448280,45420,29456
stratified,111,target,0.1,692733,448280,45420,29456
stratified,111,target,0.15,692733,448280,45420,29456
stratified,111,target,0.2,692733,448280,45420,29456
stratified,111,target,0.25,692733,448280,45420,29456
stratified,111,target,0.3,692733,448280,45420,29456
stratified,111,target,0.35,692733,448280,45420,29456
stratified,111,target,0.4,692733,448280,45420,29456
stratified,111,target,0.45,692733,448280,45420,29456
stratified,111,target,0.5,692733,448280,45420,29456
stratified,111,target,0.55,692733,448280,45420,29456
stratified,111,target,0.6,692733,448280,45420,29456
stratified,111,target,0.65,692733,448280,45420,29456
stratified,111,target,0.7,692733,448280,45420,29456
stratified,111,target,0.75,692733,448280,45420,29456
stratified,111,target,0.8,692733,448280,45420,29456
stratified,111,target,0.85,692733,448280,45420,29456
stratified,111,target,0.9,692733,448280,45420,29456
stratified,111,target,0.95,692733,448280,45420,29456
stratified,111,target,0.975,692733,448280,45420,29456
stratified,111,target,0.99,692733,448280,45420,29456
stratified,111,target,0.995,692733,448280,45420,29456
stratified,111,target,0.999,692733,448280,45420,29456
logreg,111,source_heldout,0.05,96971,1814,906,2204
logreg,111,source_heldout,0.1,96749,1665,1128,2353
logreg,111,source_heldout,0.15,95412,1546,2465,2472
logreg,111,source_heldout,0.2,94460,1098,3417,2920
logreg,111,source_heldout,0.25,94357,997,3520,3021
logreg,111,source_heldout,0.3,93608,939,4269,3079
logreg,111,source_heldout,0.35,93445,878,4432,3140
logreg,111,source_heldout,0.4,93201,822,4676,3196
logreg,111,source_heldout,0.45,92691,797,5186,3221
logreg,111,source_heldout,0.5,92289,789,5588,3229
logreg,111,source_heldout,0.55,91805,625,6072,3393
logreg,111,source_heldout,0.6,89872,601,8005,3417
logreg,111,source_heldout,0.65,70922,572,26955,3446
logreg,111,source_heldout,0.7,69351,500,28526,3518
logreg,111,source_heldout,0.75,68846,265,29031,3753
logreg,111,source_heldout,0.8,68035,124,29842,3894
logreg,111,source_heldout,0.85,67080,59,30797,3959
logreg,111,source_heldout,0.9,61396,14,36481,4004
logreg,111,source_heldout,0.95,13544,7,84333,4011
logreg,111,source_heldout,0.975,5881,2,91996,4016
logreg,111,source_heldout,0.99,2881,1,94996,4017
logreg,111,source_heldout,0.995,2793,1,95084,4017
logreg,111,source_heldout,0.999,1565,1,96312,4017
logreg,111,target,0.05,700882,443680,37271,34056
logreg,111,target,0.1,286031,20617,452122,457119
logreg,111,target,0.15,241246,19745,496907,457991
logreg,111,target,0.2,232399,18946,505754,458790
logreg,111,target,0.25,230191,16209,507962,461527
logreg,111,target,0.3,225571,12674,512582,465062
logreg,111,target,0.35,223358,12427,514795,465309
logreg,111,target,0.4,219995,12154,518158,465582
logreg,111,target,0.45,218582,11622,519571,466114
logreg,111,target,0.5,216818,11345,521335,466391
logreg,111,target,0.55,215407,10736,522746,467000
logreg,111,target,0.6,212698,10374,525455,467362
logreg,111,target,0.65,189202,6282,548951,471454
logreg,111,target,0.7,135698,5920,602455,471816
logreg,111,target,0.75,75567,3876,662586,473860
logreg,111,target,0.8,54663,2431,683490,475305
logreg,111,target,0.85,49267,1952,688886,475784
logreg,111,target,0.9,46002,998,692151,476738
logreg,111,target,0.95,13,39,738140,477697
logreg,111,target,0.975,11,9,738142,477727
logreg,111,target,0.99,0,4,738153,477732
logreg,111,target,0.995,0,2,738153,477734
logreg,111,target,0.999,0,0,738153,477736
tree,111,source_heldout,0.05,97446,989,431,3029
tree,111,source_heldout,0.1,96991,681,886,3337
tree,111,source_heldout,0.15,95982,331,1895,3687
tree,111,source_heldout,0.2,95962,325,1915,3693
tree,111,source_heldout,0.25,93114,157,4763,3861
tree,111,source_heldout,0.3,93113,157,4764,3861
tree,111,source_heldout,0.35,93113,157,4764,3861
tree,111,source_heldout,0.4,93068,153,4809,3865
tree,111,source_heldout,0.45,93049,153,4828,3865
tree,111,source_heldout,0.5,93036,152,4841,3866
tree,111,source_heldout,0.55,92916,148,4961,3870
tree,111,source_heldout,0.6,92898,146,4979,3872
tree,111,source_heldout,0.65,92898,146,4979,3872
tree,111,source_heldout,0.7,92808,141,5069,3877
tree,111,source_heldout,0.75,92792,141,5085,3877
tree,111,source_heldout,0.8,92786,140,5091,3878
tree,111,source_heldout,0.85,92739,139,5138,3879
tree,111,source_heldout,0.9,92563,123,5314,3895
tree,111,source_heldout,0.95,92563,123,5314,3895
tree,111,source_heldout,0.975,88848,115,9029,3903
tree,111,source_heldout,0.99,88848,115,9029,3903
tree,111,source_heldout,0.995,88026,113,9851,3905
tree,111,source_heldout,0.999,88026,113,9851,3905
tree,111,target,0.05,468707,316003,269446,161733
tree,111,target,0.1,452353,288597,285800,189139
tree,111,target,0.15,406933,277221,331220,200515
tree,111,target,0.2,406794,277097,331359,200639
tree,111,target,0.25,405574,269897,332579,207839
tree,111,target,0.3,405571,269897,332582,207839
tree,111,target,0.35,405571,269691,332582,208045
tree,111,target,0.4,405571,269691,332582,208045
tree,111,target,0.45,405571,269691,332582,208045
tree,111,target,0.5,405571,269691,332582,208045
tree,111,target,0.55,405571,269691,332582,208045
tree,111,target,0.6,405571,269690,332582,208046
tree,111,target,0.65,405571,269690,332582,208046
tree,111,target,0.7,405570,269675,332583,208061
tree,111,target,0.75,405570,269675,332583,208061
tree,111,target,0.8,405568,269674,332585,208062
tree,111,target,0.85,405568,269674,332585,208062
tree,111,target,0.9,350927,269602,387226,208134
tree,111,target,0.95,350927,269602,387226,208134
tree,111,target,0.975,350831,267334,387322,210402
tree,111,target,0.99,350831,267334,387322,210402
tree,111,target,0.995,350831,267334,387322,210402
tree,111,target,0.999,350831,267334,387322,210402
rf,111,source_heldout,0.05,97800,1417,77,2601
rf,111,source_heldout,0.1,97667,1235,210,2783
rf,111,source_heldout,0.15,97526,1059,351,2959
rf,111,source_heldout,0.2,97366,910,511,3108
rf,111,source_heldout,0.25,97210,791,667,3227
rf,111,source_heldout,0.3,97022,684,855,3334
rf,111,source_heldout,0.35,96807,600,1070,3418
rf,111,source_heldout,0.4,96561,514,1316,3504
rf,111,source_heldout,0.45,96327,471,1550,3547
rf,111,source_heldout,0.5,96181,418,1696,3600
rf,111,source_heldout,0.55,96023,373,1854,3645
rf,111,source_heldout,0.6,95810,327,2067,3691
rf,111,source_heldout,0.65,95592,284,2285,3734
rf,111,source_heldout,0.7,95356,226,2521,3792
rf,111,source_heldout,0.75,95065,183,2812,3835
rf,111,source_heldout,0.8,94703,141,3174,3877
rf,111,source_heldout,0.85,94160,96,3717,3922
rf,111,source_heldout,0.9,93441,61,4436,3957
rf,111,source_heldout,0.95,92319,27,5558,3991
rf,111,source_heldout,0.975,91453,11,6424,4007
rf,111,source_heldout,0.99,90736,3,7141,4015
rf,111,source_heldout,0.995,89594,2,8283,4016
rf,111,source_heldout,0.999,85050,1,12827,4017
rf,111,target,0.05,738137,477594,16,142
rf,111,target,0.1,738100,372310,53,105426
rf,111,target,0.15,680446,370413,57707,107323
rf,111,target,0.2,663151,367651,75002,110085
rf,111,target,0.25,655603,364092,82550,113644
rf,111,target,0.3,427157,218843,310996,258893
rf,111,target,0.35,425503,194587,312650,283149
rf,111,target,0.4,423657,193732,314496,284004
rf,111,target,0.45,422001,188866,316152,288870
rf,111,target,0.5,401711,175784,336442,301952
rf,111,target,0.55,400840,165211,337313,312525
rf,111,target,0.6,396271,152595,341882,325141
rf,111,target,0.65,390907,150378,347246,327358
rf,111,target,0.7,379920,144077,358233,333659
rf,111,target,0.75,369840,142676,368313,335060
rf,111,target,0.8,289527,141376,448626,336360
rf,111,target,0.85,245617,140852,492536,336884
rf,111,target,0.9,19416,181,718737,477555
rf,111,target,0.95,58,14,738095,477722
rf,111,target,0.975,16,9,738137,477727
rf,111,target,0.99,16,8,738137,477728
rf,111,target,0.995,0,5,738153,477731
rf,111,target,0.999,0,0,738153,477736
xgboost,111,source_heldout,0.05,97657,1110,220,2908
xgboost,111,source_heldout,0.1,97338,792,539,3226
xgboost,111,source_heldout,0.15,96720,452,1157,3566
xgboost,111,source_heldout,0.2,95779,309,2098,3709
xgboost,111,source_heldout,0.25,94588,234,3289,3784
xgboost,111,source_heldout,0.3,93809,161,4068,3857
xgboost,111,source_heldout,0.35,93558,129,4319,3889
xgboost,111,source_heldout,0.4,93146,109,4731,3909
xgboost,111,source_heldout,0.45,93041,91,4836,3927
xgboost,111,source_heldout,0.5,92903,81,4974,3937
xgboost,111,source_heldout,0.55,92796,74,5081,3944
xgboost,111,source_heldout,0.6,92553,61,5324,3957
xgboost,111,source_heldout,0.65,92298,51,5579,3967
xgboost,111,source_heldout,0.7,92124,42,5753,3976
xgboost,111,source_heldout,0.75,91930,33,5947,3985
xgboost,111,source_heldout,0.8,91747,33,6130,3985
xgboost,111,source_heldout,0.85,91573,31,6304,3987
xgboost,111,source_heldout,0.9,91306,25,6571,3993
xgboost,111,source_heldout,0.95,90569,7,7308,4011
xgboost,111,source_heldout,0.975,89804,3,8073,4015
xgboost,111,source_heldout,0.99,87165,0,10712,4018
xgboost,111,source_heldout,0.995,85828,0,12049,4018
xgboost,111,source_heldout,0.999,71055,0,26822,4018
xgboost,111,target,0.05,706639,446199,31514,31537
xgboost,111,target,0.1,660954,414207,77199,63529
xgboost,111,target,0.15,428648,269290,309505,208446
xgboost,111,target,0.2,403894,161128,334259,316608
xgboost,111,target,0.25,398971,159406,339182,318330
xgboost,111,target,0.3,391112,156788,347041,320948
xgboost,111,target,0.35,382521,152300,355632,325436
xgboost,111,target,0.4,349716,148080,388437,329656
xgboost,111,target,0.45,299142,147439,439011,330297
xgboost,111,target,0.5,263072,143036,475081,334700
xgboost,111,target,0.55,261408,142632,476745,335104
xgboost,111,target,0.6,260600,142280,477553,335456
xgboost,111,target,0.65,104847,31370,633306,446366
xgboost,111,target,0.7,79228,11548,658925,466188
xgboost,111,target,0.75,75727,11251,662426,466485
xgboost,111,target,0.8,53824,983,684329,476753
xgboost,111,target,0.85,43544,585,694609,477151
xgboost,111,target,0.9,38753,471,699400,477265
xgboost,111,target,0.95,4061,150,734092,477586
xgboost,111,target,0.975,1,16,738152,477720
xgboost,111,target,0.99,0,3,738153,477733
xgboost,111,target,0.995,0,0,738153,477736
xgboost,111,target,0.999,0,0,738153,477736
hgb,111,source_heldout,0.05,97700,1126,177,2892
hgb,111,source_heldout,0.1,97368,793,509,3225
hgb,111,source_heldout,0.15,96742,478,1135,3540
hgb,111,source_heldout,0.2,96209,353,1668,3665
hgb,111,source_heldout,0.25,94556,241,3321,3777
hgb,111,source_heldout,0.3,93814,181,4063,3837
hgb,111,source_heldout,0.35,93672,163,4205,3855
hgb,111,source_heldout,0.4,93126,123,4751,3895
hgb,111,source_heldout,0.45,92995,113,4882,3905
hgb,111,source_heldout,0.5,92786,105,5091,3913
hgb,111,source_heldout,0.55,92678,95,5199,3923
hgb,111,source_heldout,0.6,92530,85,5347,3933
hgb,111,source_heldout,0.65,92339,78,5538,3940
hgb,111,source_heldout,0.7,92146,71,5731,3947
hgb,111,source_heldout,0.75,91873,61,6004,3957
hgb,111,source_heldout,0.8,91684,54,6193,3964
hgb,111,source_heldout,0.85,91464,48,6413,3970
hgb,111,source_heldout,0.9,91070,28,6807,3990
hgb,111,source_heldout,0.95,89923,14,7954,4004
hgb,111,source_heldout,0.975,88924,3,8953,4015
hgb,111,source_heldout,0.99,86180,0,11697,4018
hgb,111,source_heldout,0.995,85171,0,12706,4018
hgb,111,source_heldout,0.999,72623,0,25254,4018
hgb,111,target,0.05,728678,459148,9475,18588
hgb,111,target,0.1,704055,427310,34098,50426
hgb,111,target,0.15,409717,176999,328436,300737
hgb,111,target,0.2,408080,169663,330073,308073
hgb,111,target,0.25,402951,160497,335202,317239
hgb,111,target,0.3,398701,157978,339452,319758
hgb,111,target,0.35,371941,152327,366212,325409
hgb,111,target,0.4,363366,148744,374787,328992
hgb,111,target,0.45,354936,148140,383217,329596
hgb,111,target,0.5,345525,147644,392628,330092
hgb,111,target,0.55,339966,147279,398187,330457
hgb,111,target,0.6,320027,146815,418126,330921
hgb,111,target,0.65,314336,146518,423817,331218
hgb,111,target,0.7,311318,146042,426835,331694
hgb,111,target,0.75,309434,141260,428719,336476
hgb,111,target,0.8,302334,141004,435819,336732
hgb,111,target,0.85,154961,38143,583192,439593
hgb,111,target,0.9,119599,37891,618554,439845
hgb,111,target,0.95,19343,16148,718810,461588
hgb,111,target,0.975,11632,10862,726521,466874
hgb,111,target,0.99,199,36,737954,477700
hgb,111,target,0.995,131,21,738022,477715
hgb,111,target,0.999,0,7,738153,477729
mlp,111,source_heldout,0.05,97639,1199,238,2819
mlp,111,source_heldout,0.1,97028,811,849,3207
mlp,111,source_heldout,0.15,96331,480,1546,3538
mlp,111,source_heldout,0.2,96154,422,1723,3596
mlp,111,source_heldout,0.25,95596,352,2281,3666
mlp,111,source_heldout,0.3,95097,276,2780,3742
mlp,111,source_heldout,0.35,94088,226,3789,3792
mlp,111,source_heldout,0.4,92679,160,5198,3858
mlp,111,source_heldout,0.45,92338,134,5539,3884
mlp,111,source_heldout,0.5,92192,115,5685,3903
mlp,111,source_heldout,0.55,92024,110,5853,3908
mlp,111,source_heldout,0.6,91838,103,6039,3915
mlp,111,source_heldout,0.65,91531,87,6346,3931
mlp,111,source_heldout,0.7,91288,76,6589,3942
mlp,111,source_heldout,0.75,91042,67,6835,3951
mlp,111,source_heldout,0.8,90796,61,7081,3957
mlp,111,source_heldout,0.85,89521,45,8356,3973
mlp,111,source_heldout,0.9,88958,31,8919,3987
mlp,111,source_heldout,0.95,88219,15,9658,4003
mlp,111,source_heldout,0.975,84558,11,13319,4007
mlp,111,source_heldout,0.99,83258,6,14619,4012
mlp,111,source_heldout,0.995,81653,4,16224,4014
mlp,111,source_heldout,0.999,61536,3,36341,4015
mlp,111,target,0.05,693310,443318,44843,34418
mlp,111,target,0.1,633238,433598,104915,44138
mlp,111,target,0.15,632246,425183,105907,52553
mlp,111,target,0.2,631804,424648,106349,53088
mlp,111,target,0.25,631566,297277,106587,180459
mlp,111,target,0.3,630788,297153,107365,180583
mlp,111,target,0.35,630055,292544,108098,185192
mlp,111,target,0.4,629123,291932,109030,185804
mlp,111,target,0.45,628400,291541,109753,186195
mlp,111,target,0.5,626351,291295,111802,186441
mlp,111,target,0.55,624343,291191,113810,186545
mlp,111,target,0.6,620938,291105,117215,186631
mlp,111,target,0.65,554692,290945,183461,186791
mlp,111,target,0.7,531074,272221,207079,205515
mlp,111,target,0.75,326663,150549,411490,327187
mlp,111,target,0.8,96245,4764,641908,472972
mlp,111,target,0.85,56788,4105,681365,473631
mlp,111,target,0.9,34024,1117,704129,476619
mlp,111,target,0.95,5386,296,732767,477440
mlp,111,target,0.975,176,100,737977,477636
mlp,111,target,0.99,43,41,738110,477695
mlp,111,target,0.995,36,19,738117,477717
mlp,111,target,0.999,31,0,738122,477736
majority,112,source_heldout,0.05,149634,7296,0,0
majority,112,source_heldout,0.1,149634,7296,0,0
majority,112,source_heldout,0.15,149634,7296,0,0
majority,112,source_heldout,0.2,149634,7296,0,0
majority,112,source_heldout,0.25,149634,7296,0,0
majority,112,source_heldout,0.3,149634,7296,0,0
majority,112,source_heldout,0.35,149634,7296,0,0
majority,112,source_heldout,0.4,149634,7296,0,0
majority,112,source_heldout,0.45,149634,7296,0,0
majority,112,source_heldout,0.5,149634,7296,0,0
majority,112,source_heldout,0.55,149634,7296,0,0
majority,112,source_heldout,0.6,149634,7296,0,0
majority,112,source_heldout,0.65,149634,7296,0,0
majority,112,source_heldout,0.7,149634,7296,0,0
majority,112,source_heldout,0.75,149634,7296,0,0
majority,112,source_heldout,0.8,149634,7296,0,0
majority,112,source_heldout,0.85,149634,7296,0,0
majority,112,source_heldout,0.9,149634,7296,0,0
majority,112,source_heldout,0.95,149634,7296,0,0
majority,112,source_heldout,0.975,149634,7296,0,0
majority,112,source_heldout,0.99,149634,7296,0,0
majority,112,source_heldout,0.995,149634,7296,0,0
majority,112,source_heldout,0.999,149634,7296,0,0
majority,112,target,0.05,738153,477736,0,0
majority,112,target,0.1,738153,477736,0,0
majority,112,target,0.15,738153,477736,0,0
majority,112,target,0.2,738153,477736,0,0
majority,112,target,0.25,738153,477736,0,0
majority,112,target,0.3,738153,477736,0,0
majority,112,target,0.35,738153,477736,0,0
majority,112,target,0.4,738153,477736,0,0
majority,112,target,0.45,738153,477736,0,0
majority,112,target,0.5,738153,477736,0,0
majority,112,target,0.55,738153,477736,0,0
majority,112,target,0.6,738153,477736,0,0
majority,112,target,0.65,738153,477736,0,0
majority,112,target,0.7,738153,477736,0,0
majority,112,target,0.75,738153,477736,0,0
majority,112,target,0.8,738153,477736,0,0
majority,112,target,0.85,738153,477736,0,0
majority,112,target,0.9,738153,477736,0,0
majority,112,target,0.95,738153,477736,0,0
majority,112,target,0.975,738153,477736,0,0
majority,112,target,0.99,738153,477736,0,0
majority,112,target,0.995,738153,477736,0,0
majority,112,target,0.999,738153,477736,0,0
stratified,112,source_heldout,0.05,140407,6804,9227,492
stratified,112,source_heldout,0.1,140407,6804,9227,492
stratified,112,source_heldout,0.15,140407,6804,9227,492
stratified,112,source_heldout,0.2,140407,6804,9227,492
stratified,112,source_heldout,0.25,140407,6804,9227,492
stratified,112,source_heldout,0.3,140407,6804,9227,492
stratified,112,source_heldout,0.35,140407,6804,9227,492
stratified,112,source_heldout,0.4,140407,6804,9227,492
stratified,112,source_heldout,0.45,140407,6804,9227,492
stratified,112,source_heldout,0.5,140407,6804,9227,492
stratified,112,source_heldout,0.55,140407,6804,9227,492
stratified,112,source_heldout,0.6,140407,6804,9227,492
stratified,112,source_heldout,0.65,140407,6804,9227,492
stratified,112,source_heldout,0.7,140407,6804,9227,492
stratified,112,source_heldout,0.75,140407,6804,9227,492
stratified,112,source_heldout,0.8,140407,6804,9227,492
stratified,112,source_heldout,0.85,140407,6804,9227,492
stratified,112,source_heldout,0.9,140407,6804,9227,492
stratified,112,source_heldout,0.95,140407,6804,9227,492
stratified,112,source_heldout,0.975,140407,6804,9227,492
stratified,112,source_heldout,0.99,140407,6804,9227,492
stratified,112,source_heldout,0.995,140407,6804,9227,492
stratified,112,source_heldout,0.999,140407,6804,9227,492
stratified,112,target,0.05,692423,448078,45730,29658
stratified,112,target,0.1,692423,448078,45730,29658
stratified,112,target,0.15,692423,448078,45730,29658
stratified,112,target,0.2,692423,448078,45730,29658
stratified,112,target,0.25,692423,448078,45730,29658
stratified,112,target,0.3,692423,448078,45730,29658
stratified,112,target,0.35,692423,448078,45730,29658
stratified,112,target,0.4,692423,448078,45730,29658
stratified,112,target,0.45,692423,448078,45730,29658
stratified,112,target,0.5,692423,448078,45730,29658
stratified,112,target,0.55,692423,448078,45730,29658
stratified,112,target,0.6,692423,448078,45730,29658
stratified,112,target,0.65,692423,448078,45730,29658
stratified,112,target,0.7,692423,448078,45730,29658
stratified,112,target,0.75,692423,448078,45730,29658
stratified,112,target,0.8,692423,448078,45730,29658
stratified,112,target,0.85,692423,448078,45730,29658
stratified,112,target,0.9,692423,448078,45730,29658
stratified,112,target,0.95,692423,448078,45730,29658
stratified,112,target,0.975,692423,448078,45730,29658
stratified,112,target,0.99,692423,448078,45730,29658
stratified,112,target,0.995,692423,448078,45730,29658
stratified,112,target,0.999,692423,448078,45730,29658
logreg,112,source_heldout,0.05,146250,4567,3384,2729
logreg,112,source_heldout,0.1,144352,4271,5282,3025
logreg,112,source_heldout,0.15,143833,3913,5801,3383
logreg,112,source_heldout,0.2,142533,3130,7101,4166
logreg,112,source_heldout,0.25,140293,2813,9341,4483
logreg,112,source_heldout,0.3,139674,2617,9960,4679
logreg,112,source_heldout,0.35,139244,2444,10390,4852
logreg,112,source_heldout,0.4,137384,1482,12250,5814
logreg,112,source_heldout,0.45,133353,1430,16281,5866
logreg,112,source_heldout,0.5,105356,1404,44278,5892
logreg,112,source_heldout,0.55,103892,1294,45742,6002
logreg,112,source_heldout,0.6,99281,1090,50353,6206
logreg,112,source_heldout,0.65,91739,360,57895,6936
logreg,112,source_heldout,0.7,91144,261,58490,7035
logreg,112,source_heldout,0.75,87880,205,61754,7091
logreg,112,source_heldout,0.8,81454,98,68180,7198
logreg,112,source_heldout,0.85,81034,57,68600,7239
logreg,112,source_heldout,0.9,79559,36,70075,7260
logreg,112,source_heldout,0.95,51785,16,97849,7280
logreg,112,source_heldout,0.975,19273,15,130361,7281
logreg,112,source_heldout,0.99,9471,13,140163,7283
logreg,112,source_heldout,0.995,6112,13,143522,7283
logreg,112,source_heldout,0.999,5503,12,144131,7284
logreg,112,target,0.05,488176,176118,249977,301618
logreg,112,target,0.1,240558,26107,497595,451629
logreg,112,target,0.15,230890,21540,507263,456196
logreg,112,target,0.2,230291,20047,507862,457689
logreg,112,target,0.25,225158,18706,512995,459030
logreg,112,target,0.3,219983,14335,518170,463401
logreg,112,target,0.35,218518,12739,519635,464997
logreg,112,target,0.4,218386,9906,519767,467830
logreg,112,target,0.45,198382,6074,539771,471662
logreg,112,target,0.5,160238,5777,577915,471959
logreg,112,target,0.55,116898,4546,621255,473190
logreg,112,target,0.6,103247,3730,634906,474006
logreg,112,target,0.65,89873,3559,648280,474177
logreg,112,target,0.7,78150,2854,660003,474882
logreg,112,target,0.75,55697,2262,682456,475474
logreg,112,target,0.8,48972,2036,689181,475700
logreg,112,target,0.85,46607,1576,691546,476160
logreg,112,target,0.9,42398,893,695755,476843
logreg,112,target,0.95,33097,502,705056,477234
logreg,112,target,0.975,1,18,738152,477718
logreg,112,target,0.99,0,3,738153,477733
logreg,112,target,0.995,0,1,738153,477735
logreg,112,target,0.999,0,0,738153,477736
tree,112,source_heldout,0.05,147379,2992,2255,4304
tree,112,source_heldout,0.1,145925,2169,3709,5127
tree,112,source_heldout,0.15,141728,1554,7906,5742
tree,112,source_heldout,0.2,141060,1471,8574,5825
tree,112,source_heldout,0.25,140102,1467,9532,5829
tree,112,source_heldout,0.3,140086,1462,9548,5834
tree,112,source_heldout,0.35,139642,1442,9992,5854
tree,112,source_heldout,0.4,139517,1427,10117,5869
tree,112,source_heldout,0.45,139517,1427,10117,5869
tree,112,source_heldout,0.5,139517,1427,10117,5869
tree,112,source_heldout,0.55,139368,1399,10266,5897
tree,112,source_heldout,0.6,139179,1390,10455,5906
tree,112,source_heldout,0.65,139115,1351,10519,5945
tree,112,source_heldout,0.7,139115,1351,10519,5945
tree,112,source_heldout,0.75,139062,1350,10572,5946
tree,112,source_heldout,0.8,139062,1350,10572,5946
tree,112,source_heldout,0.85,138013,1182,11621,6114
tree,112,source_heldout,0.9,138013,1182,11621,6114
tree,112,source_heldout,0.95,138013,1182,11621,6114
tree,112,source_heldout,0.975,138013,1182,11621,6114
tree,112,source_heldout,0.99,138013,1182,11621,6114
tree,112,source_heldout,0.995,138013,1182,11621,6114
tree,112,source_heldout,0.999,135032,1118,14602,6178
tree,112,target,0.05,685104,346849,53049,130887
tree,112,target,0.1,633664,320626,104489,157110
tree,112,target,0.15,613691,317426,124462,160310
tree,112,target,0.2,611391,312790,126762,164946
tree,112,target,0.25,611390,312788,126763,164948
tree,112,target,0.3,610207,312788,127946,164948
tree,112,target,0.35,610205,312785,127948,164951
tree,112,target,0.4,610205,312785,127948,164951
tree,112,target,0.45,610205,312785,127948,164951
tree,112,target,0.5,610205,312785,127948,164951
tree,112,target,0.55,606986,311311,131167,166425
tree,112,target,0.6,606986,311295,131167,166441
tree,112,target,0.65,606986,311295,131167,166441
tree,112,target,0.7,606986,311295,131167,166441
tree,112,target,0.75,606986,311295,131167,166441
tree,112,target,0.8,606986,311295,131167,166441
tree,112,target,0.85,380591,169699,357562,308037
tree,112,target,0.9,380591,169699,357562,308037
tree,112,target,0.95,380591,169699,357562,308037
tree,112,target,0.975,380591,169699,357562,308037
tree,112,target,0.99,380591,169699,357562,308037
tree,112,target,0.995,380591,169699,357562,308037
tree,112,target,0.999,368362,167657,369791,310079
rf,112,source_heldout,0.05,149518,4696,116,2600
rf,112,source_heldout,0.1,149121,4413,513,2883
rf,112,source_heldout,0.15,148710,4059,924,3237
rf,112,source_heldout,0.2,148321,3750,1313,3546
rf,112,source_heldout,0.25,146902,3466,2732,3830
rf,112,source_heldout,0.3,146452,3167,3182,4129
rf,112,source_heldout,0.35,146026,2866,3608,4430
rf,112,source_heldout,0.4,145573,2691,4061,4605
rf,112,source_heldout,0.45,144952,2467,4682,4829
rf,112,source_heldout,0.5,144173,2279,5461,5017
rf,112,source_heldout,0.55,143465,2126,6169,5170
rf,112,source_heldout,0.6,141606,1998,8028,5298
rf,112,source_heldout,0.65,138700,1884,10934,5412
rf,112,source_heldout,0.7,122302,1010,27332,6286
rf,112,source_heldout,0.75,112531,908,37103,6388
rf,112,source_heldout,0.8,100355,785,49279,6511
rf,112,source_heldout,0.85,96546,557,53088,6739
rf,112,source_heldout,0.9,94928,305,54706,6991
rf,112,source_heldout,0.95,78029,123,71605,7173
rf,112,source_heldout,0.975,76193,94,73441,7202
rf,112,source_heldout,0.99,74111,52,75523,7244
rf,112,source_heldout,0.995,73021,34,76613,7262
rf,112,source_heldout,0.999,70009,12,79625,7284
rf,112,target,0.05,738153,477298,0,438
rf,112,target,0.1,692315,476855,45838,881
rf,112,target,0.15,680992,371239,57161,106497
rf,112,target,0.2,655871,370054,82282,107682
rf,112,target,0.25,652914,366857,85239,110879
rf,112,target,0.3,652579,363901,85574,113835
rf,112,target,0.35,651262,362367,86891,115369
rf,112,target,0.4,629788,357052,108365,120684
rf,112,target,0.45,628562,351515,109591,126221
rf,112,target,0.5,626095,324473,112058,153263
rf,112,target,0.55,622746,312286,115407,165450
rf,112,target,0.6,619716,305481,118437,172255
rf,112,target,0.65,612214,300208,125939,177528
rf,112,target,0.7,561635,296786,176518,180950
rf,112,target,0.75,348218,155298,389935,322438
rf,112,target,0.8,108708,7195,629445,470541
rf,112,target,0.85,45087,5096,693066,472640
rf,112,target,0.9,12635,4365,725518,473371
rf,112,target,0.95,99,18,738054,477718
rf,112,target,0.975,16,9,738137,477727
rf,112,target,0.99,0,0,738153,477736
rf,112,target,0.995,0,0,738153,477736
rf,112,target,0.999,0,0,738153,477736
xgboost,112,source_heldout,0.05,149282,3924,352,3372
xgboost,112,source_heldout,0.1,147762,2783,1872,4513
xgboost,112,source_heldout,0.15,145251,2154,4383,5142
xgboost,112,source_heldout,0.2,142096,1798,7538,5498
xgboost,112,source_heldout,0.25,139974,1678,9660,5618
xgboost,112,source_heldout,0.3,137910,1592,11724,5704
xgboost,112,source_heldout,0.35,133534,1498,16100,5798
xgboost,112,source_heldout,0.4,133276,1427,16358,5869
xgboost,112,source_heldout,0.45,132818,1349,16816,5947
xgboost,112,source_heldout,0.5,132408,1312,17226,5984
xgboost,112,source_heldout,0.55,131726,1207,17908,6089
xgboost,112,source_heldout,0.6,129873,1105,19761,6191
xgboost,112,source_heldout,0.65,129348,1080,20286,6216
xgboost,112,source_heldout,0.7,128828,1035,20806,6261
xgboost,112,source_heldout,0.75,127196,254,22438,7042
xgboost,112,source_heldout,0.8,126615,219,23019,7077
xgboost,112,source_heldout,0.85,126048,136,23586,7160
xgboost,112,source_heldout,0.9,124732,94,24902,7202
xgboost,112,source_heldout,0.95,121489,37,28145,7259
xgboost,112,source_heldout,0.975,99673,27,49961,7269
xgboost,112,source_heldout,0.99,84446,6,65188,7290
xgboost,112,source_heldout,0.995,79717,5,69917,7291
xgboost,112,source_heldout,0.999,74639,1,74995,7295
xgboost,112,target,0.05,706105,459109,32048,18627
xgboost,112,target,0.1,665925,429124,72228,48612
xgboost,112,target,0.15,639492,425180,98661,52556
xgboost,112,target,0.2,631456,417199,106697,60537
xgboost,112,target,0.25,607274,409951,130879,67785
xgboost,112,target,0.3,602825,407636,135328,70100
xgboost,112,target,0.35,596873,298149,141280,179587
xgboost,112,target,0.4,592364,297088,145789,180648
xgboost,112,target,0.45,582610,288321,155543,189415
xgboost,112,target,0.5,495259,207044,242894,270692
xgboost,112,target,0.55,416017,166245,322136,311491
xgboost,112,target,0.6,379771,165511,358382,312225
xgboost,112,target,0.65,331992,157653,406161,320083
xgboost,112,target,0.7,324236,152620,413917,325116
xgboost,112,target,0.75,320553,148245,417600,329491
xgboost,112,target,0.8,316226,147892,421927,329844
xgboost,112,target,0.85,245718,145356,492435,332380
xgboost,112,target,0.9,13253,1565,724900,476171
xgboost,112,target,0.95,5502,139,732651,477597
xgboost,112,target,0.975,3,24,738150,477712
xgboost,112,target,0.99,0,1,738153,477735
xgboost,112,target,0.995,0,0,738153,477736
xgboost,112,target,0.999,0,0,738153,477736
hgb,112,source_heldout,0.05,149252,3977,382,3319
hgb,112,source_heldout,0.1,147789,2863,1845,4433
hgb,112,source_heldout,0.15,144962,2315,4672,4981
hgb,112,source_heldout,0.2,140930,2048,8704,5248
hgb,112,source_heldout,0.25,139827,1907,9807,5389
hgb,112,source_heldout,0.3,138981,1706,10653,5590
hgb,112,source_heldout,0.35,138501,1628,11133,5668
hgb,112,source_heldout,0.4,138019,1578,11615,5718
hgb,112,source_heldout,0.45,137570,1466,12064,5830
hgb,112,source_heldout,0.5,135767,1374,13867,5922
hgb,112,source_heldout,0.55,134020,1326,15614,5970
hgb,112,source_heldout,0.6,132664,794,16970,6502
hgb,112,source_heldout,0.65,132313,518,17321,6778
hgb,112,source_heldout,0.7,131758,459,17876,6837
hgb,112,source_heldout,0.75,131265,393,18369,6903
hgb,112,source_heldout,0.8,130499,320,19135,6976
hgb,112,source_heldout,0.85,128395,236,21239,7060
hgb,112,source_heldout,0.9,122226,154,27408,7142
hgb,112,source_heldout,0.95,98139,59,51495,7237
hgb,112,source_heldout,0.975,89899,15,59735,7281
hgb,112,source_heldout,0.99,80656,9,68978,7287
hgb,112,source_heldout,0.995,79234,7,70400,7289
hgb,112,source_heldout,0.999,77315,3,72319,7293
hgb,112,target,0.05,702229,458909,35924,18827
hgb,112,target,0.1,656524,430505,81629,47231
hgb,112,target,0.15,631760,322365,106393,155371
hgb,112,target,0.2,624055,317219,114098,160517
hgb,112,target,0.25,597081,309671,141072,168065
hgb,112,target,0.3,590557,304054,147596,173682
hgb,112,target,0.35,584155,299644,153998,178092
hgb,112,target,0.4,575405,297731,162748,180005
hgb,112,target,0.45,565060,296347,173093,181389
hgb,112,target,0.5,561837,294274,176316,183462
hgb,112,target,0.55,557501,293849,180652,183887
hgb,112,target,0.6,551148,292901,187005,184835
hgb,112,target,0.65,515416,292236,222737,185500
hgb,112,target,0.7,511579,291794,226574,185942
hgb,112,target,0.75,506765,290619,231388,187117
hgb,112,target,0.8,500661,287843,237492,189893
hgb,112,target,0.85,328465,160019,409688,317717
hgb,112,target,0.9,67982,17883,670171,459853
hgb,112,target,0.95,2456,4611,735697,473125
hgb,112,target,0.975,75,69,738078,477667
hgb,112,target,0.99,20,3,738133,477733
hgb,112,target,0.995,7,0,738146,477736
hgb,112,target,0.999,1,0,738152,477736
mlp,112,source_heldout,0.05,148930,4034,704,3262
mlp,112,source_heldout,0.1,144860,3066,4774,4230
mlp,112,source_heldout,0.15,141304,1811,8330,5485
mlp,112,source_heldout,0.2,138012,805,11622,6491
mlp,112,source_heldout,0.25,137441,746,12193,6550
mlp,112,source_heldout,0.3,137112,705,12522,6591
mlp,112,source_heldout,0.35,136506,627,13128,6669
mlp,112,source_heldout,0.4,135800,553,13834,6743
mlp,112,source_heldout,0.45,135207,480,14427,6816
mlp,112,source_heldout,0.5,130625,396,19009,6900
mlp,112,source_heldout,0.55,128807,319,20827,6977
mlp,112,source_heldout,0.6,126743,293,22891,7003
mlp,112,source_heldout,0.65,125992,237,23642,7059
mlp,112,source_heldout,0.7,125552,222,24082,7074
mlp,112,source_heldout,0.75,123393,209,26241,7087
mlp,112,source_heldout,0.8,120348,163,29286,7133
mlp,112,source_heldout,0.85,118874,143,30760,7153
mlp,112,source_heldout,0.9,105265,110,44369,7186
mlp,112,source_heldout,0.95,80727,45,68907,7251
mlp,112,source_heldout,0.975,77147,35,72487,7261
mlp,112,source_heldout,0.99,76241,9,73393,7287
mlp,112,source_heldout,0.995,74818,6,74816,7290
mlp,112,source_heldout,0.999,70426,0,79208,7296
mlp,112,target,0.05,655829,447041,82324,30695
mlp,112,target,0.1,597940,441621,140213,36115
mlp,112,target,0.15,597579,437222,140574,40514
mlp,112,target,0.2,597309,435793,140844,41943
mlp,112,target,0.25,596914,410088,141239,67648
mlp,112,target,0.3,594329,409296,143824,68440
mlp,112,target,0.35,593152,401885,145001,75851
mlp,112,target,0.4,590768,396842,147385,80894
mlp,112,target,0.45,586653,396692,151500,81044
mlp,112,target,0.5,585711,396628,152442,81108
mlp,112,target,0.55,584280,291747,153873,185989
mlp,112,target,0.6,581845,291708,156308,186028
mlp,112,target,0.65,548132,291600,190021,186136
mlp,112,target,0.7,511037,291501,227116,186235
mlp,112,target,0.75,485961,270076,252192,207660
mlp,112,target,0.8,318974,150920,419179,326816
mlp,112,target,0.85,310172,150703,427981,327033
mlp,112,target,0.9,283574,146078,454579,331658
mlp,112,target,0.95,239758,142206,498395,335530
mlp,112,target,0.975,1052,178,737101,477558
mlp,112,target,0.99,0,74,738153,477662
mlp,112,target,0.995,0,16,738153,477720
mlp,112,target,0.999,0,0,738153,477736
majority,113,source_heldout,0.05,89558,252,0,0
majority,113,source_heldout,0.1,89558,252,0,0
majority,113,source_heldout,0.15,89558,252,0,0
majority,113,source_heldout,0.2,89558,252,0,0
majority,113,source_heldout,0.25,89558,252,0,0
majority,113,source_heldout,0.3,89558,252,0,0
majority,113,source_heldout,0.35,89558,252,0,0
majority,113,source_heldout,0.4,89558,252,0,0
majority,113,source_heldout,0.45,89558,252,0,0
majority,113,source_heldout,0.5,89558,252,0,0
majority,113,source_heldout,0.55,89558,252,0,0
majority,113,source_heldout,0.6,89558,252,0,0
majority,113,source_heldout,0.65,89558,252,0,0
majority,113,source_heldout,0.7,89558,252,0,0
majority,113,source_heldout,0.75,89558,252,0,0
majority,113,source_heldout,0.8,89558,252,0,0
majority,113,source_heldout,0.85,89558,252,0,0
majority,113,source_heldout,0.9,89558,252,0,0
majority,113,source_heldout,0.95,89558,252,0,0
majority,113,source_heldout,0.975,89558,252,0,0
majority,113,source_heldout,0.99,89558,252,0,0
majority,113,source_heldout,0.995,89558,252,0,0
majority,113,source_heldout,0.999,89558,252,0,0
majority,113,target,0.05,738153,477736,0,0
majority,113,target,0.1,738153,477736,0,0
majority,113,target,0.15,738153,477736,0,0
majority,113,target,0.2,738153,477736,0,0
majority,113,target,0.25,738153,477736,0,0
majority,113,target,0.3,738153,477736,0,0
majority,113,target,0.35,738153,477736,0,0
majority,113,target,0.4,738153,477736,0,0
majority,113,target,0.45,738153,477736,0,0
majority,113,target,0.5,738153,477736,0,0
majority,113,target,0.55,738153,477736,0,0
majority,113,target,0.6,738153,477736,0,0
majority,113,target,0.65,738153,477736,0,0
majority,113,target,0.7,738153,477736,0,0
majority,113,target,0.75,738153,477736,0,0
majority,113,target,0.8,738153,477736,0,0
majority,113,target,0.85,738153,477736,0,0
majority,113,target,0.9,738153,477736,0,0
majority,113,target,0.95,738153,477736,0,0
majority,113,target,0.975,738153,477736,0,0
majority,113,target,0.99,738153,477736,0,0
majority,113,target,0.995,738153,477736,0,0
majority,113,target,0.999,738153,477736,0,0
stratified,113,source_heldout,0.05,82781,234,6777,18
stratified,113,source_heldout,0.1,82781,234,6777,18
stratified,113,source_heldout,0.15,82781,234,6777,18
stratified,113,source_heldout,0.2,82781,234,6777,18
stratified,113,source_heldout,0.25,82781,234,6777,18
stratified,113,source_heldout,0.3,82781,234,6777,18
stratified,113,source_heldout,0.35,82781,234,6777,18
stratified,113,source_heldout,0.4,82781,234,6777,18
stratified,113,source_heldout,0.45,82781,234,6777,18
stratified,113,source_heldout,0.5,82781,234,6777,18
stratified,113,source_heldout,0.55,82781,234,6777,18
stratified,113,source_heldout,0.6,82781,234,6777,18
stratified,113,source_heldout,0.65,82781,234,6777,18
stratified,113,source_heldout,0.7,82781,234,6777,18
stratified,113,source_heldout,0.75,82781,234,6777,18
stratified,113,source_heldout,0.8,82781,234,6777,18
stratified,113,source_heldout,0.85,82781,234,6777,18
stratified,113,source_heldout,0.9,82781,234,6777,18
stratified,113,source_heldout,0.95,82781,234,6777,18
stratified,113,source_heldout,0.975,82781,234,6777,18
stratified,113,source_heldout,0.99,82781,234,6777,18
stratified,113,source_heldout,0.995,82781,234,6777,18
stratified,113,source_heldout,0.999,82781,234,6777,18
stratified,113,target,0.05,682543,441754,55610,35982
stratified,113,target,0.1,682543,441754,55610,35982
stratified,113,target,0.15,682543,441754,55610,35982
stratified,113,target,0.2,682543,441754,55610,35982
stratified,113,target,0.25,682543,441754,55610,35982
stratified,113,target,0.3,682543,441754,55610,35982
stratified,113,target,0.35,682543,441754,55610,35982
stratified,113,target,0.4,682543,441754,55610,35982
stratified,113,target,0.45,682543,441754,55610,35982
stratified,113,target,0.5,682543,441754,55610,35982
stratified,113,target,0.55,682543,441754,55610,35982
stratified,113,target,0.6,682543,441754,55610,35982
stratified,113,target,0.65,682543,441754,55610,35982
stratified,113,target,0.7,682543,441754,55610,35982
stratified,113,target,0.75,682543,441754,55610,35982
stratified,113,target,0.8,682543,441754,55610,35982
stratified,113,target,0.85,682543,441754,55610,35982
stratified,113,target,0.9,682543,441754,55610,35982
stratified,113,target,0.95,682543,441754,55610,35982
stratified,113,target,0.975,682543,441754,55610,35982
stratified,113,target,0.99,682543,441754,55610,35982
stratified,113,target,0.995,682543,441754,55610,35982
stratified,113,target,0.999,682543,441754,55610,35982
logreg,113,source_heldout,0.05,89453,213,105,39
logreg,113,source_heldout,0.1,88809,203,749,49
logreg,113,source_heldout,0.15,88760,187,798,65
logreg,113,source_heldout,0.2,88095,182,1463,70
logreg,113,source_heldout,0.25,87570,180,1988,72
logreg,113,source_heldout,0.3,86941,168,2617,84
logreg,113,source_heldout,0.35,86808,165,2750,87
logreg,113,source_heldout,0.4,86734,165,2824,87
logreg,113,source_heldout,0.45,86451,164,3107,88
logreg,113,source_heldout,0.5,86183,164,3375,88
logreg,113,source_heldout,0.55,83156,160,6402,92
logreg,113,source_heldout,0.6,83003,160,6555,92
logreg,113,source_heldout,0.65,82726,159,6832,93
logreg,113,source_heldout,0.7,82076,12,7482,240
logreg,113,source_heldout,0.75,59529,4,30029,248
logreg,113,source_heldout,0.8,58722,4,30836,248
logreg,113,source_heldout,0.85,54632,4,34926,248
logreg,113,source_heldout,0.9,51797,2,37761,250
logreg,113,source_heldout,0.95,3685,2,85873,250
logreg,113,source_heldout,0.975,2790,2,86768,250
logreg,113,source_heldout,0.99,1250,2,88308,250
logreg,113,source_heldout,0.995,914,1,88644,251
logreg,113,source_heldout,0.999,518,1,89040,251
logreg,113,target,0.05,700506,448838,37647,28898
logreg,113,target,0.1,510951,164999,227202,312737
logreg,113,target,0.15,237018,19716,501135,458020
logreg,113,target,0.2,230843,18892,507310,458844
logreg,113,target,0.25,224750,13426,513403,464310
logreg,113,target,0.3,220798,13190,517355,464546
logreg,113,target,0.35,219121,12290,519032,465446
logreg,113,target,0.4,218394,11975,519759,465761
logreg,113,target,0.45,217975,11299,520178,466437
logreg,113,target,0.5,216073,10890,522080,466846
logreg,113,target,0.55,175701,10330,562452,467406
logreg,113,target,0.6,150114,6520,588039,471216
logreg,113,target,0.65,107227,5835,630926,471901
logreg,113,target,0.7,85465,3392,652688,474344
logreg,113,target,0.75,60016,2543,678137,475193
logreg,113,target,0.8,47610,2224,690543,475512
logreg,113,target,0.85,42614,846,695539,476890
logreg,113,target,0.9,18,142,738135,477594
logreg,113,target,0.95,13,9,738140,477727
logreg,113,target,0.975,11,7,738142,477729
logreg,113,target,0.99,0,2,738153,477734
logreg,113,target,0.995,0,1,738153,477735
logreg,113,target,0.999,0,0,738153,477736
tree,113,source_heldout,0.05,74126,216,15432,36
tree,113,source_heldout,0.1,74036,213,15522,39
tree,113,source_heldout,0.15,72145,168,17413,84
tree,113,source_heldout,0.2,72105,164,17453,88
tree,113,source_heldout,0.25,72103,164,17455,88
tree,113,source_heldout,0.3,72103,164,17455,88
tree,113,source_heldout,0.35,72103,164,17455,88
tree,113,source_heldout,0.4,72103,164,17455,88
tree,113,source_heldout,0.45,72103,164,17455,88
tree,113,source_heldout,0.5,72101,164,17457,88
tree,113,source_heldout,0.55,72097,164,17461,88
tree,113,source_heldout,0.6,72097,164,17461,88
tree,113,source_heldout,0.65,71238,158,18320,94
tree,113,source_heldout,0.7,71238,158,18320,94
tree,113,source_heldout,0.75,67330,141,22228,111
tree,113,source_heldout,0.8,67330,141,22228,111
tree,113,source_heldout,0.85,67330,141,22228,111
tree,113,source_heldout,0.9,67330,141,22228,111
tree,113,source_heldout,0.95,66701,141,22857,111
tree,113,source_heldout,0.975,66611,31,22947,221
tree,113,source_heldout,0.99,65125,31,24433,221
tree,113,source_heldout,0.995,65125,31,24433,221
tree,113,source_heldout,0.999,52158,31,37400,221
tree,113,target,0.05,672582,454882,65571,22854
tree,113,target,0.1,670499,453493,67654,24243
tree,113,target,0.15,560022,328824,178131,148912
tree,113,target,0.2,559920,305151,178233,172585
tree,113,target,0.25,559889,305151,178264,172585
tree,113,target,0.3,559889,305151,178264,172585
tree,113,target,0.35,559888,305150,178265,172586
tree,113,target,0.4,559888,305150,178265,172586
tree,113,target,0.45,559888,305150,178265,172586
tree,113,target,0.5,559888,305150,178265,172586
tree,113,target,0.55,559888,305150,178265,172586
tree,113,target,0.6,559887,305150,178266,172586
tree,113,target,0.65,559887,305150,178266,172586
tree,113,target,0.7,559887,305150,178266,172586
tree,113,target,0.75,523021,297408,215132,180328
tree,113,target,0.8,523021,297408,215132,180328
tree,113,target,0.85,523021,297363,215132,180373
tree,113,target,0.9,523021,297363,215132,180373
tree,113,target,0.95,523021,297363,215132,180373
tree,113,target,0.975,523021,297363,215132,180373
tree,113,target,0.99,296610,155776,441543,321960
tree,113,target,0.995,296610,155776,441543,321960
tree,113,target,0.999,296610,155776,441543,321960
rf,113,source_heldout,0.05,89549,240,9,12
rf,113,source_heldout,0.1,89514,234,44,18
rf,113,source_heldout,0.15,89480,229,78,23
rf,113,source_heldout,0.2,89420,214,138,38
rf,113,source_heldout,0.25,89374,201,184,51
rf,113,source_heldout,0.3,89341,192,217,60
rf,113,source_heldout,0.35,89303,190,255,62
rf,113,source_heldout,0.4,89215,188,343,64
rf,113,source_heldout,0.45,77156,186,12402,66
rf,113,source_heldout,0.5,74137,182,15421,70
rf,113,source_heldout,0.55,73137,178,16421,74
rf,113,source_heldout,0.6,72579,168,16979,84
rf,113,source_heldout,0.65,71723,168,17835,84
rf,113,source_heldout,0.7,71347,163,18211,89
rf,113,source_heldout,0.75,64394,159,25164,93
rf,113,source_heldout,0.8,64076,150,25482,102
rf,113,source_heldout,0.85,62733,145,26825,107
rf,113,source_heldout,0.9,55803,142,33755,110
rf,113,source_heldout,0.95,46117,123,43441,129
rf,113,source_heldout,0.975,43730,4,45828,248
rf,113,source_heldout,0.99,33984,2,55574,250
rf,113,source_heldout,0.995,16595,2,72963,250
rf,113,source_heldout,0.999,12831,0,76727,252
rf,113,target,0.05,701961,372883,36192,104853
rf,113,target,0.1,700300,372043,37853,105693
rf,113,target,0.15,687473,371629,50680,106107
rf,113,target,0.2,655762,371128,82391,106608
rf,113,target,0.25,653957,369680,84196,108056
rf,113,target,0.3,653096,367074,85057,110662
rf,113,target,0.35,630457,360127,107696,117609
rf,113,target,0.4,626494,356214,111659,121522
rf,113,target,0.45,622308,329993,115845,147743
rf,113,target,0.5,569271,325124,168882,152612
rf,113,target,0.55,565319,320288,172834,157448
rf,113,target,0.6,554561,302861,183592,174875
rf,113,target,0.65,543266,292827,194887,184909
rf,113,target,0.7,522160,288152,215993,189584
rf,113,target,0.75,459814,282502,278339,195234
rf,113,target,0.8,249501,157907,488652,319829
rf,113,target,0.85,1671,45,736482,477691
rf,113,target,0.9,224,22,737929,477714
rf,113,target,0.95,0,5,738153,477731
rf,113,target,0.975,0,1,738153,477735
rf,113,target,0.99,0,0,738153,477736
rf,113,target,0.995,0,0,738153,477736
rf,113,target,0.999,0,0,738153,477736
xgboost,113,source_heldout,0.05,89531,245,27,7
xgboost,113,source_heldout,0.1,89382,202,176,50
xgboost,113,source_heldout,0.15,88963,196,595,56
xgboost,113,source_heldout,0.2,87451,187,2107,65
xgboost,113,source_heldout,0.25,86726,176,2832,76
xgboost,113,source_heldout,0.3,86501,166,3057,86
xgboost,113,source_heldout,0.35,86351,157,3207,95
xgboost,113,source_heldout,0.4,79377,156,10181,96
xgboost,113,source_heldout,0.45,72535,155,17023,97
xgboost,113,source_heldout,0.5,72084,144,17474,108
xgboost,113,source_heldout,0.55,71941,136,17617,116
xgboost,113,source_heldout,0.6,71623,127,17935,125
xgboost,113,source_heldout,0.65,71402,122,18156,130
xgboost,113,source_heldout,0.7,71104,120,18454,132
xgboost,113,source_heldout,0.75,70918,120,18640,132
xgboost,113,source_heldout,0.8,70580,120,18978,132
xgboost,113,source_heldout,0.85,68263,88,21295,164
xgboost,113,source_heldout,0.9,65861,7,23697,245
xgboost,113,source_heldout,0.95,64604,1,24954,251
xgboost,113,source_heldout,0.975,60506,0,29052,252
xgboost,113,source_heldout,0.99,30224,0,59334,252
xgboost,113,source_heldout,0.995,15497,0,74061,252
xgboost,113,source_heldout,0.999,11774,0,77784,252
xgboost,113,target,0.05,670144,466001,68009,11735
xgboost,113,target,0.1,659500,450637,78653,27099
xgboost,113,target,0.15,630235,330409,107918,147327
xgboost,113,target,0.2,602961,321947,135192,155789
xgboost,113,target,0.25,590143,295032,148010,182704
xgboost,113,target,0.3,552109,287080,186044,190656
xgboost,113,target,0.35,539493,286154,198660,191582
xgboost,113,target,0.4,527808,285235,210345,192501
xgboost,113,target,0.45,521551,284343,216602,193393
xgboost,113,target,0.5,514671,283855,223482,193881
xgboost,113,target,0.55,477697,283324,260456,194412
xgboost,113,target,0.6,476555,282775,261598,194961
xgboost,113,target,0.65,344058,181283,394095,296453
xgboost,113,target,0.7,266792,181131,471361,296605
xgboost,113,target,0.75,244428,159490,493725,318246
xgboost,113,target,0.8,226904,142016,511249,335720
xgboost,113,target,0.85,95,108,738058,477628
xgboost,113,target,0.9,17,17,738136,477719
xgboost,113,target,0.95,16,6,738137,477730
xgboost,113,target,0.975,0,0,738153,477736
xgboost,113,target,0.99,0,0,738153,477736
xgboost,113,target,0.995,0,0,738153,477736
xgboost,113,target,0.999,0,0,738153,477736
hgb,113,source_heldout,0.05,89486,244,72,8
hgb,113,source_heldout,0.1,79701,207,9857,45
hgb,113,source_heldout,0.15,76031,198,13527,54
hgb,113,source_heldout,0.2,74225,177,15333,75
hgb,113,source_heldout,0.25,73256,153,16302,99
hgb,113,source_heldout,0.3,72927,140,16631,112
hgb,113,source_heldout,0.35,72693,135,16865,117
hgb,113,source_heldout,0.4,72546,135,17012,117
hgb,113,source_heldout,0.45,72303,135,17255,117
hgb,113,source_heldout,0.5,71702,131,17856,121
hgb,113,source_heldout,0.55,71023,130,18535,122
hgb,113,source_heldout,0.6,68363,127,21195,125
hgb,113,source_heldout,0.65,68043,123,21515,129
hgb,113,source_heldout,0.7,67446,123,22112,129
hgb,113,source_heldout,0.75,67296,99,22262,153
hgb,113,source_heldout,0.8,66935,82,22623,170
hgb,113,source_heldout,0.85,66544,33,23014,219
hgb,113,source_heldout,0.9,66221,8,23337,244
hgb,113,source_heldout,0.95,63219,6,26339,246
hgb,113,source_heldout,0.975,58397,2,31161,250
hgb,113,source_heldout,0.99,36466,0,53092,252
hgb,113,source_heldout,0.995,27270,0,62288,252
hgb,113,source_heldout,0.999,22230,0,67328,252
hgb,113,target,0.05,672381,469489,65772,8247
hgb,113,target,0.1,666717,354078,71436,123658
hgb,113,target,0.15,658618,340722,79535,137014
hgb,113,target,0.2,611492,331950,126661,145786
hgb,113,target,0.25,600226,306269,137927,171467
hgb,113,target,0.3,580023,303159,158130,174577
hgb,113,target,0.35,570596,299675,167557,178061
hgb,113,target,0.4,548223,295294,189930,182442
hgb,113,target,0.45,538474,293767,199679,183969
hgb,113,target,0.5,530113,292658,208040,185078
hgb,113,target,0.55,527460,291521,210693,186215
hgb,113,target,0.6,520233,288623,217920,189113
hgb,113,target,0.65,518244,285633,219909,192103
hgb,113,target,0.7,514717,285199,223436,192537
hgb,113,target,0.75,477878,284655,260275,193081
hgb,113,target,0.8,476595,283886,261558,193850
hgb,113,target,0.85,475792,282598,262361,195138
hgb,113,target,0.9,86199,21089,651954,456647
hgb,113,target,0.95,52508,18455,685645,459281
hgb,113,target,0.975,33200,77,704953,477659
hgb,113,target,0.99,0,29,738153,477707
hgb,113,target,0.995,0,1,738153,477735
hgb,113,target,0.999,0,0,738153,477736
mlp,113,source_heldout,0.05,89499,249,59,3
mlp,113,source_heldout,0.1,89347,199,211,53
mlp,113,source_heldout,0.15,89262,187,296,65
mlp,113,source_heldout,0.2,88179,16,1379,236
mlp,113,source_heldout,0.25,88018,4,1540,248
mlp,113,source_heldout,0.3,87657,3,1901,249
mlp,113,source_heldout,0.35,87282,3,2276,249
mlp,113,source_heldout,0.4,87029,3,2529,249
mlp,113,source_heldout,0.45,86022,2,3536,250
mlp,113,source_heldout,0.5,85782,2,3776,250
mlp,113,source_heldout,0.55,85603,1,3955,251
mlp,113,source_heldout,0.6,85398,1,4160,251
mlp,113,source_heldout,0.65,85185,1,4373,251
mlp,113,source_heldout,0.7,84821,1,4737,251
mlp,113,source_heldout,0.75,77283,1,12275,251
mlp,113,source_heldout,0.8,70617,0,18941,252
mlp,113,source_heldout,0.85,67797,0,21761,252
mlp,113,source_heldout,0.9,63825,0,25733,252
mlp,113,source_heldout,0.95,53942,0,35616,252
mlp,113,source_heldout,0.975,18427,0,71131,252
mlp,113,source_heldout,0.99,12436,0,77122,252
mlp,113,source_heldout,0.995,9879,0,79679,252
mlp,113,source_heldout,0.999,3081,0,86477,252
mlp,113,target,0.05,653750,449063,84403,28673
mlp,113,target,0.1,560635,429117,177518,48619
mlp,113,target,0.15,554652,296582,183501,181154
mlp,113,target,0.2,548356,291663,189797,186073
mlp,113,target,0.25,537125,284134,201028,193602
mlp,113,target,0.3,535552,283309,202601,194427
mlp,113,target,0.35,485314,278030,252839,199706
mlp,113,target,0.4,274201,143008,463952,334728
mlp,113,target,0.45,269354,142777,468799,334959
mlp,113,target,0.5,253260,142651,484893,335085
mlp,113,target,0.55,22782,391,715371,477345
mlp,113,target,0.6,14772,209,723381,477527
mlp,113,target,0.65,12448,173,725705,477563
mlp,113,target,0.7,7937,137,730216,477599
mlp,113,target,0.75,5142,125,733011,477611
mlp,113,target,0.8,2885,94,735268,477642
mlp,113,target,0.85,511,48,737642,477688
mlp,113,target,0.9,31,24,738122,477712
mlp,113,target,0.95,0,4,738153,477732
mlp,113,target,0.975,0,1,738153,477735
mlp,113,target,0.99,0,1,738153,477735
mlp,113,target,0.995,0,0,738153,477736
mlp,113,target,0.999,0,0,738153,477736
majority,114,source_heldout,0.05,97371,4003,0,0
majority,114,source_heldout,0.1,97371,4003,0,0
majority,114,source_heldout,0.15,97371,4003,0,0
majority,114,source_heldout,0.2,97371,4003,0,0
majority,114,source_heldout,0.25,97371,4003,0,0
majority,114,source_heldout,0.3,97371,4003,0,0
majority,114,source_heldout,0.35,97371,4003,0,0
majority,114,source_heldout,0.4,97371,4003,0,0
majority,114,source_heldout,0.45,97371,4003,0,0
majority,114,source_heldout,0.5,97371,4003,0,0
majority,114,source_heldout,0.55,97371,4003,0,0
majority,114,source_heldout,0.6,97371,4003,0,0
majority,114,source_heldout,0.65,97371,4003,0,0
majority,114,source_heldout,0.7,97371,4003,0,0
majority,114,source_heldout,0.75,97371,4003,0,0
majority,114,source_heldout,0.8,97371,4003,0,0
majority,114,source_heldout,0.85,97371,4003,0,0
majority,114,source_heldout,0.9,97371,4003,0,0
majority,114,source_heldout,0.95,97371,4003,0,0
majority,114,source_heldout,0.975,97371,4003,0,0
majority,114,source_heldout,0.99,97371,4003,0,0
majority,114,source_heldout,0.995,97371,4003,0,0
majority,114,source_heldout,0.999,97371,4003,0,0
majority,114,target,0.05,738153,477736,0,0
majority,114,target,0.1,738153,477736,0,0
majority,114,target,0.15,738153,477736,0,0
majority,114,target,0.2,738153,477736,0,0
majority,114,target,0.25,738153,477736,0,0
majority,114,target,0.3,738153,477736,0,0
majority,114,target,0.35,738153,477736,0,0
majority,114,target,0.4,738153,477736,0,0
majority,114,target,0.45,738153,477736,0,0
majority,114,target,0.5,738153,477736,0,0
majority,114,target,0.55,738153,477736,0,0
majority,114,target,0.6,738153,477736,0,0
majority,114,target,0.65,738153,477736,0,0
majority,114,target,0.7,738153,477736,0,0
majority,114,target,0.75,738153,477736,0,0
majority,114,target,0.8,738153,477736,0,0
majority,114,target,0.85,738153,477736,0,0
majority,114,target,0.9,738153,477736,0,0
majority,114,target,0.95,738153,477736,0,0
majority,114,target,0.975,738153,477736,0,0
majority,114,target,0.99,738153,477736,0,0
majority,114,target,0.995,738153,477736,0,0
majority,114,target,0.999,738153,477736,0,0
stratified,114,source_heldout,0.05,91248,3754,6123,249
stratified,114,source_heldout,0.1,91248,3754,6123,249
stratified,114,source_heldout,0.15,91248,3754,6123,249
stratified,114,source_heldout,0.2,91248,3754,6123,249
stratified,114,source_heldout,0.25,91248,3754,6123,249
stratified,114,source_heldout,0.3,91248,3754,6123,249
stratified,114,source_heldout,0.35,91248,3754,6123,249
stratified,114,source_heldout,0.4,91248,3754,6123,249
stratified,114,source_heldout,0.45,91248,3754,6123,249
stratified,114,source_heldout,0.5,91248,3754,6123,249
stratified,114,source_heldout,0.55,91248,3754,6123,249
stratified,114,source_heldout,0.6,91248,3754,6123,249
stratified,114,source_heldout,0.65,91248,3754,6123,249
stratified,114,source_heldout,0.7,91248,3754,6123,249
stratified,114,source_heldout,0.75,91248,3754,6123,249
stratified,114,source_heldout,0.8,91248,3754,6123,249
stratified,114,source_heldout,0.85,91248,3754,6123,249
stratified,114,source_heldout,0.9,91248,3754,6123,249
stratified,114,source_heldout,0.95,91248,3754,6123,249
stratified,114,source_heldout,0.975,91248,3754,6123,249
stratified,114,source_heldout,0.99,91248,3754,6123,249
stratified,114,source_heldout,0.995,91248,3754,6123,249
stratified,114,source_heldout,0.999,91248,3754,6123,249
stratified,114,target,0.05,691905,447765,46248,29971
stratified,114,target,0.1,691905,447765,46248,29971
stratified,114,target,0.15,691905,447765,46248,29971
stratified,114,target,0.2,691905,447765,46248,29971
stratified,114,target,0.25,691905,447765,46248,29971
stratified,114,target,0.3,691905,447765,46248,29971
stratified,114,target,0.35,691905,447765,46248,29971
stratified,114,target,0.4,691905,447765,46248,29971
stratified,114,target,0.45,691905,447765,46248,29971
stratified,114,target,0.5,691905,447765,46248,29971
stratified,114,target,0.55,691905,447765,46248,29971
stratified,114,target,0.6,691905,447765,46248,29971
stratified,114,target,0.65,691905,447765,46248,29971
stratified,114,target,0.7,691905,447765,46248,29971
stratified,114,target,0.75,691905,447765,46248,29971
stratified,114,target,0.8,691905,447765,46248,29971
stratified,114,target,0.85,691905,447765,46248,29971
stratified,114,target,0.9,691905,447765,46248,29971
stratified,114,target,0.95,691905,447765,46248,29971
stratified,114,target,0.975,691905,447765,46248,29971
stratified,114,target,0.99,691905,447765,46248,29971
stratified,114,target,0.995,691905,447765,46248,29971
stratified,114,target,0.999,691905,447765,46248,29971
logreg,114,source_heldout,0.05,96405,1857,966,2146
logreg,114,source_heldout,0.1,96123,1718,1248,2285
logreg,114,source_heldout,0.15,95174,1525,2197,2478
logreg,114,source_heldout,0.2,93911,1106,3460,2897
logreg,114,source_heldout,0.25,93163,996,4208,3007
logreg,114,source_heldout,0.3,93024,919,4347,3084
logreg,114,source_heldout,0.35,92890,851,4481,3152
logreg,114,source_heldout,0.4,92501,810,4870,3193
logreg,114,source_heldout,0.45,92008,791,5363,3212
logreg,114,source_heldout,0.5,91790,784,5581,3219
logreg,114,source_heldout,0.55,91575,769,5796,3234
logreg,114,source_heldout,0.6,87680,609,9691,3394
logreg,114,source_heldout,0.65,70526,566,26845,3437
logreg,114,source_heldout,0.7,68814,501,28557,3502
logreg,114,source_heldout,0.75,68217,320,29154,3683
logreg,114,source_heldout,0.8,67354,127,30017,3876
logreg,114,source_heldout,0.85,66052,61,31319,3942
logreg,114,source_heldout,0.9,60736,14,36635,3989
logreg,114,source_heldout,0.95,14677,8,82694,3995
logreg,114,source_heldout,0.975,6148,4,91223,3999
logreg,114,source_heldout,0.99,2935,3,94436,4000
logreg,114,source_heldout,0.995,2815,3,94556,4000
logreg,114,source_heldout,0.999,2362,3,95009,4000
logreg,114,target,0.05,700958,442660,37195,35076
logreg,114,target,0.1,270410,20860,467743,456876
logreg,114,target,0.15,241898,19773,496255,457963
logreg,114,target,0.2,232653,18911,505500,458825
logreg,114,target,0.25,230296,13745,507857,463991
logreg,114,target,0.3,226192,12711,511961,465025
logreg,114,target,0.35,223573,12518,514580,465218
logreg,114,target,0.4,219970,12132,518183,465604
logreg,114,target,0.45,218308,11715,519845,466021
logreg,114,target,0.5,216151,11264,522002,466472
logreg,114,target,0.55,214192,10573,523961,467163
logreg,114,target,0.6,175083,10311,563070,467425
logreg,114,target,0.65,130520,6018,607633,471718
logreg,114,target,0.7,87245,5885,650908,471851
logreg,114,target,0.75,73840,2932,664313,474804
logreg,114,target,0.8,51478,2366,686675,475370
logreg,114,target,0.85,48644,1699,689509,476037
logreg,114,target,0.9,42332,804,695821,476932
logreg,114,target,0.95,13,25,738140,477711
logreg,114,target,0.975,11,12,738142,477724
logreg,114,target,0.99,0,4,738153,477732
logreg,114,target,0.995,0,2,738153,477734
logreg,114,target,0.999,0,0,738153,477736
tree,114,source_heldout,0.05,97004,1059,367,2944
tree,114,source_heldout,0.1,96546,793,825,3210
tree,114,source_heldout,0.15,95761,449,1610,3554
tree,114,source_heldout,0.2,95625,409,1746,3594
tree,114,source_heldout,0.25,92583,197,4788,3806
tree,114,source_heldout,0.3,92565,192,4806,3811
tree,114,source_heldout,0.35,92346,172,5025,3831
tree,114,source_heldout,0.4,91675,119,5696,3884
tree,114,source_heldout,0.45,91675,119,5696,3884
tree,114,source_heldout,0.5,91664,119,5707,3884
tree,114,source_heldout,0.55,91664,119,5707,3884
tree,114,source_heldout,0.6,91664,119,5707,3884
tree,114,source_heldout,0.65,91633,118,5738,3885
tree,114,source_heldout,0.7,91633,118,5738,3885
tree,114,source_heldout,0.75,91633,116,5738,3887
tree,114,source_heldout,0.8,91348,108,6023,3895
tree,114,source_heldout,0.85,90990,102,6381,3901
tree,114,source_heldout,0.9,90990,102,6381,3901
tree,114,source_heldout,0.95,90822,89,6549,3914
tree,114,source_heldout,0.975,90822,89,6549,3914
tree,114,source_heldout,0.99,90822,89,6549,3914
tree,114,source_heldout,0.995,87025,83,10346,3920
tree,114,source_heldout,0.999,66818,74,30553,3929
tree,114,target,0.05,679792,464638,58361,13098
tree,114,target,0.1,677584,426847,60569,50889
tree,114,target,0.15,611944,416968,126209,60768
tree,114,target,0.2,611934,416965,126219,60771
tree,114,target,0.25,604230,416536,133923,61200
tree,114,target,0.3,604230,416536,133923,61200
tree,114,target,0.35,604230,416530,133923,61206
tree,114,target,0.4,604230,416528,133923,61208
tree,114,target,0.45,604230,416528,133923,61208
tree,114,target,0.5,604229,416528,133924,61208
tree,114,target,0.55,604229,416528,133924,61208
tree,114,target,0.6,604229,416528,133924,61208
tree,114,target,0.65,604229,416528,133924,61208
tree,114,target,0.7,604229,416528,133924,61208
tree,114,target,0.75,604229,416469,133924,61267
tree,114,target,0.8,604229,416469,133924,61267
tree,114,target,0.85,604193,416429,133960,61307
tree,114,target,0.9,604193,416429,133960,61307
tree,114,target,0.95,604168,416420,133985,61316
tree,114,target,0.975,604168,416420,133985,61316
tree,114,target,0.99,604168,416420,133985,61316
tree,114,target,0.995,602235,416365,135918,61371
tree,114,target,0.999,602235,414235,135918,63501
rf,114,source_heldout,0.05,97270,1482,101,2521
rf,114,source_heldout,0.1,97153,1268,218,2735
rf,114,source_heldout,0.15,97003,1087,368,2916
rf,114,source_heldout,0.2,96874,953,497,3050
rf,114,source_heldout,0.25,96682,838,689,3165
rf,114,source_heldout,0.3,96490,720,881,3283
rf,114,source_heldout,0.35,96287,595,1084,3408
rf,114,source_heldout,0.4,96029,516,1342,3487
rf,114,source_heldout,0.45,95820,438,1551,3565
rf,114,source_heldout,0.5,95633,393,1738,3610
rf,114,source_heldout,0.55,95402,348,1969,3655
rf,114,source_heldout,0.6,95154,303,2217,3700
rf,114,source_heldout,0.65,94880,269,2491,3734
rf,114,source_heldout,0.7,94655,241,2716,3762
rf,114,source_heldout,0.75,94385,207,2986,3796
rf,114,source_heldout,0.8,94013,171,3358,3832
rf,114,source_heldout,0.85,93525,131,3846,3872
rf,114,source_heldout,0.9,92752,78,4619,3925
rf,114,source_heldout,0.95,91461,22,5910,3981
rf,114,source_heldout,0.975,90601,15,6770,3988
rf,114,source_heldout,0.99,89877,7,7494,3996
rf,114,source_heldout,0.995,88800,1,8571,4002
rf,114,source_heldout,0.999,87327,1,10044,4002
rf,114,target,0.05,738153,477498,0,238
rf,114,target,0.1,701795,371688,36358,106048
rf,114,target,0.15,697110,370228,41043,107508
rf,114,target,0.2,666456,368816,71697,108920
rf,114,target,0.25,656643,367130,81510,110606
rf,114,target,0.3,634256,339794,103897,137942
rf,114,target,0.35,632623,336496,105530,141240
rf,114,target,0.4,632326,333190,105827,144546
rf,114,target,0.45,630306,327827,107847,149909
rf,114,target,0.5,628690,317082,109463,160654
rf,114,target,0.55,625314,306116,112839,171620
rf,114,target,0.6,620539,296982,117614,180754
rf,114,target,0.65,578583,286423,159570,191313
rf,114,target,0.7,565582,285006,172571,192730
rf,114,target,0.75,553781,283525,184372,194211
rf,114,target,0.8,529847,282727,208306,195009
rf,114,target,0.85,515896,282368,222257,195368
rf,114,target,0.9,240046,140197,498107,337539
rf,114,target,0.95,10098,20,728055,477716
rf,114,target,0.975,2693,11,735460,477725
rf,114,target,0.99,16,9,738137,477727
rf,114,target,0.995,0,4,738153,477732
rf,114,target,0.999,0,0,738153,477736
xgboost,114,source_heldout,0.05,97160,1114,211,2889
xgboost,114,source_heldout,0.1,96670,761,701,3242
xgboost,114,source_heldout,0.15,95931,454,1440,3549
xgboost,114,source_heldout,0.2,95187,337,2184,3666
xgboost,114,source_heldout,0.25,94090,238,3281,3765
xgboost,114,source_heldout,0.3,93818,192,3553,3811
xgboost,114,source_heldout,0.35,93351,156,4020,3847
xgboost,114,source_heldout,0.4,92456,110,4915,3893
xgboost,114,source_heldout,0.45,92286,86,5085,3917
xgboost,114,source_heldout,0.5,92129,77,5242,3926
xgboost,114,source_heldout,0.55,92016,68,5355,3935
xgboost,114,source_heldout,0.6,91906,49,5465,3954
xgboost,114,source_heldout,0.65,91699,47,5672,3956
xgboost,114,source_heldout,0.7,91488,43,5883,3960
xgboost,114,source_heldout,0.75,91293,33,6078,3970
xgboost,114,source_heldout,0.8,91100,29,6271,3974
xgboost,114,source_heldout,0.85,90845,21,6526,3982
xgboost,114,source_heldout,0.9,90371,3,7000,4000
xgboost,114,source_heldout,0.95,89679,1,7692,4002
xgboost,114,source_heldout,0.975,88858,1,8513,4002
xgboost,114,source_heldout,0.99,87587,1,9784,4002
xgboost,114,source_heldout,0.995,85175,1,12196,4002
xgboost,114,source_heldout,0.999,71344,0,26027,4003
xgboost,114,target,0.05,708836,459005,29317,18731
xgboost,114,target,0.1,666905,425133,71248,52603
xgboost,114,target,0.15,640744,310126,97409,167610
xgboost,114,target,0.2,616254,301742,121899,175994
xgboost,114,target,0.25,589390,289074,148763,188662
xgboost,114,target,0.3,580172,287566,157981,190170
xgboost,114,target,0.35,571945,285410,166208,192326
xgboost,114,target,0.4,563987,284448,174166,193288
xgboost,114,target,0.45,560659,284109,177494,193627
xgboost,114,target,0.5,557334,283834,180819,193902
xgboost,114,target,0.55,521714,283110,216439,194626
xgboost,114,target,0.6,518409,282875,219744,194861
xgboost,114,target,0.65,512782,282695,225371,195041
xgboost,114,target,0.7,509492,282497,228661,195239
xgboost,114,target,0.75,501159,282309,236994,195427
xgboost,114,target,0.8,467467,282065,270686,195671
xgboost,114,target,0.85,96942,39998,641211,437738
xgboost,114,target,0.9,30488,22447,707665,455289
xgboost,114,target,0.95,1703,19,736450,477717
xgboost,114,target,0.975,1182,5,736971,477731
xgboost,114,target,0.99,1179,0,736974,477736
xgboost,114,target,0.995,884,0,737269,477736
xgboost,114,target,0.999,0,0,738153,477736
hgb,114,source_heldout,0.05,97206,1214,165,2789
hgb,114,source_heldout,0.1,96551,766,820,3237
hgb,114,source_heldout,0.15,96028,488,1343,3515
hgb,114,source_heldout,0.2,95699,384,1672,3619
hgb,114,source_heldout,0.25,94502,277,2869,3726
hgb,114,source_heldout,0.3,93602,227,3769,3776
hgb,114,source_heldout,0.35,92816,162,4555,3841
hgb,114,source_heldout,0.4,92350,119,5021,3884
hgb,114,source_heldout,0.45,92081,96,5290,3907
hgb,114,source_heldout,0.5,91873,79,5498,3924
hgb,114,source_heldout,0.55,91649,68,5722,3935
hgb,114,source_heldout,0.6,91523,58,5848,3945
hgb,114,source_heldout,0.65,91403,48,5968,3955
hgb,114,source_heldout,0.7,91153,41,6218,3962
hgb,114,source_heldout,0.75,90964,34,6407,3969
hgb,114,source_heldout,0.8,90739,28,6632,3975
hgb,114,source_heldout,0.85,90331,11,7040,3992
hgb,114,source_heldout,0.9,89891,8,7480,3995
hgb,114,source_heldout,0.95,88908,4,8463,3999
hgb,114,source_heldout,0.975,88102,3,9269,4000
hgb,114,source_heldout,0.99,85545,2,11826,4001
hgb,114,source_heldout,0.995,82425,0,14946,4003
hgb,114,source_heldout,0.999,48449,0,48922,4003
hgb,114,target,0.05,709946,461083,28207,16653
hgb,114,target,0.1,696683,445933,41470,31803
hgb,114,target,0.15,672976,416624,65177,61112
hgb,114,target,0.2,663194,303066,74959,174670
hgb,114,target,0.25,631151,296685,107002,181051
hgb,114,target,0.3,620215,290401,117938,187335
hgb,114,target,0.35,578112,288513,160041,189223
hgb,114,target,0.4,572572,287340,165581,190396
hgb,114,target,0.45,568480,286395,169673,191341
hgb,114,target,0.5,566229,284665,171924,193071
hgb,114,target,0.55,565269,284337,172884,193399
hgb,114,target,0.6,563145,284102,175008,193634
hgb,114,target,0.65,560139,283852,178014,193884
hgb,114,target,0.7,518275,283366,219878,194370
hgb,114,target,0.75,345455,160722,392698,317014
hgb,114,target,0.8,291135,142870,447018,334866
hgb,114,target,0.85,32927,871,705226,476865
hgb,114,target,0.9,30645,584,707508,477152
hgb,114,target,0.95,4137,139,734016,477597
hgb,114,target,0.975,1087,4,737066,477732
hgb,114,target,0.99,259,1,737894,477735
hgb,114,target,0.995,217,0,737936,477736
hgb,114,target,0.999,8,0,738145,477736
mlp,114,source_heldout,0.05,97139,1239,232,2764
mlp,114,source_heldout,0.1,96908,1059,463,2944
mlp,114,source_heldout,0.15,95535,454,1836,3549
mlp,114,source_heldout,0.2,94335,327,3036,3676
mlp,114,source_heldout,0.25,92358,211,5013,3792
mlp,114,source_heldout,0.3,92073,186,5298,3817
mlp,114,source_heldout,0.35,91792,148,5579,3855
mlp,114,source_heldout,0.4,91604,129,5767,3874
mlp,114,source_heldout,0.45,91344,109,6027,3894
mlp,114,source_heldout,0.5,91010,92,6361,3911
mlp,114,source_heldout,0.55,90691,80,6680,3923
mlp,114,source_heldout,0.6,90571,70,6800,3933
mlp,114,source_heldout,0.65,90325,60,7046,3943
mlp,114,source_heldout,0.7,90208,57,7163,3946
mlp,114,source_heldout,0.75,89962,47,7409,3956
mlp,114,source_heldout,0.8,89575,39,7796,3964
mlp,114,source_heldout,0.85,89240,33,8131,3970
mlp,114,source_heldout,0.9,88955,24,8416,3979
mlp,114,source_heldout,0.95,86831,10,10540,3993
mlp,114,source_heldout,0.975,83864,5,13507,3998
mlp,114,source_heldout,0.99,82128,1,15243,4002
mlp,114,source_heldout,0.995,81078,1,16293,4002
mlp,114,source_heldout,0.999,67247,0,30124,4003
mlp,114,target,0.05,705420,444617,32733,33119
mlp,114,target,0.1,679929,432335,58224,45401
mlp,114,target,0.15,619329,403361,118824,74375
mlp,114,target,0.2,617825,401934,120328,75802
mlp,114,target,0.25,597483,397238,140670,80498
mlp,114,target,0.3,596931,396540,141222,81196
mlp,114,target,0.35,595463,396411,142690,81325
mlp,114,target,0.4,592231,396263,145922,81473
mlp,114,target,0.45,588672,396161,149481,81575
mlp,114,target,0.5,553461,395663,184692,82073
mlp,114,target,0.55,551739,395619,186414,82117
mlp,114,target,0.6,548370,290908,189783,186828
mlp,114,target,0.65,542266,290642,195887,187094
mlp,114,target,0.7,526951,290390,211202,187346
mlp,114,target,0.75,493498,290202,244655,187534
mlp,114,target,0.8,270613,150081,467540,327655
mlp,114,target,0.85,269191,149969,468962,327767
mlp,114,target,0.9,267441,149875,470712,327861
mlp,114,target,0.95,32640,3373,705513,474363
mlp,114,target,0.975,5417,543,732736,477193
mlp,114,target,0.99,0,34,738153,477702
mlp,114,target,0.995,0,12,738153,477724
mlp,114,target,0.999,0,4,738153,477732
majority,115,source_heldout,0.05,98119,3945,0,0
majority,115,source_heldout,0.1,98119,3945,0,0
majority,115,source_heldout,0.15,98119,3945,0,0
majority,115,source_heldout,0.2,98119,3945,0,0
majority,115,source_heldout,0.25,98119,3945,0,0
majority,115,source_heldout,0.3,98119,3945,0,0
majority,115,source_heldout,0.35,98119,3945,0,0
majority,115,source_heldout,0.4,98119,3945,0,0
majority,115,source_heldout,0.45,98119,3945,0,0
majority,115,source_heldout,0.5,98119,3945,0,0
majority,115,source_heldout,0.55,98119,3945,0,0
majority,115,source_heldout,0.6,98119,3945,0,0
majority,115,source_heldout,0.65,98119,3945,0,0
majority,115,source_heldout,0.7,98119,3945,0,0
majority,115,source_heldout,0.75,98119,3945,0,0
majority,115,source_heldout,0.8,98119,3945,0,0
majority,115,source_heldout,0.85,98119,3945,0,0
majority,115,source_heldout,0.9,98119,3945,0,0
majority,115,source_heldout,0.95,98119,3945,0,0
majority,115,source_heldout,0.975,98119,3945,0,0
majority,115,source_heldout,0.99,98119,3945,0,0
majority,115,source_heldout,0.995,98119,3945,0,0
majority,115,source_heldout,0.999,98119,3945,0,0
majority,115,target,0.05,738153,477736,0,0
majority,115,target,0.1,738153,477736,0,0
majority,115,target,0.15,738153,477736,0,0
majority,115,target,0.2,738153,477736,0,0
majority,115,target,0.25,738153,477736,0,0
majority,115,target,0.3,738153,477736,0,0
majority,115,target,0.35,738153,477736,0,0
majority,115,target,0.4,738153,477736,0,0
majority,115,target,0.45,738153,477736,0,0
majority,115,target,0.5,738153,477736,0,0
majority,115,target,0.55,738153,477736,0,0
majority,115,target,0.6,738153,477736,0,0
majority,115,target,0.65,738153,477736,0,0
majority,115,target,0.7,738153,477736,0,0
majority,115,target,0.75,738153,477736,0,0
majority,115,target,0.8,738153,477736,0,0
majority,115,target,0.85,738153,477736,0,0
majority,115,target,0.9,738153,477736,0,0
majority,115,target,0.95,738153,477736,0,0
majority,115,target,0.975,738153,477736,0,0
majority,115,target,0.99,738153,477736,0,0
majority,115,target,0.995,738153,477736,0,0
majority,115,target,0.999,738153,477736,0,0
stratified,115,source_heldout,0.05,92097,3695,6022,250
stratified,115,source_heldout,0.1,92097,3695,6022,250
stratified,115,source_heldout,0.15,92097,3695,6022,250
stratified,115,source_heldout,0.2,92097,3695,6022,250
stratified,115,source_heldout,0.25,92097,3695,6022,250
stratified,115,source_heldout,0.3,92097,3695,6022,250
stratified,115,source_heldout,0.35,92097,3695,6022,250
stratified,115,source_heldout,0.4,92097,3695,6022,250
stratified,115,source_heldout,0.45,92097,3695,6022,250
stratified,115,source_heldout,0.5,92097,3695,6022,250
stratified,115,source_heldout,0.55,92097,3695,6022,250
stratified,115,source_heldout,0.6,92097,3695,6022,250
stratified,115,source_heldout,0.65,92097,3695,6022,250
stratified,115,source_heldout,0.7,92097,3695,6022,250
stratified,115,source_heldout,0.75,92097,3695,6022,250
stratified,115,source_heldout,0.8,92097,3695,6022,250
stratified,115,source_heldout,0.85,92097,3695,6022,250
stratified,115,source_heldout,0.9,92097,3695,6022,250
stratified,115,source_heldout,0.95,92097,3695,6022,250
stratified,115,source_heldout,0.975,92097,3695,6022,250
stratified,115,source_heldout,0.99,92097,3695,6022,250
stratified,115,source_heldout,0.995,92097,3695,6022,250
stratified,115,source_heldout,0.999,92097,3695,6022,250
stratified,115,target,0.05,693010,448448,45143,29288
stratified,115,target,0.1,693010,448448,45143,29288
stratified,115,target,0.15,693010,448448,45143,29288
stratified,115,target,0.2,693010,448448,45143,29288
stratified,115,target,0.25,693010,448448,45143,29288
stratified,115,target,0.3,693010,448448,45143,29288
stratified,115,target,0.35,693010,448448,45143,29288
stratified,115,target,0.4,693010,448448,45143,29288
stratified,115,target,0.45,693010,448448,45143,29288
stratified,115,target,0.5,693010,448448,45143,29288
stratified,115,target,0.55,693010,448448,45143,29288
stratified,115,target,0.6,693010,448448,45143,29288
stratified,115,target,0.65,693010,448448,45143,29288
stratified,115,target,0.7,693010,448448,45143,29288
stratified,115,target,0.75,693010,448448,45143,29288
stratified,115,target,0.8,693010,448448,45143,29288
stratified,115,target,0.85,693010,448448,45143,29288
stratified,115,target,0.9,693010,448448,45143,29288
stratified,115,target,0.95,693010,448448,45143,29288
stratified,115,target,0.975,693010,448448,45143,29288
stratified,115,target,0.99,693010,448448,45143,29288
stratified,115,target,0.995,693010,448448,45143,29288
stratified,115,target,0.999,693010,448448,45143,29288
logreg,115,source_heldout,0.05,97221,1758,898,2187
logreg,115,source_heldout,0.1,96922,1587,1197,2358
logreg,115,source_heldout,0.15,95412,1390,2707,2555
logreg,115,source_heldout,0.2,94609,1016,3510,2929
logreg,115,source_heldout,0.25,93875,924,4244,3021
logreg,115,source_heldout,0.3,93788,860,4331,3085
logreg,115,source_heldout,0.35,93635,819,4484,3126
logreg,115,source_heldout,0.4,93210,768,4909,3177
logreg,115,source_heldout,0.45,92712,750,5407,3195
logreg,115,source_heldout,0.5,92462,742,5657,3203
logreg,115,source_heldout,0.55,91955,579,6164,3366
logreg,115,source_heldout,0.6,89879,549,8240,3396
logreg,115,source_heldout,0.65,70977,528,27142,3417
logreg,115,source_heldout,0.7,69197,446,28922,3499
logreg,115,source_heldout,0.75,68662,263,29457,3682
logreg,115,source_heldout,0.8,67664,98,30455,3847
logreg,115,source_heldout,0.85,65020,65,33099,3880
logreg,115,source_heldout,0.9,61664,23,36455,3922
logreg,115,source_heldout,0.95,14975,9,83144,3936
logreg,115,source_heldout,0.975,6242,4,91877,3941
logreg,115,source_heldout,0.99,2895,3,95224,3942
logreg,115,source_heldout,0.995,2786,2,95333,3943
logreg,115,source_heldout,0.999,2345,2,95774,3943
logreg,115,target,0.05,701479,339373,36674,138363
logreg,115,target,0.1,286949,20775,451204,456961
logreg,115,target,0.15,242672,19716,495481,458020
logreg,115,target,0.2,233020,18909,505133,458827
logreg,115,target,0.25,230397,15146,507756,462590
logreg,115,target,0.3,225966,12682,512187,465054
logreg,115,target,0.35,223688,12494,514465,465242
logreg,115,target,0.4,220059,12080,518094,465656
logreg,115,target,0.45,218535,11649,519618,466087
logreg,115,target,0.5,216661,11242,521492,466494
logreg,115,target,0.55,215097,10544,523056,467192
logreg,115,target,0.6,175871,6683,562282,471053
logreg,115,target,0.65,149743,6040,588410,471696
logreg,115,target,0.7,129033,5897,609120,471839
logreg,115,target,0.75,74855,3047,663298,474689
logreg,115,target,0.8,51925,2389,686228,475347
logreg,115,target,0.85,48569,1705,689584,476031
logreg,115,target,0.9,41900,689,696253,477047
logreg,115,target,0.95,13,23,738140,477713
logreg,115,target,0.975,11,9,738142,477727
logreg,115,target,0.99,0,4,738153,477732
logreg,115,target,0.995,0,2,738153,477734
logreg,115,target,0.999,0,0,738153,477736
tree,115,source_heldout,0.05,97894,1045,225,2900
tree,115,source_heldout,0.1,97742,922,377,3023
tree,115,source_heldout,0.15,95500,332,2619,3613
tree,115,source_heldout,0.2,95304,281,2815,3664
tree,115,source_heldout,0.25,95283,281,2836,3664
tree,115,source_heldout,0.3,93155,175,4964,3770
tree,115,source_heldout,0.35,93154,174,4965,3771
tree,115,source_heldout,0.4,93072,169,5047,3776
tree,115,source_heldout,0.45,93072,169,5047,3776
tree,115,source_heldout,0.5,92558,135,5561,3810
tree,115,source_heldout,0.55,92558,135,5561,3810
tree,115,source_heldout,0.6,92550,135,5569,3810
tree,115,source_heldout,0.65,92396,133,5723,3812
tree,115,source_heldout,0.7,92394,133,5725,3812
tree,115,source_heldout,0.75,92379,118,5740,3827
tree,115,source_heldout,0.8,91779,111,6340,3834
tree,115,source_heldout,0.85,91733,108,6386,3837
tree,115,source_heldout,0.9,91717,108,6402,3837
tree,115,source_heldout,0.95,91717,108,6402,3837
tree,115,source_heldout,0.975,89689,95,8430,3850
tree,115,source_heldout,0.99,87584,93,10535,3852
tree,115,source_heldout,0.995,86971,91,11148,3854
tree,115,source_heldout,0.999,59397,90,38722,3855
tree,115,target,0.05,639448,460306,98705,17430
tree,115,target,0.1,597907,325569,140246,152167
tree,115,target,0.15,552932,310189,185221,167547
tree,115,target,0.2,552663,308925,185490,168811
tree,115,target,0.25,552663,308740,185490,168996
tree,115,target,0.3,551813,308558,186340,169178
tree,115,target,0.35,551812,308558,186341,169178
tree,115,target,0.4,551812,308546,186341,169190
tree,115,target,0.45,551812,308546,186341,169190
tree,115,target,0.5,551812,308546,186341,169190
tree,115,target,0.55,551812,308546,186341,169190
tree,115,target,0.6,551812,308546,186341,169190
tree,115,target,0.65,551812,308546,186341,169190
tree,115,target,0.7,551812,308546,186341,169190
tree,115,target,0.75,551812,308546,186341,169190
tree,115,target,0.8,551811,308519,186342,169217
tree,115,target,0.85,551811,308505,186342,169231
tree,115,target,0.9,551779,308504,186374,169232
tree,115,target,0.95,551779,308504,186374,169232
tree,115,target,0.975,551779,308416,186374,169320
tree,115,target,0.99,551779,308416,186374,169320
tree,115,target,0.995,549818,308344,188335,169392
tree,115,target,0.999,549818,304677,188335,173059
rf,115,source_heldout,0.05,98080,1463,39,2482
rf,115,source_heldout,0.1,97922,1246,197,2699
rf,115,source_heldout,0.15,97811,1092,308,2853
rf,115,source_heldout,0.2,97596,958,523,2987
rf,115,source_heldout,0.25,97397,835,722,3110
rf,115,source_heldout,0.3,97190,723,929,3222
rf,115,source_heldout,0.35,96950,619,1169,3326
rf,115,source_heldout,0.4,96668,544,1451,3401
rf,115,source_heldout,0.45,96465,472,1654,3473
rf,115,source_heldout,0.5,96255,413,1864,3532
rf,115,source_heldout,0.55,96045,361,2074,3584
rf,115,source_heldout,0.6,95777,302,2342,3643
rf,115,source_heldout,0.65,95507,263,2612,3682
rf,115,source_heldout,0.7,95220,215,2899,3730
rf,115,source_heldout,0.75,94908,189,3211,3756
rf,115,source_heldout,0.8,94498,126,3621,3819
rf,115,source_heldout,0.85,94034,82,4085,3863
rf,115,source_heldout,0.9,93369,57,4750,3888
rf,115,source_heldout,0.95,92215,23,5904,3922
rf,115,source_heldout,0.975,91631,11,6488,3934
rf,115,source_heldout,0.99,90852,6,7267,3939
rf,115,source_heldout,0.995,90467,5,7652,3940
rf,115,source_heldout,0.999,88559,1,9560,3944
rf,115,target,0.05,738075,477472,78,264
rf,115,target,0.1,730136,476661,8017,1075
rf,115,target,0.15,659627,473925,78526,3811
rf,115,target,0.2,654989,367816,83164,109920
rf,115,target,0.25,654655,366350,83498,111386
rf,115,target,0.3,653491,341400,84662,136336
rf,115,target,0.35,652322,336730,85831,141006
rf,115,target,0.4,631514,328360,106639,149376
rf,115,target,0.45,629920,324920,108233,152816
rf,115,target,0.5,628383,309669,109770,168067
rf,115,target,0.55,625654,303783,112499,173953
rf,115,target,0.6,620418,294627,117735,183109
rf,115,target,0.65,609777,288975,128376,188761
rf,115,target,0.7,602171,285864,135982,191872
rf,115,target,0.75,556968,284034,181185,193702
rf,115,target,0.8,544704,283385,193449,194351
rf,115,target,0.85,485057,282450,253096,195286
rf,115,target,0.9,21298,247,716855,477489
rf,115,target,0.95,3793,12,734360,477724
rf,115,target,0.975,16,9,738137,477727
rf,115,target,0.99,0,6,738153,477730
rf,115,target,0.995,0,5,738153,477731
rf,115,target,0.999,0,0,738153,477736
xgboost,115,source_heldout,0.05,97976,1093,143,2852
xgboost,115,source_heldout,0.1,97607,743,512,3202
xgboost,115,source_heldout,0.15,96562,386,1557,3559
xgboost,115,source_heldout,0.2,95807,284,2312,3661
xgboost,115,source_heldout,0.25,93899,170,4220,3775
xgboost,115,source_heldout,0.3,93596,142,4523,3803
xgboost,115,source_heldout,0.35,93387,121,4732,3824
xgboost,115,source_heldout,0.4,93172,112,4947,3833
xgboost,115,source_heldout,0.45,93019,96,5100,3849
xgboost,115,source_heldout,0.5,92872,87,5247,3858
xgboost,115,source_heldout,0.55,92689,79,5430,3866
xgboost,115,source_heldout,0.6,92489,65,5630,3880
xgboost,115,source_heldout,0.65,92363,56,5756,3889
xgboost,115,source_heldout,0.7,92197,44,5922,3901
xgboost,115,source_heldout,0.75,92006,40,6113,3905
xgboost,115,source_heldout,0.8,91803,18,6316,3927
xgboost,115,source_heldout,0.85,91606,14,6513,3931
xgboost,115,source_heldout,0.9,91337,13,6782,3932
xgboost,115,source_heldout,0.95,90747,9,7372,3936
xgboost,115,source_heldout,0.975,89831,7,8288,3938
xgboost,115,source_heldout,0.99,88327,2,9792,3943
xgboost,115,source_heldout,0.995,85746,1,12373,3944
xgboost,115,source_heldout,0.999,73660,0,24459,3945
xgboost,115,target,0.05,706047,448772,32106,28964
xgboost,115,target,0.1,660135,419917,78018,57819
xgboost,115,target,0.15,635798,310824,102355,166912
xgboost,115,target,0.2,631022,303508,107131,174228
xgboost,115,target,0.25,578705,291821,159448,185915
xgboost,115,target,0.3,568421,291084,169732,186652
xgboost,115,target,0.35,563531,289804,174622,187932
xgboost,115,target,0.4,558276,289059,179877,188677
xgboost,115,target,0.45,556178,288003,181975,189733
xgboost,115,target,0.5,554449,284312,183704,193424
xgboost,115,target,0.55,552982,283547,185171,194189
xgboost,115,target,0.6,517359,283342,220794,194394
xgboost,115,target,0.65,484341,283241,253812,194495
xgboost,115,target,0.7,481215,283102,256938,194634
xgboost,115,target,0.75,476608,279958,261545,197778
xgboost,115,target,0.8,291018,144013,447135,333723
xgboost,115,target,0.85,283827,142576,454326,335160
xgboost,115,target,0.9,269142,142150,469011,335586
xgboost,115,target,0.95,885,128,737268,477608
xgboost,115,target,0.975,140,15,738013,477721
xgboost,115,target,0.99,0,0,738153,477736
xgboost,115,target,0.995,0,0,738153,477736
xgboost,115,target,0.999,0,0,738153,477736
hgb,115,source_heldout,0.05,97991,1139,128,2806
hgb,115,source_heldout,0.1,97672,778,447,3167
hgb,115,source_heldout,0.15,96775,389,1344,3556
hgb,115,source_heldout,0.2,96221,314,1898,3631
hgb,115,source_heldout,0.25,93664,184,4455,3761
hgb,115,source_heldout,0.3,93527,145,4592,3800
hgb,115,source_heldout,0.35,93240,124,4879,3821
hgb,115,source_heldout,0.4,93087,110,5032,3835
hgb,115,source_heldout,0.45,92953,105,5166,3840
hgb,115,source_heldout,0.5,92755,89,5364,3856
hgb,115,source_heldout,0.55,92640,76,5479,3869
hgb,115,source_heldout,0.6,92430,70,5689,3875
hgb,115,source_heldout,0.65,92236,59,5883,3886
hgb,115,source_heldout,0.7,92001,44,6118,3901
hgb,115,source_heldout,0.75,91789,37,6330,3908
hgb,115,source_heldout,0.8,91574,19,6545,3926
hgb,115,source_heldout,0.85,91298,17,6821,3928
hgb,115,source_heldout,0.9,90909,13,7210,3932
hgb,115,source_heldout,0.95,90247,11,7872,3934
hgb,115,source_heldout,0.975,88233,5,9886,3940
hgb,115,source_heldout,0.99,86290,1,11829,3944
hgb,115,source_heldout,0.995,85127,0,12992,3945
hgb,115,source_heldout,0.999,61964,0,36155,3945
hgb,115,target,0.05,707296,455384,30857,22352
hgb,115,target,0.1,675353,421264,62800,56472
hgb,115,target,0.15,656573,306860,81580,170876
hgb,115,target,0.2,595825,300915,142328,176821
hgb,115,target,0.25,588251,296284,149902,181452
hgb,115,target,0.3,584738,294699,153415,183037
hgb,115,target,0.35,580904,292815,157249,184921
hgb,115,target,0.4,575025,292346,163128,185390
hgb,115,target,0.45,571489,291938,166664,185798
hgb,115,target,0.5,566105,287862,172048,189874
hgb,115,target,0.55,555493,283574,182660,194162
hgb,115,target,0.6,549457,283298,188696,194438
hgb,115,target,0.65,519224,283152,218929,194584
hgb,115,target,0.7,482592,282942,255561,194794
hgb,115,target,0.75,478839,282766,259314,194970
hgb,115,target,0.8,212608,139133,525545,338603
hgb,115,target,0.85,31587,5355,706566,472381
hgb,115,target,0.9,7646,5076,730507,472660
hgb,115,target,0.95,1050,272,737103,477464
hgb,115,target,0.975,4,136,738149,477600
hgb,115,target,0.99,0,135,738153,477601
hgb,115,target,0.995,0,135,738153,477601
hgb,115,target,0.999,0,135,738153,477601
mlp,115,source_heldout,0.05,97959,1174,160,2771
mlp,115,source_heldout,0.1,97611,922,508,3023
mlp,115,source_heldout,0.15,96656,462,1463,3483
mlp,115,source_heldout,0.2,95956,379,2163,3566
mlp,115,source_heldout,0.25,94883,293,3236,3652
mlp,115,source_heldout,0.3,93002,202,5117,3743
mlp,115,source_heldout,0.35,92761,172,5358,3773
mlp,115,source_heldout,0.4,92631,148,5488,3797
mlp,115,source_heldout,0.45,92568,125,5551,3820
mlp,115,source_heldout,0.5,92390,112,5729,3833
mlp,115,source_heldout,0.55,92226,106,5893,3839
mlp,115,source_heldout,0.6,92103,99,6016,3846
mlp,115,source_heldout,0.65,91988,90,6131,3855
mlp,115,source_heldout,0.7,91814,78,6305,3867
mlp,115,source_heldout,0.75,91519,63,6600,3882
mlp,115,source_heldout,0.8,91006,54,7113,3891
mlp,115,source_heldout,0.85,90701,50,7418,3895
mlp,115,source_heldout,0.9,90363,38,7756,3907
mlp,115,source_heldout,0.95,89957,19,8162,3926
mlp,115,source_heldout,0.975,89450,14,8669,3931
mlp,115,source_heldout,0.99,87019,6,11100,3939
mlp,115,source_heldout,0.995,83299,3,14820,3942
mlp,115,source_heldout,0.999,80488,1,17631,3944
mlp,115,target,0.05,707450,450685,30703,27051
mlp,115,target,0.1,697758,443310,40395,34426
mlp,115,target,0.15,693886,416793,44267,60943
mlp,115,target,0.2,671777,410932,66376,66804
mlp,115,target,0.25,654404,408576,83749,69160
mlp,115,target,0.3,652730,408384,85423,69352
mlp,115,target,0.35,615348,403663,122805,74073
mlp,115,target,0.4,595159,396781,142994,80955
mlp,115,target,0.45,594997,396690,143156,81046
mlp,115,target,0.5,594635,396624,143518,81112
mlp,115,target,0.55,592722,291983,145431,185753
mlp,115,target,0.6,588931,291833,149222,185903
mlp,115,target,0.65,584559,291535,153594,186201
mlp,115,target,0.7,583616,291369,154537,186367
mlp,115,target,0.75,379266,151271,358887,326465
mlp,115,target,0.8,328968,151184,409185,326552
mlp,115,target,0.85,320748,151101,417405,326635
mlp,115,target,0.9,309114,150949,429039,326787
mlp,115,target,0.95,272297,150156,465856,327580
mlp,115,target,0.975,262120,149811,476033,327925
mlp,115,target,0.99,239118,145015,499035,332721
mlp,115,target,0.995,232387,142216,505766,335520
mlp,115,target,0.999,0,24,738153,477712
majority,116,source_heldout,0.05,88743,23,0,0
majority,116,source_heldout,0.1,88743,23,0,0
majority,116,source_heldout,0.15,88743,23,0,0
majority,116,source_heldout,0.2,88743,23,0,0
majority,116,source_heldout,0.25,88743,23,0,0
majority,116,source_heldout,0.3,88743,23,0,0
majority,116,source_heldout,0.35,88743,23,0,0
majority,116,source_heldout,0.4,88743,23,0,0
majority,116,source_heldout,0.45,88743,23,0,0
majority,116,source_heldout,0.5,88743,23,0,0
majority,116,source_heldout,0.55,88743,23,0,0
majority,116,source_heldout,0.6,88743,23,0,0
majority,116,source_heldout,0.65,88743,23,0,0
majority,116,source_heldout,0.7,88743,23,0,0
majority,116,source_heldout,0.75,88743,23,0,0
majority,116,source_heldout,0.8,88743,23,0,0
majority,116,source_heldout,0.85,88743,23,0,0
majority,116,source_heldout,0.9,88743,23,0,0
majority,116,source_heldout,0.95,88743,23,0,0
majority,116,source_heldout,0.975,88743,23,0,0
majority,116,source_heldout,0.99,88743,23,0,0
majority,116,source_heldout,0.995,88743,23,0,0
majority,116,source_heldout,0.999,88743,23,0,0
majority,116,target,0.05,738153,477736,0,0
majority,116,target,0.1,738153,477736,0,0
majority,116,target,0.15,738153,477736,0,0
majority,116,target,0.2,738153,477736,0,0
majority,116,target,0.25,738153,477736,0,0
majority,116,target,0.3,738153,477736,0,0
majority,116,target,0.35,738153,477736,0,0
majority,116,target,0.4,738153,477736,0,0
majority,116,target,0.45,738153,477736,0,0
majority,116,target,0.5,738153,477736,0,0
majority,116,target,0.55,738153,477736,0,0
majority,116,target,0.6,738153,477736,0,0
majority,116,target,0.65,738153,477736,0,0
majority,116,target,0.7,738153,477736,0,0
majority,116,target,0.75,738153,477736,0,0
majority,116,target,0.8,738153,477736,0,0
majority,116,target,0.85,738153,477736,0,0
majority,116,target,0.9,738153,477736,0,0
majority,116,target,0.95,738153,477736,0,0
majority,116,target,0.975,738153,477736,0,0
majority,116,target,0.99,738153,477736,0,0
majority,116,target,0.995,738153,477736,0,0
majority,116,target,0.999,738153,477736,0,0
stratified,116,source_heldout,0.05,81949,21,6794,2
stratified,116,source_heldout,0.1,81949,21,6794,2
stratified,116,source_heldout,0.15,81949,21,6794,2
stratified,116,source_heldout,0.2,81949,21,6794,2
stratified,116,source_heldout,0.25,81949,21,6794,2
stratified,116,source_heldout,0.3,81949,21,6794,2
stratified,116,source_heldout,0.35,81949,21,6794,2
stratified,116,source_heldout,0.4,81949,21,6794,2
stratified,116,source_heldout,0.45,81949,21,6794,2
stratified,116,source_heldout,0.5,81949,21,6794,2
stratified,116,source_heldout,0.55,81949,21,6794,2
stratified,116,source_heldout,0.6,81949,21,6794,2
stratified,116,source_heldout,0.65,81949,21,6794,2
stratified,116,source_heldout,0.7,81949,21,6794,2
stratified,116,source_heldout,0.75,81949,21,6794,2
stratified,116,source_heldout,0.8,81949,21,6794,2
stratified,116,source_heldout,0.85,81949,21,6794,2
stratified,116,source_heldout,0.9,81949,21,6794,2
stratified,116,source_heldout,0.95,81949,21,6794,2
stratified,116,source_heldout,0.975,81949,21,6794,2
stratified,116,source_heldout,0.99,81949,21,6794,2
stratified,116,source_heldout,0.995,81949,21,6794,2
stratified,116,source_heldout,0.999,81949,21,6794,2
stratified,116,target,0.05,681905,441336,56248,36400
stratified,116,target,0.1,681905,441336,56248,36400
stratified,116,target,0.15,681905,441336,56248,36400
stratified,116,target,0.2,681905,441336,56248,36400
stratified,116,target,0.25,681905,441336,56248,36400
stratified,116,target,0.3,681905,441336,56248,36400
stratified,116,target,0.35,681905,441336,56248,36400
stratified,116,target,0.4,681905,441336,56248,36400
stratified,116,target,0.45,681905,441336,56248,36400
stratified,116,target,0.5,681905,441336,56248,36400
stratified,116,target,0.55,681905,441336,56248,36400
stratified,116,target,0.6,681905,441336,56248,36400
stratified,116,target,0.65,681905,441336,56248,36400
stratified,116,target,0.7,681905,441336,56248,36400
stratified,116,target,0.75,681905,441336,56248,36400
stratified,116,target,0.8,681905,441336,56248,36400
stratified,116,target,0.85,681905,441336,56248,36400
stratified,116,target,0.9,681905,441336,56248,36400
stratified,116,target,0.95,681905,441336,56248,36400
stratified,116,target,0.975,681905,441336,56248,36400
stratified,116,target,0.99,681905,441336,56248,36400
stratified,116,target,0.995,681905,441336,56248,36400
stratified,116,target,0.999,681905,441336,56248,36400
logreg,116,source_heldout,0.05,88710,19,33,4
logreg,116,source_heldout,0.1,88093,17,650,6
logreg,116,source_heldout,0.15,88070,15,673,8
logreg,116,source_heldout,0.2,87366,12,1377,11
logreg,116,source_heldout,0.25,86844,11,1899,12
logreg,116,source_heldout,0.3,86227,10,2516,13
logreg,116,source_heldout,0.35,86107,10,2636,13
logreg,116,source_heldout,0.4,86004,10,2739,13
logreg,116,source_heldout,0.45,85748,10,2995,13
logreg,116,source_heldout,0.5,82656,10,6087,13
logreg,116,source_heldout,0.55,82473,10,6270,13
logreg,116,source_heldout,0.6,82265,10,6478,13
logreg,116,source_heldout,0.65,82031,10,6712,13
logreg,116,source_heldout,0.7,78919,10,9824,13
logreg,116,source_heldout,0.75,59407,9,29336,14
logreg,116,source_heldout,0.8,58392,8,30351,15
logreg,116,source_heldout,0.85,54551,7,34192,16
logreg,116,source_heldout,0.9,49610,6,39133,17
logreg,116,source_heldout,0.95,3352,3,85391,20
logreg,116,source_heldout,0.975,2795,3,85948,20
logreg,116,source_heldout,0.99,1250,3,87493,20
logreg,116,source_heldout,0.995,924,3,87819,20
logreg,116,source_heldout,0.999,584,2,88159,21
logreg,116,target,0.05,700939,450437,37214,27299
logreg,116,target,0.1,513518,190543,224635,287193
logreg,116,target,0.15,243192,24319,494961,453417
logreg,116,target,0.2,232910,23730,505243,454006
logreg,116,target,0.25,230281,22965,507872,454771
logreg,116,target,0.3,224225,22444,513928,455292
logreg,116,target,0.35,220499,16847,517654,460889
logreg,116,target,0.4,218911,16430,519242,461306
logreg,116,target,0.45,218121,15931,520032,461805
logreg,116,target,0.5,217306,15347,520847,462389
logreg,116,target,0.55,215351,14973,522802,462763
logreg,116,target,0.6,172699,14421,565454,463315
logreg,116,target,0.65,131773,8413,606380,469323
logreg,116,target,0.7,97527,7722,640626,470014
logreg,116,target,0.75,69599,6568,668554,471168
logreg,116,target,0.8,49238,5569,688915,472167
logreg,116,target,0.85,46430,4390,691723,473346
logreg,116,target,0.9,77,2716,738076,475020
logreg,116,target,0.95,13,9,738140,477727
logreg,116,target,0.975,11,5,738142,477731
logreg,116,target,0.99,0,2,738153,477734
logreg,116,target,0.995,0,1,738153,477735
logreg,116,target,0.999,0,0,738153,477736
tree,116,source_heldout,0.05,71572,19,17171,4
tree,116,source_heldout,0.1,71257,16,17486,7
tree,116,source_heldout,0.15,71173,9,17570,14
tree,116,source_heldout,0.2,70906,9,17837,14
tree,116,source_heldout,0.25,70904,8,17839,15
tree,116,source_heldout,0.3,70904,8,17839,15
tree,116,source_heldout,0.35,70474,8,18269,15
tree,116,source_heldout,0.4,70468,8,18275,15
tree,116,source_heldout,0.45,70455,5,18288,18
tree,116,source_heldout,0.5,70455,5,18288,18
tree,116,source_heldout,0.55,70455,4,18288,19
tree,116,source_heldout,0.6,70451,4,18292,19
tree,116,source_heldout,0.65,70451,4,18292,19
tree,116,source_heldout,0.7,70441,4,18302,19
tree,116,source_heldout,0.75,70301,1,18442,22
tree,116,source_heldout,0.8,70297,1,18446,22
tree,116,source_heldout,0.85,70297,1,18446,22
tree,116,source_heldout,0.9,70297,1,18446,22
tree,116,source_heldout,0.95,70297,1,18446,22
tree,116,source_heldout,0.975,70142,1,18601,22
tree,116,source_heldout,0.99,69307,1,19436,22
tree,116,source_heldout,0.995,69307,1,19436,22
tree,116,source_heldout,0.999,69307,1,19436,22
tree,116,target,0.05,410468,316312,327685,161424
tree,116,target,0.1,405929,314576,332224,163160
tree,116,target,0.15,325930,276012,412223,201724
tree,116,target,0.2,305896,272358,432257,205378
tree,116,target,0.25,305801,271847,432352,205889
tree,116,target,0.3,305801,271784,432352,205952
tree,116,target,0.35,305723,271700,432430,206036
tree,116,target,0.4,305722,271390,432431,206346
tree,116,target,0.45,305707,271384,432446,206352
tree,116,target,0.5,305707,271384,432446,206352
tree,116,target,0.55,305706,271384,432447,206352
tree,116,target,0.6,305357,271384,432796,206352
tree,116,target,0.65,305357,271384,432796,206352
tree,116,target,0.7,305357,271384,432796,206352
tree,116,target,0.75,305357,271384,432796,206352
tree,116,target,0.8,305357,271384,432796,206352
tree,116,target,0.85,305357,271384,432796,206352
tree,116,target,0.9,305357,271384,432796,206352
tree,116,target,0.95,305357,271384,432796,206352
tree,116,target,0.975,305357,271310,432796,206426
tree,116,target,0.99,305357,271310,432796,206426
tree,116,target,0.995,305357,271310,432796,206426
tree,116,target,0.999,305357,271310,432796,206426
rf,116,source_heldout,0.05,88743,23,0,0
rf,116,source_heldout,0.1,88736,21,7,2
rf,116,source_heldout,0.15,88729,21,14,2
rf,116,source_heldout,0.2,88710,21,33,2
rf,116,source_heldout,0.25,88041,20,702,3
rf,116,source_heldout,0.3,87928,20,815,3
rf,116,source_heldout,0.35,86625,20,2118,3
rf,116,source_heldout,0.4,72261,19,16482,4
rf,116,source_heldout,0.45,71673,18,17070,5
rf,116,source_heldout,0.5,71443,17,17300,6
rf,116,source_heldout,0.55,71252,17,17491,6
rf,116,source_heldout,0.6,70952,13,17791,10
rf,116,source_heldout,0.65,70754,11,17989,12
rf,116,source_heldout,0.7,67389,10,21354,13
rf,116,source_heldout,0.75,66932,10,21811,13
rf,116,source_heldout,0.8,64261,4,24482,19
rf,116,source_heldout,0.85,59592,2,29151,21
rf,116,source_heldout,0.9,54926,1,33817,22
rf,116,source_heldout,0.95,53751,0,34992,23
rf,116,source_heldout,0.975,50111,0,38632,23
rf,116,source_heldout,0.99,40576,0,48167,23
rf,116,source_heldout,0.995,33039,0,55704,23
rf,116,source_heldout,0.999,30397,0,58346,23
rf,116,target,0.05,701954,477431,36199,305
rf,116,target,0.1,690530,476894,47623,842
rf,116,target,0.15,677682,371819,60471,105917
rf,116,target,0.2,674849,367364,63304,110372
rf,116,target,0.25,427435,220942,310718,256794
rf,116,target,0.3,427044,214152,311109,263584
rf,116,target,0.35,423688,211985,314465,265751
rf,116,target,0.4,421485,205998,316668,271738
rf,116,target,0.45,416069,178518,322084,299218
rf,116,target,0.5,405969,173790,332184,303946
rf,116,target,0.55,389708,169939,348445,307797
rf,116,target,0.6,349736,162069,388417,315667
rf,116,target,0.65,312875,148613,425278,329123
rf,116,target,0.7,269296,142432,468857,335304
rf,116,target,0.75,253501,141133,484652,336603
rf,116,target,0.8,144080,140570,594073,337166
rf,116,target,0.85,1157,328,736996,477408
rf,116,target,0.9,7,43,738146,477693
rf,116,target,0.95,0,9,738153,477727
rf,116,target,0.975,0,7,738153,477729
rf,116,target,0.99,0,0,738153,477736
rf,116,target,0.995,0,0,738153,477736
rf,116,target,0.999,0,0,738153,477736
xgboost,116,source_heldout,0.05,88736,23,7,0
xgboost,116,source_heldout,0.1,88405,20,338,3
xgboost,116,source_heldout,0.15,87096,19,1647,4
xgboost,116,source_heldout,0.2,85624,19,3119,4
xgboost,116,source_heldout,0.25,74393,16,14350,7
xgboost,116,source_heldout,0.3,72076,14,16667,9
xgboost,116,source_heldout,0.35,71924,13,16819,10
xgboost,116,source_heldout,0.4,71666,11,17077,12
xgboost,116,source_heldout,0.45,71519,11,17224,12
xgboost,116,source_heldout,0.5,71429,11,17314,12
xgboost,116,source_heldout,0.55,71365,8,17378,15
xgboost,116,source_heldout,0.6,71285,7,17458,16
xgboost,116,source_heldout,0.65,71192,7,17551,16
xgboost,116,source_heldout,0.7,70906,7,17837,16
xgboost,116,source_heldout,0.75,67850,7,20893,16
xgboost,116,source_heldout,0.8,67229,7,21514,16
xgboost,116,source_heldout,0.85,66143,7,22600,16
xgboost,116,source_heldout,0.9,65095,6,23648,17
xgboost,116,source_heldout,0.95,59548,0,29195,23
xgboost,116,source_heldout,0.975,58503,0,30240,23
xgboost,116,source_heldout,0.99,25344,0,63399,23
xgboost,116,source_heldout,0.995,16274,0,72469,23
xgboost,116,source_heldout,0.999,11490,0,77253,23
xgboost,116,target,0.05,668270,465439,69883,12297
xgboost,116,target,0.1,657199,445959,80954,31777
xgboost,116,target,0.15,625863,328358,112290,149378
xgboost,116,target,0.2,388084,159194,350069,318542
xgboost,116,target,0.25,365061,156124,373092,321612
xgboost,116,target,0.3,353363,151902,384790,325834
xgboost,116,target,0.35,324644,146733,413509,331003
xgboost,116,target,0.4,320025,145619,418128,332117
xgboost,116,target,0.45,313607,145221,424546,332515
xgboost,116,target,0.5,308430,142926,429723,334810
xgboost,116,target,0.55,305093,141960,433060,335776
xgboost,116,target,0.6,295843,141452,442310,336284
xgboost,116,target,0.65,209578,95520,528575,382216
xgboost,116,target,0.7,175925,95177,562228,382559
xgboost,116,target,0.75,23695,20346,714458,457390
xgboost,116,target,0.8,21846,19058,716307,458678
xgboost,116,target,0.85,1394,61,736759,477675
xgboost,116,target,0.9,674,18,737479,477718
xgboost,116,target,0.95,7,2,738146,477734
xgboost,116,target,0.975,0,0,738153,477736
xgboost,116,target,0.99,0,0,738153,477736
xgboost,116,target,0.995,0,0,738153,477736
xgboost,116,target,0.999,0,0,738153,477736
hgb,116,source_heldout,0.05,88730,23,13,0
hgb,116,source_heldout,0.1,88493,20,250,3
hgb,116,source_heldout,0.15,87894,19,849,4
hgb,116,source_heldout,0.2,86102,17,2641,6
hgb,116,source_heldout,0.25,86041,17,2702,6
hgb,116,source_heldout,0.3,82848,13,5895,10
hgb,116,source_heldout,0.35,74143,13,14600,10
hgb,116,source_heldout,0.4,72423,12,16320,11
hgb,116,source_heldout,0.45,71928,10,16815,13
hgb,116,source_heldout,0.5,71656,10,17087,13
hgb,116,source_heldout,0.55,71524,9,17219,14
hgb,116,source_heldout,0.6,71390,9,17353,14
hgb,116,source_heldout,0.65,71057,9,17686,14
hgb,116,source_heldout,0.7,70865,9,17878,14
hgb,116,source_heldout,0.75,70676,8,18067,15
hgb,116,source_heldout,0.8,70262,8,18481,15
hgb,116,source_heldout,0.85,69122,5,19621,18
hgb,116,source_heldout,0.9,68091,5,20652,18
hgb,116,source_heldout,0.95,66376,5,22367,18
hgb,116,source_heldout,0.975,39322,3,49421,20
hgb,116,source_heldout,0.99,27367,0,61376,23
hgb,116,source_heldout,0.995,18195,0,70548,23
hgb,116,source_heldout,0.999,16471,0,72272,23
hgb,116,target,0.05,670257,461079,67896,16657
hgb,116,target,0.1,656554,450807,81599,26929
hgb,116,target,0.15,639727,338908,98426,138828
hgb,116,target,0.2,613786,330254,124367,147482
hgb,116,target,0.25,366917,186145,371236,291591
hgb,116,target,0.3,357601,182526,380552,295210
hgb,116,target,0.35,354089,180023,384064,297713
hgb,116,target,0.4,344883,155206,393270,322530
hgb,116,target,0.45,316494,149775,421659,327961
hgb,116,target,0.5,313773,147136,424380,330600
hgb,116,target,0.55,306761,146541,431392,331195
hgb,116,target,0.6,302752,145649,435401,332087
hgb,116,target,0.65,298166,144641,439987,333095
hgb,116,target,0.7,294652,141926,443501,335810
hgb,116,target,0.75,260201,141300,477952,336436
hgb,116,target,0.8,257833,140073,480320,337663
hgb,116,target,0.85,249144,139844,489009,337892
hgb,116,target,0.9,85429,20452,652724,457284
hgb,116,target,0.95,54705,20366,683448,457370
hgb,116,target,0.975,17887,16777,720266,460959
hgb,116,target,0.99,16778,16775,721375,460961
hgb,116,target,0.995,0,1,738153,477735
hgb,116,target,0.999,0,0,738153,477736
mlp,116,source_heldout,0.05,88567,23,176,0
mlp,116,source_heldout,0.1,87855,18,888,5
mlp,116,source_heldout,0.15,87354,12,1389,11
mlp,116,source_heldout,0.2,86633,0,2110,23
mlp,116,source_heldout,0.25,86484,0,2259,23
mlp,116,source_heldout,0.3,86443,0,2300,23
mlp,116,source_heldout,0.35,86098,0,2645,23
mlp,116,source_heldout,0.4,78739,0,10004,23
mlp,116,source_heldout,0.45,72297,0,16446,23
mlp,116,source_heldout,0.5,72135,0,16608,23
mlp,116,source_heldout,0.55,70999,0,17744,23
mlp,116,source_heldout,0.6,67607,0,21136,23
mlp,116,source_heldout,0.65,66930,0,21813,23
mlp,116,source_heldout,0.7,66625,0,22118,23
mlp,116,source_heldout,0.75,66131,0,22612,23
mlp,116,source_heldout,0.8,65630,0,23113,23
mlp,116,source_heldout,0.85,65343,0,23400,23
mlp,116,source_heldout,0.9,65046,0,23697,23
mlp,116,source_heldout,0.95,64292,0,24451,23
mlp,116,source_heldout,0.975,62225,0,26518,23
mlp,116,source_heldout,0.99,58742,0,30001,23
mlp,116,source_heldout,0.995,57368,0,31375,23
mlp,116,source_heldout,0.999,52576,0,36167,23
mlp,116,target,0.05,719262,464828,18891,12908
mlp,116,target,0.1,695908,318373,42245,159363
mlp,116,target,0.15,637580,299319,100573,178417
mlp,116,target,0.2,563963,290285,174190,187451
mlp,116,target,0.25,330887,147803,407266,329933
mlp,116,target,0.3,327079,147259,411074,330477
mlp,116,target,0.35,315796,141446,422357,336290
mlp,116,target,0.4,306954,141247,431199,336489
mlp,116,target,0.45,297944,141175,440209,336561
mlp,116,target,0.5,294865,140896,443288,336840
mlp,116,target,0.55,119798,14045,618355,463691
mlp,116,target,0.6,60610,731,677543,477005
mlp,116,target,0.65,56564,706,681589,477030
mlp,116,target,0.7,55101,672,683052,477064
mlp,116,target,0.75,23112,563,715041,477173
mlp,116,target,0.8,19666,183,718487,477553
mlp,116,target,0.85,13600,145,724553,477591
mlp,116,target,0.9,8702,115,729451,477621
mlp,116,target,0.95,1346,73,736807,477663
mlp,116,target,0.975,29,42,738124,477694
mlp,116,target,0.99,4,32,738149,477704
mlp,116,target,0.995,0,26,738153,477710
mlp,116,target,0.999,0,15,738153,477721
majority,117,source_heldout,0.05,98764,4207,0,0
majority,117,source_heldout,0.1,98764,4207,0,0
majority,117,source_heldout,0.15,98764,4207,0,0
majority,117,source_heldout,0.2,98764,4207,0,0
majority,117,source_heldout,0.25,98764,4207,0,0
majority,117,source_heldout,0.3,98764,4207,0,0
majority,117,source_heldout,0.35,98764,4207,0,0
majority,117,source_heldout,0.4,98764,4207,0,0
majority,117,source_heldout,0.45,98764,4207,0,0
majority,117,source_heldout,0.5,98764,4207,0,0
majority,117,source_heldout,0.55,98764,4207,0,0
majority,117,source_heldout,0.6,98764,4207,0,0
majority,117,source_heldout,0.65,98764,4207,0,0
majority,117,source_heldout,0.7,98764,4207,0,0
majority,117,source_heldout,0.75,98764,4207,0,0
majority,117,source_heldout,0.8,98764,4207,0,0
majority,117,source_heldout,0.85,98764,4207,0,0
majority,117,source_heldout,0.9,98764,4207,0,0
majority,117,source_heldout,0.95,98764,4207,0,0
majority,117,source_heldout,0.975,98764,4207,0,0
majority,117,source_heldout,0.99,98764,4207,0,0
majority,117,source_heldout,0.995,98764,4207,0,0
majority,117,source_heldout,0.999,98764,4207,0,0
majority,117,target,0.05,738153,477736,0,0
majority,117,target,0.1,738153,477736,0,0
majority,117,target,0.15,738153,477736,0,0
majority,117,target,0.2,738153,477736,0,0
majority,117,target,0.25,738153,477736,0,0
majority,117,target,0.3,738153,477736,0,0
majority,117,target,0.35,738153,477736,0,0
majority,117,target,0.4,738153,477736,0,0
majority,117,target,0.45,738153,477736,0,0
majority,117,target,0.5,738153,477736,0,0
majority,117,target,0.55,738153,477736,0,0
majority,117,target,0.6,738153,477736,0,0
majority,117,target,0.65,738153,477736,0,0
majority,117,target,0.7,738153,477736,0,0
majority,117,target,0.75,738153,477736,0,0
majority,117,target,0.8,738153,477736,0,0
majority,117,target,0.85,738153,477736,0,0
majority,117,target,0.9,738153,477736,0,0
majority,117,target,0.95,738153,477736,0,0
majority,117,target,0.975,738153,477736,0,0
majority,117,target,0.99,738153,477736,0,0
majority,117,target,0.995,738153,477736,0,0
majority,117,target,0.999,738153,477736,0,0
stratified,117,source_heldout,0.05,92776,3946,5988,261
stratified,117,source_heldout,0.1,92776,3946,5988,261
stratified,117,source_heldout,0.15,92776,3946,5988,261
stratified,117,source_heldout,0.2,92776,3946,5988,261
stratified,117,source_heldout,0.25,92776,3946,5988,261
stratified,117,source_heldout,0.3,92776,3946,5988,261
stratified,117,source_heldout,0.35,92776,3946,5988,261
stratified,117,source_heldout,0.4,92776,3946,5988,261
stratified,117,source_heldout,0.45,92776,3946,5988,261
stratified,117,source_heldout,0.5,92776,3946,5988,261
stratified,117,source_heldout,0.55,92776,3946,5988,261
stratified,117,source_heldout,0.6,92776,3946,5988,261
stratified,117,source_heldout,0.65,92776,3946,5988,261
stratified,117,source_heldout,0.7,92776,3946,5988,261
stratified,117,source_heldout,0.75,92776,3946,5988,261
stratified,117,source_heldout,0.8,92776,3946,5988,261
stratified,117,source_heldout,0.85,92776,3946,5988,261
stratified,117,source_heldout,0.9,92776,3946,5988,261
stratified,117,source_heldout,0.95,92776,3946,5988,261
stratified,117,source_heldout,0.975,92776,3946,5988,261
stratified,117,source_heldout,0.99,92776,3946,5988,261
stratified,117,source_heldout,0.995,92776,3946,5988,261
stratified,117,source_heldout,0.999,92776,3946,5988,261
stratified,117,target,0.05,693486,448729,44667,29007
stratified,117,target,0.1,693486,448729,44667,29007
stratified,117,target,0.15,693486,448729,44667,29007
stratified,117,target,0.2,693486,448729,44667,29007
stratified,117,target,0.25,693486,448729,44667,29007
stratified,117,target,0.3,693486,448729,44667,29007
stratified,117,target,0.35,693486,448729,44667,29007
stratified,117,target,0.4,693486,448729,44667,29007
stratified,117,target,0.45,693486,448729,44667,29007
stratified,117,target,0.5,693486,448729,44667,29007
stratified,117,target,0.55,693486,448729,44667,29007
stratified,117,target,0.6,693486,448729,44667,29007
stratified,117,target,0.65,693486,448729,44667,29007
stratified,117,target,0.7,693486,448729,44667,29007
stratified,117,target,0.75,693486,448729,44667,29007
stratified,117,target,0.8,693486,448729,44667,29007
stratified,117,target,0.85,693486,448729,44667,29007
stratified,117,target,0.9,693486,448729,44667,29007
stratified,117,target,0.95,693486,448729,44667,29007
stratified,117,target,0.975,693486,448729,44667,29007
stratified,117,target,0.99,693486,448729,44667,29007
stratified,117,target,0.995,693486,448729,44667,29007
stratified,117,target,0.999,693486,448729,44667,29007
logreg,117,source_heldout,0.05,97753,1938,1011,2269
logreg,117,source_heldout,0.1,97485,1787,1279,2420
logreg,117,source_heldout,0.15,96726,1587,2038,2620
logreg,117,source_heldout,0.2,95251,1169,3513,3038
logreg,117,source_heldout,0.25,94493,1063,4271,3144
logreg,117,source_heldout,0.3,94361,1001,4403,3206
logreg,117,source_heldout,0.35,94233,950,4531,3257
logreg,117,source_heldout,0.4,93827,896,4937,3311
logreg,117,source_heldout,0.45,93386,885,5378,3322
logreg,117,source_heldout,0.5,93177,882,5587,3325
logreg,117,source_heldout,0.55,92898,877,5866,3330
logreg,117,source_heldout,0.6,91435,850,7329,3357
logreg,117,source_heldout,0.65,84548,489,14216,3718
logreg,117,source_heldout,0.7,69502,460,29262,3747
logreg,117,source_heldout,0.75,68950,386,29814,3821
logreg,117,source_heldout,0.8,67872,120,30892,4087
logreg,117,source_heldout,0.85,66598,67,32166,4140
logreg,117,source_heldout,0.9,61711,17,37053,4190
logreg,117,source_heldout,0.95,17017,8,81747,4199
logreg,117,source_heldout,0.975,9548,2,89216,4205
logreg,117,source_heldout,0.99,3039,2,95725,4205
logreg,117,source_heldout,0.995,2882,2,95882,4205
logreg,117,source_heldout,0.999,2770,2,95994,4205
logreg,117,target,0.05,684096,430350,54057,47386
logreg,117,target,0.1,252831,21252,485322,456484
logreg,117,target,0.15,236404,20007,501749,457729
logreg,117,target,0.2,231025,18908,507128,458828
logreg,117,target,0.25,229851,13504,508302,464232
logreg,117,target,0.3,224116,12749,514037,464987
logreg,117,target,0.35,220341,12553,517812,465183
logreg,117,target,0.4,218796,12139,519357,465597
logreg,117,target,0.45,217265,11667,520888,466069
logreg,117,target,0.5,216363,11222,521790,466514
logreg,117,target,0.55,214696,10583,523457,467153
logreg,117,target,0.6,175217,10252,562936,467484
logreg,117,target,0.65,129094,6010,609059,471726
logreg,117,target,0.7,86461,3740,651692,473996
logreg,117,target,0.75,70265,2833,667888,474903
logreg,117,target,0.8,50952,2370,687201,475366
logreg,117,target,0.85,48320,1651,689833,476085
logreg,117,target,0.9,34797,745,703356,476991
logreg,117,target,0.95,13,28,738140,477708
logreg,117,target,0.975,11,16,738142,477720
logreg,117,target,0.99,4,4,738149,477732
logreg,117,target,0.995,0,2,738153,477734
logreg,117,target,0.999,0,0,738153,477736
tree,117,source_heldout,0.05,98418,1236,346,2971
tree,117,source_heldout,0.1,97576,717,1188,3490
tree,117,source_heldout,0.15,96673,317,2091,3890
tree,117,source_heldout,0.2,93423,158,5341,4049
tree,117,source_heldout,0.25,93369,145,5395,4062
tree,117,source_heldout,0.3,93359,144,5405,4063
tree,117,source_heldout,0.35,93209,136,5555,4071
tree,117,source_heldout,0.4,93186,132,5578,4075
tree,117,source_heldout,0.45,93180,131,5584,4076
tree,117,source_heldout,0.5,92910,129,5854,4078
tree,117,source_heldout,0.55,92626,119,6138,4088
tree,117,source_heldout,0.6,92613,119,6151,4088
tree,117,source_heldout,0.65,92594,119,6170,4088
tree,117,source_heldout,0.7,92566,119,6198,4088
tree,117,source_heldout,0.75,92565,119,6199,4088
tree,117,source_heldout,0.8,92544,119,6220,4088
tree,117,source_heldout,0.85,92490,115,6274,4092
tree,117,source_heldout,0.9,92235,93,6529,4114
tree,117,source_heldout,0.95,92233,90,6531,4117
tree,117,source_heldout,0.975,90429,86,8335,4121
tree,117,source_heldout,0.99,90429,86,8335,4121
tree,117,source_heldout,0.995,80641,86,18123,4121
tree,117,source_heldout,0.999,60143,81,38621,4126
tree,117,target,0.05,426426,318529,311727,159207
tree,117,target,0.1,404145,301002,334008,176734
tree,117,target,0.15,376750,156048,361403,321688
tree,117,target,0.2,376746,155053,361407,322683
tree,117,target,0.25,376669,154838,361484,322898
tree,117,target,0.3,376669,154770,361484,322966
tree,117,target,0.35,130240,14816,607913,462920
tree,117,target,0.4,130240,14723,607913,463013
tree,117,target,0.45,130240,14667,607913,463069
tree,117,target,0.5,130235,14666,607918,463070
tree,117,target,0.55,111668,14643,626485,463093
tree,117,target,0.6,107690,14588,630463,463148
tree,117,target,0.65,107690,14588,630463,463148
tree,117,target,0.7,107690,14588,630463,463148
tree,117,target,0.75,107690,14587,630463,463149
tree,117,target,0.8,107687,14583,630466,463153
tree,117,target,0.85,107687,14583,630466,463153
tree,117,target,0.9,107687,14583,630466,463153
tree,117,target,0.95,107671,14582,630482,463154
tree,117,target,0.975,107661,14487,630492,463249
tree,117,target,0.99,107661,14487,630492,463249
tree,117,target,0.995,107661,14487,630492,463249
tree,117,target,0.999,107661,14003,630492,463733
rf,117,source_heldout,0.05,98648,1664,116,2543
rf,117,source_heldout,0.1,98482,1446,282,2761
rf,117,source_heldout,0.15,98302,1254,462,2953
rf,117,source_heldout,0.2,98084,1062,680,3145
rf,117,source_heldout,0.25,97845,903,919,3304
rf,117,source_heldout,0.3,97584,783,1180,3424
rf,117,source_heldout,0.35,97316,666,1448,3541
rf,117,source_heldout,0.4,97032,552,1732,3655
rf,117,source_heldout,0.45,96751,489,2013,3718
rf,117,source_heldout,0.5,96548,433,2216,3774
rf,117,source_heldout,0.55,96270,386,2494,3821
rf,117,source_heldout,0.6,96043,338,2721,3869
rf,117,source_heldout,0.65,95753,275,3011,3932
rf,117,source_heldout,0.7,95511,219,3253,3988
rf,117,source_heldout,0.75,95170,164,3594,4043
rf,117,source_heldout,0.8,94702,115,4062,4092
rf,117,source_heldout,0.85,94170,80,4594,4127
rf,117,source_heldout,0.9,93546,47,5218,4160
rf,117,source_heldout,0.95,92398,16,6366,4191
rf,117,source_heldout,0.975,91678,9,7086,4198
rf,117,source_heldout,0.99,90945,5,7819,4202
rf,117,source_heldout,0.995,89638,5,9126,4202
rf,117,source_heldout,0.999,87389,1,11375,4206
rf,117,target,0.05,701946,477260,36207,476
rf,117,target,0.1,701867,371693,36286,106043
rf,117,target,0.15,680507,369819,57646,107917
rf,117,target,0.2,679031,365336,59122,112400
rf,117,target,0.25,669318,361853,68835,115883
rf,117,target,0.3,427081,217599,311072,260137
rf,117,target,0.35,405009,189265,333144,288471
rf,117,target,0.4,402362,182601,335791,295135
rf,117,target,0.45,401707,176988,336446,300748
rf,117,target,0.5,400861,172612,337292,305124
rf,117,target,0.55,399851,164326,338302,313410
rf,117,target,0.6,396376,156550,341777,321186
rf,117,target,0.65,352773,148615,385380,329121
rf,117,target,0.7,122950,5159,615203,472577
rf,117,target,0.75,80776,3040,657377,474696
rf,117,target,0.8,41118,1980,697035,475756
rf,117,target,0.85,27128,862,711025,476874
rf,117,target,0.9,7735,263,730418,477473
rf,117,target,0.95,888,17,737265,477719
rf,117,target,0.975,85,9,738068,477727
rf,117,target,0.99,0,4,738153,477732
rf,117,target,0.995,0,4,738153,477732
rf,117,target,0.999,0,0,738153,477736
xgboost,117,source_heldout,0.05,98584,1272,180,2935
xgboost,117,source_heldout,0.1,97854,789,910,3418
xgboost,117,source_heldout,0.15,96858,417,1906,3790
xgboost,117,source_heldout,0.2,96215,272,2549,3935
xgboost,117,source_heldout,0.25,94532,178,4232,4029
xgboost,117,source_heldout,0.3,93956,138,4808,4069
xgboost,117,source_heldout,0.35,93421,111,5343,4096
xgboost,117,source_heldout,0.4,93195,93,5569,4114
xgboost,117,source_heldout,0.45,93067,82,5697,4125
xgboost,117,source_heldout,0.5,93001,73,5763,4134
xgboost,117,source_heldout,0.55,92808,62,5956,4145
xgboost,117,source_heldout,0.6,92713,56,6051,4151
xgboost,117,source_heldout,0.65,92590,48,6174,4159
xgboost,117,source_heldout,0.7,92450,43,6314,4164
xgboost,117,source_heldout,0.75,92268,38,6496,4169
xgboost,117,source_heldout,0.8,92076,33,6688,4174
xgboost,117,source_heldout,0.85,91861,30,6903,4177
xgboost,117,source_heldout,0.9,91542,29,7222,4178
xgboost,117,source_heldout,0.95,90822,6,7942,4201
xgboost,117,source_heldout,0.975,89978,3,8786,4204
xgboost,117,source_heldout,0.99,87432,1,11332,4206
xgboost,117,source_heldout,0.995,86040,1,12724,4206
xgboost,117,source_heldout,0.999,74694,1,24070,4206
xgboost,117,target,0.05,710785,452372,27368,25364
xgboost,117,target,0.1,663216,416574,74937,61162
xgboost,117,target,0.15,411899,159583,326254,318153
xgboost,117,target,0.2,377805,156456,360348,321280
xgboost,117,target,0.25,366225,155413,371928,322323
xgboost,117,target,0.3,339228,150436,398925,327300
xgboost,117,target,0.35,335720,147160,402433,330576
xgboost,117,target,0.4,333192,143989,404961,333747
xgboost,117,target,0.45,329494,143448,408659,334288
xgboost,117,target,0.5,327724,142783,410429,334953
xgboost,117,target,0.55,162863,22680,575290,455056
xgboost,117,target,0.6,76228,2410,661925,475326
xgboost,117,target,0.65,73130,2098,665023,475638
xgboost,117,target,0.7,67249,1438,670904,476298
xgboost,117,target,0.75,59720,946,678433,476790
xgboost,117,target,0.8,54000,790,684153,476946
xgboost,117,target,0.85,42955,658,695198,477078
xgboost,117,target,0.9,5529,490,732624,477246
xgboost,117,target,0.95,3937,282,734216,477454
xgboost,117,target,0.975,0,11,738153,477725
xgboost,117,target,0.99,0,2,738153,477734
xgboost,117,target,0.995,0,0,738153,477736
xgboost,117,target,0.999,0,0,738153,477736
hgb,117,source_heldout,0.05,98573,1290,191,2917
hgb,117,source_heldout,0.1,97834,859,930,3348
hgb,117,source_heldout,0.15,97083,481,1681,3726
hgb,117,source_heldout,0.2,96014,305,2750,3902
hgb,117,source_heldout,0.25,94483,214,4281,3993
hgb,117,source_heldout,0.3,93885,165,4879,4042
hgb,117,source_heldout,0.35,93331,128,5433,4079
hgb,117,source_heldout,0.4,93155,105,5609,4102
hgb,117,source_heldout,0.45,93004,101,5760,4106
hgb,117,source_heldout,0.5,92892,95,5872,4112
hgb,117,source_heldout,0.55,92783,85,5981,4122
hgb,117,source_heldout,0.6,92591,71,6173,4136
hgb,117,source_heldout,0.65,92482,68,6282,4139
hgb,117,source_heldout,0.7,92371,60,6393,4147
hgb,117,source_heldout,0.75,92135,43,6629,4164
hgb,117,source_heldout,0.8,91876,41,6888,4166
hgb,117,source_heldout,0.85,91618,40,7146,4167
hgb,117,source_heldout,0.9,91295,31,7469,4176
hgb,117,source_heldout,0.95,90333,5,8431,4202
hgb,117,source_heldout,0.975,88985,4,9779,4203
hgb,117,source_heldout,0.99,86505,1,12259,4206
hgb,117,source_heldout,0.995,83228,1,15536,4206
hgb,117,source_heldout,0.999,70702,0,28062,4207
hgb,117,target,0.05,726264,456564,11889,21172
hgb,117,target,0.1,704723,319058,33430,158678
hgb,117,target,0.15,673482,305702,64671,172034
hgb,117,target,0.2,419294,158675,318859,319061
hgb,117,target,0.25,414099,150937,324054,326799
hgb,117,target,0.3,408778,149901,329375,327835
hgb,117,target,0.35,402187,148322,335966,329414
hgb,117,target,0.4,390646,147642,347507,330094
hgb,117,target,0.45,380459,146166,357694,331570
hgb,117,target,0.5,375879,145411,362274,332325
hgb,117,target,0.55,373604,144181,364549,333555
hgb,117,target,0.6,332802,143038,405351,334698
hgb,117,target,0.65,327939,142386,410214,335350
hgb,117,target,0.7,323471,142135,414682,335601
hgb,117,target,0.75,289724,141885,448429,335851
hgb,117,target,0.8,278425,136493,459728,341243
hgb,117,target,0.85,97030,1611,641123,476125
hgb,117,target,0.9,55345,1556,682808,476180
hgb,117,target,0.95,38227,513,699926,477223
hgb,117,target,0.975,33795,354,704358,477382
hgb,117,target,0.99,904,36,737249,477700
hgb,117,target,0.995,267,9,737886,477727
hgb,117,target,0.999,186,3,737967,477733
mlp,117,source_heldout,0.05,98422,1304,342,2903
mlp,117,source_heldout,0.1,97373,764,1391,3443
mlp,117,source_heldout,0.15,96542,390,2222,3817
mlp,117,source_heldout,0.2,96155,302,2609,3905
mlp,117,source_heldout,0.25,95648,273,3116,3934
mlp,117,source_heldout,0.3,94324,213,4440,3994
mlp,117,source_heldout,0.35,92734,132,6030,4075
mlp,117,source_heldout,0.4,92400,107,6364,4100
mlp,117,source_heldout,0.45,92227,98,6537,4109
mlp,117,source_heldout,0.5,91912,82,6852,4125
mlp,117,source_heldout,0.55,91747,77,7017,4130
mlp,117,source_heldout,0.6,91579,69,7185,4138
mlp,117,source_heldout,0.65,91378,58,7386,4149
mlp,117,source_heldout,0.7,91075,53,7689,4154
mlp,117,source_heldout,0.75,90821,48,7943,4159
mlp,117,source_heldout,0.8,90638,42,8126,4165
mlp,117,source_heldout,0.85,90312,41,8452,4166
mlp,117,source_heldout,0.9,88952,40,9812,4167
mlp,117,source_heldout,0.95,87664,15,11100,4192
mlp,117,source_heldout,0.975,86765,9,11999,4198
mlp,117,source_heldout,0.99,82592,7,16172,4200
mlp,117,source_heldout,0.995,76957,4,21807,4203
mlp,117,source_heldout,0.999,60398,0,38366,4207
mlp,117,target,0.05,656395,443155,81758,34581
mlp,117,target,0.1,654173,414224,83980,63512
mlp,117,target,0.15,636844,408974,101309,68762
mlp,117,target,0.2,596282,400059,141871,77677
mlp,117,target,0.25,595258,292789,142895,184947
mlp,117,target,0.3,593761,292694,144392,185042
mlp,117,target,0.35,590260,292321,147893,185415
mlp,117,target,0.4,587797,292248,150356,185488
mlp,117,target,0.45,583016,291951,155137,185785
mlp,117,target,0.5,579292,291808,158861,185928
mlp,117,target,0.55,575846,291617,162307,186119
mlp,117,target,0.6,573137,291549,165016,186187
mlp,117,target,0.65,570297,291468,167856,186268
mlp,117,target,0.7,567920,291334,170233,186402
mlp,117,target,0.75,565853,291193,172300,186543
mlp,117,target,0.8,330839,149369,407314,328367
mlp,117,target,0.85,263461,145097,474692,332639
mlp,117,target,0.9,70668,4841,667485,472895
mlp,117,target,0.95,22130,1010,716023,476726
mlp,117,target,0.975,11613,458,726540,477278
mlp,117,target,0.99,698,116,737455,477620
mlp,117,target,0.995,6,32,738147,477704
mlp,117,target,0.999,0,4,738153,477732
majority,118,source_heldout,0.05,85063,3935,0,0
majority,118,source_heldout,0.1,85063,3935,0,0
majority,118,source_heldout,0.15,85063,3935,0,0
majority,118,source_heldout,0.2,85063,3935,0,0
majority,118,source_heldout,0.25,85063,3935,0,0
majority,118,source_heldout,0.3,85063,3935,0,0
majority,118,source_heldout,0.35,85063,3935,0,0
majority,118,source_heldout,0.4,85063,3935,0,0
majority,118,source_heldout,0.45,85063,3935,0,0
majority,118,source_heldout,0.5,85063,3935,0,0
majority,118,source_heldout,0.55,85063,3935,0,0
majority,118,source_heldout,0.6,85063,3935,0,0
majority,118,source_heldout,0.65,85063,3935,0,0
majority,118,source_heldout,0.7,85063,3935,0,0
majority,118,source_heldout,0.75,85063,3935,0,0
majority,118,source_heldout,0.8,85063,3935,0,0
majority,118,source_heldout,0.85,85063,3935,0,0
majority,118,source_heldout,0.9,85063,3935,0,0
majority,118,source_heldout,0.95,85063,3935,0,0
majority,118,source_heldout,0.975,85063,3935,0,0
majority,118,source_heldout,0.99,85063,3935,0,0
majority,118,source_heldout,0.995,85063,3935,0,0
majority,118,source_heldout,0.999,85063,3935,0,0
majority,118,target,0.05,738153,477736,0,0
majority,118,target,0.1,738153,477736,0,0
majority,118,target,0.15,738153,477736,0,0
majority,118,target,0.2,738153,477736,0,0
majority,118,target,0.25,738153,477736,0,0
majority,118,target,0.3,738153,477736,0,0
majority,118,target,0.35,738153,477736,0,0
majority,118,target,0.4,738153,477736,0,0
majority,118,target,0.45,738153,477736,0,0
majority,118,target,0.5,738153,477736,0,0
majority,118,target,0.55,738153,477736,0,0
majority,118,target,0.6,738153,477736,0,0
majority,118,target,0.65,738153,477736,0,0
majority,118,target,0.7,738153,477736,0,0
majority,118,target,0.75,738153,477736,0,0
majority,118,target,0.8,738153,477736,0,0
majority,118,target,0.85,738153,477736,0,0
majority,118,target,0.9,738153,477736,0,0
majority,118,target,0.95,738153,477736,0,0
majority,118,target,0.975,738153,477736,0,0
majority,118,target,0.99,738153,477736,0,0
majority,118,target,0.995,738153,477736,0,0
majority,118,target,0.999,738153,477736,0,0
stratified,118,source_heldout,0.05,80197,3712,4866,223
stratified,118,source_heldout,0.1,80197,3712,4866,223
stratified,118,source_heldout,0.15,80197,3712,4866,223
stratified,118,source_heldout,0.2,80197,3712,4866,223
stratified,118,source_heldout,0.25,80197,3712,4866,223
stratified,118,source_heldout,0.3,80197,3712,4866,223
stratified,118,source_heldout,0.35,80197,3712,4866,223
stratified,118,source_heldout,0.4,80197,3712,4866,223
stratified,118,source_heldout,0.45,80197,3712,4866,223
stratified,118,source_heldout,0.5,80197,3712,4866,223
stratified,118,source_heldout,0.55,80197,3712,4866,223
stratified,118,source_heldout,0.6,80197,3712,4866,223
stratified,118,source_heldout,0.65,80197,3712,4866,223
stratified,118,source_heldout,0.7,80197,3712,4866,223
stratified,118,source_heldout,0.75,80197,3712,4866,223
stratified,118,source_heldout,0.8,80197,3712,4866,223
stratified,118,source_heldout,0.85,80197,3712,4866,223
stratified,118,source_heldout,0.9,80197,3712,4866,223
stratified,118,source_heldout,0.95,80197,3712,4866,223
stratified,118,source_heldout,0.975,80197,3712,4866,223
stratified,118,source_heldout,0.99,80197,3712,4866,223
stratified,118,source_heldout,0.995,80197,3712,4866,223
stratified,118,source_heldout,0.999,80197,3712,4866,223
stratified,118,target,0.05,696131,450467,42022,27269
stratified,118,target,0.1,696131,450467,42022,27269
stratified,118,target,0.15,696131,450467,42022,27269
stratified,118,target,0.2,696131,450467,42022,27269
stratified,118,target,0.25,696131,450467,42022,27269
stratified,118,target,0.3,696131,450467,42022,27269
stratified,118,target,0.35,696131,450467,42022,27269
stratified,118,target,0.4,696131,450467,42022,27269
stratified,118,target,0.45,696131,450467,42022,27269
stratified,118,target,0.5,696131,450467,42022,27269
stratified,118,target,0.55,696131,450467,42022,27269
stratified,118,target,0.6,696131,450467,42022,27269
stratified,118,target,0.65,696131,450467,42022,27269
stratified,118,target,0.7,696131,450467,42022,27269
stratified,118,target,0.75,696131,450467,42022,27269
stratified,118,target,0.8,696131,450467,42022,27269
stratified,118,target,0.85,696131,450467,42022,27269
stratified,118,target,0.9,696131,450467,42022,27269
stratified,118,target,0.95,696131,450467,42022,27269
stratified,118,target,0.975,696131,450467,42022,27269
stratified,118,target,0.99,696131,450467,42022,27269
stratified,118,target,0.995,696131,450467,42022,27269
stratified,118,target,0.999,696131,450467,42022,27269
logreg,118,source_heldout,0.05,84255,1700,808,2235
logreg,118,source_heldout,0.1,83158,1481,1905,2454
logreg,118,source_heldout,0.15,82034,1273,3029,2662
logreg,118,source_heldout,0.2,81362,902,3701,3033
logreg,118,source_heldout,0.25,80589,812,4474,3123
logreg,118,source_heldout,0.3,80502,776,4561,3159
logreg,118,source_heldout,0.35,80311,714,4752,3221
logreg,118,source_heldout,0.4,79792,642,5271,3293
logreg,118,source_heldout,0.45,79331,608,5732,3327
logreg,118,source_heldout,0.5,78917,596,6146,3339
logreg,118,source_heldout,0.55,78489,589,6574,3346
logreg,118,source_heldout,0.6,73526,578,11537,3357
logreg,118,source_heldout,0.65,58219,567,26844,3368
logreg,118,source_heldout,0.7,57909,531,27154,3404
logreg,118,source_heldout,0.75,57512,240,27551,3695
logreg,118,source_heldout,0.8,56705,138,28358,3797
logreg,118,source_heldout,0.85,52785,77,32278,3858
logreg,118,source_heldout,0.9,49332,33,35731,3902
logreg,118,source_heldout,0.95,12891,17,72172,3918
logreg,118,source_heldout,0.975,9129,6,75934,3929
logreg,118,source_heldout,0.99,3184,5,81879,3930
logreg,118,source_heldout,0.995,3112,5,81951,3930
logreg,118,source_heldout,0.999,2862,0,82201,3935
logreg,118,target,0.05,517111,187241,221042,290495
logreg,118,target,0.1,256409,20552,481744,457184
logreg,118,target,0.15,242079,19583,496074,458153
logreg,118,target,0.2,232686,18822,505467,458914
logreg,118,target,0.25,230315,18247,507838,459489
logreg,118,target,0.3,227404,12497,510749,465239
logreg,118,target,0.35,223727,12131,514426,465605
logreg,118,target,0.4,219866,11903,518287,465833
logreg,118,target,0.45,217962,11276,520191,466460
logreg,118,target,0.5,216749,11022,521404,466714
logreg,118,target,0.55,193417,6905,544736,470831
logreg,118,target,0.6,154100,6574,584053,471162
logreg,118,target,0.65,112406,3932,625747,473804
logreg,118,target,0.7,91319,3711,646834,474025
logreg,118,target,0.75,78560,3044,659593,474692
logreg,118,target,0.8,52304,2304,685849,475432
logreg,118,target,0.85,48658,1713,689495,476023
logreg,118,target,0.9,45801,858,692352,476878
logreg,118,target,0.95,14,28,738139,477708
logreg,118,target,0.975,11,14,738142,477722
logreg,118,target,0.99,0,4,738153,477732
logreg,118,target,0.995,0,2,738153,477734
logreg,118,target,0.999,0,0,738153,477736
tree,118,source_heldout,0.05,84615,976,448,2959
tree,118,source_heldout,0.1,82835,698,2228,3237
tree,118,source_heldout,0.15,80085,363,4978,3572
tree,118,source_heldout,0.2,79928,343,5135,3592
tree,118,source_heldout,0.25,79846,331,5217,3604
tree,118,source_heldout,0.3,79795,327,5268,3608
tree,118,source_heldout,0.35,79748,322,5315,3613
tree,118,source_heldout,0.4,79748,322,5315,3613
tree,118,source_heldout,0.45,79341,265,5722,3670
tree,118,source_heldout,0.5,79280,255,5783,3680
tree,118,source_heldout,0.55,78977,214,6086,3721
tree,118,source_heldout,0.6,78975,213,6088,3722
tree,118,source_heldout,0.65,78955,213,6108,3722
tree,118,source_heldout,0.7,78832,178,6231,3757
tree,118,source_heldout,0.75,78830,177,6233,3758
tree,118,source_heldout,0.8,78455,166,6608,3769
tree,118,source_heldout,0.85,78439,162,6624,3773
tree,118,source_heldout,0.9,78242,156,6821,3779
tree,118,source_heldout,0.95,78242,156,6821,3779
tree,118,source_heldout,0.975,76861,152,8202,3783
tree,118,source_heldout,0.99,76861,152,8202,3783
tree,118,source_heldout,0.995,76861,152,8202,3783
tree,118,source_heldout,0.999,76861,152,8202,3783
tree,118,target,0.05,615732,354852,122421,122884
tree,118,target,0.1,597668,326373,140485,151363
tree,118,target,0.15,544126,313122,194027,164614
tree,118,target,0.2,544108,313122,194045,164614
tree,118,target,0.25,544108,313122,194045,164614
tree,118,target,0.3,544026,313116,194127,164620
tree,118,target,0.35,543744,313116,194409,164620
tree,118,target,0.4,542844,313116,195309,164620
tree,118,target,0.45,542844,313116,195309,164620
tree,118,target,0.5,542841,313116,195312,164620
tree,118,target,0.55,542841,313116,195312,164620
tree,118,target,0.6,542841,313116,195312,164620
tree,118,target,0.65,542841,313116,195312,164620
tree,118,target,0.7,542841,313116,195312,164620
tree,118,target,0.75,542808,313115,195345,164621
tree,118,target,0.8,542807,313071,195346,164665
tree,118,target,0.85,542807,313071,195346,164665
tree,118,target,0.9,316412,171473,421741,306263
tree,118,target,0.95,316412,171473,421741,306263
tree,118,target,0.975,314451,171421,423702,306315
tree,118,target,0.99,314451,171421,423702,306315
tree,118,target,0.995,314451,171421,423702,306315
tree,118,target,0.999,314451,171421,423702,306315
rf,118,source_heldout,0.05,85014,3234,49,701
rf,118,source_heldout,0.1,84794,3020,269,915
rf,118,source_heldout,0.15,84595,2858,468,1077
rf,118,source_heldout,0.2,83514,2703,1549,1232
rf,118,source_heldout,0.25,83422,2570,1641,1365
rf,118,source_heldout,0.3,83242,2470,1821,1465
rf,118,source_heldout,0.35,83147,2396,1916,1539
rf,118,source_heldout,0.4,83015,558,2048,3377
rf,118,source_heldout,0.45,82858,485,2205,3450
rf,118,source_heldout,0.5,82607,420,2456,3515
rf,118,source_heldout,0.55,82524,387,2539,3548
rf,118,source_heldout,0.6,82293,351,2770,3584
rf,118,source_heldout,0.65,80665,319,4398,3616
rf,118,source_heldout,0.7,80466,302,4597,3633
rf,118,source_heldout,0.75,80122,271,4941,3664
rf,118,source_heldout,0.8,79847,228,5216,3707
rf,118,source_heldout,0.85,79056,199,6007,3736
rf,118,source_heldout,0.9,77482,155,7581,3780
rf,118,source_heldout,0.95,75422,84,9641,3851
rf,118,source_heldout,0.975,74322,54,10741,3881
rf,118,source_heldout,0.99,70846,21,14217,3914
rf,118,source_heldout,0.995,69609,11,15454,3924
rf,118,source_heldout,0.999,64615,10,20448,3925
rf,118,target,0.05,738137,372965,16,104771
rf,118,target,0.1,737999,371729,154,106007
rf,118,target,0.15,692312,370901,45841,106835
rf,118,target,0.2,658196,345894,79957,131842
rf,118,target,0.25,653823,343456,84330,134280
rf,118,target,0.3,633272,337498,104881,140238
rf,118,target,0.35,631585,335755,106568,141981
rf,118,target,0.4,629374,328391,108779,149345
rf,118,target,0.45,627076,318769,111077,158967
rf,118,target,0.5,621910,302939,116243,174797
rf,118,target,0.55,617121,294532,121032,183204
rf,118,target,0.6,608963,292643,129190,185093
rf,118,target,0.65,572580,288918,165573,188818
rf,118,target,0.7,568408,285440,169745,192296
rf,118,target,0.75,535619,284358,202534,193378
rf,118,target,0.8,519814,283297,218339,194439
rf,118,target,0.85,269733,140744,468420,336992
rf,118,target,0.9,223840,140013,514313,337723
rf,118,target,0.95,17242,17251,720911,460485
rf,118,target,0.975,16,8,738137,477728
rf,118,target,0.99,0,5,738153,477731
rf,118,target,0.995,0,5,738153,477731
rf,118,target,0.999,0,4,738153,477732
xgboost,118,source_heldout,0.05,84911,1041,152,2894
xgboost,118,source_heldout,0.1,84628,730,435,3205
xgboost,118,source_heldout,0.15,82725,465,2338,3470
xgboost,118,source_heldout,0.2,81537,363,3526,3572
xgboost,118,source_heldout,0.25,80554,323,4509,3612
xgboost,118,source_heldout,0.3,80339,284,4724,3651
xgboost,118,source_heldout,0.35,80077,257,4986,3678
xgboost,118,source_heldout,0.4,79832,239,5231,3696
xgboost,118,source_heldout,0.45,78649,223,6414,3712
xgboost,118,source_heldout,0.5,78475,203,6588,3732
xgboost,118,source_heldout,0.55,78332,189,6731,3746
xgboost,118,source_heldout,0.6,78055,154,7008,3781
xgboost,118,source_heldout,0.65,77547,113,7516,3822
xgboost,118,source_heldout,0.7,77081,99,7982,3836
xgboost,118,source_heldout,0.75,76903,90,8160,3845
xgboost,118,source_heldout,0.8,76719,84,8344,3851
xgboost,118,source_heldout,0.85,76348,73,8715,3862
xgboost,118,source_heldout,0.9,75998,67,9065,3868
xgboost,118,source_heldout,0.95,74950,57,10113,3878
xgboost,118,source_heldout,0.975,73463,55,11600,3880
xgboost,118,source_heldout,0.99,72187,53,12876,3882
xgboost,118,source_heldout,0.995,71101,53,13962,3882
xgboost,118,source_heldout,0.999,62993,45,22070,3890
xgboost,118,target,0.05,668508,443266,69645,34470
xgboost,118,target,0.1,658017,332241,80136,145495
xgboost,118,target,0.15,604810,300179,133343,177557
xgboost,118,target,0.2,597341,295565,140812,182171
xgboost,118,target,0.25,587063,294607,151090,183129
xgboost,118,target,0.3,581438,293185,156715,184551
xgboost,118,target,0.35,562926,287538,175227,190198
xgboost,118,target,0.4,556438,286965,181715,190771
xgboost,118,target,0.45,551747,286201,186406,191535
xgboost,118,target,0.5,549626,284844,188527,192892
xgboost,118,target,0.55,546933,284528,191220,193208
xgboost,118,target,0.6,544009,284316,194144,193420
xgboost,118,target,0.65,541130,283818,197023,193918
xgboost,118,target,0.7,536992,283223,201161,194513
xgboost,118,target,0.75,533461,282987,204692,194749
xgboost,118,target,0.8,529693,282818,208460,194918
xgboost,118,target,0.85,517827,282124,220326,195612
xgboost,118,target,0.9,479115,282021,259038,195715
xgboost,118,target,0.95,476800,281766,261353,195970
xgboost,118,target,0.975,476316,281664,261837,196072
xgboost,118,target,0.99,56372,926,681781,476810
xgboost,118,target,0.995,0,0,738153,477736
xgboost,118,target,0.999,0,0,738153,477736
hgb,118,source_heldout,0.05,84900,1079,163,2856
hgb,118,source_heldout,0.1,84554,773,509,3162
hgb,118,source_heldout,0.15,83412,464,1651,3471
hgb,118,source_heldout,0.2,83288,404,1775,3531
hgb,118,source_heldout,0.25,81906,332,3157,3603
hgb,118,source_heldout,0.3,81806,304,3257,3631
hgb,118,source_heldout,0.35,80134,277,4929,3658
hgb,118,source_heldout,0.4,79841,236,5222,3699
hgb,118,source_heldout,0.45,79654,222,5409,3713
hgb,118,source_heldout,0.5,79495,213,5568,3722
hgb,118,source_heldout,0.55,78194,176,6869,3759
hgb,118,source_heldout,0.6,77990,158,7073,3777
hgb,118,source_heldout,0.65,77710,131,7353,3804
hgb,118,source_heldout,0.7,77461,98,7602,3837
hgb,118,source_heldout,0.75,76731,85,8332,3850
hgb,118,source_heldout,0.8,76542,80,8521,3855
hgb,118,source_heldout,0.85,76189,76,8874,3859
hgb,118,source_heldout,0.9,75717,69,9346,3866
hgb,118,source_heldout,0.95,74388,59,10675,3876
hgb,118,source_heldout,0.975,72964,57,12099,3878
hgb,118,source_heldout,0.99,71375,55,13688,3880
hgb,118,source_heldout,0.995,70452,55,14611,3880
hgb,118,source_heldout,0.999,52352,46,32711,3889
hgb,118,target,0.05,706906,460255,31247,17481
hgb,118,target,0.1,700518,344149,37635,133587
hgb,118,target,0.15,634193,313352,103960,164384
hgb,118,target,0.2,600725,300809,137428,176927
hgb,118,target,0.25,589468,295465,148685,182271
hgb,118,target,0.3,587718,293779,150435,183957
hgb,118,target,0.35,584730,292486,153423,185250
hgb,118,target,0.4,580635,290766,157518,186970
hgb,118,target,0.45,578449,289783,159704,187953
hgb,118,target,0.5,575236,289156,162917,188580
hgb,118,target,0.55,569359,288634,168794,189102
hgb,118,target,0.6,560757,287922,177396,189814
hgb,118,target,0.65,555320,287645,182833,190091
hgb,118,target,0.7,551195,287216,186958,190520
hgb,118,target,0.75,549349,282894,188804,194842
hgb,118,target,0.8,544546,282512,193607,195224
hgb,118,target,0.85,542971,282407,195182,195329
hgb,118,target,0.9,486740,282058,251413,195678
hgb,118,target,0.95,480476,281961,257677,195775
hgb,118,target,0.975,309887,159362,428266,318374
hgb,118,target,0.99,29991,12,708162,477724
hgb,118,target,0.995,0,0,738153,477736
hgb,118,target,0.999,0,0,738153,477736
mlp,118,source_heldout,0.05,84461,1062,602,2873
mlp,118,source_heldout,0.1,83940,833,1123,3102
mlp,118,source_heldout,0.15,83166,523,1897,3412
mlp,118,source_heldout,0.2,82915,445,2148,3490
mlp,118,source_heldout,0.25,82428,392,2635,3543
mlp,118,source_heldout,0.3,79850,346,5213,3589
mlp,118,source_heldout,0.35,79707,328,5356,3607
mlp,118,source_heldout,0.4,79618,302,5445,3633
mlp,118,source_heldout,0.45,79419,270,5644,3665
mlp,118,source_heldout,0.5,79222,244,5841,3691
mlp,118,source_heldout,0.55,78897,208,6166,3727
mlp,118,source_heldout,0.6,78783,201,6280,3734
mlp,118,source_heldout,0.65,78469,156,6594,3779
mlp,118,source_heldout,0.7,78330,124,6733,3811
mlp,118,source_heldout,0.75,78076,113,6987,3822
mlp,118,source_heldout,0.8,77620,100,7443,3835
mlp,118,source_heldout,0.85,77064,83,7999,3852
mlp,118,source_heldout,0.9,76639,80,8424,3855
mlp,118,source_heldout,0.95,74318,69,10745,3866
mlp,118,source_heldout,0.975,69022,67,16041,3868
mlp,118,source_heldout,0.99,65223,57,19840,3878
mlp,118,source_heldout,0.995,60711,56,24352,3879
mlp,118,source_heldout,0.999,35776,51,49287,3884
mlp,118,target,0.05,684887,439802,53266,37934
mlp,118,target,0.1,636194,414379,101959,63357
mlp,118,target,0.15,628645,402283,109508,75453
mlp,118,target,0.2,625913,297277,112240,180459
mlp,118,target,0.25,618791,296520,119362,181216
mlp,118,target,0.3,616891,292392,121262,185344
mlp,118,target,0.35,576351,291967,161802,185769
mlp,118,target,0.4,572594,291857,165559,185879
mlp,118,target,0.45,568747,291605,169406,186131
mlp,118,target,0.5,563933,290906,174220,186830
mlp,118,target,0.55,560056,290766,178097,186970
mlp,118,target,0.6,525046,290191,213107,187545
mlp,118,target,0.65,522218,289878,215935,187858
mlp,118,target,0.7,516028,289336,222125,188400
mlp,118,target,0.75,507583,288764,230570,188972
mlp,118,target,0.8,501697,288562,236456,189174
mlp,118,target,0.85,497836,288494,240317,189242
mlp,118,target,0.9,429487,288441,308666,189295
mlp,118,target,0.95,419405,286509,318748,191227
mlp,118,target,0.975,226693,144331,511460,333405
mlp,118,target,0.99,226511,144324,511642,333412
mlp,118,target,0.995,226491,141595,511662,336141
mlp,118,target,0.999,226475,141587,511678,336149
majority,119,source_heldout,0.05,147278,5350,0,0
majority,119,source_heldout,0.1,147278,5350,0,0
majority,119,source_heldout,0.15,147278,5350,0,0
majority,119,source_heldout,0.2,147278,5350,0,0
majority,119,source_heldout,0.25,147278,5350,0,0
majority,119,source_heldout,0.3,147278,5350,0,0
majority,119,source_heldout,0.35,147278,5350,0,0
majority,119,source_heldout,0.4,147278,5350,0,0
majority,119,source_heldout,0.45,147278,5350,0,0
majority,119,source_heldout,0.5,147278,5350,0,0
majority,119,source_heldout,0.55,147278,5350,0,0
majority,119,source_heldout,0.6,147278,5350,0,0
majority,119,source_heldout,0.65,147278,5350,0,0
majority,119,source_heldout,0.7,147278,5350,0,0
majority,119,source_heldout,0.75,147278,5350,0,0
majority,119,source_heldout,0.8,147278,5350,0,0
majority,119,source_heldout,0.85,147278,5350,0,0
majority,119,source_heldout,0.9,147278,5350,0,0
majority,119,source_heldout,0.95,147278,5350,0,0
majority,119,source_heldout,0.975,147278,5350,0,0
majority,119,source_heldout,0.99,147278,5350,0,0
majority,119,source_heldout,0.995,147278,5350,0,0
majority,119,source_heldout,0.999,147278,5350,0,0
majority,119,target,0.05,738153,477736,0,0
majority,119,target,0.1,738153,477736,0,0
majority,119,target,0.15,738153,477736,0,0
majority,119,target,0.2,738153,477736,0,0
majority,119,target,0.25,738153,477736,0,0
majority,119,target,0.3,738153,477736,0,0
majority,119,target,0.35,738153,477736,0,0
majority,119,target,0.4,738153,477736,0,0
majority,119,target,0.45,738153,477736,0,0
majority,119,target,0.5,738153,477736,0,0
majority,119,target,0.55,738153,477736,0,0
majority,119,target,0.6,738153,477736,0,0
majority,119,target,0.65,738153,477736,0,0
majority,119,target,0.7,738153,477736,0,0
majority,119,target,0.75,738153,477736,0,0
majority,119,target,0.8,738153,477736,0,0
majority,119,target,0.85,738153,477736,0,0
majority,119,target,0.9,738153,477736,0,0
majority,119,target,0.95,738153,477736,0,0
majority,119,target,0.975,738153,477736,0,0
majority,119,target,0.99,738153,477736,0,0
majority,119,target,0.995,738153,477736,0,0
majority,119,target,0.999,738153,477736,0,0
stratified,119,source_heldout,0.05,136552,4939,10726,411
stratified,119,source_heldout,0.1,136552,4939,10726,411
stratified,119,source_heldout,0.15,136552,4939,10726,411
stratified,119,source_heldout,0.2,136552,4939,10726,411
stratified,119,source_heldout,0.25,136552,4939,10726,411
stratified,119,source_heldout,0.3,136552,4939,10726,411
stratified,119,source_heldout,0.35,136552,4939,10726,411
stratified,119,source_heldout,0.4,136552,4939,10726,411
stratified,119,source_heldout,0.45,136552,4939,10726,411
stratified,119,source_heldout,0.5,136552,4939,10726,411
stratified,119,source_heldout,0.55,136552,4939,10726,411
stratified,119,source_heldout,0.6,136552,4939,10726,411
stratified,119,source_heldout,0.65,136552,4939,10726,411
stratified,119,source_heldout,0.7,136552,4939,10726,411
stratified,119,source_heldout,0.75,136552,4939,10726,411
stratified,119,source_heldout,0.8,136552,4939,10726,411
stratified,119,source_heldout,0.85,136552,4939,10726,411
stratified,119,source_heldout,0.9,136552,4939,10726,411
stratified,119,source_heldout,0.95,136552,4939,10726,411
stratified,119,source_heldout,0.975,136552,4939,10726,411
stratified,119,source_heldout,0.99,136552,4939,10726,411
stratified,119,source_heldout,0.995,136552,4939,10726,411
stratified,119,source_heldout,0.999,136552,4939,10726,411
stratified,119,target,0.05,684211,442811,53942,34925
stratified,119,target,0.1,684211,442811,53942,34925
stratified,119,target,0.15,684211,442811,53942,34925
stratified,119,target,0.2,684211,442811,53942,34925
stratified,119,target,0.25,684211,442811,53942,34925
stratified,119,target,0.3,684211,442811,53942,34925
stratified,119,target,0.35,684211,442811,53942,34925
stratified,119,target,0.4,684211,442811,53942,34925
stratified,119,target,0.45,684211,442811,53942,34925
stratified,119,target,0.5,684211,442811,53942,34925
stratified,119,target,0.55,684211,442811,53942,34925
stratified,119,target,0.6,684211,442811,53942,34925
stratified,119,target,0.65,684211,442811,53942,34925
stratified,119,target,0.7,684211,442811,53942,34925
stratified,119,target,0.75,684211,442811,53942,34925
stratified,119,target,0.8,684211,442811,53942,34925
stratified,119,target,0.85,684211,442811,53942,34925
stratified,119,target,0.9,684211,442811,53942,34925
stratified,119,target,0.95,684211,442811,53942,34925
stratified,119,target,0.975,684211,442811,53942,34925
stratified,119,target,0.99,684211,442811,53942,34925
stratified,119,target,0.995,684211,442811,53942,34925
stratified,119,target,0.999,684211,442811,53942,34925
logreg,119,source_heldout,0.05,144436,2906,2842,2444
logreg,119,source_heldout,0.1,142394,2585,4884,2765
logreg,119,source_heldout,0.15,141697,2210,5581,3140
logreg,119,source_heldout,0.2,139874,1856,7404,3494
logreg,119,source_heldout,0.25,139607,1698,7671,3652
logreg,119,source_heldout,0.3,139312,1554,7966,3796
logreg,119,source_heldout,0.35,138376,1426,8902,3924
logreg,119,source_heldout,0.4,137814,1355,9464,3995
logreg,119,source_heldout,0.45,135204,1338,12074,4012
logreg,119,source_heldout,0.5,105879,1291,41399,4059
logreg,119,source_heldout,0.55,104403,760,42875,4590
logreg,119,source_heldout,0.6,102550,620,44728,4730
logreg,119,source_heldout,0.65,96004,473,51274,4877
logreg,119,source_heldout,0.7,92736,300,54542,5050
logreg,119,source_heldout,0.75,92218,263,55060,5087
logreg,119,source_heldout,0.8,91099,169,56179,5181
logreg,119,source_heldout,0.85,83296,63,63982,5287
logreg,119,source_heldout,0.9,80782,19,66496,5331
logreg,119,source_heldout,0.95,24098,6,123180,5344
logreg,119,source_heldout,0.975,17871,4,129407,5346
logreg,119,source_heldout,0.99,9198,2,138080,5348
logreg,119,source_heldout,0.995,5937,1,141341,5349
logreg,119,source_heldout,0.999,5487,1,141791,5349
logreg,119,target,0.05,521398,195676,216755,282060
logreg,119,target,0.1,258443,44306,479710,433430
logreg,119,target,0.15,241178,20419,496975,457317
logreg,119,target,0.2,231264,19219,506889,458517
logreg,119,target,0.25,230401,18398,507752,459338
logreg,119,target,0.3,227699,17789,510454,459947
logreg,119,target,0.35,221359,17142,516794,460594
logreg,119,target,0.4,219038,16346,519115,461390
logreg,119,target,0.45,218485,16028,519668,461708
logreg,119,target,0.5,218370,13195,519783,464541
logreg,119,target,0.55,198301,6991,539852,470745
logreg,119,target,0.6,161105,4099,577048,473637
logreg,119,target,0.65,151754,3974,586399,473762
logreg,119,target,0.7,99161,3723,638992,474013
logreg,119,target,0.75,80513,3071,657640,474665
logreg,119,target,0.8,51673,2260,686480,475476
logreg,119,target,0.85,48791,1735,689362,476001
logreg,119,target,0.9,46189,1292,691964,476444
logreg,119,target,0.95,40,33,738113,477703
logreg,119,target,0.975,11,13,738142,477723
logreg,119,target,0.99,0,3,738153,477733
logreg,119,target,0.995,0,2,738153,477734
logreg,119,target,0.999,0,0,738153,477736
tree,119,source_heldout,0.05,120509,2000,26769,3350
tree,119,source_heldout,0.1,119203,1446,28075,3904
tree,119,source_heldout,0.15,117836,961,29442,4389
tree,119,source_heldout,0.2,117700,908,29578,4442
tree,119,source_heldout,0.25,114555,716,32723,4634
tree,119,source_heldout,0.3,113570,677,33708,4673
tree,119,source_heldout,0.35,113548,668,33730,4682
tree,119,source_heldout,0.4,113496,644,33782,4706
tree,119,source_heldout,0.45,112560,632,34718,4718
tree,119,source_heldout,0.5,112550,625,34728,4725
tree,119,source_heldout,0.55,112032,622,35246,4728
tree,119,source_heldout,0.6,112032,622,35246,4728
tree,119,source_heldout,0.65,111996,613,35282,4737
tree,119,source_heldout,0.7,111609,611,35669,4739
tree,119,source_heldout,0.75,111529,608,35749,4742
tree,119,source_heldout,0.8,111382,550,35896,4800
tree,119,source_heldout,0.85,110115,491,37163,4859
tree,119,source_heldout,0.9,110115,491,37163,4859
tree,119,source_heldout,0.95,110115,491,37163,4859
tree,119,source_heldout,0.975,110115,491,37163,4859
tree,119,source_heldout,0.99,90855,473,56423,4877
tree,119,source_heldout,0.995,90855,473,56423,4877
tree,119,source_heldout,0.999,90855,473,56423,4877
tree,119,target,0.05,584633,460044,153520,17692
tree,119,target,0.1,336495,209471,401658,268265
tree,119,target,0.15,312529,204383,425624,273353
tree,119,target,0.2,312082,204195,426071,273541
tree,119,target,0.25,307708,203840,430445,273896
tree,119,target,0.3,307468,203513,430685,274223
tree,119,target,0.35,307468,203513,430685,274223
tree,119,target,0.4,307468,203468,430685,274268
tree,119,target,0.45,307467,203467,430686,274269
tree,119,target,0.5,307417,200702,430736,277034
tree,119,target,0.55,301696,200686,436457,277050
tree,119,target,0.6,301696,200686,436457,277050
tree,119,target,0.65,301696,200686,436457,277050
tree,119,target,0.7,301687,196484,436466,281252
tree,119,target,0.75,301686,196484,436467,281252
tree,119,target,0.8,301686,196484,436467,281252
tree,119,target,0.85,301686,196484,436467,281252
tree,119,target,0.9,301686,196484,436467,281252
tree,119,target,0.95,301686,196484,436467,281252
tree,119,target,0.975,301686,196484,436467,281252
tree,119,target,0.99,301686,196086,436467,281650
tree,119,target,0.995,301686,196086,436467,281650
tree,119,target,0.999,301686,196086,436467,281650
rf,119,source_heldout,0.05,147109,2611,169,2739
rf,119,source_heldout,0.1,146803,2321,475,3029
rf,119,source_heldout,0.15,146588,2063,690,3287
rf,119,source_heldout,0.2,146329,1894,949,3456
rf,119,source_heldout,0.25,145702,1738,1576,3612
rf,119,source_heldout,0.3,144544,1601,2734,3749
rf,119,source_heldout,0.35,144128,1469,3150,3881
rf,119,source_heldout,0.4,143730,1354,3548,3996
rf,119,source_heldout,0.45,143156,1229,4122,4121
rf,119,source_heldout,0.5,141814,1128,5464,4222
rf,119,source_heldout,0.55,139041,1015,8237,4335
rf,119,source_heldout,0.6,121101,920,26177,4430
rf,119,source_heldout,0.65,119348,818,27930,4532
rf,119,source_heldout,0.7,111117,743,36161,4607
rf,119,source_heldout,0.75,100827,652,46451,4698
rf,119,source_heldout,0.8,95636,580,51642,4770
rf,119,source_heldout,0.85,93907,468,53371,4882
rf,119,source_heldout,0.9,92788,317,54490,5033
rf,119,source_heldout,0.95,90453,160,56825,5190
rf,119,source_heldout,0.975,74733,80,72545,5270
rf,119,source_heldout,0.99,73276,58,74002,5292
rf,119,source_heldout,0.995,72187,37,75091,5313
rf,119,source_heldout,0.999,67254,23,80024,5327
rf,119,target,0.05,738153,477403,0,333
rf,119,target,0.1,738096,372036,57,105700
rf,119,target,0.15,737522,369834,631,107902
rf,119,target,0.2,711329,368518,26824,109218
rf,119,target,0.25,662347,367082,75806,110654
rf,119,target,0.3,654212,362040,83941,115696
rf,119,target,0.35,652620,359434,85533,118302
rf,119,target,0.4,628168,352997,109985,124739
rf,119,target,0.45,395624,205388,342529,272348
rf,119,target,0.5,388085,175429,350068,302307
rf,119,target,0.55,386977,172355,351176,305381
rf,119,target,0.6,386044,168289,352109,309447
rf,119,target,0.65,350395,159215,387758,318521
rf,119,target,0.7,317917,149059,420236,328677
rf,119,target,0.75,266845,146419,471308,331317
rf,119,target,0.8,75084,5637,663069,472099
rf,119,target,0.85,43889,4740,694264,472996
rf,119,target,0.9,17147,4512,721006,473224
rf,119,target,0.95,21,33,738132,477703
rf,119,target,0.975,0,4,738153,477732
rf,119,target,0.99,0,3,738153,477733
rf,119,target,0.995,0,3,738153,477733
rf,119,target,0.999,0,0,738153,477736
xgboost,119,source_heldout,0.05,146951,2106,327,3244
xgboost,119,source_heldout,0.1,146351,1654,927,3696
xgboost,119,source_heldout,0.15,144698,1068,2580,4282
xgboost,119,source_heldout,0.2,138188,911,9090,4439
xgboost,119,source_heldout,0.25,134609,735,12669,4615
xgboost,119,source_heldout,0.3,134064,679,13214,4671
xgboost,119,source_heldout,0.35,133369,632,13909,4718
xgboost,119,source_heldout,0.4,132938,588,14340,4762
xgboost,119,source_heldout,0.45,132637,557,14641,4793
xgboost,119,source_heldout,0.5,132011,520,15267,4830
xgboost,119,source_heldout,0.55,130604,484,16674,4866
xgboost,119,source_heldout,0.6,130225,447,17053,4903
xgboost,119,source_heldout,0.65,129085,431,18193,4919
xgboost,119,source_heldout,0.7,128511,362,18767,4988
xgboost,119,source_heldout,0.75,128029,276,19249,5074
xgboost,119,source_heldout,0.8,125939,216,21339,5134
xgboost,119,source_heldout,0.85,124766,146,22512,5204
xgboost,119,source_heldout,0.9,123850,69,23428,5281
xgboost,119,source_heldout,0.95,111817,53,35461,5297
xgboost,119,source_heldout,0.975,89541,15,57737,5335
xgboost,119,source_heldout,0.99,85115,2,62163,5348
xgboost,119,source_heldout,0.995,81721,1,65557,5349
xgboost,119,source_heldout,0.999,70527,1,76751,5349
xgboost,119,target,0.05,710825,461388,27328,16348
xgboost,119,target,0.1,702840,346508,35313,131228
xgboost,119,target,0.15,661199,319171,76954,158565
xgboost,119,target,0.2,634306,313656,103847,164080
xgboost,119,target,0.25,385849,163825,352304,313911
xgboost,119,target,0.3,384275,161048,353878,316688
xgboost,119,target,0.35,362130,159541,376023,318195
xgboost,119,target,0.4,359378,157985,378775,319751
xgboost,119,target,0.45,352954,154820,385199,322916
xgboost,119,target,0.5,344212,154336,393941,323400
xgboost,119,target,0.55,339398,153592,398755,324144
xgboost,119,target,0.6,299631,152816,438522,324920
xgboost,119,target,0.65,250195,147665,487958,330071
xgboost,119,target,0.7,79627,16276,658526,461460
xgboost,119,target,0.75,41457,14211,696696,463525
xgboost,119,target,0.8,24698,1070,713455,476666
xgboost,119,target,0.85,15582,662,722571,477074
xgboost,119,target,0.9,11967,494,726186,477242
xgboost,119,target,0.95,6780,270,731373,477466
xgboost,119,target,0.975,5616,14,732537,477722
xgboost,119,target,0.99,1708,1,736445,477735
xgboost,119,target,0.995,214,0,737939,477736
xgboost,119,target,0.999,0,0,738153,477736
hgb,119,source_heldout,0.05,146939,2171,339,3179
hgb,119,source_heldout,0.1,146191,1620,1087,3730
hgb,119,source_heldout,0.15,145031,1079,2247,4271
hgb,119,source_heldout,0.2,142911,959,4367,4391
hgb,119,source_heldout,0.25,139115,789,8163,4561
hgb,119,source_heldout,0.3,137819,703,9459,4647
hgb,119,source_heldout,0.35,136111,656,11167,4694
hgb,119,source_heldout,0.4,135497,613,11781,4737
hgb,119,source_heldout,0.45,134609,588,12669,4762
hgb,119,source_heldout,0.5,133527,541,13751,4809
hgb,119,source_heldout,0.55,133136,513,14142,4837
hgb,119,source_heldout,0.6,132131,494,15147,4856
hgb,119,source_heldout,0.65,131549,451,15729,4899
hgb,119,source_heldout,0.7,131150,346,16128,5004
hgb,119,source_heldout,0.75,130543,290,16735,5060
hgb,119,source_heldout,0.8,129846,221,17432,5129
hgb,119,source_heldout,0.85,124413,175,22865,5175
hgb,119,source_heldout,0.9,123059,112,24219,5238
hgb,119,source_heldout,0.95,120236,38,27042,5312
hgb,119,source_heldout,0.975,111040,10,36238,5340
hgb,119,source_heldout,0.99,100362,3,46916,5347
hgb,119,source_heldout,0.995,78048,2,69230,5348
hgb,119,source_heldout,0.999,73722,2,73556,5348
hgb,119,target,0.05,726581,463470,11572,14266
hgb,119,target,0.1,711476,351625,26677,126111
hgb,119,target,0.15,624089,342745,114064,134991
hgb,119,target,0.2,620561,312970,117592,164766
hgb,119,target,0.25,614428,310004,123725,167732
hgb,119,target,0.3,611360,305806,126793,171930
hgb,119,target,0.35,380780,160721,357373,317015
hgb,119,target,0.4,375098,157961,363055,319775
hgb,119,target,0.45,372573,155757,365580,321979
hgb,119,target,0.5,365210,153547,372943,324189
hgb,119,target,0.55,347187,152139,390966,325597
hgb,119,target,0.6,343884,149395,394269,328341
hgb,119,target,0.65,184283,23147,553870,454589
hgb,119,target,0.7,174431,18931,563722,458805
hgb,119,target,0.75,93907,18455,644246,459281
hgb,119,target,0.8,81562,17977,656591,459759
hgb,119,target,0.85,30122,4598,708031,473138
hgb,119,target,0.9,25511,4400,712642,473336
hgb,119,target,0.95,4188,55,733965,477681
hgb,119,target,0.975,1184,14,736969,477722
hgb,119,target,0.99,1182,9,736971,477727
hgb,119,target,0.995,1182,1,736971,477735
hgb,119,target,0.999,147,0,738006,477736
mlp,119,source_heldout,0.05,145967,2196,1311,3154
mlp,119,source_heldout,0.1,144414,1904,2864,3446
mlp,119,source_heldout,0.15,142777,1317,4501,4033
mlp,119,source_heldout,0.2,139278,1134,8000,4216
mlp,119,source_heldout,0.25,136733,559,10545,4791
mlp,119,source_heldout,0.3,133648,479,13630,4871
mlp,119,source_heldout,0.35,124037,453,23241,4897
mlp,119,source_heldout,0.4,115843,426,31435,4924
mlp,119,source_heldout,0.45,112665,416,34613,4934
mlp,119,source_heldout,0.5,111492,376,35786,4974
mlp,119,source_heldout,0.55,107909,364,39369,4986
mlp,119,source_heldout,0.6,105351,355,41927,4995
mlp,119,source_heldout,0.65,102264,300,45014,5050
mlp,119,source_heldout,0.7,101145,247,46133,5103
mlp,119,source_heldout,0.75,100492,202,46786,5148
mlp,119,source_heldout,0.8,95519,147,51759,5203
mlp,119,source_heldout,0.85,94943,119,52335,5231
mlp,119,source_heldout,0.9,94408,100,52870,5250
mlp,119,source_heldout,0.95,93602,59,53676,5291
mlp,119,source_heldout,0.975,92892,45,54386,5305
mlp,119,source_heldout,0.99,89629,36,57649,5314
mlp,119,source_heldout,0.995,85550,27,61728,5323
mlp,119,source_heldout,0.999,79024,2,68254,5348
mlp,119,target,0.05,697324,451211,40829,26525
mlp,119,target,0.1,693139,444034,45014,33702
mlp,119,target,0.15,619085,309988,119068,167748
mlp,119,target,0.2,617399,308437,120754,169299
mlp,119,target,0.25,617329,304007,120824,173729
mlp,119,target,0.3,617076,302420,121077,175316
mlp,119,target,0.35,597125,296361,141028,181375
mlp,119,target,0.4,597030,292831,141123,184905
mlp,119,target,0.45,596951,292043,141202,185693
mlp,119,target,0.5,595734,291868,142419,185868
mlp,119,target,0.55,595530,291756,142623,185980
mlp,119,target,0.6,589534,291591,148619,186145
mlp,119,target,0.65,586127,291322,152026,186414
mlp,119,target,0.7,584773,291167,153380,186569
mlp,119,target,0.75,583002,291039,155151,186697
mlp,119,target,0.8,580535,290840,157618,186896
mlp,119,target,0.85,576467,290562,161686,187174
mlp,119,target,0.9,469465,289927,268688,187809
mlp,119,target,0.95,275338,145568,462815,332168
mlp,119,target,0.975,35244,802,702909,476934
mlp,119,target,0.99,19189,440,718964,477296
mlp,119,target,0.995,10918,58,727235,477678
mlp,119,target,0.999,1,25,738152,477711
majority,120,source_heldout,0.05,85030,4270,0,0
majority,120,source_heldout,0.1,85030,4270,0,0
majority,120,source_heldout,0.15,85030,4270,0,0
majority,120,source_heldout,0.2,85030,4270,0,0
majority,120,source_heldout,0.25,85030,4270,0,0
majority,120,source_heldout,0.3,85030,4270,0,0
majority,120,source_heldout,0.35,85030,4270,0,0
majority,120,source_heldout,0.4,85030,4270,0,0
majority,120,source_heldout,0.45,85030,4270,0,0
majority,120,source_heldout,0.5,85030,4270,0,0
majority,120,source_heldout,0.55,85030,4270,0,0
majority,120,source_heldout,0.6,85030,4270,0,0
majority,120,source_heldout,0.65,85030,4270,0,0
majority,120,source_heldout,0.7,85030,4270,0,0
majority,120,source_heldout,0.75,85030,4270,0,0
majority,120,source_heldout,0.8,85030,4270,0,0
majority,120,source_heldout,0.85,85030,4270,0,0
majority,120,source_heldout,0.9,85030,4270,0,0
majority,120,source_heldout,0.95,85030,4270,0,0
majority,120,source_heldout,0.975,85030,4270,0,0
majority,120,source_heldout,0.99,85030,4270,0,0
majority,120,source_heldout,0.995,85030,4270,0,0
majority,120,source_heldout,0.999,85030,4270,0,0
majority,120,target,0.05,738153,477736,0,0
majority,120,target,0.1,738153,477736,0,0
majority,120,target,0.15,738153,477736,0,0
majority,120,target,0.2,738153,477736,0,0
majority,120,target,0.25,738153,477736,0,0
majority,120,target,0.3,738153,477736,0,0
majority,120,target,0.35,738153,477736,0,0
majority,120,target,0.4,738153,477736,0,0
majority,120,target,0.45,738153,477736,0,0
majority,120,target,0.5,738153,477736,0,0
majority,120,target,0.55,738153,477736,0,0
majority,120,target,0.6,738153,477736,0,0
majority,120,target,0.65,738153,477736,0,0
majority,120,target,0.7,738153,477736,0,0
majority,120,target,0.75,738153,477736,0,0
majority,120,target,0.8,738153,477736,0,0
majority,120,target,0.85,738153,477736,0,0
majority,120,target,0.9,738153,477736,0,0
majority,120,target,0.95,738153,477736,0,0
majority,120,target,0.975,738153,477736,0,0
majority,120,target,0.99,738153,477736,0,0
majority,120,target,0.995,738153,477736,0,0
majority,120,target,0.999,738153,477736,0,0
stratified,120,source_heldout,0.05,80266,4032,4764,238
stratified,120,source_heldout,0.1,80266,4032,4764,238
stratified,120,source_heldout,0.15,80266,4032,4764,238
stratified,120,source_heldout,0.2,80266,4032,4764,238
stratified,120,source_heldout,0.25,80266,4032,4764,238
stratified,120,source_heldout,0.3,80266,4032,4764,238
stratified,120,source_heldout,0.35,80266,4032,4764,238
stratified,120,source_heldout,0.4,80266,4032,4764,238
stratified,120,source_heldout,0.45,80266,4032,4764,238
stratified,120,source_heldout,0.5,80266,4032,4764,238
stratified,120,source_heldout,0.55,80266,4032,4764,238
stratified,120,source_heldout,0.6,80266,4032,4764,238
stratified,120,source_heldout,0.65,80266,4032,4764,238
stratified,120,source_heldout,0.7,80266,4032,4764,238
stratified,120,source_heldout,0.75,80266,4032,4764,238
stratified,120,source_heldout,0.8,80266,4032,4764,238
stratified,120,source_heldout,0.85,80266,4032,4764,238
stratified,120,source_heldout,0.9,80266,4032,4764,238
stratified,120,source_heldout,0.95,80266,4032,4764,238
stratified,120,source_heldout,0.975,80266,4032,4764,238
stratified,120,source_heldout,0.99,80266,4032,4764,238
stratified,120,source_heldout,0.995,80266,4032,4764,238
stratified,120,source_heldout,0.999,80266,4032,4764,238
stratified,120,target,0.05,697001,451056,41152,26680
stratified,120,target,0.1,697001,451056,41152,26680
stratified,120,target,0.15,697001,451056,41152,26680
stratified,120,target,0.2,697001,451056,41152,26680
stratified,120,target,0.25,697001,451056,41152,26680
stratified,120,target,0.3,697001,451056,41152,26680
stratified,120,target,0.35,697001,451056,41152,26680
stratified,120,target,0.4,697001,451056,41152,26680
stratified,120,target,0.45,697001,451056,41152,26680
stratified,120,target,0.5,697001,451056,41152,26680
stratified,120,target,0.55,697001,451056,41152,26680
stratified,120,target,0.6,697001,451056,41152,26680
stratified,120,target,0.65,697001,451056,41152,26680
stratified,120,target,0.7,697001,451056,41152,26680
stratified,120,target,0.75,697001,451056,41152,26680
stratified,120,target,0.8,697001,451056,41152,26680
stratified,120,target,0.85,697001,451056,41152,26680
stratified,120,target,0.9,697001,451056,41152,26680
stratified,120,target,0.95,697001,451056,41152,26680
stratified,120,target,0.975,697001,451056,41152,26680
stratified,120,target,0.99,697001,451056,41152,26680
stratified,120,target,0.995,697001,451056,41152,26680
stratified,120,target,0.999,697001,451056,41152,26680
logreg,120,source_heldout,0.05,83938,1850,1092,2420
logreg,120,source_heldout,0.1,82145,1604,2885,2666
logreg,120,source_heldout,0.15,81563,1364,3467,2906
logreg,120,source_heldout,0.2,80916,961,4114,3309
logreg,120,source_heldout,0.25,80194,879,4836,3391
logreg,120,source_heldout,0.3,80032,809,4998,3461
logreg,120,source_heldout,0.35,79814,766,5216,3504
logreg,120,source_heldout,0.4,79347,677,5683,3593
logreg,120,source_heldout,0.45,78972,633,6058,3637
logreg,120,source_heldout,0.5,78477,616,6553,3654
logreg,120,source_heldout,0.55,78016,602,7014,3668
logreg,120,source_heldout,0.6,72315,587,12715,3683
logreg,120,source_heldout,0.65,57827,574,27203,3696
logreg,120,source_heldout,0.7,57657,544,27373,3726
logreg,120,source_heldout,0.75,57424,287,27606,3983
logreg,120,source_heldout,0.8,56345,163,28685,4107
logreg,120,source_heldout,0.85,52421,104,32609,4166
logreg,120,source_heldout,0.9,49159,53,35871,4217
logreg,120,source_heldout,0.95,12941,21,72089,4249
logreg,120,source_heldout,0.975,12003,10,73027,4260
logreg,120,source_heldout,0.99,5987,9,79043,4261
logreg,120,source_heldout,0.995,3093,8,81937,4262
logreg,120,source_heldout,0.999,2842,7,82188,4263
logreg,120,target,0.05,518276,167842,219877,309894
logreg,120,target,0.1,257777,20717,480376,457019
logreg,120,target,0.15,249314,19559,488839,458177
logreg,120,target,0.2,235499,18692,502654,459044
logreg,120,target,0.25,230748,16085,507405,461651
logreg,120,target,0.3,230089,12431,508064,465305
logreg,120,target,0.35,223886,12090,514267,465646
logreg,120,target,0.4,220170,11898,517983,465838
logreg,120,target,0.45,218634,11261,519519,466475
logreg,120,target,0.5,215434,11024,522719,466712
logreg,120,target,0.55,140415,6762,597738,470974
logreg,120,target,0.6,117989,6578,620164,471158
logreg,120,target,0.65,114144,4396,624009,473340
logreg,120,target,0.7,92781,3732,645372,474004
logreg,120,target,0.75,84255,3352,653898,474384
logreg,120,target,0.8,54194,2342,683959,475394
logreg,120,target,0.85,49331,1727,688822,476009
logreg,120,target,0.9,45069,935,693084,476801
logreg,120,target,0.95,17,46,738136,477690
logreg,120,target,0.975,11,18,738142,477718
logreg,120,target,0.99,4,4,738149,477732
logreg,120,target,0.995,0,2,738153,477734
logreg,120,target,0.999,0,0,738153,477736
tree,120,source_heldout,0.05,84544,3061,486,1209
tree,120,source_heldout,0.1,82005,2767,3025,1503
tree,120,source_heldout,0.15,79329,2328,5701,1942
tree,120,source_heldout,0.2,79190,2289,5840,1981
tree,120,source_heldout,0.25,79097,2278,5933,1992
tree,120,source_heldout,0.3,79087,2276,5943,1994
tree,120,source_heldout,0.35,79087,2276,5943,1994
tree,120,source_heldout,0.4,79028,2269,6002,2001
tree,120,source_heldout,0.45,78952,2260,6078,2010
tree,120,source_heldout,0.5,78557,2201,6473,2069
tree,120,source_heldout,0.55,78557,2201,6473,2069
tree,120,source_heldout,0.6,78557,2201,6473,2069
tree,120,source_heldout,0.65,78106,2145,6924,2125
tree,120,source_heldout,0.7,78085,2145,6945,2125
tree,120,source_heldout,0.75,77884,2104,7146,2166
tree,120,source_heldout,0.8,77543,2096,7487,2174
tree,120,source_heldout,0.85,77543,2096,7487,2174
tree,120,source_heldout,0.9,77216,2092,7814,2178
tree,120,source_heldout,0.95,77216,2092,7814,2178
tree,120,source_heldout,0.975,73896,2077,11134,2193
tree,120,source_heldout,0.99,73896,2077,11134,2193
tree,120,source_heldout,0.995,73896,2077,11134,2193
tree,120,source_heldout,0.999,55847,2077,29183,2193
tree,120,target,0.05,638232,458209,99921,19527
tree,120,target,0.1,353415,288412,384738,189324
tree,120,target,0.15,307749,171772,430404,305964
tree,120,target,0.2,307749,171724,430404,306012
tree,120,target,0.25,307749,171724,430404,306012
tree,120,target,0.3,307749,171724,430404,306012
tree,120,target,0.35,307724,171684,430429,306052
tree,120,target,0.4,307724,171682,430429,306054
tree,120,target,0.45,307723,171668,430430,306068
tree,120,target,0.5,307721,171470,430432,306266
tree,120,target,0.55,307721,171470,430432,306266
tree,120,target,0.6,307721,171470,430432,306266
tree,120,target,0.65,307721,171470,430432,306266
tree,120,target,0.7,307721,171470,430432,306266
tree,120,target,0.75,307721,171470,430432,306266
tree,120,target,0.8,307718,171410,430435,306326
tree,120,target,0.85,307718,171410,430435,306326
tree,120,target,0.9,307718,171410,430435,306326
tree,120,target,0.95,307718,171410,430435,306326
tree,120,target,0.975,305758,171290,432395,306446
tree,120,target,0.99,305758,171290,432395,306446
tree,120,target,0.995,305758,171290,432395,306446
tree,120,target,0.999,301509,170602,436644,307134
rf,120,source_heldout,0.05,84741,3611,289,659
rf,120,source_heldout,0.1,84677,3402,353,868
rf,120,source_heldout,0.15,84408,3201,622,1069
rf,120,source_heldout,0.2,83424,3062,1606,1208
rf,120,source_heldout,0.25,83329,2938,1701,1332
rf,120,source_heldout,0.3,83065,2824,1965,1446
rf,120,source_heldout,0.35,82859,2744,2171,1526
rf,120,source_heldout,0.4,82733,859,2297,3411
rf,120,source_heldout,0.45,82517,772,2513,3498
rf,120,source_heldout,0.5,82170,718,2860,3552
rf,120,source_heldout,0.55,82003,649,3027,3621
rf,120,source_heldout,0.6,81820,583,3210,3687
rf,120,source_heldout,0.65,81514,513,3516,3757
rf,120,source_heldout,0.7,81063,436,3967,3834
rf,120,source_heldout,0.75,80446,336,4584,3934
rf,120,source_heldout,0.8,79376,276,5654,3994
rf,120,source_heldout,0.85,78187,227,6843,4043
rf,120,source_heldout,0.9,77557,186,7473,4084
rf,120,source_heldout,0.95,76305,104,8725,4166
rf,120,source_heldout,0.975,75122,53,9908,4217
rf,120,source_heldout,0.99,72444,19,12586,4251
rf,120,source_heldout,0.995,70702,14,14328,4256
rf,120,source_heldout,0.999,65294,8,19736,4262
rf,120,target,0.05,738153,477590,0,146
rf,120,target,0.1,700067,476585,38086,1151
rf,120,target,0.15,661114,370710,77039,107026
rf,120,target,0.2,654939,346992,83214,130744
rf,120,target,0.25,654198,345186,83955,132550
rf,120,target,0.3,652673,343020,85480,134716
rf,120,target,0.35,651557,340866,86596,136870
rf,120,target,0.4,422187,193312,315966,284424
rf,120,target,0.45,400030,186937,338123,290799
rf,120,target,0.5,394086,178376,344067,299360
rf,120,target,0.55,388216,162863,349937,314873
rf,120,target,0.6,377288,155779,360865,321957
rf,120,target,0.65,335344,150094,402809,327642
rf,120,target,0.7,328421,148446,409732,329290
rf,120,target,0.75,315915,147207,422238,330529
rf,120,target,0.8,45559,5861,692594,471875
rf,120,target,0.85,32150,5165,706003,472571
rf,120,target,0.9,15080,4602,723073,473134
rf,120,target,0.95,26,13,738127,477723
rf,120,target,0.975,0,6,738153,477730
rf,120,target,0.99,0,4,738153,477732
rf,120,target,0.995,0,3,738153,477733
rf,120,target,0.999,0,0,738153,477736
xgboost,120,source_heldout,0.05,84852,3167,178,1103
xgboost,120,source_heldout,0.1,83865,890,1165,3380
xgboost,120,source_heldout,0.15,82078,650,2952,3620
xgboost,120,source_heldout,0.2,81727,554,3303,3716
xgboost,120,source_heldout,0.25,81395,504,3635,3766
xgboost,120,source_heldout,0.3,80871,427,4159,3843
xgboost,120,source_heldout,0.35,80212,398,4818,3872
xgboost,120,source_heldout,0.4,79405,363,5625,3907
xgboost,120,source_heldout,0.45,78821,315,6209,3955
xgboost,120,source_heldout,0.5,78515,276,6515,3994
xgboost,120,source_heldout,0.55,78139,239,6891,4031
xgboost,120,source_heldout,0.6,77915,211,7115,4059
xgboost,120,source_heldout,0.65,77535,174,7495,4096
xgboost,120,source_heldout,0.7,77139,146,7891,4124
xgboost,120,source_heldout,0.75,76762,115,8268,4155
xgboost,120,source_heldout,0.8,75281,100,9749,4170
xgboost,120,source_heldout,0.85,74949,76,10081,4194
xgboost,120,source_heldout,0.9,74343,66,10687,4204
xgboost,120,source_heldout,0.95,73363,61,11667,4209
xgboost,120,source_heldout,0.975,72571,59,12459,4211
xgboost,120,source_heldout,0.99,71321,54,13709,4216
xgboost,120,source_heldout,0.995,69160,53,15870,4217
xgboost,120,source_heldout,0.999,49355,53,35675,4217
xgboost,120,target,0.05,667586,434174,70567,43562
xgboost,120,target,0.1,632700,414249,105453,63487
xgboost,120,target,0.15,603808,303958,134345,173778
xgboost,120,target,0.2,598904,301809,139249,175927
xgboost,120,target,0.25,593438,297119,144715,180617
xgboost,120,target,0.3,574783,294295,163370,183441
xgboost,120,target,0.35,572818,293395,165335,184341
xgboost,120,target,0.4,561328,292489,176825,185247
xgboost,120,target,0.45,327159,149924,410994,327812
xgboost,120,target,0.5,320365,148163,417788,329573
xgboost,120,target,0.55,316467,143662,421686,334074
xgboost,120,target,0.6,278731,142668,459422,335068
xgboost,120,target,0.65,273851,141357,464302,336379
xgboost,120,target,0.7,269594,141077,468559,336659
xgboost,120,target,0.75,267023,140671,471130,337065
xgboost,120,target,0.8,262546,140527,475607,337209
xgboost,120,target,0.85,260264,140434,477889,337302
xgboost,120,target,0.9,217148,140367,521005,337369
xgboost,120,target,0.95,213511,140258,524642,337478
xgboost,120,target,0.975,29991,47,708162,477689
xgboost,120,target,0.99,0,0,738153,477736
xgboost,120,target,0.995,0,0,738153,477736
xgboost,120,target,0.999,0,0,738153,477736
hgb,120,source_heldout,0.05,84804,1402,226,2868
hgb,120,source_heldout,0.1,83946,972,1084,3298
hgb,120,source_heldout,0.15,83330,760,1700,3510
hgb,120,source_heldout,0.2,82418,616,2612,3654
hgb,120,source_heldout,0.25,81073,525,3957,3745
hgb,120,source_heldout,0.3,80535,453,4495,3817
hgb,120,source_heldout,0.35,80167,419,4863,3851
hgb,120,source_heldout,0.4,79895,393,5135,3877
hgb,120,source_heldout,0.45,79599,366,5431,3904
hgb,120,source_heldout,0.5,78644,323,6386,3947
hgb,120,source_heldout,0.55,78364,267,6666,4003
hgb,120,source_heldout,0.6,78091,240,6939,4030
hgb,120,source_heldout,0.65,77785,200,7245,4070
hgb,120,source_heldout,0.7,77283,155,7747,4115
hgb,120,source_heldout,0.75,75680,122,9350,4148
hgb,120,source_heldout,0.8,75318,103,9712,4167
hgb,120,source_heldout,0.85,74977,91,10053,4179
hgb,120,source_heldout,0.9,74739,78,10291,4192
hgb,120,source_heldout,0.95,73836,63,11194,4207
hgb,120,source_heldout,0.975,72735,62,12295,4208
hgb,120,source_heldout,0.99,70528,57,14502,4213
hgb,120,source_heldout,0.995,70118,57,14912,4213
hgb,120,source_heldout,0.999,60968,54,24062,4216
hgb,120,target,0.05,672691,460888,65462,16848
hgb,120,target,0.1,644646,430163,93507,47573
hgb,120,target,0.15,616610,423671,121543,54065
hgb,120,target,0.2,606888,420835,131265,56901
hgb,120,target,0.25,597056,310870,141097,166866
hgb,120,target,0.3,582081,309456,156072,168280
hgb,120,target,0.35,571035,304631,167118,173105
hgb,120,target,0.4,563538,300306,174615,177430
hgb,120,target,0.45,555686,299121,182467,178615
hgb,120,target,0.5,553097,298266,185056,179470
hgb,120,target,0.55,552011,297285,186142,180451
hgb,120,target,0.6,551399,296107,186754,181629
hgb,120,target,0.65,548859,295104,189294,182632
hgb,120,target,0.7,546217,293513,191936,184223
hgb,120,target,0.75,545176,293117,192977,184619
hgb,120,target,0.8,544828,292484,193325,185252
hgb,120,target,0.85,507920,290848,230233,186888
hgb,120,target,0.9,488283,288326,249870,189410
hgb,120,target,0.95,478073,282470,260080,195266
hgb,120,target,0.975,294547,141770,443606,335966
hgb,120,target,0.99,30901,7,707252,477729
hgb,120,target,0.995,335,0,737818,477736
hgb,120,target,0.999,0,0,738153,477736
mlp,120,source_heldout,0.05,84800,1550,230,2720
mlp,120,source_heldout,0.1,83640,955,1390,3315
mlp,120,source_heldout,0.15,82858,798,2172,3472
mlp,120,source_heldout,0.2,81018,631,4012,3639
mlp,120,source_heldout,0.25,79755,556,5275,3714
mlp,120,source_heldout,0.3,79485,469,5545,3801
mlp,120,source_heldout,0.35,79267,433,5763,3837
mlp,120,source_heldout,0.4,79071,396,5959,3874
mlp,120,source_heldout,0.45,78872,385,6158,3885
mlp,120,source_heldout,0.5,78550,365,6480,3905
mlp,120,source_heldout,0.55,78271,331,6759,3939
mlp,120,source_heldout,0.6,77927,294,7103,3976
mlp,120,source_heldout,0.65,77439,235,7591,4035
mlp,120,source_heldout,0.7,76994,165,8036,4105
mlp,120,source_heldout,0.75,76590,156,8440,4114
mlp,120,source_heldout,0.8,76050,142,8980,4128
mlp,120,source_heldout,0.85,75646,131,9384,4139
mlp,120,source_heldout,0.9,74592,111,10438,4159
mlp,120,source_heldout,0.95,70211,96,14819,4174
mlp,120,source_heldout,0.975,68557,92,16473,4178
mlp,120,source_heldout,0.99,65293,77,19737,4193
mlp,120,source_heldout,0.995,60832,72,24198,4198
mlp,120,source_heldout,0.999,43046,64,41984,4206
mlp,120,target,0.05,655518,443046,82635,34690
mlp,120,target,0.1,615961,434501,122192,43235
mlp,120,target,0.15,612900,405632,125253,72104
mlp,120,target,0.2,586013,396973,152140,80763
mlp,120,target,0.25,583398,396735,154755,81001
mlp,120,target,0.3,582761,292051,155392,185685
mlp,120,target,0.35,548659,291935,189494,185801
mlp,120,target,0.4,516018,291837,222135,185899
mlp,120,target,0.45,512758,291664,225395,186072
mlp,120,target,0.5,370568,151569,367585,326167
mlp,120,target,0.55,325712,151464,412441,326272
mlp,120,target,0.6,320660,151240,417493,326496
mlp,120,target,0.65,315458,150933,422695,326803
mlp,120,target,0.7,310033,150043,428120,327693
mlp,120,target,0.75,273757,149698,464396,328038
mlp,120,target,0.8,259682,149355,478471,328381
mlp,120,target,0.85,245954,149008,492199,328728
mlp,120,target,0.9,232883,144475,505270,333261
mlp,120,target,0.95,226661,141641,511492,336095
mlp,120,target,0.975,226489,141592,511664,336144
mlp,120,target,0.99,226443,141587,511710,336149
mlp,120,target,0.995,226395,141587,511758,336149
mlp,120,target,0.999,0,0,738153,477736
