model,split_seed,domain,tau,tp,fp,fn,tn
majority,101,source_heldout,0.05,142326,6754,0,0
majority,101,source_heldout,0.1,142326,6754,0,0
majority,101,source_heldout,0.15,142326,6754,0,0
majority,101,source_heldout,0.2,142326,6754,0,0
majority,101,source_heldout,0.25,142326,6754,0,0
majority,101,source_heldout,0.3,142326,6754,0,0
majority,101,source_heldout,0.35,142326,6754,0,0
majority,101,source_heldout,0.4,142326,6754,0,0
majority,101,source_heldout,0.45,142326,6754,0,0
majority,101,source_heldout,0.5,142326,6754,0,0
majority,101,source_heldout,0.55,142326,6754,0,0
majority,101,source_heldout,0.6,142326,6754,0,0
majority,101,source_heldout,0.65,142326,6754,0,0
majority,101,source_heldout,0.7,142326,6754,0,0
majority,101,source_heldout,0.75,142326,6754,0,0
majority,101,source_heldout,0.8,142326,6754,0,0
majority,101,source_heldout,0.85,142326,6754,0,0
majority,101,source_heldout,0.9,142326,6754,0,0
majority,101,source_heldout,0.95,142326,6754,0,0
majority,101,source_heldout,0.975,142326,6754,0,0
majority,101,source_heldout,0.99,142326,6754,0,0
majority,101,source_heldout,0.995,142326,6754,0,0
majority,101,source_heldout,0.999,142326,6754,0,0
majority,101,target,0.05,263939,82943,0,0
majority,101,target,0.1,263939,82943,0,0
majority,101,target,0.15,263939,82943,0,0
majority,101,target,0.2,263939,82943,0,0
majority,101,target,0.25,263939,82943,0,0
majority,101,target,0.3,263939,82943,0,0
majority,101,target,0.35,263939,82943,0,0
majority,101,target,0.4,263939,82943,0,0
majority,101,target,0.45,263939,82943,0,0
majority,101,target,0.5,263939,82943,0,0
majority,101,target,0.55,263939,82943,0,0
majority,101,target,0.6,263939,82943,0,0
majority,101,target,0.65,263939,82943,0,0
majority,101,target,0.7,263939,82943,0,0
majority,101,target,0.75,263939,82943,0,0
majority,101,target,0.8,263939,82943,0,0
majority,101,target,0.85,263939,82943,0,0
majority,101,target,0.9,263939,82943,0,0
majority,101,target,0.95,263939,82943,0,0
majority,101,target,0.975,263939,82943,0,0
majority,101,target,0.99,263939,82943,0,0
majority,101,target,0.995,263939,82943,0,0
majority,101,target,0.999,263939,82943,0,0
stratified,101,source_heldout,0.05,133581,6350,8745,404
stratified,101,source_heldout,0.1,133581,6350,8745,404
stratified,101,source_heldout,0.15,133581,6350,8745,404
stratified,101,source_heldout,0.2,133581,6350,8745,404
stratified,101,source_heldout,0.25,133581,6350,8745,404
stratified,101,source_heldout,0.3,133581,6350,8745,404
stratified,101,source_heldout,0.35,133581,6350,8745,404
stratified,101,source_heldout,0.4,133581,6350,8745,404
stratified,101,source_heldout,0.45,133581,6350,8745,404
stratified,101,source_heldout,0.5,133581,6350,8745,404
stratified,101,source_heldout,0.55,133581,6350,8745,404
stratified,101,source_heldout,0.6,133581,6350,8745,404
stratified,101,source_heldout,0.65,133581,6350,8745,404
stratified,101,source_heldout,0.7,133581,6350,8745,404
stratified,101,source_heldout,0.75,133581,6350,8745,404
stratified,101,source_heldout,0.8,133581,6350,8745,404
stratified,101,source_heldout,0.85,133581,6350,8745,404
stratified,101,source_heldout,0.9,133581,6350,8745,404
stratified,101,source_heldout,0.95,133581,6350,8745,404
stratified,101,source_heldout,0.975,133581,6350,8745,404
stratified,101,source_heldout,0.99,133581,6350,8745,404
stratified,101,source_heldout,0.995,133581,6350,8745,404
stratified,101,source_heldout,0.999,133581,6350,8745,404
stratified,101,target,0.05,247751,77865,16188,5078
stratified,101,target,0.1,247751,77865,16188,5078
stratified,101,target,0.15,247751,77865,16188,5078
stratified,101,target,0.2,247751,77865,16188,5078
stratified,101,target,0.25,247751,77865,16188,5078
stratified,101,target,0.3,247751,77865,16188,5078
stratified,101,target,0.35,247751,77865,16188,5078
stratified,101,target,0.4,247751,77865,16188,5078
stratified,101,target,0.45,247751,77865,16188,5078
stratified,101,target,0.5,247751,77865,16188,5078
stratified,101,target,0.55,247751,77865,16188,5078
stratified,101,target,0.6,247751,77865,16188,5078
stratified,101,target,0.65,247751,77865,16188,5078
stratified,101,target,0.7,247751,77865,16188,5078
stratified,101,target,0.75,247751,77865,16188,5078
stratified,101,target,0.8,247751,77865,16188,5078
stratified,101,target,0.85,247751,77865,16188,5078
stratified,101,target,0.9,247751,77865,16188,5078
stratified,101,target,0.95,247751,77865,16188,5078
stratified,101,target,0.975,247751,77865,16188,5078
stratified,101,target,0.99,247751,77865,16188,5078
stratified,101,target,0.995,247751,77865,16188,5078
stratified,101,target,0.999,247751,77865,16188,5078
logreg,101,source_heldout,0.05,138824,3533,3502,3221
logreg,101,source_heldout,0.1,136671,2920,5655,3834
logreg,101,source_heldout,0.15,135151,2610,7175,4144
logreg,101,source_heldout,0.2,134016,2363,8310,4391
logreg,101,source_heldout,0.25,132504,2250,9822,4504
logreg,101,source_heldout,0.3,129373,2120,12953,4634
logreg,101,source_heldout,0.35,128731,2015,13595,4739
logreg,101,source_heldout,0.4,128128,1937,14198,4817
logreg,101,source_heldout,0.45,126794,1883,15532,4871
logreg,101,source_heldout,0.5,125952,1814,16374,4940
logreg,101,source_heldout,0.55,125302,1766,17024,4988
logreg,101,source_heldout,0.6,124021,1729,18305,5025
logreg,101,source_heldout,0.65,123081,1689,19245,5065
logreg,101,source_heldout,0.7,120998,1664,21328,5090
logreg,101,source_heldout,0.75,120026,1629,22300,5125
logreg,101,source_heldout,0.8,118316,1558,24010,5196
logreg,101,source_heldout,0.85,115062,1465,27264,5289
logreg,101,source_heldout,0.9,99623,1400,42703,5354
logreg,101,source_heldout,0.95,96136,1084,46190,5670
logreg,101,source_heldout,0.975,91544,782,50782,5972
logreg,101,source_heldout,0.99,34419,765,107907,5989
logreg,101,source_heldout,0.995,20213,752,122113,6002
logreg,101,source_heldout,0.999,7098,12,135228,6742
logreg,101,target,0.05,214953,76609,48986,6334
logreg,101,target,0.1,200677,72830,63262,10113
logreg,101,target,0.15,180897,66967,83042,15976
logreg,101,target,0.2,180249,66240,83690,16703
logreg,101,target,0.25,136729,54432,127210,28511
logreg,101,target,0.3,136301,54332,127638,28611
logreg,101,target,0.35,108051,40259,155888,42684
logreg,101,target,0.4,107270,39886,156669,43057
logreg,101,target,0.45,88359,25504,175580,57439
logreg,101,target,0.5,86742,24799,177197,58144
logreg,101,target,0.55,71052,13394,192887,69549
logreg,101,target,0.6,59780,12694,204159,70249
logreg,101,target,0.65,53261,7396,210678,75547
logreg,101,target,0.7,53176,7337,210763,75606
logreg,101,target,0.75,51025,5137,212914,77806
logreg,101,target,0.8,30303,1293,233636,81650
logreg,101,target,0.85,9673,564,254266,82379
logreg,101,target,0.9,5606,267,258333,82676
logreg,101,target,0.95,56,112,263883,82831
logreg,101,target,0.975,0,98,263939,82845
logreg,101,target,0.99,0,67,263939,82876
logreg,101,target,0.995,0,56,263939,82887
logreg,101,target,0.999,0,31,263939,82912
tree,101,source_heldout,0.05,124650,1703,17676,5051
tree,101,source_heldout,0.1,121692,1235,20634,5519
tree,101,source_heldout,0.15,121684,1234,20642,5520
tree,101,source_heldout,0.2,121599,1210,20727,5544
tree,101,source_heldout,0.25,121455,1209,20871,5545
tree,101,source_heldout,0.3,121455,1209,20871,5545
tree,101,source_heldout,0.35,121408,1209,20918,5545
tree,101,source_heldout,0.4,121401,1209,20925,5545
tree,101,source_heldout,0.45,121401,1209,20925,5545
tree,101,source_heldout,0.5,121374,1201,20952,5553
tree,101,source_heldout,0.55,121340,1201,20986,5553
tree,101,source_heldout,0.6,121340,1201,20986,5553
tree,101,source_heldout,0.65,121340,1201,20986,5553
tree,101,source_heldout,0.7,121340,1201,20986,5553
tree,101,source_heldout,0.75,121227,1198,21099,5556
tree,101,source_heldout,0.8,121227,1198,21099,5556
tree,101,source_heldout,0.85,121227,1198,21099,5556
tree,101,source_heldout,0.9,121169,1149,21157,5605
tree,101,source_heldout,0.95,119457,1127,22869,5627
tree,101,source_heldout,0.975,119457,1127,22869,5627
tree,101,source_heldout,0.99,119457,1127,22869,5627
tree,101,source_heldout,0.995,119457,1127,22869,5627
tree,101,source_heldout,0.999,100591,1116,41735,5638
tree,101,target,0.05,199834,69420,64105,13523
tree,101,target,0.1,178536,69140,85403,13803
tree,101,target,0.15,178536,69139,85403,13804
tree,101,target,0.2,178521,69139,85418,13804
tree,101,target,0.25,178462,69135,85477,13808
tree,101,target,0.3,178462,69135,85477,13808
tree,101,target,0.35,178462,69135,85477,13808
tree,101,target,0.4,178462,69135,85477,13808
tree,101,target,0.45,178462,69135,85477,13808
tree,101,target,0.5,178462,69135,85477,13808
tree,101,target,0.55,178462,69135,85477,13808
tree,101,target,0.6,178462,69135,85477,13808
tree,101,target,0.65,178462,69135,85477,13808
tree,101,target,0.7,178462,69135,85477,13808
tree,101,target,0.75,178462,69135,85477,13808
tree,101,target,0.8,178462,69135,85477,13808
tree,101,target,0.85,178462,69135,85477,13808
tree,101,target,0.9,178266,69051,85673,13892
tree,101,target,0.95,167400,68877,96539,14066
tree,101,target,0.975,167400,68877,96539,14066
tree,101,target,0.99,167400,68877,96539,14066
tree,101,target,0.995,167400,68877,96539,14066
tree,101,target,0.999,158653,68562,105286,14381
rf,101,source_heldout,0.05,137814,3368,4512,3386
rf,101,source_heldout,0.1,136538,2802,5788,3952
rf,101,source_heldout,0.15,134096,2394,8230,4360
rf,101,source_heldout,0.2,133438,2180,8888,4574
rf,101,source_heldout,0.25,132927,1961,9399,4793
rf,101,source_heldout,0.3,132148,1821,10178,4933
rf,101,source_heldout,0.35,131265,1610,11061,5144
rf,101,source_heldout,0.4,130518,1469,11808,5285
rf,101,source_heldout,0.45,129926,1372,12400,5382
rf,101,source_heldout,0.5,129185,1247,13141,5507
rf,101,source_heldout,0.55,128544,1142,13782,5612
rf,101,source_heldout,0.6,126273,361,16053,6393
rf,101,source_heldout,0.65,125723,286,16603,6468
rf,101,source_heldout,0.7,124962,231,17364,6523
rf,101,source_heldout,0.75,124337,175,17989,6579
rf,101,source_heldout,0.8,118287,144,24039,6610
rf,101,source_heldout,0.85,117433,92,24893,6662
rf,101,source_heldout,0.9,116519,45,25807,6709
rf,101,source_heldout,0.95,114433,35,27893,6719
rf,101,source_heldout,0.975,107752,27,34574,6727
rf,101,source_heldout,0.99,99884,21,42442,6733
rf,101,source_heldout,0.995,96986,19,45340,6735
rf,101,source_heldout,0.999,88791,17,53535,6737
rf,101,target,0.05,220768,79477,43171,3466
rf,101,target,0.1,215235,78795,48704,4148
rf,101,target,0.15,210438,75987,53501,6956
rf,101,target,0.2,202447,74922,61492,8021
rf,101,target,0.25,200296,72851,63643,10092
rf,101,target,0.3,179350,71896,84589,11047
rf,101,target,0.35,178525,70366,85414,12577
rf,101,target,0.4,177644,69437,86295,13506
rf,101,target,0.45,176703,68929,87236,14014
rf,101,target,0.5,176332,68793,87607,14150
rf,101,target,0.55,176263,68451,87676,14492
rf,101,target,0.6,176185,68103,87754,14840
rf,101,target,0.65,176125,67892,87814,15051
rf,101,target,0.7,174445,67703,89494,15240
rf,101,target,0.75,164297,65627,99642,17316
rf,101,target,0.8,144482,59972,119457,22971
rf,101,target,0.85,107286,44457,156653,38486
rf,101,target,0.9,51446,5992,212493,76951
rf,101,target,0.95,38271,3988,225668,78955
rf,101,target,0.975,32652,3349,231287,79594
rf,101,target,0.99,28996,1981,234943,80962
rf,101,target,0.995,24664,1405,239275,81538
rf,101,target,0.999,22235,580,241704,82363
xgboost,101,source_heldout,0.05,132754,2047,9572,4707
xgboost,101,source_heldout,0.1,129721,1423,12605,5331
xgboost,101,source_heldout,0.15,127373,980,14953,5774
xgboost,101,source_heldout,0.2,126177,447,16149,6307
xgboost,101,source_heldout,0.25,125823,386,16503,6368
xgboost,101,source_heldout,0.3,125480,312,16846,6442
xgboost,101,source_heldout,0.35,125251,281,17075,6473
xgboost,101,source_heldout,0.4,124983,239,17343,6515
xgboost,101,source_heldout,0.45,124752,223,17574,6531
xgboost,101,source_heldout,0.5,124417,194,17909,6560
xgboost,101,source_heldout,0.55,124218,177,18108,6577
xgboost,101,source_heldout,0.6,123928,155,18398,6599
xgboost,101,source_heldout,0.65,123537,135,18789,6619
xgboost,101,source_heldout,0.7,123228,119,19098,6635
xgboost,101,source_heldout,0.75,122867,106,19459,6648
xgboost,101,source_heldout,0.8,122587,91,19739,6663
xgboost,101,source_heldout,0.85,122350,84,19976,6670
xgboost,101,source_heldout,0.9,121742,65,20584,6689
xgboost,101,source_heldout,0.95,115145,35,27181,6719
xgboost,101,source_heldout,0.975,114635,32,27691,6722
xgboost,101,source_heldout,0.99,113198,22,29128,6732
xgboost,101,source_heldout,0.995,111336,19,30990,6735
xgboost,101,source_heldout,0.999,100484,17,41842,6737
xgboost,101,target,0.05,200743,70094,63196,12849
xgboost,101,target,0.1,197641,68689,66298,14254
xgboost,101,target,0.15,196786,68483,67153,14460
xgboost,101,target,0.2,196473,68191,67466,14752
xgboost,101,target,0.25,196359,68116,67580,14827
xgboost,101,target,0.3,196239,68034,67700,14909
xgboost,101,target,0.35,176280,67980,87659,14963
xgboost,101,target,0.4,176274,67916,87665,15027
xgboost,101,target,0.45,176262,67888,87677,15055
xgboost,101,target,0.5,171634,66900,92305,16043
xgboost,101,target,0.55,171610,66864,92329,16079
xgboost,101,target,0.6,168523,66625,95416,16318
xgboost,101,target,0.65,165572,66335,98367,16608
xgboost,101,target,0.7,165571,66182,98368,16761
xgboost,101,target,0.75,153030,61185,110909,21758
xgboost,101,target,0.8,150703,60384,113236,22559
xgboost,101,target,0.85,142982,58734,120957,24209
xgboost,101,target,0.9,130072,55099,133867,27844
xgboost,101,target,0.95,116116,47989,147823,34954
xgboost,101,target,0.975,92243,41195,171696,41748
xgboost,101,target,0.99,45313,5612,218626,77331
xgboost,101,target,0.995,41034,4934,222905,78009
xgboost,101,target,0.999,10246,4241,253693,78702
hgb,101,source_heldout,0.05,132632,1776,9694,4978
hgb,101,source_heldout,0.1,128537,739,13789,6015
hgb,101,source_heldout,0.15,126827,577,15499,6177
hgb,101,source_heldout,0.2,126370,526,15956,6228
hgb,101,source_heldout,0.25,126021,487,16305,6267
hgb,101,source_heldout,0.3,125755,444,16571,6310
hgb,101,source_heldout,0.35,125522,397,16804,6357
hgb,101,source_heldout,0.4,125295,362,17031,6392
hgb,101,source_heldout,0.45,125023,332,17303,6422
hgb,101,source_heldout,0.5,124430,302,17896,6452
hgb,101,source_heldout,0.55,124277,270,18049,6484
hgb,101,source_heldout,0.6,123969,237,18357,6517
hgb,101,source_heldout,0.65,123815,212,18511,6542
hgb,101,source_heldout,0.7,123604,196,18722,6558
hgb,101,source_heldout,0.75,123359,180,18967,6574
hgb,101,source_heldout,0.8,122571,157,19755,6597
hgb,101,source_heldout,0.85,122136,142,20190,6612
hgb,101,source_heldout,0.9,121097,104,21229,6650
hgb,101,source_heldout,0.95,119384,56,22942,6698
hgb,101,source_heldout,0.975,113879,38,28447,6716
hgb,101,source_heldout,0.99,112823,25,29503,6729
hgb,101,source_heldout,0.995,111633,21,30693,6733
hgb,101,source_heldout,0.999,101847,12,40479,6742
hgb,101,target,0.05,200484,71082,63455,11861
hgb,101,target,0.1,197991,69939,65948,13004
hgb,101,target,0.15,197447,69305,66492,13638
hgb,101,target,0.2,197223,69048,66716,13895
hgb,101,target,0.25,196943,68952,66996,13991
hgb,101,target,0.3,176946,68885,86993,14058
hgb,101,target,0.35,176765,68774,87174,14169
hgb,101,target,0.4,176622,68598,87317,14345
hgb,101,target,0.45,176527,68553,87412,14390
hgb,101,target,0.5,176271,68478,87668,14465
hgb,101,target,0.55,176187,68416,87752,14527
hgb,101,target,0.6,176165,68353,87774,14590
hgb,101,target,0.65,176154,68261,87785,14682
hgb,101,target,0.7,176144,68186,87795,14757
hgb,101,target,0.75,176138,67889,87801,15054
hgb,101,target,0.8,176129,67842,87810,15101
hgb,101,target,0.85,176088,67777,87851,15166
hgb,101,target,0.9,176039,67631,87900,15312
hgb,101,target,0.95,173569,67382,90370,15561
hgb,101,target,0.975,167370,67071,96569,15872
hgb,101,target,0.99,160999,66594,102940,16349
hgb,101,target,0.995,144124,64935,119815,18008
hgb,101,target,0.999,112367,57622,151572,25321
mlp,101,source_heldout,0.05,130786,1984,11540,4770
mlp,101,source_heldout,0.1,128416,1378,13910,5376
mlp,101,source_heldout,0.15,127723,1269,14603,5485
mlp,101,source_heldout,0.2,127277,1227,15049,5527
mlp,101,source_heldout,0.25,127016,1192,15310,5562
mlp,101,source_heldout,0.3,126596,1147,15730,5607
mlp,101,source_heldout,0.35,126218,1108,16108,5646
mlp,101,source_heldout,0.4,125863,1058,16463,5696
mlp,101,source_heldout,0.45,125588,1025,16738,5729
mlp,101,source_heldout,0.5,125257,990,17069,5764
mlp,101,source_heldout,0.55,124959,970,17367,5784
mlp,101,source_heldout,0.6,124667,939,17659,5815
mlp,101,source_heldout,0.65,124354,918,17972,5836
mlp,101,source_heldout,0.7,124044,911,18282,5843
mlp,101,source_heldout,0.75,123727,891,18599,5863
mlp,101,source_heldout,0.8,123566,881,18760,5873
mlp,101,source_heldout,0.85,123010,855,19316,5899
mlp,101,source_heldout,0.9,122710,846,19616,5908
mlp,101,source_heldout,0.95,121786,814,20540,5940
mlp,101,source_heldout,0.975,120273,781,22053,5973
mlp,101,source_heldout,0.99,114518,752,27808,6002
mlp,101,source_heldout,0.995,113097,744,29229,6010
mlp,101,source_heldout,0.999,108044,17,34282,6737
mlp,101,target,0.05,197623,70478,66316,12465
mlp,101,target,0.1,197567,69594,66372,13349
mlp,101,target,0.15,177614,69260,86325,13683
mlp,101,target,0.2,177597,69116,86342,13827
mlp,101,target,0.25,177593,68374,86346,14569
mlp,101,target,0.3,176194,68313,87745,14630
mlp,101,target,0.35,176153,68242,87786,14701
mlp,101,target,0.4,176153,68217,87786,14726
mlp,101,target,0.45,176153,68182,87786,14761
mlp,101,target,0.5,176153,68155,87786,14788
mlp,101,target,0.55,176150,68116,87789,14827
mlp,101,target,0.6,176117,68098,87822,14845
mlp,101,target,0.65,176109,68067,87830,14876
mlp,101,target,0.7,176109,68031,87830,14912
mlp,101,target,0.75,176109,68000,87830,14943
mlp,101,target,0.8,176107,67782,87832,15161
mlp,101,target,0.85,176087,67731,87852,15212
mlp,101,target,0.9,176061,67428,87878,15515
mlp,101,target,0.95,175053,66891,88886,16052
mlp,101,target,0.975,171429,66702,92510,16241
mlp,101,target,0.99,156824,66149,107115,16794
mlp,101,target,0.995,150711,66109,113228,16834
mlp,101,target,0.999,147420,66019,116519,16924
majority,102,source_heldout,0.05,149939,7237,0,0
majority,102,source_heldout,0.1,149939,7237,0,0
majority,102,source_heldout,0.15,149939,7237,0,0
majority,102,source_heldout,0.2,149939,7237,0,0
majority,102,source_heldout,0.25,149939,7237,0,0
majority,102,source_heldout,0.3,149939,7237,0,0
majority,102,source_heldout,0.35,149939,7237,0,0
majority,102,source_heldout,0.4,149939,7237,0,0
majority,102,source_heldout,0.45,149939,7237,0,0
majority,102,source_heldout,0.5,149939,7237,0,0
majority,102,source_heldout,0.55,149939,7237,0,0
majority,102,source_heldout,0.6,149939,7237,0,0
majority,102,source_heldout,0.65,149939,7237,0,0
majority,102,source_heldout,0.7,149939,7237,0,0
majority,102,source_heldout,0.75,149939,7237,0,0
majority,102,source_heldout,0.8,149939,7237,0,0
majority,102,source_heldout,0.85,149939,7237,0,0
majority,102,source_heldout,0.9,149939,7237,0,0
majority,102,source_heldout,0.95,149939,7237,0,0
majority,102,source_heldout,0.975,149939,7237,0,0
majority,102,source_heldout,0.99,149939,7237,0,0
majority,102,source_heldout,0.995,149939,7237,0,0
majority,102,source_heldout,0.999,149939,7237,0,0
majority,102,target,0.05,263939,82943,0,0
majority,102,target,0.1,263939,82943,0,0
majority,102,target,0.15,263939,82943,0,0
majority,102,target,0.2,263939,82943,0,0
majority,102,target,0.25,263939,82943,0,0
majority,102,target,0.3,263939,82943,0,0
majority,102,target,0.35,263939,82943,0,0
majority,102,target,0.4,263939,82943,0,0
majority,102,target,0.45,263939,82943,0,0
majority,102,target,0.5,263939,82943,0,0
majority,102,target,0.55,263939,82943,0,0
majority,102,target,0.6,263939,82943,0,0
majority,102,target,0.65,263939,82943,0,0
majority,102,target,0.7,263939,82943,0,0
majority,102,target,0.75,263939,82943,0,0
majority,102,target,0.8,263939,82943,0,0
majority,102,target,0.85,263939,82943,0,0
majority,102,target,0.9,263939,82943,0,0
majority,102,target,0.95,263939,82943,0,0
majority,102,target,0.975,263939,82943,0,0
majority,102,target,0.99,263939,82943,0,0
majority,102,target,0.995,263939,82943,0,0
majority,102,target,0.999,263939,82943,0,0
stratified,102,source_heldout,0.05,140786,6754,9153,483
stratified,102,source_heldout,0.1,140786,6754,9153,483
stratified,102,source_heldout,0.15,140786,6754,9153,483
stratified,102,source_heldout,0.2,140786,6754,9153,483
stratified,102,source_heldout,0.25,140786,6754,9153,483
stratified,102,source_heldout,0.3,140786,6754,9153,483
stratified,102,source_heldout,0.35,140786,6754,9153,483
stratified,102,source_heldout,0.4,140786,6754,9153,483
stratified,102,source_heldout,0.45,140786,6754,9153,483
stratified,102,source_heldout,0.5,140786,6754,9153,483
stratified,102,source_heldout,0.55,140786,6754,9153,483
stratified,102,source_heldout,0.6,140786,6754,9153,483
stratified,102,source_heldout,0.65,140786,6754,9153,483
stratified,102,source_heldout,0.7,140786,6754,9153,483
stratified,102,source_heldout,0.75,140786,6754,9153,483
stratified,102,source_heldout,0.8,140786,6754,9153,483
stratified,102,source_heldout,0.85,140786,6754,9153,483
stratified,102,source_heldout,0.9,140786,6754,9153,483
stratified,102,source_heldout,0.95,140786,6754,9153,483
stratified,102,source_heldout,0.975,140786,6754,9153,483
stratified,102,source_heldout,0.99,140786,6754,9153,483
stratified,102,source_heldout,0.995,140786,6754,9153,483
stratified,102,source_heldout,0.999,140786,6754,9153,483
stratified,102,target,0.05,247842,77898,16097,5045
stratified,102,target,0.1,247842,77898,16097,5045
stratified,102,target,0.15,247842,77898,16097,5045
stratified,102,target,0.2,247842,77898,16097,5045
stratified,102,target,0.25,247842,77898,16097,5045
stratified,102,target,0.3,247842,77898,16097,5045
stratified,102,target,0.35,247842,77898,16097,5045
stratified,102,target,0.4,247842,77898,16097,5045
stratified,102,target,0.45,247842,77898,16097,5045
stratified,102,target,0.5,247842,77898,16097,5045
stratified,102,target,0.55,247842,77898,16097,5045
stratified,102,target,0.6,247842,77898,16097,5045
stratified,102,target,0.65,247842,77898,16097,5045
stratified,102,target,0.7,247842,77898,16097,5045
stratified,102,target,0.75,247842,77898,16097,5045
stratified,102,target,0.8,247842,77898,16097,5045
stratified,102,target,0.85,247842,77898,16097,5045
stratified,102,target,0.9,247842,77898,16097,5045
stratified,102,target,0.95,247842,77898,16097,5045
stratified,102,target,0.975,247842,77898,16097,5045
stratified,102,target,0.99,247842,77898,16097,5045
stratified,102,target,0.995,247842,77898,16097,5045
stratified,102,target,0.999,247842,77898,16097,5045
logreg,102,source_heldout,0.05,148583,4524,1356,2713
logreg,102,source_heldout,0.1,147849,4213,2090,3024
logreg,102,source_heldout,0.15,144190,3833,5749,3404
logreg,102,source_heldout,0.2,142625,3204,7314,4033
logreg,102,source_heldout,0.25,142153,2928,7786,4309
logreg,102,source_heldout,0.3,140641,2766,9298,4471
logreg,102,source_heldout,0.35,140136,2589,9803,4648
logreg,102,source_heldout,0.4,137659,1560,12280,5677
logreg,102,source_heldout,0.45,135812,1470,14127,5767
logreg,102,source_heldout,0.5,133974,1415,15965,5822
logreg,102,source_heldout,0.55,103671,1372,46268,5865
logreg,102,source_heldout,0.6,101397,1306,48542,5931
logreg,102,source_heldout,0.65,98918,1211,51021,6026
logreg,102,source_heldout,0.7,98041,1091,51898,6146
logreg,102,source_heldout,0.75,94242,973,55697,6264
logreg,102,source_heldout,0.8,82535,843,67404,6394
logreg,102,source_heldout,0.85,81594,815,68345,6422
logreg,102,source_heldout,0.9,80016,745,69923,6492
logreg,102,source_heldout,0.95,76044,22,73895,7215
logreg,102,source_heldout,0.975,22867,11,127072,7226
logreg,102,source_heldout,0.99,14331,9,135608,7228
logreg,102,source_heldout,0.995,7277,8,142662,7229
logreg,102,source_heldout,0.999,5890,8,144049,7229
logreg,102,target,0.05,229024,74174,34915,8769
logreg,102,target,0.1,190895,67725,73044,15218
logreg,102,target,0.15,143011,57165,120928,25778
logreg,102,target,0.2,134204,52630,129735,30313
logreg,102,target,0.25,111874,41043,152065,41900
logreg,102,target,0.3,105735,35026,158204,47917
logreg,102,target,0.35,91628,24757,172311,58186
logreg,102,target,0.4,87081,20245,176858,62698
logreg,102,target,0.45,77933,14205,186006,68738
logreg,102,target,0.5,71600,10556,192339,72387
logreg,102,target,0.55,47363,5048,216576,77895
logreg,102,target,0.6,31323,2875,232616,80068
logreg,102,target,0.65,11105,2224,252834,80719
logreg,102,target,0.7,8869,1405,255070,81538
logreg,102,target,0.75,8538,902,255401,82041
logreg,102,target,0.8,8518,846,255421,82097
logreg,102,target,0.85,8506,719,255433,82224
logreg,102,target,0.9,5595,258,258344,82685
logreg,102,target,0.95,95,143,263844,82800
logreg,102,target,0.975,0,57,263939,82886
logreg,102,target,0.99,0,40,263939,82903
logreg,102,target,0.995,0,34,263939,82909
logreg,102,target,0.999,0,29,263939,82914
tree,102,source_heldout,0.05,115369,3741,34570,3496
tree,102,source_heldout,0.1,113213,3261,36726,3976
tree,102,source_heldout,0.15,111555,2621,38384,4616
tree,102,source_heldout,0.2,108718,2459,41221,4778
tree,102,source_heldout,0.25,108128,2437,41811,4800
tree,102,source_heldout,0.3,108101,2437,41838,4800
tree,102,source_heldout,0.35,108079,2429,41860,4808
tree,102,source_heldout,0.4,108052,2424,41887,4813
tree,102,source_heldout,0.45,108052,2424,41887,4813
tree,102,source_heldout,0.5,108052,2424,41887,4813
tree,102,source_heldout,0.55,108043,2418,41896,4819
tree,102,source_heldout,0.6,107938,2397,42001,4840
tree,102,source_heldout,0.65,107938,2397,42001,4840
tree,102,source_heldout,0.7,107932,2397,42007,4840
tree,102,source_heldout,0.75,107932,2397,42007,4840
tree,102,source_heldout,0.8,107754,2389,42185,4848
tree,102,source_heldout,0.85,107754,2389,42185,4848
tree,102,source_heldout,0.9,107754,2389,42185,4848
tree,102,source_heldout,0.95,105886,2313,44053,4924
tree,102,source_heldout,0.975,105886,2313,44053,4924
tree,102,source_heldout,0.99,105886,2313,44053,4924
tree,102,source_heldout,0.995,105886,2313,44053,4924
tree,102,source_heldout,0.999,102981,2266,46958,4971
tree,102,target,0.05,203492,72137,60447,10806
tree,102,target,0.1,203191,71922,60748,11021
tree,102,target,0.15,183231,65998,80708,16945
tree,102,target,0.2,183231,65798,80708,17145
tree,102,target,0.25,169400,65791,94539,17152
tree,102,target,0.3,169400,65791,94539,17152
tree,102,target,0.35,169399,65790,94540,17153
tree,102,target,0.4,169399,65786,94540,17157
tree,102,target,0.45,169399,65786,94540,17157
tree,102,target,0.5,169389,65786,94550,17157
tree,102,target,0.55,169389,65785,94550,17158
tree,102,target,0.6,169389,65785,94550,17158
tree,102,target,0.65,169373,65785,94566,17158
tree,102,target,0.7,169373,65783,94566,17160
tree,102,target,0.75,169373,65783,94566,17160
tree,102,target,0.8,169371,65774,94568,17169
tree,102,target,0.85,169371,65774,94568,17169
tree,102,target,0.9,169371,65774,94568,17169
tree,102,target,0.95,167978,65706,95961,17237
tree,102,target,0.975,167978,65706,95961,17237
tree,102,target,0.99,167978,65706,95961,17237
tree,102,target,0.995,167978,65706,95961,17237
tree,102,target,0.999,167935,65557,96004,17386
rf,102,source_heldout,0.05,149783,4645,156,2592
rf,102,source_heldout,0.1,149595,4419,344,2818
rf,102,source_heldout,0.15,149353,4163,586,3074
rf,102,source_heldout,0.2,149014,3932,925,3305
rf,102,source_heldout,0.25,147725,3654,2214,3583
rf,102,source_heldout,0.3,147294,3473,2645,3764
rf,102,source_heldout,0.35,146832,3292,3107,3945
rf,102,source_heldout,0.4,146437,3164,3502,4073
rf,102,source_heldout,0.45,145969,2977,3970,4260
rf,102,source_heldout,0.5,145580,2865,4359,4372
rf,102,source_heldout,0.55,144923,2741,5016,4496
rf,102,source_heldout,0.6,144019,2596,5920,4641
rf,102,source_heldout,0.65,141533,2428,8406,4809
rf,102,source_heldout,0.7,137692,1523,12247,5714
rf,102,source_heldout,0.75,133329,622,16610,6615
rf,102,source_heldout,0.8,114916,498,35023,6739
rf,102,source_heldout,0.85,100621,373,49318,6864
rf,102,source_heldout,0.9,94450,262,55489,6975
rf,102,source_heldout,0.95,92106,181,57833,7056
rf,102,source_heldout,0.975,90904,121,59035,7116
rf,102,source_heldout,0.99,86969,74,62970,7163
rf,102,source_heldout,0.995,85821,58,64118,7179
rf,102,source_heldout,0.999,82508,20,67431,7217
rf,102,target,0.05,256642,82810,7297,133
rf,102,target,0.1,236466,82643,27473,300
rf,102,target,0.15,213393,79471,50546,3472
rf,102,target,0.2,211950,79236,51989,3707
rf,102,target,0.25,210254,78967,53685,3976
rf,102,target,0.3,207003,78180,56936,4763
rf,102,target,0.35,203670,75682,60269,7261
rf,102,target,0.4,200760,73197,63179,9746
rf,102,target,0.45,198990,72440,64949,10503
rf,102,target,0.5,198246,71711,65693,11232
rf,102,target,0.55,197883,71069,66056,11874
rf,102,target,0.6,196500,70576,67439,12367
rf,102,target,0.65,195711,70133,68228,12810
rf,102,target,0.7,195254,69297,68685,13646
rf,102,target,0.75,193819,68778,70120,14165
rf,102,target,0.8,171375,67917,92564,15026
rf,102,target,0.85,68821,16952,195118,65991
rf,102,target,0.9,48978,9782,214961,73161
rf,102,target,0.95,30264,1929,233675,81014
rf,102,target,0.975,26353,1515,237586,81428
rf,102,target,0.99,23926,603,240013,82340
rf,102,target,0.995,23628,582,240311,82361
rf,102,target,0.999,5453,1,258486,82942
xgboost,102,source_heldout,0.05,149544,4051,395,3186
xgboost,102,source_heldout,0.1,148174,3169,1765,4068
xgboost,102,source_heldout,0.15,147379,2709,2560,4528
xgboost,102,source_heldout,0.2,144416,2439,5523,4798
xgboost,102,source_heldout,0.25,142659,2306,7280,4931
xgboost,102,source_heldout,0.3,142311,2184,7628,5053
xgboost,102,source_heldout,0.35,141620,2145,8319,5092
xgboost,102,source_heldout,0.4,141296,2120,8643,5117
xgboost,102,source_heldout,0.45,140790,2059,9149,5178
xgboost,102,source_heldout,0.5,139279,2004,10660,5233
xgboost,102,source_heldout,0.55,138743,1908,11196,5329
xgboost,102,source_heldout,0.6,136770,1234,13169,6003
xgboost,102,source_heldout,0.65,135075,383,14864,6854
xgboost,102,source_heldout,0.7,133979,281,15960,6956
xgboost,102,source_heldout,0.75,133345,251,16594,6986
xgboost,102,source_heldout,0.8,127597,226,22342,7011
xgboost,102,source_heldout,0.85,126918,199,23021,7038
xgboost,102,source_heldout,0.9,125921,148,24018,7089
xgboost,102,source_heldout,0.95,123468,86,26471,7151
xgboost,102,source_heldout,0.975,118784,44,31155,7193
xgboost,102,source_heldout,0.99,83153,14,66786,7223
xgboost,102,source_heldout,0.995,80592,4,69347,7233
xgboost,102,source_heldout,0.999,73415,1,76524,7236
xgboost,102,target,0.05,229003,78959,34936,3984
xgboost,102,target,0.1,220262,77862,43677,5081
xgboost,102,target,0.15,198926,73825,65013,9118
xgboost,102,target,0.2,198564,70814,65375,12129
xgboost,102,target,0.25,198349,70285,65590,12658
xgboost,102,target,0.3,197995,69957,65944,12986
xgboost,102,target,0.35,197788,69569,66151,13374
xgboost,102,target,0.4,177730,69170,86209,13773
xgboost,102,target,0.45,177673,68886,86266,14057
xgboost,102,target,0.5,177670,68769,86269,14174
xgboost,102,target,0.55,177631,68537,86308,14406
xgboost,102,target,0.6,177593,68394,86346,14549
xgboost,102,target,0.65,177518,68322,86421,14621
xgboost,102,target,0.7,176098,68051,87841,14892
xgboost,102,target,0.75,176040,67930,87899,15013
xgboost,102,target,0.8,175798,67811,88141,15132
xgboost,102,target,0.85,173769,67387,90170,15556
xgboost,102,target,0.9,170587,67052,93352,15891
xgboost,102,target,0.95,156904,65399,107035,17544
xgboost,102,target,0.975,132786,51126,131153,31817
xgboost,102,target,0.99,76224,18599,187715,64344
xgboost,102,target,0.995,64762,14953,199177,67990
xgboost,102,target,0.999,15671,4813,248268,78130
hgb,102,source_heldout,0.05,149609,4198,330,3039
hgb,102,source_heldout,0.1,149040,3589,899,3648
hgb,102,source_heldout,0.15,147157,2783,2782,4454
hgb,102,source_heldout,0.2,142314,1660,7625,5577
hgb,102,source_heldout,0.25,140250,1478,9689,5759
hgb,102,source_heldout,0.3,137497,710,12442,6527
hgb,102,source_heldout,0.35,136488,590,13451,6647
hgb,102,source_heldout,0.4,134682,534,15257,6703
hgb,102,source_heldout,0.45,132915,494,17024,6743
hgb,102,source_heldout,0.5,132376,451,17563,6786
hgb,102,source_heldout,0.55,131855,415,18084,6822
hgb,102,source_heldout,0.6,129829,348,20110,6889
hgb,102,source_heldout,0.65,129120,330,20819,6907
hgb,102,source_heldout,0.7,126243,296,23696,6941
hgb,102,source_heldout,0.75,123135,272,26804,6965
hgb,102,source_heldout,0.8,122156,223,27783,7014
hgb,102,source_heldout,0.85,117879,162,32060,7075
hgb,102,source_heldout,0.9,97166,108,52773,7129
hgb,102,source_heldout,0.95,83153,51,66786,7186
hgb,102,source_heldout,0.975,81317,32,68622,7205
hgb,102,source_heldout,0.99,79609,7,70330,7230
hgb,102,source_heldout,0.995,77257,6,72682,7231
hgb,102,source_heldout,0.999,68945,1,80994,7236
hgb,102,target,0.05,220758,78872,43181,4071
hgb,102,target,0.1,218911,77288,45028,5655
hgb,102,target,0.15,198827,71431,65112,11512
hgb,102,target,0.2,198425,70512,65514,12431
hgb,102,target,0.25,197944,69904,65995,13039
hgb,102,target,0.3,197768,69694,66171,13249
hgb,102,target,0.35,197623,69341,66316,13602
hgb,102,target,0.4,197576,69056,66363,13887
hgb,102,target,0.45,177618,68909,86321,14034
hgb,102,target,0.5,177578,68811,86361,14132
hgb,102,target,0.55,177412,68439,86527,14504
hgb,102,target,0.6,175766,68159,88173,14784
hgb,102,target,0.65,170921,67995,93018,14948
hgb,102,target,0.7,167810,67767,96129,15176
hgb,102,target,0.75,164315,67538,99624,15405
hgb,102,target,0.8,160661,67272,103278,15671
hgb,102,target,0.85,160529,67098,103410,15845
hgb,102,target,0.9,160236,66759,103703,16184
hgb,102,target,0.95,158980,66630,104959,16313
hgb,102,target,0.975,154776,66551,109163,16392
hgb,102,target,0.99,145361,62596,118578,20347
hgb,102,target,0.995,74124,33834,189815,49109
hgb,102,target,0.999,41342,10822,222597,72121
mlp,102,source_heldout,0.05,149183,4085,756,3152
mlp,102,source_heldout,0.1,146230,2087,3709,5150
mlp,102,source_heldout,0.15,145607,1675,4332,5562
mlp,102,source_heldout,0.2,142430,1500,7509,5737
mlp,102,source_heldout,0.25,140348,1400,9591,5837
mlp,102,source_heldout,0.3,140141,1361,9798,5876
mlp,102,source_heldout,0.35,139768,1315,10171,5922
mlp,102,source_heldout,0.4,137020,1298,12919,5939
mlp,102,source_heldout,0.45,136777,1219,13162,6018
mlp,102,source_heldout,0.5,136633,1203,13306,6034
mlp,102,source_heldout,0.55,136159,1127,13780,6110
mlp,102,source_heldout,0.6,135779,1069,14160,6168
mlp,102,source_heldout,0.65,135522,1057,14417,6180
mlp,102,source_heldout,0.7,130925,1006,19014,6231
mlp,102,source_heldout,0.75,130229,991,19710,6246
mlp,102,source_heldout,0.8,129358,974,20581,6263
mlp,102,source_heldout,0.85,127004,928,22935,6309
mlp,102,source_heldout,0.9,125004,873,24935,6364
mlp,102,source_heldout,0.95,122409,834,27530,6403
mlp,102,source_heldout,0.975,117776,804,32163,6433
mlp,102,source_heldout,0.99,89616,775,60323,6462
mlp,102,source_heldout,0.995,81351,45,68588,7192
mlp,102,source_heldout,0.999,77886,4,72053,7233
mlp,102,target,0.05,230326,78442,33613,4501
mlp,102,target,0.1,220386,76050,43553,6893
mlp,102,target,0.15,197988,70502,65951,12441
mlp,102,target,0.2,197821,70029,66118,12914
mlp,102,target,0.25,197632,69638,66307,13305
mlp,102,target,0.3,197610,69414,66329,13529
mlp,102,target,0.35,197594,69266,66345,13677
mlp,102,target,0.4,197580,69183,66359,13760
mlp,102,target,0.45,197472,68956,66467,13987
mlp,102,target,0.5,197457,68845,66482,14098
mlp,102,target,0.55,197436,68639,66503,14304
mlp,102,target,0.6,177482,68548,86457,14395
mlp,102,target,0.65,177457,68500,86482,14443
mlp,102,target,0.7,177393,68220,86546,14723
mlp,102,target,0.75,177209,68145,86730,14798
mlp,102,target,0.8,176741,67537,87198,15406
mlp,102,target,0.85,174336,67429,89603,15514
mlp,102,target,0.9,169924,67104,94015,15839
mlp,102,target,0.95,164531,66677,99408,16266
mlp,102,target,0.975,156981,66466,106958,16477
mlp,102,target,0.99,147662,66178,116277,16765
mlp,102,target,0.995,147539,66136,116400,16807
mlp,102,target,0.999,147436,66090,116503,16853
majority,103,source_heldout,0.05,85029,4350,0,0
majority,103,source_heldout,0.1,85029,4350,0,0
majority,103,source_heldout,0.15,85029,4350,0,0
majority,103,source_heldout,0.2,85029,4350,0,0
majority,103,source_heldout,0.25,85029,4350,0,0
majority,103,source_heldout,0.3,85029,4350,0,0
majority,103,source_heldout,0.35,85029,4350,0,0
majority,103,source_heldout,0.4,85029,4350,0,0
majority,103,source_heldout,0.45,85029,4350,0,0
majority,103,source_heldout,0.5,85029,4350,0,0
majority,103,source_heldout,0.55,85029,4350,0,0
majority,103,source_heldout,0.6,85029,4350,0,0
majority,103,source_heldout,0.65,85029,4350,0,0
majority,103,source_heldout,0.7,85029,4350,0,0
majority,103,source_heldout,0.75,85029,4350,0,0
majority,103,source_heldout,0.8,85029,4350,0,0
majority,103,source_heldout,0.85,85029,4350,0,0
majority,103,source_heldout,0.9,85029,4350,0,0
majority,103,source_heldout,0.95,85029,4350,0,0
majority,103,source_heldout,0.975,85029,4350,0,0
majority,103,source_heldout,0.99,85029,4350,0,0
majority,103,source_heldout,0.995,85029,4350,0,0
majority,103,source_heldout,0.999,85029,4350,0,0
majority,103,target,0.05,263939,82943,0,0
majority,103,target,0.1,263939,82943,0,0
majority,103,target,0.15,263939,82943,0,0
majority,103,target,0.2,263939,82943,0,0
majority,103,target,0.25,263939,82943,0,0
majority,103,target,0.3,263939,82943,0,0
majority,103,target,0.35,263939,82943,0,0
majority,103,target,0.4,263939,82943,0,0
majority,103,target,0.45,263939,82943,0,0
majority,103,target,0.5,263939,82943,0,0
majority,103,target,0.55,263939,82943,0,0
majority,103,target,0.6,263939,82943,0,0
majority,103,target,0.65,263939,82943,0,0
majority,103,target,0.7,263939,82943,0,0
majority,103,target,0.75,263939,82943,0,0
majority,103,target,0.8,263939,82943,0,0
majority,103,target,0.85,263939,82943,0,0
majority,103,target,0.9,263939,82943,0,0
majority,103,target,0.95,263939,82943,0,0
majority,103,target,0.975,263939,82943,0,0
majority,103,target,0.99,263939,82943,0,0
majority,103,target,0.995,263939,82943,0,0
majority,103,target,0.999,263939,82943,0,0
stratified,103,source_heldout,0.05,80265,4108,4764,242
stratified,103,source_heldout,0.1,80265,4108,4764,242
stratified,103,source_heldout,0.15,80265,4108,4764,242
stratified,103,source_heldout,0.2,80265,4108,4764,242
stratified,103,source_heldout,0.25,80265,4108,4764,242
stratified,103,source_heldout,0.3,80265,4108,4764,242
stratified,103,source_heldout,0.35,80265,4108,4764,242
stratified,103,source_heldout,0.4,80265,4108,4764,242
stratified,103,source_heldout,0.45,80265,4108,4764,242
stratified,103,source_heldout,0.5,80265,4108,4764,242
stratified,103,source_heldout,0.55,80265,4108,4764,242
stratified,103,source_heldout,0.6,80265,4108,4764,242
stratified,103,source_heldout,0.65,80265,4108,4764,242
stratified,103,source_heldout,0.7,80265,4108,4764,242
stratified,103,source_heldout,0.75,80265,4108,4764,242
stratified,103,source_heldout,0.8,80265,4108,4764,242
stratified,103,source_heldout,0.85,80265,4108,4764,242
stratified,103,source_heldout,0.9,80265,4108,4764,242
stratified,103,source_heldout,0.95,80265,4108,4764,242
stratified,103,source_heldout,0.975,80265,4108,4764,242
stratified,103,source_heldout,0.99,80265,4108,4764,242
stratified,103,source_heldout,0.995,80265,4108,4764,242
stratified,103,source_heldout,0.999,80265,4108,4764,242
stratified,103,target,0.05,249264,78333,14675,4610
stratified,103,target,0.1,249264,78333,14675,4610
stratified,103,target,0.15,249264,78333,14675,4610
stratified,103,target,0.2,249264,78333,14675,4610
stratified,103,target,0.25,249264,78333,14675,4610
stratified,103,target,0.3,249264,78333,14675,4610
stratified,103,target,0.35,249264,78333,14675,4610
stratified,103,target,0.4,249264,78333,14675,4610
stratified,103,target,0.45,249264,78333,14675,4610
stratified,103,target,0.5,249264,78333,14675,4610
stratified,103,target,0.55,249264,78333,14675,4610
stratified,103,target,0.6,249264,78333,14675,4610
stratified,103,target,0.65,249264,78333,14675,4610
stratified,103,target,0.7,249264,78333,14675,4610
stratified,103,target,0.75,249264,78333,14675,4610
stratified,103,target,0.8,249264,78333,14675,4610
stratified,103,target,0.85,249264,78333,14675,4610
stratified,103,target,0.9,249264,78333,14675,4610
stratified,103,target,0.95,249264,78333,14675,4610
stratified,103,target,0.975,249264,78333,14675,4610
stratified,103,target,0.99,249264,78333,14675,4610
stratified,103,target,0.995,249264,78333,14675,4610
stratified,103,target,0.999,249264,78333,14675,4610
logreg,103,source_heldout,0.05,84163,2020,866,2330
logreg,103,source_heldout,0.1,83009,1730,2020,2620
logreg,103,source_heldout,0.15,81906,1560,3123,2790
logreg,103,source_heldout,0.2,81198,1164,3831,3186
logreg,103,source_heldout,0.25,80447,1072,4582,3278
logreg,103,source_heldout,0.3,80353,1010,4676,3340
logreg,103,source_heldout,0.35,80224,969,4805,3381
logreg,103,source_heldout,0.4,79800,894,5229,3456
logreg,103,source_heldout,0.45,79208,860,5821,3490
logreg,103,source_heldout,0.5,78793,847,6236,3503
logreg,103,source_heldout,0.55,78282,697,6747,3653
logreg,103,source_heldout,0.6,73112,675,11917,3675
logreg,103,source_heldout,0.65,58028,662,27001,3688
logreg,103,source_heldout,0.7,57811,653,27218,3697
logreg,103,source_heldout,0.75,57288,452,27741,3898
logreg,103,source_heldout,0.8,55399,212,29630,4138
logreg,103,source_heldout,0.85,52532,96,32497,4254
logreg,103,source_heldout,0.9,47703,45,37326,4305
logreg,103,source_heldout,0.95,12712,23,72317,4327
logreg,103,source_heldout,0.975,11847,14,73182,4336
logreg,103,source_heldout,0.99,5927,13,79102,4337
logreg,103,source_heldout,0.995,3080,12,81949,4338
logreg,103,source_heldout,0.999,2824,6,82205,4344
logreg,103,target,0.05,249718,73607,14221,9336
logreg,103,target,0.1,191684,65845,72255,17098
logreg,103,target,0.15,154689,56647,109250,26296
logreg,103,target,0.2,135353,48082,128586,34861
logreg,103,target,0.25,118607,42031,145332,40912
logreg,103,target,0.3,105437,31665,158502,51278
logreg,103,target,0.35,94980,27056,168959,55887
logreg,103,target,0.4,84677,18843,179262,64100
logreg,103,target,0.45,80666,16028,183273,66915
logreg,103,target,0.5,75229,12328,188710,70615
logreg,103,target,0.55,72605,10580,191334,72363
logreg,103,target,0.6,47391,5300,216548,77643
logreg,103,target,0.65,26934,4705,237005,78238
logreg,103,target,0.7,24436,1876,239503,81067
logreg,103,target,0.75,8540,1482,255399,81461
logreg,103,target,0.8,8531,1264,255408,81679
logreg,103,target,0.85,8523,1085,255416,81858
logreg,103,target,0.9,8517,679,255422,82264
logreg,103,target,0.95,0,47,263939,82896
logreg,103,target,0.975,0,34,263939,82909
logreg,103,target,0.99,0,29,263939,82914
logreg,103,target,0.995,0,27,263939,82916
logreg,103,target,0.999,0,27,263939,82916
tree,103,source_heldout,0.05,83269,1230,1760,3120
tree,103,source_heldout,0.1,82593,986,2436,3364
tree,103,source_heldout,0.15,79848,501,5181,3849
tree,103,source_heldout,0.2,79416,434,5613,3916
tree,103,source_heldout,0.25,79358,408,5671,3942
tree,103,source_heldout,0.3,79278,401,5751,3949
tree,103,source_heldout,0.35,79219,389,5810,3961
tree,103,source_heldout,0.4,79219,389,5810,3961
tree,103,source_heldout,0.45,78828,327,6201,4023
tree,103,source_heldout,0.5,78803,326,6226,4024
tree,103,source_heldout,0.55,78685,314,6344,4036
tree,103,source_heldout,0.6,78685,314,6344,4036
tree,103,source_heldout,0.65,78360,239,6669,4111
tree,103,source_heldout,0.7,77944,228,7085,4122
tree,103,source_heldout,0.75,77942,228,7087,4122
tree,103,source_heldout,0.8,77942,228,7087,4122
tree,103,source_heldout,0.85,77942,228,7087,4122
tree,103,source_heldout,0.9,77920,228,7109,4122
tree,103,source_heldout,0.95,77920,228,7109,4122
tree,103,source_heldout,0.975,77067,219,7962,4131
tree,103,source_heldout,0.99,77067,219,7962,4131
tree,103,source_heldout,0.995,77067,219,7962,4131
tree,103,source_heldout,0.999,77067,219,7962,4131
tree,103,target,0.05,188498,72017,75441,10926
tree,103,target,0.1,188284,71852,75655,11091
tree,103,target,0.15,168267,64183,95672,18760
tree,103,target,0.2,168250,64065,95689,18878
tree,103,target,0.25,168250,64053,95689,18890
tree,103,target,0.3,168250,63680,95689,19263
tree,103,target,0.35,168250,63678,95689,19265
tree,103,target,0.4,168250,63678,95689,19265
tree,103,target,0.45,168240,63678,95699,19265
tree,103,target,0.5,168225,63678,95714,19265
tree,103,target,0.55,168225,63625,95714,19318
tree,103,target,0.6,168225,63625,95714,19318
tree,103,target,0.65,168225,63625,95714,19318
tree,103,target,0.7,168224,63612,95715,19331
tree,103,target,0.75,168224,63612,95715,19331
tree,103,target,0.8,168224,63612,95715,19331
tree,103,target,0.85,168224,63612,95715,19331
tree,103,target,0.9,168224,63612,95715,19331
tree,103,target,0.95,168222,63612,95717,19331
tree,103,target,0.975,148175,62937,115764,20006
tree,103,target,0.99,148175,62893,115764,20050
tree,103,target,0.995,148175,62893,115764,20050
tree,103,target,0.999,148175,62893,115764,20050
rf,103,source_heldout,0.05,84751,3632,278,718
rf,103,source_heldout,0.1,84448,3365,581,985
rf,103,source_heldout,0.15,83456,3180,1573,1170
rf,103,source_heldout,0.2,83359,3010,1670,1340
rf,103,source_heldout,0.25,83245,2846,1784,1504
rf,103,source_heldout,0.3,83100,2729,1929,1621
rf,103,source_heldout,0.35,82791,2585,2238,1765
rf,103,source_heldout,0.4,82582,2481,2447,1869
rf,103,source_heldout,0.45,82153,594,2876,3756
rf,103,source_heldout,0.5,81937,524,3092,3826
rf,103,source_heldout,0.55,81763,481,3266,3869
rf,103,source_heldout,0.6,81659,439,3370,3911
rf,103,source_heldout,0.65,81484,402,3545,3948
rf,103,source_heldout,0.7,80936,371,4093,3979
rf,103,source_heldout,0.75,79769,325,5260,4025
rf,103,source_heldout,0.8,78379,275,6650,4075
rf,103,source_heldout,0.85,77612,237,7417,4113
rf,103,source_heldout,0.9,76149,199,8880,4151
rf,103,source_heldout,0.95,74755,78,10274,4272
rf,103,source_heldout,0.975,73343,29,11686,4321
rf,103,source_heldout,0.99,71555,15,13474,4335
rf,103,source_heldout,0.995,70636,11,14393,4339
rf,103,source_heldout,0.999,67672,0,17357,4350
rf,103,target,0.05,262176,82747,1763,196
rf,103,target,0.1,241974,82499,21965,444
rf,103,target,0.15,217054,79108,46885,3835
rf,103,target,0.2,213922,78738,50017,4205
rf,103,target,0.25,210720,77781,53219,5162
rf,103,target,0.3,209448,74241,54491,8702
rf,103,target,0.35,207231,72921,56708,10022
rf,103,target,0.4,205012,72028,58927,10915
rf,103,target,0.45,203061,71232,60878,11711
rf,103,target,0.5,199447,70612,64492,12331
rf,103,target,0.55,198039,70348,65900,12595
rf,103,target,0.6,197543,69731,66396,13212
rf,103,target,0.65,195681,68974,68258,13969
rf,103,target,0.7,190254,67969,73685,14974
rf,103,target,0.75,188314,67539,75625,15404
rf,103,target,0.8,188207,66970,75732,15973
rf,103,target,0.85,175999,63387,87940,19556
rf,103,target,0.9,122664,55477,141275,27466
rf,103,target,0.95,53809,12200,210130,70743
rf,103,target,0.975,34113,989,229826,81954
rf,103,target,0.99,26982,626,236957,82317
rf,103,target,0.995,26214,601,237725,82342
rf,103,target,0.999,19121,577,244818,82366
xgboost,103,source_heldout,0.05,84877,3157,152,1193
xgboost,103,source_heldout,0.1,83034,885,1995,3465
xgboost,103,source_heldout,0.15,82028,554,3001,3796
xgboost,103,source_heldout,0.2,81264,434,3765,3916
xgboost,103,source_heldout,0.25,80641,387,4388,3963
xgboost,103,source_heldout,0.3,79855,337,5174,4013
xgboost,103,source_heldout,0.35,79296,308,5733,4042
xgboost,103,source_heldout,0.4,78323,278,6706,4072
xgboost,103,source_heldout,0.45,78164,262,6865,4088
xgboost,103,source_heldout,0.5,77956,239,7073,4111
xgboost,103,source_heldout,0.55,77426,217,7603,4133
xgboost,103,source_heldout,0.6,77001,180,8028,4170
xgboost,103,source_heldout,0.65,76663,133,8366,4217
xgboost,103,source_heldout,0.7,75943,110,9086,4240
xgboost,103,source_heldout,0.75,75678,99,9351,4251
xgboost,103,source_heldout,0.8,75287,94,9742,4256
xgboost,103,source_heldout,0.85,75056,85,9973,4265
xgboost,103,source_heldout,0.9,74675,77,10354,4273
xgboost,103,source_heldout,0.95,74142,74,10887,4276
xgboost,103,source_heldout,0.975,73117,68,11912,4282
xgboost,103,source_heldout,0.99,71461,64,13568,4286
xgboost,103,source_heldout,0.995,70653,62,14376,4288
xgboost,103,source_heldout,0.999,59666,52,25363,4298
xgboost,103,target,0.05,233965,78148,29974,4795
xgboost,103,target,0.1,224689,76277,39250,6666
xgboost,103,target,0.15,198995,70421,64944,12522
xgboost,103,target,0.2,198349,69967,65590,12976
xgboost,103,target,0.25,197909,69522,66030,13421
xgboost,103,target,0.3,197722,69082,66217,13861
xgboost,103,target,0.35,197632,68859,66307,14084
xgboost,103,target,0.4,197595,68729,66344,14214
xgboost,103,target,0.45,197568,68604,66371,14339
xgboost,103,target,0.5,197554,68538,66385,14405
xgboost,103,target,0.55,197508,68480,66431,14463
xgboost,103,target,0.6,195070,67947,68869,14996
xgboost,103,target,0.65,193350,67844,70589,15099
xgboost,103,target,0.7,189987,67149,73952,15794
xgboost,103,target,0.75,187414,66803,76525,16140
xgboost,103,target,0.8,185588,66231,78351,16712
xgboost,103,target,0.85,182725,65908,81214,17035
xgboost,103,target,0.9,172607,65191,91332,17752
xgboost,103,target,0.95,162092,62791,101847,20152
xgboost,103,target,0.975,139137,47806,124802,35137
xgboost,103,target,0.99,59493,17119,204446,65824
xgboost,103,target,0.995,45300,8110,218639,74833
xgboost,103,target,0.999,9816,4243,254123,78700
hgb,103,source_heldout,0.05,84708,1443,321,2907
hgb,103,source_heldout,0.1,81478,846,3551,3504
hgb,103,source_heldout,0.15,80485,586,4544,3764
hgb,103,source_heldout,0.2,78918,505,6111,3845
hgb,103,source_heldout,0.25,78753,428,6276,3922
hgb,103,source_heldout,0.3,78561,380,6468,3970
hgb,103,source_heldout,0.35,78383,335,6646,4015
hgb,103,source_heldout,0.4,78285,326,6744,4024
hgb,103,source_heldout,0.45,78114,290,6915,4060
hgb,103,source_heldout,0.5,77862,236,7167,4114
hgb,103,source_heldout,0.55,77549,204,7480,4146
hgb,103,source_heldout,0.6,77279,175,7750,4175
hgb,103,source_heldout,0.65,76880,110,8149,4240
hgb,103,source_heldout,0.7,76387,103,8642,4247
hgb,103,source_heldout,0.75,76190,96,8839,4254
hgb,103,source_heldout,0.8,75247,87,9782,4263
hgb,103,source_heldout,0.85,74943,78,10086,4272
hgb,103,source_heldout,0.9,74314,72,10715,4278
hgb,103,source_heldout,0.95,73322,72,11707,4278
hgb,103,source_heldout,0.975,71773,70,13256,4280
hgb,103,source_heldout,0.99,70529,65,14500,4285
hgb,103,source_heldout,0.995,68905,62,16124,4288
hgb,103,source_heldout,0.999,52832,53,32197,4297
hgb,103,target,0.05,226738,78685,37201,4258
hgb,103,target,0.1,220010,76663,43929,6280
hgb,103,target,0.15,198378,70513,65561,12430
hgb,103,target,0.2,198030,70182,65909,12761
hgb,103,target,0.25,197921,69760,66018,13183
hgb,103,target,0.3,197892,69551,66047,13392
hgb,103,target,0.35,197771,69375,66168,13568
hgb,103,target,0.4,197730,69158,66209,13785
hgb,103,target,0.45,197664,68723,66275,14220
hgb,103,target,0.5,197608,68423,66331,14520
hgb,103,target,0.55,197558,68168,66381,14775
hgb,103,target,0.6,197553,67743,66386,15200
hgb,103,target,0.65,197475,67581,66464,15362
hgb,103,target,0.7,197253,67304,66686,15639
hgb,103,target,0.75,195965,67193,67974,15750
hgb,103,target,0.8,193074,67124,70865,15819
hgb,103,target,0.85,187892,67048,76047,15895
hgb,103,target,0.9,181973,66798,81966,16145
hgb,103,target,0.95,177379,66671,86560,16272
hgb,103,target,0.975,177291,66620,86648,16323
hgb,103,target,0.99,150757,65892,113182,17051
hgb,103,target,0.995,145407,65038,118532,17905
hgb,103,target,0.999,51451,20295,212488,62648
mlp,103,source_heldout,0.05,84751,1549,278,2801
mlp,103,source_heldout,0.1,84058,1091,971,3259
mlp,103,source_heldout,0.15,82737,735,2292,3615
mlp,103,source_heldout,0.2,80130,601,4899,3749
mlp,103,source_heldout,0.25,79928,542,5101,3808
mlp,103,source_heldout,0.3,79790,484,5239,3866
mlp,103,source_heldout,0.35,79569,431,5460,3919
mlp,103,source_heldout,0.4,79324,374,5705,3976
mlp,103,source_heldout,0.45,79084,344,5945,4006
mlp,103,source_heldout,0.5,78834,314,6195,4036
mlp,103,source_heldout,0.55,78535,267,6494,4083
mlp,103,source_heldout,0.6,78358,247,6671,4103
mlp,103,source_heldout,0.65,77903,154,7126,4196
mlp,103,source_heldout,0.7,77792,136,7237,4214
mlp,103,source_heldout,0.75,77538,124,7491,4226
mlp,103,source_heldout,0.8,77065,117,7964,4233
mlp,103,source_heldout,0.85,76285,109,8744,4241
mlp,103,source_heldout,0.9,75694,102,9335,4248
mlp,103,source_heldout,0.95,74613,91,10416,4259
mlp,103,source_heldout,0.975,68922,85,16107,4265
mlp,103,source_heldout,0.99,63309,71,21720,4279
mlp,103,source_heldout,0.995,58284,65,26745,4285
mlp,103,source_heldout,0.999,33433,59,51596,4291
mlp,103,target,0.05,217973,77652,45966,5291
mlp,103,target,0.1,217830,76827,46109,6116
mlp,103,target,0.15,197696,69841,66243,13102
mlp,103,target,0.2,197628,69738,66311,13205
mlp,103,target,0.25,197623,69252,66316,13691
mlp,103,target,0.3,197565,69124,66374,13819
mlp,103,target,0.35,197553,69046,66386,13897
mlp,103,target,0.4,197548,68812,66391,14131
mlp,103,target,0.45,197546,68754,66393,14189
mlp,103,target,0.5,197531,68677,66408,14266
mlp,103,target,0.55,197524,68586,66415,14357
mlp,103,target,0.6,197496,68234,66443,14709
mlp,103,target,0.65,197460,68110,66479,14833
mlp,103,target,0.7,197457,68056,66482,14887
mlp,103,target,0.75,197455,67919,66484,15024
mlp,103,target,0.8,197455,67644,66484,15299
mlp,103,target,0.85,197421,67595,66518,15348
mlp,103,target,0.9,177462,67496,86477,15447
mlp,103,target,0.95,161853,67132,102086,15811
mlp,103,target,0.975,149046,66822,114893,16121
mlp,103,target,0.99,149013,66793,114926,16150
mlp,103,target,0.995,147589,66545,116350,16398
mlp,103,target,0.999,105486,35874,158453,47069
majority,104,source_heldout,0.05,97763,1227,0,0
majority,104,source_heldout,0.1,97763,1227,0,0
majority,104,source_heldout,0.15,97763,1227,0,0
majority,104,source_heldout,0.2,97763,1227,0,0
majority,104,source_heldout,0.25,97763,1227,0,0
majority,104,source_heldout,0.3,97763,1227,0,0
majority,104,source_heldout,0.35,97763,1227,0,0
majority,104,source_heldout,0.4,97763,1227,0,0
majority,104,source_heldout,0.45,97763,1227,0,0
majority,104,source_heldout,0.5,97763,1227,0,0
majority,104,source_heldout,0.55,97763,1227,0,0
majority,104,source_heldout,0.6,97763,1227,0,0
majority,104,source_heldout,0.65,97763,1227,0,0
majority,104,source_heldout,0.7,97763,1227,0,0
majority,104,source_heldout,0.75,97763,1227,0,0
majority,104,source_heldout,0.8,97763,1227,0,0
majority,104,source_heldout,0.85,97763,1227,0,0
majority,104,source_heldout,0.9,97763,1227,0,0
majority,104,source_heldout,0.95,97763,1227,0,0
majority,104,source_heldout,0.975,97763,1227,0,0
majority,104,source_heldout,0.99,97763,1227,0,0
majority,104,source_heldout,0.995,97763,1227,0,0
majority,104,source_heldout,0.999,97763,1227,0,0
majority,104,target,0.05,263939,82943,0,0
majority,104,target,0.1,263939,82943,0,0
majority,104,target,0.15,263939,82943,0,0
majority,104,target,0.2,263939,82943,0,0
majority,104,target,0.25,263939,82943,0,0
majority,104,target,0.3,263939,82943,0,0
majority,104,target,0.35,263939,82943,0,0
majority,104,target,0.4,263939,82943,0,0
majority,104,target,0.45,263939,82943,0,0
majority,104,target,0.5,263939,82943,0,0
majority,104,target,0.55,263939,82943,0,0
majority,104,target,0.6,263939,82943,0,0
majority,104,target,0.65,263939,82943,0,0
majority,104,target,0.7,263939,82943,0,0
majority,104,target,0.75,263939,82943,0,0
majority,104,target,0.8,263939,82943,0,0
majority,104,target,0.85,263939,82943,0,0
majority,104,target,0.9,263939,82943,0,0
majority,104,target,0.95,263939,82943,0,0
majority,104,target,0.975,263939,82943,0,0
majority,104,target,0.99,263939,82943,0,0
majority,104,target,0.995,263939,82943,0,0
majority,104,target,0.999,263939,82943,0,0
stratified,104,source_heldout,0.05,90480,1138,7283,89
stratified,104,source_heldout,0.1,90480,1138,7283,89
stratified,104,source_heldout,0.15,90480,1138,7283,89
stratified,104,source_heldout,0.2,90480,1138,7283,89
stratified,104,source_heldout,0.25,90480,1138,7283,89
stratified,104,source_heldout,0.3,90480,1138,7283,89
stratified,104,source_heldout,0.35,90480,1138,7283,89
stratified,104,source_heldout,0.4,90480,1138,7283,89
stratified,104,source_heldout,0.45,90480,1138,7283,89
stratified,104,source_heldout,0.5,90480,1138,7283,89
stratified,104,source_heldout,0.55,90480,1138,7283,89
stratified,104,source_heldout,0.6,90480,1138,7283,89
stratified,104,source_heldout,0.65,90480,1138,7283,89
stratified,104,source_heldout,0.7,90480,1138,7283,89
stratified,104,source_heldout,0.75,90480,1138,7283,89
stratified,104,source_heldout,0.8,90480,1138,7283,89
stratified,104,source_heldout,0.85,90480,1138,7283,89
stratified,104,source_heldout,0.9,90480,1138,7283,89
stratified,104,source_heldout,0.95,90480,1138,7283,89
stratified,104,source_heldout,0.975,90480,1138,7283,89
stratified,104,source_heldout,0.99,90480,1138,7283,89
stratified,104,source_heldout,0.995,90480,1138,7283,89
stratified,104,source_heldout,0.999,90480,1138,7283,89
stratified,104,target,0.05,244432,76836,19507,6107
stratified,104,target,0.1,244432,76836,19507,6107
stratified,104,target,0.15,244432,76836,19507,6107
stratified,104,target,0.2,244432,76836,19507,6107
stratified,104,target,0.25,244432,76836,19507,6107
stratified,104,target,0.3,244432,76836,19507,6107
stratified,104,target,0.35,244432,76836,19507,6107
stratified,104,target,0.4,244432,76836,19507,6107
stratified,104,target,0.45,244432,76836,19507,6107
stratified,104,target,0.5,244432,76836,19507,6107
stratified,104,target,0.55,244432,76836,19507,6107
stratified,104,target,0.6,244432,76836,19507,6107
stratified,104,target,0.65,244432,76836,19507,6107
stratified,104,target,0.7,244432,76836,19507,6107
stratified,104,target,0.75,244432,76836,19507,6107
stratified,104,target,0.8,244432,76836,19507,6107
stratified,104,target,0.85,244432,76836,19507,6107
stratified,104,target,0.9,244432,76836,19507,6107
stratified,104,target,0.95,244432,76836,19507,6107
stratified,104,target,0.975,244432,76836,19507,6107
stratified,104,target,0.99,244432,76836,19507,6107
stratified,104,target,0.995,244432,76836,19507,6107
stratified,104,target,0.999,244432,76836,19507,6107
logreg,104,source_heldout,0.05,96835,1036,928,191
logreg,104,source_heldout,0.1,95484,882,2279,345
logreg,104,source_heldout,0.15,95159,814,2604,413
logreg,104,source_heldout,0.2,93293,517,4470,710
logreg,104,source_heldout,0.25,91673,450,6090,777
logreg,104,source_heldout,0.3,91247,422,6516,805
logreg,104,source_heldout,0.35,90771,401,6992,826
logreg,104,source_heldout,0.4,89115,334,8648,893
logreg,104,source_heldout,0.45,85954,311,11809,916
logreg,104,source_heldout,0.5,85353,286,12410,941
logreg,104,source_heldout,0.55,84885,246,12878,981
logreg,104,source_heldout,0.6,84524,240,13239,987
logreg,104,source_heldout,0.65,81275,229,16488,998
logreg,104,source_heldout,0.7,80472,208,17291,1019
logreg,104,source_heldout,0.75,78201,159,19562,1068
logreg,104,source_heldout,0.8,56189,110,41574,1117
logreg,104,source_heldout,0.85,55104,99,42659,1128
logreg,104,source_heldout,0.9,51103,78,46660,1149
logreg,104,source_heldout,0.95,4725,20,93038,1207
logreg,104,source_heldout,0.975,3056,14,94707,1213
logreg,104,source_heldout,0.99,1392,10,96371,1217
logreg,104,source_heldout,0.995,1187,9,96576,1218
logreg,104,source_heldout,0.999,754,8,97009,1219
logreg,104,target,0.05,201658,62286,62281,20657
logreg,104,target,0.1,157724,46579,106215,36364
logreg,104,target,0.15,131445,33681,132494,49262
logreg,104,target,0.2,101582,28268,162357,54675
logreg,104,target,0.25,86948,19114,176991,63829
logreg,104,target,0.3,79567,14683,184372,68260
logreg,104,target,0.35,75242,11774,188697,71169
logreg,104,target,0.4,71954,9795,191985,73148
logreg,104,target,0.45,68166,9096,195773,73847
logreg,104,target,0.5,67212,8548,196727,74395
logreg,104,target,0.55,66636,8307,197303,74636
logreg,104,target,0.6,65826,7768,198113,75175
logreg,104,target,0.65,65749,7261,198190,75682
logreg,104,target,0.7,65701,7007,198238,75936
logreg,104,target,0.75,45237,3015,218702,79928
logreg,104,target,0.8,11932,1491,252007,81452
logreg,104,target,0.85,8528,1328,255411,81615
logreg,104,target,0.9,8517,773,255422,82170
logreg,104,target,0.95,0,197,263939,82746
logreg,104,target,0.975,0,91,263939,82852
logreg,104,target,0.99,0,69,263939,82874
logreg,104,target,0.995,0,69,263939,82874
logreg,104,target,0.999,0,67,263939,82876
tree,104,source_heldout,0.05,75412,421,22351,806
tree,104,source_heldout,0.1,74092,289,23671,938
tree,104,source_heldout,0.15,73733,250,24030,977
tree,104,source_heldout,0.2,73725,248,24038,979
tree,104,source_heldout,0.25,73640,245,24123,982
tree,104,source_heldout,0.3,72493,175,25270,1052
tree,104,source_heldout,0.35,72475,175,25288,1052
tree,104,source_heldout,0.4,71627,172,26136,1055
tree,104,source_heldout,0.45,71623,168,26140,1059
tree,104,source_heldout,0.5,71621,168,26142,1059
tree,104,source_heldout,0.55,71270,136,26493,1091
tree,104,source_heldout,0.6,71270,136,26493,1091
tree,104,source_heldout,0.65,71217,136,26546,1091
tree,104,source_heldout,0.7,71217,136,26546,1091
tree,104,source_heldout,0.75,71217,136,26546,1091
tree,104,source_heldout,0.8,71170,124,26593,1103
tree,104,source_heldout,0.85,71170,124,26593,1103
tree,104,source_heldout,0.9,71170,124,26593,1103
tree,104,source_heldout,0.95,69206,117,28557,1110
tree,104,source_heldout,0.975,69009,117,28754,1110
tree,104,source_heldout,0.99,69009,117,28754,1110
tree,104,source_heldout,0.995,69009,117,28754,1110
tree,104,source_heldout,0.999,68204,117,29559,1110
tree,104,target,0.05,139040,70376,124899,12567
tree,104,target,0.1,138799,68432,125140,14511
tree,104,target,0.15,137175,68073,126764,14870
tree,104,target,0.2,136952,68051,126987,14892
tree,104,target,0.25,136952,68051,126987,14892
tree,104,target,0.3,136952,67764,126987,15179
tree,104,target,0.35,136952,67757,126987,15186
tree,104,target,0.4,136951,67750,126988,15193
tree,104,target,0.45,136011,67729,127928,15214
tree,104,target,0.5,136011,67729,127928,15214
tree,104,target,0.55,135783,67640,128156,15303
tree,104,target,0.6,135783,67640,128156,15303
tree,104,target,0.65,135782,67624,128157,15319
tree,104,target,0.7,135782,67624,128157,15319
tree,104,target,0.75,135782,67624,128157,15319
tree,104,target,0.8,135782,67622,128157,15321
tree,104,target,0.85,135782,67622,128157,15321
tree,104,target,0.9,135782,67622,128157,15321
tree,104,target,0.95,135775,67561,128164,15382
tree,104,target,0.975,135775,67401,128164,15542
tree,104,target,0.99,135775,67401,128164,15542
tree,104,target,0.995,135775,67401,128164,15542
tree,104,target,0.999,135775,67401,128164,15542
rf,104,source_heldout,0.05,94571,743,3192,484
rf,104,source_heldout,0.1,94414,623,3349,604
rf,104,source_heldout,0.15,93634,497,4129,730
rf,104,source_heldout,0.2,93429,409,4334,818
rf,104,source_heldout,0.25,79619,353,18144,874
rf,104,source_heldout,0.3,76617,305,21146,922
rf,104,source_heldout,0.35,76305,259,21458,968
rf,104,source_heldout,0.4,74998,225,22765,1002
rf,104,source_heldout,0.45,74270,203,23493,1024
rf,104,source_heldout,0.5,73105,188,24658,1039
rf,104,source_heldout,0.55,69861,150,27902,1077
rf,104,source_heldout,0.6,68487,118,29276,1109
rf,104,source_heldout,0.65,67935,83,29828,1144
rf,104,source_heldout,0.7,66268,63,31495,1164
rf,104,source_heldout,0.75,57994,54,39769,1173
rf,104,source_heldout,0.8,55961,31,41802,1196
rf,104,source_heldout,0.85,48349,21,49414,1206
rf,104,source_heldout,0.9,44131,8,53632,1219
rf,104,source_heldout,0.95,16035,3,81728,1224
rf,104,source_heldout,0.975,13535,2,84228,1225
rf,104,source_heldout,0.99,11126,0,86637,1227
rf,104,source_heldout,0.995,9675,0,88088,1227
rf,104,source_heldout,0.999,7234,0,90529,1227
rf,104,target,0.05,222204,79483,41735,3460
rf,104,target,0.1,213410,78745,50529,4198
rf,104,target,0.15,199218,75818,64721,7125
rf,104,target,0.2,193902,75032,70037,7911
rf,104,target,0.25,189883,73921,74056,9022
rf,104,target,0.3,189186,71443,74753,11500
rf,104,target,0.35,189120,70086,74819,12857
rf,104,target,0.4,167719,69368,96220,13575
rf,104,target,0.45,167602,69136,96337,13807
rf,104,target,0.5,160938,67696,103001,15247
rf,104,target,0.55,157898,67107,106041,15836
rf,104,target,0.6,136195,66022,127744,16921
rf,104,target,0.65,128614,64927,135325,18016
rf,104,target,0.7,125767,64039,138172,18904
rf,104,target,0.75,109231,59370,154708,23573
rf,104,target,0.8,98149,53567,165790,29376
rf,104,target,0.85,67604,45819,196335,37124
rf,104,target,0.9,2568,2100,261371,80843
rf,104,target,0.95,21,66,263918,82877
rf,104,target,0.975,8,23,263931,82920
rf,104,target,0.99,7,5,263932,82938
rf,104,target,0.995,5,2,263934,82941
rf,104,target,0.999,0,0,263939,82943
xgboost,104,source_heldout,0.05,92564,348,5199,879
xgboost,104,source_heldout,0.1,91362,253,6401,974
xgboost,104,source_heldout,0.15,88415,187,9348,1040
xgboost,104,source_heldout,0.2,78166,149,19597,1078
xgboost,104,source_heldout,0.25,74851,125,22912,1102
xgboost,104,source_heldout,0.3,74258,116,23505,1111
xgboost,104,source_heldout,0.35,73936,109,23827,1118
xgboost,104,source_heldout,0.4,73398,80,24365,1147
xgboost,104,source_heldout,0.45,72521,64,25242,1163
xgboost,104,source_heldout,0.5,72266,53,25497,1174
xgboost,104,source_heldout,0.55,72041,48,25722,1179
xgboost,104,source_heldout,0.6,71848,44,25915,1183
xgboost,104,source_heldout,0.65,71411,37,26352,1190
xgboost,104,source_heldout,0.7,68589,35,29174,1192
xgboost,104,source_heldout,0.75,64688,27,33075,1200
xgboost,104,source_heldout,0.8,64172,20,33591,1207
xgboost,104,source_heldout,0.85,62302,17,35461,1210
xgboost,104,source_heldout,0.9,57060,9,40703,1218
xgboost,104,source_heldout,0.95,28966,6,68797,1221
xgboost,104,source_heldout,0.975,23744,1,74019,1226
xgboost,104,source_heldout,0.99,21617,0,76146,1227
xgboost,104,source_heldout,0.995,15110,0,82653,1227
xgboost,104,source_heldout,0.999,11758,0,86005,1227
xgboost,104,target,0.05,198159,72851,65780,10092
xgboost,104,target,0.1,189163,70552,74776,12391
xgboost,104,target,0.15,187664,69330,76275,13613
xgboost,104,target,0.2,187381,69039,76558,13904
xgboost,104,target,0.25,187188,68755,76751,14188
xgboost,104,target,0.3,186486,68406,77453,14537
xgboost,104,target,0.35,185759,68202,78180,14741
xgboost,104,target,0.4,185677,67797,78262,15146
xgboost,104,target,0.45,181003,67170,82936,15773
xgboost,104,target,0.5,180947,67123,82992,15820
xgboost,104,target,0.55,180812,67004,83127,15939
xgboost,104,target,0.6,177958,66941,85981,16002
xgboost,104,target,0.65,177277,66786,86662,16157
xgboost,104,target,0.7,176183,66548,87756,16395
xgboost,104,target,0.75,170518,65946,93421,16997
xgboost,104,target,0.8,164155,65568,99784,17375
xgboost,104,target,0.85,160162,65104,103777,17839
xgboost,104,target,0.9,132392,63676,131547,19267
xgboost,104,target,0.95,102141,55293,161798,27650
xgboost,104,target,0.975,92370,49558,171569,33385
xgboost,104,target,0.99,62426,38042,201513,44901
xgboost,104,target,0.995,22770,12397,241169,70546
xgboost,104,target,0.999,3305,390,260634,82553
hgb,104,source_heldout,0.05,92632,391,5131,836
hgb,104,source_heldout,0.1,76311,272,21452,955
hgb,104,source_heldout,0.15,75510,213,22253,1014
hgb,104,source_heldout,0.2,75164,183,22599,1044
hgb,104,source_heldout,0.25,74960,164,22803,1063
hgb,104,source_heldout,0.3,74294,131,23469,1096
hgb,104,source_heldout,0.35,73354,119,24409,1108
hgb,104,source_heldout,0.4,73140,103,24623,1124
hgb,104,source_heldout,0.45,72844,92,24919,1135
hgb,104,source_heldout,0.5,72380,77,25383,1150
hgb,104,source_heldout,0.55,72074,63,25689,1164
hgb,104,source_heldout,0.6,71563,48,26200,1179
hgb,104,source_heldout,0.65,66354,34,31409,1193
hgb,104,source_heldout,0.7,50530,31,47233,1196
hgb,104,source_heldout,0.75,45191,23,52572,1204
hgb,104,source_heldout,0.8,44502,19,53261,1208
hgb,104,source_heldout,0.85,43277,13,54486,1214
hgb,104,source_heldout,0.9,39823,7,57940,1220
hgb,104,source_heldout,0.95,33179,5,64584,1222
hgb,104,source_heldout,0.975,32256,3,65507,1224
hgb,104,source_heldout,0.99,25156,1,72607,1226
hgb,104,source_heldout,0.995,20891,0,76872,1227
hgb,104,source_heldout,0.999,15740,0,82023,1227
hgb,104,target,0.05,201305,73219,62634,9724
hgb,104,target,0.1,198269,70103,65670,12840
hgb,104,target,0.15,197401,69203,66538,13740
hgb,104,target,0.2,194437,69005,69502,13938
hgb,104,target,0.25,194184,68719,69755,14224
hgb,104,target,0.3,192768,68644,71171,14299
hgb,104,target,0.35,192729,68541,71210,14402
hgb,104,target,0.4,192627,68359,71312,14584
hgb,104,target,0.45,192602,68193,71337,14750
hgb,104,target,0.5,192569,68071,71370,14872
hgb,104,target,0.55,192531,67999,71408,14944
hgb,104,target,0.6,192448,67960,71491,14983
hgb,104,target,0.65,192341,67886,71598,15057
hgb,104,target,0.7,190905,67792,73034,15151
hgb,104,target,0.75,186622,67573,77317,15370
hgb,104,target,0.8,180165,67336,83774,15607
hgb,104,target,0.85,173319,66997,90620,15946
hgb,104,target,0.9,168556,66682,95383,16261
hgb,104,target,0.95,146241,66423,117698,16520
hgb,104,target,0.975,138796,64895,125143,18048
hgb,104,target,0.99,136248,63902,127691,19041
hgb,104,target,0.995,127533,62655,136406,20288
hgb,104,target,0.999,89515,50080,174424,32863
mlp,104,source_heldout,0.05,96071,698,1692,529
mlp,104,source_heldout,0.1,95127,535,2636,692
mlp,104,source_heldout,0.15,94831,416,2932,811
mlp,104,source_heldout,0.2,94658,356,3105,871
mlp,104,source_heldout,0.25,94419,332,3344,895
mlp,104,source_heldout,0.3,93247,282,4516,945
mlp,104,source_heldout,0.35,90953,167,6810,1060
mlp,104,source_heldout,0.4,89938,139,7825,1088
mlp,104,source_heldout,0.45,89087,118,8676,1109
mlp,104,source_heldout,0.5,88209,108,9554,1119
mlp,104,source_heldout,0.55,87880,94,9883,1133
mlp,104,source_heldout,0.6,87472,81,10291,1146
mlp,104,source_heldout,0.65,87044,78,10719,1149
mlp,104,source_heldout,0.7,77563,61,20200,1166
mlp,104,source_heldout,0.75,71825,42,25938,1185
mlp,104,source_heldout,0.8,69862,36,27901,1191
mlp,104,source_heldout,0.85,65178,32,32585,1195
mlp,104,source_heldout,0.9,61869,28,35894,1199
mlp,104,source_heldout,0.95,60184,18,37579,1209
mlp,104,source_heldout,0.975,58497,10,39266,1217
mlp,104,source_heldout,0.99,45521,9,52242,1218
mlp,104,source_heldout,0.995,9408,9,88355,1218
mlp,104,source_heldout,0.999,1404,9,96359,1218
mlp,104,target,0.05,218036,77883,45903,5060
mlp,104,target,0.1,198021,72833,65918,10110
mlp,104,target,0.15,197950,69838,65989,13105
mlp,104,target,0.2,197727,69119,66212,13824
mlp,104,target,0.25,197629,68899,66310,14044
mlp,104,target,0.3,197580,68470,66359,14473
mlp,104,target,0.35,197460,68282,66479,14661
mlp,104,target,0.4,196808,67870,67131,15073
mlp,104,target,0.45,192243,67421,71696,15522
mlp,104,target,0.5,190359,66740,73580,16203
mlp,104,target,0.55,189224,66634,74715,16309
mlp,104,target,0.6,165885,65527,98054,17416
mlp,104,target,0.65,157577,63944,106362,18999
mlp,104,target,0.7,155683,63718,108256,19225
mlp,104,target,0.75,137409,57948,126530,24995
mlp,104,target,0.8,133358,57524,130581,25419
mlp,104,target,0.85,105634,46323,158305,36620
mlp,104,target,0.9,59575,31693,204364,51250
mlp,104,target,0.95,3427,2846,260512,80097
mlp,104,target,0.975,34,124,263905,82819
mlp,104,target,0.99,0,81,263939,82862
mlp,104,target,0.995,0,72,263939,82871
mlp,104,target,0.999,0,46,263939,82897
majority,105,source_heldout,0.05,89098,99,0,0
majority,105,source_heldout,0.1,89098,99,0,0
majority,105,source_heldout,0.15,89098,99,0,0
majority,105,source_heldout,0.2,89098,99,0,0
majority,105,source_heldout,0.25,89098,99,0,0
majority,105,source_heldout,0.3,89098,99,0,0
majority,105,source_heldout,0.35,89098,99,0,0
majority,105,source_heldout,0.4,89098,99,0,0
majority,105,source_heldout,0.45,89098,99,0,0
majority,105,source_heldout,0.5,89098,99,0,0
majority,105,source_heldout,0.55,89098,99,0,0
majority,105,source_heldout,0.6,89098,99,0,0
majority,105,source_heldout,0.65,89098,99,0,0
majority,105,source_heldout,0.7,89098,99,0,0
majority,105,source_heldout,0.75,89098,99,0,0
majority,105,source_heldout,0.8,89098,99,0,0
majority,105,source_heldout,0.85,89098,99,0,0
majority,105,source_heldout,0.9,89098,99,0,0
majority,105,source_heldout,0.95,89098,99,0,0
majority,105,source_heldout,0.975,89098,99,0,0
majority,105,source_heldout,0.99,89098,99,0,0
majority,105,source_heldout,0.995,89098,99,0,0
majority,105,source_heldout,0.999,89098,99,0,0
majority,105,target,0.05,263939,82943,0,0
majority,105,target,0.1,263939,82943,0,0
majority,105,target,0.15,263939,82943,0,0
majority,105,target,0.2,263939,82943,0,0
majority,105,target,0.25,263939,82943,0,0
majority,105,target,0.3,263939,82943,0,0
majority,105,target,0.35,263939,82943,0,0
majority,105,target,0.4,263939,82943,0,0
majority,105,target,0.45,263939,82943,0,0
majority,105,target,0.5,263939,82943,0,0
majority,105,target,0.55,263939,82943,0,0
majority,105,target,0.6,263939,82943,0,0
majority,105,target,0.65,263939,82943,0,0
majority,105,target,0.7,263939,82943,0,0
majority,105,target,0.75,263939,82943,0,0
majority,105,target,0.8,263939,82943,0,0
majority,105,target,0.85,263939,82943,0,0
majority,105,target,0.9,263939,82943,0,0
majority,105,target,0.95,263939,82943,0,0
majority,105,target,0.975,263939,82943,0,0
majority,105,target,0.99,263939,82943,0,0
majority,105,target,0.995,263939,82943,0,0
majority,105,target,0.999,263939,82943,0,0
stratified,105,source_heldout,0.05,82315,91,6783,8
stratified,105,source_heldout,0.1,82315,91,6783,8
stratified,105,source_heldout,0.15,82315,91,6783,8
stratified,105,source_heldout,0.2,82315,91,6783,8
stratified,105,source_heldout,0.25,82315,91,6783,8
stratified,105,source_heldout,0.3,82315,91,6783,8
stratified,105,source_heldout,0.35,82315,91,6783,8
stratified,105,source_heldout,0.4,82315,91,6783,8
stratified,105,source_heldout,0.45,82315,91,6783,8
stratified,105,source_heldout,0.5,82315,91,6783,8
stratified,105,source_heldout,0.55,82315,91,6783,8
stratified,105,source_heldout,0.6,82315,91,6783,8
stratified,105,source_heldout,0.65,82315,91,6783,8
stratified,105,source_heldout,0.7,82315,91,6783,8
stratified,105,source_heldout,0.75,82315,91,6783,8
stratified,105,source_heldout,0.8,82315,91,6783,8
stratified,105,source_heldout,0.85,82315,91,6783,8
stratified,105,source_heldout,0.9,82315,91,6783,8
stratified,105,source_heldout,0.95,82315,91,6783,8
stratified,105,source_heldout,0.975,82315,91,6783,8
stratified,105,source_heldout,0.99,82315,91,6783,8
stratified,105,source_heldout,0.995,82315,91,6783,8
stratified,105,source_heldout,0.999,82315,91,6783,8
stratified,105,target,0.05,244006,76711,19933,6232
stratified,105,target,0.1,244006,76711,19933,6232
stratified,105,target,0.15,244006,76711,19933,6232
stratified,105,target,0.2,244006,76711,19933,6232
stratified,105,target,0.25,244006,76711,19933,6232
stratified,105,target,0.3,244006,76711,19933,6232
stratified,105,target,0.35,244006,76711,19933,6232
stratified,105,target,0.4,244006,76711,19933,6232
stratified,105,target,0.45,244006,76711,19933,6232
stratified,105,target,0.5,244006,76711,19933,6232
stratified,105,target,0.55,244006,76711,19933,6232
stratified,105,target,0.6,244006,76711,19933,6232
stratified,105,target,0.65,244006,76711,19933,6232
stratified,105,target,0.7,244006,76711,19933,6232
stratified,105,target,0.75,244006,76711,19933,6232
stratified,105,target,0.8,244006,76711,19933,6232
stratified,105,target,0.85,244006,76711,19933,6232
stratified,105,target,0.9,244006,76711,19933,6232
stratified,105,target,0.95,244006,76711,19933,6232
stratified,105,target,0.975,244006,76711,19933,6232
stratified,105,target,0.99,244006,76711,19933,6232
stratified,105,target,0.995,244006,76711,19933,6232
stratified,105,target,0.999,244006,76711,19933,6232
logreg,105,source_heldout,0.05,88981,58,117,41
logreg,105,source_heldout,0.1,88337,38,761,61
logreg,105,source_heldout,0.15,88304,28,794,71
logreg,105,source_heldout,0.2,87610,24,1488,75
logreg,105,source_heldout,0.25,86872,24,2226,75
logreg,105,source_heldout,0.3,86402,22,2696,77
logreg,105,source_heldout,0.35,86306,21,2792,78
logreg,105,source_heldout,0.4,86219,21,2879,78
logreg,105,source_heldout,0.45,86080,18,3018,81
logreg,105,source_heldout,0.5,82885,17,6213,82
logreg,105,source_heldout,0.55,82658,16,6440,83
logreg,105,source_heldout,0.6,82469,14,6629,85
logreg,105,source_heldout,0.65,82232,13,6866,86
logreg,105,source_heldout,0.7,81826,13,7272,86
logreg,105,source_heldout,0.75,59465,12,29633,87
logreg,105,source_heldout,0.8,58496,12,30602,87
logreg,105,source_heldout,0.85,54585,12,34513,87
logreg,105,source_heldout,0.9,50459,12,38639,87
logreg,105,source_heldout,0.95,3476,11,85622,88
logreg,105,source_heldout,0.975,2937,10,86161,89
logreg,105,source_heldout,0.99,1275,8,87823,91
logreg,105,source_heldout,0.995,915,8,88183,91
logreg,105,source_heldout,0.999,503,4,88595,95
logreg,105,target,0.05,252284,74884,11655,8059
logreg,105,target,0.1,211590,69320,52349,13623
logreg,105,target,0.15,183740,60818,80199,22125
logreg,105,target,0.2,144490,53255,119449,29688
logreg,105,target,0.25,127391,44763,136548,38180
logreg,105,target,0.3,111737,36523,152202,46420
logreg,105,target,0.35,99111,28717,164828,54226
logreg,105,target,0.4,87058,20955,176881,61988
logreg,105,target,0.45,80959,16643,182980,66300
logreg,105,target,0.5,74017,11496,189922,71447
logreg,105,target,0.55,68690,9403,195249,73540
logreg,105,target,0.6,67437,8592,196502,74351
logreg,105,target,0.65,46647,4378,217292,78565
logreg,105,target,0.7,45593,3637,218346,79306
logreg,105,target,0.75,22097,1461,241842,81482
logreg,105,target,0.8,8546,1323,255393,81620
logreg,105,target,0.85,8535,1025,255404,81918
logreg,105,target,0.9,8439,533,255500,82410
logreg,105,target,0.95,0,48,263939,82895
logreg,105,target,0.975,0,27,263939,82916
logreg,105,target,0.99,0,27,263939,82916
logreg,105,target,0.995,0,23,263939,82920
logreg,105,target,0.999,0,21,263939,82922
tree,105,source_heldout,0.05,72542,91,16556,8
tree,105,source_heldout,0.1,72063,60,17035,39
tree,105,source_heldout,0.15,67627,37,21471,62
tree,105,source_heldout,0.2,67602,34,21496,65
tree,105,source_heldout,0.25,64850,30,24248,69
tree,105,source_heldout,0.3,64698,30,24400,69
tree,105,source_heldout,0.35,64698,30,24400,69
tree,105,source_heldout,0.4,64695,27,24403,72
tree,105,source_heldout,0.45,64695,27,24403,72
tree,105,source_heldout,0.5,64695,27,24403,72
tree,105,source_heldout,0.55,64695,27,24403,72
tree,105,source_heldout,0.6,64256,27,24842,72
tree,105,source_heldout,0.65,64256,27,24842,72
tree,105,source_heldout,0.7,64256,27,24842,72
tree,105,source_heldout,0.75,64256,27,24842,72
tree,105,source_heldout,0.8,64256,27,24842,72
tree,105,source_heldout,0.85,63167,27,25931,72
tree,105,source_heldout,0.9,62954,27,26144,72
tree,105,source_heldout,0.95,62952,27,26146,72
tree,105,source_heldout,0.975,62952,27,26146,72
tree,105,source_heldout,0.99,61223,27,27875,72
tree,105,source_heldout,0.995,57222,27,31876,72
tree,105,source_heldout,0.999,57222,27,31876,72
tree,105,target,0.05,163143,46421,100796,36522
tree,105,target,0.1,162672,45154,101267,37789
tree,105,target,0.15,138709,38194,125230,44749
tree,105,target,0.2,138513,38085,125426,44858
tree,105,target,0.25,138513,37572,125426,45371
tree,105,target,0.3,138513,37572,125426,45371
tree,105,target,0.35,138513,37572,125426,45371
tree,105,target,0.4,138501,37572,125438,45371
tree,105,target,0.45,138501,37572,125438,45371
tree,105,target,0.5,138501,37572,125438,45371
tree,105,target,0.55,138491,37571,125448,45372
tree,105,target,0.6,127125,37487,136814,45456
tree,105,target,0.65,127125,37487,136814,45456
tree,105,target,0.7,127125,37483,136814,45460
tree,105,target,0.75,127125,37483,136814,45460
tree,105,target,0.8,127125,37483,136814,45460
tree,105,target,0.85,127125,37479,136814,45464
tree,105,target,0.9,125740,37435,138199,45508
tree,105,target,0.95,125699,37335,138240,45608
tree,105,target,0.975,125699,37335,138240,45608
tree,105,target,0.99,125692,37325,138247,45618
tree,105,target,0.995,125692,37325,138247,45618
tree,105,target,0.999,125692,37325,138247,45618
rf,105,source_heldout,0.05,89096,89,2,10
rf,105,source_heldout,0.1,89066,78,32,21
rf,105,source_heldout,0.15,89022,72,76,27
rf,105,source_heldout,0.2,88990,69,108,30
rf,105,source_heldout,0.25,88888,63,210,36
rf,105,source_heldout,0.3,74926,56,14172,43
rf,105,source_heldout,0.35,73175,54,15923,45
rf,105,source_heldout,0.4,72266,50,16832,49
rf,105,source_heldout,0.45,72198,49,16900,50
rf,105,source_heldout,0.5,72040,45,17058,54
rf,105,source_heldout,0.55,71776,41,17322,58
rf,105,source_heldout,0.6,71424,37,17674,62
rf,105,source_heldout,0.65,71042,35,18056,64
rf,105,source_heldout,0.7,69783,25,19315,74
rf,105,source_heldout,0.75,65858,17,23240,82
rf,105,source_heldout,0.8,59250,10,29848,89
rf,105,source_heldout,0.85,58827,9,30271,90
rf,105,source_heldout,0.9,52427,5,36671,94
rf,105,source_heldout,0.95,46508,2,42590,97
rf,105,source_heldout,0.975,30666,0,58432,99
rf,105,source_heldout,0.99,7849,0,81249,99
rf,105,source_heldout,0.995,7050,0,82048,99
rf,105,source_heldout,0.999,6059,0,83039,99
rf,105,target,0.05,260803,82898,3136,45
rf,105,target,0.1,251501,82529,12438,414
rf,105,target,0.15,218138,79391,45801,3552
rf,105,target,0.2,212165,78811,51774,4132
rf,105,target,0.25,208968,77965,54971,4978
rf,105,target,0.3,202696,76753,61243,6190
rf,105,target,0.35,199457,75649,64482,7294
rf,105,target,0.4,198073,74871,65866,8072
rf,105,target,0.45,193520,73219,70419,9724
rf,105,target,0.5,190830,70161,73109,12782
rf,105,target,0.55,190369,68788,73570,14155
rf,105,target,0.6,181246,68167,82693,14776
rf,105,target,0.65,175145,67008,88794,15935
rf,105,target,0.7,145349,64650,118590,18293
rf,105,target,0.75,132859,61007,131080,21936
rf,105,target,0.8,112086,51605,151853,31338
rf,105,target,0.85,99130,48108,164809,34835
rf,105,target,0.9,30174,17148,233765,65795
rf,105,target,0.95,441,468,263498,82475
rf,105,target,0.975,73,19,263866,82924
rf,105,target,0.99,0,3,263939,82940
rf,105,target,0.995,0,0,263939,82943
rf,105,target,0.999,0,0,263939,82943
xgboost,105,source_heldout,0.05,89080,98,18,1
xgboost,105,source_heldout,0.1,88903,73,195,26
xgboost,105,source_heldout,0.15,87468,54,1630,45
xgboost,105,source_heldout,0.2,86689,43,2409,56
xgboost,105,source_heldout,0.25,85984,39,3114,60
xgboost,105,source_heldout,0.3,81680,29,7418,70
xgboost,105,source_heldout,0.35,78749,27,10349,72
xgboost,105,source_heldout,0.4,72755,26,16343,73
xgboost,105,source_heldout,0.45,72719,24,16379,75
xgboost,105,source_heldout,0.5,71989,23,17109,76
xgboost,105,source_heldout,0.55,71826,20,17272,79
xgboost,105,source_heldout,0.6,71603,16,17495,83
xgboost,105,source_heldout,0.65,71295,13,17803,86
xgboost,105,source_heldout,0.7,70939,13,18159,86
xgboost,105,source_heldout,0.75,70081,12,19017,87
xgboost,105,source_heldout,0.8,69006,10,20092,89
xgboost,105,source_heldout,0.85,66082,9,23016,90
xgboost,105,source_heldout,0.9,65615,6,23483,93
xgboost,105,source_heldout,0.95,64873,2,24225,97
xgboost,105,source_heldout,0.975,61656,0,27442,99
xgboost,105,source_heldout,0.99,29682,0,59416,99
xgboost,105,source_heldout,0.995,16329,0,72769,99
xgboost,105,source_heldout,0.999,11269,0,77829,99
xgboost,105,target,0.05,230146,79178,33793,3765
xgboost,105,target,0.1,220530,77770,43409,5173
xgboost,105,target,0.15,198160,73276,65779,9667
xgboost,105,target,0.2,196134,70317,67805,12626
xgboost,105,target,0.25,195886,69487,68053,13456
xgboost,105,target,0.3,195815,69054,68124,13889
xgboost,105,target,0.35,193668,68869,70271,14074
xgboost,105,target,0.4,193072,68541,70867,14402
xgboost,105,target,0.45,189251,68481,74688,14462
xgboost,105,target,0.5,188745,68254,75194,14689
xgboost,105,target,0.55,188025,67983,75914,14960
xgboost,105,target,0.6,185508,67720,78431,15223
xgboost,105,target,0.65,183041,67275,80898,15668
xgboost,105,target,0.7,178763,66946,85176,15997
xgboost,105,target,0.75,168222,66463,95717,16480
xgboost,105,target,0.8,166308,66190,97631,16753
xgboost,105,target,0.85,160176,63389,103763,19554
xgboost,105,target,0.9,139569,55136,124370,27807
xgboost,105,target,0.95,97828,36099,166111,46844
xgboost,105,target,0.975,49361,9340,214578,73603
xgboost,105,target,0.99,5414,1232,258525,81711
xgboost,105,target,0.995,3545,768,260394,82175
xgboost,105,target,0.999,9,0,263930,82943
hgb,105,source_heldout,0.05,88626,97,472,2
hgb,105,source_heldout,0.1,74653,84,14445,15
hgb,105,source_heldout,0.15,72579,41,16519,58
hgb,105,source_heldout,0.2,72458,38,16640,61
hgb,105,source_heldout,0.25,72229,34,16869,65
hgb,105,source_heldout,0.3,72052,32,17046,67
hgb,105,source_heldout,0.35,71898,31,17200,68
hgb,105,source_heldout,0.4,71738,25,17360,74
hgb,105,source_heldout,0.45,71411,24,17687,75
hgb,105,source_heldout,0.5,71251,24,17847,75
hgb,105,source_heldout,0.55,71075,24,18023,75
hgb,105,source_heldout,0.6,70742,21,18356,78
hgb,105,source_heldout,0.65,70457,20,18641,79
hgb,105,source_heldout,0.7,69591,17,19507,82
hgb,105,source_heldout,0.75,69211,11,19887,88
hgb,105,source_heldout,0.8,68947,7,20151,92
hgb,105,source_heldout,0.85,67561,5,21537,94
hgb,105,source_heldout,0.9,66760,3,22338,96
hgb,105,source_heldout,0.95,62329,0,26769,99
hgb,105,source_heldout,0.975,59647,0,29451,99
hgb,105,source_heldout,0.99,27748,0,61350,99
hgb,105,source_heldout,0.995,24493,0,64605,99
hgb,105,source_heldout,0.999,12972,0,76126,99
hgb,105,target,0.05,228927,79666,35012,3277
hgb,105,target,0.1,219564,78269,44375,4674
hgb,105,target,0.15,198017,73601,65922,9342
hgb,105,target,0.2,197618,70949,66321,11994
hgb,105,target,0.25,197511,69976,66428,12967
hgb,105,target,0.3,197358,69523,66581,13420
hgb,105,target,0.35,197007,69396,66932,13547
hgb,105,target,0.4,194365,69097,69574,13846
hgb,105,target,0.45,194352,68816,69587,14127
hgb,105,target,0.5,193716,68705,70223,14238
hgb,105,target,0.55,189967,68464,73972,14479
hgb,105,target,0.6,188095,68300,75844,14643
hgb,105,target,0.65,186313,67862,77626,15081
hgb,105,target,0.7,184216,67659,79723,15284
hgb,105,target,0.75,182645,67212,81294,15731
hgb,105,target,0.8,179505,67073,84434,15870
hgb,105,target,0.85,176646,66199,87293,16744
hgb,105,target,0.9,164798,65473,99141,17470
hgb,105,target,0.95,160864,65329,103075,17614
hgb,105,target,0.975,159888,65181,104051,17762
hgb,105,target,0.99,134218,49133,129721,33810
hgb,105,target,0.995,73707,26889,190232,56054
hgb,105,target,0.999,7710,2689,256229,80254
mlp,105,source_heldout,0.05,89044,90,54,9
mlp,105,source_heldout,0.1,88957,67,141,32
mlp,105,source_heldout,0.15,88221,49,877,50
mlp,105,source_heldout,0.2,88152,38,946,61
mlp,105,source_heldout,0.25,88102,34,996,65
mlp,105,source_heldout,0.3,88028,31,1070,68
mlp,105,source_heldout,0.35,87911,30,1187,69
mlp,105,source_heldout,0.4,87701,23,1397,76
mlp,105,source_heldout,0.45,87540,16,1558,83
mlp,105,source_heldout,0.5,87377,16,1721,83
mlp,105,source_heldout,0.55,87217,16,1881,83
mlp,105,source_heldout,0.6,86938,16,2160,83
mlp,105,source_heldout,0.65,86504,16,2594,83
mlp,105,source_heldout,0.7,85153,15,3945,84
mlp,105,source_heldout,0.75,84336,11,4762,88
mlp,105,source_heldout,0.8,83618,11,5480,88
mlp,105,source_heldout,0.85,69511,11,19587,88
mlp,105,source_heldout,0.9,65927,10,23171,89
mlp,105,source_heldout,0.95,63999,9,25099,90
mlp,105,source_heldout,0.975,62872,9,26226,90
mlp,105,source_heldout,0.99,61606,8,27492,91
mlp,105,source_heldout,0.995,58278,7,30820,92
mlp,105,source_heldout,0.999,17383,7,71715,92
mlp,105,target,0.05,218499,77323,45440,5620
mlp,105,target,0.1,217754,76619,46185,6324
mlp,105,target,0.15,197859,72546,66080,10397
mlp,105,target,0.2,197811,69418,66128,13525
mlp,105,target,0.25,197735,69067,66204,13876
mlp,105,target,0.3,197720,68739,66219,14204
mlp,105,target,0.35,197535,68321,66404,14622
mlp,105,target,0.4,197509,68230,66430,14713
mlp,105,target,0.45,197469,67644,66470,15299
mlp,105,target,0.5,197447,67575,66492,15368
mlp,105,target,0.55,197407,67432,66532,15511
mlp,105,target,0.6,197390,67248,66549,15695
mlp,105,target,0.65,197337,67072,66602,15871
mlp,105,target,0.7,196997,66938,66942,16005
mlp,105,target,0.75,194188,66871,69751,16072
mlp,105,target,0.8,190595,66807,73344,16136
mlp,105,target,0.85,184789,66372,79150,16571
mlp,105,target,0.9,180085,66328,83854,16615
mlp,105,target,0.95,155036,66179,108903,16764
mlp,105,target,0.975,148886,66159,115053,16784
mlp,105,target,0.99,144898,65153,119041,17790
mlp,105,target,0.995,118861,53410,145078,29533
mlp,105,target,0.999,18332,621,245607,82322
majority,106,source_heldout,0.05,84344,3451,0,0
majority,106,source_heldout,0.1,84344,3451,0,0
majority,106,source_heldout,0.15,84344,3451,0,0
majority,106,source_heldout,0.2,84344,3451,0,0
majority,106,source_heldout,0.25,84344,3451,0,0
majority,106,source_heldout,0.3,84344,3451,0,0
majority,106,source_heldout,0.35,84344,3451,0,0
majority,106,source_heldout,0.4,84344,3451,0,0
majority,106,source_heldout,0.45,84344,3451,0,0
majority,106,source_heldout,0.5,84344,3451,0,0
majority,106,source_heldout,0.55,84344,3451,0,0
majority,106,source_heldout,0.6,84344,3451,0,0
majority,106,source_heldout,0.65,84344,3451,0,0
majority,106,source_heldout,0.7,84344,3451,0,0
majority,106,source_heldout,0.75,84344,3451,0,0
majority,106,source_heldout,0.8,84344,3451,0,0
majority,106,source_heldout,0.85,84344,3451,0,0
majority,106,source_heldout,0.9,84344,3451,0,0
majority,106,source_heldout,0.95,84344,3451,0,0
majority,106,source_heldout,0.975,84344,3451,0,0
majority,106,source_heldout,0.99,84344,3451,0,0
majority,106,source_heldout,0.995,84344,3451,0,0
majority,106,source_heldout,0.999,84344,3451,0,0
majority,106,target,0.05,263939,82943,0,0
majority,106,target,0.1,263939,82943,0,0
majority,106,target,0.15,263939,82943,0,0
majority,106,target,0.2,263939,82943,0,0
majority,106,target,0.25,263939,82943,0,0
majority,106,target,0.3,263939,82943,0,0
majority,106,target,0.35,263939,82943,0,0
majority,106,target,0.4,263939,82943,0,0
majority,106,target,0.45,263939,82943,0,0
majority,106,target,0.5,263939,82943,0,0
majority,106,target,0.55,263939,82943,0,0
majority,106,target,0.6,263939,82943,0,0
majority,106,target,0.65,263939,82943,0,0
majority,106,target,0.7,263939,82943,0,0
majority,106,target,0.75,263939,82943,0,0
majority,106,target,0.8,263939,82943,0,0
majority,106,target,0.85,263939,82943,0,0
majority,106,target,0.9,263939,82943,0,0
majority,106,target,0.95,263939,82943,0,0
majority,106,target,0.975,263939,82943,0,0
majority,106,target,0.99,263939,82943,0,0
majority,106,target,0.995,263939,82943,0,0
majority,106,target,0.999,263939,82943,0,0
stratified,106,source_heldout,0.05,79262,3263,5082,188
stratified,106,source_heldout,0.1,79262,3263,5082,188
stratified,106,source_heldout,0.15,79262,3263,5082,188
stratified,106,source_heldout,0.2,79262,3263,5082,188
stratified,106,source_heldout,0.25,79262,3263,5082,188
stratified,106,source_heldout,0.3,79262,3263,5082,188
stratified,106,source_heldout,0.35,79262,3263,5082,188
stratified,106,source_heldout,0.4,79262,3263,5082,188
stratified,106,source_heldout,0.45,79262,3263,5082,188
stratified,106,source_heldout,0.5,79262,3263,5082,188
stratified,106,source_heldout,0.55,79262,3263,5082,188
stratified,106,source_heldout,0.6,79262,3263,5082,188
stratified,106,source_heldout,0.65,79262,3263,5082,188
stratified,106,source_heldout,0.7,79262,3263,5082,188
stratified,106,source_heldout,0.75,79262,3263,5082,188
stratified,106,source_heldout,0.8,79262,3263,5082,188
stratified,106,source_heldout,0.85,79262,3263,5082,188
stratified,106,source_heldout,0.9,79262,3263,5082,188
stratified,106,source_heldout,0.95,79262,3263,5082,188
stratified,106,source_heldout,0.975,79262,3263,5082,188
stratified,106,source_heldout,0.99,79262,3263,5082,188
stratified,106,source_heldout,0.995,79262,3263,5082,188
stratified,106,source_heldout,0.999,79262,3263,5082,188
stratified,106,target,0.05,248185,77997,15754,4946
stratified,106,target,0.1,248185,77997,15754,4946
stratified,106,target,0.15,248185,77997,15754,4946
stratified,106,target,0.2,248185,77997,15754,4946
stratified,106,target,0.25,248185,77997,15754,4946
stratified,106,target,0.3,248185,77997,15754,4946
stratified,106,target,0.35,248185,77997,15754,4946
stratified,106,target,0.4,248185,77997,15754,4946
stratified,106,target,0.45,248185,77997,15754,4946
stratified,106,target,0.5,248185,77997,15754,4946
stratified,106,target,0.55,248185,77997,15754,4946
stratified,106,target,0.6,248185,77997,15754,4946
stratified,106,target,0.65,248185,77997,15754,4946
stratified,106,target,0.7,248185,77997,15754,4946
stratified,106,target,0.75,248185,77997,15754,4946
stratified,106,target,0.8,248185,77997,15754,4946
stratified,106,target,0.85,248185,77997,15754,4946
stratified,106,target,0.9,248185,77997,15754,4946
stratified,106,target,0.95,248185,77997,15754,4946
stratified,106,target,0.975,248185,77997,15754,4946
stratified,106,target,0.99,248185,77997,15754,4946
stratified,106,target,0.995,248185,77997,15754,4946
stratified,106,target,0.999,248185,77997,15754,4946
logreg,106,source_heldout,0.05,83349,3102,995,349
logreg,106,source_heldout,0.1,82188,2830,2156,621
logreg,106,source_heldout,0.15,81671,2519,2673,932
logreg,106,source_heldout,0.2,80203,2100,4141,1351
logreg,106,source_heldout,0.25,79737,1904,4607,1547
logreg,106,source_heldout,0.3,77956,1054,6388,2397
logreg,106,source_heldout,0.35,77295,785,7049,2666
logreg,106,source_heldout,0.4,76822,754,7522,2697
logreg,106,source_heldout,0.45,76552,724,7792,2727
logreg,106,source_heldout,0.5,76215,703,8129,2748
logreg,106,source_heldout,0.55,75747,669,8597,2782
logreg,106,source_heldout,0.6,69763,509,14581,2942
logreg,106,source_heldout,0.65,55477,487,28867,2964
logreg,106,source_heldout,0.7,55147,460,29197,2991
logreg,106,source_heldout,0.75,54602,164,29742,3287
logreg,106,source_heldout,0.8,54103,150,30241,3301
logreg,106,source_heldout,0.85,52647,69,31697,3382
logreg,106,source_heldout,0.9,47100,37,37244,3414
logreg,106,source_heldout,0.95,12561,25,71783,3426
logreg,106,source_heldout,0.975,9093,14,75251,3437
logreg,106,source_heldout,0.99,3223,11,81121,3440
logreg,106,source_heldout,0.995,3160,10,81184,3441
logreg,106,source_heldout,0.999,2882,6,81462,3445
logreg,106,target,0.05,251712,74794,12227,8149
logreg,106,target,0.1,214944,69129,48995,13814
logreg,106,target,0.15,167874,60317,96065,22626
logreg,106,target,0.2,142027,52773,121912,30170
logreg,106,target,0.25,122117,42999,141822,39944
logreg,106,target,0.3,110664,37114,153275,45829
logreg,106,target,0.35,99158,28791,164781,54152
logreg,106,target,0.4,88703,22207,175236,60736
logreg,106,target,0.45,81095,17053,182844,65890
logreg,106,target,0.5,75817,13607,188122,69336
logreg,106,target,0.55,69918,10610,194021,72333
logreg,106,target,0.6,67467,8526,196472,74417
logreg,106,target,0.65,66649,7830,197290,75113
logreg,106,target,0.7,30241,2216,233698,80727
logreg,106,target,0.75,8581,1496,255358,81447
logreg,106,target,0.8,8530,1320,255409,81623
logreg,106,target,0.85,8523,916,255416,82027
logreg,106,target,0.9,8517,748,255422,82195
logreg,106,target,0.95,80,52,263859,82891
logreg,106,target,0.975,0,32,263939,82911
logreg,106,target,0.99,0,29,263939,82914
logreg,106,target,0.995,0,27,263939,82916
logreg,106,target,0.999,0,24,263939,82919
tree,106,source_heldout,0.05,82726,2391,1618,1060
tree,106,source_heldout,0.1,81542,1656,2802,1795
tree,106,source_heldout,0.15,79066,1301,5278,2150
tree,106,source_heldout,0.2,78734,1139,5610,2312
tree,106,source_heldout,0.25,78599,1136,5745,2315
tree,106,source_heldout,0.3,78550,1130,5794,2321
tree,106,source_heldout,0.35,78453,1111,5891,2340
tree,106,source_heldout,0.4,76921,1097,7423,2354
tree,106,source_heldout,0.45,76909,1097,7435,2354
tree,106,source_heldout,0.5,76653,1087,7691,2364
tree,106,source_heldout,0.55,76591,1083,7753,2368
tree,106,source_heldout,0.6,76591,1083,7753,2368
tree,106,source_heldout,0.65,76551,1083,7793,2368
tree,106,source_heldout,0.7,76389,1051,7955,2400
tree,106,source_heldout,0.75,76264,1037,8080,2414
tree,106,source_heldout,0.8,76254,1037,8090,2414
tree,106,source_heldout,0.85,76254,1037,8090,2414
tree,106,source_heldout,0.9,76254,1037,8090,2414
tree,106,source_heldout,0.95,76254,1037,8090,2414
tree,106,source_heldout,0.975,76254,1037,8090,2414
tree,106,source_heldout,0.99,76254,1037,8090,2414
tree,106,source_heldout,0.995,55059,1024,29285,2427
tree,106,source_heldout,0.999,55059,1024,29285,2427
tree,106,target,0.05,218090,78919,45849,4024
tree,106,target,0.1,218083,78539,45856,4404
tree,106,target,0.15,197394,71571,66545,11372
tree,106,target,0.2,197394,70580,66545,12363
tree,106,target,0.25,197394,70391,66545,12552
tree,106,target,0.3,197384,70390,66555,12553
tree,106,target,0.35,197371,70318,66568,12625
tree,106,target,0.4,197371,70318,66568,12625
tree,106,target,0.45,197371,70318,66568,12625
tree,106,target,0.5,197359,70318,66580,12625
tree,106,target,0.55,197359,70318,66580,12625
tree,106,target,0.6,197359,70318,66580,12625
tree,106,target,0.65,197359,70318,66580,12625
tree,106,target,0.7,197341,70271,66598,12672
tree,106,target,0.75,195982,70267,67957,12676
tree,106,target,0.8,195982,70267,67957,12676
tree,106,target,0.85,195982,70267,67957,12676
tree,106,target,0.9,195982,70267,67957,12676
tree,106,target,0.95,195982,70267,67957,12676
tree,106,target,0.975,195982,70267,67957,12676
tree,106,target,0.99,195982,70267,67957,12676
tree,106,target,0.995,173417,65948,90522,16995
tree,106,target,0.999,173417,65948,90522,16995
rf,106,source_heldout,0.05,84213,2866,131,585
rf,106,source_heldout,0.1,84069,2628,275,823
rf,106,source_heldout,0.15,83878,2384,466,1067
rf,106,source_heldout,0.2,82804,2146,1540,1305
rf,106,source_heldout,0.25,82160,1970,2184,1481
rf,106,source_heldout,0.3,81981,1872,2363,1579
rf,106,source_heldout,0.35,81792,1744,2552,1707
rf,106,source_heldout,0.4,81584,1626,2760,1825
rf,106,source_heldout,0.45,81357,1545,2987,1906
rf,106,source_heldout,0.5,81068,1491,3276,1960
rf,106,source_heldout,0.55,80721,1402,3623,2049
rf,106,source_heldout,0.6,80222,1305,4122,2146
rf,106,source_heldout,0.65,79385,1213,4959,2238
rf,106,source_heldout,0.7,77807,1126,6537,2325
rf,106,source_heldout,0.75,75780,249,8564,3202
rf,106,source_heldout,0.8,75348,162,8996,3289
rf,106,source_heldout,0.85,74821,101,9523,3350
rf,106,source_heldout,0.9,74242,78,10102,3373
rf,106,source_heldout,0.95,72730,60,11614,3391
rf,106,source_heldout,0.975,68229,48,16115,3403
rf,106,source_heldout,0.99,61301,44,23043,3407
rf,106,source_heldout,0.995,60746,27,23598,3424
rf,106,source_heldout,0.999,59518,11,24826,3440
rf,106,target,0.05,263593,82732,346,211
rf,106,target,0.1,243653,82532,20286,411
rf,106,target,0.15,216904,79324,47035,3619
rf,106,target,0.2,213229,78882,50710,4061
rf,106,target,0.25,208388,78151,55551,4792
rf,106,target,0.3,205960,77292,57979,5651
rf,106,target,0.35,201765,74890,62174,8053
rf,106,target,0.4,200405,73436,63534,9507
rf,106,target,0.45,198927,72784,65012,10159
rf,106,target,0.5,198178,71749,65761,11194
rf,106,target,0.55,197000,71100,66939,11843
rf,106,target,0.6,195278,70104,68661,12839
rf,106,target,0.65,192470,69645,71469,13298
rf,106,target,0.7,188104,68111,75835,14832
rf,106,target,0.75,181476,66837,82463,16106
rf,106,target,0.8,152683,55406,111256,27537
rf,106,target,0.85,117168,28083,146771,54860
rf,106,target,0.9,63346,7702,200593,75241
rf,106,target,0.95,40945,3883,222994,79060
rf,106,target,0.975,27398,685,236541,82258
rf,106,target,0.99,26997,618,236942,82325
rf,106,target,0.995,26653,605,237286,82338
rf,106,target,0.999,22464,577,241475,82366
xgboost,106,source_heldout,0.05,83847,2294,497,1157
xgboost,106,source_heldout,0.1,82878,1661,1466,1790
xgboost,106,source_heldout,0.15,82114,1395,2230,2056
xgboost,106,source_heldout,0.2,81412,1295,2932,2156
xgboost,106,source_heldout,0.25,80052,1233,4292,2218
xgboost,106,source_heldout,0.3,79548,1168,4796,2283
xgboost,106,source_heldout,0.35,79133,859,5211,2592
xgboost,106,source_heldout,0.4,77525,826,6819,2625
xgboost,106,source_heldout,0.45,76907,784,7437,2667
xgboost,106,source_heldout,0.5,76500,745,7844,2706
xgboost,106,source_heldout,0.55,75212,211,9132,3240
xgboost,106,source_heldout,0.6,74800,163,9544,3288
xgboost,106,source_heldout,0.65,74629,152,9715,3299
xgboost,106,source_heldout,0.7,74130,114,10214,3337
xgboost,106,source_heldout,0.75,72895,84,11449,3367
xgboost,106,source_heldout,0.8,72708,75,11636,3376
xgboost,106,source_heldout,0.85,72157,61,12187,3390
xgboost,106,source_heldout,0.9,71717,41,12627,3410
xgboost,106,source_heldout,0.95,71089,34,13255,3417
xgboost,106,source_heldout,0.975,70218,33,14126,3418
xgboost,106,source_heldout,0.99,67138,32,17206,3419
xgboost,106,source_heldout,0.995,65519,31,18825,3420
xgboost,106,source_heldout,0.999,48369,14,35975,3437
xgboost,106,target,0.05,223843,79238,40096,3705
xgboost,106,target,0.1,219592,76692,44347,6251
xgboost,106,target,0.15,198489,70964,65450,11979
xgboost,106,target,0.2,197996,70463,65943,12480
xgboost,106,target,0.25,197813,69796,66126,13147
xgboost,106,target,0.3,197785,69593,66154,13350
xgboost,106,target,0.35,197761,69500,66178,13443
xgboost,106,target,0.4,197685,69103,66254,13840
xgboost,106,target,0.45,197593,69017,66346,13926
xgboost,106,target,0.5,197541,68756,66398,14187
xgboost,106,target,0.55,197429,68475,66510,14468
xgboost,106,target,0.6,196942,68282,66997,14661
xgboost,106,target,0.65,196714,68094,67225,14849
xgboost,106,target,0.7,193718,67724,70221,15219
xgboost,106,target,0.75,192135,67366,71804,15577
xgboost,106,target,0.8,163368,66474,100571,16469
xgboost,106,target,0.85,160644,66049,103295,16894
xgboost,106,target,0.9,153770,65917,110169,17026
xgboost,106,target,0.95,138955,62558,124984,20385
xgboost,106,target,0.975,109273,45738,154666,37205
xgboost,106,target,0.99,45172,6251,218767,76692
xgboost,106,target,0.995,44350,6195,219589,76748
xgboost,106,target,0.999,10765,4629,253174,78314
hgb,106,source_heldout,0.05,84116,2557,228,894
hgb,106,source_heldout,0.1,82884,1747,1460,1704
hgb,106,source_heldout,0.15,82326,1476,2018,1975
hgb,106,source_heldout,0.2,81693,1337,2651,2114
hgb,106,source_heldout,0.25,81252,1248,3092,2203
hgb,106,source_heldout,0.3,80224,1170,4120,2281
hgb,106,source_heldout,0.35,77731,622,6613,2829
hgb,106,source_heldout,0.4,77151,324,7193,3127
hgb,106,source_heldout,0.45,76775,300,7569,3151
hgb,106,source_heldout,0.5,76015,241,8329,3210
hgb,106,source_heldout,0.55,75657,176,8687,3275
hgb,106,source_heldout,0.6,75501,165,8843,3286
hgb,106,source_heldout,0.65,75364,147,8980,3304
hgb,106,source_heldout,0.7,75032,135,9312,3316
hgb,106,source_heldout,0.75,74876,110,9468,3341
hgb,106,source_heldout,0.8,73461,89,10883,3362
hgb,106,source_heldout,0.85,72630,72,11714,3379
hgb,106,source_heldout,0.9,72000,49,12344,3402
hgb,106,source_heldout,0.95,70800,29,13544,3422
hgb,106,source_heldout,0.975,69151,27,15193,3424
hgb,106,source_heldout,0.99,61238,20,23106,3431
hgb,106,source_heldout,0.995,54349,19,29995,3432
hgb,106,source_heldout,0.999,39634,10,44710,3441
hgb,106,target,0.05,221767,79053,42172,3890
hgb,106,target,0.1,219043,77781,44896,5162
hgb,106,target,0.15,198306,71404,65633,11539
hgb,106,target,0.2,197858,70805,66081,12138
hgb,106,target,0.25,197691,70476,66248,12467
hgb,106,target,0.3,197633,70272,66306,12671
hgb,106,target,0.35,197622,69933,66317,13010
hgb,106,target,0.4,197569,69606,66370,13337
hgb,106,target,0.45,197546,69474,66393,13469
hgb,106,target,0.5,197472,69243,66467,13700
hgb,106,target,0.55,197433,69138,66506,13805
hgb,106,target,0.6,197422,68947,66517,13996
hgb,106,target,0.65,197401,68553,66538,14390
hgb,106,target,0.7,197382,68277,66557,14666
hgb,106,target,0.75,197343,68116,66596,14827
hgb,106,target,0.8,195570,67867,68369,15076
hgb,106,target,0.85,191958,67073,71981,15870
hgb,106,target,0.9,164369,66953,99570,15990
hgb,106,target,0.95,157271,66613,106668,16330
hgb,106,target,0.975,150142,66272,113797,16671
hgb,106,target,0.99,143108,65286,120831,17657
hgb,106,target,0.995,142350,64525,121589,18418
hgb,106,target,0.999,97240,56585,166699,26358
mlp,106,source_heldout,0.05,83753,2370,591,1081
mlp,106,source_heldout,0.1,82507,1801,1837,1650
mlp,106,source_heldout,0.15,81656,1336,2688,2115
mlp,106,source_heldout,0.2,81099,1262,3245,2189
mlp,106,source_heldout,0.25,79547,966,4797,2485
mlp,106,source_heldout,0.3,77003,344,7341,3107
mlp,106,source_heldout,0.35,76907,326,7437,3125
mlp,106,source_heldout,0.4,76778,289,7566,3162
mlp,106,source_heldout,0.45,76596,264,7748,3187
mlp,106,source_heldout,0.5,76483,254,7861,3197
mlp,106,source_heldout,0.55,76132,211,8212,3240
mlp,106,source_heldout,0.6,75500,156,8844,3295
mlp,106,source_heldout,0.65,75079,130,9265,3321
mlp,106,source_heldout,0.7,74522,119,9822,3332
mlp,106,source_heldout,0.75,74067,114,10277,3337
mlp,106,source_heldout,0.8,73697,97,10647,3354
mlp,106,source_heldout,0.85,73187,74,11157,3377
mlp,106,source_heldout,0.9,72784,57,11560,3394
mlp,106,source_heldout,0.95,71819,38,12525,3413
mlp,106,source_heldout,0.975,71008,27,13336,3424
mlp,106,source_heldout,0.99,66734,20,17610,3431
mlp,106,source_heldout,0.995,66243,18,18101,3433
mlp,106,source_heldout,0.999,60880,11,23464,3440
mlp,106,target,0.05,217815,76818,46124,6125
mlp,106,target,0.1,217763,73967,46176,8976
mlp,106,target,0.15,197809,70057,66130,12886
mlp,106,target,0.2,197601,69139,66338,13804
mlp,106,target,0.25,197572,68936,66367,14007
mlp,106,target,0.3,197555,68757,66384,14186
mlp,106,target,0.35,197533,68452,66406,14491
mlp,106,target,0.4,197516,68338,66423,14605
mlp,106,target,0.45,197515,68303,66424,14640
mlp,106,target,0.5,197515,68275,66424,14668
mlp,106,target,0.55,197513,68242,66426,14701
mlp,106,target,0.6,197508,68198,66431,14745
mlp,106,target,0.65,197498,68068,66441,14875
mlp,106,target,0.7,197471,67964,66468,14979
mlp,106,target,0.75,197323,67800,66616,15143
mlp,106,target,0.8,195883,67607,68056,15336
mlp,106,target,0.85,189182,67431,74757,15512
mlp,106,target,0.9,159777,67362,104162,15581
mlp,106,target,0.95,153523,67101,110416,15842
mlp,106,target,0.975,151816,66939,112123,16004
mlp,106,target,0.99,150651,66784,113288,16159
mlp,106,target,0.995,147621,66736,116318,16207
mlp,106,target,0.999,147369,66518,116570,16425
majority,107,source_heldout,0.05,88603,19,0,0
majority,107,source_heldout,0.1,88603,19,0,0
majority,107,source_heldout,0.15,88603,19,0,0
majority,107,source_heldout,0.2,88603,19,0,0
majority,107,source_heldout,0.25,88603,19,0,0
majority,107,source_heldout,0.3,88603,19,0,0
majority,107,source_heldout,0.35,88603,19,0,0
majority,107,source_heldout,0.4,88603,19,0,0
majority,107,source_heldout,0.45,88603,19,0,0
majority,107,source_heldout,0.5,88603,19,0,0
majority,107,source_heldout,0.55,88603,19,0,0
majority,107,source_heldout,0.6,88603,19,0,0
majority,107,source_heldout,0.65,88603,19,0,0
majority,107,source_heldout,0.7,88603,19,0,0
majority,107,source_heldout,0.75,88603,19,0,0
majority,107,source_heldout,0.8,88603,19,0,0
majority,107,source_heldout,0.85,88603,19,0,0
majority,107,source_heldout,0.9,88603,19,0,0
majority,107,source_heldout,0.95,88603,19,0,0
majority,107,source_heldout,0.975,88603,19,0,0
majority,107,source_heldout,0.99,88603,19,0,0
majority,107,source_heldout,0.995,88603,19,0,0
majority,107,source_heldout,0.999,88603,19,0,0
majority,107,target,0.05,263939,82943,0,0
majority,107,target,0.1,263939,82943,0,0
majority,107,target,0.15,263939,82943,0,0
majority,107,target,0.2,263939,82943,0,0
majority,107,target,0.25,263939,82943,0,0
majority,107,target,0.3,263939,82943,0,0
majority,107,target,0.35,263939,82943,0,0
majority,107,target,0.4,263939,82943,0,0
majority,107,target,0.45,263939,82943,0,0
majority,107,target,0.5,263939,82943,0,0
majority,107,target,0.55,263939,82943,0,0
majority,107,target,0.6,263939,82943,0,0
majority,107,target,0.65,263939,82943,0,0
majority,107,target,0.7,263939,82943,0,0
majority,107,target,0.75,263939,82943,0,0
majority,107,target,0.8,263939,82943,0,0
majority,107,target,0.85,263939,82943,0,0
majority,107,target,0.9,263939,82943,0,0
majority,107,target,0.95,263939,82943,0,0
majority,107,target,0.975,263939,82943,0,0
majority,107,target,0.99,263939,82943,0,0
majority,107,target,0.995,263939,82943,0,0
majority,107,target,0.999,263939,82943,0,0
stratified,107,source_heldout,0.05,81888,18,6715,1
stratified,107,source_heldout,0.1,81888,18,6715,1
stratified,107,source_heldout,0.15,81888,18,6715,1
stratified,107,source_heldout,0.2,81888,18,6715,1
stratified,107,source_heldout,0.25,81888,18,6715,1
stratified,107,source_heldout,0.3,81888,18,6715,1
stratified,107,source_heldout,0.35,81888,18,6715,1
stratified,107,source_heldout,0.4,81888,18,6715,1
stratified,107,source_heldout,0.45,81888,18,6715,1
stratified,107,source_heldout,0.5,81888,18,6715,1
stratified,107,source_heldout,0.55,81888,18,6715,1
stratified,107,source_heldout,0.6,81888,18,6715,1
stratified,107,source_heldout,0.65,81888,18,6715,1
stratified,107,source_heldout,0.7,81888,18,6715,1
stratified,107,source_heldout,0.75,81888,18,6715,1
stratified,107,source_heldout,0.8,81888,18,6715,1
stratified,107,source_heldout,0.85,81888,18,6715,1
stratified,107,source_heldout,0.9,81888,18,6715,1
stratified,107,source_heldout,0.95,81888,18,6715,1
stratified,107,source_heldout,0.975,81888,18,6715,1
stratified,107,source_heldout,0.99,81888,18,6715,1
stratified,107,source_heldout,0.995,81888,18,6715,1
stratified,107,source_heldout,0.999,81888,18,6715,1
stratified,107,target,0.05,244069,76729,19870,6214
stratified,107,target,0.1,244069,76729,19870,6214
stratified,107,target,0.15,244069,76729,19870,6214
stratified,107,target,0.2,244069,76729,19870,6214
stratified,107,target,0.25,244069,76729,19870,6214
stratified,107,target,0.3,244069,76729,19870,6214
stratified,107,target,0.35,244069,76729,19870,6214
stratified,107,target,0.4,244069,76729,19870,6214
stratified,107,target,0.45,244069,76729,19870,6214
stratified,107,target,0.5,244069,76729,19870,6214
stratified,107,target,0.55,244069,76729,19870,6214
stratified,107,target,0.6,244069,76729,19870,6214
stratified,107,target,0.65,244069,76729,19870,6214
stratified,107,target,0.7,244069,76729,19870,6214
stratified,107,target,0.75,244069,76729,19870,6214
stratified,107,target,0.8,244069,76729,19870,6214
stratified,107,target,0.85,244069,76729,19870,6214
stratified,107,target,0.9,244069,76729,19870,6214
stratified,107,target,0.95,244069,76729,19870,6214
stratified,107,target,0.975,244069,76729,19870,6214
stratified,107,target,0.99,244069,76729,19870,6214
stratified,107,target,0.995,244069,76729,19870,6214
stratified,107,target,0.999,244069,76729,19870,6214
logreg,107,source_heldout,0.05,88580,10,23,9
logreg,107,source_heldout,0.1,87959,6,644,13
logreg,107,source_heldout,0.15,87941,4,662,15
logreg,107,source_heldout,0.2,87322,4,1281,15
logreg,107,source_heldout,0.25,86814,3,1789,16
logreg,107,source_heldout,0.3,86210,3,2393,16
logreg,107,source_heldout,0.35,86073,3,2530,16
logreg,107,source_heldout,0.4,85988,3,2615,16
logreg,107,source_heldout,0.45,85790,3,2813,16
logreg,107,source_heldout,0.5,82704,3,5899,16
logreg,107,source_heldout,0.55,82463,3,6140,16
logreg,107,source_heldout,0.6,82315,3,6288,16
logreg,107,source_heldout,0.65,82081,3,6522,16
logreg,107,source_heldout,0.7,80389,3,8214,16
logreg,107,source_heldout,0.75,59496,3,29107,16
logreg,107,source_heldout,0.8,58417,2,30186,17
logreg,107,source_heldout,0.85,54523,2,34080,17
logreg,107,source_heldout,0.9,49499,0,39104,19
logreg,107,source_heldout,0.95,3451,0,85152,19
logreg,107,source_heldout,0.975,2547,0,86056,19
logreg,107,source_heldout,0.99,1241,0,87362,19
logreg,107,source_heldout,0.995,870,0,87733,19
logreg,107,source_heldout,0.999,501,0,88102,19
logreg,107,target,0.05,250361,74747,13578,8196
logreg,107,target,0.1,210137,69214,53802,13729
logreg,107,target,0.15,180642,60213,83297,22730
logreg,107,target,0.2,136520,48628,127419,34315
logreg,107,target,0.25,121671,42446,142268,40497
logreg,107,target,0.3,105544,32100,158395,50843
logreg,107,target,0.35,91457,23866,172482,59077
logreg,107,target,0.4,84837,18999,179102,63944
logreg,107,target,0.45,76663,13303,187276,69640
logreg,107,target,0.5,72953,10870,190986,72073
logreg,107,target,0.55,67847,8777,196092,74166
logreg,107,target,0.6,66832,8101,197107,74842
logreg,107,target,0.65,46135,4294,217804,78649
logreg,107,target,0.7,45571,3567,218368,79376
logreg,107,target,0.75,18407,1461,245532,81482
logreg,107,target,0.8,8531,1317,255408,81626
logreg,107,target,0.85,8523,810,255416,82133
logreg,107,target,0.9,8437,513,255502,82430
logreg,107,target,0.95,0,34,263939,82909
logreg,107,target,0.975,0,29,263939,82914
logreg,107,target,0.99,0,27,263939,82916
logreg,107,target,0.995,0,25,263939,82918
logreg,107,target,0.999,0,21,263939,82922
tree,107,source_heldout,0.05,72240,15,16363,4
tree,107,source_heldout,0.1,72162,14,16441,5
tree,107,source_heldout,0.15,71619,12,16984,7
tree,107,source_heldout,0.2,71116,8,17487,11
tree,107,source_heldout,0.25,71107,7,17496,12
tree,107,source_heldout,0.3,71106,7,17497,12
tree,107,source_heldout,0.35,71106,7,17497,12
tree,107,source_heldout,0.4,71106,7,17497,12
tree,107,source_heldout,0.45,70500,7,18103,12
tree,107,source_heldout,0.5,70500,7,18103,12
tree,107,source_heldout,0.55,70500,7,18103,12
tree,107,source_heldout,0.6,70494,7,18109,12
tree,107,source_heldout,0.65,70468,7,18135,12
tree,107,source_heldout,0.7,70464,7,18139,12
tree,107,source_heldout,0.75,70460,7,18143,12
tree,107,source_heldout,0.8,70460,7,18143,12
tree,107,source_heldout,0.85,70459,7,18144,12
tree,107,source_heldout,0.9,70310,7,18293,12
tree,107,source_heldout,0.95,70107,7,18496,12
tree,107,source_heldout,0.975,70107,7,18496,12
tree,107,source_heldout,0.99,68708,7,19895,12
tree,107,source_heldout,0.995,68708,7,19895,12
tree,107,source_heldout,0.999,55980,7,32623,12
tree,107,target,0.05,200763,78107,63176,4836
tree,107,target,0.1,200583,76431,63356,6512
tree,107,target,0.15,180045,69097,83894,13846
tree,107,target,0.2,171483,68913,92456,14030
tree,107,target,0.25,171483,68885,92456,14058
tree,107,target,0.3,171419,68871,92520,14072
tree,107,target,0.35,171419,68870,92520,14073
tree,107,target,0.4,171419,68870,92520,14073
tree,107,target,0.45,150516,68290,113423,14653
tree,107,target,0.5,150516,68289,113423,14654
tree,107,target,0.55,150504,68289,113435,14654
tree,107,target,0.6,150504,68263,113435,14680
tree,107,target,0.65,150504,68193,113435,14750
tree,107,target,0.7,150504,68179,113435,14764
tree,107,target,0.75,149119,68174,114820,14769
tree,107,target,0.8,149119,68174,114820,14769
tree,107,target,0.85,149119,68170,114820,14773
tree,107,target,0.9,149118,68124,114821,14819
tree,107,target,0.95,149118,68124,114821,14819
tree,107,target,0.975,149118,68124,114821,14819
tree,107,target,0.99,148178,68120,115761,14823
tree,107,target,0.995,148178,68120,115761,14823
tree,107,target,0.999,148171,68120,115768,14823
rf,107,source_heldout,0.05,88603,19,0,0
rf,107,source_heldout,0.1,88603,19,0,0
rf,107,source_heldout,0.15,88596,17,7,2
rf,107,source_heldout,0.2,88596,17,7,2
rf,107,source_heldout,0.25,88591,17,12,2
rf,107,source_heldout,0.3,88554,17,49,2
rf,107,source_heldout,0.35,88159,16,444,3
rf,107,source_heldout,0.4,76532,15,12071,4
rf,107,source_heldout,0.45,73337,15,15266,4
rf,107,source_heldout,0.5,72135,12,16468,7
rf,107,source_heldout,0.55,70943,11,17660,8
rf,107,source_heldout,0.6,70350,10,18253,9
rf,107,source_heldout,0.65,69496,9,19107,10
rf,107,source_heldout,0.7,68713,7,19890,12
rf,107,source_heldout,0.75,68408,3,20195,16
rf,107,source_heldout,0.8,65240,0,23363,19
rf,107,source_heldout,0.85,61620,0,26983,19
rf,107,source_heldout,0.9,47608,0,40995,19
rf,107,source_heldout,0.95,41207,0,47396,19
rf,107,source_heldout,0.975,38593,0,50010,19
rf,107,source_heldout,0.99,12096,0,76507,19
rf,107,source_heldout,0.995,8737,0,79866,19
rf,107,source_heldout,0.999,7503,0,81100,19
rf,107,target,0.05,262933,82870,1006,73
rf,107,target,0.1,247888,82679,16051,264
rf,107,target,0.15,216335,79480,47604,3463
rf,107,target,0.2,210441,78935,53498,4008
rf,107,target,0.25,203242,78320,60697,4623
rf,107,target,0.3,199429,77820,64510,5123
rf,107,target,0.35,192944,75959,70995,6984
rf,107,target,0.4,192307,74462,71632,8481
rf,107,target,0.45,188070,73128,75869,9815
rf,107,target,0.5,182092,72275,81847,10668
rf,107,target,0.55,181257,71290,82682,11653
rf,107,target,0.6,177563,68376,86376,14567
rf,107,target,0.65,172052,67529,91887,15414
rf,107,target,0.7,148152,65010,115787,17933
rf,107,target,0.75,136826,61638,127113,21305
rf,107,target,0.8,111771,51609,152168,31334
rf,107,target,0.85,106890,49356,157049,33587
rf,107,target,0.9,50447,31402,213492,51541
rf,107,target,0.95,1485,584,262454,82359
rf,107,target,0.975,1107,166,262832,82777
rf,107,target,0.99,30,2,263909,82941
rf,107,target,0.995,5,2,263934,82941
rf,107,target,0.999,0,0,263939,82943
xgboost,107,source_heldout,0.05,88498,18,105,1
xgboost,107,source_heldout,0.1,87953,18,650,1
xgboost,107,source_heldout,0.15,77810,16,10793,3
xgboost,107,source_heldout,0.2,73199,15,15404,4
xgboost,107,source_heldout,0.25,72134,13,16469,6
xgboost,107,source_heldout,0.3,71892,11,16711,8
xgboost,107,source_heldout,0.35,71708,10,16895,9
xgboost,107,source_heldout,0.4,71659,10,16944,9
xgboost,107,source_heldout,0.45,71604,10,16999,9
xgboost,107,source_heldout,0.5,71563,7,17040,12
xgboost,107,source_heldout,0.55,71469,7,17134,12
xgboost,107,source_heldout,0.6,71362,7,17241,12
xgboost,107,source_heldout,0.65,71268,7,17335,12
xgboost,107,source_heldout,0.7,70676,7,17927,12
xgboost,107,source_heldout,0.75,70112,5,18491,14
xgboost,107,source_heldout,0.8,69453,5,19150,14
xgboost,107,source_heldout,0.85,67621,3,20982,16
xgboost,107,source_heldout,0.9,64867,3,23736,16
xgboost,107,source_heldout,0.95,61018,0,27585,19
xgboost,107,source_heldout,0.975,50478,0,38125,19
xgboost,107,source_heldout,0.99,21995,0,66608,19
xgboost,107,source_heldout,0.995,15064,0,73539,19
xgboost,107,source_heldout,0.999,8564,0,80039,19
xgboost,107,target,0.05,227863,78886,36076,4057
xgboost,107,target,0.1,218842,76766,45097,6177
xgboost,107,target,0.15,197915,71128,66024,11815
xgboost,107,target,0.2,197670,70258,66269,12685
xgboost,107,target,0.25,197559,69589,66380,13354
xgboost,107,target,0.3,197396,69363,66543,13580
xgboost,107,target,0.35,197362,69188,66577,13755
xgboost,107,target,0.4,197225,68657,66714,14286
xgboost,107,target,0.45,197117,68421,66822,14522
xgboost,107,target,0.5,193831,68185,70108,14758
xgboost,107,target,0.55,188801,67213,75138,15730
xgboost,107,target,0.6,186172,66429,77767,16514
xgboost,107,target,0.65,183808,66256,80131,16687
xgboost,107,target,0.7,176124,65957,87815,16986
xgboost,107,target,0.75,171470,65551,92469,17392
xgboost,107,target,0.8,169329,65143,94610,17800
xgboost,107,target,0.85,162476,65058,101463,17885
xgboost,107,target,0.9,150337,63897,113602,19046
xgboost,107,target,0.95,119021,48330,144918,34613
xgboost,107,target,0.975,31379,16994,232560,65949
xgboost,107,target,0.99,8887,2649,255052,80294
xgboost,107,target,0.995,797,15,263142,82928
xgboost,107,target,0.999,0,0,263939,82943
hgb,107,source_heldout,0.05,88598,19,5,0
hgb,107,source_heldout,0.1,88507,18,96,1
hgb,107,source_heldout,0.15,87947,16,656,3
hgb,107,source_heldout,0.2,86982,16,1621,3
hgb,107,source_heldout,0.25,85529,13,3074,6
hgb,107,source_heldout,0.3,85486,11,3117,8
hgb,107,source_heldout,0.35,79531,10,9072,9
hgb,107,source_heldout,0.4,72073,7,16530,12
hgb,107,source_heldout,0.45,71903,7,16700,12
hgb,107,source_heldout,0.5,71495,7,17108,12
hgb,107,source_heldout,0.55,71082,7,17521,12
hgb,107,source_heldout,0.6,70930,7,17673,12
hgb,107,source_heldout,0.65,70170,5,18433,14
hgb,107,source_heldout,0.7,70067,5,18536,14
hgb,107,source_heldout,0.75,69908,5,18695,14
hgb,107,source_heldout,0.8,69089,5,19514,14
hgb,107,source_heldout,0.85,68680,5,19923,14
hgb,107,source_heldout,0.9,68186,3,20417,16
hgb,107,source_heldout,0.95,63707,0,24896,19
hgb,107,source_heldout,0.975,49960,0,38643,19
hgb,107,source_heldout,0.99,27552,0,61051,19
hgb,107,source_heldout,0.995,26429,0,62174,19
hgb,107,source_heldout,0.999,19509,0,69094,19
hgb,107,target,0.05,231027,80034,32912,2909
hgb,107,target,0.1,219661,77352,44278,5591
hgb,107,target,0.15,198761,73180,65178,9763
hgb,107,target,0.2,197570,70660,66369,12283
hgb,107,target,0.25,197356,70187,66583,12756
hgb,107,target,0.3,194706,69839,69233,13104
hgb,107,target,0.35,194479,69376,69460,13567
hgb,107,target,0.4,194201,69142,69738,13801
hgb,107,target,0.45,194125,68658,69814,14285
hgb,107,target,0.5,193435,68564,70504,14379
hgb,107,target,0.55,193237,68501,70702,14442
hgb,107,target,0.6,191825,68266,72114,14677
hgb,107,target,0.65,189396,68162,74543,14781
hgb,107,target,0.7,186286,67652,77653,15291
hgb,107,target,0.75,183807,67520,80132,15423
hgb,107,target,0.8,180498,67302,83441,15641
hgb,107,target,0.85,179185,67106,84754,15837
hgb,107,target,0.9,176775,66816,87164,16127
hgb,107,target,0.95,170256,66656,93683,16287
hgb,107,target,0.975,167320,66582,96619,16361
hgb,107,target,0.99,140001,65704,123938,17239
hgb,107,target,0.995,137082,65663,126857,17280
hgb,107,target,0.999,91016,44346,172923,38597
mlp,107,source_heldout,0.05,88562,18,41,1
mlp,107,source_heldout,0.1,88540,18,63,1
mlp,107,source_heldout,0.15,87864,5,739,14
mlp,107,source_heldout,0.2,87693,2,910,17
mlp,107,source_heldout,0.25,86799,0,1804,19
mlp,107,source_heldout,0.3,86740,0,1863,19
mlp,107,source_heldout,0.35,86654,0,1949,19
mlp,107,source_heldout,0.4,82562,0,6041,19
mlp,107,source_heldout,0.45,82343,0,6260,19
mlp,107,source_heldout,0.5,82144,0,6459,19
mlp,107,source_heldout,0.55,81976,0,6627,19
mlp,107,source_heldout,0.6,81865,0,6738,19
mlp,107,source_heldout,0.65,81620,0,6983,19
mlp,107,source_heldout,0.7,81230,0,7373,19
mlp,107,source_heldout,0.75,80376,0,8227,19
mlp,107,source_heldout,0.8,79338,0,9265,19
mlp,107,source_heldout,0.85,71459,0,17144,19
mlp,107,source_heldout,0.9,62032,0,26571,19
mlp,107,source_heldout,0.95,59559,0,29044,19
mlp,107,source_heldout,0.975,58481,0,30122,19
mlp,107,source_heldout,0.99,57604,0,30999,19
mlp,107,source_heldout,0.995,50573,0,38030,19
mlp,107,source_heldout,0.999,15341,0,73262,19
mlp,107,target,0.05,217995,79344,45944,3599
mlp,107,target,0.1,197812,73921,66127,9022
mlp,107,target,0.15,197690,72614,66249,10329
mlp,107,target,0.2,192884,69377,71055,13566
mlp,107,target,0.25,189100,68851,74839,14092
mlp,107,target,0.3,169125,68621,94814,14322
mlp,107,target,0.35,168825,68384,95114,14559
mlp,107,target,0.4,168622,68096,95317,14847
mlp,107,target,0.45,168498,67961,95441,14982
mlp,107,target,0.5,165657,67875,98282,15068
mlp,107,target,0.55,165405,67746,98534,15197
mlp,107,target,0.6,164947,67693,98992,15250
mlp,107,target,0.65,162753,67607,101186,15336
mlp,107,target,0.7,161774,67549,102165,15394
mlp,107,target,0.75,160469,67500,103470,15443
mlp,107,target,0.8,159174,67234,104765,15709
mlp,107,target,0.85,158412,66565,105527,16378
mlp,107,target,0.9,157280,66374,106659,16569
mlp,107,target,0.95,153514,66205,110425,16738
mlp,107,target,0.975,146582,65941,117357,17002
mlp,107,target,0.99,142286,65502,121653,17441
mlp,107,target,0.995,141934,65165,122005,17778
mlp,107,target,0.999,28763,2411,235176,80532
majority,108,source_heldout,0.05,98247,3958,0,0
majority,108,source_heldout,0.1,98247,3958,0,0
majority,108,source_heldout,0.15,98247,3958,0,0
majority,108,source_heldout,0.2,98247,3958,0,0
majority,108,source_heldout,0.25,98247,3958,0,0
majority,108,source_heldout,0.3,98247,3958,0,0
majority,108,source_heldout,0.35,98247,3958,0,0
majority,108,source_heldout,0.4,98247,3958,0,0
majority,108,source_heldout,0.45,98247,3958,0,0
majority,108,source_heldout,0.5,98247,3958,0,0
majority,108,source_heldout,0.55,98247,3958,0,0
majority,108,source_heldout,0.6,98247,3958,0,0
majority,108,source_heldout,0.65,98247,3958,0,0
majority,108,source_heldout,0.7,98247,3958,0,0
majority,108,source_heldout,0.75,98247,3958,0,0
majority,108,source_heldout,0.8,98247,3958,0,0
majority,108,source_heldout,0.85,98247,3958,0,0
majority,108,source_heldout,0.9,98247,3958,0,0
majority,108,source_heldout,0.95,98247,3958,0,0
majority,108,source_heldout,0.975,98247,3958,0,0
majority,108,source_heldout,0.99,98247,3958,0,0
majority,108,source_heldout,0.995,98247,3958,0,0
majority,108,source_heldout,0.999,98247,3958,0,0
majority,108,target,0.05,263939,82943,0,0
majority,108,target,0.1,263939,82943,0,0
majority,108,target,0.15,263939,82943,0,0
majority,108,target,0.2,263939,82943,0,0
majority,108,target,0.25,263939,82943,0,0
majority,108,target,0.3,263939,82943,0,0
majority,108,target,0.35,263939,82943,0,0
majority,108,target,0.4,263939,82943,0,0
majority,108,target,0.45,263939,82943,0,0
majority,108,target,0.5,263939,82943,0,0
majority,108,target,0.55,263939,82943,0,0
majority,108,target,0.6,263939,82943,0,0
majority,108,target,0.65,263939,82943,0,0
majority,108,target,0.7,263939,82943,0,0
majority,108,target,0.75,263939,82943,0,0
majority,108,target,0.8,263939,82943,0,0
majority,108,target,0.85,263939,82943,0,0
majority,108,target,0.9,263939,82943,0,0
majority,108,target,0.95,263939,82943,0,0
majority,108,target,0.975,263939,82943,0,0
majority,108,target,0.99,263939,82943,0,0
majority,108,target,0.995,263939,82943,0,0
majority,108,target,0.999,263939,82943,0,0
stratified,108,source_heldout,0.05,92220,3700,6027,258
stratified,108,source_heldout,0.1,92220,3700,6027,258
stratified,108,source_heldout,0.15,92220,3700,6027,258
stratified,108,source_heldout,0.2,92220,3700,6027,258
stratified,108,source_heldout,0.25,92220,3700,6027,258
stratified,108,source_heldout,0.3,92220,3700,6027,258
stratified,108,source_heldout,0.35,92220,3700,6027,258
stratified,108,source_heldout,0.4,92220,3700,6027,258
stratified,108,source_heldout,0.45,92220,3700,6027,258
stratified,108,source_heldout,0.5,92220,3700,6027,258
stratified,108,source_heldout,0.55,92220,3700,6027,258
stratified,108,source_heldout,0.6,92220,3700,6027,258
stratified,108,source_heldout,0.65,92220,3700,6027,258
stratified,108,source_heldout,0.7,92220,3700,6027,258
stratified,108,source_heldout,0.75,92220,3700,6027,258
stratified,108,source_heldout,0.8,92220,3700,6027,258
stratified,108,source_heldout,0.85,92220,3700,6027,258
stratified,108,source_heldout,0.9,92220,3700,6027,258
stratified,108,source_heldout,0.95,92220,3700,6027,258
stratified,108,source_heldout,0.975,92220,3700,6027,258
stratified,108,source_heldout,0.99,92220,3700,6027,258
stratified,108,source_heldout,0.995,92220,3700,6027,258
stratified,108,source_heldout,0.999,92220,3700,6027,258
stratified,108,target,0.05,247842,77898,16097,5045
stratified,108,target,0.1,247842,77898,16097,5045
stratified,108,target,0.15,247842,77898,16097,5045
stratified,108,target,0.2,247842,77898,16097,5045
stratified,108,target,0.25,247842,77898,16097,5045
stratified,108,target,0.3,247842,77898,16097,5045
stratified,108,target,0.35,247842,77898,16097,5045
stratified,108,target,0.4,247842,77898,16097,5045
stratified,108,target,0.45,247842,77898,16097,5045
stratified,108,target,0.5,247842,77898,16097,5045
stratified,108,target,0.55,247842,77898,16097,5045
stratified,108,target,0.6,247842,77898,16097,5045
stratified,108,target,0.65,247842,77898,16097,5045
stratified,108,target,0.7,247842,77898,16097,5045
stratified,108,target,0.75,247842,77898,16097,5045
stratified,108,target,0.8,247842,77898,16097,5045
stratified,108,target,0.85,247842,77898,16097,5045
stratified,108,target,0.9,247842,77898,16097,5045
stratified,108,target,0.95,247842,77898,16097,5045
stratified,108,target,0.975,247842,77898,16097,5045
stratified,108,target,0.99,247842,77898,16097,5045
stratified,108,target,0.995,247842,77898,16097,5045
stratified,108,target,0.999,247842,77898,16097,5045
logreg,108,source_heldout,0.05,97359,1789,888,2169
logreg,108,source_heldout,0.1,97105,1630,1142,2328
logreg,108,source_heldout,0.15,95657,1456,2590,2502
logreg,108,source_heldout,0.2,94790,1059,3457,2899
logreg,108,source_heldout,0.25,94700,950,3547,3008
logreg,108,source_heldout,0.3,93978,886,4269,3072
logreg,108,source_heldout,0.35,93849,833,4398,3125
logreg,108,source_heldout,0.4,93507,785,4740,3173
logreg,108,source_heldout,0.45,93030,762,5217,3196
logreg,108,source_heldout,0.5,92693,752,5554,3206
logreg,108,source_heldout,0.55,92162,592,6085,3366
logreg,108,source_heldout,0.6,86297,548,11950,3410
logreg,108,source_heldout,0.65,70920,537,27327,3421
logreg,108,source_heldout,0.7,69211,473,29036,3485
logreg,108,source_heldout,0.75,68576,247,29671,3711
logreg,108,source_heldout,0.8,67587,104,30660,3854
logreg,108,source_heldout,0.85,66852,77,31395,3881
logreg,108,source_heldout,0.9,61121,15,37126,3943
logreg,108,source_heldout,0.95,13588,3,84659,3955
logreg,108,source_heldout,0.975,6059,2,92188,3956
logreg,108,source_heldout,0.99,2919,1,95328,3957
logreg,108,source_heldout,0.995,2841,1,95406,3957
logreg,108,source_heldout,0.999,1375,1,96872,3957
logreg,108,target,0.05,257960,75577,5979,7366
logreg,108,target,0.1,229579,71403,34360,11540
logreg,108,target,0.15,179599,65793,84340,17150
logreg,108,target,0.2,155717,57820,108222,25123
logreg,108,target,0.25,135864,47997,128075,34946
logreg,108,target,0.3,120865,42224,143074,40719
logreg,108,target,0.35,104933,31636,159006,51307
logreg,108,target,0.4,94746,26526,169193,56417
logreg,108,target,0.45,84275,18452,179664,64491
logreg,108,target,0.5,79235,15949,184704,66994
logreg,108,target,0.55,73735,11397,190204,71546
logreg,108,target,0.6,68105,9114,195834,73829
logreg,108,target,0.65,67117,7941,196822,75002
logreg,108,target,0.7,43456,4105,220483,78838
logreg,108,target,0.75,29893,3578,234046,79365
logreg,108,target,0.8,8571,1333,255368,81610
logreg,108,target,0.85,8524,1241,255415,81702
logreg,108,target,0.9,8456,696,255483,82247
logreg,108,target,0.95,0,64,263939,82879
logreg,108,target,0.975,0,30,263939,82913
logreg,108,target,0.99,0,27,263939,82916
logreg,108,target,0.995,0,27,263939,82916
logreg,108,target,0.999,0,22,263939,82921
tree,108,source_heldout,0.05,98033,1114,214,2844
tree,108,source_heldout,0.1,97650,857,597,3101
tree,108,source_heldout,0.15,96670,370,1577,3588
tree,108,source_heldout,0.2,93681,220,4566,3738
tree,108,source_heldout,0.25,93654,220,4593,3738
tree,108,source_heldout,0.3,93172,177,5075,3781
tree,108,source_heldout,0.35,92967,154,5280,3804
tree,108,source_heldout,0.4,92927,148,5320,3810
tree,108,source_heldout,0.45,92653,129,5594,3829
tree,108,source_heldout,0.5,92622,123,5625,3835
tree,108,source_heldout,0.55,92622,123,5625,3835
tree,108,source_heldout,0.6,92596,123,5651,3835
tree,108,source_heldout,0.65,92595,123,5652,3835
tree,108,source_heldout,0.7,92563,123,5684,3835
tree,108,source_heldout,0.75,92563,123,5684,3835
tree,108,source_heldout,0.8,92562,122,5685,3836
tree,108,source_heldout,0.85,91994,98,6253,3860
tree,108,source_heldout,0.9,91984,97,6263,3861
tree,108,source_heldout,0.95,91850,95,6397,3863
tree,108,source_heldout,0.975,91850,95,6397,3863
tree,108,source_heldout,0.99,89576,91,8671,3867
tree,108,source_heldout,0.995,89576,91,8671,3867
tree,108,source_heldout,0.999,60954,91,37293,3867
tree,108,target,0.05,183909,65337,80030,17606
tree,108,target,0.1,183708,64222,80231,18721
tree,108,target,0.15,163546,56918,100393,26025
tree,108,target,0.2,163539,56894,100400,26049
tree,108,target,0.25,163539,56859,100400,26084
tree,108,target,0.3,163536,56847,100403,26096
tree,108,target,0.35,160602,56450,103337,26493
tree,108,target,0.4,160602,56450,103337,26493
tree,108,target,0.45,160602,56441,103337,26502
tree,108,target,0.5,160602,56388,103337,26555
tree,108,target,0.55,160580,56388,103359,26555
tree,108,target,0.6,160580,56388,103359,26555
tree,108,target,0.65,159189,56382,104750,26561
tree,108,target,0.7,159187,56382,104752,26561
tree,108,target,0.75,159187,56382,104752,26561
tree,108,target,0.8,159187,56382,104752,26561
tree,108,target,0.85,148296,56320,115643,26623
tree,108,target,0.9,148296,56320,115643,26623
tree,108,target,0.95,148296,56320,115643,26623
tree,108,target,0.975,148296,56320,115643,26623
tree,108,target,0.99,148296,56186,115643,26757
tree,108,target,0.995,148296,56186,115643,26757
tree,108,target,0.999,148296,56133,115643,26810
rf,108,source_heldout,0.05,98183,1424,64,2534
rf,108,source_heldout,0.1,98053,1230,194,2728
rf,108,source_heldout,0.15,97878,1084,369,2874
rf,108,source_heldout,0.2,97716,958,531,3000
rf,108,source_heldout,0.25,97559,844,688,3114
rf,108,source_heldout,0.3,97328,743,919,3215
rf,108,source_heldout,0.35,97145,638,1102,3320
rf,108,source_heldout,0.4,96849,545,1398,3413
rf,108,source_heldout,0.45,96604,484,1643,3474
rf,108,source_heldout,0.5,96364,416,1883,3542
rf,108,source_heldout,0.55,96113,360,2134,3598
rf,108,source_heldout,0.6,95887,312,2360,3646
rf,108,source_heldout,0.65,95622,258,2625,3700
rf,108,source_heldout,0.7,95290,206,2957,3752
rf,108,source_heldout,0.75,94948,166,3299,3792
rf,108,source_heldout,0.8,94651,132,3596,3826
rf,108,source_heldout,0.85,94261,85,3986,3873
rf,108,source_heldout,0.9,93693,60,4554,3898
rf,108,source_heldout,0.95,92442,19,5805,3939
rf,108,source_heldout,0.975,91662,6,6585,3952
rf,108,source_heldout,0.99,90412,3,7835,3955
rf,108,source_heldout,0.995,89956,3,8291,3955
rf,108,source_heldout,0.999,88411,2,9836,3956
rf,108,target,0.05,262424,82860,1515,83
rf,108,target,0.1,246749,82668,17190,275
rf,108,target,0.15,216477,79504,47462,3439
rf,108,target,0.2,212613,78899,51326,4044
rf,108,target,0.25,211434,77565,52505,5378
rf,108,target,0.3,210507,76254,53432,6689
rf,108,target,0.35,209284,75145,54655,7798
rf,108,target,0.4,206934,72467,57005,10476
rf,108,target,0.45,204664,71588,59275,11355
rf,108,target,0.5,203550,71116,60389,11827
rf,108,target,0.55,202259,70424,61680,12519
rf,108,target,0.6,198936,69971,65003,12972
rf,108,target,0.65,196762,68995,67177,13948
rf,108,target,0.7,190552,67691,73387,15252
rf,108,target,0.75,185712,66553,78227,16390
rf,108,target,0.8,168616,62731,95323,20212
rf,108,target,0.85,116084,49966,147855,32977
rf,108,target,0.9,86869,32691,177070,50252
rf,108,target,0.95,35211,1518,228728,81425
rf,108,target,0.975,29954,622,233985,82321
rf,108,target,0.99,26496,586,237443,82357
rf,108,target,0.995,26400,585,237539,82358
rf,108,target,0.999,24404,582,239535,82361
xgboost,108,source_heldout,0.05,98030,1060,217,2898
xgboost,108,source_heldout,0.1,97638,707,609,3251
xgboost,108,source_heldout,0.15,97006,439,1241,3519
xgboost,108,source_heldout,0.2,94657,233,3590,3725
xgboost,108,source_heldout,0.25,94094,178,4153,3780
xgboost,108,source_heldout,0.3,93722,144,4525,3814
xgboost,108,source_heldout,0.35,93518,116,4729,3842
xgboost,108,source_heldout,0.4,93266,81,4981,3877
xgboost,108,source_heldout,0.45,93146,66,5101,3892
xgboost,108,source_heldout,0.5,93025,57,5222,3901
xgboost,108,source_heldout,0.55,92905,49,5342,3909
xgboost,108,source_heldout,0.6,92796,43,5451,3915
xgboost,108,source_heldout,0.65,92644,38,5603,3920
xgboost,108,source_heldout,0.7,92518,32,5729,3926
xgboost,108,source_heldout,0.75,92314,29,5933,3929
xgboost,108,source_heldout,0.8,92060,24,6187,3934
xgboost,108,source_heldout,0.85,91817,21,6430,3937
xgboost,108,source_heldout,0.9,91532,7,6715,3951
xgboost,108,source_heldout,0.95,90951,6,7296,3952
xgboost,108,source_heldout,0.975,89456,3,8791,3955
xgboost,108,source_heldout,0.99,88312,2,9935,3956
xgboost,108,source_heldout,0.995,86695,2,11552,3956
xgboost,108,source_heldout,0.999,75197,0,23050,3958
xgboost,108,target,0.05,228623,78175,35316,4768
xgboost,108,target,0.1,221637,76514,42302,6429
xgboost,108,target,0.15,198171,72927,65768,10016
xgboost,108,target,0.2,197918,70602,66021,12341
xgboost,108,target,0.25,197748,69644,66191,13299
xgboost,108,target,0.3,197634,69268,66305,13675
xgboost,108,target,0.35,197619,69065,66320,13878
xgboost,108,target,0.4,197596,68864,66343,14079
xgboost,108,target,0.45,197547,68752,66392,14191
xgboost,108,target,0.5,197530,68635,66409,14308
xgboost,108,target,0.55,197528,68291,66411,14652
xgboost,108,target,0.6,197521,67893,66418,15050
xgboost,108,target,0.65,196143,67714,67796,15229
xgboost,108,target,0.7,193639,67008,70300,15935
xgboost,108,target,0.75,192227,66887,71712,16056
xgboost,108,target,0.8,187939,65827,76000,17116
xgboost,108,target,0.85,183162,65579,80777,17364
xgboost,108,target,0.9,176524,62691,87415,20252
xgboost,108,target,0.95,149542,49631,114397,33312
xgboost,108,target,0.975,84851,28159,179088,54784
xgboost,108,target,0.99,46630,8310,217309,74633
xgboost,108,target,0.995,36741,7295,227198,75648
xgboost,108,target,0.999,11813,5044,252126,77899
hgb,108,source_heldout,0.05,98080,1116,167,2842
hgb,108,source_heldout,0.1,97728,774,519,3184
hgb,108,source_heldout,0.15,97147,468,1100,3490
hgb,108,source_heldout,0.2,95088,308,3159,3650
hgb,108,source_heldout,0.25,94026,210,4221,3748
hgb,108,source_heldout,0.3,93748,180,4499,3778
hgb,108,source_heldout,0.35,93586,150,4661,3808
hgb,108,source_heldout,0.4,93415,117,4832,3841
hgb,108,source_heldout,0.45,93333,110,4914,3848
hgb,108,source_heldout,0.5,93193,86,5054,3872
hgb,108,source_heldout,0.55,93036,74,5211,3884
hgb,108,source_heldout,0.6,92938,66,5309,3892
hgb,108,source_heldout,0.65,92849,62,5398,3896
hgb,108,source_heldout,0.7,92710,58,5537,3900
hgb,108,source_heldout,0.75,92597,50,5650,3908
hgb,108,source_heldout,0.8,92437,43,5810,3915
hgb,108,source_heldout,0.85,92040,32,6207,3926
hgb,108,source_heldout,0.9,91686,14,6561,3944
hgb,108,source_heldout,0.95,90912,7,7335,3951
hgb,108,source_heldout,0.975,90220,6,8027,3952
hgb,108,source_heldout,0.99,88409,1,9838,3957
hgb,108,source_heldout,0.995,87267,1,10980,3957
hgb,108,source_heldout,0.999,77609,1,20638,3957
hgb,108,target,0.05,232075,78238,31864,4705
hgb,108,target,0.1,229007,77470,34932,5473
hgb,108,target,0.15,206913,73490,57026,9453
hgb,108,target,0.2,203919,72788,60020,10155
hgb,108,target,0.25,202866,70406,61073,12537
hgb,108,target,0.3,201563,70129,62376,12814
hgb,108,target,0.35,200409,69949,63530,12994
hgb,108,target,0.4,200025,69750,63914,13193
hgb,108,target,0.45,199392,69599,64547,13344
hgb,108,target,0.5,198686,69482,65253,13461
hgb,108,target,0.55,197618,69346,66321,13597
hgb,108,target,0.6,197470,69104,66469,13839
hgb,108,target,0.65,197286,68943,66653,14000
hgb,108,target,0.7,197228,68854,66711,14089
hgb,108,target,0.75,195586,68414,68353,14529
hgb,108,target,0.8,192927,68213,71012,14730
hgb,108,target,0.85,190847,67939,73092,15004
hgb,108,target,0.9,187023,67274,76916,15669
hgb,108,target,0.95,177566,66813,86373,16130
hgb,108,target,0.975,175885,66624,88054,16319
hgb,108,target,0.99,159531,65313,104408,17630
hgb,108,target,0.995,137395,65294,126544,17649
hgb,108,target,0.999,90649,38277,173290,44666
mlp,108,source_heldout,0.05,98032,1189,215,2769
mlp,108,source_heldout,0.1,97692,954,555,3004
mlp,108,source_heldout,0.15,96487,439,1760,3519
mlp,108,source_heldout,0.2,96018,385,2229,3573
mlp,108,source_heldout,0.25,95621,308,2626,3650
mlp,108,source_heldout,0.3,93058,195,5189,3763
mlp,108,source_heldout,0.35,92941,184,5306,3774
mlp,108,source_heldout,0.4,92731,160,5516,3798
mlp,108,source_heldout,0.45,92591,134,5656,3824
mlp,108,source_heldout,0.5,92330,110,5917,3848
mlp,108,source_heldout,0.55,92223,104,6024,3854
mlp,108,source_heldout,0.6,92083,90,6164,3868
mlp,108,source_heldout,0.65,91910,75,6337,3883
mlp,108,source_heldout,0.7,91615,66,6632,3892
mlp,108,source_heldout,0.75,91252,59,6995,3899
mlp,108,source_heldout,0.8,90644,57,7603,3901
mlp,108,source_heldout,0.85,90183,36,8064,3922
mlp,108,source_heldout,0.9,89516,25,8731,3933
mlp,108,source_heldout,0.95,85186,14,13061,3944
mlp,108,source_heldout,0.975,84601,4,13646,3954
mlp,108,source_heldout,0.99,82997,1,15250,3957
mlp,108,source_heldout,0.995,80689,1,17558,3957
mlp,108,source_heldout,0.999,50939,0,47308,3958
mlp,108,target,0.05,217896,77610,46043,5333
mlp,108,target,0.1,217783,76462,46156,6481
mlp,108,target,0.15,197925,70032,66014,12911
mlp,108,target,0.2,197689,69647,66250,13296
mlp,108,target,0.25,197636,69274,66303,13669
mlp,108,target,0.3,197601,68933,66338,14010
mlp,108,target,0.35,197574,68598,66365,14345
mlp,108,target,0.4,197569,68493,66370,14450
mlp,108,target,0.45,197569,68403,66370,14540
mlp,108,target,0.5,177610,68266,86329,14677
mlp,108,target,0.55,177569,68177,86370,14766
mlp,108,target,0.6,177568,67930,86371,15013
mlp,108,target,0.65,177567,67795,86372,15148
mlp,108,target,0.7,176203,67688,87736,15255
mlp,108,target,0.75,176128,67632,87811,15311
mlp,108,target,0.8,176107,67575,87832,15368
mlp,108,target,0.85,176081,67430,87858,15513
mlp,108,target,0.9,172742,67157,91197,15786
mlp,108,target,0.95,156484,66810,107455,16133
mlp,108,target,0.975,147668,66103,116271,16840
mlp,108,target,0.99,147572,66042,116367,16901
mlp,108,target,0.995,147517,66030,116422,16913
mlp,108,target,0.999,146114,64945,117825,17998
majority,109,source_heldout,0.05,106972,5167,0,0
majority,109,source_heldout,0.1,106972,5167,0,0
majority,109,source_heldout,0.15,106972,5167,0,0
majority,109,source_heldout,0.2,106972,5167,0,0
majority,109,source_heldout,0.25,106972,5167,0,0
majority,109,source_heldout,0.3,106972,5167,0,0
majority,109,source_heldout,0.35,106972,5167,0,0
majority,109,source_heldout,0.4,106972,5167,0,0
majority,109,source_heldout,0.45,106972,5167,0,0
majority,109,source_heldout,0.5,106972,5167,0,0
majority,109,source_heldout,0.55,106972,5167,0,0
majority,109,source_heldout,0.6,106972,5167,0,0
majority,109,source_heldout,0.65,106972,5167,0,0
majority,109,source_heldout,0.7,106972,5167,0,0
majority,109,source_heldout,0.75,106972,5167,0,0
majority,109,source_heldout,0.8,106972,5167,0,0
majority,109,source_heldout,0.85,106972,5167,0,0
majority,109,source_heldout,0.9,106972,5167,0,0
majority,109,source_heldout,0.95,106972,5167,0,0
majority,109,source_heldout,0.975,106972,5167,0,0
majority,109,source_heldout,0.99,106972,5167,0,0
majority,109,source_heldout,0.995,106972,5167,0,0
majority,109,source_heldout,0.999,106972,5167,0,0
majority,109,target,0.05,263939,82943,0,0
majority,109,target,0.1,263939,82943,0,0
majority,109,target,0.15,263939,82943,0,0
majority,109,target,0.2,263939,82943,0,0
majority,109,target,0.25,263939,82943,0,0
majority,109,target,0.3,263939,82943,0,0
majority,109,target,0.35,263939,82943,0,0
majority,109,target,0.4,263939,82943,0,0
majority,109,target,0.45,263939,82943,0,0
majority,109,target,0.5,263939,82943,0,0
majority,109,target,0.55,263939,82943,0,0
majority,109,target,0.6,263939,82943,0,0
majority,109,target,0.65,263939,82943,0,0
majority,109,target,0.7,263939,82943,0,0
majority,109,target,0.75,263939,82943,0,0
majority,109,target,0.8,263939,82943,0,0
majority,109,target,0.85,263939,82943,0,0
majority,109,target,0.9,263939,82943,0,0
majority,109,target,0.95,263939,82943,0,0
majority,109,target,0.975,263939,82943,0,0
majority,109,target,0.99,263939,82943,0,0
majority,109,target,0.995,263939,82943,0,0
majority,109,target,0.999,263939,82943,0,0
stratified,109,source_heldout,0.05,100724,4855,6248,312
stratified,109,source_heldout,0.1,100724,4855,6248,312
stratified,109,source_heldout,0.15,100724,4855,6248,312
stratified,109,source_heldout,0.2,100724,4855,6248,312
stratified,109,source_heldout,0.25,100724,4855,6248,312
stratified,109,source_heldout,0.3,100724,4855,6248,312
stratified,109,source_heldout,0.35,100724,4855,6248,312
stratified,109,source_heldout,0.4,100724,4855,6248,312
stratified,109,source_heldout,0.45,100724,4855,6248,312
stratified,109,source_heldout,0.5,100724,4855,6248,312
stratified,109,source_heldout,0.55,100724,4855,6248,312
stratified,109,source_heldout,0.6,100724,4855,6248,312
stratified,109,source_heldout,0.65,100724,4855,6248,312
stratified,109,source_heldout,0.7,100724,4855,6248,312
stratified,109,source_heldout,0.75,100724,4855,6248,312
stratified,109,source_heldout,0.8,100724,4855,6248,312
stratified,109,source_heldout,0.85,100724,4855,6248,312
stratified,109,source_heldout,0.9,100724,4855,6248,312
stratified,109,source_heldout,0.95,100724,4855,6248,312
stratified,109,source_heldout,0.975,100724,4855,6248,312
stratified,109,source_heldout,0.99,100724,4855,6248,312
stratified,109,source_heldout,0.995,100724,4855,6248,312
stratified,109,source_heldout,0.999,100724,4855,6248,312
stratified,109,target,0.05,248574,78126,15365,4817
stratified,109,target,0.1,248574,78126,15365,4817
stratified,109,target,0.15,248574,78126,15365,4817
stratified,109,target,0.2,248574,78126,15365,4817
stratified,109,target,0.25,248574,78126,15365,4817
stratified,109,target,0.3,248574,78126,15365,4817
stratified,109,target,0.35,248574,78126,15365,4817
stratified,109,target,0.4,248574,78126,15365,4817
stratified,109,target,0.45,248574,78126,15365,4817
stratified,109,target,0.5,248574,78126,15365,4817
stratified,109,target,0.55,248574,78126,15365,4817
stratified,109,target,0.6,248574,78126,15365,4817
stratified,109,target,0.65,248574,78126,15365,4817
stratified,109,target,0.7,248574,78126,15365,4817
stratified,109,target,0.75,248574,78126,15365,4817
stratified,109,target,0.8,248574,78126,15365,4817
stratified,109,target,0.85,248574,78126,15365,4817
stratified,109,target,0.9,248574,78126,15365,4817
stratified,109,target,0.95,248574,78126,15365,4817
stratified,109,target,0.975,248574,78126,15365,4817
stratified,109,target,0.99,248574,78126,15365,4817
stratified,109,target,0.995,248574,78126,15365,4817
stratified,109,target,0.999,248574,78126,15365,4817
logreg,109,source_heldout,0.05,104735,2739,2237,2428
logreg,109,source_heldout,0.1,103889,2465,3083,2702
logreg,109,source_heldout,0.15,101547,1918,5425,3249
logreg,109,source_heldout,0.2,100859,1681,6113,3486
logreg,109,source_heldout,0.25,99927,1379,7045,3788
logreg,109,source_heldout,0.3,99107,1305,7865,3862
logreg,109,source_heldout,0.35,98818,1240,8154,3927
logreg,109,source_heldout,0.4,98422,1172,8550,3995
logreg,109,source_heldout,0.45,97082,1087,9890,4080
logreg,109,source_heldout,0.5,95692,881,11280,4286
logreg,109,source_heldout,0.55,93801,812,13171,4355
logreg,109,source_heldout,0.6,92407,802,14565,4365
logreg,109,source_heldout,0.65,75919,729,31053,4438
logreg,109,source_heldout,0.7,71282,666,35690,4501
logreg,109,source_heldout,0.75,70707,482,36265,4685
logreg,109,source_heldout,0.8,69744,328,37228,4839
logreg,109,source_heldout,0.85,68180,172,38792,4995
logreg,109,source_heldout,0.9,64779,102,42193,5065
logreg,109,source_heldout,0.95,17264,23,89708,5144
logreg,109,source_heldout,0.975,12909,16,94063,5151
logreg,109,source_heldout,0.99,8893,9,98079,5158
logreg,109,source_heldout,0.995,5811,7,101161,5160
logreg,109,source_heldout,0.999,2869,3,104103,5164
logreg,109,target,0.05,229440,70381,34499,12562
logreg,109,target,0.1,182347,59216,81592,23727
logreg,109,target,0.15,140256,48698,123683,34245
logreg,109,target,0.2,123799,42532,140140,40411
logreg,109,target,0.25,106953,32123,156986,50820
logreg,109,target,0.3,99318,28517,164621,54426
logreg,109,target,0.35,88811,21725,175128,61218
logreg,109,target,0.4,81400,16715,182539,66228
logreg,109,target,0.45,76348,13425,187591,69518
logreg,109,target,0.5,71991,11600,191948,71343
logreg,109,target,0.55,69753,10853,194186,72090
logreg,109,target,0.6,67500,8724,196439,74219
logreg,109,target,0.65,67102,8248,196837,74695
logreg,109,target,0.7,66088,7374,197851,75569
logreg,109,target,0.75,50965,6857,212974,76086
logreg,109,target,0.8,49883,6715,214056,76228
logreg,109,target,0.85,29867,1334,234072,81609
logreg,109,target,0.9,8522,974,255417,81969
logreg,109,target,0.95,92,554,263847,82389
logreg,109,target,0.975,0,79,263939,82864
logreg,109,target,0.99,0,35,263939,82908
logreg,109,target,0.995,0,30,263939,82913
logreg,109,target,0.999,0,27,263939,82916
tree,109,source_heldout,0.05,101926,1249,5046,3918
tree,109,source_heldout,0.1,99401,852,7571,4315
tree,109,source_heldout,0.15,98660,553,8312,4614
tree,109,source_heldout,0.2,95820,398,11152,4769
tree,109,source_heldout,0.25,95770,389,11202,4778
tree,109,source_heldout,0.3,95424,363,11548,4804
tree,109,source_heldout,0.35,95424,363,11548,4804
tree,109,source_heldout,0.4,95317,345,11655,4822
tree,109,source_heldout,0.45,95214,338,11758,4829
tree,109,source_heldout,0.5,95193,334,11779,4833
tree,109,source_heldout,0.55,95193,334,11779,4833
tree,109,source_heldout,0.6,95193,334,11779,4833
tree,109,source_heldout,0.65,95172,333,11800,4834
tree,109,source_heldout,0.7,95055,329,11917,4838
tree,109,source_heldout,0.75,94921,328,12051,4839
tree,109,source_heldout,0.8,94784,316,12188,4851
tree,109,source_heldout,0.85,94770,315,12202,4852
tree,109,source_heldout,0.9,94769,315,12203,4852
tree,109,source_heldout,0.95,94300,311,12672,4856
tree,109,source_heldout,0.975,94300,311,12672,4856
tree,109,source_heldout,0.99,91769,308,15203,4859
tree,109,source_heldout,0.995,89207,308,17765,4859
tree,109,source_heldout,0.999,85536,307,21436,4860
tree,109,target,0.05,179435,71439,84504,11504
tree,109,target,0.1,176236,70664,87703,12279
tree,109,target,0.15,176236,70588,87703,12355
tree,109,target,0.2,176234,70568,87705,12375
tree,109,target,0.25,176234,70568,87705,12375
tree,109,target,0.3,176161,70545,87778,12398
tree,109,target,0.35,176161,70545,87778,12398
tree,109,target,0.4,176159,70510,87780,12433
tree,109,target,0.45,176159,70509,87780,12434
tree,109,target,0.5,176157,70509,87782,12434
tree,109,target,0.55,176157,70509,87782,12434
tree,109,target,0.6,176157,70509,87782,12434
tree,109,target,0.65,176157,70509,87782,12434
tree,109,target,0.7,176157,70333,87782,12610
tree,109,target,0.75,176157,70333,87782,12610
tree,109,target,0.8,176148,70323,87791,12620
tree,109,target,0.85,176148,70323,87791,12620
tree,109,target,0.9,176148,70323,87791,12620
tree,109,target,0.95,174789,70319,89150,12624
tree,109,target,0.975,174789,70319,89150,12624
tree,109,target,0.99,174789,70307,89150,12636
tree,109,target,0.995,166431,70307,97508,12636
tree,109,target,0.999,166431,70258,97508,12685
rf,109,source_heldout,0.05,102909,2098,4063,3069
rf,109,source_heldout,0.1,102186,1743,4786,3424
rf,109,source_heldout,0.15,101665,1529,5307,3638
rf,109,source_heldout,0.2,101290,1302,5682,3865
rf,109,source_heldout,0.25,100956,1140,6016,4027
rf,109,source_heldout,0.3,100521,1004,6451,4163
rf,109,source_heldout,0.35,100162,881,6810,4286
rf,109,source_heldout,0.4,99594,791,7378,4376
rf,109,source_heldout,0.45,99006,678,7966,4489
rf,109,source_heldout,0.5,98677,590,8295,4577
rf,109,source_heldout,0.55,98371,509,8601,4658
rf,109,source_heldout,0.6,97879,428,9093,4739
rf,109,source_heldout,0.65,97355,354,9617,4813
rf,109,source_heldout,0.7,96880,282,10092,4885
rf,109,source_heldout,0.75,96249,219,10723,4948
rf,109,source_heldout,0.8,95574,156,11398,5011
rf,109,source_heldout,0.85,94879,126,12093,5041
rf,109,source_heldout,0.9,93857,71,13115,5096
rf,109,source_heldout,0.95,92407,37,14565,5130
rf,109,source_heldout,0.975,91280,29,15692,5138
rf,109,source_heldout,0.99,90245,8,16727,5159
rf,109,source_heldout,0.995,89575,5,17397,5162
rf,109,source_heldout,0.999,83966,2,23006,5165
rf,109,target,0.05,219377,79483,44562,3460
rf,109,target,0.1,214289,78908,49650,4035
rf,109,target,0.15,208795,78287,55144,4656
rf,109,target,0.2,201550,75155,62389,7788
rf,109,target,0.25,198337,73523,65602,9420
rf,109,target,0.3,196980,71813,66959,11130
rf,109,target,0.35,196478,70814,67461,12129
rf,109,target,0.4,176434,69990,87505,12953
rf,109,target,0.45,176249,69112,87690,13831
rf,109,target,0.5,176202,68845,87737,14098
rf,109,target,0.55,176152,68727,87787,14216
rf,109,target,0.6,176123,68535,87816,14408
rf,109,target,0.65,176115,68202,87824,14741
rf,109,target,0.7,176109,68004,87830,14939
rf,109,target,0.75,172626,66939,91313,16004
rf,109,target,0.8,158946,64739,104993,18204
rf,109,target,0.85,138301,60271,125638,22672
rf,109,target,0.9,111328,51736,152611,31207
rf,109,target,0.95,41946,6332,221993,76611
rf,109,target,0.975,28303,1479,235636,81464
rf,109,target,0.99,26905,589,237034,82354
rf,109,target,0.995,26558,581,237381,82362
rf,109,target,0.999,377,0,263562,82943
xgboost,109,source_heldout,0.05,101171,1404,5801,3763
xgboost,109,source_heldout,0.1,99977,929,6995,4238
xgboost,109,source_heldout,0.15,98766,561,8206,4606
xgboost,109,source_heldout,0.2,96934,407,10038,4760
xgboost,109,source_heldout,0.25,96183,330,10789,4837
xgboost,109,source_heldout,0.3,95330,258,11642,4909
xgboost,109,source_heldout,0.35,94998,226,11974,4941
xgboost,109,source_heldout,0.4,94714,198,12258,4969
xgboost,109,source_heldout,0.45,94440,176,12532,4991
xgboost,109,source_heldout,0.5,94284,159,12688,5008
xgboost,109,source_heldout,0.55,93997,144,12975,5023
xgboost,109,source_heldout,0.6,93773,124,13199,5043
xgboost,109,source_heldout,0.65,93554,116,13418,5051
xgboost,109,source_heldout,0.7,93216,91,13756,5076
xgboost,109,source_heldout,0.75,92966,71,14006,5096
xgboost,109,source_heldout,0.8,92711,62,14261,5105
xgboost,109,source_heldout,0.85,92306,57,14666,5110
xgboost,109,source_heldout,0.9,91790,42,15182,5125
xgboost,109,source_heldout,0.95,91057,32,15915,5135
xgboost,109,source_heldout,0.975,89873,20,17099,5147
xgboost,109,source_heldout,0.99,88348,5,18624,5162
xgboost,109,source_heldout,0.995,86398,5,20574,5162
xgboost,109,source_heldout,0.999,79709,3,27263,5164
xgboost,109,target,0.05,197932,70530,66007,12413
xgboost,109,target,0.1,196261,69039,67678,13904
xgboost,109,target,0.15,196203,68790,67736,14153
xgboost,109,target,0.2,196181,68659,67758,14284
xgboost,109,target,0.25,196152,68476,67787,14467
xgboost,109,target,0.3,196128,68418,67811,14525
xgboost,109,target,0.35,196085,68373,67854,14570
xgboost,109,target,0.4,196073,68305,67866,14638
xgboost,109,target,0.45,196071,68037,67868,14906
xgboost,109,target,0.5,196044,67904,67895,15039
xgboost,109,target,0.55,196039,67849,67900,15094
xgboost,109,target,0.6,195998,67752,67941,15191
xgboost,109,target,0.65,195888,67705,68051,15238
xgboost,109,target,0.7,195486,67647,68453,15296
xgboost,109,target,0.75,194710,67527,69229,15416
xgboost,109,target,0.8,168491,66296,95448,16647
xgboost,109,target,0.85,163798,65520,100141,17423
xgboost,109,target,0.9,156143,63705,107796,19238
xgboost,109,target,0.95,147790,63340,116149,19603
xgboost,109,target,0.975,128131,59398,135808,23545
xgboost,109,target,0.99,90582,47105,173357,35838
xgboost,109,target,0.995,39022,13926,224917,69017
xgboost,109,target,0.999,14335,6578,249604,76365
hgb,109,source_heldout,0.05,101487,1482,5485,3685
hgb,109,source_heldout,0.1,100251,975,6721,4192
hgb,109,source_heldout,0.15,99037,638,7935,4529
hgb,109,source_heldout,0.2,97603,477,9369,4690
hgb,109,source_heldout,0.25,95731,350,11241,4817
hgb,109,source_heldout,0.3,95333,290,11639,4877
hgb,109,source_heldout,0.35,95008,260,11964,4907
hgb,109,source_heldout,0.4,94560,217,12412,4950
hgb,109,source_heldout,0.45,94269,181,12703,4986
hgb,109,source_heldout,0.5,94040,168,12932,4999
hgb,109,source_heldout,0.55,93755,152,13217,5015
hgb,109,source_heldout,0.6,93424,135,13548,5032
hgb,109,source_heldout,0.65,93080,129,13892,5038
hgb,109,source_heldout,0.7,92894,122,14078,5045
hgb,109,source_heldout,0.75,92607,110,14365,5057
hgb,109,source_heldout,0.8,92179,86,14793,5081
hgb,109,source_heldout,0.85,91743,70,15229,5097
hgb,109,source_heldout,0.9,91145,47,15827,5120
hgb,109,source_heldout,0.95,89829,24,17143,5143
hgb,109,source_heldout,0.975,88442,21,18530,5146
hgb,109,source_heldout,0.99,86293,5,20679,5162
hgb,109,source_heldout,0.995,85274,3,21698,5164
hgb,109,source_heldout,0.999,71736,3,35236,5164
hgb,109,target,0.05,198028,70211,65911,12732
hgb,109,target,0.1,196191,69456,67748,13487
hgb,109,target,0.15,196155,69167,67784,13776
hgb,109,target,0.2,196054,68982,67885,13961
hgb,109,target,0.25,196046,68878,67893,14065
hgb,109,target,0.3,196043,68610,67896,14333
hgb,109,target,0.35,196041,68536,67898,14407
hgb,109,target,0.4,196040,68503,67899,14440
hgb,109,target,0.45,196040,68453,67899,14490
hgb,109,target,0.5,196038,68387,67901,14556
hgb,109,target,0.55,196036,68300,67903,14643
hgb,109,target,0.6,195973,68205,67966,14738
hgb,109,target,0.65,195957,67820,67982,15123
hgb,109,target,0.7,195828,67628,68111,15315
hgb,109,target,0.75,175871,67547,88068,15396
hgb,109,target,0.8,175573,67262,88366,15681
hgb,109,target,0.85,174284,66996,89655,15947
hgb,109,target,0.9,168935,66792,95004,16151
hgb,109,target,0.95,160964,66686,102975,16257
hgb,109,target,0.975,146449,66002,117490,16941
hgb,109,target,0.99,137487,64733,126452,18210
hgb,109,target,0.995,123462,60675,140477,22268
hgb,109,target,0.999,117304,59617,146635,23326
mlp,109,source_heldout,0.05,101425,1378,5547,3789
mlp,109,source_heldout,0.1,99417,826,7555,4341
mlp,109,source_heldout,0.15,96635,485,10337,4682
mlp,109,source_heldout,0.2,95734,390,11238,4777
mlp,109,source_heldout,0.25,94931,294,12041,4873
mlp,109,source_heldout,0.3,94501,271,12471,4896
mlp,109,source_heldout,0.35,93945,246,13027,4921
mlp,109,source_heldout,0.4,93614,194,13358,4973
mlp,109,source_heldout,0.45,93281,161,13691,5006
mlp,109,source_heldout,0.5,92901,139,14071,5028
mlp,109,source_heldout,0.55,92658,126,14314,5041
mlp,109,source_heldout,0.6,92332,101,14640,5066
mlp,109,source_heldout,0.65,92076,97,14896,5070
mlp,109,source_heldout,0.7,91862,83,15110,5084
mlp,109,source_heldout,0.75,91611,73,15361,5094
mlp,109,source_heldout,0.8,91327,60,15645,5107
mlp,109,source_heldout,0.85,90690,56,16282,5111
mlp,109,source_heldout,0.9,90139,50,16833,5117
mlp,109,source_heldout,0.95,86000,18,20972,5149
mlp,109,source_heldout,0.975,84934,12,22038,5155
mlp,109,source_heldout,0.99,83408,6,23564,5161
mlp,109,source_heldout,0.995,82033,4,24939,5163
mlp,109,source_heldout,0.999,60123,2,46849,5165
mlp,109,target,0.05,197800,70287,66139,12656
mlp,109,target,0.1,197626,69361,66313,13582
mlp,109,target,0.15,177662,69023,86277,13920
mlp,109,target,0.2,176285,68836,87654,14107
mlp,109,target,0.25,176278,68634,87661,14309
mlp,109,target,0.3,176252,68603,87687,14340
mlp,109,target,0.35,173958,68560,89981,14383
mlp,109,target,0.4,173424,68482,90515,14461
mlp,109,target,0.45,171459,68388,92480,14555
mlp,109,target,0.5,167892,68341,96047,14602
mlp,109,target,0.55,167885,68225,96054,14718
mlp,109,target,0.6,167878,68148,96061,14795
mlp,109,target,0.65,167861,68096,96078,14847
mlp,109,target,0.7,167860,67528,96079,15415
mlp,109,target,0.75,167856,67462,96083,15481
mlp,109,target,0.8,167753,67393,96186,15550
mlp,109,target,0.85,167747,67314,96192,15629
mlp,109,target,0.9,167687,67203,96252,15740
mlp,109,target,0.95,167598,66590,96341,16353
mlp,109,target,0.975,165715,66421,98224,16522
mlp,109,target,0.99,161939,66306,102000,16637
mlp,109,target,0.995,151695,66084,112244,16859
mlp,109,target,0.999,147376,66006,116563,16937
majority,110,source_heldout,0.05,88648,15,0,0
majority,110,source_heldout,0.1,88648,15,0,0
majority,110,source_heldout,0.15,88648,15,0,0
majority,110,source_heldout,0.2,88648,15,0,0
majority,110,source_heldout,0.25,88648,15,0,0
majority,110,source_heldout,0.3,88648,15,0,0
majority,110,source_heldout,0.35,88648,15,0,0
majority,110,source_heldout,0.4,88648,15,0,0
majority,110,source_heldout,0.45,88648,15,0,0
majority,110,source_heldout,0.5,88648,15,0,0
majority,110,source_heldout,0.55,88648,15,0,0
majority,110,source_heldout,0.6,88648,15,0,0
majority,110,source_heldout,0.65,88648,15,0,0
majority,110,source_heldout,0.7,88648,15,0,0
majority,110,source_heldout,0.75,88648,15,0,0
majority,110,source_heldout,0.8,88648,15,0,0
majority,110,source_heldout,0.85,88648,15,0,0
majority,110,source_heldout,0.9,88648,15,0,0
majority,110,source_heldout,0.95,88648,15,0,0
majority,110,source_heldout,0.975,88648,15,0,0
majority,110,source_heldout,0.99,88648,15,0,0
majority,110,source_heldout,0.995,88648,15,0,0
majority,110,source_heldout,0.999,88648,15,0,0
majority,110,target,0.05,263939,82943,0,0
majority,110,target,0.1,263939,82943,0,0
majority,110,target,0.15,263939,82943,0,0
majority,110,target,0.2,263939,82943,0,0
majority,110,target,0.25,263939,82943,0,0
majority,110,target,0.3,263939,82943,0,0
majority,110,target,0.35,263939,82943,0,0
majority,110,target,0.4,263939,82943,0,0
majority,110,target,0.45,263939,82943,0,0
majority,110,target,0.5,263939,82943,0,0
majority,110,target,0.55,263939,82943,0,0
majority,110,target,0.6,263939,82943,0,0
majority,110,target,0.65,263939,82943,0,0
majority,110,target,0.7,263939,82943,0,0
majority,110,target,0.75,263939,82943,0,0
majority,110,target,0.8,263939,82943,0,0
majority,110,target,0.85,263939,82943,0,0
majority,110,target,0.9,263939,82943,0,0
majority,110,target,0.95,263939,82943,0,0
majority,110,target,0.975,263939,82943,0,0
majority,110,target,0.99,263939,82943,0,0
majority,110,target,0.995,263939,82943,0,0
majority,110,target,0.999,263939,82943,0,0
stratified,110,source_heldout,0.05,81833,13,6815,2
stratified,110,source_heldout,0.1,81833,13,6815,2
stratified,110,source_heldout,0.15,81833,13,6815,2
stratified,110,source_heldout,0.2,81833,13,6815,2
stratified,110,source_heldout,0.25,81833,13,6815,2
stratified,110,source_heldout,0.3,81833,13,6815,2
stratified,110,source_heldout,0.35,81833,13,6815,2
stratified,110,source_heldout,0.4,81833,13,6815,2
stratified,110,source_heldout,0.45,81833,13,6815,2
stratified,110,source_heldout,0.5,81833,13,6815,2
stratified,110,source_heldout,0.55,81833,13,6815,2
stratified,110,source_heldout,0.6,81833,13,6815,2
stratified,110,source_heldout,0.65,81833,13,6815,2
stratified,110,source_heldout,0.7,81833,13,6815,2
stratified,110,source_heldout,0.75,81833,13,6815,2
stratified,110,source_heldout,0.8,81833,13,6815,2
stratified,110,source_heldout,0.85,81833,13,6815,2
stratified,110,source_heldout,0.9,81833,13,6815,2
stratified,110,source_heldout,0.95,81833,13,6815,2
stratified,110,source_heldout,0.975,81833,13,6815,2
stratified,110,source_heldout,0.99,81833,13,6815,2
stratified,110,source_heldout,0.995,81833,13,6815,2
stratified,110,source_heldout,0.999,81833,13,6815,2
stratified,110,target,0.05,243778,76648,20161,6295
stratified,110,target,0.1,243778,76648,20161,6295
stratified,110,target,0.15,243778,76648,20161,6295
stratified,110,target,0.2,243778,76648,20161,6295
stratified,110,target,0.25,243778,76648,20161,6295
stratified,110,target,0.3,243778,76648,20161,6295
stratified,110,target,0.35,243778,76648,20161,6295
stratified,110,target,0.4,243778,76648,20161,6295
stratified,110,target,0.45,243778,76648,20161,6295
stratified,110,target,0.5,243778,76648,20161,6295
stratified,110,target,0.55,243778,76648,20161,6295
stratified,110,target,0.6,243778,76648,20161,6295
stratified,110,target,0.65,243778,76648,20161,6295
stratified,110,target,0.7,243778,76648,20161,6295
stratified,110,target,0.75,243778,76648,20161,6295
stratified,110,target,0.8,243778,76648,20161,6295
stratified,110,target,0.85,243778,76648,20161,6295
stratified,110,target,0.9,243778,76648,20161,6295
stratified,110,target,0.95,243778,76648,20161,6295
stratified,110,target,0.975,243778,76648,20161,6295
stratified,110,target,0.99,243778,76648,20161,6295
stratified,110,target,0.995,243778,76648,20161,6295
stratified,110,target,0.999,243778,76648,20161,6295
logreg,110,source_heldout,0.05,88634,11,14,4
logreg,110,source_heldout,0.1,88026,9,622,6
logreg,110,source_heldout,0.15,88013,4,635,11
logreg,110,source_heldout,0.2,87329,4,1319,11
logreg,110,source_heldout,0.25,86758,4,1890,11
logreg,110,source_heldout,0.3,86264,4,2384,11
logreg,110,source_heldout,0.35,86156,4,2492,11
logreg,110,source_heldout,0.4,86100,4,2548,11
logreg,110,source_heldout,0.45,85993,3,2655,12
logreg,110,source_heldout,0.5,82650,3,5998,12
logreg,110,source_heldout,0.55,82408,3,6240,12
logreg,110,source_heldout,0.6,82220,3,6428,12
logreg,110,source_heldout,0.65,82015,3,6633,12
logreg,110,source_heldout,0.7,79364,3,9284,12
logreg,110,source_heldout,0.75,59275,3,29373,12
logreg,110,source_heldout,0.8,58237,3,30411,12
logreg,110,source_heldout,0.85,54315,2,34333,13
logreg,110,source_heldout,0.9,49264,2,39384,13
logreg,110,source_heldout,0.95,3165,2,85483,13
logreg,110,source_heldout,0.975,2154,2,86494,13
logreg,110,source_heldout,0.99,1082,2,87566,13
logreg,110,source_heldout,0.995,844,2,87804,13
logreg,110,source_heldout,0.999,469,2,88179,13
logreg,110,target,0.05,252500,74786,11439,8157
logreg,110,target,0.1,211596,69216,52343,13727
logreg,110,target,0.15,181793,60650,82146,22293
logreg,110,target,0.2,136763,48623,127176,34320
logreg,110,target,0.25,121789,42433,142150,40510
logreg,110,target,0.3,105622,32103,158317,50840
logreg,110,target,0.35,92275,24626,171664,58317
logreg,110,target,0.4,84966,18998,178973,63945
logreg,110,target,0.45,76722,13298,187217,69645
logreg,110,target,0.5,72937,10866,191002,72077
logreg,110,target,0.55,67897,8765,196042,74178
logreg,110,target,0.6,66839,8081,197100,74862
logreg,110,target,0.65,46143,4259,217796,78684
logreg,110,target,0.7,25644,3615,238295,79328
logreg,110,target,0.75,19503,1454,244436,81489
logreg,110,target,0.8,8531,1307,255408,81636
logreg,110,target,0.85,8523,794,255416,82149
logreg,110,target,0.9,8412,435,255527,82508
logreg,110,target,0.95,0,32,263939,82911
logreg,110,target,0.975,0,27,263939,82916
logreg,110,target,0.99,0,27,263939,82916
logreg,110,target,0.995,0,26,263939,82917
logreg,110,target,0.999,0,21,263939,82922
tree,110,source_heldout,0.05,81883,12,6765,3
tree,110,source_heldout,0.1,65369,11,23279,4
tree,110,source_heldout,0.15,60097,10,28551,5
tree,110,source_heldout,0.2,60021,9,28627,6
tree,110,source_heldout,0.25,60016,9,28632,6
tree,110,source_heldout,0.3,59995,9,28653,6
tree,110,source_heldout,0.35,59995,9,28653,6
tree,110,source_heldout,0.4,59979,9,28669,6
tree,110,source_heldout,0.45,59969,8,28679,7
tree,110,source_heldout,0.5,59969,8,28679,7
tree,110,source_heldout,0.55,59833,8,28815,7
tree,110,source_heldout,0.6,59833,8,28815,7
tree,110,source_heldout,0.65,59833,8,28815,7
tree,110,source_heldout,0.7,59833,8,28815,7
tree,110,source_heldout,0.75,59826,8,28822,7
tree,110,source_heldout,0.8,59823,8,28825,7
tree,110,source_heldout,0.85,59823,8,28825,7
tree,110,source_heldout,0.9,57976,7,30672,8
tree,110,source_heldout,0.95,57976,7,30672,8
tree,110,source_heldout,0.975,57976,7,30672,8
tree,110,source_heldout,0.99,57976,7,30672,8
tree,110,source_heldout,0.995,57566,7,31082,8
tree,110,source_heldout,0.999,56667,7,31981,8
tree,110,target,0.05,192769,75755,71170,7188
tree,110,target,0.1,183682,74821,80257,8122
tree,110,target,0.15,163314,65562,100625,17381
tree,110,target,0.2,163314,65378,100625,17565
tree,110,target,0.25,163314,65350,100625,17593
tree,110,target,0.3,163314,64918,100625,18025
tree,110,target,0.35,163314,64918,100625,18025
tree,110,target,0.4,163299,64910,100640,18033
tree,110,target,0.45,163299,64854,100640,18089
tree,110,target,0.5,163299,64854,100640,18089
tree,110,target,0.55,163152,64853,100787,18090
tree,110,target,0.6,163152,64853,100787,18090
tree,110,target,0.65,163152,64853,100787,18090
tree,110,target,0.7,163152,64721,100787,18222
tree,110,target,0.75,163078,64721,100861,18222
tree,110,target,0.8,161719,64717,102220,18226
tree,110,target,0.85,161719,64717,102220,18226
tree,110,target,0.9,161706,64499,102233,18444
tree,110,target,0.95,161706,64401,102233,18542
tree,110,target,0.975,161706,64401,102233,18542
tree,110,target,0.99,161706,64401,102233,18542
tree,110,target,0.995,161706,64400,102233,18543
tree,110,target,0.999,161706,64400,102233,18543
rf,110,source_heldout,0.05,88648,15,0,0
rf,110,source_heldout,0.1,88646,13,2,2
rf,110,source_heldout,0.15,88641,13,7,2
rf,110,source_heldout,0.2,88631,13,17,2
rf,110,source_heldout,0.25,88584,13,64,2
rf,110,source_heldout,0.3,77939,13,10709,2
rf,110,source_heldout,0.35,74932,13,13716,2
rf,110,source_heldout,0.4,74519,13,14129,2
rf,110,source_heldout,0.45,73556,11,15092,4
rf,110,source_heldout,0.5,72312,11,16336,4
rf,110,source_heldout,0.55,72010,10,16638,5
rf,110,source_heldout,0.6,71761,10,16887,5
rf,110,source_heldout,0.65,68081,9,20567,6
rf,110,source_heldout,0.7,64311,9,24337,6
rf,110,source_heldout,0.75,61115,1,27533,14
rf,110,source_heldout,0.8,53759,0,34889,15
rf,110,source_heldout,0.85,49564,0,39084,15
rf,110,source_heldout,0.9,47976,0,40672,15
rf,110,source_heldout,0.95,38534,0,50114,15
rf,110,source_heldout,0.975,37642,0,51006,15
rf,110,source_heldout,0.99,33422,0,55226,15
rf,110,source_heldout,0.995,8240,0,80408,15
rf,110,source_heldout,0.999,7074,0,81574,15
rf,110,target,0.05,255448,82897,8491,46
rf,110,target,0.1,240299,82666,23640,277
rf,110,target,0.15,213682,79431,50257,3512
rf,110,target,0.2,211029,79143,52910,3800
rf,110,target,0.25,205615,78593,58324,4350
rf,110,target,0.3,198670,78161,65269,4782
rf,110,target,0.35,193852,76963,70087,5980
rf,110,target,0.4,193061,75060,70878,7883
rf,110,target,0.45,187831,72434,76108,10509
rf,110,target,0.5,185100,70351,78839,12592
rf,110,target,0.55,180700,68931,83239,14012
rf,110,target,0.6,153680,67768,110259,15175
rf,110,target,0.65,148618,66565,115321,16378
rf,110,target,0.7,139812,64804,124127,18139
rf,110,target,0.75,134495,62140,129444,20803
rf,110,target,0.8,104085,50335,159854,32608
rf,110,target,0.85,78650,37466,185289,45477
rf,110,target,0.9,28414,3832,235525,79111
rf,110,target,0.95,6513,2620,257426,80323
rf,110,target,0.975,665,622,263274,82321
rf,110,target,0.99,32,3,263907,82940
rf,110,target,0.995,11,2,263928,82941
rf,110,target,0.999,2,0,263937,82943
xgboost,110,source_heldout,0.05,88643,15,5,0
xgboost,110,source_heldout,0.1,88605,13,43,2
xgboost,110,source_heldout,0.15,87678,12,970,3
xgboost,110,source_heldout,0.2,86844,12,1804,3
xgboost,110,source_heldout,0.25,81838,12,6810,3
xgboost,110,source_heldout,0.3,73705,12,14943,3
xgboost,110,source_heldout,0.35,72131,10,16517,5
xgboost,110,source_heldout,0.4,71695,8,16953,7
xgboost,110,source_heldout,0.45,71484,6,17164,9
xgboost,110,source_heldout,0.5,71197,4,17451,11
xgboost,110,source_heldout,0.55,70996,4,17652,11
xgboost,110,source_heldout,0.6,70791,4,17857,11
xgboost,110,source_heldout,0.65,70647,4,18001,11
xgboost,110,source_heldout,0.7,68700,4,19948,11
xgboost,110,source_heldout,0.75,67257,4,21391,11
xgboost,110,source_heldout,0.8,66968,4,21680,11
xgboost,110,source_heldout,0.85,66067,3,22581,12
xgboost,110,source_heldout,0.9,60245,0,28403,15
xgboost,110,source_heldout,0.95,51409,0,37239,15
xgboost,110,source_heldout,0.975,47033,0,41615,15
xgboost,110,source_heldout,0.99,25237,0,63411,15
xgboost,110,source_heldout,0.995,20909,0,67739,15
xgboost,110,source_heldout,0.999,10159,0,78489,15
xgboost,110,target,0.05,220347,79475,43592,3468
xgboost,110,target,0.1,217977,77148,45962,5795
xgboost,110,target,0.15,197733,72947,66206,9996
xgboost,110,target,0.2,197437,71552,66502,11391
xgboost,110,target,0.25,195614,69829,68325,13114
xgboost,110,target,0.3,194868,69461,69071,13482
xgboost,110,target,0.35,192471,68847,71468,14096
xgboost,110,target,0.4,189448,68176,74491,14767
xgboost,110,target,0.45,185761,67412,78178,15531
xgboost,110,target,0.5,183709,67082,80230,15861
xgboost,110,target,0.55,180757,66824,83182,16119
xgboost,110,target,0.6,177861,66267,86078,16676
xgboost,110,target,0.65,176545,65774,87394,17169
xgboost,110,target,0.7,172917,65537,91022,17406
xgboost,110,target,0.75,164885,65340,99054,17603
xgboost,110,target,0.8,154880,64924,109059,18019
xgboost,110,target,0.85,152878,64814,111061,18129
xgboost,110,target,0.9,150299,64584,113640,18359
xgboost,110,target,0.95,118812,60486,145127,22457
xgboost,110,target,0.975,82160,34738,181779,48205
xgboost,110,target,0.99,3924,620,260015,82323
xgboost,110,target,0.995,2036,296,261903,82647
xgboost,110,target,0.999,5,0,263934,82943
hgb,110,source_heldout,0.05,88640,15,8,0
hgb,110,source_heldout,0.1,88320,15,328,0
hgb,110,source_heldout,0.15,87321,13,1327,2
hgb,110,source_heldout,0.2,72073,10,16575,5
hgb,110,source_heldout,0.25,72003,10,16645,5
hgb,110,source_heldout,0.3,71844,10,16804,5
hgb,110,source_heldout,0.35,71520,9,17128,6
hgb,110,source_heldout,0.4,70390,8,18258,7
hgb,110,source_heldout,0.45,67836,8,20812,7
hgb,110,source_heldout,0.5,67625,7,21023,8
hgb,110,source_heldout,0.55,67037,5,21611,10
hgb,110,source_heldout,0.6,66770,4,21878,11
hgb,110,source_heldout,0.65,66690,4,21958,11
hgb,110,source_heldout,0.7,66638,0,22010,15
hgb,110,source_heldout,0.75,66512,0,22136,15
hgb,110,source_heldout,0.8,66314,0,22334,15
hgb,110,source_heldout,0.85,65947,0,22701,15
hgb,110,source_heldout,0.9,62803,0,25845,15
hgb,110,source_heldout,0.95,55558,0,33090,15
hgb,110,source_heldout,0.975,31438,0,57210,15
hgb,110,source_heldout,0.99,21994,0,66654,15
hgb,110,source_heldout,0.995,20706,0,67942,15
hgb,110,source_heldout,0.999,11346,0,77302,15
hgb,110,target,0.05,218528,80831,45411,2112
hgb,110,target,0.1,217846,79047,46093,3896
hgb,110,target,0.15,197869,74603,66070,8340
hgb,110,target,0.2,197622,71535,66317,11408
hgb,110,target,0.25,197172,70720,66767,12223
hgb,110,target,0.3,197145,70174,66794,12769
hgb,110,target,0.35,196866,69762,67073,13181
hgb,110,target,0.4,196453,69629,67486,13314
hgb,110,target,0.45,193713,69060,70226,13883
hgb,110,target,0.5,193067,68451,70872,14492
hgb,110,target,0.55,192938,68269,71001,14674
hgb,110,target,0.6,192363,67976,71576,14967
hgb,110,target,0.65,189514,67920,74425,15023
hgb,110,target,0.7,186736,67816,77203,15127
hgb,110,target,0.75,182065,67555,81874,15388
hgb,110,target,0.8,179085,67366,84854,15577
hgb,110,target,0.85,173364,67003,90575,15940
hgb,110,target,0.9,171341,66628,92598,16315
hgb,110,target,0.95,140355,65204,123584,17739
hgb,110,target,0.975,129729,64220,134210,18723
hgb,110,target,0.99,128118,63973,135821,18970
hgb,110,target,0.995,126292,63670,137647,19273
hgb,110,target,0.999,46628,29808,217311,53135
mlp,110,source_heldout,0.05,88620,15,28,0
mlp,110,source_heldout,0.1,88601,14,47,1
mlp,110,source_heldout,0.15,87934,12,714,3
mlp,110,source_heldout,0.2,87780,11,868,4
mlp,110,source_heldout,0.25,87614,11,1034,4
mlp,110,source_heldout,0.3,87488,10,1160,5
mlp,110,source_heldout,0.35,87393,10,1255,5
mlp,110,source_heldout,0.4,87257,9,1391,6
mlp,110,source_heldout,0.45,87104,9,1544,6
mlp,110,source_heldout,0.5,86365,9,2283,6
mlp,110,source_heldout,0.55,82344,9,6304,6
mlp,110,source_heldout,0.6,76445,9,12203,6
mlp,110,source_heldout,0.65,69437,9,19211,6
mlp,110,source_heldout,0.7,67768,9,20880,6
mlp,110,source_heldout,0.75,67538,9,21110,6
mlp,110,source_heldout,0.8,66513,9,22135,6
mlp,110,source_heldout,0.85,65665,9,22983,6
mlp,110,source_heldout,0.9,62047,8,26601,7
mlp,110,source_heldout,0.95,58648,8,30000,7
mlp,110,source_heldout,0.975,57904,8,30744,7
mlp,110,source_heldout,0.99,49727,8,38921,7
mlp,110,source_heldout,0.995,40420,8,48228,7
mlp,110,source_heldout,0.999,10609,8,78039,7
mlp,110,target,0.05,217958,77655,45981,5288
mlp,110,target,0.1,217866,76810,46073,6133
mlp,110,target,0.15,197872,72451,66067,10492
mlp,110,target,0.2,194860,69427,69079,13516
mlp,110,target,0.25,189301,69102,74638,13841
mlp,110,target,0.3,189207,68721,74732,14222
mlp,110,target,0.35,189179,68589,74760,14354
mlp,110,target,0.4,189145,68511,74794,14432
mlp,110,target,0.45,189123,68310,74816,14633
mlp,110,target,0.5,188787,68204,75152,14739
mlp,110,target,0.55,188684,67955,75255,14988
mlp,110,target,0.6,187572,67841,76367,15102
mlp,110,target,0.65,185922,67769,78017,15174
mlp,110,target,0.7,185643,67696,78296,15247
mlp,110,target,0.75,165433,67391,98506,15552
mlp,110,target,0.8,164326,67262,99613,15681
mlp,110,target,0.85,157091,66809,106848,16134
mlp,110,target,0.9,37021,7503,226918,75440
mlp,110,target,0.95,22275,1386,241664,81557
mlp,110,target,0.975,18049,759,245890,82184
mlp,110,target,0.99,17932,722,246007,82221
mlp,110,target,0.995,23,121,263916,82822
mlp,110,target,0.999,0,66,263939,82877
