surface,model,tpr,fpr,corpus_precision,ppv_lo,ppv_hi,pi,lambda_b,ppv,npv,fdr,alerts_per_hour,true_alerts_per_hour,false_alerts_per_hour,alerts_per_day,alerts_per_100k_benign,missed_attacks_per_hour
d_a_network_heldout_shared,hgb,0.8807574528404964,0.06552546855237439,0.9978472704066984,0.0013047586535068038,0.0013813536649154425,0.0001,24000.0,0.0013424749852666636,0.9999872385017753,0.9986575250147334,1574.7252745467315,2.114029289746166,1572.6112452569853,37793.40658912156,6561.355310611381,0.28621073425623417
d_a_network_heldout_shared,hgb,0.8807574528404964,0.06552546855237439,0.9978472704066984,0.0013047586535068038,0.0013813536649154425,0.0001,240000.0,0.0013424749852666636,0.9999872385017753,0.9986575250147334,15747.252745467315,21.14029289746166,15726.112452569852,377934.0658912156,6561.355310611381,2.8621073425623416
d_a_network_heldout_shared,hgb,0.8807574528404964,0.06552546855237439,0.9978472704066984,0.0013047586535068038,0.0013813536649154425,0.0001,2400000.0,0.0013424749852666636,0.9999872385017753,0.9986575250147334,157472.52745467314,211.4029289746166,157261.1245256985,3779340.6589121553,6561.355310611381,28.621073425623415
d_a_network_heldout_shared,hgb,0.8807574528404964,0.06552546855237439,0.9978472704066984,0.0013047586535068038,0.0013813536649154425,0.0001,24000000.0,0.0013424749852666638,0.9999872385017753,0.9986575250147334,1574725.2745467315,2114.0292897461663,1572611.2452569853,37793406.58912156,6561.355310611381,286.21073425623416
d_a_network_heldout_shared,hgb,0.8807574528404964,0.06552546855237439,0.9978472704066984,0.006492502543970609,0.006871545283343312,0.0005,24000.0,0.006679176766300105,0.9999361702329959,0.9933208232336999,1583.1856218793826,10.574376622397155,1572.6112452569853,37996.45492510518,6596.60675783076,1.4316263791035944
d_a_network_heldout_shared,hgb,0.8807574528404964,0.06552546855237439,0.9978472704066984,0.006492502543970609,0.006871545283343312,0.0005,240000.0,0.006679176766300105,0.999936170232996,0.9933208232336999,15831.856218793824,105.74376622397155,15726.112452569852,379964.5492510518,6596.60675783076,14.316263791035944
d_a_network_heldout_shared,hgb,0.8807574528404964,0.06552546855237439,0.9978472704066984,0.006492502543970609,0.006871545283343312,0.0005,2400000.0,0.006679176766300105,0.999936170232996,0.9933208232336999,158318.56218793822,1057.4376622397153,157261.1245256985,3799645.492510517,6596.60675783076,143.16263791035942
d_a_network_heldout_shared,hgb,0.8807574528404964,0.06552546855237439,0.9978472704066984,0.006492502543970609,0.006871545283343312,0.0005,24000000.0,0.006679176766300106,0.999936170232996,0.9933208232336999,1583185.6218793825,10574.376622397156,1572611.2452569853,37996454.925105184,6596.60675783076,1431.6263791035944
d_a_network_heldout_shared,hgb,0.8807574528404964,0.06552546855237439,0.9978472704066984,0.012907617463641595,0.0136560369818732,0.001,24000.0,0.013276276037419212,0.9998722847325271,0.9867237239625808,1593.7705834633637,21.15933820637829,1572.6112452569853,38250.49400312073,6640.710764430682,2.864685817645731
d_a_network_heldout_shared,hgb,0.8807574528404964,0.06552546855237439,0.9978472704066984,0.012907617463641595,0.0136560369818732,0.001,240000.0,0.013276276037419214,0.9998722847325272,0.9867237239625808,15937.705834633636,211.59338206378294,15726.112452569852,382504.9400312073,6640.710764430682,28.64685817645731
d_a_network_heldout_shared,hgb,0.8807574528404964,0.06552546855237439,0.9978472704066984,0.012907617463641595,0.0136560369818732,0.001,2400000.0,0.013276276037419215,0.9998722847325272,0.9867237239625808,159377.05834633633,2115.9338206378293,157261.1245256985,3825049.4003120717,6640.710764430682,286.4685817645731
d_a_network_heldout_shared,hgb,0.8807574528404964,0.06552546855237439,0.9978472704066984,0.012907617463641595,0.0136560369818732,0.001,24000000.0,0.013276276037419214,0.9998722847325272,0.9867237239625808,1593770.5834633636,21159.338206378292,1572611.2452569853,38250494.00312073,6640.710764430682,2864.685817645731
d_a_network_heldout_shared,hgb,0.8807574528404964,0.06552546855237439,0.9978472704066984,0.025511153785804225,0.02697039398013451,0.002,24000.0,0.026230220317936218,0.9997443462389556,0.9737697796820638,1614.9723251531213,42.3610798961361,1572.6112452569853,38759.33580367491,6729.051354804672,5.735112488633437
d_a_network_heldout_shared,hgb,0.8807574528404964,0.06552546855237439,0.9978472704066984,0.025511153785804225,0.02697039398013451,0.002,240000.0,0.026230220317936218,0.9997443462389556,0.9737697796820638,16149.723251531213,423.610798961361,15726.112452569852,387593.3580367491,6729.051354804672,57.351124886334375
d_a_network_heldout_shared,hgb,0.8807574528404964,0.06552546855237439,0.9978472704066984,0.025511153785804225,0.02697039398013451,0.002,2400000.0,0.026230220317936218,0.9997443462389556,0.9737697796820638,161497.23251531212,4236.10798961361,157261.1245256985,3875933.5803674906,6729.051354804672,573.5112488633438
d_a_network_heldout_shared,hgb,0.8807574528404964,0.06552546855237439,0.9978472704066984,0.025511153785804225,0.02697039398013451,0.002,24000000.0,0.026230220317936214,0.9997443462389555,0.9737697796820638,1614972.3251531215,42361.0798961361,1572611.2452569853,38759335.803674914,6729.051354804672,5735.112488633437
d_a_network_heldout_shared,hgb,0.8807574528404964,0.06552546855237439,0.9978472704066984,0.06160106273214905,0.06498698115810563,0.005,24000.0,0.06327132512221667,0.9993591855338059,0.9367286748777833,1678.8332496196583,106.22200436267295,1572.6112452569853,40291.9979908718,6995.138540081909,14.381010712703947
d_a_network_heldout_shared,hgb,0.8807574528404964,0.06552546855237439,0.9978472704066984,0.06160106273214905,0.06498698115810563,0.005,240000.0,0.06327132512221668,0.9993591855338058,0.9367286748777833,16788.33249619658,1062.2200436267294,15726.112452569852,402919.9799087179,6995.138540081909,143.81010712703946
d_a_network_heldout_shared,hgb,0.8807574528404964,0.06552546855237439,0.9978472704066984,0.06160106273214905,0.06498698115810563,0.005,2400000.0,0.06327132512221668,0.9993591855338059,0.9367286748777833,167883.32496196582,10622.200436267294,157261.1245256985,4029199.79908718,6995.138540081909,1438.1010712703946
d_a_network_heldout_shared,hgb,0.8807574528404964,0.06552546855237439,0.9978472704066984,0.06160106273214905,0.06498698115810563,0.005,24000000.0,0.06327132512221667,0.9993591855338058,0.9367286748777833,1678833.2496196583,106222.00436267293,1572611.2452569853,40291997.9908718,6995.138540081909,14381.010712703946
d_a_network_heldout_shared,hgb,0.8807574528404964,0.06552546855237439,0.9978472704066984,0.1165709309179352,0.12258359090143976,0.01,24000.0,0.1195417875622895,0.9987127314268658,0.8804582124377105,1786.128203521348,213.51695826436278,1572.6112452569853,42867.07688451235,7442.2008480056165,28.90728415987965
d_a_network_heldout_shared,hgb,0.8807574528404964,0.06552546855237439,0.9978472704066984,0.1165709309179352,0.12258359090143976,0.01,240000.0,0.11954178756228952,0.9987127314268657,0.8804582124377105,17861.28203521348,2135.169582643628,15726.112452569852,428670.76884512353,7442.2008480056165,289.0728415987965
d_a_network_heldout_shared,hgb,0.8807574528404964,0.06552546855237439,0.9978472704066984,0.1165709309179352,0.12258359090143976,0.01,2400000.0,0.11954178756228953,0.9987127314268658,0.8804582124377105,178612.8203521348,21351.69582643628,157261.1245256985,4286707.688451235,7442.2008480056165,2890.728415987965
d_a_network_heldout_shared,hgb,0.8807574528404964,0.06552546855237439,0.9978472704066984,0.1165709309179352,0.12258359090143976,0.01,24000000.0,0.11954178756228952,0.9987127314268657,0.8804582124377105,1786128.203521348,213516.9582643628,1572611.2452569853,42867076.88451235,7442.2008480056165,28907.28415987965
d_a_network_heldout_shared,hgb,0.8807574528404964,0.06552546855237439,0.9978472704066984,0.4074226783796038,0.42128327303327046,0.05,24000.0,0.414329547021229,0.9933288115870977,0.5856704529787711,2685.14697516077,1112.535729903785,1572.6112452569853,64443.52740385848,11188.11239650321,150.62216483305713
d_a_network_heldout_shared,hgb,0.8807574528404964,0.06552546855237439,0.9978472704066984,0.4074226783796038,0.42128327303327046,0.05,240000.0,0.41432954702122893,0.9933288115870977,0.5856704529787711,26851.469751607703,11125.35729903785,15726.112452569852,644435.2740385849,11188.11239650321,1506.2216483305713
d_a_network_heldout_shared,hgb,0.8807574528404964,0.06552546855237439,0.9978472704066984,0.4074226783796038,0.42128327303327046,0.05,2400000.0,0.41432954702122893,0.9933288115870977,0.5856704529787711,268514.697516077,111253.5729903785,157261.1245256985,6444352.740385849,11188.11239650321,15062.216483305712
d_a_network_heldout_shared,hgb,0.8807574528404964,0.06552546855237439,0.9978472704066984,0.4074226783796038,0.42128327303327046,0.05,24000000.0,0.414329547021229,0.9933288115870977,0.5856704529787711,2685146.97516077,1112535.729903785,1572611.2452569853,64443527.40385848,11188.11239650321,150622.16483305715
d_a_network_heldout_shared,hgb,0.8807574528404964,0.06552546855237439,0.9978472704066984,0.5920832655898678,0.6058036418834302,0.1,24000.0,0.5989564345749429,0.9860200057677999,0.40104356542505715,3921.297786164976,2348.6865409079905,1572.6112452569853,94111.14686795943,16338.740775687398,317.98012575867614
d_a_network_heldout_shared,hgb,0.8807574528404964,0.06552546855237439,0.9978472704066984,0.5920832655898678,0.6058036418834302,0.1,240000.0,0.5989564345749427,0.9860200057678,0.40104356542505726,39212.97786164976,23486.865409079903,15726.112452569852,941111.4686795941,16338.740775687398,3179.801257586761
d_a_network_heldout_shared,hgb,0.8807574528404964,0.06552546855237439,0.9978472704066984,0.5920832655898678,0.6058036418834302,0.1,2400000.0,0.5989564345749429,0.9860200057677999,0.40104356542505715,392129.7786164976,234868.65409079907,157261.1245256985,9411114.686795942,16338.740775687398,31798.012575867615
d_a_network_heldout_shared,hgb,0.8807574528404964,0.06552546855237439,0.9978472704066984,0.5920832655898678,0.6058036418834302,0.1,24000000.0,0.5989564345749427,0.9860200057677999,0.40104356542505726,3921297.7861649757,2348686.54090799,1572611.2452569853,94111146.86795941,16338.740775687398,317980.12575867615
d_a_network_heldout_shared,hgb,0.8807574528404964,0.06552546855237439,0.9978472704066984,0.7655791175753927,0.7756748687385991,0.2,24000.0,0.7706612983716482,0.9690852480450747,0.2293387016283518,6857.155962299964,5284.544717042979,1572.6112452569853,164571.74309519914,28571.48317624985,715.4552829570213
d_a_network_heldout_shared,hgb,0.8807574528404964,0.06552546855237439,0.9978472704066984,0.7655791175753927,0.7756748687385991,0.2,240000.0,0.7706612983716482,0.9690852480450746,0.2293387016283518,68571.55962299964,52845.44717042979,15726.112452569852,1645717.4309519916,28571.48317624985,7154.552829570213
d_a_network_heldout_shared,hgb,0.8807574528404964,0.06552546855237439,0.9978472704066984,0.7655791175753927,0.7756748687385991,0.2,2400000.0,0.7706612983716482,0.9690852480450746,0.2293387016283518,685715.5962299963,528454.4717042978,157261.1245256985,16457174.309519911,28571.48317624985,71545.52829570213
d_a_network_heldout_shared,hgb,0.8807574528404964,0.06552546855237439,0.9978472704066984,0.7655791175753927,0.7756748687385991,0.2,24000000.0,0.7706612983716481,0.9690852480450746,0.2293387016283519,6857155.962299964,5284544.717042979,1572611.2452569853,164571743.09519914,28571.48317624985,715455.2829570213
d_a_network_heldout_shared,hgb,0.8807574528404964,0.06552546855237439,0.9978472704066984,0.9288930668890693,0.9325748505609788,0.5,24000.0,0.930754886227974,0.8868362774217098,0.06924511377202602,22710.790113428902,21138.178868171915,1572.6112452569853,545058.9627222937,94628.29213928708,2861.821131828085
d_a_network_heldout_shared,hgb,0.8807574528404964,0.06552546855237439,0.9978472704066984,0.9288930668890693,0.9325748505609788,0.5,240000.0,0.9307548862279741,0.8868362774217098,0.06924511377202591,227107.90113428902,211381.78868171916,15726.112452569852,5450589.627222937,94628.29213928708,28618.211318280853
d_a_network_heldout_shared,hgb,0.8807574528404964,0.06552546855237439,0.9978472704066984,0.9288930668890693,0.9325748505609788,0.5,2400000.0,0.9307548862279742,0.8868362774217098,0.0692451137720258,2271079.0113428896,2113817.8868171913,157261.1245256985,54505896.27222935,94628.29213928708,286182.1131828085
d_a_network_heldout_shared,hgb,0.8807574528404964,0.06552546855237439,0.9978472704066984,0.9288930668890693,0.9325748505609788,0.5,24000000.0,0.9307548862279741,0.8868362774217098,0.06924511377202591,22710790.113428902,21138178.868171915,1572611.2452569853,545058962.7222936,94628.29213928708,2861821.131828085
d_a_network_heldout_shared,logreg,0.8915546560974973,0.20120443831206164,0.9929001595483136,0.00043625424238208555,0.00044978639621447955,0.0001,24000.0,0.0004429568593069039,0.9999864227191307,0.999557043140693,4831.046464658631,2.1399451691509084,4828.906519489479,115945.11515180714,20129.36026941096,0.2602948548514917
d_a_network_heldout_shared,logreg,0.8915546560974973,0.20120443831206164,0.9929001595483136,0.00043625424238208555,0.00044978639621447955,0.0001,240000.0,0.00044295685930690395,0.9999864227191309,0.999557043140693,48310.464646586304,21.399451691509086,48289.06519489479,1159451.1515180713,20129.36026941096,2.6029485485149166
d_a_network_heldout_shared,logreg,0.8915546560974973,0.20120443831206164,0.9929001595483136,0.00043625424238208555,0.00044978639621447955,0.0001,2400000.0,0.00044295685930690395,0.9999864227191309,0.999557043140693,483104.64646586304,213.99451691509086,482890.6519489479,11594511.515180713,20129.36026941096,26.029485485149166
d_a_network_heldout_shared,logreg,0.8915546560974973,0.20120443831206164,0.9929001595483136,0.00043625424238208555,0.00044978639621447955,0.0001,24000000.0,0.00044295685930690395,0.9999864227191306,0.999557043140693,4831046.46465863,2139.9451691509084,4828906.519489479,115945115.15180713,20129.36026941096,260.29485485149166
d_a_network_heldout_shared,logreg,0.8915546560974973,0.20120443831206164,0.9929001595483136,0.0021783410132623056,0.002245789480386326,0.0005,24000.0,0.0022117498539563204,0.9999320901174793,0.9977882501460437,4839.610527366588,10.704007877108522,4828.906519489479,116150.6526567981,20165.04386402745,1.3019951243922285
d_a_network_heldout_shared,logreg,0.8915546560974973,0.20120443831206164,0.9929001595483136,0.0021783410132623056,0.002245789480386326,0.0005,240000.0,0.0022117498539563204,0.9999320901174793,0.9977882501460437,48396.105273665875,107.0400787710852,48289.06519489479,1161506.526567981,20165.04386402745,13.019951243922286
d_a_network_heldout_shared,logreg,0.8915546560974973,0.20120443831206164,0.9929001595483136,0.0021783410132623056,0.002245789480386326,0.0005,2400000.0,0.00221174985395632,0.9999320901174792,0.9977882501460437,483961.0527366588,1070.400787710852,482890.6519489479,11615065.26567981,20165.04386402745,130.19951243922284
d_a_network_heldout_shared,logreg,0.8915546560974973,0.20120443831206164,0.9929001595483136,0.0021783410132623056,0.002245789480386326,0.0005,24000000.0,0.002211749853956321,0.9999320901174792,0.9977882501460437,4839610.527366588,10704.007877108523,4828906.519489479,116150652.65679811,20165.04386402745,1301.9951243922287
d_a_network_heldout_shared,logreg,0.8915546560974973,0.20120443831206164,0.9929001595483136,0.004349378634284365,0.004483747365991005,0.001,24000.0,0.004415936947107946,0.9998641214938282,0.995584063052892,4850.325249966296,21.41873047681675,4828.906519489479,116407.8059991911,20209.688541526233,2.605293547207272
d_a_network_heldout_shared,logreg,0.8915546560974973,0.20120443831206164,0.9929001595483136,0.004349378634284365,0.004483747365991005,0.001,240000.0,0.004415936947107946,0.9998641214938282,0.995584063052892,48503.25249966296,214.1873047681675,48289.06519489479,1164078.059991911,20209.688541526233,26.052935472072722
d_a_network_heldout_shared,logreg,0.8915546560974973,0.20120443831206164,0.9929001595483136,0.004349378634284365,0.004483747365991005,0.001,2400000.0,0.004415936947107946,0.9998641214938281,0.995584063052892,485032.5249966296,2141.8730476816754,482890.6519489479,11640780.59991911,20209.688541526233,260.5293547207272
d_a_network_heldout_shared,logreg,0.8915546560974973,0.20120443831206164,0.9929001595483136,0.004349378634284365,0.004483747365991005,0.001,24000000.0,0.004415936947107946,0.9998641214938283,0.995584063052892,4850325.249966296,21418.730476816752,4828906.519489479,116407805.9991911,20209.688541526233,2605.2935472072722
d_a_network_heldout_shared,logreg,0.8915546560974973,0.20120443831206164,0.9929001595483136,0.008669690126550975,0.00893633164706002,0.002,24000.0,0.008801777480905335,0.9997280077180096,0.9911982225190946,4871.786903750682,42.88038426120227,4828.906519489479,116922.88569001635,20299.112098961174,5.215808123567265
d_a_network_heldout_shared,logreg,0.8915546560974973,0.20120443831206164,0.9929001595483136,0.008669690126550975,0.00893633164706002,0.002,240000.0,0.008801777480905335,0.9997280077180096,0.9911982225190946,48717.86903750682,428.8038426120228,48289.06519489479,1169228.8569001637,20299.112098961174,52.15808123567265
d_a_network_heldout_shared,logreg,0.8915546560974973,0.20120443831206164,0.9929001595483136,0.008669690126550975,0.00893633164706002,0.002,2400000.0,0.008801777480905333,0.9997280077180097,0.9911982225190946,487178.69037506817,4288.038426120227,482890.6519489479,11692288.569001636,20299.112098961174,521.5808123567265
d_a_network_heldout_shared,logreg,0.8915546560974973,0.20120443831206164,0.9929001595483136,0.008669690126550975,0.00893633164706002,0.002,24000000.0,0.008801777480905335,0.9997280077180097,0.9911982225190946,4871786.903750681,42880.38426120227,4828906.519489479,116922885.69001636,20299.112098961174,5215.808123567264
d_a_network_heldout_shared,logreg,0.8915546560974973,0.20120443831206164,0.9929001595483136,0.021459106691093587,0.022110321319808484,0.005,24000.0,0.021781766256544734,0.9993182486463255,0.9782182337434553,4936.430699119328,107.52417962984892,4828.906519489479,118474.33677886387,20568.461246330535,13.078835445527966
d_a_network_heldout_shared,logreg,0.8915546560974973,0.20120443831206164,0.9929001595483136,0.021459106691093587,0.022110321319808484,0.005,240000.0,0.021781766256544734,0.9993182486463255,0.9782182337434553,49364.30699119328,1075.2417962984891,48289.06519489479,1184743.367788639,20568.461246330535,130.78835445527966
d_a_network_heldout_shared,logreg,0.8915546560974973,0.20120443831206164,0.9929001595483136,0.021459106691093587,0.022110321319808484,0.005,2400000.0,0.021781766256544734,0.9993182486463255,0.9782182337434553,493643.0699119328,10752.417962984891,482890.6519489479,11847433.677886387,20568.461246330535,1307.8835445527964
d_a_network_heldout_shared,logreg,0.8915546560974973,0.20120443831206164,0.9929001595483136,0.021459106691093587,0.022110321319808484,0.005,24000000.0,0.021781766256544734,0.9993182486463256,0.9782182337434553,4936430.6991193285,107524.17962984892,4828906.519489479,118474336.77886388,20568.461246330535,13078.835445527964
d_a_network_heldout_shared,logreg,0.8915546560974973,0.20120443831206164,0.9929001595483136,0.04221982088329569,0.04347306662088256,0.01,24000.0,0.042840972526019414,0.9986305539675496,0.9571590274739806,5045.040981573721,216.1344620842418,4828.906519489479,121080.9835577693,21021.004089890506,26.289780340000657
d_a_network_heldout_shared,logreg,0.8915546560974973,0.20120443831206164,0.9929001595483136,0.04221982088329569,0.04347306662088256,0.01,240000.0,0.042840972526019414,0.9986305539675496,0.9571590274739806,50450.409815737214,2161.344620842418,48289.06519489479,1210809.835577693,21021.004089890506,262.8978034000066
d_a_network_heldout_shared,logreg,0.8915546560974973,0.20120443831206164,0.9929001595483136,0.04221982088329569,0.04347306662088256,0.01,2400000.0,0.042840972526019414,0.9986305539675496,0.9571590274739806,504504.0981573721,21613.44620842418,482890.6519489479,12108098.35577693,21021.004089890506,2628.9780340000657
d_a_network_heldout_shared,logreg,0.8915546560974973,0.20120443831206164,0.9929001595483136,0.04221982088329569,0.04347306662088256,0.01,24000000.0,0.04284097252601941,0.9986305539675496,0.9571590274739806,5045040.981573721,216134.46208424176,4828906.519489479,121080983.55776931,21021.004089890506,26289.78034000066
d_a_network_heldout_shared,logreg,0.8915546560974973,0.20120443831206164,0.9929001595483136,0.18678343271525566,0.19147002447722788,0.05,24000.0,0.1891115059752047,0.9929053736536607,0.8108884940247953,5955.080821928423,1126.1743024389439,4828.906519489479,142921.93972628214,24812.836758035097,136.98359229789816
d_a_network_heldout_shared,logreg,0.8915546560974973,0.20120443831206164,0.9929001595483136,0.18678343271525566,0.19147002447722788,0.05,240000.0,0.1891115059752047,0.9929053736536605,0.8108884940247953,59550.808219284234,11261.74302438944,48289.06519489479,1429219.3972628217,24812.836758035097,1369.8359229789817
d_a_network_heldout_shared,logreg,0.8915546560974973,0.20120443831206164,0.9929001595483136,0.18678343271525566,0.19147002447722788,0.05,2400000.0,0.18911150597520468,0.9929053736536606,0.8108884940247953,595508.0821928424,112617.4302438944,482890.6519489479,14292193.972628217,24812.836758035097,13698.359229789816
d_a_network_heldout_shared,logreg,0.8915546560974973,0.20120443831206164,0.9929001595483136,0.18678343271525566,0.19147002447722788,0.05,24000000.0,0.18911150597520474,0.9929053736536607,0.8108884940247952,5955080.821928423,1126174.302438944,4828906.519489479,142921939.72628215,24812.836758035097,136983.59229789817
d_a_network_heldout_shared,logreg,0.8915546560974973,0.20120443831206164,0.9929001595483136,0.3265494407402959,0.3333055772016971,0.1,24000.0,0.32991283204850214,0.9851395988174467,0.6700871679514979,7206.385602416139,2377.4790829266594,4828.906519489479,172953.25445798732,30026.606676733914,289.1875837400072
d_a_network_heldout_shared,logreg,0.8915546560974973,0.20120443831206164,0.9929001595483136,0.3265494407402959,0.3333055772016971,0.1,240000.0,0.3299128320485021,0.9851395988174468,0.6700871679514979,72063.85602416139,23774.790829266592,48289.06519489479,1729532.5445798733,30026.606676733914,2891.875837400072
d_a_network_heldout_shared,logreg,0.8915546560974973,0.20120443831206164,0.9929001595483136,0.3265494407402959,0.3333055772016971,0.1,2400000.0,0.32991283204850214,0.9851395988174467,0.6700871679514979,720638.5602416139,237747.90829266596,482890.6519489479,17295325.445798732,30026.606676733914,28918.758374000725
d_a_network_heldout_shared,logreg,0.8915546560974973,0.20120443831206164,0.9929001595483136,0.3265494407402959,0.3333055772016971,0.1,24000000.0,0.3299128320485021,0.9851395988174467,0.6700871679514979,7206385.602416139,2377479.0829266594,4828906.519489479,172953254.45798734,30026.606676733914,289187.5837400072
d_a_network_heldout_shared,logreg,0.8915546560974973,0.20120443831206164,0.9929001595483136,0.5217604945472037,0.5293806463429063,0.2,24000.0,0.5255654072099367,0.9671738593631779,0.4744345927900633,10178.234456074464,5349.327936584984,4828.906519489479,244277.62694578714,42409.3102336436,650.6720634150163
d_a_network_heldout_shared,logreg,0.8915546560974973,0.20120443831206164,0.9929001595483136,0.5217604945472037,0.5293806463429063,0.2,240000.0,0.5255654072099367,0.9671738593631778,0.4744345927900633,101782.34456074462,53493.279365849834,48289.06519489479,2442776.269457871,42409.3102336436,6506.720634150162
d_a_network_heldout_shared,logreg,0.8915546560974973,0.20120443831206164,0.9929001595483136,0.5217604945472037,0.5293806463429063,0.2,2400000.0,0.5255654072099367,0.9671738593631778,0.4744345927900633,1017823.4456074463,534932.7936584983,482890.6519489479,24427762.69457871,42409.3102336436,65067.206341501624
d_a_network_heldout_shared,logreg,0.8915546560974973,0.20120443831206164,0.9929001595483136,0.5217604945472037,0.5293806463429063,0.2,24000000.0,0.5255654072099367,0.9671738593631778,0.4744345927900633,10178234.456074463,5349327.936584984,4828906.519489479,244277626.94578713,42409.3102336436,650672.0634150163
d_a_network_heldout_shared,logreg,0.8915546560974973,0.20120443831206164,0.9929001595483136,0.8135723083402532,0.8181632365056035,0.5,24000.0,0.815874844381161,0.8804668713301398,0.18412515561883902,26226.218265829415,21397.311746339936,4828.906519489479,629429.2383799059,109275.9094409559,2602.688253660065
d_a_network_heldout_shared,logreg,0.8915546560974973,0.20120443831206164,0.9929001595483136,0.8135723083402532,0.8181632365056035,0.5,240000.0,0.8158748443811611,0.8804668713301398,0.1841251556188389,262262.1826582941,213973.11746339934,48289.06519489479,6294292.383799058,109275.9094409559,26026.88253660065
d_a_network_heldout_shared,logreg,0.8915546560974973,0.20120443831206164,0.9929001595483136,0.8135723083402532,0.8181632365056035,0.5,2400000.0,0.815874844381161,0.8804668713301398,0.18412515561883902,2622621.826582941,2139731.1746339933,482890.6519489479,62942923.83799059,109275.9094409559,260268.8253660065
d_a_network_heldout_shared,logreg,0.8915546560974973,0.20120443831206164,0.9929001595483136,0.8135723083402532,0.8181632365056035,0.5,24000000.0,0.815874844381161,0.8804668713301398,0.18412515561883902,26226218.265829414,21397311.746339936,4828906.519489479,629429238.3799059,109275.9094409559,2602688.253660065
d_a_network_heldout_shared,majority,1.0,1.0,0.9693457183203641,9.99998142913574e-05,0.00010000552089200127,0.0001,24000.0,0.0001,,0.9999,24002.400240024002,2.4002400240024,24000.0,576057.6057605761,100010.0010001,0.0
d_a_network_heldout_shared,majority,1.0,1.0,0.9693457183203641,9.99998142913574e-05,0.00010000552089200127,0.0001,240000.0,0.0001,,0.9999,240024.00240024002,24.002400240024002,240000.0,5760576.05760576,100010.0010001,0.0
d_a_network_heldout_shared,majority,1.0,1.0,0.9693457183203641,9.99998142913574e-05,0.00010000552089200127,0.0001,2400000.0,0.0001,,0.9999,2400240.0240024,240.02400240024002,2400000.0,57605760.576057605,100010.0010001,0.0
d_a_network_heldout_shared,majority,1.0,1.0,0.9693457183203641,9.99998142913574e-05,0.00010000552089200127,0.0001,24000000.0,9.999999999999999e-05,,0.9999,24002400.240024004,2400.2400240024003,24000000.0,576057605.7605761,100010.0010001,0.0
d_a_network_heldout_shared,majority,1.0,1.0,0.9693457183203641,0.0004999990718282407,0.0005000275934165086,0.0005,24000.0,0.0005,,0.9995,24012.0060030015,12.00600300150075,24000.0,576288.144072036,100050.02501250626,0.0
d_a_network_heldout_shared,majority,1.0,1.0,0.9693457183203641,0.0004999990718282407,0.0005000275934165086,0.0005,240000.0,0.0005,,0.9995,240120.060030015,120.0600300150075,240000.0,5762881.440720361,100050.02501250626,0.0
d_a_network_heldout_shared,majority,1.0,1.0,0.9693457183203641,0.0004999990718282407,0.0005000275934165086,0.0005,2400000.0,0.0004999999999999999,,0.9995,2401200.60030015,1200.6003001500749,2400000.0,57628814.4072036,100050.02501250626,0.0
d_a_network_heldout_shared,majority,1.0,1.0,0.9693457183203641,0.0004999990718282407,0.0005000275934165086,0.0005,24000000.0,0.0005,,0.9995,24012006.0030015,12006.00300150075,24000000.0,576288144.072036,100050.02501250626,0.0
d_a_network_heldout_shared,majority,1.0,1.0,0.9693457183203641,0.0009999981445851158,0.0010000551592242743,0.001,24000.0,0.001,,0.999,24024.024024024024,24.024024024024023,24000.0,576576.5765765766,100100.1001001001,0.0
d_a_network_heldout_shared,majority,1.0,1.0,0.9693457183203641,0.0009999981445851158,0.0010000551592242743,0.001,240000.0,0.001,,0.999,240240.24024024024,240.24024024024024,240000.0,5765765.765765766,100100.1001001001,0.0
d_a_network_heldout_shared,majority,1.0,1.0,0.9693457183203641,0.0009999981445851158,0.0010000551592242743,0.001,2400000.0,0.001,,0.999,2402402.4024024024,2402.4024024024025,2400000.0,57657657.65765765,100100.1001001001,0.0
d_a_network_heldout_shared,majority,1.0,1.0,0.9693457183203641,0.0009999981445851158,0.0010000551592242743,0.001,24000000.0,0.001,,0.999,24024024.024024025,24024.024024024024,24000000.0,576576576.5765766,100100.1001001001,0.0
d_a_network_heldout_shared,majority,1.0,1.0,0.9693457183203641,0.001999996292884769,0.002000110208013586,0.002,24000.0,0.002,,0.998,24048.096192384768,48.09619238476954,24000.0,577154.3086172345,100200.4008016032,0.0
d_a_network_heldout_shared,majority,1.0,1.0,0.9693457183203641,0.001999996292884769,0.002000110208013586,0.002,240000.0,0.002,,0.998,240480.9619238477,480.9619238476954,240000.0,5771543.086172345,100200.4008016032,0.0
d_a_network_heldout_shared,majority,1.0,1.0,0.9693457183203641,0.001999996292884769,0.002000110208013586,0.002,2400000.0,0.002,,0.998,2404809.6192384767,4809.619238476954,2400000.0,57715430.86172344,100200.4008016032,0.0
d_a_network_heldout_shared,majority,1.0,1.0,0.9693457183203641,0.001999996292884769,0.002000110208013586,0.002,24000000.0,0.002,,0.998,24048096.19238477,48096.192384769536,24000000.0,577154308.6172345,100200.4008016032,0.0
d_a_network_heldout_shared,majority,1.0,1.0,0.9693457183203641,0.004999990760070953,0.0050002746917719295,0.005,24000.0,0.005,,0.995,24120.603015075376,120.60301507537689,24000.0,578894.472361809,100502.51256281407,0.0
d_a_network_heldout_shared,majority,1.0,1.0,0.9693457183203641,0.004999990760070953,0.0050002746917719295,0.005,240000.0,0.005,,0.995,241206.03015075377,1206.0301507537688,240000.0,5788944.72361809,100502.51256281407,0.0
d_a_network_heldout_shared,majority,1.0,1.0,0.9693457183203641,0.004999990760070953,0.0050002746917719295,0.005,2400000.0,0.005,,0.995,2412060.3015075377,12060.301507537688,2400000.0,57889447.2361809,100502.51256281407,0.0
d_a_network_heldout_shared,majority,1.0,1.0,0.9693457183203641,0.004999990760070953,0.0050002746917719295,0.005,24000000.0,0.005,,0.995,24120603.015075378,120603.01507537688,24000000.0,578894472.361809,100502.51256281407,0.0
d_a_network_heldout_shared,majority,1.0,1.0,0.9693457183203641,0.009999981613005344,0.010000546622671627,0.01,24000.0,0.01,,0.99,24242.424242424244,242.42424242424244,24000.0,581818.1818181819,101010.101010101,0.0
d_a_network_heldout_shared,majority,1.0,1.0,0.9693457183203641,0.009999981613005344,0.010000546622671627,0.01,240000.0,0.01,,0.99,242424.24242424243,2424.2424242424245,240000.0,5818181.818181818,101010.101010101,0.0
d_a_network_heldout_shared,majority,1.0,1.0,0.9693457183203641,0.009999981613005344,0.010000546622671627,0.01,2400000.0,0.01,,0.99,2424242.4242424243,24242.424242424244,2400000.0,58181818.18181819,101010.101010101,0.0
d_a_network_heldout_shared,majority,1.0,1.0,0.9693457183203641,0.009999981613005344,0.010000546622671627,0.01,24000000.0,0.01,,0.99,24242424.242424242,242424.24242424243,24000000.0,581818181.8181818,101010.101010101,0.0
d_a_network_heldout_shared,majority,1.0,1.0,0.9693457183203641,0.049999911779564546,0.0500026226787432,0.05,24000.0,0.049999999999999996,,0.95,25263.157894736843,1263.157894736842,24000.0,606315.7894736843,105263.15789473684,0.0
d_a_network_heldout_shared,majority,1.0,1.0,0.9693457183203641,0.049999911779564546,0.0500026226787432,0.05,240000.0,0.05,,0.95,252631.57894736843,12631.578947368422,240000.0,6063157.894736842,105263.15789473684,0.0
d_a_network_heldout_shared,majority,1.0,1.0,0.9693457183203641,0.049999911779564546,0.0500026226787432,0.05,2400000.0,0.05,,0.95,2526315.789473684,126315.78947368421,2400000.0,60631578.94736841,105263.15789473684,0.0
d_a_network_heldout_shared,majority,1.0,1.0,0.9693457183203641,0.049999911779564546,0.0500026226787432,0.05,24000000.0,0.05000000000000001,,0.95,25263157.89473684,1263157.8947368423,24000000.0,606315789.4736842,105263.15789473684,0.0
d_a_network_heldout_shared,majority,1.0,1.0,0.9693457183203641,0.0999998328454752,0.100004969272321,0.1,24000.0,0.09999999999999999,,0.9,26666.666666666668,2666.6666666666665,24000.0,640000.0,111111.11111111111,0.0
d_a_network_heldout_shared,majority,1.0,1.0,0.9693457183203641,0.0999998328454752,0.100004969272321,0.1,240000.0,0.09999999999999998,,0.9,266666.6666666667,26666.666666666664,240000.0,6400000.0,111111.11111111111,0.0
d_a_network_heldout_shared,majority,1.0,1.0,0.9693457183203641,0.0999998328454752,0.100004969272321,0.1,2400000.0,0.10000000000000002,,0.9,2666666.6666666665,266666.6666666667,2400000.0,64000000.0,111111.11111111111,0.0
d_a_network_heldout_shared,majority,1.0,1.0,0.9693457183203641,0.0999998328454752,0.100004969272321,0.1,24000000.0,0.09999999999999999,,0.9,26666666.666666668,2666666.6666666665,24000000.0,640000000.0,111111.11111111111,0.0
d_a_network_heldout_shared,majority,1.0,1.0,0.9693457183203641,0.19999970283634516,0.20000883421312662,0.2,24000.0,0.2,,0.8,30000.0,6000.0,24000.0,720000.0,125000.0,0.0
d_a_network_heldout_shared,majority,1.0,1.0,0.9693457183203641,0.19999970283634516,0.20000883421312662,0.2,240000.0,0.2,,0.8,300000.0,60000.0,240000.0,7200000.0,125000.0,0.0
d_a_network_heldout_shared,majority,1.0,1.0,0.9693457183203641,0.19999970283634516,0.20000883421312662,0.2,2400000.0,0.2,,0.8,3000000.0,600000.0,2400000.0,72000000.0,125000.0,0.0
d_a_network_heldout_shared,majority,1.0,1.0,0.9693457183203641,0.19999970283634516,0.20000883421312662,0.2,24000000.0,0.2,,0.8,30000000.0,6000000.0,24000000.0,720000000.0,125000.0,0.0
d_a_network_heldout_shared,majority,1.0,1.0,0.9693457183203641,0.49999953568153055,0.5000138032293716,0.5,24000.0,0.5,,0.5,48000.0,24000.0,24000.0,1152000.0,200000.0,0.0
d_a_network_heldout_shared,majority,1.0,1.0,0.9693457183203641,0.49999953568153055,0.5000138032293716,0.5,240000.0,0.5,,0.5,480000.0,240000.0,240000.0,11520000.0,200000.0,0.0
d_a_network_heldout_shared,majority,1.0,1.0,0.9693457183203641,0.49999953568153055,0.5000138032293716,0.5,2400000.0,0.5,,0.5,4800000.0,2400000.0,2400000.0,115200000.0,200000.0,0.0
d_a_network_heldout_shared,majority,1.0,1.0,0.9693457183203641,0.49999953568153055,0.5000138032293716,0.5,24000000.0,0.5,,0.5,48000000.0,24000000.0,24000000.0,1152000000.0,200000.0,0.0
d_a_network_heldout_shared,mlp,0.9869039250514647,0.4304932735426009,0.9862150803591291,0.0002272400893248081,0.00023122935240485002,0.0001,24000.0,0.00022921993101540522,0.9999977002282928,0.9997707800689846,10334.207371323177,2.3688063007535907,10331.838565022423,248020.97691175624,43059.19738051324,0.03143372324880951
d_a_network_heldout_shared,mlp,0.9869039250514647,0.4304932735426009,0.9862150803591291,0.0002272400893248081,0.00023122935240485002,0.0001,240000.0,0.00022921993101540522,0.9999977002282927,0.9997707800689846,103342.07371323176,23.688063007535906,103318.38565022423,2480209.769117562,43059.19738051324,0.31433723248809514
d_a_network_heldout_shared,mlp,0.9869039250514647,0.4304932735426009,0.9862150803591291,0.0002272400893248081,0.00023122935240485002,0.0001,2400000.0,0.00022921993101540527,0.9999977002282927,0.9997707800689846,1033420.7371323175,236.88063007535908,1033183.8565022422,24802097.69117562,43059.19738051324,3.1433723248809513
d_a_network_heldout_shared,mlp,0.9869039250514647,0.4304932735426009,0.9862150803591291,0.0002272400893248081,0.00023122935240485002,0.0001,24000000.0,0.00022921993101540525,0.9999977002282927,0.9997707800689846,10334207.371323176,2368.8063007535907,10331838.565022422,248020976.91175622,43059.19738051324,31.433723248809514
d_a_network_heldout_shared,mlp,0.9869039250514647,0.4304932735426009,0.9862150803591291,0.001135622402036084,0.0011555401382258015,0.0005,24000.0,0.001145507506258399,0.9999884966454926,0.9988544924937416,10343.687336508783,11.848771486360757,10331.838565022423,248248.4960762108,43098.69723545326,0.15723151513999314
d_a_network_heldout_shared,mlp,0.9869039250514647,0.4304932735426009,0.9862150803591291,0.001135622402036084,0.0011555401382258015,0.0005,240000.0,0.001145507506258399,0.9999884966454927,0.9988544924937416,103436.87336508783,118.48771486360756,103318.38565022423,2482484.9607621077,43098.69723545326,1.5723151513999316
d_a_network_heldout_shared,mlp,0.9869039250514647,0.4304932735426009,0.9862150803591291,0.001135622402036084,0.0011555401382258015,0.0005,2400000.0,0.001145507506258399,0.9999884966454926,0.9988544924937416,1034368.7336508782,1184.8771486360756,1033183.8565022422,24824849.607621077,43098.69723545326,15.723151513999314
d_a_network_heldout_shared,mlp,0.9869039250514647,0.4304932735426009,0.9862150803591291,0.001135622402036084,0.0011555401382258015,0.0005,24000000.0,0.0011455075062583992,0.9999884966454927,0.9988544924937416,10343687.336508783,11848.771486360758,10331838.565022422,248248496.0762108,43098.69723545326,157.23151513999315
d_a_network_heldout_shared,mlp,0.9869039250514647,0.4304932735426009,0.9862150803591291,0.0022698013457594754,0.0023095655061753056,0.001,24000.0,0.0022895363602842664,0.9999769820411648,0.9977104636397157,10355.547968627263,23.70940360483999,10331.838565022423,248533.1512470543,43148.11653594693,0.31462041918403033
d_a_network_heldout_shared,mlp,0.9869039250514647,0.4304932735426009,0.9862150803591291,0.0022698013457594754,0.0023095655061753056,0.001,240000.0,0.002289536360284267,0.9999769820411647,0.9977104636397157,103555.47968627262,237.09403604839994,103318.38565022423,2485331.512470543,43148.11653594693,3.1462041918403036
d_a_network_heldout_shared,mlp,0.9869039250514647,0.4304932735426009,0.9862150803591291,0.0022698013457594754,0.0023095655061753056,0.001,2400000.0,0.0022895363602842673,0.9999769820411647,0.9977104636397157,1035554.7968627261,2370.9403604839995,1033183.8565022422,24853315.124705426,43148.11653594693,31.462041918403035
d_a_network_heldout_shared,mlp,0.9869039250514647,0.4304932735426009,0.9862150803591291,0.0022698013457594754,0.0023095655061753056,0.001,24000000.0,0.0022895363602842664,0.9999769820411647,0.9977104636397157,10355547.968627263,23709.403604839994,10331838.565022422,248533151.2470543,43148.11653594693,314.62041918403037
d_a_network_heldout_shared,mlp,0.9869039250514647,0.4304932735426009,0.9862150803591291,0.004533839852733707,0.004613083829707488,0.002,24000.0,0.004573169548981789,0.9999539190169713,0.9954268304510182,10379.304886066982,47.46632104455942,10331.838565022423,249103.3172656076,43247.10369194576,0.6298713402101128
d_a_network_heldout_shared,mlp,0.9869039250514647,0.4304932735426009,0.9862150803591291,0.004533839852733707,0.004613083829707488,0.002,240000.0,0.00457316954898179,0.9999539190169713,0.9954268304510182,103793.04886066982,474.66321044559425,103318.38565022423,2491033.1726560756,43247.10369194576,6.298713402101129
d_a_network_heldout_shared,mlp,0.9869039250514647,0.4304932735426009,0.9862150803591291,0.004533839852733707,0.004613083829707488,0.002,2400000.0,0.00457316954898179,0.9999539190169713,0.9954268304510182,1037930.4886066981,4746.632104455943,1033183.8565022422,24910331.726560757,43247.10369194576,62.987134021011286
d_a_network_heldout_shared,mlp,0.9869039250514647,0.4304932735426009,0.9862150803591291,0.004533839852733707,0.004613083829707488,0.002,24000000.0,0.00457316954898179,0.9999539190169713,0.9954268304510182,10379304.88606698,47466.32104455942,10331838.565022422,249103317.26560754,43247.10369194576,629.8713402101129
d_a_network_heldout_shared,mlp,0.9869039250514647,0.4304932735426009,0.9862150803591291,0.011291596978889202,0.011487592277241764,0.005,24000.0,0.011388877510519873,0.9998844582248856,0.9886111224894801,10450.862153973354,119.02358895093042,10331.838565022423,250820.6916953605,43545.25897488897,1.579426124446464
d_a_network_heldout_shared,mlp,0.9869039250514647,0.4304932735426009,0.9862150803591291,0.011291596978889202,0.011487592277241764,0.005,240000.0,0.011388877510519873,0.9998844582248855,0.9886111224894801,104508.62153973353,1190.2358895093041,103318.38565022423,2508206.9169536047,43545.25897488897,15.79426124446464
d_a_network_heldout_shared,mlp,0.9869039250514647,0.4304932735426009,0.9862150803591291,0.011291596978889202,0.011487592277241764,0.005,2400000.0,0.011388877510519875,0.9998844582248855,0.9886111224894801,1045086.2153973352,11902.35889509304,1033183.8565022422,25082069.169536047,43545.25897488897,157.9426124446464
d_a_network_heldout_shared,mlp,0.9869039250514647,0.4304932735426009,0.9862150803591291,0.011291596978889202,0.011487592277241764,0.005,24000000.0,0.011388877510519877,0.9998844582248856,0.9886111224894801,10450862.153973352,119023.58895093043,10331838.565022422,250820691.69536045,43545.25897488897,1579.426124446464
d_a_network_heldout_shared,mlp,0.9869039250514647,0.4304932735426009,0.9862150803591291,0.022441292881900884,0.022826352326272947,0.01,24000.0,0.02263243256933065,0.9997677764636786,0.9773675674306693,10571.088001398535,239.24943637611267,10331.838565022423,253706.11203356483,44046.20000582723,3.174806048129761
d_a_network_heldout_shared,mlp,0.9869039250514647,0.4304932735426009,0.9862150803591291,0.022441292881900884,0.022826352326272947,0.01,240000.0,0.022632432569330653,0.9997677764636785,0.9773675674306693,105710.88001398536,2392.494363761127,103318.38565022423,2537061.120335649,44046.20000582723,31.74806048129761
d_a_network_heldout_shared,mlp,0.9869039250514647,0.4304932735426009,0.9862150803591291,0.022441292881900884,0.022826352326272947,0.01,2400000.0,0.022632432569330653,0.9997677764636786,0.9773675674306693,1057108.8001398535,23924.943637611268,1033183.8565022422,25370611.203356482,44046.20000582723,317.4806048129761
d_a_network_heldout_shared,mlp,0.9869039250514647,0.4304932735426009,0.9862150803591291,0.022441292881900884,0.022826352326272947,0.01,24000000.0,0.02263243256933065,0.9997677764636785,0.9773675674306693,10571088.001398535,239249.43637611266,10331838.565022422,253706112.03356487,44046.20000582723,3174.8060481297607
d_a_network_heldout_shared,mlp,0.9869039250514647,0.4304932735426009,0.9862150803591291,0.10683604606817736,0.10850845775443974,0.05,24000.0,0.10766683349675002,0.9987911751216434,0.89233316650325,11578.454049297958,1246.6154842755343,10331.838565022423,277882.897183151,48243.55853874149,16.5424104613077
d_a_network_heldout_shared,mlp,0.9869039250514647,0.4304932735426009,0.9862150803591291,0.10683604606817736,0.10850845775443974,0.05,240000.0,0.10766683349675003,0.9987911751216435,0.89233316650325,115784.54049297958,12466.154842755344,103318.38565022423,2778828.97183151,48243.55853874149,165.42410461307702
d_a_network_heldout_shared,mlp,0.9869039250514647,0.4304932735426009,0.9862150803591291,0.10683604606817736,0.10850845775443974,0.05,2400000.0,0.10766683349675005,0.9987911751216435,0.8923331665032499,1157845.4049297955,124661.54842755344,1033183.8565022422,27788289.718315095,48243.55853874149,1654.2410461307702
d_a_network_heldout_shared,mlp,0.9869039250514647,0.4304932735426009,0.9862150803591291,0.10683604606817736,0.10850845775443974,0.05,24000000.0,0.10766683349675005,0.9987911751216434,0.8923331665032499,11578454.049297957,1246615.4842755345,10331838.565022422,277882897.18315095,48243.55853874149,16542.410461307703
d_a_network_heldout_shared,mlp,0.9869039250514647,0.4304932735426009,0.9862150803591291,0.201610270433039,0.20442671367624218,0.1,24000.0,0.20301053566876662,0.9974514594115439,0.7969894643312334,12963.582365159662,2631.7438001372393,10331.838565022423,311125.9767638319,54014.92652149859,34.92286652942737
d_a_network_heldout_shared,mlp,0.9869039250514647,0.4304932735426009,0.9862150803591291,0.201610270433039,0.20442671367624218,0.1,240000.0,0.2030105356687666,0.9974514594115438,0.7969894643312334,129635.82365159661,26317.43800137239,103318.38565022423,3111259.7676383187,54014.92652149859,349.22866529427364
d_a_network_heldout_shared,mlp,0.9869039250514647,0.4304932735426009,0.9862150803591291,0.201610270433039,0.20442671367624218,0.1,2400000.0,0.20301053566876665,0.9974514594115439,0.7969894643312334,1296358.2365159662,263174.380013724,1033183.8565022422,31112597.67638319,54014.92652149859,3492.286652942737
d_a_network_heldout_shared,mlp,0.9869039250514647,0.4304932735426009,0.9862150803591291,0.201610270433039,0.20442671367624218,0.1,24000000.0,0.20301053566876662,0.9974514594115438,0.7969894643312334,12963582.36515966,2631743.800137239,10331838.565022422,311125976.76383185,54014.92652149859,34922.86652942737
d_a_network_heldout_shared,mlp,0.9869039250514647,0.4304932735426009,0.9862150803591291,0.36231506154841403,0.3663463741127095,0.2,24000.0,0.3643221593481403,0.9942839930207118,0.6356778406518597,16253.26211533121,5921.423550308788,10331.838565022423,390078.2907679491,67721.92548054672,78.57644969121158
d_a_network_heldout_shared,mlp,0.9869039250514647,0.4304932735426009,0.9862150803591291,0.36231506154841403,0.3663463741127095,0.2,240000.0,0.3643221593481403,0.9942839930207119,0.6356778406518597,162532.6211533121,59214.23550308788,103318.38565022423,3900782.9076794903,67721.92548054672,785.7644969121158
d_a_network_heldout_shared,mlp,0.9869039250514647,0.4304932735426009,0.9862150803591291,0.36231506154841403,0.3663463741127095,0.2,2400000.0,0.3643221593481403,0.9942839930207119,0.6356778406518597,1625326.2115331208,592142.3550308788,1033183.8565022422,39007829.0767949,67721.92548054672,7857.644969121158
d_a_network_heldout_shared,mlp,0.9869039250514647,0.4304932735426009,0.9862150803591291,0.36231506154841403,0.3663463741127095,0.2,24000000.0,0.3643221593481403,0.9942839930207118,0.6356778406518597,16253262.11533121,5921423.550308788,10331838.565022422,390078290.76794904,67721.92548054672,78576.44969121159
d_a_network_heldout_shared,mlp,0.9869039250514647,0.4304932735426009,0.9862150803591291,0.6944409737527507,0.6981220506355017,0.5,24000.0,0.6962790148240644,0.9775214349863546,0.3037209851759356,34017.53276625757,23685.694201235154,10331.838565022423,816420.7863901817,141739.71985940658,314.3057987648463
d_a_network_heldout_shared,mlp,0.9869039250514647,0.4304932735426009,0.9862150803591291,0.6944409737527507,0.6981220506355017,0.5,240000.0,0.6962790148240643,0.9775214349863545,0.3037209851759357,340175.32766257576,236856.94201235153,103318.38565022423,8164207.863901818,141739.71985940658,3143.057987648463
d_a_network_heldout_shared,mlp,0.9869039250514647,0.4304932735426009,0.9862150803591291,0.6944409737527507,0.6981220506355017,0.5,2400000.0,0.6962790148240644,0.9775214349863546,0.3037209851759356,3401753.276625757,2368569.420123515,1033183.8565022422,81642078.63901818,141739.71985940658,31430.579876484633
d_a_network_heldout_shared,mlp,0.9869039250514647,0.4304932735426009,0.9862150803591291,0.6944409737527507,0.6981220506355017,0.5,24000000.0,0.6962790148240643,0.9775214349863545,0.3037209851759357,34017532.76625758,23685694.201235153,10331838.565022422,816420786.3901818,141739.71985940658,314305.79876484635
d_a_network_heldout_shared,rf,0.9202081216163558,0.1982005289180177,0.9937978990604167,0.000457059654185665,0.0004712988496166192,0.0001,24000.0,0.0004641122978001585,0.9999900475035168,0.9995358877021998,4759.02141439634,2.2087203639156456,4756.812694032425,114216.51394551217,19829.255893318084,0.19151966008675478
d_a_network_heldout_shared,rf,0.9202081216163558,0.1982005289180177,0.9937978990604167,0.000457059654185665,0.0004712988496166192,0.0001,240000.0,0.00046411229780015837,0.9999900475035168,0.9995358877021998,47590.21414396341,22.087203639156453,47568.12694032425,1142165.1394551217,19829.255893318084,1.9151966008675478
d_a_network_heldout_shared,rf,0.9202081216163558,0.1982005289180177,0.9937978990604167,0.000457059654185665,0.0004712988496166192,0.0001,2400000.0,0.00046411229780015837,0.9999900475035168,0.9995358877021998,475902.1414396341,220.87203639156454,475681.2694032425,11421651.394551218,19829.255893318084,19.151966008675476
d_a_network_heldout_shared,rf,0.9202081216163558,0.1982005289180177,0.9937978990604167,0.000457059654185665,0.0004712988496166192,0.0001,24000000.0,0.00046411229780015837,0.9999900475035168,0.9995358877021998,4759021.414396341,2208.7203639156455,4756812.694032425,114216513.94551218,19829.255893318084,191.51966008675478
d_a_network_heldout_shared,rf,0.9202081216163558,0.1982005289180177,0.9937978990604167,0.002282038649242409,0.002352999234945446,0.0005,24000.0,0.0023171862873865054,0.9999502195853825,0.9976828137126135,4767.860715502556,11.048021470131335,4756.812694032425,114428.65717206133,19866.086314593984,0.9579815313694151
d_a_network_heldout_shared,rf,0.9202081216163558,0.1982005289180177,0.9937978990604167,0.002282038649242409,0.002352999234945446,0.0005,240000.0,0.0023171862873865054,0.9999502195853827,0.9976828137126135,47678.60715502556,110.48021470131334,47568.12694032425,1144286.5717206134,19866.086314593984,9.579815313694152
d_a_network_heldout_shared,rf,0.9202081216163558,0.1982005289180177,0.9937978990604167,0.002282038649242409,0.002352999234945446,0.0005,2400000.0,0.002317186287386505,0.9999502195853827,0.9976828137126135,476786.07155025564,1104.8021470131334,475681.2694032425,11442865.717206135,19866.086314593984,95.79815313694151
d_a_network_heldout_shared,rf,0.9202081216163558,0.1982005289180177,0.9937978990604167,0.002282038649242409,0.002352999234945446,0.0005,24000000.0,0.0023171862873865054,0.9999502195853825,0.9976828137126135,4767860.715502556,11048.021470131336,4756812.694032425,114428657.17206135,19866.086314593984,957.9815313694153
d_a_network_heldout_shared,rf,0.9202081216163558,0.1982005289180177,0.9937978990604167,0.004555954350274341,0.004697290040824395,0.001,24000.0,0.0046259621345959645,0.9999003943038967,0.995374037865404,4778.919796053238,22.10710202081335,4756.812694032425,114694.07510527772,19912.165816888493,1.9169220032106715
d_a_network_heldout_shared,rf,0.9202081216163558,0.1982005289180177,0.9937978990604167,0.004555954350274341,0.004697290040824395,0.001,240000.0,0.004625962134595965,0.9999003943038965,0.995374037865404,47789.19796053238,221.07102020813352,47568.12694032425,1146940.751052777,19912.165816888493,19.16922003210672
d_a_network_heldout_shared,rf,0.9202081216163558,0.1982005289180177,0.9937978990604167,0.004555954350274341,0.004697290040824395,0.001,2400000.0,0.004625962134595965,0.9999003943038965,0.995374037865404,477891.97960532387,2210.7102020813354,475681.2694032425,11469407.510527773,19912.165816888493,191.6922003210672
d_a_network_heldout_shared,rf,0.9202081216163558,0.1982005289180177,0.9937978990604167,0.004555954350274341,0.004697290040824395,0.001,24000000.0,0.004625962134595965,0.9999003943038965,0.995374037865404,4778919.796053238,22107.102020813352,4756812.694032425,114694075.10527772,19912.165816888493,1916.9220032106716
d_a_network_heldout_shared,rf,0.9202081216163558,0.1982005289180177,0.9937978990604167,0.009079589774864361,0.009359939031235467,0.002,24000.0,0.009218465004880822,0.9998006088974698,0.9907815349951192,4801.071200883713,44.25850685128765,4756.812694032425,115225.7088212091,20004.46333701547,3.837685533481886
d_a_network_heldout_shared,rf,0.9202081216163558,0.1982005289180177,0.9937978990604167,0.009079589774864361,0.009359939031235467,0.002,240000.0,0.009218465004880824,0.9998006088974698,0.9907815349951192,48010.71200883712,442.58506851287655,47568.12694032425,1152257.088212091,20004.46333701547,38.376855334818856
d_a_network_heldout_shared,rf,0.9202081216163558,0.1982005289180177,0.9937978990604167,0.009079589774864361,0.009359939031235467,0.002,2400000.0,0.009218465004880822,0.9998006088974698,0.9907815349951192,480107.1200883713,4425.850685128765,475681.2694032425,11522570.882120911,20004.46333701547,383.76855334818856
d_a_network_heldout_shared,rf,0.9202081216163558,0.1982005289180177,0.9937978990604167,0.009079589774864361,0.009359939031235467,0.002,24000000.0,0.009218465004880824,0.9998006088974698,0.9907815349951192,4801071.200883713,44258.50685128765,4756812.694032425,115225708.8212091,20004.46333701547,3837.6855334818856
d_a_network_heldout_shared,rf,0.9202081216163558,0.1982005289180177,0.9937978990604167,0.022459985236027755,0.023143829778312603,0.005,24000.0,0.022798809196067634,0.9995001695395046,0.9772011908039324,4867.792567996206,110.9798739637816,4756.812694032425,116827.02163190895,20282.469033317528,9.623141111595283
d_a_network_heldout_shared,rf,0.9202081216163558,0.1982005289180177,0.9937978990604167,0.022459985236027755,0.023143829778312603,0.005,240000.0,0.022798809196067634,0.9995001695395045,0.9772011908039324,48677.92567996206,1109.798739637816,47568.12694032425,1168270.2163190895,20282.469033317528,96.23141111595281
d_a_network_heldout_shared,rf,0.9202081216163558,0.1982005289180177,0.9937978990604167,0.022459985236027755,0.023143829778312603,0.005,2400000.0,0.02279880919606763,0.9995001695395046,0.9772011908039324,486779.2567996207,11097.98739637816,475681.2694032425,11682702.163190898,20282.469033317528,962.3141111595281
d_a_network_heldout_shared,rf,0.9202081216163558,0.1982005289180177,0.9937978990604167,0.022459985236027755,0.023143829778312603,0.005,24000000.0,0.022798809196067634,0.9995001695395046,0.9772011908039324,4867792.567996207,110979.8739637816,4756812.694032425,116827021.63190895,20282.469033317528,9623.141111595281
d_a_network_heldout_shared,rf,0.9202081216163558,0.1982005289180177,0.9937978990604167,0.044145320577065286,0.045458719586655046,0.01,24000.0,0.04479629111747059,0.9989957972875941,0.9552037088825294,4979.893450787905,223.0807567554802,4756.812694032425,119517.44281890971,20749.556044949604,19.343485668762234
d_a_network_heldout_shared,rf,0.9202081216163558,0.1982005289180177,0.9937978990604167,0.044145320577065286,0.045458719586655046,0.01,240000.0,0.04479629111747059,0.9989957972875942,0.9552037088825294,49798.93450787905,2230.807567554802,47568.12694032425,1195174.4281890972,20749.556044949604,193.43485668762236
d_a_network_heldout_shared,rf,0.9202081216163558,0.1982005289180177,0.9937978990604167,0.044145320577065286,0.045458719586655046,0.01,2400000.0,0.04479629111747059,0.9989957972875941,0.9552037088825294,497989.3450787905,22308.07567554802,475681.2694032425,11951744.281890972,20749.556044949604,1934.3485668762235
d_a_network_heldout_shared,rf,0.9202081216163558,0.1982005289180177,0.9937978990604167,0.044145320577065286,0.045458719586655046,0.01,24000000.0,0.044796291117470584,0.9989957972875941,0.9552037088825294,4979893.450787906,223080.7567554802,4756812.694032425,119517442.81890973,20749.556044949604,19343.485668762234
d_a_network_heldout_shared,rf,0.9202081216163558,0.1982005289180177,0.9937978990604167,0.1939667738920242,0.19881050342135748,0.05,24000.0,0.19637314411191395,0.9947896060427047,0.803626855888086,5919.180847653084,1162.36815362066,4756.812694032425,142060.340343674,24663.253531887854,100.78974111618216
d_a_network_heldout_shared,rf,0.9202081216163558,0.1982005289180177,0.9937978990604167,0.1939667738920242,0.19881050342135748,0.05,240000.0,0.19637314411191395,0.9947896060427047,0.803626855888086,59191.808476530845,11623.6815362066,47568.12694032425,1420603.4034367404,24663.253531887854,1007.8974111618217
d_a_network_heldout_shared,rf,0.9202081216163558,0.1982005289180177,0.9937978990604167,0.1939667738920242,0.19881050342135748,0.05,2400000.0,0.1963731441119139,0.9947896060427048,0.8036268558880861,591918.0847653085,116236.815362066,475681.2694032425,14206034.034367405,24663.253531887854,10078.974111618216
d_a_network_heldout_shared,rf,0.9202081216163558,0.1982005289180177,0.9937978990604167,0.1939667738920242,0.19881050342135748,0.05,24000000.0,0.19637314411191392,0.9947896060427048,0.8036268558880861,5919180.847653085,1162368.15362066,4756812.694032425,142060340.34367406,24663.253531887854,100789.74111618217
d_a_network_heldout_shared,rf,0.9202081216163558,0.1982005289180177,0.9937978990604167,0.33688122819644334,0.3437717016031548,0.1,24000.0,0.34031203319455877,0.9890635938507264,0.6596879668054412,7210.701018342706,2453.888324310282,4756.812694032425,173056.82444022497,30044.587576427948,212.77834235638454
d_a_network_heldout_shared,rf,0.9202081216163558,0.1982005289180177,0.9937978990604167,0.33688122819644334,0.3437717016031548,0.1,240000.0,0.34031203319455877,0.9890635938507265,0.6596879668054412,72107.01018342708,24538.88324310282,47568.12694032425,1730568.2444022498,30044.587576427948,2127.783423563845
d_a_network_heldout_shared,rf,0.9202081216163558,0.1982005289180177,0.9937978990604167,0.33688122819644334,0.3437717016031548,0.1,2400000.0,0.34031203319455877,0.9890635938507265,0.6596879668054412,721070.1018342708,245388.83243102822,475681.2694032425,17305682.4440225,30044.587576427948,21277.834235638456
d_a_network_heldout_shared,rf,0.9202081216163558,0.1982005289180177,0.9937978990604167,0.33688122819644334,0.3437717016031548,0.1,24000000.0,0.3403120331945587,0.9890635938507265,0.6596879668054413,7210701.018342707,2453888.324310282,4756812.694032425,173056824.44022498,30044.587576427948,212778.34235638456
d_a_network_heldout_shared,rf,0.9202081216163558,0.1982005289180177,0.9937978990604167,0.5333769225089356,0.5410074947809601,0.2,24000.0,0.5371877538064103,0.9757249385778979,0.46281224619358974,10278.06142373056,5521.248729698134,4756.812694032425,246673.47416953344,42825.25593221067,478.75127030186525
d_a_network_heldout_shared,rf,0.9202081216163558,0.1982005289180177,0.9937978990604167,0.5333769225089356,0.5410074947809601,0.2,240000.0,0.5371877538064103,0.975724938577898,0.46281224619358974,102780.61423730559,55212.487296981344,47568.12694032425,2466734.741695334,42825.25593221067,4787.512703018652
d_a_network_heldout_shared,rf,0.9202081216163558,0.1982005289180177,0.9937978990604167,0.5333769225089356,0.5410074947809601,0.2,2400000.0,0.5371877538064103,0.9757249385778979,0.46281224619358974,1027806.142373056,552124.8729698135,475681.2694032425,24667347.416953344,42825.25593221067,47875.12703018653
d_a_network_heldout_shared,rf,0.9202081216163558,0.1982005289180177,0.9937978990604167,0.5333769225089356,0.5410074947809601,0.2,24000000.0,0.5371877538064103,0.975724938577898,0.46281224619358974,10278061.42373056,5521248.729698135,4756812.694032425,246673474.16953343,42825.25593221067,478751.27030186524
d_a_network_heldout_shared,rf,0.9202081216163558,0.1982005289180177,0.9937978990604167,0.8205386116272503,0.825013888383032,0.5,24000.0,0.8227834442953227,0.9094910828786945,0.17721655570467731,26841.807612824963,22084.994918792538,4756.812694032425,644203.3827077991,111840.86505343734,1915.005081207461
d_a_network_heldout_shared,rf,0.9202081216163558,0.1982005289180177,0.9937978990604167,0.8205386116272503,0.825013888383032,0.5,240000.0,0.8227834442953227,0.9094910828786945,0.17721655570467731,268418.07612824964,220849.94918792538,47568.12694032425,6442033.827077991,111840.86505343734,19150.05081207461
d_a_network_heldout_shared,rf,0.9202081216163558,0.1982005289180177,0.9937978990604167,0.8205386116272503,0.825013888383032,0.5,2400000.0,0.8227834442953228,0.9094910828786945,0.1772165557046772,2684180.7612824966,2208499.491879254,475681.2694032425,64420338.27077992,111840.86505343734,191500.50812074612
d_a_network_heldout_shared,rf,0.9202081216163558,0.1982005289180177,0.9937978990604167,0.8205386116272503,0.825013888383032,0.5,24000000.0,0.8227834442953228,0.9094910828786945,0.1772165557046772,26841807.61282496,22084994.91879254,4756812.694032425,644203382.7077991,111840.86505343734,1915005.081207461
d_a_network_heldout_shared,stratified,0.9347671588653291,0.9368316660917558,0.9693865786920025,9.955412618364298e-05,0.00010001102170127415,0.0001,24000.0,9.977965078409142e-05,0.9998967320745992,0.9999002203492159,22486.20365174997,2.243665547831573,22483.95998620214,539668.8876419993,93692.51521562488,0.15657447617082718
d_a_network_heldout_shared,stratified,0.9347671588653291,0.9368316660917558,0.9693865786920025,9.955412618364298e-05,0.00010001102170127415,0.0001,240000.0,9.97796507840914e-05,0.9998967320745992,0.9999002203492159,224862.0365174997,22.436655478315732,224839.5998620214,5396688.876419993,93692.51521562488,1.5657447617082718
d_a_network_heldout_shared,stratified,0.9347671588653291,0.9368316660917558,0.9693865786920025,9.955412618364298e-05,0.00010001102170127415,0.0001,2400000.0,9.97796507840914e-05,0.9998967320745992,0.9999002203492159,2248620.365174997,224.3665547831573,2248395.998620214,53966888.76419993,93692.51521562488,15.657447617082717
d_a_network_heldout_shared,stratified,0.9347671588653291,0.9368316660917558,0.9693865786920025,9.955412618364298e-05,0.00010001102170127415,0.0001,24000000.0,9.977965078409142e-05,0.9998967320745992,0.9999002203492159,22486203.651749972,2243.6655478315733,22483959.98620214,539668887.6419994,93692.51521562488,156.57447617082718
d_a_network_heldout_shared,stratified,0.9347671588653291,0.9368316660917558,0.9693865786920025,0.0004977715187801481,0.0005000550864583349,0.0005,24000.0,0.0004988986936921781,0.9994836671230203,0.9995011013063079,22495.18280351718,11.22281731504147,22483.95998620214,539884.3872844123,93729.92834798824,0.78318568645928
d_a_network_heldout_shared,stratified,0.9347671588653291,0.9368316660917558,0.9693865786920025,0.0004977715187801481,0.0005000550864583349,0.0005,240000.0,0.0004988986936921781,0.9994836671230203,0.9995011013063079,224951.8280351718,112.2281731504147,224839.5998620214,5398843.872844123,93729.92834798824,7.831856864592801
d_a_network_heldout_shared,stratified,0.9347671588653291,0.9368316660917558,0.9693865786920025,0.0004977715187801481,0.0005000550864583349,0.0005,2400000.0,0.000498898693692178,0.9994836671230204,0.9995011013063079,2249518.280351718,1122.2817315041468,2248395.998620214,53988438.72844123,93729.92834798824,78.318568645928
d_a_network_heldout_shared,stratified,0.9347671588653291,0.9368316660917558,0.9693865786920025,0.0004977715187801481,0.0005000550864583349,0.0005,24000000.0,0.000498898693692178,0.9994836671230203,0.9995011013063079,22495182.80351718,11222.81731504147,22483959.98620214,539884387.2844124,93729.92834798824,783.1856864592801
d_a_network_heldout_shared,stratified,0.9347671588653291,0.9368316660917558,0.9693865786920025,0.0009955452572240374,0.0010001101177965852,0.001,24000.0,0.0009977984868158394,0.998967351120605,0.9990022015131842,22506.416854883588,22.456868681449347,22483.95998620214,540154.0045172061,93776.73689534828,1.5671553425746756
d_a_network_heldout_shared,stratified,0.9347671588653291,0.9368316660917558,0.9693865786920025,0.0009955452572240374,0.0010001101177965852,0.001,240000.0,0.0009977984868158394,0.998967351120605,0.9990022015131842,225064.16854883588,224.56868681449347,224839.5998620214,5401540.045172061,93776.73689534828,15.671553425746756
d_a_network_heldout_shared,stratified,0.9347671588653291,0.9368316660917558,0.9693865786920025,0.0009955452572240374,0.0010001101177965852,0.001,2400000.0,0.0009977984868158394,0.998967351120605,0.9990022015131842,2250641.685488359,2245.686868144935,2248395.998620214,54015400.45172062,93776.73689534828,156.71553425746757
d_a_network_heldout_shared,stratified,0.9347671588653291,0.9368316660917558,0.9693865786920025,0.0009955452572240374,0.0010001101177965852,0.001,24000000.0,0.0009977984868158394,0.998967351120605,0.9990022015131842,22506416.85488359,22456.86868144935,22483959.98620214,540154004.5172062,93776.73689534828,1567.1553425746756
d_a_network_heldout_shared,stratified,0.9347671588653291,0.9368316660917558,0.9693865786920025,0.001991099393162427,0.0020002200151128693,0.002,24000.0,0.001995601371372149,0.9979347697361588,0.9980043986286279,22528.91872730989,44.9587411077513,22483.95998620214,540694.0494554373,93870.49469712454,3.137451277018238
d_a_network_heldout_shared,stratified,0.9347671588653291,0.9368316660917558,0.9693865786920025,0.001991099393162427,0.0020002200151128693,0.002,240000.0,0.001995601371372149,0.9979347697361588,0.9980043986286279,225289.1872730989,449.587411077513,224839.5998620214,5406940.494554374,93870.49469712454,31.374512770182385
d_a_network_heldout_shared,stratified,0.9347671588653291,0.9368316660917558,0.9693865786920025,0.001991099393162427,0.0020002200151128693,0.002,2400000.0,0.001995601371372149,0.9979347697361588,0.9980043986286279,2252891.872730989,4495.87411077513,2248395.998620214,54069404.945543736,93870.49469712454,313.74512770182383
d_a_network_heldout_shared,stratified,0.9347671588653291,0.9368316660917558,0.9693865786920025,0.001991099393162427,0.0020002200151128693,0.002,24000000.0,0.0019956013713721484,0.9979347697361587,0.9980043986286279,22528918.72730989,44958.741107751295,22483959.98620214,540694049.4554374,93870.49469712454,3137.451277018238
d_a_network_heldout_shared,stratified,0.9347671588653291,0.9368316660917558,0.9693865786920025,0.004977815074451491,0.005000548384180645,0.005,24000.0,0.00498903641177464,0.9948374304863461,0.9950109635882254,22596.69572395474,112.73573775260252,22483.95998620214,542320.6973749138,94152.89884981142,7.867277322774377
d_a_network_heldout_shared,stratified,0.9347671588653291,0.9368316660917558,0.9693865786920025,0.004977815074451491,0.005000548384180645,0.005,240000.0,0.004989036411774639,0.9948374304863461,0.9950109635882254,225966.95723954742,1127.357377526025,224839.5998620214,5423206.973749138,94152.89884981142,78.67277322774376
d_a_network_heldout_shared,stratified,0.9347671588653291,0.9368316660917558,0.9693865786920025,0.004977815074451491,0.005000548384180645,0.005,2400000.0,0.00498903641177464,0.994837430486346,0.9950109635882254,2259669.572395474,11273.57377526025,2248395.998620214,54232069.737491384,94152.89884981142,786.7277322774377
d_a_network_heldout_shared,stratified,0.9347671588653291,0.9368316660917558,0.9693865786920025,0.004977815074451491,0.005000548384180645,0.005,24000000.0,0.00498903641177464,0.9948374304863461,0.9950109635882254,22596695.72395474,112735.73775260251,22483959.98620214,542320697.3749138,94152.89884981142,7867.277322774376
d_a_network_heldout_shared,stratified,0.9347671588653291,0.9368316660917558,0.9693865786920025,0.009955852128639912,0.010001091256361054,0.01,24000.0,0.009978182769968503,0.9896765476848751,0.9900218172300315,22710.570206533128,226.61022033098888,22483.95998620214,545053.6849567951,94627.37586055469,15.814022093253545
d_a_network_heldout_shared,stratified,0.9347671588653291,0.9368316660917558,0.9693865786920025,0.009955852128639912,0.010001091256361054,0.01,240000.0,0.009978182769968503,0.9896765476848751,0.9900218172300315,227105.70206533128,2266.102203309889,224839.5998620214,5450536.849567951,94627.37586055469,158.14022093253547
d_a_network_heldout_shared,stratified,0.9347671588653291,0.9368316660917558,0.9693865786920025,0.009955852128639912,0.010001091256361054,0.01,2400000.0,0.009978182769968503,0.9896765476848751,0.9900218172300315,2271057.020653313,22661.02203309889,2248395.998620214,54505368.49567951,94627.37586055469,1581.4022093253545
d_a_network_heldout_shared,stratified,0.9347671588653291,0.9368316660917558,0.9693865786920025,0.009955852128639912,0.010001091256361054,0.01,24000000.0,0.009978182769968503,0.9896765476848751,0.9900218172300315,22710570.206533127,226610.22033098887,22483959.98620214,545053684.956795,94627.37586055469,15814.022093253545
d_a_network_heldout_shared,stratified,0.9347671588653291,0.9368316660917558,0.9693865786920025,0.04978814161480064,0.05000523580288949,0.05,24000.0,0.04989531214278196,0.9484501078464422,0.950104687857218,23664.718502663607,1180.7585164614684,22483.95998620214,567953.2440639266,98602.99376109836,82.39937827537373
d_a_network_heldout_shared,stratified,0.9347671588653291,0.9368316660917558,0.9693865786920025,0.04978814161480064,0.05000523580288949,0.05,240000.0,0.04989531214278196,0.9484501078464421,0.950104687857218,236647.18502663609,11807.585164614684,224839.5998620214,5679532.440639266,98602.99376109836,823.9937827537374
d_a_network_heldout_shared,stratified,0.9347671588653291,0.9368316660917558,0.9693865786920025,0.04978814161480064,0.05000523580288949,0.05,2400000.0,0.04989531214278196,0.9484501078464422,0.950104687857218,2366471.8502663607,118075.85164614684,2248395.998620214,56795324.406392656,98602.99376109836,8239.937827537373
d_a_network_heldout_shared,stratified,0.9347671588653291,0.9368316660917558,0.9693865786920025,0.04978814161480064,0.05000523580288949,0.05,24000000.0,0.049895312142781964,0.9484501078464422,0.950104687857218,23664718.50266361,1180758.5164614685,22483959.98620214,567953244.0639266,98602.99376109836,82399.37827537375
d_a_network_heldout_shared,stratified,0.9347671588653291,0.9368316660917558,0.9693865786920025,0.09959849457299971,0.10000992041395763,0.1,24000.0,0.09980162219922173,0.8970681454546854,0.9001983778007783,24976.672409843017,2492.7124236408777,22483.95998620214,599440.1378362324,104069.4683743459,173.95424302578897
d_a_network_heldout_shared,stratified,0.9347671588653291,0.9368316660917558,0.9693865786920025,0.09959849457299971,0.10000992041395763,0.1,240000.0,0.09980162219922172,0.8970681454546854,0.9001983778007783,249766.72409843016,24927.124236408774,224839.5998620214,5994401.378362324,104069.4683743459,1739.5424302578897
d_a_network_heldout_shared,stratified,0.9347671588653291,0.9368316660917558,0.9693865786920025,0.09959849457299971,0.10000992041395763,0.1,2400000.0,0.09980162219922174,0.8970681454546853,0.9001983778007783,2497667.2409843015,249271.24236408778,2248395.998620214,59944013.78362323,104069.4683743459,17395.4243025789
d_a_network_heldout_shared,stratified,0.9347671588653291,0.9368316660917558,0.9693865786920025,0.09959849457299971,0.10000992041395763,0.1,24000000.0,0.09980162219922172,0.8970681454546853,0.9001983778007783,24976672.409843016,2492712.4236408775,22483959.98620214,599440137.8362324,104069.4683743459,173954.24302578898
d_a_network_heldout_shared,stratified,0.9347671588653291,0.9368316660917558,0.9693865786920025,0.19928589399929422,0.20001763609708315,0.2,24000.0,0.19964725060122757,0.7948047383101069,0.8003527493987724,28092.562939394113,5608.602953191975,22483.95998620214,674221.5105454586,117052.3455808088,391.3970468080252
d_a_network_heldout_shared,stratified,0.9347671588653291,0.9368316660917558,0.9693865786920025,0.19928589399929422,0.20001763609708315,0.2,240000.0,0.19964725060122757,0.7948047383101069,0.8003527493987724,280925.62939394114,56086.02953191975,224839.5998620214,6742215.105454587,117052.3455808088,3913.9704680802524
d_a_network_heldout_shared,stratified,0.9347671588653291,0.9368316660917558,0.9693865786920025,0.19928589399929422,0.20001763609708315,0.2,2400000.0,0.19964725060122754,0.7948047383101068,0.8003527493987724,2809256.2939394116,560860.2953191975,2248395.998620214,67422151.05454588,117052.3455808088,39139.704680802526
d_a_network_heldout_shared,stratified,0.9347671588653291,0.9368316660917558,0.9693865786920025,0.19928589399929422,0.20001763609708315,0.2,24000000.0,0.19964725060122757,0.7948047383101068,0.8003527493987724,28092562.939394116,5608602.953191975,22483959.98620214,674221510.5454588,117052.3455808088,391397.0468080252
d_a_network_heldout_shared,stratified,0.9347671588653291,0.9368316660917558,0.9693865786920025,0.4988827133843784,0.5000275554904963,0.5,24000.0,0.4994484642758648,0.49196071521254886,0.5005515357241352,44918.37179897004,22434.4118127679,22483.95998620214,1078040.923175281,187159.88249570847,1565.5881872321008
d_a_network_heldout_shared,stratified,0.9347671588653291,0.9368316660917558,0.9693865786920025,0.4988827133843784,0.5000275554904963,0.5,240000.0,0.49944846427586476,0.49196071521254886,0.5005515357241352,449183.7179897004,224344.118127679,224839.5998620214,10780409.23175281,187159.88249570847,15655.88187232101
d_a_network_heldout_shared,stratified,0.9347671588653291,0.9368316660917558,0.9693865786920025,0.4988827133843784,0.5000275554904963,0.5,2400000.0,0.49944846427586476,0.4919607152125489,0.5005515357241352,4491837.179897004,2243441.18127679,2248395.998620214,107804092.3175281,187159.88249570847,156558.8187232101
d_a_network_heldout_shared,stratified,0.9347671588653291,0.9368316660917558,0.9693865786920025,0.4988827133843784,0.5000275554904963,0.5,24000000.0,0.49944846427586476,0.4919607152125489,0.5005515357241352,44918371.79897004,22434411.8127679,22483959.98620214,1078040923.175281,187159.88249570847,1565588.1872321009
d_a_network_heldout_shared,tree,0.8519168867233996,0.156907554329079,0.9944063560515641,0.0005331504550267469,0.0005524530795464574,0.0001,24000.0,0.0005427015338641648,0.9999824342724951,0.9994572984661358,3767.8261089065327,2.044805008637023,3765.7813038978957,90427.82661375678,15699.27545377722,0.35543501536537747
d_a_network_heldout_shared,tree,0.8519168867233996,0.156907554329079,0.9944063560515641,0.0005331504550267469,0.0005524530795464574,0.0001,240000.0,0.0005427015338641647,0.999982434272495,0.9994572984661358,37678.26108906533,20.448050086370227,37657.81303897896,904278.2661375679,15699.27545377722,3.554350153653775
d_a_network_heldout_shared,tree,0.8519168867233996,0.156907554329079,0.9944063560515641,0.0005331504550267469,0.0005524530795464574,0.0001,2400000.0,0.0005427015338641647,0.999982434272495,0.9994572984661358,376782.6108906533,204.48050086370228,376578.1303897896,9042782.66137568,15699.27545377722,35.54350153653775
d_a_network_heldout_shared,tree,0.8519168867233996,0.156907554329079,0.9944063560515641,0.0005331504550267469,0.0005524530795464574,0.0001,24000000.0,0.0005427015338641647,0.9999824342724951,0.9994572984661358,3767826.108906533,2044.8050086370229,3765781.303897896,90427826.61375679,15699.27545377722,355.4350153653775
d_a_network_heldout_shared,tree,0.8519168867233996,0.156907554329079,0.9944063560515641,0.002661141116076553,0.002757274748862286,0.0005,24000.0,0.0027087105882838106,0.9999121423896654,0.9972912894117162,3776.009420596926,10.22811669903031,3765.7813038978957,90624.22609432622,15733.372585820525,1.7778863024704399
d_a_network_heldout_shared,tree,0.8519168867233996,0.156907554329079,0.9944063560515641,0.002661141116076553,0.002757274748862286,0.0005,240000.0,0.0027087105882838106,0.9999121423896654,0.9972912894117162,37760.09420596926,102.2811669903031,37657.81303897896,906242.2609432623,15733.372585820525,17.7788630247044
d_a_network_heldout_shared,tree,0.8519168867233996,0.156907554329079,0.9944063560515641,0.002661141116076553,0.002757274748862286,0.0005,2400000.0,0.0027087105882838097,0.9999121423896653,0.9972912894117162,377600.94205969264,1022.8116699030309,376578.1303897896,9062422.609432623,15733.372585820525,177.78863024704398
d_a_network_heldout_shared,tree,0.8519168867233996,0.156907554329079,0.9944063560515641,0.002661141116076553,0.002757274748862286,0.0005,24000000.0,0.0027087105882838106,0.9999121423896653,0.9972912894117162,3776009.420596926,10228.11669903031,3765781.303897896,90624226.09432623,15733.372585820525,1777.8863024704401
d_a_network_heldout_shared,tree,0.8519168867233996,0.156907554329079,0.9944063560515641,0.005310799104285679,0.0055021234803186245,0.001,24000.0,0.005405476071780771,0.9998242122935225,0.9945945239282192,3786.24777565101,20.466471753114703,3765.7813038978957,90869.94661562424,15776.032398545878,3.557552270909319
d_a_network_heldout_shared,tree,0.8519168867233996,0.156907554329079,0.9944063560515641,0.005310799104285679,0.0055021234803186245,0.001,240000.0,0.005405476071780772,0.9998242122935224,0.9945945239282192,37862.4777565101,204.66471753114706,37657.81303897896,908699.4661562424,15776.032398545878,35.575522709093185
d_a_network_heldout_shared,tree,0.8519168867233996,0.156907554329079,0.9944063560515641,0.005310799104285679,0.0055021234803186245,0.001,2400000.0,0.005405476071780771,0.9998242122935223,0.9945945239282192,378624.77756510105,2046.6471753114706,376578.1303897896,9086994.661562424,15776.032398545878,355.7552270909319
d_a_network_heldout_shared,tree,0.8519168867233996,0.156907554329079,0.9944063560515641,0.005310799104285679,0.0055021234803186245,0.001,24000000.0,0.00540547607178077,0.9998242122935225,0.9945945239282192,3786247.7756510107,20466.471753114703,3765781.303897896,90869946.61562425,15776.032398545878,3557.552270909319
d_a_network_heldout_shared,tree,0.8519168867233996,0.156907554329079,0.9944063560515641,0.0105759617257542,0.010954877380378775,0.002,24000.0,0.010763486396047304,0.9996481342846941,0.9892365136039527,3806.755262377578,40.973958479682544,3765.7813038978957,91362.12629706188,15861.480259906577,7.1222339050869925
d_a_network_heldout_shared,tree,0.8519168867233996,0.156907554329079,0.9944063560515641,0.0105759617257542,0.010954877380378775,0.002,240000.0,0.010763486396047304,0.9996481342846941,0.9892365136039527,38067.55262377578,409.73958479682545,37657.81303897896,913621.2629706187,15861.480259906577,71.22233905086993
d_a_network_heldout_shared,tree,0.8519168867233996,0.156907554329079,0.9944063560515641,0.0105759617257542,0.010954877380378775,0.002,2400000.0,0.010763486396047302,0.9996481342846941,0.9892365136039527,380675.5262377578,4097.395847968254,376578.1303897896,9136212.629706187,15861.480259906577,712.2233905086993
d_a_network_heldout_shared,tree,0.8519168867233996,0.156907554329079,0.9944063560515641,0.0105759617257542,0.010954877380378775,0.002,24000000.0,0.010763486396047302,0.9996481342846941,0.9892365136039527,3806755.2623775783,40973.958479682544,3765781.303897896,91362126.29706188,15861.480259906577,7122.233905086992
d_a_network_heldout_shared,tree,0.8519168867233996,0.156907554329079,0.9944063560515641,0.026103438251229488,0.0270234781208415,0.005,24000.0,0.0265588935912985,0.9991181512350066,0.9734411064087015,3868.525049030366,102.74374513247031,3765.7813038978957,92844.60117672879,16118.85437095986,17.859269942906582
d_a_network_heldout_shared,tree,0.8519168867233996,0.156907554329079,0.9944063560515641,0.026103438251229488,0.0270234781208415,0.005,240000.0,0.0265588935912985,0.9991181512350066,0.9734411064087015,38685.25049030366,1027.437451324703,37657.81303897896,928446.0117672879,16118.85437095986,178.5926994290658
d_a_network_heldout_shared,tree,0.8519168867233996,0.156907554329079,0.9944063560515641,0.026103438251229488,0.0270234781208415,0.005,2400000.0,0.026558893591298496,0.9991181512350066,0.9734411064087015,386852.50490303664,10274.37451324703,376578.1303897896,9284460.11767288,16118.85437095986,1785.926994290658
d_a_network_heldout_shared,tree,0.8519168867233996,0.156907554329079,0.9944063560515641,0.026103438251229488,0.0270234781208415,0.005,24000000.0,0.026558893591298496,0.9991181512350067,0.9734411064087015,3868525.0490303664,102743.7451324703,3765781.303897896,92844601.17672879,16118.85437095986,17859.26994290658
d_a_network_heldout_shared,tree,0.8519168867233996,0.156907554329079,0.9944063560515641,0.051122592606662534,0.052876578188576384,0.01,24000.0,0.05199128017066263,0.9982289724607185,0.9480087198293373,3972.306609770235,206.52530587233932,3765.7813038978957,95335.35863448563,16551.277540709314,35.89893655190313
d_a_network_heldout_shared,tree,0.8519168867233996,0.156907554329079,0.9944063560515641,0.051122592606662534,0.052876578188576384,0.01,240000.0,0.05199128017066263,0.9982289724607186,0.9480087198293373,39723.06609770235,2065.253058723393,37657.81303897896,953353.5863448564,16551.277540709314,358.9893655190313
d_a_network_heldout_shared,tree,0.8519168867233996,0.156907554329079,0.9944063560515641,0.051122592606662534,0.052876578188576384,0.01,2400000.0,0.051991280170662624,0.9982289724607186,0.9480087198293374,397230.66097702354,20652.53058723393,376578.1303897896,9533535.863448564,16551.277540709314,3589.893655190313
d_a_network_heldout_shared,tree,0.8519168867233996,0.156907554329079,0.9944063560515641,0.051122592606662534,0.052876578188576384,0.01,24000000.0,0.051991280170662624,0.9982289724607186,0.9480087198293374,3972306.609770235,206525.3058723393,3765781.303897896,95335358.63448565,16551.277540709314,35898.93655190313
d_a_network_heldout_shared,tree,0.8519168867233996,0.156907554329079,0.9944063560515641,0.21919354191708035,0.22534450235813658,0.05,24000.0,0.2222492130791137,0.9908403177668433,0.7777507869208863,4841.88684502219,1076.1055411242942,3765.7813038978957,116205.28428053256,20174.528520925793,187.05235361254788
d_a_network_heldout_shared,tree,0.8519168867233996,0.156907554329079,0.9944063560515641,0.21919354191708035,0.22534450235813658,0.05,240000.0,0.2222492130791137,0.9908403177668433,0.7777507869208863,48418.868450221904,10761.055411242944,37657.81303897896,1162052.8428053258,20174.528520925793,1870.5235361254788
d_a_network_heldout_shared,tree,0.8519168867233996,0.156907554329079,0.9944063560515641,0.21919354191708035,0.22534450235813658,0.05,2400000.0,0.2222492130791137,0.9908403177668433,0.7777507869208863,484188.684502219,107610.55411242943,376578.1303897896,11620528.428053256,20174.528520925793,18705.23536125479
d_a_network_heldout_shared,tree,0.8519168867233996,0.156907554329079,0.9944063560515641,0.21919354191708035,0.22534450235813658,0.05,24000000.0,0.2222492130791137,0.9908403177668432,0.7777507869208863,4841886.84502219,1076105.5411242943,3765781.303897896,116205284.28053257,20174.528520925793,187052.3536125479
d_a_network_heldout_shared,tree,0.8519168867233996,0.156907554329079,0.9944063560515641,0.3721141286511357,0.3804653184720504,0.1,24000.0,0.37627427128393764,0.9808577122555084,0.6237257287160624,6037.559668493628,2271.778364595732,3765.7813038978957,144901.43204384707,25156.498618723454,394.88830207093434
d_a_network_heldout_shared,tree,0.8519168867233996,0.156907554329079,0.9944063560515641,0.3721141286511357,0.3804653184720504,0.1,240000.0,0.37627427128393764,0.9808577122555083,0.6237257287160624,60375.596684936274,22717.78364595732,37657.81303897896,1449014.3204384707,25156.498618723454,3948.883020709344
d_a_network_heldout_shared,tree,0.8519168867233996,0.156907554329079,0.9944063560515641,0.3721141286511357,0.3804653184720504,0.1,2400000.0,0.3762742712839377,0.9808577122555084,0.6237257287160622,603755.9668493628,227177.83645957324,376578.1303897896,14490143.204384707,25156.498618723454,39488.830207093444
d_a_network_heldout_shared,tree,0.8519168867233996,0.156907554329079,0.9944063560515641,0.3721141286511357,0.3804653184720504,0.1,24000000.0,0.37627427128393764,0.9808577122555083,0.6237257287160624,6037559.6684936285,2271778.364595732,3765781.303897896,144901432.04384708,25156.498618723454,394888.3020709344
d_a_network_heldout_shared,tree,0.8519168867233996,0.156907554329079,0.9944063560515641,0.5714506934088864,0.5801420529119131,0.2,24000.0,0.5757957177553513,0.9579363457904733,0.4242042822446487,8877.282624238294,5111.501320340398,3765.7813038978957,213054.78298171906,36988.67760099289,888.4986796596024
d_a_network_heldout_shared,tree,0.8519168867233996,0.156907554329079,0.9944063560515641,0.5714506934088864,0.5801420529119131,0.2,240000.0,0.5757957177553514,0.9579363457904733,0.42420428224464857,88772.82624238293,51115.01320340398,37657.81303897896,2130547.8298171903,36988.67760099289,8884.986796596024
d_a_network_heldout_shared,tree,0.8519168867233996,0.156907554329079,0.9944063560515641,0.5714506934088864,0.5801420529119131,0.2,2400000.0,0.5757957177553513,0.9579363457904732,0.4242042822446487,887728.2624238294,511150.13203403977,376578.1303897896,21305478.298171908,36988.67760099289,88849.86796596023
d_a_network_heldout_shared,tree,0.8519168867233996,0.156907554329079,0.9944063560515641,0.5714506934088864,0.5801420529119131,0.2,24000000.0,0.5757957177553514,0.9579363457904733,0.42420428224464857,8877282.624238294,5111501.320340398,3765781.303897896,213054782.98171905,36988.67760099289,888498.6796596023
d_a_network_heldout_shared,tree,0.8519168867233996,0.156907554329079,0.9944063560515641,0.8421172736901072,0.8467910015565671,0.5,24000.0,0.8444649555026822,0.8505985020112459,0.1555350444973178,24211.786585259488,20446.00528136159,3765.7813038978957,581082.8780462277,100882.44410524787,3553.9947186384097
d_a_network_heldout_shared,tree,0.8519168867233996,0.156907554329079,0.9944063560515641,0.8421172736901072,0.8467910015565671,0.5,240000.0,0.8444649555026822,0.8505985020112459,0.1555350444973178,242117.86585259487,204460.0528136159,37657.81303897896,5810828.780462277,100882.44410524787,35539.947186384095
d_a_network_heldout_shared,tree,0.8519168867233996,0.156907554329079,0.9944063560515641,0.8421172736901072,0.8467910015565671,0.5,2400000.0,0.8444649555026823,0.8505985020112458,0.1555350444973177,2421178.6585259484,2044600.528136159,376578.1303897896,58108287.80462276,100882.44410524787,355399.47186384094
d_a_network_heldout_shared,tree,0.8519168867233996,0.156907554329079,0.9944063560515641,0.8421172736901072,0.8467910015565671,0.5,24000000.0,0.8444649555026823,0.8505985020112459,0.1555350444973177,24211786.585259486,20446005.28136159,3765781.303897896,581082878.0462277,100882.44410524787,3553994.7186384094
d_a_network_heldout_shared,xgboost,0.8839188244474248,0.09010290904909739,0.997133164197679,0.0009568496032597173,0.0010040641538119053,0.0001,24000.0,0.0009801467873218118,0.9999872412710415,0.9990198532126782,2164.5914345187452,2.12161734040786,2162.4698171783375,51950.19442844989,9019.130977161438,0.27862268359454
d_a_network_heldout_shared,xgboost,0.8839188244474248,0.09010290904909739,0.997133164197679,0.0009568496032597173,0.0010040641538119053,0.0001,240000.0,0.000980146787321812,0.9999872412710417,0.9990198532126782,21645.91434518745,21.216173404078603,21624.698171783373,519501.9442844988,9019.130977161438,2.7862268359454005
d_a_network_heldout_shared,xgboost,0.8839188244474248,0.09010290904909739,0.997133164197679,0.0009568496032597173,0.0010040641538119053,0.0001,2400000.0,0.0009801467873218118,0.9999872412710417,0.9990198532126782,216459.14345187452,212.16173404078603,216246.98171783373,5195019.442844989,9019.130977161438,27.862268359454003
d_a_network_heldout_shared,xgboost,0.8839188244474248,0.09010290904909739,0.997133164197679,0.0009568496032597173,0.0010040641538119053,0.0001,24000000.0,0.000980146787321812,0.9999872412710415,0.9990198532126782,2164591.434518745,2121.6173404078604,2162469.8171783374,51950194.428449884,9019.130977161438,278.62268359454004
d_a_network_heldout_shared,xgboost,0.8839188244474248,0.09010290904909739,0.997133164197679,0.004767904872391042,0.005002229614011365,0.0005,24000.0,0.004883539291471949,0.9999361840834542,0.9951164607085281,2173.0821492377363,10.612332059398796,2162.4698171783375,52153.97158170567,9054.508955157233,1.3936709421019537
d_a_network_heldout_shared,xgboost,0.8839188244474248,0.09010290904909739,0.997133164197679,0.004767904872391042,0.005002229614011365,0.0005,240000.0,0.004883539291471949,0.9999361840834542,0.9951164607085281,21730.821492377363,106.12332059398796,21624.698171783373,521539.7158170567,9054.508955157233,13.936709421019538
d_a_network_heldout_shared,xgboost,0.8839188244474248,0.09010290904909739,0.997133164197679,0.004767904872391042,0.005002229614011365,0.0005,2400000.0,0.00488353929147195,0.9999361840834541,0.9951164607085281,217308.2149237736,1061.2332059398796,216246.98171783373,5215397.158170566,9054.508955157233,139.36709421019538
d_a_network_heldout_shared,xgboost,0.8839188244474248,0.09010290904909739,0.997133164197679,0.004767904872391042,0.005002229614011365,0.0005,24000000.0,0.004883539291471951,0.9999361840834542,0.995116460708528,2173082.149237736,10612.332059398797,2162469.8171783374,52153971.58170567,9054.508955157233,1393.6709421019539
d_a_network_heldout_shared,xgboost,0.8839188244474248,0.09010290904909739,0.997133164197679,0.009495264586210668,0.00995959640672612,0.001,24000.0,0.009724429838288272,0.9998723124437671,0.9902755701617117,2183.7051042521493,21.235287073812003,2162.4698171783375,52408.92250205159,9098.771267717288,2.7887369502120176
d_a_network_heldout_shared,xgboost,0.8839188244474248,0.09010290904909739,0.997133164197679,0.009495264586210668,0.00995959640672612,0.001,240000.0,0.009724429838288274,0.9998723124437671,0.9902755701617117,21837.051042521492,212.35287073812006,21624.698171783373,524089.22502051585,9098.771267717288,27.88736950212018
d_a_network_heldout_shared,xgboost,0.8839188244474248,0.09010290904909739,0.997133164197679,0.009495264586210668,0.00995959640672612,0.001,2400000.0,0.009724429838288274,0.9998723124437672,0.9902755701617117,218370.51042521492,2123.5287073812005,216246.98171783373,5240892.250205158,9098.771267717288,278.8736950212018
d_a_network_heldout_shared,xgboost,0.8839188244474248,0.09010290904909739,0.997133164197679,0.009495264586210668,0.00995959640672612,0.001,24000000.0,0.009724429838288274,0.9998723124437672,0.9902755701617117,2183705.1042521494,21235.287073812007,2162469.8171783374,52408922.502051584,9098.771267717288,2788.7369502120177
d_a_network_heldout_shared,xgboost,0.8839188244474248,0.09010290904909739,0.997133164197679,0.018830399814376036,0.019742134200197783,0.002,24000.0,0.019280480101110428,0.9997444017027741,0.9807195198988896,2204.98294701148,42.51312983314267,2162.4698171783375,52919.59072827552,9187.428945881165,5.583062551626865
d_a_network_heldout_shared,xgboost,0.8839188244474248,0.09010290904909739,0.997133164197679,0.018830399814376036,0.019742134200197783,0.002,240000.0,0.01928048010111043,0.9997444017027742,0.9807195198988896,22049.8294701148,425.13129833142676,21624.698171783373,529195.9072827552,9187.428945881165,55.830625516268654
d_a_network_heldout_shared,xgboost,0.8839188244474248,0.09010290904909739,0.997133164197679,0.018830399814376036,0.019742134200197783,0.002,2400000.0,0.01928048010111043,0.9997444017027742,0.9807195198988896,220498.294701148,4251.3129833142675,216246.98171783373,5291959.0728275515,9187.428945881165,558.3062551626865
d_a_network_heldout_shared,xgboost,0.8839188244474248,0.09010290904909739,0.997133164197679,0.018830399814376036,0.019742134200197783,0.002,24000000.0,0.019280480101110428,0.9997444017027743,0.9807195198988896,2204982.94701148,42513.12983314267,2162469.8171783374,52919590.72827552,9187.428945881165,5583.062551626865
d_a_network_heldout_shared,xgboost,0.8839188244474248,0.09010290904909739,0.997133164197679,0.04591453659771659,0.04807338492904816,0.005,24000.0,0.046980979001133134,0.9993593245042919,0.9530190209988668,2269.0730924885797,106.60327531024218,2162.4698171783375,54457.75421972592,9454.471218702414,13.999739765134704
d_a_network_heldout_shared,xgboost,0.8839188244474248,0.09010290904909739,0.997133164197679,0.04591453659771659,0.04807338492904816,0.005,240000.0,0.046980979001133134,0.9993593245042919,0.9530190209988668,22690.730924885796,1066.0327531024218,21624.698171783373,544577.5421972591,9454.471218702414,139.99739765134703
d_a_network_heldout_shared,xgboost,0.8839188244474248,0.09010290904909739,0.997133164197679,0.04591453659771659,0.04807338492904816,0.005,2400000.0,0.04698097900113313,0.9993593245042919,0.9530190209988669,226907.30924885796,10660.327531024217,216246.98171783373,5445775.421972591,9454.471218702414,1399.9739765134702
d_a_network_heldout_shared,xgboost,0.8839188244474248,0.09010290904909739,0.997133164197679,0.04591453659771659,0.04807338492904816,0.005,24000000.0,0.04698097900113314,0.9993593245042919,0.9530190209988668,2269073.0924885795,106603.27531024218,2162469.8171783374,54457754.21972591,9454.471218702414,13999.739765134702
d_a_network_heldout_shared,xgboost,0.8839188244474248,0.09010290904909739,0.997133164197679,0.08820218715102199,0.0921572958113598,0.01,24000.0,0.09015801649738146,0.9987130104103376,0.9098419835026186,2376.7531685595313,214.28335138119388,2162.4698171783375,57042.07604542875,9903.13820233138,28.140891043048544
d_a_network_heldout_shared,xgboost,0.8839188244474248,0.09010290904909739,0.997133164197679,0.08820218715102199,0.0921572958113598,0.01,240000.0,0.09015801649738148,0.9987130104103376,0.9098419835026186,23767.531685595313,2142.833513811939,21624.698171783373,570420.7604542875,9903.13820233138,281.4089104304855
d_a_network_heldout_shared,xgboost,0.8839188244474248,0.09010290904909739,0.997133164197679,0.08820218715102199,0.0921572958113598,0.01,2400000.0,0.09015801649738148,0.9987130104103374,0.9098419835026186,237675.3168559531,21428.33513811939,216246.98171783373,5704207.604542875,9903.13820233138,2814.0891043048546
d_a_network_heldout_shared,xgboost,0.8839188244474248,0.09010290904909739,0.997133164197679,0.08820218715102199,0.0921572958113598,0.01,24000000.0,0.09015801649738146,0.9987130104103376,0.9098419835026186,2376753.168559531,214283.35138119388,2162469.8171783374,57042076.04542875,9903.13820233138,28140.891043048545
d_a_network_heldout_shared,xgboost,0.8839188244474248,0.09010290904909739,0.997133164197679,0.335122731456448,0.34594912661001037,0.05,24000.0,0.3405091278039925,0.993330249608891,0.6594908721960075,3278.998858585611,1116.5290414072733,2162.4698171783375,78695.97260605465,13662.49524410671,146.62885332956873
d_a_network_heldout_shared,xgboost,0.8839188244474248,0.09010290904909739,0.997133164197679,0.335122731456448,0.34594912661001037,0.05,240000.0,0.34050912780399256,0.9933302496088912,0.6594908721960074,32789.98858585611,11165.290414072735,21624.698171783373,786959.7260605467,13662.49524410671,1466.2885332956873
d_a_network_heldout_shared,xgboost,0.8839188244474248,0.09010290904909739,0.997133164197679,0.335122731456448,0.34594912661001037,0.05,2400000.0,0.34050912780399256,0.9933302496088912,0.6594908721960074,327899.8858585611,111652.90414072735,216246.98171783373,7869597.260605466,13662.49524410671,14662.885332956874
d_a_network_heldout_shared,xgboost,0.8839188244474248,0.09010290904909739,0.997133164197679,0.335122731456448,0.34594912661001037,0.05,24000000.0,0.34050912780399256,0.9933302496088912,0.6594908721960074,3278998.858585611,1116529.0414072736,2162469.8171783374,78695972.60605466,13662.49524410671,146628.85332956875
d_a_network_heldout_shared,xgboost,0.8839188244474248,0.09010290904909739,0.997133164197679,0.5155222016004999,0.5275523105404926,0.1,24000.0,0.5215337221845984,0.9860229970861603,0.47846627781540163,4519.58668237147,2357.1168651931325,2162.4698171783375,108470.08037691527,18831.61117654779,309.549801473534
d_a_network_heldout_shared,xgboost,0.8839188244474248,0.09010290904909739,0.997133164197679,0.5155222016004999,0.5275523105404926,0.1,240000.0,0.5215337221845984,0.9860229970861603,0.47846627781540163,45195.8668237147,23571.168651931326,21624.698171783373,1084700.8037691528,18831.61117654779,3095.4980147353394
d_a_network_heldout_shared,xgboost,0.8839188244474248,0.09010290904909739,0.997133164197679,0.5155222016004999,0.5275523105404926,0.1,2400000.0,0.5215337221845984,0.9860229970861604,0.47846627781540163,451958.66823714704,235711.68651931328,216246.98171783373,10847008.03769153,18831.61117654779,30954.9801473534
d_a_network_heldout_shared,xgboost,0.8839188244474248,0.09010290904909739,0.997133164197679,0.5155222016004999,0.5275523105404926,0.1,24000000.0,0.5215337221845984,0.9860229970861603,0.47846627781540163,4519586.68237147,2357116.865193133,2162469.8171783374,108470080.37691528,18831.61117654779,309549.80147353397
d_a_network_heldout_shared,xgboost,0.8839188244474248,0.09010290904909739,0.997133164197679,0.7053776528833516,0.7152969803399113,0.2,24000.0,0.7103569770285031,0.9690917493309398,0.2896430229714969,7465.982763862886,5303.512946684548,2162.4698171783375,179183.58633270927,31108.261516095357,696.4870533154515
d_a_network_heldout_shared,xgboost,0.8839188244474248,0.09010290904909739,0.997133164197679,0.7053776528833516,0.7152969803399113,0.2,240000.0,0.7103569770285031,0.9690917493309397,0.2896430229714969,74659.82763862886,53035.12946684549,21624.698171783373,1791835.8633270927,31108.261516095357,6964.870533154514
d_a_network_heldout_shared,xgboost,0.8839188244474248,0.09010290904909739,0.997133164197679,0.7053776528833516,0.7152969803399113,0.2,2400000.0,0.7103569770285031,0.9690917493309397,0.2896430229714969,746598.2763862887,530351.2946684549,216246.98171783373,17918358.633270927,31108.261516095357,69648.70533154515
d_a_network_heldout_shared,xgboost,0.8839188244474248,0.09010290904909739,0.997133164197679,0.7053776528833516,0.7152969803399113,0.2,24000000.0,0.7103569770285032,0.9690917493309397,0.2896430229714968,7465982.763862886,5303512.946684549,2162469.8171783374,179183586.33270925,31108.261516095357,696487.0533154515
d_a_network_heldout_shared,xgboost,0.8839188244474248,0.09010290904909739,0.997133164197679,0.9054525750261048,0.909500035125883,0.5,24000.0,0.9074939439742807,0.886858056020837,0.09250605602571926,23376.52160391653,21214.051786738193,2162.4698171783375,561036.5184939967,97402.1733496522,2785.948213261806
d_a_network_heldout_shared,xgboost,0.8839188244474248,0.09010290904909739,0.997133164197679,0.9054525750261048,0.909500035125883,0.5,240000.0,0.9074939439742807,0.886858056020837,0.09250605602571926,233765.21603916533,212140.51786738195,21624.698171783373,5610365.1849399675,97402.1733496522,27859.482132618057
d_a_network_heldout_shared,xgboost,0.8839188244474248,0.09010290904909739,0.997133164197679,0.9054525750261048,0.909500035125883,0.5,2400000.0,0.9074939439742808,0.8868580560208369,0.09250605602571915,2337652.1603916534,2121405.1786738196,216246.98171783373,56103651.849399686,97402.1733496522,278594.8213261806
d_a_network_heldout_shared,xgboost,0.8839188244474248,0.09010290904909739,0.997133164197679,0.9054525750261048,0.909500035125883,0.5,24000000.0,0.9074939439742807,0.886858056020837,0.09250605602571926,23376521.603916533,21214051.786738195,2162469.8171783374,561036518.4939969,97402.1733496522,2785948.213261806
d_a_radio_heldout,hgb,0.9448776261641759,0.2615929203539823,0.9281301010019394,0.00034451674384662563,0.0003786748063214981,0.0001,24000.0,0.0003611072065155855,0.9999925342705164,0.9996388927934844,6280.4980215916785,2.2679330961036324,6278.230088495575,150731.95251820027,26168.741756631996,0.13230692789876766
d_a_radio_heldout,hgb,0.9448776261641759,0.2615929203539823,0.9281301010019394,0.00034451674384662563,0.0003786748063214981,0.0001,240000.0,0.0003611072065155855,0.9999925342705163,0.9996388927934844,62804.98021591679,22.679330961036325,62782.30088495575,1507319.525182003,26168.741756631996,1.3230692789876766
d_a_radio_heldout,hgb,0.9448776261641759,0.2615929203539823,0.9281301010019394,0.00034451674384662563,0.0003786748063214981,0.0001,2400000.0,0.00036110720651558555,0.9999925342705164,0.9996388927934844,628049.8021591678,226.79330961036325,627823.0088495575,15073195.251820028,26168.741756631996,13.230692789876766
d_a_radio_heldout,hgb,0.9448776261641759,0.2615929203539823,0.9281301010019394,0.00034451674384662563,0.0003786748063214981,0.0001,24000000.0,0.00036110720651558555,0.9999925342705165,0.9996388927934844,6280498.021591678,2267.9330961036326,6278230.088495575,150731952.51820028,26168.741756631996,132.30692789876767
d_a_radio_heldout,hgb,0.9448776261641759,0.2615929203539823,0.9281301010019394,0.0017209003950563759,0.0018912656284363453,0.0005,24000.0,0.0018036520579789279,0.9999626575293663,0.9981963479420211,6289.574292111352,11.344203615778,6278.230088495575,150949.78301067246,26206.55955046397,0.6617993857227503
d_a_radio_heldout,hgb,0.9448776261641759,0.2615929203539823,0.9281301010019394,0.0017209003950563759,0.0018912656284363453,0.0005,240000.0,0.0018036520579789276,0.9999626575293663,0.9981963479420211,62895.74292111353,113.44203615778,62782.30088495575,1509497.8301067248,26206.55955046397,6.6179938572275026
d_a_radio_heldout,hgb,0.9448776261641759,0.2615929203539823,0.9281301010019394,0.0017209003950563759,0.0018912656284363453,0.0005,2400000.0,0.0018036520579789279,0.9999626575293663,0.9981963479420211,628957.4292111353,1134.4203615778,627823.0088495575,15094978.301067246,26206.55955046397,66.17993857227502
d_a_radio_heldout,hgb,0.9448776261641759,0.2615929203539823,0.9281301010019394,0.0017209003950563759,0.0018912656284363453,0.0005,24000000.0,0.0018036520579789279,0.9999626575293662,0.9981963479420211,6289574.292111353,11344.203615778,6278230.088495575,150949783.01067248,26206.55955046397,661.7993857227503
d_a_radio_heldout,hgb,0.9448776261641759,0.2615929203539823,0.9281301010019394,0.0034376017212787795,0.0037772734372604182,0.001,24000.0,0.0036026052227984885,0.9999252804718867,0.9963973947772015,6300.929851286306,22.69976279073095,6278.230088495575,151222.31643087135,26253.874380359608,1.324261233293071
d_a_radio_heldout,hgb,0.9448776261641759,0.2615929203539823,0.9281301010019394,0.0034376017212787795,0.0037772734372604182,0.001,240000.0,0.003602605222798489,0.9999252804718869,0.9963973947772015,63009.29851286306,226.99762790730952,62782.30088495575,1512223.1643087135,26253.874380359608,13.24261233293071
d_a_radio_heldout,hgb,0.9448776261641759,0.2615929203539823,0.9281301010019394,0.0034376017212787795,0.0037772734372604182,0.001,2400000.0,0.0036026052227984893,0.9999252804718869,0.9963973947772015,630092.9851286305,2269.976279073095,627823.0088495575,15122231.643087134,26253.874380359608,132.4261233293071
d_a_radio_heldout,hgb,0.9448776261641759,0.2615929203539823,0.9281301010019394,0.0034376017212787795,0.0037772734372604182,0.001,24000000.0,0.0036026052227984893,0.9999252804718868,0.9963973947772015,6300929.851286306,22699.762790730954,6278230.088495575,151222316.43087134,26253.874380359608,1324.261233293071
d_a_radio_heldout,hgb,0.9448776261641759,0.2615929203539823,0.9281301010019394,0.006858468493004123,0.007533603055049713,0.002,24000.0,0.007186488131737878,0.9998504224040052,0.9928135118682622,6323.675104583632,45.445016088056555,6278.230088495575,151768.20251000716,26348.646269098466,2.6511762967129817
d_a_radio_heldout,hgb,0.9448776261641759,0.2615929203539823,0.9281301010019394,0.006858468493004123,0.007533603055049713,0.002,240000.0,0.007186488131737879,0.9998504224040052,0.9928135118682622,63236.75104583632,454.4501608805656,62782.30088495575,1517682.0251000717,26348.646269098466,26.51176296712982
d_a_radio_heldout,hgb,0.9448776261641759,0.2615929203539823,0.9281301010019394,0.006858468493004123,0.007533603055049713,0.002,2400000.0,0.007186488131737879,0.9998504224040052,0.9928135118682622,632367.5104583631,4544.501608805655,627823.0088495575,15176820.251000714,26348.646269098466,265.1176296712982
d_a_radio_heldout,hgb,0.9448776261641759,0.2615929203539823,0.9281301010019394,0.006858468493004123,0.007533603055049713,0.002,24000000.0,0.007186488131737878,0.9998504224040051,0.9928135118682622,6323675.104583631,45445.01608805655,6278230.088495575,151768202.51000714,26348.646269098466,2651.1762967129816
d_a_radio_heldout,hgb,0.9448776261641759,0.2615929203539823,0.9281301010019394,0.01702187228930958,0.0186786565291564,0.005,24000.0,0.01782725115121252,0.9996250130979416,0.9821727488487875,6392.185179088239,113.95509059266443,6278.230088495575,153412.44429811774,26634.104912867664,6.647924482712452
d_a_radio_heldout,hgb,0.9448776261641759,0.2615929203539823,0.9281301010019394,0.01702187228930958,0.0186786565291564,0.005,240000.0,0.017827251151212517,0.9996250130979417,0.9821727488487875,63921.8517908824,1139.5509059266442,62782.30088495575,1534124.4429811775,26634.104912867664,66.47924482712452
d_a_radio_heldout,hgb,0.9448776261641759,0.2615929203539823,0.9281301010019394,0.01702187228930958,0.0186786565291564,0.005,2400000.0,0.01782725115121252,0.9996250130979416,0.9821727488487875,639218.5179088239,11395.509059266442,627823.0088495575,15341244.429811774,26634.104912867664,664.7924482712451
d_a_radio_heldout,hgb,0.9448776261641759,0.2615929203539823,0.9281301010019394,0.01702187228930958,0.0186786565291564,0.005,24000000.0,0.01782725115121252,0.9996250130979417,0.9821727488487875,6392185.17908824,113955.09059266443,6278230.088495575,153412444.29811776,26634.104912867664,6647.924482712451
d_a_radio_heldout,hgb,0.9448776261641759,0.2615929203539823,0.9281301010019394,0.03363732882853855,0.036850711822260906,0.01,24000.0,0.03520070503192827,0.999246523847063,0.9647992949680717,6507.291331202042,229.0612427064669,6278.230088495575,156174.991948849,27113.71388000851,13.362999717775535
d_a_radio_heldout,hgb,0.9448776261641759,0.2615929203539823,0.9281301010019394,0.03363732882853855,0.036850711822260906,0.01,240000.0,0.03520070503192827,0.9992465238470629,0.9647992949680717,65072.91331202042,2290.612427064669,62782.30088495575,1561749.91948849,27113.71388000851,133.62999717775534
d_a_radio_heldout,hgb,0.9448776261641759,0.2615929203539823,0.9281301010019394,0.03363732882853855,0.036850711822260906,0.01,2400000.0,0.035200705031928264,0.9992465238470629,0.9647992949680717,650729.1331202042,22906.12427064669,627823.0088495575,15617499.1948849,27113.71388000851,1336.2999717775535
d_a_radio_heldout,hgb,0.9448776261641759,0.2615929203539823,0.9281301010019394,0.03363732882853855,0.036850711822260906,0.01,24000000.0,0.03520070503192827,0.9992465238470629,0.9647992949680717,6507291.331202041,229061.2427064669,6278230.088495575,156174991.948849,27113.71388000851,13362.999717775534
d_a_radio_heldout,hgb,0.9448776261641759,0.2615929203539823,0.9281301010019394,0.15352439520284566,0.1662206581391769,0.05,24000.0,0.15973876001498066,0.9960864086672921,0.8402612399850193,7471.7597215450605,1193.5296330494853,6278.230088495575,179322.23331708147,31132.33217310442,69.62826168735673
d_a_radio_heldout,hgb,0.9448776261641759,0.2615929203539823,0.9281301010019394,0.15352439520284566,0.1662206581391769,0.05,240000.0,0.1597387600149807,0.9960864086672923,0.8402612399850193,74717.5972154506,11935.296330494853,62782.30088495575,1793222.3331708144,31132.33217310442,696.2826168735673
d_a_radio_heldout,hgb,0.9448776261641759,0.2615929203539823,0.9281301010019394,0.15352439520284566,0.1662206581391769,0.05,2400000.0,0.1597387600149807,0.9960864086672921,0.8402612399850193,747175.972154506,119352.96330494854,627823.0088495575,17932223.331708144,31132.33217310442,6962.8261687356735
d_a_radio_heldout,hgb,0.9448776261641759,0.2615929203539823,0.9281301010019394,0.15352439520284566,0.1662206581391769,0.05,24000000.0,0.15973876001498072,0.9960864086672921,0.8402612399850193,7471759.72154506,1193529.6330494855,6278230.088495575,179322233.31708145,31132.33217310442,69628.26168735675
d_a_radio_heldout,hgb,0.9448776261641759,0.2615929203539823,0.9281301010019394,0.2768766933291976,0.29620440014323124,0.1,24000.0,0.28639477527855345,0.9917737451859956,0.7136052247214466,8797.903758266712,2519.673669771136,6278.230088495575,211149.69019840108,36657.932326111295,146.99299689553087
d_a_radio_heldout,hgb,0.9448776261641759,0.2615929203539823,0.9281301010019394,0.2768766933291976,0.29620440014323124,0.1,240000.0,0.28639477527855345,0.9917737451859954,0.7136052247214466,87979.03758266711,25196.736697711356,62782.30088495575,2111496.901984011,36657.932326111295,1469.9299689553086
d_a_radio_heldout,hgb,0.9448776261641759,0.2615929203539823,0.9281301010019394,0.2768766933291976,0.29620440014323124,0.1,2400000.0,0.2863947752785535,0.9917737451859955,0.7136052247214465,879790.375826671,251967.3669771136,627823.0088495575,21114969.019840106,36657.932326111295,14699.299689553089
d_a_radio_heldout,hgb,0.9448776261641759,0.2615929203539823,0.9281301010019394,0.2768766933291976,0.29620440014323124,0.1,24000000.0,0.2863947752785535,0.9917737451859956,0.7136052247214465,8797903.75826671,2519673.669771136,6278230.088495575,211149690.19840103,36657.932326111295,146992.99689553087
d_a_radio_heldout,hgb,0.9448776261641759,0.2615929203539823,0.9281301010019394,0.4627995489918206,0.48637637304516557,0.2,24000.0,0.47451498040315826,0.981679314947996,0.5254850195968417,11947.49584548063,5669.265756985055,6278.230088495575,286739.9002915351,49781.23268950262,330.73424301494447
d_a_radio_heldout,hgb,0.9448776261641759,0.2615929203539823,0.9281301010019394,0.4627995489918206,0.48637637304516557,0.2,240000.0,0.4745149804031582,0.981679314947996,0.5254850195968418,119474.9584548063,56692.657569850555,62782.30088495575,2867399.002915351,49781.23268950262,3307.3424301494447
d_a_radio_heldout,hgb,0.9448776261641759,0.2615929203539823,0.9281301010019394,0.4627995489918206,0.48637637304516557,0.2,2400000.0,0.47451498040315815,0.981679314947996,0.5254850195968419,1194749.584548063,566926.5756985055,627823.0088495575,28673990.029153515,49781.23268950262,33073.424301494444
d_a_radio_heldout,hgb,0.9448776261641759,0.2615929203539823,0.9281301010019394,0.4627995489918206,0.48637637304516557,0.2,24000000.0,0.4745149804031582,0.981679314947996,0.5254850195968418,11947495.84548063,5669265.756985055,6278230.088495575,286739900.29153514,49781.23268950262,330734.2430149445
d_a_radio_heldout,hgb,0.9448776261641759,0.2615929203539823,0.9281301010019394,0.7750792349139618,0.7911359664044814,0.5,24000.0,0.7831750463292018,0.930535188588201,0.21682495367079824,28955.293116435794,22677.06302794022,6278.230088495575,694927.0347944591,120647.05465181582,1322.9369720597779
d_a_radio_heldout,hgb,0.9448776261641759,0.2615929203539823,0.9281301010019394,0.7750792349139618,0.7911359664044814,0.5,240000.0,0.7831750463292018,0.930535188588201,0.21682495367079824,289552.931164358,226770.63027940222,62782.30088495575,6949270.347944591,120647.05465181582,13229.369720597779
d_a_radio_heldout,hgb,0.9448776261641759,0.2615929203539823,0.9281301010019394,0.7750792349139618,0.7911359664044814,0.5,2400000.0,0.7831750463292018,0.9305351885882011,0.21682495367079824,2895529.3116435795,2267706.302794022,627823.0088495575,69492703.4794459,120647.05465181582,132293.69720597778
d_a_radio_heldout,hgb,0.9448776261641759,0.2615929203539823,0.9281301010019394,0.7750792349139618,0.7911359664044814,0.5,24000000.0,0.7831750463292018,0.930535188588201,0.21682495367079824,28955293.116435796,22677063.02794022,6278230.088495575,694927034.7944591,120647.05465181582,1322936.972059778
d_a_radio_heldout,logreg,0.7979207277452891,0.22265486725663716,0.9296671209480127,0.00033885935739659924,0.0003789793420316662,0.0001,24000.0,0.00035827405649858186,0.9999740019948017,0.9996417259435014,5345.6320154260075,1.9152012667153653,5343.716814159292,128295.16837022419,22273.466730941695,0.4850387572870348
d_a_radio_heldout,logreg,0.7979207277452891,0.22265486725663716,0.9296671209480127,0.00033885935739659924,0.0003789793420316662,0.0001,240000.0,0.00035827405649858186,0.9999740019948017,0.9996417259435014,53456.32015426007,19.152012667153652,53437.16814159292,1282951.6837022416,22273.466730941695,4.850387572870348
d_a_radio_heldout,logreg,0.7979207277452891,0.22265486725663716,0.9296671209480127,0.00033885935739659924,0.0003789793420316662,0.0001,2400000.0,0.0003582740564985818,0.9999740019948017,0.9996417259435014,534563.2015426008,191.52012667153653,534371.6814159292,12829516.837022418,22273.466730941695,48.503875728703484
d_a_radio_heldout,logreg,0.7979207277452891,0.22265486725663716,0.9296671209480127,0.00033885935739659924,0.0003789793420316662,0.0001,24000000.0,0.00035827405649858186,0.9999740019948017,0.9996417259435014,5345632.015426007,1915.2012667153654,5343716.814159292,128295168.37022418,22273.466730941695,485.03875728703485
d_a_radio_heldout,logreg,0.7979207277452891,0.22265486725663716,0.9296671209480127,0.0016926793760097703,0.001892784308034665,0.0005,24000.0,0.0017895213498467818,0.9998699714806798,0.9982104786501532,5353.296652811561,9.579838652269604,5343.716814159292,128479.11966747747,22305.402720048172,2.426164349231146
d_a_radio_heldout,logreg,0.7979207277452891,0.22265486725663716,0.9296671209480127,0.0016926793760097703,0.001892784308034665,0.0005,240000.0,0.0017895213498467818,0.9998699714806797,0.9982104786501532,53532.96652811561,95.79838652269603,53437.16814159292,1284791.1966747746,22305.402720048172,24.261643492311464
d_a_radio_heldout,logreg,0.7979207277452891,0.22265486725663716,0.9296671209480127,0.0016926793760097703,0.001892784308034665,0.0005,2400000.0,0.0017895213498467812,0.9998699714806798,0.9982104786501532,535329.6652811562,957.9838652269602,534371.6814159292,12847911.96674775,22305.402720048172,242.6164349231146
d_a_radio_heldout,logreg,0.7979207277452891,0.22265486725663716,0.9296671209480127,0.0016926793760097703,0.001892784308034665,0.0005,24000000.0,0.0017895213498467816,0.9998699714806798,0.9982104786501532,5353296.652811562,9579.838652269604,5343716.814159292,128479119.66747749,22305.402720048172,2426.1643492311464
d_a_radio_heldout,logreg,0.7979207277452891,0.22265486725663716,0.9296671209480127,0.0033813238993148664,0.0037803008384930392,0.001,24000.0,0.0035744310886856433,0.999739846663896,0.9964255689113144,5362.886080891912,19.16926673261956,5343.716814159292,128709.26594140587,22345.358670382964,4.854757291404466
d_a_radio_heldout,logreg,0.7979207277452891,0.22265486725663716,0.9296671209480127,0.0033813238993148664,0.0037803008384930392,0.001,240000.0,0.0035744310886856433,0.9997398466638959,0.9964255689113144,53628.86080891912,191.6926673261956,53437.16814159292,1287092.6594140588,22345.358670382964,48.54757291404466
d_a_radio_heldout,logreg,0.7979207277452891,0.22265486725663716,0.9296671209480127,0.0033813238993148664,0.0037803008384930392,0.001,2400000.0,0.0035744310886856433,0.9997398466638959,0.9964255689113144,536288.6080891911,1916.9266732619558,534371.6814159292,12870926.594140587,22345.358670382964,485.4757291404466
d_a_radio_heldout,logreg,0.7979207277452891,0.22265486725663716,0.9296671209480127,0.0033813238993148664,0.0037803008384930392,0.001,24000000.0,0.0035744310886856438,0.999739846663896,0.9964255689113144,5362886.080891911,19169.26673261956,5343716.814159292,128709265.94140586,22345.358670382964,4854.757291404466
d_a_radio_heldout,logreg,0.7979207277452891,0.22265486725663716,0.9296671209480127,0.006746565958034965,0.007539618286551627,0.002,24000.0,0.00713048685501192,0.9994793077097198,0.9928695131449881,5382.093762988725,38.37694882943274,5343.716814159292,129170.2503117294,22425.390679119686,9.719243555336796
d_a_radio_heldout,logreg,0.7979207277452891,0.22265486725663716,0.9296671209480127,0.006746565958034965,0.007539618286551627,0.002,240000.0,0.007130486855011921,0.9994793077097199,0.9928695131449881,53820.937629887245,383.76948829432746,53437.16814159292,1291702.5031172938,22425.390679119686,97.19243555336797
d_a_radio_heldout,logreg,0.7979207277452891,0.22265486725663716,0.9296671209480127,0.006746565958034965,0.007539618286551627,0.002,2400000.0,0.007130486855011919,0.9994793077097198,0.9928695131449881,538209.3762988725,3837.694882943274,534371.6814159292,12917025.03117294,22425.390679119686,971.9243555336797
d_a_radio_heldout,logreg,0.7979207277452891,0.22265486725663716,0.9296671209480127,0.006746565958034965,0.007539618286551627,0.002,24000000.0,0.007130486855011919,0.9994793077097198,0.9928695131449881,5382093.762988725,38376.94882943274,5343716.814159292,129170250.3117294,22425.390679119686,9719.243555336796
d_a_radio_heldout,logreg,0.7979207277452891,0.22265486725663716,0.9296671209480127,0.01674694026100306,0.018693402955581546,0.005,24000.0,0.017689808326278818,0.9986953685457898,0.9823101916737211,5439.948459716513,96.2316455572208,5343.716814159292,130558.7630331963,22666.451915485468,24.37136951815609
d_a_radio_heldout,logreg,0.7979207277452891,0.22265486725663716,0.9296671209480127,0.01674694026100306,0.018693402955581546,0.005,240000.0,0.017689808326278818,0.9986953685457898,0.9823101916737211,54399.48459716513,962.3164555722079,53437.16814159292,1305587.630331963,22666.451915485468,243.71369518156087
d_a_radio_heldout,logreg,0.7979207277452891,0.22265486725663716,0.9296671209480127,0.01674694026100306,0.018693402955581546,0.005,2400000.0,0.017689808326278818,0.9986953685457898,0.9823101916737211,543994.8459716513,9623.16455572208,534371.6814159292,13055876.30331963,22666.451915485468,2437.136951815609
d_a_radio_heldout,logreg,0.7979207277452891,0.22265486725663716,0.9296671209480127,0.01674694026100306,0.018693402955581546,0.005,24000000.0,0.017689808326278818,0.9986953685457898,0.9823101916737211,5439948.459716513,96231.64555722079,5343716.814159292,130558763.0331963,22666.451915485468,24371.369518156087
d_a_radio_heldout,logreg,0.7979207277452891,0.22265486725663716,0.9296671209480127,0.03310306670587555,0.03687926556534186,0.01,24000.0,0.03493408217332748,0.9973810103256858,0.9650659178266725,5537.152142097544,193.4353279382519,5343.716814159292,132891.65141034106,23071.467258739765,48.98891448599052
d_a_radio_heldout,logreg,0.7979207277452891,0.22265486725663716,0.9296671209480127,0.03310306670587555,0.03687926556534186,0.01,240000.0,0.03493408217332749,0.9973810103256858,0.9650659178266725,55371.52142097544,1934.3532793825193,53437.16814159292,1328916.5141034105,23071.467258739765,489.88914485990523
d_a_radio_heldout,logreg,0.7979207277452891,0.22265486725663716,0.9296671209480127,0.03310306670587555,0.03687926556534186,0.01,2400000.0,0.03493408217332748,0.9973810103256859,0.9650659178266725,553715.2142097544,19343.53279382519,534371.6814159292,13289165.141034104,23071.467258739765,4898.891448599053
d_a_radio_heldout,logreg,0.7979207277452891,0.22265486725663716,0.9296671209480127,0.03310306670587555,0.03687926556534186,0.01,24000000.0,0.03493408217332748,0.9973810103256859,0.9650659178266725,5537152.142097544,193435.3279382519,5343716.814159292,132891651.41034105,23071.467258739765,48988.91448599052
d_a_radio_heldout,logreg,0.7979207277452891,0.22265486725663716,0.9296671209480127,0.1513842601534402,0.16633214263867943,0.05,24000.0,0.15868398823165034,0.9865025264084295,0.8413160117683497,6351.61668078492,1007.8998666256283,5343.716814159292,152438.80033883807,26465.0695032705,255.25802811121375
d_a_radio_heldout,logreg,0.7979207277452891,0.22265486725663716,0.9296671209480127,0.1513842601534402,0.16633214263867943,0.05,240000.0,0.15868398823165034,0.9865025264084295,0.8413160117683497,63516.16680784921,10078.998666256284,53437.16814159292,1524388.003388381,26465.0695032705,2552.580281112138
d_a_radio_heldout,logreg,0.7979207277452891,0.22265486725663716,0.9296671209480127,0.1513842601534402,0.16633214263867943,0.05,2400000.0,0.15868398823165034,0.9865025264084295,0.8413160117683497,635161.668078492,100789.98666256283,534371.6814159292,15243880.03388381,26465.0695032705,25525.802811121375
d_a_radio_heldout,logreg,0.7979207277452891,0.22265486725663716,0.9296671209480127,0.1513842601534402,0.16633214263867943,0.05,24000000.0,0.15868398823165036,0.9865025264084296,0.8413160117683496,6351616.68078492,1007899.8666256284,5343716.814159292,152438800.3388381,26465.0695032705,255258.0281112138
d_a_radio_heldout,logreg,0.7979207277452891,0.22265486725663716,0.9296671209480127,0.27357276040023587,0.2963720761820609,0.1,24000.0,0.28478713288536545,0.9719263593328228,0.7152128671146345,7471.505421480063,2127.788607320771,5343.716814159292,179316.13011552152,31131.27258950026,538.8780593458957
d_a_radio_heldout,logreg,0.7979207277452891,0.22265486725663716,0.9296671209480127,0.27357276040023587,0.2963720761820609,0.1,240000.0,0.28478713288536545,0.9719263593328227,0.7152128671146345,74715.05421480062,21277.88607320771,53437.16814159292,1793161.301155215,31131.27258950026,5388.780593458957
d_a_radio_heldout,logreg,0.7979207277452891,0.22265486725663716,0.9296671209480127,0.27357276040023587,0.2963720761820609,0.1,2400000.0,0.2847871328853654,0.9719263593328227,0.7152128671146346,747150.5421480064,212778.8607320771,534371.6814159292,17931613.011552155,31131.27258950026,53887.805934589574
d_a_radio_heldout,logreg,0.7979207277452891,0.22265486725663716,0.9296671209480127,0.27357276040023587,0.2963720761820609,0.1,24000000.0,0.2847871328853654,0.9719263593328227,0.7152128671146346,7471505.421480062,2127788.6073207706,5343716.814159292,179316130.1155215,31131.27258950026,538878.0593458957
d_a_radio_heldout,logreg,0.7979207277452891,0.22265486725663716,0.9296671209480127,0.4586842987119408,0.48657727492060177,0.2,24000.0,0.4725506264350468,0.9389757737485701,0.5274493735649532,10131.241180631027,4787.5243664717345,5343.716814159292,243149.78833514464,42213.50491929594,1212.4756335282655
d_a_radio_heldout,logreg,0.7979207277452891,0.22265486725663716,0.9296671209480127,0.4586842987119408,0.48657727492060177,0.2,240000.0,0.4725506264350468,0.9389757737485702,0.5274493735649532,101312.41180631027,47875.243664717345,53437.16814159292,2431497.883351446,42213.50491929594,12124.756335282655
d_a_radio_heldout,logreg,0.7979207277452891,0.22265486725663716,0.9296671209480127,0.4586842987119408,0.48657727492060177,0.2,2400000.0,0.4725506264350468,0.9389757737485701,0.5274493735649532,1013124.1180631027,478752.4366471735,534371.6814159292,24314978.833514467,42213.50491929594,121247.56335282653
d_a_radio_heldout,logreg,0.7979207277452891,0.22265486725663716,0.9296671209480127,0.4586842987119408,0.48657727492060177,0.2,24000000.0,0.4725506264350468,0.9389757737485701,0.5274493735649532,10131241.180631027,4787524.366471735,5343716.814159292,243149788.33514464,42213.50491929594,1212475.6335282654
d_a_radio_heldout,logreg,0.7979207277452891,0.22265486725663716,0.9296671209480127,0.7721785983096581,0.7912688204824455,0.5,24000.0,0.7818340274379999,0.7936754779404253,0.2181659725620001,24493.81428004623,19150.097465886938,5343.716814159292,587851.5427211095,102057.55950019261,4849.902534113062
d_a_radio_heldout,logreg,0.7979207277452891,0.22265486725663716,0.9296671209480127,0.7721785983096581,0.7912688204824455,0.5,240000.0,0.7818340274379999,0.7936754779404253,0.2181659725620001,244938.14280046232,191500.97465886938,53437.16814159292,5878515.427211096,102057.55950019261,48499.02534113062
d_a_radio_heldout,logreg,0.7979207277452891,0.22265486725663716,0.9296671209480127,0.7721785983096581,0.7912688204824455,0.5,2400000.0,0.7818340274379998,0.7936754779404253,0.2181659725620002,2449381.4280046234,1915009.746588694,534371.6814159292,58785154.27211096,102057.55950019261,484990.2534113061
d_a_radio_heldout,logreg,0.7979207277452891,0.22265486725663716,0.9296671209480127,0.7721785983096581,0.7912688204824455,0.5,24000000.0,0.7818340274379999,0.7936754779404254,0.2181659725620001,24493814.280046232,19150097.46588694,5343716.814159292,587851542.7211096,102057.55950019261,4849902.534113062
d_a_radio_heldout,majority,1.0,1.0,0.7657588177641612,9.997920501916882e-05,0.00010006798611643938,0.0001,24000.0,0.0001,,0.9999,24002.400240024002,2.4002400240024,24000.0,576057.6057605761,100010.0010001,0.0
d_a_radio_heldout,majority,1.0,1.0,0.7657588177641612,9.997920501916882e-05,0.00010006798611643938,0.0001,240000.0,0.0001,,0.9999,240024.00240024002,24.002400240024002,240000.0,5760576.05760576,100010.0010001,0.0
d_a_radio_heldout,majority,1.0,1.0,0.7657588177641612,9.997920501916882e-05,0.00010006798611643938,0.0001,2400000.0,0.0001,,0.9999,2400240.0240024,240.02400240024002,2400000.0,57605760.576057605,100010.0010001,0.0
d_a_radio_heldout,majority,1.0,1.0,0.7657588177641612,9.997920501916882e-05,0.00010006798611643938,0.0001,24000000.0,9.999999999999999e-05,,0.9999,24002400.240024004,2400.2400240024003,24000000.0,576057605.7605761,100010.0010001,0.0
d_a_radio_heldout,majority,1.0,1.0,0.7657588177641612,0.0004998960666813191,0.0005003397945039508,0.0005,24000.0,0.0005,,0.9995,24012.0060030015,12.00600300150075,24000.0,576288.144072036,100050.02501250626,0.0
d_a_radio_heldout,majority,1.0,1.0,0.7657588177641612,0.0004998960666813191,0.0005003397945039508,0.0005,240000.0,0.0005,,0.9995,240120.060030015,120.0600300150075,240000.0,5762881.440720361,100050.02501250626,0.0
d_a_radio_heldout,majority,1.0,1.0,0.7657588177641612,0.0004998960666813191,0.0005003397945039508,0.0005,2400000.0,0.0004999999999999999,,0.9995,2401200.60030015,1200.6003001500749,2400000.0,57628814.4072036,100050.02501250626,0.0
d_a_radio_heldout,majority,1.0,1.0,0.7657588177641612,0.0004998960666813191,0.0005003397945039508,0.0005,24000000.0,0.0005,,0.9995,24012006.0030015,12006.00300150075,24000000.0,576288144.072036,100050.02501250626,0.0
d_a_radio_heldout,majority,1.0,1.0,0.7657588177641612,0.0009997922373263454,0.001000679248812495,0.001,24000.0,0.001,,0.999,24024.024024024024,24.024024024024023,24000.0,576576.5765765766,100100.1001001001,0.0
d_a_radio_heldout,majority,1.0,1.0,0.7657588177641612,0.0009997922373263454,0.001000679248812495,0.001,240000.0,0.001,,0.999,240240.24024024024,240.24024024024024,240000.0,5765765.765765766,100100.1001001001,0.0
d_a_radio_heldout,majority,1.0,1.0,0.7657588177641612,0.0009997922373263454,0.001000679248812495,0.001,2400000.0,0.001,,0.999,2402402.4024024024,2402.4024024024025,2400000.0,57657657.65765765,100100.1001001001,0.0
d_a_radio_heldout,majority,1.0,1.0,0.7657588177641612,0.0009997922373263454,0.001000679248812495,0.001,24000000.0,0.001,,0.999,24024024.024024025,24024.024024024024,24000000.0,576576576.5765766,100100.1001001001,0.0
d_a_radio_heldout,majority,1.0,1.0,0.7657588177641612,0.001999584890507649,0.0020013571368447517,0.002,24000.0,0.002,,0.998,24048.096192384768,48.09619238476954,24000.0,577154.3086172345,100200.4008016032,0.0
d_a_radio_heldout,majority,1.0,1.0,0.7657588177641612,0.001999584890507649,0.0020013571368447517,0.002,240000.0,0.002,,0.998,240480.9619238477,480.9619238476954,240000.0,5771543.086172345,100200.4008016032,0.0
d_a_radio_heldout,majority,1.0,1.0,0.7657588177641612,0.001999584890507649,0.0020013571368447517,0.002,2400000.0,0.002,,0.998,2404809.6192384767,4809.619238476954,2400000.0,57715430.86172344,100200.4008016032,0.0
d_a_radio_heldout,majority,1.0,1.0,0.7657588177641612,0.001999584890507649,0.0020013571368447517,0.002,24000000.0,0.002,,0.998,24048096.19238477,48096.192384769536,24000000.0,577154308.6172345,100200.4008016032,0.0
d_a_radio_heldout,majority,1.0,1.0,0.7657588177641612,0.004998965345183902,0.005003382636287844,0.005,24000.0,0.005,,0.995,24120.603015075376,120.60301507537689,24000.0,578894.472361809,100502.51256281407,0.0
d_a_radio_heldout,majority,1.0,1.0,0.7657588177641612,0.004998965345183902,0.005003382636287844,0.005,240000.0,0.005,,0.995,241206.03015075377,1206.0301507537688,240000.0,5788944.72361809,100502.51256281407,0.0
d_a_radio_heldout,majority,1.0,1.0,0.7657588177641612,0.004998965345183902,0.005003382636287844,0.005,2400000.0,0.005,,0.995,2412060.3015075377,12060.301507537688,2400000.0,57889447.2361809,100502.51256281407,0.0
d_a_radio_heldout,majority,1.0,1.0,0.7657588177641612,0.004998965345183902,0.005003382636287844,0.005,24000000.0,0.005,,0.995,24120603.015075378,120603.01507537688,24000000.0,578894472.361809,100502.51256281407,0.0
d_a_radio_heldout,majority,1.0,1.0,0.7657588177641612,0.0099979410867677,0.010006731253347287,0.01,24000.0,0.01,,0.99,24242.424242424244,242.42424242424244,24000.0,581818.1818181819,101010.101010101,0.0
d_a_radio_heldout,majority,1.0,1.0,0.7657588177641612,0.0099979410867677,0.010006731253347287,0.01,240000.0,0.01,,0.99,242424.24242424243,2424.2424242424245,240000.0,5818181.818181818,101010.101010101,0.0
d_a_radio_heldout,majority,1.0,1.0,0.7657588177641612,0.0099979410867677,0.010006731253347287,0.01,2400000.0,0.01,,0.99,2424242.4242424243,24242.424242424244,2400000.0,58181818.18181819,101010.101010101,0.0
d_a_radio_heldout,majority,1.0,1.0,0.7657588177641612,0.0099979410867677,0.010006731253347287,0.01,24000000.0,0.01,,0.99,24242424.242424242,242424.24242424243,24000000.0,581818181.8181818,101010.101010101,0.0
d_a_radio_heldout,majority,1.0,1.0,0.7657588177641612,0.049990121293726236,0.050032295539234134,0.05,24000.0,0.049999999999999996,,0.95,25263.157894736843,1263.157894736842,24000.0,606315.7894736843,105263.15789473684,0.0
d_a_radio_heldout,majority,1.0,1.0,0.7657588177641612,0.049990121293726236,0.050032295539234134,0.05,240000.0,0.05,,0.95,252631.57894736843,12631.578947368422,240000.0,6063157.894736842,105263.15789473684,0.0
d_a_radio_heldout,majority,1.0,1.0,0.7657588177641612,0.049990121293726236,0.050032295539234134,0.05,2400000.0,0.05,,0.95,2526315.789473684,126315.78947368421,2400000.0,60631578.94736841,105263.15789473684,0.0
d_a_radio_heldout,majority,1.0,1.0,0.7657588177641612,0.049990121293726236,0.050032295539234134,0.05,24000000.0,0.05000000000000001,,0.95,25263157.89473684,1263157.8947368423,24000000.0,606315789.4736842,105263.15789473684,0.0
d_a_radio_heldout,majority,1.0,1.0,0.7657588177641612,0.09998128225663172,0.10006118946786798,0.1,24000.0,0.09999999999999999,,0.9,26666.666666666668,2666.6666666666665,24000.0,640000.0,111111.11111111111,0.0
d_a_radio_heldout,majority,1.0,1.0,0.7657588177641612,0.09998128225663172,0.10006118946786798,0.1,240000.0,0.09999999999999998,,0.9,266666.6666666667,26666.666666666664,240000.0,6400000.0,111111.11111111111,0.0
d_a_radio_heldout,majority,1.0,1.0,0.7657588177641612,0.09998128225663172,0.10006118946786798,0.1,2400000.0,0.10000000000000002,,0.9,2666666.6666666665,266666.6666666667,2400000.0,64000000.0,111111.11111111111,0.0
d_a_radio_heldout,majority,1.0,1.0,0.7657588177641612,0.09998128225663172,0.10006118946786798,0.1,24000000.0,0.09999999999999999,,0.9,26666666.666666668,2666666.6666666665,24000000.0,640000000.0,111111.11111111111,0.0
d_a_radio_heldout,majority,1.0,1.0,0.7657588177641612,0.19996672331971824,0.20010877388085874,0.2,24000.0,0.2,,0.8,30000.0,6000.0,24000.0,720000.0,125000.0,0.0
d_a_radio_heldout,majority,1.0,1.0,0.7657588177641612,0.19996672331971824,0.20010877388085874,0.2,240000.0,0.2,,0.8,300000.0,60000.0,240000.0,7200000.0,125000.0,0.0
d_a_radio_heldout,majority,1.0,1.0,0.7657588177641612,0.19996672331971824,0.20010877388085874,0.2,2400000.0,0.2,,0.8,3000000.0,600000.0,2400000.0,72000000.0,125000.0,0.0
d_a_radio_heldout,majority,1.0,1.0,0.7657588177641612,0.19996672331971824,0.20010877388085874,0.2,24000000.0,0.2,,0.8,30000000.0,6000000.0,24000000.0,720000000.0,125000.0,0.0
d_a_radio_heldout,majority,1.0,1.0,0.7657588177641612,0.4999480019427046,0.5001699245325589,0.5,24000.0,0.5,,0.5,48000.0,24000.0,24000.0,1152000.0,200000.0,0.0
d_a_radio_heldout,majority,1.0,1.0,0.7657588177641612,0.4999480019427046,0.5001699245325589,0.5,240000.0,0.5,,0.5,480000.0,240000.0,240000.0,11520000.0,200000.0,0.0
d_a_radio_heldout,majority,1.0,1.0,0.7657588177641612,0.4999480019427046,0.5001699245325589,0.5,2400000.0,0.5,,0.5,4800000.0,2400000.0,2400000.0,115200000.0,200000.0,0.0
d_a_radio_heldout,majority,1.0,1.0,0.7657588177641612,0.4999480019427046,0.5001699245325589,0.5,24000000.0,0.5,,0.5,48000000.0,24000000.0,24000000.0,1152000000.0,200000.0,0.0
d_a_radio_heldout,mlp,0.9390838206627681,0.24194690265486726,0.9324099515929294,0.0003692610816797586,0.00040793331152050186,0.0001,24000.0,0.0003880245227945882,0.9999919633885583,0.9996119754772054,5808.979690289062,2.2540265722478683,5806.725663716814,139415.51256693748,24204.082042871094,0.14621345175453207
d_a_radio_heldout,mlp,0.9390838206627681,0.24194690265486726,0.9324099515929294,0.0003692610816797586,0.00040793331152050186,0.0001,240000.0,0.0003880245227945882,0.9999919633885582,0.9996119754772054,58089.79690289062,22.540265722478683,58067.256637168146,1394155.125669375,24204.082042871094,1.4621345175453206
d_a_radio_heldout,mlp,0.9390838206627681,0.24194690265486726,0.9324099515929294,0.0003692610816797586,0.00040793331152050186,0.0001,2400000.0,0.0003880245227945882,0.9999919633885582,0.9996119754772054,580897.9690289062,225.40265722478682,580672.5663716814,13941551.256693749,24204.082042871094,14.621345175453207
d_a_radio_heldout,mlp,0.9390838206627681,0.24194690265486726,0.9324099515929294,0.0003692610816797586,0.00040793331152050186,0.0001,24000000.0,0.0003880245227945882,0.9999919633885582,0.9996119754772054,5808979.690289062,2254.0265722478684,5806725.6637168145,139415512.5669375,24204.082042871094,146.2134517545321
d_a_radio_heldout,mlp,0.9390838206627681,0.24194690265486726,0.9324099515929294,0.0018443187966410337,0.0020371570725602416,0.0005,24000.0,0.0019378897516029682,0.9999598021543921,0.9980621102483971,5818.000306886352,11.274643169537985,5806.725663716814,139632.00736527244,24241.6679453598,0.7313598319627644
d_a_radio_heldout,mlp,0.9390838206627681,0.24194690265486726,0.9324099515929294,0.0018443187966410337,0.0020371570725602416,0.0005,240000.0,0.0019378897516029682,0.9999598021543921,0.9980621102483971,58180.00306886352,112.74643169537985,58067.256637168146,1396320.0736527245,24241.6679453598,7.313598319627644
d_a_radio_heldout,mlp,0.9390838206627681,0.24194690265486726,0.9324099515929294,0.0018443187966410337,0.0020371570725602416,0.0005,2400000.0,0.0019378897516029682,0.9999598021543921,0.9980621102483971,581800.0306886352,1127.4643169537985,580672.5663716814,13963200.736527245,24241.6679453598,73.13598319627644
d_a_radio_heldout,mlp,0.9390838206627681,0.24194690265486726,0.9324099515929294,0.0018443187966410337,0.0020371570725602416,0.0005,24000000.0,0.001937889751602968,0.9999598021543921,0.9980621102483971,5818000.306886353,11274.643169537985,5806725.6637168145,139632007.36527246,24241.6679453598,731.3598319627645
d_a_radio_heldout,mlp,0.9390838206627681,0.24194690265486726,0.9324099515929294,0.003683683071627184,0.004068057773156909,0.001,24000.0,0.0038702117814879426,0.9999195673071579,0.9961297882185121,5829.286235984989,22.560572268174607,5806.725663716814,139902.86966363972,24288.692649937453,1.4634517558494156
d_a_radio_heldout,mlp,0.9390838206627681,0.24194690265486726,0.9324099515929294,0.003683683071627184,0.004068057773156909,0.001,240000.0,0.0038702117814879426,0.9999195673071578,0.9961297882185121,58292.86235984989,225.60572268174607,58067.256637168146,1399028.6966363974,24288.692649937453,14.634517558494156
d_a_radio_heldout,mlp,0.9390838206627681,0.24194690265486726,0.9324099515929294,0.003683683071627184,0.004068057773156909,0.001,2400000.0,0.003870211781487943,0.9999195673071578,0.9961297882185121,582928.6235984989,2256.057226817461,580672.5663716814,13990286.966363974,24288.692649937453,146.34517558494156
d_a_radio_heldout,mlp,0.9390838206627681,0.24194690265486726,0.9324099515929294,0.003683683071627184,0.004068057773156909,0.001,24000000.0,0.0038702117814879426,0.9999195673071579,0.9961297882185121,5829286.235984989,22560.57226817461,5806725.6637168145,139902869.66363975,24288.692649937453,1463.4517558494156
d_a_radio_heldout,mlp,0.9390838206627681,0.24194690265486726,0.9324099515929294,0.007347627700734767,0.008111204990237774,0.002,24000.0,0.007718248380359512,0.999838986403265,0.9922817516196405,5851.892019820834,45.166356104020906,5806.725663716814,140445.4084757,24382.883415920147,2.9298362807486296
d_a_radio_heldout,mlp,0.9390838206627681,0.24194690265486726,0.9324099515929294,0.007347627700734767,0.008111204990237774,0.002,240000.0,0.007718248380359511,0.999838986403265,0.9922817516196405,58518.920198208354,451.6635610402091,58067.256637168146,1404454.0847570004,24382.883415920147,29.298362807486296
d_a_radio_heldout,mlp,0.9390838206627681,0.24194690265486726,0.9324099515929294,0.007347627700734767,0.008111204990237774,0.002,2400000.0,0.007718248380359511,0.999838986403265,0.9922817516196405,585189.2019820835,4516.635610402091,580672.5663716814,14044540.847570004,24382.883415920147,292.98362807486296
d_a_radio_heldout,mlp,0.9390838206627681,0.24194690265486726,0.9324099515929294,0.007347627700734767,0.008111204990237774,0.002,24000000.0,0.007718248380359511,0.9998389864032651,0.9922817516196405,5851892.019820835,45166.35610402091,5806725.6637168145,140445408.47570005,24382.883415920147,2929.8362807486296
d_a_radio_heldout,mlp,0.9390838206627681,0.24194690265486726,0.9324099515929294,0.01822260476383895,0.020093450558771996,0.005,24000.0,0.019131196700577016,0.9995963503173638,0.9808688032994229,5919.982003897248,113.25634018043435,5806.725663716814,142079.56809353398,24666.591682905204,7.346674894942544
d_a_radio_heldout,mlp,0.9390838206627681,0.24194690265486726,0.9324099515929294,0.01822260476383895,0.020093450558771996,0.005,240000.0,0.019131196700577013,0.9995963503173638,0.9808688032994229,59199.82003897249,1132.5634018043434,58067.256637168146,1420795.6809353398,24666.591682905204,73.46674894942544
d_a_radio_heldout,mlp,0.9390838206627681,0.24194690265486726,0.9324099515929294,0.01822260476383895,0.020093450558771996,0.005,2400000.0,0.019131196700577016,0.9995963503173639,0.9808688032994229,591998.2003897248,11325.634018043434,580672.5663716814,14207956.809353396,24666.591682905204,734.6674894942544
d_a_radio_heldout,mlp,0.9390838206627681,0.24194690265486726,0.9324099515929294,0.01822260476383895,0.020093450558771996,0.005,24000000.0,0.019131196700577013,0.9995963503173638,0.9808688032994229,5919982.003897249,113256.34018043434,5806725.6637168145,142079568.09353396,24666.591682905204,7346.674894942544
d_a_radio_heldout,mlp,0.9390838206627681,0.24194690265486726,0.9324099515929294,0.035967239088567714,0.03958640320837295,0.01,24000.0,0.03772659249721369,0.9991889540504991,0.9622734075027863,6034.382347513849,227.6566837970347,5806.725663716814,144825.17634033237,25143.259781307705,14.76755862720774
d_a_radio_heldout,mlp,0.9390838206627681,0.24194690265486726,0.9324099515929294,0.035967239088567714,0.03958640320837295,0.01,240000.0,0.03772659249721368,0.9991889540504991,0.9622734075027863,60343.823475138495,2276.566837970347,58067.256637168146,1448251.763403324,25143.259781307705,147.6755862720774
d_a_radio_heldout,mlp,0.9390838206627681,0.24194690265486726,0.9324099515929294,0.035967239088567714,0.03958640320837295,0.01,2400000.0,0.0377265924972137,0.9991889540504992,0.9622734075027863,603438.2347513848,22765.66837970347,580672.5663716814,14482517.634033237,25143.259781307705,1476.755862720774
d_a_radio_heldout,mlp,0.9390838206627681,0.24194690265486726,0.9324099515929294,0.035967239088567714,0.03958640320837295,0.01,24000000.0,0.03772659249721369,0.9991889540504992,0.9622734075027863,6034382.347513849,227656.6837970347,5806725.6637168145,144825176.3403324,25143.259781307705,14767.55862720774
d_a_radio_heldout,mlp,0.9390838206627681,0.24194690265486726,0.9324099515929294,0.16275974599534132,0.17679746607242117,0.05,24000.0,0.1696298958312852,0.9957884060367058,0.8303701041687148,6992.936805606626,1186.2111418898123,5806.725663716814,167830.48333455902,29137.23669002761,76.9467528470298
d_a_radio_heldout,mlp,0.9390838206627681,0.24194690265486726,0.9324099515929294,0.16275974599534132,0.17679746607242117,0.05,240000.0,0.16962989583128515,0.9957884060367059,0.8303701041687148,69929.36805606628,11862.111418898123,58067.256637168146,1678304.8333455906,29137.23669002761,769.467528470298
d_a_radio_heldout,mlp,0.9390838206627681,0.24194690265486726,0.9324099515929294,0.16275974599534132,0.17679746607242117,0.05,2400000.0,0.16962989583128518,0.9957884060367058,0.8303701041687148,699293.6805606626,118621.11418898123,580672.5663716814,16783048.333455905,29137.23669002761,7694.67528470298
d_a_radio_heldout,mlp,0.9390838206627681,0.24194690265486726,0.9324099515929294,0.16275974599534132,0.17679746607242117,0.05,24000000.0,0.1696298958312852,0.9957884060367058,0.8303701041687148,6992936.805606627,1186211.1418898124,5806725.6637168145,167830483.33455905,29137.23669002761,76946.75284702981
d_a_radio_heldout,mlp,0.9390838206627681,0.24194690265486726,0.9324099515929294,0.29098158690751175,0.31195763002938554,0.1,24000.0,0.30131618734250337,0.9911502699327437,0.6986838126574966,8310.949185484194,2504.2235217673815,5806.725663716814,199462.78045162067,34628.95493951748,162.44314489928513
d_a_radio_heldout,mlp,0.9390838206627681,0.24194690265486726,0.9324099515929294,0.29098158690751175,0.31195763002938554,0.1,240000.0,0.3013161873425033,0.9911502699327437,0.6986838126574967,83109.49185484197,25042.235217673813,58067.256637168146,1994627.8045162072,34628.95493951748,1624.431448992851
d_a_radio_heldout,mlp,0.9390838206627681,0.24194690265486726,0.9324099515929294,0.29098158690751175,0.31195763002938554,0.1,2400000.0,0.30131618734250337,0.9911502699327436,0.6986838126574966,831094.9185484196,250422.35217673818,580672.5663716814,19946278.04516207,34628.95493951748,16244.314489928514
d_a_radio_heldout,mlp,0.9390838206627681,0.24194690265486726,0.9324099515929294,0.29098158690751175,0.31195763002938554,0.1,24000000.0,0.3013161873425033,0.9911502699327435,0.6986838126574967,8310949.185484196,2504223.5217673816,5806725.6637168145,199462780.4516207,34628.95493951748,162443.1448992851
d_a_radio_heldout,mlp,0.9390838206627681,0.24194690265486726,0.9324099515929294,0.48008771432906283,0.5049866279869446,0.2,24000.0,0.49247359064543755,0.9803059659552127,0.5075264093545624,11441.228587693422,5634.502923976608,5806.725663716814,274589.48610464216,47671.78578205593,365.4970760233915
d_a_radio_heldout,mlp,0.9390838206627681,0.24194690265486726,0.9324099515929294,0.48008771432906283,0.5049866279869446,0.2,240000.0,0.49247359064543755,0.9803059659552127,0.5075264093545624,114412.28587693423,56345.02923976608,58067.256637168146,2745894.8610464213,47671.78578205593,3654.9707602339154
d_a_radio_heldout,mlp,0.9390838206627681,0.24194690265486726,0.9324099515929294,0.48008771432906283,0.5049866279869446,0.2,2400000.0,0.4924735906454376,0.9803059659552127,0.5075264093545624,1144122.8587693423,563450.2923976609,580672.5663716814,27458948.610464215,47671.78578205593,36549.70760233916
d_a_radio_heldout,mlp,0.9390838206627681,0.24194690265486726,0.9324099515929294,0.48008771432906283,0.5049866279869446,0.2,24000000.0,0.49247359064543755,0.9803059659552126,0.5075264093545624,11441228.587693423,5634502.923976609,5806725.6637168145,274589486.10464215,47671.78578205593,365497.07602339156
d_a_radio_heldout,mlp,0.9390838206627681,0.24194690265486726,0.9324099515929294,0.7869441715066436,0.8031724580698066,0.5,24000.0,0.7951391967389182,0.9256184803610671,0.2048608032610818,28344.737359623246,22538.011695906433,5806.725663716814,680273.6966309579,118103.07233176354,1461.988304093566
d_a_radio_heldout,mlp,0.9390838206627681,0.24194690265486726,0.9324099515929294,0.7869441715066436,0.8031724580698066,0.5,240000.0,0.7951391967389181,0.9256184803610671,0.20486080326108191,283447.3735962325,225380.11695906433,58067.256637168146,6802736.96630958,118103.07233176354,14619.883040935661
d_a_radio_heldout,mlp,0.9390838206627681,0.24194690265486726,0.9324099515929294,0.7869441715066436,0.8031724580698066,0.5,2400000.0,0.7951391967389183,0.9256184803610672,0.2048608032610817,2834473.735962325,2253801.1695906436,580672.5663716814,68027369.6630958,118103.07233176354,146198.83040935663
d_a_radio_heldout,mlp,0.9390838206627681,0.24194690265486726,0.9324099515929294,0.7869441715066436,0.8031724580698066,0.5,24000000.0,0.7951391967389181,0.9256184803610672,0.20486080326108191,28344737.35962325,22538011.695906434,5806725.6637168145,680273696.630958,118103.07233176354,1461988.3040935663
d_a_radio_heldout,rf,0.9543534762833008,0.26601769911504425,0.9264893112942495,0.0003424669998467238,0.0003758014497724951,0.0001,24000.0,0.00035866282544455287,0.9999937803943175,0.9996413371745555,6386.7154561718835,2.290677410821004,6384.424778761062,153281.1709481252,26611.31440071618,0.1095626131813962
d_a_radio_heldout,rf,0.9543534762833008,0.26601769911504425,0.9264893112942495,0.0003424669998467238,0.0003758014497724951,0.0001,240000.0,0.00035866282544455287,0.9999937803943176,0.9996413371745555,63867.15456171883,22.90677410821004,63844.24778761062,1532811.709481252,26611.31440071618,1.095626131813962
d_a_radio_heldout,rf,0.9543534762833008,0.26601769911504425,0.9264893112942495,0.0003424669998467238,0.0003758014497724951,0.0001,2400000.0,0.000358662825444553,0.9999937803943175,0.9996413371745555,638671.5456171882,229.0677410821004,638442.4778761062,15328117.094812516,26611.31440071618,10.956261318139621
d_a_radio_heldout,rf,0.9543534762833008,0.26601769911504425,0.9264893112942495,0.0003424669998467238,0.0003758014497724951,0.0001,24000000.0,0.0003586628254445529,0.9999937803943175,0.9996413371745555,6386715.456171883,2290.6774108210043,6384424.778761062,153281170.94812518,26611.31440071618,109.56261318139622
d_a_radio_heldout,rf,0.9543534762833008,0.26601769911504425,0.9264893112942495,0.0017106757036817338,0.0018769363946619408,0.0005,24000.0,0.0017914604050104149,0.9999688903005013,0.9982085395949896,6395.882749461812,11.457970700749984,6384.424778761062,153501.18598708347,26649.51145609088,0.5480323007507657
d_a_radio_heldout,rf,0.9543534762833008,0.26601769911504425,0.9264893112942495,0.0017106757036817338,0.0018769363946619408,0.0005,240000.0,0.001791460405010415,0.9999688903005013,0.9982085395949896,63958.82749461812,114.57970700749985,63844.24778761062,1535011.8598708347,26649.51145609088,5.480323007507657
d_a_radio_heldout,rf,0.9543534762833008,0.26601769911504425,0.9264893112942495,0.0017106757036817338,0.0018769363946619408,0.0005,2400000.0,0.001791460405010415,0.9999688903005012,0.9982085395949896,639588.2749461811,1145.7970700749984,638442.4778761062,15350118.598708346,26649.51145609088,54.80323007507656
d_a_radio_heldout,rf,0.9543534762833008,0.26601769911504425,0.9264893112942495,0.0017106757036817338,0.0018769363946619408,0.0005,24000000.0,0.001791460405010415,0.9999688903005012,0.9982085395949896,6395882.749461812,11457.970700749986,6384424.778761062,153501185.9870835,26649.51145609088,548.0323007507657
d_a_radio_heldout,rf,0.9543534762833008,0.26601769911504425,0.9264893112942495,0.003417212201973519,0.0037487084740353608,0.001,24000.0,0.003578297269010041,0.9999377513986358,0.99642170273099,6407.352189602703,22.92741084164086,6384.424778761062,153776.4525504649,26697.30079001126,1.0966131823831637
d_a_radio_heldout,rf,0.9543534762833008,0.26601769911504425,0.9264893112942495,0.003417212201973519,0.0037487084740353608,0.001,240000.0,0.0035782972690100415,0.9999377513986358,0.99642170273099,64073.52189602703,229.2741084164086,63844.24778761062,1537764.5255046487,26697.30079001126,10.966131823831638
d_a_radio_heldout,rf,0.9543534762833008,0.26601769911504425,0.9264893112942495,0.003417212201973519,0.0037487084740353608,0.001,2400000.0,0.003578297269010042,0.9999377513986358,0.99642170273099,640735.2189602703,2292.7410841640863,638442.4778761062,15377645.255046487,26697.30079001126,109.66131823831638
d_a_radio_heldout,rf,0.9543534762833008,0.26601769911504425,0.9264893112942495,0.003417212201973519,0.0037487084740353608,0.001,24000000.0,0.0035782972690100415,0.9999377513986358,0.99642170273099,6407352.189602703,22927.41084164086,6384424.778761062,153776452.55046487,26697.30079001126,1096.6131823831638
d_a_radio_heldout,rf,0.9543534762833008,0.26601769911504425,0.9264893112942495,0.006817927529456175,0.007476844709420243,0.002,24000.0,0.00713817178644579,0.9998753858231791,0.9928618282135542,6430.3255471594575,45.90076839839523,6384.424778761062,154327.813131827,26793.023113164403,2.1954239863743097
d_a_radio_heldout,rf,0.9543534762833008,0.26601769911504425,0.9264893112942495,0.006817927529456175,0.007476844709420243,0.002,240000.0,0.007138171786445791,0.999875385823179,0.9928618282135542,64303.25547159457,459.0076839839523,63844.24778761062,1543278.1313182698,26793.023113164403,21.9542398637431
d_a_radio_heldout,rf,0.9543534762833008,0.26601769911504425,0.9264893112942495,0.006817927529456175,0.007476844709420243,0.002,2400000.0,0.007138171786445791,0.9998753858231791,0.9928618282135542,643032.5547159457,4590.076839839523,638442.4778761062,15432781.313182697,26793.023113164403,219.54239863743098
d_a_radio_heldout,rf,0.9543534762833008,0.26601769911504425,0.9264893112942495,0.006817927529456175,0.007476844709420243,0.002,24000000.0,0.00713817178644579,0.999875385823179,0.9928618282135542,6430325.547159457,45900.76839839522,6384424.778761062,154327813.13182697,26793.023113164403,2195.4239863743096
d_a_radio_heldout,rf,0.9543534762833008,0.26601769911504425,0.9264893112942495,0.0169222782769894,0.018539499608700088,0.005,24000.0,0.017708670660558055,0.9996875839457647,0.982291329339442,6499.522685448495,115.09790668743327,6384.424778761062,155988.5444507639,27081.344522702064,5.505108387943622
d_a_radio_heldout,rf,0.9543534762833008,0.26601769911504425,0.9264893112942495,0.0169222782769894,0.018539499608700088,0.005,240000.0,0.017708670660558055,0.9996875839457648,0.982291329339442,64995.22685448495,1150.9790668743326,63844.24778761062,1559885.444507639,27081.344522702064,55.05108387943621
d_a_radio_heldout,rf,0.9543534762833008,0.26601769911504425,0.9264893112942495,0.0169222782769894,0.018539499608700088,0.005,2400000.0,0.017708670660558055,0.9996875839457648,0.982291329339442,649952.2685448495,11509.790668743326,638442.4778761062,15598854.445076387,27081.344522702064,550.5108387943621
d_a_radio_heldout,rf,0.9543534762833008,0.26601769911504425,0.9264893112942495,0.0169222782769894,0.018539499608700088,0.005,24000000.0,0.017708670660558055,0.9996875839457648,0.982291329339442,6499522.685448495,115097.90668743326,6384424.778761062,155988544.45076388,27081.344522702064,5505.108387943621
d_a_radio_heldout,rf,0.9543534762833008,0.26601769911504425,0.9264893112942495,0.03344382629892048,0.03658121891668835,0.01,24000.0,0.03497067718134287,0.9993722102865225,0.9650293228186572,6615.783197253983,231.35841849292143,6384.424778761062,158778.7967340956,27565.763321891594,11.065823931321017
d_a_radio_heldout,rf,0.9543534762833008,0.26601769911504425,0.9264893112942495,0.03344382629892048,0.03658121891668835,0.01,240000.0,0.03497067718134286,0.9993722102865225,0.9650293228186572,66157.83197253983,2313.584184929214,63844.24778761062,1587787.967340956,27565.763321891594,110.65823931321017
d_a_radio_heldout,rf,0.9543534762833008,0.26601769911504425,0.9264893112942495,0.03344382629892048,0.03658121891668835,0.01,2400000.0,0.03497067718134286,0.9993722102865223,0.9650293228186572,661578.3197253983,23135.84184929214,638442.4778761062,15877879.673409559,27565.763321891594,1106.5823931321017
d_a_radio_heldout,rf,0.9543534762833008,0.26601769911504425,0.9264893112942495,0.03344382629892048,0.03658121891668835,0.01,24000000.0,0.03497067718134286,0.9993722102865223,0.9650293228186572,6615783.1972539835,231358.41849292142,6384424.778761062,158778796.7340956,27565.763321891594,11065.823931321018
d_a_radio_heldout,rf,0.9543534762833008,0.26601769911504425,0.9264893112942495,0.15275024203450172,0.1651673127707528,0.05,24000.0,0.15882888191711472,0.9967375090015183,0.8411711180828852,7589.923906697863,1205.499127936801,6384.424778761062,182158.1737607487,31624.68294457443,57.658766800041086
d_a_radio_heldout,rf,0.9543534762833008,0.26601769911504425,0.9264893112942495,0.15275024203450172,0.1651673127707528,0.05,240000.0,0.15882888191711475,0.9967375090015181,0.8411711180828852,75899.23906697863,12054.99127936801,63844.24778761062,1821581.737607487,31624.68294457443,576.5876680004109
d_a_radio_heldout,rf,0.9543534762833008,0.26601769911504425,0.9264893112942495,0.15275024203450172,0.1651673127707528,0.05,2400000.0,0.15882888191711475,0.9967375090015181,0.8411711180828852,758992.3906697863,120549.91279368011,638442.4778761062,18215817.37607487,31624.68294457443,5765.8766800041085
d_a_radio_heldout,rf,0.9543534762833008,0.26601769911504425,0.9264893112942495,0.15275024203450172,0.1651673127707528,0.05,24000000.0,0.15882888191711475,0.996737509001518,0.8411711180828852,7589923.906697863,1205499.1279368012,6384424.778761062,182158173.7607487,31624.68294457443,57658.76680004109
d_a_radio_heldout,rf,0.9543534762833008,0.26601769911504425,0.9264893112942495,0.27568310913391525,0.2946184045472777,0.1,24000.0,0.28500816401619555,0.9931373958745221,0.7149918359838044,8929.367382183198,2544.9426034221356,6384.424778761062,214304.81717239675,37205.69742576333,121.72406324453118
d_a_radio_heldout,rf,0.9543534762833008,0.26601769911504425,0.9264893112942495,0.27568310913391525,0.2946184045472777,0.1,240000.0,0.28500816401619555,0.9931373958745221,0.7149918359838044,89293.67382183197,25449.426034221353,63844.24778761062,2143048.1717239674,37205.69742576333,1217.2406324453118
d_a_radio_heldout,rf,0.9543534762833008,0.26601769911504425,0.9264893112942495,0.27568310913391525,0.2946184045472777,0.1,2400000.0,0.28500816401619555,0.9931373958745221,0.7149918359838044,892936.7382183197,254494.26034221356,638442.4778761062,21430481.717239674,37205.69742576333,12172.406324453119
d_a_radio_heldout,rf,0.9543534762833008,0.26601769911504425,0.9264893112942495,0.27568310913391525,0.2946184045472777,0.1,24000000.0,0.2850081640161955,0.9931373958745221,0.7149918359838046,8929367.382183198,2544942.603422135,6384424.778761062,214304817.17239675,37205.69742576333,121724.06324453118
d_a_radio_heldout,rf,0.9543534762833008,0.26601769911504425,0.9264893112942495,0.4613157836424391,0.484473060184322,0.2,24000.0,0.47282104618476806,0.9846904697742824,0.5271789538152319,12110.545636460867,5726.120857699805,6384.424778761062,290653.0952750608,50460.606818586944,273.87914230019516
d_a_radio_heldout,rf,0.9543534762833008,0.26601769911504425,0.9264893112942495,0.4613157836424391,0.484473060184322,0.2,240000.0,0.4728210461847681,0.9846904697742827,0.5271789538152318,121105.45636460866,57261.20857699805,63844.24778761062,2906530.952750608,50460.606818586944,2738.7914230019514
d_a_radio_heldout,rf,0.9543534762833008,0.26601769911504425,0.9264893112942495,0.4613157836424391,0.484473060184322,0.2,2400000.0,0.4728210461847681,0.9846904697742825,0.5271789538152318,1211054.5636460865,572612.0857699804,638442.4778761062,29065309.527506076,50460.606818586944,27387.914230019516
d_a_radio_heldout,rf,0.9543534762833008,0.26601769911504425,0.9264893112942495,0.4613157836424391,0.484473060184322,0.2,24000000.0,0.47282104618476806,0.9846904697742825,0.5271789538152319,12110545.636460867,5726120.857699805,6384424.778761062,290653095.2750608,50460.606818586944,273879.1423001952
d_a_radio_heldout,rf,0.9543534762833008,0.26601769911504425,0.9264893112942495,0.77403686530744,0.7898740892294298,0.5,24000.0,0.7820190246396039,0.9414509542537478,0.21798097536039607,29288.908209560283,22904.48343079922,6384.424778761062,702933.7970294468,122037.11753983451,1095.5165692007806
d_a_radio_heldout,rf,0.9543534762833008,0.26601769911504425,0.9264893112942495,0.77403686530744,0.7898740892294298,0.5,240000.0,0.7820190246396039,0.9414509542537477,0.21798097536039607,292889.0820956028,229044.8343079922,63844.24778761062,7029337.970294468,122037.11753983451,10955.165692007806
d_a_radio_heldout,rf,0.9543534762833008,0.26601769911504425,0.9264893112942495,0.77403686530744,0.7898740892294298,0.5,2400000.0,0.7820190246396039,0.9414509542537478,0.21798097536039607,2928890.820956028,2290448.343079922,638442.4778761062,70293379.70294467,122037.11753983451,109551.65692007807
d_a_radio_heldout,rf,0.9543534762833008,0.26601769911504425,0.9264893112942495,0.77403686530744,0.7898740892294298,0.5,24000000.0,0.7820190246396039,0.9414509542537477,0.21798097536039607,29288908.209560283,22904483.43079922,6384424.778761062,702933797.0294468,122037.11753983451,1095516.5692007807
d_a_radio_heldout,stratified,0.776803118908382,0.7621238938053098,0.7694721460616305,9.970179674284165e-05,0.00010424876636591669,0.0001,24000.0,0.00010192589801070075,0.9999061703749871,0.9998980741019893,18292.837965264207,1.8645139367737942,18290.973451327434,439028.111166341,76220.15818860086,0.5357260872286059
d_a_radio_heldout,stratified,0.776803118908382,0.7621238938053098,0.7694721460616305,9.970179674284165e-05,0.00010424876636591669,0.0001,240000.0,0.00010192589801070076,0.9999061703749872,0.9998980741019893,182928.37965264206,18.645139367737944,182909.73451327434,4390281.1116634095,76220.15818860086,5.3572608722860595
d_a_radio_heldout,stratified,0.776803118908382,0.7621238938053098,0.7694721460616305,9.970179674284165e-05,0.00010424876636591669,0.0001,2400000.0,0.00010192589801070075,0.9999061703749871,0.9998980741019893,1829283.7965264209,186.45139367737943,1829097.3451327435,43902811.1166341,76220.15818860086,53.57260872286059
d_a_radio_heldout,stratified,0.776803118908382,0.7621238938053098,0.7694721460616305,9.970179674284165e-05,0.00010424876636591669,0.0001,24000000.0,0.00010192589801070075,0.9999061703749871,0.9998980741019893,18292837.96526421,1864.5139367737943,18290973.451327436,439028111.166341,76220.15818860086,535.7260872286059
d_a_radio_heldout,stratified,0.776803118908382,0.7621238938053098,0.7694721460616305,0.0004985095784023971,0.0005212349725211726,0.0005,24000.0,0.0005096255637134323,0.9995308402942121,0.9994903744362865,18300.299751904622,9.326300577189178,18290.973451327434,439207.19404571096,76251.24896626927,2.679702424311571
d_a_radio_heldout,stratified,0.776803118908382,0.7621238938053098,0.7694721460616305,0.0004985095784023971,0.0005212349725211726,0.0005,240000.0,0.0005096255637134324,0.999530840294212,0.9994903744362865,183002.9975190462,93.26300577189178,182909.73451327434,4392071.940457109,76251.24896626927,26.79702424311571
d_a_radio_heldout,stratified,0.776803118908382,0.7621238938053098,0.7694721460616305,0.0004985095784023971,0.0005212349725211726,0.0005,2400000.0,0.0005096255637134323,0.9995308402942121,0.9994903744362865,1830029.9751904623,932.6300577189178,1829097.3451327435,43920719.40457109,76251.24896626927,267.9702424311571
d_a_radio_heldout,stratified,0.776803118908382,0.7621238938053098,0.7694721460616305,0.0004985095784023971,0.0005212349725211726,0.0005,24000000.0,0.0005096255637134323,0.999530840294212,0.9994903744362865,18300299.751904625,9326.300577189179,18290973.451327436,439207194.04571104,76251.24896626927,2679.702424311571
d_a_radio_heldout,stratified,0.776803118908382,0.7621238938053098,0.7694721460616305,0.000997020643529257,0.001042447797618296,0.001,24000.0,0.001019241311746839,0.9990616516350078,0.9989807586882532,18309.635388118026,18.66193679059176,18290.973451327434,439431.2493148326,76290.14745049177,5.362087233432263
d_a_radio_heldout,stratified,0.776803118908382,0.7621238938053098,0.7694721460616305,0.000997020643529257,0.001042447797618296,0.001,240000.0,0.001019241311746839,0.9990616516350078,0.9989807586882532,183096.35388118026,186.6193679059176,182909.73451327434,4394312.493148326,76290.14745049177,53.620872334322634
d_a_radio_heldout,stratified,0.776803118908382,0.7621238938053098,0.7694721460616305,0.000997020643529257,0.001042447797618296,0.001,2400000.0,0.001019241311746839,0.9990616516350078,0.9989807586882532,1830963.5388118026,1866.1936790591762,1829097.3451327435,43943124.93148326,76290.14745049177,536.2087233432263
d_a_radio_heldout,stratified,0.776803118908382,0.7621238938053098,0.7694721460616305,0.000997020643529257,0.001042447797618296,0.001,24000000.0,0.0010192413117468388,0.9990616516350078,0.9989807586882532,18309635.38811803,18661.93679059176,18290973.451327436,439431249.3148327,76290.14745049177,5362.087233432263
d_a_radio_heldout,stratified,0.776803118908382,0.7621238938053098,0.7694721460616305,0.0019940472339829676,0.0020848070111864577,0.002,24000.0,0.0020384433619078874,0.9981231874456287,0.9979615566380922,18328.33472357954,37.36127225210655,18290.973451327434,439880.033365909,76368.06134824808,10.734920132662987
d_a_radio_heldout,stratified,0.776803118908382,0.7621238938053098,0.7694721460616305,0.0019940472339829676,0.0020848070111864577,0.002,240000.0,0.0020384433619078874,0.9981231874456287,0.9979615566380922,183283.3472357954,373.6127225210655,182909.73451327434,4398800.33365909,76368.06134824808,107.34920132662988
d_a_radio_heldout,stratified,0.776803118908382,0.7621238938053098,0.7694721460616305,0.0019940472339829676,0.0020848070111864577,0.002,2400000.0,0.0020384433619078874,0.9981231874456287,0.9979615566380922,1832833.4723579541,3736.127225210655,1829097.3451327435,43988003.3365909,76368.06134824808,1073.4920132662987
d_a_radio_heldout,stratified,0.776803118908382,0.7621238938053098,0.7694721460616305,0.0019940472339829676,0.0020848070111864577,0.002,24000000.0,0.0020384433619078874,0.9981231874456287,0.9979615566380922,18328334.72357954,37361.27225210655,18290973.451327436,439880033.365909,76368.06134824808,10734.920132662986
d_a_radio_heldout,stratified,0.776803118908382,0.7621238938053098,0.7694721460616305,0.004985162687422904,0.005211353260489803,0.005,24000.0,0.0050958139655605614,0.9953070997166792,0.9949041860344394,18384.65824958774,93.68479826030739,18290.973451327434,441231.7979901058,76602.7427066156,26.918216815069503
d_a_radio_heldout,stratified,0.776803118908382,0.7621238938053098,0.7694721460616305,0.004985162687422904,0.005211353260489803,0.005,240000.0,0.005095813965560561,0.9953070997166792,0.9949041860344394,183846.5824958774,936.8479826030738,182909.73451327434,4412317.979901058,76602.7427066156,269.182168150695
d_a_radio_heldout,stratified,0.776803118908382,0.7621238938053098,0.7694721460616305,0.004985162687422904,0.005211353260489803,0.005,2400000.0,0.00509581396556056,0.9953070997166792,0.9949041860344394,1838465.8249587743,9368.479826030738,1829097.3451327435,44123179.79901058,76602.7427066156,2691.82168150695
d_a_radio_heldout,stratified,0.776803118908382,0.7621238938053098,0.7694721460616305,0.004985162687422904,0.005211353260489803,0.005,24000000.0,0.00509581396556056,0.9953070997166792,0.9949041860344394,18384658.249587744,93684.79826030738,18290973.451327436,441231797.99010587,76602.7427066156,26918.2168150695
d_a_radio_heldout,stratified,0.776803118908382,0.7621238938053098,0.7694721460616305,0.009970474053278038,0.010420493048435184,0.01,24000.0,0.010190646618292856,0.9906113016779868,0.9898093533817072,18479.289358941587,188.31590761415325,18290.973451327434,443502.94461459806,76997.03899558994,54.108334810089204
d_a_radio_heldout,stratified,0.776803118908382,0.7621238938053098,0.7694721460616305,0.009970474053278038,0.010420493048435184,0.01,240000.0,0.010190646618292856,0.9906113016779868,0.9898093533817072,184792.89358941588,1883.1590761415325,182909.73451327434,4435029.446145982,76997.03899558994,541.0833481008921
d_a_radio_heldout,stratified,0.776803118908382,0.7621238938053098,0.7694721460616305,0.009970474053278038,0.010420493048435184,0.01,2400000.0,0.010190646618292854,0.9906113016779868,0.9898093533817072,1847928.935894159,18831.590761415322,1829097.3451327435,44350294.461459816,76997.03899558994,5410.83348100892
d_a_radio_heldout,stratified,0.776803118908382,0.7621238938053098,0.7694721460616305,0.009970474053278038,0.010420493048435184,0.01,24000000.0,0.010190646618292854,0.9906113016779868,0.9898093533817072,18479289.35894159,188315.90761415323,18290973.451327436,443502944.61459816,76997.03899558994,54108.3348100892
d_a_radio_heldout,stratified,0.776803118908382,0.7621238938053098,0.7694721460616305,0.04985831820193313,0.052014095280615756,0.05,24000.0,0.05091401456741986,0.9529402753043906,0.9490859854325802,19272.19844363276,981.2249923053247,18290.973451327434,462532.7626471862,80300.82684846983,281.9329024315174
d_a_radio_heldout,stratified,0.776803118908382,0.7621238938053098,0.7694721460616305,0.04985831820193313,0.052014095280615756,0.05,240000.0,0.05091401456741986,0.9529402753043906,0.9490859854325802,192721.9844363276,9812.249923053247,182909.73451327434,4625327.626471862,80300.82684846983,2819.329024315174
d_a_radio_heldout,stratified,0.776803118908382,0.7621238938053098,0.7694721460616305,0.04985831820193313,0.052014095280615756,0.05,2400000.0,0.05091401456741986,0.9529402753043906,0.9490859854325802,1927219.844363276,98122.49923053247,1829097.3451327435,46253276.26471862,80300.82684846983,28193.290243151743
d_a_radio_heldout,stratified,0.776803118908382,0.7621238938053098,0.7694721460616305,0.04985831820193313,0.052014095280615756,0.05,24000000.0,0.05091401456741987,0.9529402753043905,0.9490859854325802,19272198.44363276,981224.9923053248,18290973.451327436,462532762.6471862,80300.82684846983,281932.90243151743
d_a_radio_heldout,stratified,0.776803118908382,0.7621238938053098,0.7694721460616305,0.09973151023512312,0.10380810696299592,0.1,24000.0,0.10173015245979332,0.9055883440187514,0.8982698475402067,20362.44843508312,2071.4749837556856,18290.973451327434,488698.76244199486,84843.53514617967,595.1916829109812
d_a_radio_heldout,stratified,0.776803118908382,0.7621238938053098,0.7694721460616305,0.09973151023512312,0.10380810696299592,0.1,240000.0,0.1017301524597933,0.9055883440187514,0.8982698475402067,203624.4843508312,20714.749837556854,182909.73451327434,4886987.624419948,84843.53514617967,5951.916829109811
d_a_radio_heldout,stratified,0.776803118908382,0.7621238938053098,0.7694721460616305,0.09973151023512312,0.10380810696299592,0.1,2400000.0,0.10173015245979332,0.9055883440187514,0.8982698475402067,2036244.843508312,207147.49837556857,1829097.3451327435,48869876.244199485,84843.53514617967,59519.168291098125
d_a_radio_heldout,stratified,0.776803118908382,0.7621238938053098,0.7694721460616305,0.09973151023512312,0.10380810696299592,0.1,24000000.0,0.1017301524597933,0.9055883440187515,0.8982698475402067,20362448.43508312,2071474.9837556854,18290973.451327436,488698762.4419949,84843.53514617967,595191.6829109811
d_a_radio_heldout,stratified,0.776803118908382,0.7621238938053098,0.7694721460616305,0.19952254242636147,0.20674144333720046,0.2,24000.0,0.20306992499709356,0.8099969073191391,0.7969300750029065,22951.792164777726,4660.818713450292,18290.973451327434,550843.0119546654,95632.46735324053,1339.1812865497077
d_a_radio_heldout,stratified,0.776803118908382,0.7621238938053098,0.7694721460616305,0.19952254242636147,0.20674144333720046,0.2,240000.0,0.20306992499709356,0.8099969073191391,0.7969300750029065,229517.92164777726,46608.18713450292,182909.73451327434,5508430.119546654,95632.46735324053,13391.812865497077
d_a_radio_heldout,stratified,0.776803118908382,0.7621238938053098,0.7694721460616305,0.19952254242636147,0.20674144333720046,0.2,2400000.0,0.20306992499709353,0.8099969073191391,0.7969300750029065,2295179.2164777727,466081.8713450292,1829097.3451327435,55084301.19546655,95632.46735324053,133918.12865497076
d_a_radio_heldout,stratified,0.776803118908382,0.7621238938053098,0.7694721460616305,0.19952254242636147,0.20674144333720046,0.2,24000000.0,0.20306992499709356,0.8099969073191391,0.7969300750029065,22951792.164777726,4660818.713450292,18290973.451327436,550843011.9546654,95632.46735324053,1339181.2865497076
d_a_radio_heldout,stratified,0.776803118908382,0.7621238938053098,0.7694721460616305,0.4992533040743931,0.5104020215169096,0.5,24000.0,0.5047693051658075,0.5159185481559746,0.49523069483419246,36934.2483051286,18643.27485380117,18290.973451327434,886421.9593230865,153892.70127136918,5356.725146198831
d_a_radio_heldout,stratified,0.776803118908382,0.7621238938053098,0.7694721460616305,0.4992533040743931,0.5104020215169096,0.5,240000.0,0.5047693051658075,0.5159185481559746,0.49523069483419246,369342.483051286,186432.74853801169,182909.73451327434,8864219.593230864,153892.70127136918,53567.25146198831
d_a_radio_heldout,stratified,0.776803118908382,0.7621238938053098,0.7694721460616305,0.4992533040743931,0.5104020215169096,0.5,2400000.0,0.5047693051658075,0.5159185481559745,0.49523069483419246,3693424.8305128603,1864327.4853801169,1829097.3451327435,88642195.93230864,153892.70127136918,535672.514619883
d_a_radio_heldout,stratified,0.776803118908382,0.7621238938053098,0.7694721460616305,0.4992533040743931,0.5104020215169096,0.5,24000000.0,0.5047693051658075,0.5159185481559746,0.49523069483419246,36934248.305128604,18643274.85380117,18290973.451327436,886421959.3230865,153892.70127136918,5356725.146198831
d_a_radio_heldout,tree,0.9098440545808967,0.32955752212389383,0.9075653692182225,0.00026481663131137467,0.00028785771559935997,0.0001,24000.0,0.0002760318960788542,0.9999865516054969,0.9997239681039212,7911.564375088858,2.1838441154056927,7909.380530973452,189877.5450021326,32964.85156287024,0.21639590859670765
d_a_radio_heldout,tree,0.9098440545808967,0.32955752212389383,0.9075653692182225,0.00026481663131137467,0.00028785771559935997,0.0001,240000.0,0.00027603189607885417,0.9999865516054969,0.9997239681039212,79115.64375088859,21.838441154056927,79093.80530973453,1898775.450021326,32964.85156287024,2.1639590859670763
d_a_radio_heldout,tree,0.9098440545808967,0.32955752212389383,0.9075653692182225,0.00026481663131137467,0.00028785771559935997,0.0001,2400000.0,0.0002760318960788542,0.9999865516054969,0.9997239681039212,791156.4375088857,218.38441154056926,790938.0530973452,18987754.500213258,32964.85156287024,21.639590859670765
d_a_radio_heldout,tree,0.9098440545808967,0.32955752212389383,0.9075653692182225,0.00026481663131137467,0.00028785771559935997,0.0001,24000000.0,0.0002760318960788542,0.9999865516054969,0.9997239681039212,7911564.3750888575,2183.8441154056927,7909380.530973452,189877545.0021326,32964.85156287024,216.39590859670764
d_a_radio_heldout,tree,0.9098440545808967,0.32955752212389383,0.9075653692182225,0.00132321072077924,0.0014382077562200587,0.0005,24000.0,0.0013791882587751414,0.9999327347374896,0.9986208117412249,7920.304121423647,10.923590450195857,7909.380530973452,190087.29891416754,33001.26717259853,1.0824125513048923
d_a_radio_heldout,tree,0.9098440545808967,0.32955752212389383,0.9075653692182225,0.00132321072077924,0.0014382077562200587,0.0005,240000.0,0.0013791882587751414,0.9999327347374894,0.9986208117412249,79203.04121423648,109.23590450195857,79093.80530973453,1900872.9891416756,33001.26717259853,10.824125513048923
d_a_radio_heldout,tree,0.9098440545808967,0.32955752212389383,0.9075653692182225,0.00132321072077924,0.0014382077562200587,0.0005,2400000.0,0.0013791882587751414,0.9999327347374896,0.9986208117412249,792030.4121423648,1092.3590450195857,790938.0530973452,19008729.891416755,33001.26717259853,108.24125513048922
d_a_radio_heldout,tree,0.9098440545808967,0.32955752212389383,0.9075653692182225,0.00132321072077924,0.0014382077562200587,0.0005,24000000.0,0.0013791882587751414,0.9999327347374896,0.9986208117412249,7920304.121423648,10923.590450195858,7909380.530973452,190087298.91416755,33001.26717259853,1082.4125513048923
d_a_radio_heldout,tree,0.9098440545808967,0.32955752212389383,0.9075653692182225,0.0026442435829633353,0.0028737180191587127,0.001,24000.0,0.002755952304535884,0.9998654112045967,0.9972440476954642,7931.238646398819,21.858115425366886,7909.380530973452,190349.72751357165,33046.82769332841,2.1659085986571367
d_a_radio_heldout,tree,0.9098440545808967,0.32955752212389383,0.9075653692182225,0.0026442435829633353,0.0028737180191587127,0.001,240000.0,0.0027559523045358834,0.9998654112045967,0.9972440476954642,79312.3864639882,218.58115425366887,79093.80530973453,1903497.2751357167,33046.82769332841,21.65908598657137
d_a_radio_heldout,tree,0.9098440545808967,0.32955752212389383,0.9075653692182225,0.0026442435829633353,0.0028737180191587127,0.001,2400000.0,0.0027559523045358834,0.9998654112045967,0.9972440476954642,793123.8646398819,2185.8115425366886,790938.0530973452,19034972.751357164,33046.82769332841,216.5908598657137
d_a_radio_heldout,tree,0.9098440545808967,0.32955752212389383,0.9075653692182225,0.0026442435829633353,0.0028737180191587127,0.001,24000000.0,0.0027559523045358834,0.9998654112045967,0.9972440476954642,7931238.646398819,21858.115425366886,7909380.530973452,190349727.51357165,33046.82769332841,2165.9085986571367
d_a_radio_heldout,tree,0.9098440545808967,0.32955752212389383,0.9075653692182225,0.005279797203293175,0.005736676364769128,0.002,24000.0,0.005502233278535692,0.999730589024532,0.9944977667214643,7953.140565662713,43.76003468926156,7909.380530973452,190875.3735759051,33138.0856902613,4.336157695507976
d_a_radio_heldout,tree,0.9098440545808967,0.32955752212389383,0.9075653692182225,0.005279797203293175,0.005736676364769128,0.002,240000.0,0.0055022332785356915,0.9997305890245322,0.9944977667214643,79531.40565662715,437.6003468926156,79093.80530973453,1908753.7357590515,33138.0856902613,43.361576955079755
d_a_radio_heldout,tree,0.9098440545808967,0.32955752212389383,0.9075653692182225,0.005279797203293175,0.005736676364769128,0.002,2400000.0,0.005502233278535692,0.999730589024532,0.9944977667214643,795314.0565662713,4376.0034689261565,790938.0530973452,19087537.35759051,33138.0856902613,433.61576955079755
d_a_radio_heldout,tree,0.9098440545808967,0.32955752212389383,0.9075653692182225,0.005279797203293175,0.005736676364769128,0.002,24000000.0,0.005502233278535692,0.9997305890245322,0.9944977667214643,7953140.565662714,43760.03468926156,7909380.530973452,190875373.57590514,33138.0856902613,4336.157695507975
d_a_radio_heldout,tree,0.9098440545808967,0.32955752212389383,0.9075653692182225,0.01313474456361513,0.014261594275271017,0.005,24000.0,0.013683554638587843,0.999324716090003,0.9863164453614122,8019.110467204314,109.72993623086191,7909.380530973452,192458.65121290353,33412.96028001797,10.873078844514973
d_a_radio_heldout,tree,0.9098440545808967,0.32955752212389383,0.9075653692182225,0.01313474456361513,0.014261594275271017,0.005,240000.0,0.01368355463858784,0.9993247160900028,0.9863164453614122,80191.10467204315,1097.299362308619,79093.80530973453,1924586.5121290355,33412.96028001797,108.73078844514973
d_a_radio_heldout,tree,0.9098440545808967,0.32955752212389383,0.9075653692182225,0.01313474456361513,0.014261594275271017,0.005,2400000.0,0.013683554638587845,0.999324716090003,0.9863164453614122,801911.0467204313,10972.993623086191,790938.0530973452,19245865.121290352,33412.96028001797,1087.3078844514973
d_a_radio_heldout,tree,0.9098440545808967,0.32955752212389383,0.9075653692182225,0.01313474456361513,0.014261594275271017,0.005,24000000.0,0.013683554638587843,0.999324716090003,0.9863164453614122,8019110.467204314,109729.93623086192,7909380.530973452,192458651.21290353,33412.96028001797,10873.078844514974
d_a_radio_heldout,tree,0.9098440545808967,0.32955752212389383,0.9075653692182225,0.026056461331089426,0.028260139359675772,0.01,24000.0,0.027130337649693824,0.998643536380972,0.9728696623503061,8129.948786629427,220.56825565597495,7909.380530973452,195118.77087910625,33874.78661095594,21.855986768267474
d_a_radio_heldout,tree,0.9098440545808967,0.32955752212389383,0.9075653692182225,0.026056461331089426,0.028260139359675772,0.01,240000.0,0.02713033764969382,0.998643536380972,0.9728696623503061,81299.48786629428,2205.6825565597496,79093.80530973453,1951187.7087910627,33874.78661095594,218.55986768267474
d_a_radio_heldout,tree,0.9098440545808967,0.32955752212389383,0.9075653692182225,0.026056461331089426,0.028260139359675772,0.01,2400000.0,0.027130337649693827,0.9986435363809719,0.9728696623503061,812994.8786629427,22056.825565597497,790938.0530973452,19511877.087910622,33874.78661095594,2185.598676826747
d_a_radio_heldout,tree,0.9098440545808967,0.32955752212389383,0.9075653692182225,0.026056461331089426,0.028260139359675772,0.01,24000000.0,0.027130337649693824,0.9986435363809719,0.9728696623503061,8129948.786629427,220568.25565597496,7909380.530973452,195118770.87910625,33874.78661095594,21855.986768267474
d_a_radio_heldout,tree,0.9098440545808967,0.32955752212389383,0.9075653692182225,0.12234521109583407,0.13159205342780278,0.05,24000.0,0.1268705362343589,0.992972249094232,0.873129463765641,9058.657231496689,1149.2767005232379,7909.380530973452,217407.77355592052,37744.405131236206,113.88119421360419
d_a_radio_heldout,tree,0.9098440545808967,0.32955752212389383,0.9075653692182225,0.12234521109583407,0.13159205342780278,0.05,240000.0,0.12687053623435887,0.9929722490942321,0.8731294637656412,90586.5723149669,11492.76700523238,79093.80530973453,2174077.7355592055,37744.405131236206,1138.811942136042
d_a_radio_heldout,tree,0.9098440545808967,0.32955752212389383,0.9075653692182225,0.12234521109583407,0.13159205342780278,0.05,2400000.0,0.12687053623435887,0.9929722490942321,0.8731294637656412,905865.723149669,114927.6700523238,790938.0530973452,21740777.355592057,37744.405131236206,11388.11942136042
d_a_radio_heldout,tree,0.9098440545808967,0.32955752212389383,0.9075653692182225,0.12234521109583407,0.13159205342780278,0.05,24000000.0,0.12687053623435887,0.992972249094232,0.8731294637656412,9058657.23149669,1149276.700523238,7909380.530973452,217407773.55592054,37744.405131236206,113881.1942136042
d_a_radio_heldout,tree,0.9098440545808967,0.32955752212389383,0.9075653692182225,0.22737515524029236,0.24236799874721363,0.1,24000.0,0.23474626093494905,0.9852785907513579,0.7652537390650509,10335.631343189176,2426.250812215724,7909.380530973452,248055.15223654022,43065.130596621566,240.4158544509422
d_a_radio_heldout,tree,0.9098440545808967,0.32955752212389383,0.9075653692182225,0.22737515524029236,0.24236799874721363,0.1,240000.0,0.23474626093494902,0.9852785907513579,0.765253739065051,103356.31343189177,24262.508122157244,79093.80530973453,2480551.5223654024,43065.130596621566,2404.1585445094215
d_a_radio_heldout,tree,0.9098440545808967,0.32955752212389383,0.9075653692182225,0.22737515524029236,0.24236799874721363,0.1,2400000.0,0.23474626093494907,0.9852785907513579,0.7652537390650509,1033563.1343189176,242625.08122157247,790938.0530973452,24805515.223654024,43065.130596621566,24041.58544509422
d_a_radio_heldout,tree,0.9098440545808967,0.32955752212389383,0.9075653692182225,0.22737515524029236,0.24236799874721363,0.1,24000000.0,0.23474626093494907,0.9852785907513578,0.7652537390650509,10335631.343189176,2426250.8122157245,7909380.530973452,248055152.23654023,43065.130596621566,240415.8544509422
d_a_radio_heldout,tree,0.9098440545808967,0.32955752212389383,0.9075653692182225,0.39836984313369056,0.41853011438312904,0.2,24000.0,0.40835447842171246,0.9674753402245887,0.5916455215782875,13368.444858458832,5459.06432748538,7909.380530973452,320842.67660301196,55701.85357691179,540.9356725146199
d_a_radio_heldout,tree,0.9098440545808967,0.32955752212389383,0.9075653692182225,0.39836984313369056,0.41853011438312904,0.2,240000.0,0.4083544784217124,0.9674753402245886,0.5916455215782876,133684.44858458833,54590.6432748538,79093.80530973453,3208426.7660301197,55701.85357691179,5409.356725146199
d_a_radio_heldout,tree,0.9098440545808967,0.32955752212389383,0.9075653692182225,0.39836984313369056,0.41853011438312904,0.2,2400000.0,0.40835447842171246,0.9674753402245886,0.5916455215782875,1336844.4858458831,545906.432748538,790938.0530973452,32084267.660301194,55701.85357691179,54093.567251461995
d_a_radio_heldout,tree,0.9098440545808967,0.32955752212389383,0.9075653692182225,0.39836984313369056,0.41853011438312904,0.2,24000000.0,0.40835447842171246,0.9674753402245887,0.5916455215782875,13368444.858458832,5459064.32748538,7909380.530973452,320842676.60301197,55701.85357691179,540935.6725146199
d_a_radio_heldout,tree,0.9098440545808967,0.32955752212389383,0.9075653692182225,0.7259224886921873,0.7422094453530117,0.5,24000.0,0.7340994812996029,0.8814670887319058,0.2659005187003971,29745.637840914973,21836.25730994152,7909.380530973452,713895.3081819593,123940.15767047904,2163.7426900584796
d_a_radio_heldout,tree,0.9098440545808967,0.32955752212389383,0.9075653692182225,0.7259224886921873,0.7422094453530117,0.5,240000.0,0.7340994812996029,0.8814670887319059,0.2659005187003971,297456.3784091497,218362.5730994152,79093.80530973453,7138953.081819593,123940.15767047904,21637.426900584796
d_a_radio_heldout,tree,0.9098440545808967,0.32955752212389383,0.9075653692182225,0.7259224886921873,0.7422094453530117,0.5,2400000.0,0.7340994812996029,0.8814670887319059,0.2659005187003971,2974563.784091497,2183625.730994152,790938.0530973452,71389530.81819592,123940.15767047904,216374.26900584798
d_a_radio_heldout,tree,0.9098440545808967,0.32955752212389383,0.9075653692182225,0.7259224886921873,0.7422094453530117,0.5,24000000.0,0.7340994812996028,0.8814670887319059,0.2659005187003972,29745637.840914972,21836257.30994152,7909380.530973452,713895308.1819594,123940.15767047904,2163742.6900584796
d_a_radio_heldout,xgboost,0.9304743339831059,0.252212389380531,0.9292283084370971,0.0003513366817838171,0.00038736762052650134,0.0001,24000.0,0.00036882572494334925,0.9999907016415153,0.9996311742750567,6055.330706870477,2.2333617377332273,6053.097345132744,145327.93696489144,25230.544611960322,0.16687828626917284
d_a_radio_heldout,xgboost,0.9304743339831059,0.252212389380531,0.9292283084370971,0.0003513366817838171,0.00038736762052650134,0.0001,240000.0,0.00036882572494334925,0.9999907016415153,0.9996311742750567,60553.30706870477,22.333617377332274,60530.97345132744,1453279.3696489146,25230.544611960322,1.6687828626917285
d_a_radio_heldout,xgboost,0.9304743339831059,0.252212389380531,0.9292283084370971,0.0003513366817838171,0.00038736762052650134,0.0001,2400000.0,0.0003688257249433493,0.9999907016415153,0.9996311742750567,605533.0706870477,223.33617377332274,605309.7345132744,14532793.696489144,25230.544611960322,16.687828626917284
d_a_radio_heldout,xgboost,0.9304743339831059,0.252212389380531,0.9292283084370971,0.0003513366817838171,0.00038736762052650134,0.0001,24000000.0,0.00036882572494334936,0.9999907016415154,0.9996311742750567,6055330.706870476,2233.3617377332275,6053097.345132743,145327936.96489143,25230.544611960322,166.87828626917286
d_a_radio_heldout,xgboost,0.9304743339831059,0.252212389380531,0.9292283084370971,0.001754918930468107,0.001934614098431673,0.0005,24000.0,0.001842147559997199,0.9999534913322388,0.9981578524400028,6064.268622779364,11.17127764662058,6053.097345132744,145542.44694670473,25267.78592824735,0.8347253548801696
d_a_radio_heldout,xgboost,0.9304743339831059,0.252212389380531,0.9292283084370971,0.001754918930468107,0.001934614098431673,0.0005,240000.0,0.0018421475599971987,0.999953491332239,0.9981578524400028,60642.686227793645,111.7127764662058,60530.97345132744,1455424.4694670476,25267.78592824735,8.347253548801698
d_a_radio_heldout,xgboost,0.9304743339831059,0.252212389380531,0.9292283084370971,0.001754918930468107,0.001934614098431673,0.0005,2400000.0,0.0018421475599971987,0.999953491332239,0.9981578524400028,606426.8622779364,1117.1277646620579,605309.7345132744,14554244.694670474,25267.78592824735,83.47253548801696
d_a_radio_heldout,xgboost,0.9304743339831059,0.252212389380531,0.9292283084370971,0.001754918930468107,0.001934614098431673,0.0005,24000000.0,0.0018421475599971994,0.9999534913322389,0.9981578524400028,6064268.622779364,11171.277646620581,6053097.345132743,145542446.94670475,25267.78592824735,834.7253548801698
d_a_radio_heldout,xgboost,0.9304743339831059,0.252212389380531,0.9292283084370971,0.0035054366215405888,0.003863682530599952,0.001,24000.0,0.0036793544130930495,0.9999069404416633,0.9963206455869069,6075.451082886091,22.353737753347886,6053.097345132744,145810.8259892662,25314.37951202538,1.6702862706761354
d_a_radio_heldout,xgboost,0.9304743339831059,0.252212389380531,0.9292283084370971,0.0035054366215405888,0.003863682530599952,0.001,240000.0,0.0036793544130930495,0.9999069404416633,0.9963206455869069,60754.51082886092,223.5373775334789,60530.97345132744,1458108.259892662,25314.37951202538,16.702862706761355
d_a_radio_heldout,xgboost,0.9304743339831059,0.252212389380531,0.9292283084370971,0.0035054366215405888,0.003863682530599952,0.001,2400000.0,0.00367935441309305,0.9999069404416633,0.9963206455869069,607545.1082886092,2235.373775334789,605309.7345132744,14581082.59892662,25314.37951202538,167.02862706761354
d_a_radio_heldout,xgboost,0.9304743339831059,0.252212389380531,0.9292283084370971,0.0035054366215405888,0.003863682530599952,0.001,24000000.0,0.00367935441309305,0.9999069404416634,0.9963206455869069,6075451.0828860905,22353.737753347887,6053097.345132743,145810825.98926616,25314.37951202538,1670.2862706761355
d_a_radio_heldout,xgboost,0.9304743339831059,0.252212389380531,0.9292283084370971,0.006993334348203632,0.007705277505059101,0.002,24000.0,0.00733902529284657,0.9998137117618683,0.9926609747071534,6097.849617709086,44.75227257634177,6053.097345132744,146348.39082501805,25407.706740454523,3.343919808427774
d_a_radio_heldout,xgboost,0.9304743339831059,0.252212389380531,0.9292283084370971,0.006993334348203632,0.007705277505059101,0.002,240000.0,0.00733902529284657,0.9998137117618681,0.9926609747071534,60978.496177090856,447.52272576341767,60530.97345132744,1463483.9082501805,25407.706740454523,33.43919808427774
d_a_radio_heldout,xgboost,0.9304743339831059,0.252212389380531,0.9292283084370971,0.006993334348203632,0.007705277505059101,0.002,2400000.0,0.00733902529284657,0.9998137117618683,0.9926609747071534,609784.9617709086,4475.227257634177,605309.7345132744,14634839.082501806,25407.706740454523,334.3919808427774
d_a_radio_heldout,xgboost,0.9304743339831059,0.252212389380531,0.9292283084370971,0.006993334348203632,0.007705277505059101,0.002,24000000.0,0.007339025292846571,0.9998137117618682,0.9926609747071534,6097849.617709084,44752.27257634176,6053097.345132743,146348390.82501802,25407.706740454523,3343.919808427774
d_a_radio_heldout,xgboost,0.9304743339831059,0.252212389380531,0.9292283084370971,0.01735310064978403,0.019099415010911967,0.005,24000.0,0.018201503680237725,0.999533006370846,0.9817984963197622,6165.315355261359,112.21801012861579,6053.097345132744,147967.56852627263,25688.813980255665,8.385004946761102
d_a_radio_heldout,xgboost,0.9304743339831059,0.252212389380531,0.9292283084370971,0.01735310064978403,0.019099415010911967,0.005,240000.0,0.018201503680237725,0.999533006370846,0.9817984963197622,61653.1535526136,1122.1801012861579,60530.97345132744,1479675.6852627264,25688.813980255665,83.85004946761102
d_a_radio_heldout,xgboost,0.9304743339831059,0.252212389380531,0.9292283084370971,0.01735310064978403,0.019099415010911967,0.005,2400000.0,0.01820150368023772,0.999533006370846,0.9817984963197622,616531.5355261359,11221.801012861577,605309.7345132744,14796756.852627262,25688.813980255665,838.5004946761102
d_a_radio_heldout,xgboost,0.9304743339831059,0.252212389380531,0.9292283084370971,0.01735310064978403,0.019099415010911967,0.005,24000000.0,0.018201503680237728,0.999533006370846,0.9817984963197622,6165315.355261358,112218.01012861579,6053097.345132743,147967568.5262726,25688.813980255665,8385.004946761102
d_a_radio_heldout,xgboost,0.9304743339831059,0.252212389380531,0.9292283084370971,0.03428060157932232,0.037665105445833416,0.01,24000.0,0.03592634229512215,0.9990617382224809,0.9640736577048779,6278.666880643799,225.569535511056,6053.097345132744,150688.00513545118,26161.112002682497,16.854706913186458
d_a_radio_heldout,xgboost,0.9304743339831059,0.252212389380531,0.9292283084370971,0.03428060157932232,0.037665105445833416,0.01,240000.0,0.03592634229512215,0.9990617382224809,0.9640736577048779,62786.668806438,2255.69535511056,60530.97345132744,1506880.051354512,26161.112002682497,168.5470691318646
d_a_radio_heldout,xgboost,0.9304743339831059,0.252212389380531,0.9292283084370971,0.03428060157932232,0.037665105445833416,0.01,2400000.0,0.03592634229512215,0.9990617382224809,0.9640736577048779,627866.68806438,22556.9535511056,605309.7345132744,15068800.513545118,26161.112002682497,1685.4706913186458
d_a_radio_heldout,xgboost,0.9304743339831059,0.252212389380531,0.9292283084370971,0.03428060157932232,0.037665105445833416,0.01,24000000.0,0.03592634229512215,0.9990617382224808,0.9640736577048779,6278666.880643799,225569.53551105596,6053097.345132743,150688005.13545117,26161.112002682497,16854.70691318646
d_a_radio_heldout,xgboost,0.9304743339831059,0.252212389380531,0.9292283084370971,0.15609003809651936,0.1693912747900885,0.05,24000.0,0.1625989954626504,0.9951304000414023,0.8374010045373497,7228.433345953509,1175.3360008207653,6053.097345132744,173482.40030288423,30118.47227480629,87.8218939160768
d_a_radio_heldout,xgboost,0.9304743339831059,0.252212389380531,0.9292283084370971,0.15609003809651936,0.1693912747900885,0.05,240000.0,0.1625989954626504,0.9951304000414022,0.8374010045373497,72284.33345953509,11753.360008207654,60530.97345132744,1734824.0030288422,30118.47227480629,878.2189391607681
d_a_radio_heldout,xgboost,0.9304743339831059,0.252212389380531,0.9292283084370971,0.15609003809651936,0.1693912747900885,0.05,2400000.0,0.1625989954626504,0.9951304000414023,0.8374010045373497,722843.3345953509,117533.60008207653,605309.7345132744,17348240.03028842,30118.47227480629,8782.18939160768
d_a_radio_heldout,xgboost,0.9304743339831059,0.252212389380531,0.9292283084370971,0.15609003809651936,0.1693912747900885,0.05,24000000.0,0.16259899546265041,0.9951304000414022,0.8374010045373496,7228433.345953508,1175336.0008207655,6053097.345132743,173482400.3028842,30118.47227480629,87821.89391607682
d_a_radio_heldout,xgboost,0.9304743339831059,0.252212389380531,0.9292283084370971,0.2808198749018805,0.30095946141354385,0.1,24000.0,0.2907381737590723,0.9897750571775656,0.7092618262409277,8534.362235754359,2481.2648906216155,6053.097345132744,204824.69365810463,35559.8426489765,185.40177604505104
d_a_radio_heldout,xgboost,0.9304743339831059,0.252212389380531,0.9292283084370971,0.2808198749018805,0.30095946141354385,0.1,240000.0,0.2907381737590723,0.9897750571775656,0.7092618262409277,85343.62235754359,24812.648906216153,60530.97345132744,2048246.936581046,35559.8426489765,1854.0177604505102
d_a_radio_heldout,xgboost,0.9304743339831059,0.252212389380531,0.9292283084370971,0.2808198749018805,0.30095946141354385,0.1,2400000.0,0.2907381737590723,0.9897750571775656,0.7092618262409277,853436.223575436,248126.4890621616,605309.7345132744,20482469.365810465,35559.8426489765,18540.177604505105
d_a_radio_heldout,xgboost,0.9304743339831059,0.252212389380531,0.9292283084370971,0.2808198749018805,0.30095946141354385,0.1,24000000.0,0.2907381737590723,0.9897750571775656,0.7092618262409277,8534362.23575436,2481264.8906216156,6053097.345132743,204824693.65810463,35559.8426489765,185401.77604505102
d_a_radio_heldout,xgboost,0.9304743339831059,0.252212389380531,0.9292283084370971,0.46767809008811323,0.4920499341990711,0.2,24000.0,0.479793157841678,0.9772842131763211,0.520206842158322,11635.943349031379,5582.846003898635,6053.097345132744,279262.64037675306,48483.09728763074,417.15399610136484
d_a_radio_heldout,xgboost,0.9304743339831059,0.252212389380531,0.9292283084370971,0.46767809008811323,0.4920499341990711,0.2,240000.0,0.4797931578416779,0.9772842131763211,0.5202068421583221,116359.4334903138,55828.46003898635,60530.97345132744,2792626.403767531,48483.09728763074,4171.539961013648
d_a_radio_heldout,xgboost,0.9304743339831059,0.252212389380531,0.9292283084370971,0.46767809008811323,0.4920499341990711,0.2,2400000.0,0.479793157841678,0.9772842131763212,0.520206842158322,1163594.3349031378,558284.6003898635,605309.7345132744,27926264.037675306,48483.09728763074,41715.39961013648
d_a_radio_heldout,xgboost,0.9304743339831059,0.252212389380531,0.9292283084370971,0.46767809008811323,0.4920499341990711,0.2,24000000.0,0.47979315784167803,0.9772842131763212,0.5202068421583219,11635943.349031378,5582846.0038986355,6053097.345132743,279262640.3767531,48483.09728763074,417153.99610136484
d_a_radio_heldout,xgboost,0.9304743339831059,0.252212389380531,0.9292283084370971,0.7784792682738851,0.794862950025017,0.5,24000.0,0.7867462410813044,0.9149338839777256,0.21325375891869558,28384.481360727284,22331.38401559454,6053.097345132744,681227.5526574549,118268.67233636368,1668.6159844054594
d_a_radio_heldout,xgboost,0.9304743339831059,0.252212389380531,0.9292283084370971,0.7784792682738851,0.794862950025017,0.5,240000.0,0.7867462410813045,0.9149338839777257,0.21325375891869547,283844.8136072728,223313.8401559454,60530.97345132744,6812275.526574547,118268.67233636368,16686.159844054593
d_a_radio_heldout,xgboost,0.9304743339831059,0.252212389380531,0.9292283084370971,0.7784792682738851,0.794862950025017,0.5,2400000.0,0.7867462410813044,0.9149338839777256,0.21325375891869558,2838448.1360727283,2233138.401559454,605309.7345132744,68122755.26574548,118268.67233636368,166861.59844054593
d_a_radio_heldout,xgboost,0.9304743339831059,0.252212389380531,0.9292283084370971,0.7784792682738851,0.794862950025017,0.5,24000000.0,0.7867462410813045,0.9149338839777257,0.21325375891869547,28384481.360727284,22331384.015594542,6053097.345132743,681227552.6574548,118268.67233636368,1668615.9844054594
d_b_target,hgb,0.5957754015766379,0.46293371234321884,0.6851580571576333,0.00012855006382832,0.00012883396098969306,0.0001,24000.0,0.0001286919250076638,0.9999247328297582,0.9998713080749924,11111.839100201432,1.430003964180349,11110.409096237252,266684.1384048344,46299.329584172636,0.9702360598220513
d_b_target,hgb,0.5957754015766379,0.46293371234321884,0.6851580571576333,0.00012855006382832,0.00012883396098969306,0.0001,240000.0,0.0001286919250076638,0.9999247328297582,0.9998713080749924,111118.39100201432,14.30003964180349,111104.09096237252,2666841.3840483436,46299.329584172636,9.702360598220512
d_b_target,hgb,0.5957754015766379,0.46293371234321884,0.6851580571576333,0.00012855006382832,0.00012883396098969306,0.0001,2400000.0,0.0001286919250076638,0.9999247328297582,0.9998713080749924,1111183.910020143,143.00039641803488,1111040.909623725,26668413.840483434,46299.329584172636,97.02360598220513
d_b_target,hgb,0.5957754015766379,0.46293371234321884,0.6851580571576333,0.00012855006382832,0.00012883396098969306,0.0001,24000000.0,0.0001286919250076638,0.9999247328297582,0.9998713080749924,11111839.100201432,1430.003964180349,11110409.096237252,266684138.40483436,46299.329584172636,970.2360598220513
d_b_target,hgb,0.5957754015766379,0.46293371234321884,0.6851580571576333,0.0006426769179333671,0.0006440955102197312,0.0005,24000.0,0.0006433857777476453,0.9996236269099814,0.9993566142222523,11117.561977496802,7.152881259549429,11110.409096237252,266821.48745992326,46323.17490623667,4.853121741951321
d_b_target,hgb,0.5957754015766379,0.46293371234321884,0.6851580571576333,0.0006426769179333671,0.0006440955102197312,0.0005,240000.0,0.0006433857777476453,0.9996236269099814,0.9993566142222523,111175.61977496801,71.52881259549429,111104.09096237252,2668214.8745992323,46323.17490623667,48.53121741951321
d_b_target,hgb,0.5957754015766379,0.46293371234321884,0.6851580571576333,0.0006426769179333671,0.0006440955102197312,0.0005,2400000.0,0.0006433857777476453,0.9996236269099813,0.9993566142222523,1111756.1977496801,715.2881259549429,1111040.909623725,26682148.745992325,46323.17490623667,485.31217419513206
d_b_target,hgb,0.5957754015766379,0.46293371234321884,0.6851580571576333,0.0006426769179333671,0.0006440955102197312,0.0005,24000000.0,0.0006433857777476454,0.9996236269099814,0.9993566142222523,11117561.977496801,7152.881259549429,11110409.096237252,266821487.4599232,46323.17490623667,4853.121741951321
d_b_target,hgb,0.5957754015766379,0.46293371234321884,0.6851580571576333,0.0012851703799899598,0.0012880053318096946,0.001,24000.0,0.0012865869849345353,0.9992471607022078,0.9987134130150654,11124.72201879765,14.312922560399707,11110.409096237252,266993.32845114364,46353.00841165688,9.711101463624315
d_b_target,hgb,0.5957754015766379,0.46293371234321884,0.6851580571576333,0.0012851703799899598,0.0012880053318096946,0.001,240000.0,0.0012865869849345356,0.9992471607022078,0.9987134130150654,111247.22018797652,143.1292256039971,111104.09096237252,2669933.2845114367,46353.00841165688,97.11101463624315
d_b_target,hgb,0.5957754015766379,0.46293371234321884,0.6851580571576333,0.0012851703799899598,0.0012880053318096946,0.001,2400000.0,0.0012865869849345356,0.9992471607022079,0.9987134130150654,1112472.2018797651,1431.2922560399709,1111040.909623725,26699332.845114365,46353.00841165688,971.1101463624316
d_b_target,hgb,0.5957754015766379,0.46293371234321884,0.6851580571576333,0.0012851703799899598,0.0012880053318096946,0.001,24000000.0,0.0012865869849345356,0.9992471607022078,0.9987134130150654,11124722.018797651,14312.92256039971,11110409.096237252,266993328.45114362,46353.00841165688,9711.101463624314
d_b_target,hgb,0.5957754015766379,0.46293371234321884,0.6851580571576333,0.002569607250594457,0.0025752682302048356,0.002,24000.0,0.002572436005225753,0.9984939487951329,0.9974275639947743,11139.063624569595,28.654528332343304,11110.409096237252,267337.5269896703,46412.76510237332,19.441664052426233
d_b_target,hgb,0.5957754015766379,0.46293371234321884,0.6851580571576333,0.002569607250594457,0.0025752682302048356,0.002,240000.0,0.002572436005225753,0.998493948795133,0.9974275639947743,111390.63624569595,286.54528332343307,111104.09096237252,2673375.269896703,46412.76510237332,194.41664052426233
d_b_target,hgb,0.5957754015766379,0.46293371234321884,0.6851580571576333,0.002569607250594457,0.0025752682302048356,0.002,2400000.0,0.002572436005225753,0.998493948795133,0.9974275639947743,1113906.3624569594,2865.4528332343302,1111040.909623725,26733752.698967025,46412.76510237332,1944.1664052426233
d_b_target,hgb,0.5957754015766379,0.46293371234321884,0.6851580571576333,0.002569607250594457,0.0025752682302048356,0.002,24000000.0,0.002572436005225753,0.9984939487951329,0.9974275639947743,11139063.624569595,28654.528332343303,11110409.096237252,267337526.98967028,46412.76510237332,19441.664052426233
d_b_target,hgb,0.5957754015766379,0.46293371234321884,0.6851580571576333,0.006418523080466993,0.006432608738671365,0.005,24000.0,0.006425561622042958,0.9962320746498762,0.993574438377957,11182.261405975138,71.85230973788597,11110.409096237252,268374.2737434033,46592.75585822974,48.750705337490906
d_b_target,hgb,0.5957754015766379,0.46293371234321884,0.6851580571576333,0.006418523080466993,0.006432608738671365,0.005,240000.0,0.006425561622042958,0.9962320746498762,0.993574438377957,111822.61405975137,718.5230973788597,111104.09096237252,2683742.737434033,46592.75585822974,487.50705337490905
d_b_target,hgb,0.5957754015766379,0.46293371234321884,0.6851580571576333,0.006418523080466993,0.006432608738671365,0.005,2400000.0,0.006425561622042959,0.9962320746498761,0.993574438377957,1118226.1405975136,7185.230973788597,1111040.909623725,26837427.374340326,46592.75585822974,4875.070533749091
d_b_target,hgb,0.5957754015766379,0.46293371234321884,0.6851580571576333,0.006418523080466993,0.006432608738671365,0.005,24000000.0,0.0064255616220429594,0.9962320746498762,0.993574438377957,11182261.405975137,71852.30973788598,11110409.096237252,268374273.7434033,46592.75585822974,48750.70533749091
d_b_target,hgb,0.5957754015766379,0.46293371234321884,0.6851580571576333,0.012818771062827609,0.012846720669007362,0.01,24000.0,0.012832737457126488,0.9924548063431362,0.9871672625428735,11254.839496619466,144.43040038221525,11110.409096237252,270116.1479188672,46895.16456924778,97.99384204202718
d_b_target,hgb,0.5957754015766379,0.46293371234321884,0.6851580571576333,0.012818771062827609,0.012846720669007362,0.01,240000.0,0.012832737457126486,0.9924548063431362,0.9871672625428736,112548.39496619467,1444.3040038221525,111104.09096237252,2701161.4791886723,46895.16456924778,979.9384204202719
d_b_target,hgb,0.5957754015766379,0.46293371234321884,0.6851580571576333,0.012818771062827609,0.012846720669007362,0.01,2400000.0,0.012832737457126488,0.9924548063431361,0.9871672625428735,1125483.9496619466,14443.040038221525,1111040.909623725,27011614.791886717,46895.16456924778,9799.384204202719
d_b_target,hgb,0.5957754015766379,0.46293371234321884,0.6851580571576333,0.012818771062827609,0.012846720669007362,0.01,24000000.0,0.012832737457126486,0.9924548063431362,0.9871672625428736,11254839.496619467,144430.40038221524,11110409.096237252,270116147.91886723,46895.16456924778,97993.84204202719
d_b_target,hgb,0.5957754015766379,0.46293371234321884,0.6851580571576333,0.06337211197903993,0.06350319582941812,0.05,24000.0,0.06343761812581074,0.961896101649544,0.9365623818741893,11862.967498228794,752.5584019915426,11110.409096237252,284711.21995749103,49429.03124261998,510.59949274529953
d_b_target,hgb,0.5957754015766379,0.46293371234321884,0.6851580571576333,0.06337211197903993,0.06350319582941812,0.05,240000.0,0.06343761812581074,0.9618961016495439,0.9365623818741893,118629.67498228795,7525.584019915426,111104.09096237252,2847112.199574911,49429.03124261998,5105.994927452995
d_b_target,hgb,0.5957754015766379,0.46293371234321884,0.6851580571576333,0.06337211197903993,0.06350319582941812,0.05,2400000.0,0.06343761812581074,0.961896101649544,0.9365623818741893,1186296.7498228794,75255.84019915426,1111040.909623725,28471121.99574911,49429.03124261998,51059.94927452995
d_b_target,hgb,0.5957754015766379,0.46293371234321884,0.6851580571576333,0.06337211197903993,0.06350319582941812,0.05,24000000.0,0.06343761812581074,0.961896101649544,0.9365623818741893,11862967.498228794,752558.4019915427,11110409.096237252,284711219.95749104,49429.03124261998,510599.4927452996
d_b_target,hgb,0.5957754015766379,0.46293371234321884,0.6851580571576333,0.12498494741852724,0.12522643681739876,0.1,24000.0,0.12510563441929123,0.9228258117324013,0.8748943655807088,12699.14350044162,1588.7344042043676,11110.409096237252,304779.4440105989,52913.097918506755,1077.932262462299
d_b_target,hgb,0.5957754015766379,0.46293371234321884,0.6851580571576333,0.12498494741852724,0.12522643681739876,0.1,240000.0,0.12510563441929123,0.9228258117324013,0.8748943655807088,126991.4350044162,15887.344042043676,111104.09096237252,3047794.4401059886,52913.097918506755,10779.322624622988
d_b_target,hgb,0.5957754015766379,0.46293371234321884,0.6851580571576333,0.12498494741852724,0.12522643681739876,0.1,2400000.0,0.12510563441929126,0.9228258117324013,0.8748943655807088,1269914.350044162,158873.4404204368,1111040.909623725,30477944.40105989,52913.097918506755,107793.22624622991
d_b_target,hgb,0.5957754015766379,0.46293371234321884,0.6851580571576333,0.12498494741852724,0.12522643681739876,0.1,24000000.0,0.12510563441929126,0.9228258117324012,0.8748943655807088,12699143.500441618,1588734.4042043677,11110409.096237252,304779444.01059884,52913.097918506755,1077932.2624622989
d_b_target,hgb,0.5957754015766379,0.46293371234321884,0.6851580571576333,0.2432179096332426,0.24362423867467142,0.2,24000.0,0.24342100358742377,0.8416351726490845,0.7565789964125762,14685.061505697078,3574.652409459827,11110.409096237252,352441.4761367299,61187.75627373783,2425.347590540173
d_b_target,hgb,0.5957754015766379,0.46293371234321884,0.6851580571576333,0.2432179096332426,0.24362423867467142,0.2,240000.0,0.24342100358742375,0.8416351726490844,0.7565789964125762,146850.6150569708,35746.52409459827,111104.09096237252,3524414.761367299,61187.75627373783,24253.475905401727
d_b_target,hgb,0.5957754015766379,0.46293371234321884,0.6851580571576333,0.2432179096332426,0.24362423867467142,0.2,2400000.0,0.24342100358742377,0.8416351726490844,0.7565789964125762,1468506.1505697079,357465.24094598275,1111040.909623725,35244147.61367299,61187.75627373783,242534.75905401728
d_b_target,hgb,0.5957754015766379,0.46293371234321884,0.6851580571576333,0.2432179096332426,0.24362423867467142,0.2,24000000.0,0.24342100358742377,0.8416351726490844,0.7565789964125762,14685061.505697079,3574652.4094598275,11110409.096237252,352441476.1367299,61187.75627373783,2425347.5905401725
d_b_target,hgb,0.5957754015766379,0.46293371234321884,0.6851580571576333,0.5624661296523417,0.5630090217940471,0.5,24000.0,0.562737577058147,0.5705635692419254,0.437262422941853,25409.018734076562,14298.609637839309,11110.409096237252,609816.4496178376,105870.91139198568,9701.390362160691
d_b_target,hgb,0.5957754015766379,0.46293371234321884,0.6851580571576333,0.5624661296523417,0.5630090217940471,0.5,240000.0,0.562737577058147,0.5705635692419254,0.437262422941853,254090.1873407656,142986.0963783931,111104.09096237252,6098164.496178375,105870.91139198568,97013.9036216069
d_b_target,hgb,0.5957754015766379,0.46293371234321884,0.6851580571576333,0.5624661296523417,0.5630090217940471,0.5,2400000.0,0.562737577058147,0.5705635692419254,0.437262422941853,2540901.8734076563,1429860.963783931,1111040.909623725,60981644.96178375,105870.91139198568,970139.0362160691
d_b_target,hgb,0.5957754015766379,0.46293371234321884,0.6851580571576333,0.5624661296523417,0.5630090217940471,0.5,24000000.0,0.5627375770581471,0.5705635692419254,0.4372624229418529,25409018.73407656,14298609.63783931,11110409.096237252,609816449.6178374,105870.91139198568,9701390.36216069
d_b_target,logreg,0.27732062323122714,0.02341753604501231,0.9483510696361052,0.0011771638730249366,0.001188786357672122,0.0001,24000.0,0.001182960774805709,0.9999259972206161,0.9988170392251943,562.6865011396562,0.6656360593608812,562.0208650802954,13504.47602735175,2344.527088081901,1.7346039646415192
d_b_target,logreg,0.27732062323122714,0.02341753604501231,0.9483510696361052,0.0011771638730249366,0.001188786357672122,0.0001,240000.0,0.0011829607748057088,0.999925997220616,0.9988170392251943,5626.865011396563,6.656360593608812,5620.208650802954,135044.76027351752,2344.527088081901,17.346039646415193
d_b_target,logreg,0.27732062323122714,0.02341753604501231,0.9483510696361052,0.0011771638730249366,0.001188786357672122,0.0001,2400000.0,0.0011829607748057088,0.9999259972206161,0.9988170392251943,56268.65011396563,66.56360593608812,56202.08650802954,1350447.6027351753,2344.527088081901,173.46039646415193
d_b_target,logreg,0.27732062323122714,0.02341753604501231,0.9483510696361052,0.0011771638730249366,0.001188786357672122,0.0001,24000000.0,0.001182960774805709,0.999925997220616,0.9988170392251943,562686.5011396563,665.6360593608813,562020.8650802954,13504476.027351752,2344.527088081901,1734.6039646415193
d_b_target,logreg,0.27732062323122714,0.02341753604501231,0.9483510696361052,0.005860565681246979,0.005918154785886502,0.0005,24000.0,0.0058892898430594675,0.9996299476178981,0.9941107101569405,565.3503773151875,3.3295122348921713,562.0208650802954,13568.409055564502,2355.6265721466148,8.676490766608579
d_b_target,logreg,0.27732062323122714,0.02341753604501231,0.9483510696361052,0.005860565681246979,0.005918154785886502,0.0005,240000.0,0.005889289843059467,0.9996299476178981,0.9941107101569405,5653.503773151876,33.295122348921716,5620.208650802954,135684.09055564503,2355.6265721466148,86.76490766608579
d_b_target,logreg,0.27732062323122714,0.02341753604501231,0.9483510696361052,0.005860565681246979,0.005918154785886502,0.0005,2400000.0,0.005889289843059467,0.9996299476178981,0.9941107101569405,56535.03773151876,332.9512234892171,56202.08650802954,1356840.9055564501,2355.6265721466148,867.6490766608578
d_b_target,logreg,0.27732062323122714,0.02341753604501231,0.9483510696361052,0.005860565681246979,0.005918154785886502,0.0005,24000000.0,0.005889289843059468,0.9996299476178981,0.9941107101569405,565350.3773151875,3329.512234892172,562020.8650802954,13568409.0555645,2355.6265721466148,8676.49076660858
d_b_target,logreg,0.27732062323122714,0.02341753604501231,0.9483510696361052,0.01165860338928747,0.011772492476770672,0.001,24000.0,0.011715410359398395,0.9992597990003218,0.9882845896406016,568.6832223951596,6.662357314864315,562.0208650802954,13648.397337483832,2369.513426646499,17.36166670915971
d_b_target,logreg,0.27732062323122714,0.02341753604501231,0.9483510696361052,0.01165860338928747,0.011772492476770672,0.001,240000.0,0.011715410359398395,0.9992597990003218,0.9882845896406016,5686.832223951597,66.62357314864316,5620.208650802954,136483.97337483833,2369.513426646499,173.6166670915971
d_b_target,logreg,0.27732062323122714,0.02341753604501231,0.9483510696361052,0.01165860338928747,0.011772492476770672,0.001,2400000.0,0.011715410359398395,0.9992597990003217,0.9882845896406016,56868.322239515976,666.2357314864316,56202.08650802954,1364839.7337483834,2369.513426646499,1736.166670915971
d_b_target,logreg,0.27732062323122714,0.02341753604501231,0.9483510696361052,0.01165860338928747,0.011772492476770672,0.001,24000000.0,0.011715410359398395,0.9992597990003218,0.9882845896406016,568683.2223951597,6662.357314864315,562020.8650802954,13648397.33748383,2369.513426646499,17361.66670915971
d_b_target,logreg,0.27732062323122714,0.02341753604501231,0.9483510696361052,0.023071055397935428,0.02329380146897684,0.002,24000.0,0.02318216564580941,0.9985192129085454,0.9768178343541906,575.3589311274886,13.338066047193289,562.0208650802954,13808.614347059727,2397.3288796978695,34.75812633757625
d_b_target,logreg,0.27732062323122714,0.02341753604501231,0.9483510696361052,0.023071055397935428,0.02329380146897684,0.002,240000.0,0.023182165645809404,0.9985192129085454,0.9768178343541906,5753.589311274887,133.38066047193288,5620.208650802954,138086.14347059728,2397.3288796978695,347.58126337576255
d_b_target,logreg,0.27732062323122714,0.02341753604501231,0.9483510696361052,0.023071055397935428,0.02329380146897684,0.002,2400000.0,0.023182165645809404,0.9985192129085454,0.9768178343541906,57535.89311274887,1333.8066047193288,56202.08650802954,1380861.434705973,2397.3288796978695,3475.812633757625
d_b_target,logreg,0.27732062323122714,0.02341753604501231,0.9483510696361052,0.023071055397935428,0.02329380146897684,0.002,24000000.0,0.023182165645809407,0.9985192129085453,0.9768178343541906,575358.9311274886,13338.066047193288,562020.8650802954,13808614.347059727,2397.3288796978695,34758.12633757625
d_b_target,logreg,0.27732062323122714,0.02341753604501231,0.9483510696361052,0.05590706602196551,0.05642852500222481,0.005,24000.0,0.05616722261167936,0.996295141073098,0.9438327773883206,595.466568384564,33.4457033042686,562.0208650802954,14291.197641229535,2481.1107016023498,87.1573117711083
d_b_target,logreg,0.27732062323122714,0.02341753604501231,0.9483510696361052,0.05590706602196551,0.05642852500222481,0.005,240000.0,0.056167222611679356,0.996295141073098,0.9438327773883206,5954.66568384564,334.45703304268596,5620.208650802954,142911.97641229536,2481.1107016023498,871.5731177110829
d_b_target,logreg,0.27732062323122714,0.02341753604501231,0.9483510696361052,0.05590706602196551,0.05642852500222481,0.005,2400000.0,0.05616722261167936,0.9962951410730981,0.9438327773883206,59546.6568384564,3344.57033042686,56202.08650802954,1429119.7641229536,2481.1107016023498,8715.731177110829
d_b_target,logreg,0.27732062323122714,0.02341753604501231,0.9483510696361052,0.05590706602196551,0.05642852500222481,0.005,24000000.0,0.05616722261167937,0.996295141073098,0.9438327773883206,595466.568384564,33445.7033042686,562020.8650802954,14291197.641229536,2481.1107016023498,87157.31177110829
d_b_target,logreg,0.27732062323122714,0.02341753604501231,0.9483510696361052,0.10637184220091585,0.10731049667648217,0.01,24000.0,0.10684025515367367,0.9925806247214122,0.8931597448463263,629.2501070757444,67.229241995449,562.0208650802954,15102.002569817865,2621.8754461489348,175.19500042879343
d_b_target,logreg,0.27732062323122714,0.02341753604501231,0.9483510696361052,0.10637184220091585,0.10731049667648217,0.01,240000.0,0.10684025515367367,0.9925806247214122,0.8931597448463263,6292.501070757445,672.2924199544901,5620.208650802954,151020.02569817868,2621.8754461489348,1751.9500042879345
d_b_target,logreg,0.27732062323122714,0.02341753604501231,0.9483510696361052,0.10637184220091585,0.10731049667648217,0.01,2400000.0,0.10684025515367367,0.9925806247214122,0.8931597448463263,62925.010707574445,6722.924199544901,56202.08650802954,1510200.2569817868,2621.8754461489348,17519.500042879343
d_b_target,logreg,0.27732062323122714,0.02341753604501231,0.9483510696361052,0.10637184220091585,0.10731049667648217,0.01,24000000.0,0.10684025515367368,0.9925806247214123,0.8931597448463263,629250.1070757443,67229.241995449,562020.8650802954,15102002.569817863,2621.8754461489348,175195.00042879343
d_b_target,logreg,0.27732062323122714,0.02341753604501231,0.9483510696361052,0.3828029474036499,0.3851296318329398,0.05,24000.0,0.3839656089401042,0.9625122475638819,0.6160343910598958,912.3205996881612,350.29973460786584,562.0208650802954,21895.69439251587,3801.3358320340058,912.8581601289764
d_b_target,logreg,0.27732062323122714,0.02341753604501231,0.9483510696361052,0.3828029474036499,0.3851296318329398,0.05,240000.0,0.3839656089401041,0.9625122475638819,0.6160343910598959,9123.205996881614,3502.9973460786587,5620.208650802954,218956.94392515873,3801.3358320340058,9128.581601289763
d_b_target,logreg,0.27732062323122714,0.02341753604501231,0.9483510696361052,0.3828029474036499,0.3851296318329398,0.05,2400000.0,0.3839656089401042,0.962512247563882,0.6160343910598958,91232.05996881612,35029.97346078658,56202.08650802954,2189569.439251587,3801.3358320340058,91285.81601289763
d_b_target,logreg,0.27732062323122714,0.02341753604501231,0.9483510696361052,0.3828029474036499,0.3851296318329398,0.05,24000000.0,0.38396560894010423,0.9625122475638819,0.6160343910598958,912320.5996881613,350299.7346078659,562020.8650802954,21895694.39251587,3801.3358320340058,912858.1601289765
d_b_target,logreg,0.27732062323122714,0.02341753604501231,0.9483510696361052,0.5669815473522393,0.5693949328978735,0.1,24000.0,0.5681886274106818,0.9240238291715946,0.43181137258931823,1301.5425270302344,739.521661949939,562.0208650802954,31237.020648725626,5423.093862625978,1927.1450047167277
d_b_target,logreg,0.27732062323122714,0.02341753604501231,0.9483510696361052,0.5669815473522393,0.5693949328978735,0.1,240000.0,0.5681886274106817,0.9240238291715945,0.43181137258931834,13015.425270302345,7395.21661949939,5620.208650802954,312370.2064872563,5423.093862625978,19271.450047167276
d_b_target,logreg,0.27732062323122714,0.02341753604501231,0.9483510696361052,0.5669815473522393,0.5693949328978735,0.1,2400000.0,0.5681886274106818,0.9240238291715945,0.43181137258931823,130154.25270302346,73952.16619499392,56202.08650802954,3123702.064872563,5423.093862625978,192714.5004716728
d_b_target,logreg,0.27732062323122714,0.02341753604501231,0.9483510696361052,0.5669815473522393,0.5693949328978735,0.1,24000000.0,0.5681886274106818,0.9240238291715945,0.43181137258931823,1301542.5270302342,739521.661949939,562020.8650802954,31237020.64872562,5423.093862625978,1927145.0047167276
d_b_target,logreg,0.27732062323122714,0.02341753604501231,0.9483510696361052,0.7465841709500812,0.7484406832492697,0.2,24000.0,0.7475135437098156,0.8438803336832789,0.2524864562901844,2225.944604467658,1663.9237393873627,562.0208650802954,53422.67050722379,9274.76918528191,4336.076260612637
d_b_target,logreg,0.27732062323122714,0.02341753604501231,0.9483510696361052,0.7465841709500812,0.7484406832492697,0.2,240000.0,0.7475135437098155,0.8438803336832789,0.2524864562901845,22259.44604467658,16639.237393873627,5620.208650802954,534226.7050722379,9274.76918528191,43360.76260612637
d_b_target,logreg,0.27732062323122714,0.02341753604501231,0.9483510696361052,0.7465841709500812,0.7484406832492697,0.2,2400000.0,0.7475135437098155,0.8438803336832787,0.2524864562901845,222594.46044676582,166392.37393873627,56202.08650802954,5342267.050722379,9274.76918528191,433607.6260612637
d_b_target,logreg,0.27732062323122714,0.02341753604501231,0.9483510696361052,0.7465841709500812,0.7484406832492697,0.2,24000000.0,0.7475135437098154,0.8438803336832789,0.2524864562901846,2225944.6044676583,1663923.7393873627,562020.8650802954,53422670.5072238,9274.76918528191,4336076.260612638
d_b_target,logreg,0.27732062323122714,0.02341753604501231,0.9483510696361052,0.9217792630626065,0.9224855614035967,0.5,24000.0,0.9221331403325429,0.574709818434477,0.0778668596674571,7217.715822629746,6655.694957549451,562.0208650802954,173225.1797431139,30073.815927623946,17344.30504245055
d_b_target,logreg,0.27732062323122714,0.02341753604501231,0.9483510696361052,0.9217792630626065,0.9224855614035967,0.5,240000.0,0.9221331403325428,0.574709818434477,0.07786685966745721,72177.15822629747,66556.94957549451,5620.208650802954,1732251.7974311393,30073.815927623946,173443.0504245055
d_b_target,logreg,0.27732062323122714,0.02341753604501231,0.9483510696361052,0.9217792630626065,0.9224855614035967,0.5,2400000.0,0.9221331403325429,0.574709818434477,0.0778668596674571,721771.5822629746,665569.4957549451,56202.08650802954,17322517.97431139,30073.815927623946,1734430.504245055
d_b_target,logreg,0.27732062323122714,0.02341753604501231,0.9483510696361052,0.9217792630626065,0.9224855614035967,0.5,24000000.0,0.9221331403325429,0.574709818434477,0.0778668596674571,7217715.822629746,6655694.957549451,562020.8650802954,173225179.7431139,30073.815927623946,17344305.04245055
d_b_target,majority,1.0,1.0,0.6070891339587743,9.999997398090343e-05,0.00010000004020228579,0.0001,24000.0,0.0001,,0.9999,24002.400240024002,2.4002400240024,24000.0,576057.6057605761,100010.0010001,0.0
d_b_target,majority,1.0,1.0,0.6070891339587743,9.999997398090343e-05,0.00010000004020228579,0.0001,240000.0,0.0001,,0.9999,240024.00240024002,24.002400240024002,240000.0,5760576.05760576,100010.0010001,0.0
d_b_target,majority,1.0,1.0,0.6070891339587743,9.999997398090343e-05,0.00010000004020228579,0.0001,2400000.0,0.0001,,0.9999,2400240.0240024,240.02400240024002,2400000.0,57605760.576057605,100010.0010001,0.0
d_b_target,majority,1.0,1.0,0.6070891339587743,9.999997398090343e-05,0.00010000004020228579,0.0001,24000000.0,9.999999999999999e-05,,0.9999,24002400.240024004,2400.2400240024003,24000000.0,576057605.7605761,100010.0010001,0.0
d_b_target,majority,1.0,1.0,0.6070891339587743,0.0004999998699565605,0.0005000002009310163,0.0005,24000.0,0.0005,,0.9995,24012.0060030015,12.00600300150075,24000.0,576288.144072036,100050.02501250626,0.0
d_b_target,majority,1.0,1.0,0.6070891339587743,0.0004999998699565605,0.0005000002009310163,0.0005,240000.0,0.0005,,0.9995,240120.060030015,120.0600300150075,240000.0,5762881.440720361,100050.02501250626,0.0
d_b_target,majority,1.0,1.0,0.6070891339587743,0.0004999998699565605,0.0005000002009310163,0.0005,2400000.0,0.0004999999999999999,,0.9995,2401200.60030015,1200.6003001500749,2400000.0,57628814.4072036,100050.02501250626,0.0
d_b_target,majority,1.0,1.0,0.6070891339587743,0.0004999998699565605,0.0005000002009310163,0.0005,24000000.0,0.0005,,0.9995,24012006.0030015,12006.00300150075,24000000.0,576288144.072036,100050.02501250626,0.0
d_b_target,majority,1.0,1.0,0.6070891339587743,0.0009999997400432295,0.001000000401661001,0.001,24000.0,0.001,,0.999,24024.024024024024,24.024024024024023,24000.0,576576.5765765766,100100.1001001001,0.0
d_b_target,majority,1.0,1.0,0.6070891339587743,0.0009999997400432295,0.001000000401661001,0.001,240000.0,0.001,,0.999,240240.24024024024,240.24024024024024,240000.0,5765765.765765766,100100.1001001001,0.0
d_b_target,majority,1.0,1.0,0.6070891339587743,0.0009999997400432295,0.001000000401661001,0.001,2400000.0,0.001,,0.999,2402402.4024024024,2402.4024024024025,2400000.0,57657657.65765765,100100.1001001001,0.0
d_b_target,majority,1.0,1.0,0.6070891339587743,0.0009999997400432295,0.001000000401661001,0.001,24000000.0,0.001,,0.999,24024024.024024025,24024.024024024024,24000000.0,576576576.5765766,100100.1001001001,0.0
d_b_target,majority,1.0,1.0,0.6070891339587743,0.001999999480606893,0.0020000008025178755,0.002,24000.0,0.002,,0.998,24048.096192384768,48.09619238476954,24000.0,577154.3086172345,100200.4008016032,0.0
d_b_target,majority,1.0,1.0,0.6070891339587743,0.001999999480606893,0.0020000008025178755,0.002,240000.0,0.002,,0.998,240480.9619238477,480.9619238476954,240000.0,5771543.086172345,100200.4008016032,0.0
d_b_target,majority,1.0,1.0,0.6070891339587743,0.001999999480606893,0.0020000008025178755,0.002,2400000.0,0.002,,0.998,2404809.6192384767,4809.619238476954,2400000.0,57715430.86172344,100200.4008016032,0.0
d_b_target,majority,1.0,1.0,0.6070891339587743,0.001999999480606893,0.0020000008025178755,0.002,24000000.0,0.002,,0.998,24048096.19238477,48096.192384769536,24000000.0,577154308.6172345,100200.4008016032,0.0
d_b_target,majority,1.0,1.0,0.6070891339587743,0.004999998705420485,0.00500000200026374,0.005,24000.0,0.005,,0.995,24120.603015075376,120.60301507537689,24000.0,578894.472361809,100502.51256281407,0.0
d_b_target,majority,1.0,1.0,0.6070891339587743,0.004999998705420485,0.00500000200026374,0.005,240000.0,0.005,,0.995,241206.03015075377,1206.0301507537688,240000.0,5788944.72361809,100502.51256281407,0.0
d_b_target,majority,1.0,1.0,0.6070891339587743,0.004999998705420485,0.00500000200026374,0.005,2400000.0,0.005,,0.995,2412060.3015075377,12060.301507537688,2400000.0,57889447.2361809,100502.51256281407,0.0
d_b_target,majority,1.0,1.0,0.6070891339587743,0.004999998705420485,0.00500000200026374,0.005,24000000.0,0.005,,0.995,24120603.015075378,120603.01507537688,24000000.0,578894472.361809,100502.51256281407,0.0
d_b_target,majority,1.0,1.0,0.6070891339587743,0.009999997423851817,0.010000003980424318,0.01,24000.0,0.01,,0.99,24242.424242424244,242.42424242424244,24000.0,581818.1818181819,101010.101010101,0.0
d_b_target,majority,1.0,1.0,0.6070891339587743,0.009999997423851817,0.010000003980424318,0.01,240000.0,0.01,,0.99,242424.24242424243,2424.2424242424245,240000.0,5818181.818181818,101010.101010101,0.0
d_b_target,majority,1.0,1.0,0.6070891339587743,0.009999997423851817,0.010000003980424318,0.01,2400000.0,0.01,,0.99,2424242.4242424243,24242.424242424244,2400000.0,58181818.18181819,101010.101010101,0.0
d_b_target,majority,1.0,1.0,0.6070891339587743,0.009999997423851817,0.010000003980424318,0.01,24000000.0,0.01,,0.99,24242424.242424242,242424.24242424243,24000000.0,581818181.8181818,101010.101010101,0.0
d_b_target,majority,1.0,1.0,0.6070891339587743,0.04999998763969293,0.05000001909799517,0.05,24000.0,0.049999999999999996,,0.95,25263.157894736843,1263.157894736842,24000.0,606315.7894736843,105263.15789473684,0.0
d_b_target,majority,1.0,1.0,0.6070891339587743,0.04999998763969293,0.05000001909799517,0.05,240000.0,0.05,,0.95,252631.57894736843,12631.578947368422,240000.0,6063157.894736842,105263.15789473684,0.0
d_b_target,majority,1.0,1.0,0.6070891339587743,0.04999998763969293,0.05000001909799517,0.05,2400000.0,0.05,,0.95,2526315.789473684,126315.78947368421,2400000.0,60631578.94736841,105263.15789473684,0.0
d_b_target,majority,1.0,1.0,0.6070891339587743,0.04999998763969293,0.05000001909799517,0.05,24000000.0,0.05000000000000001,,0.95,25263157.89473684,1263157.8947368423,24000000.0,606315789.4736842,105263.15789473684,0.0
d_b_target,majority,1.0,1.0,0.6070891339587743,0.09999997658047051,0.10000003618567432,0.1,24000.0,0.09999999999999999,,0.9,26666.666666666668,2666.6666666666665,24000.0,640000.0,111111.11111111111,0.0
d_b_target,majority,1.0,1.0,0.6070891339587743,0.09999997658047051,0.10000003618567432,0.1,240000.0,0.09999999999999998,,0.9,266666.6666666667,26666.666666666664,240000.0,6400000.0,111111.11111111111,0.0
d_b_target,majority,1.0,1.0,0.6070891339587743,0.09999997658047051,0.10000003618567432,0.1,2400000.0,0.10000000000000002,,0.9,2666666.6666666665,266666.6666666667,2400000.0,64000000.0,111111.11111111111,0.0
d_b_target,majority,1.0,1.0,0.6070891339587743,0.09999997658047051,0.10000003618567432,0.1,24000000.0,0.09999999999999999,,0.9,26666666.666666668,2666666.6666666665,24000000.0,640000000.0,111111.11111111111,0.0
d_b_target,majority,1.0,1.0,0.6070891339587743,0.19999995836527984,0.2000000643300851,0.2,24000.0,0.2,,0.8,30000.0,6000.0,24000.0,720000.0,125000.0,0.0
d_b_target,majority,1.0,1.0,0.6070891339587743,0.19999995836527984,0.2000000643300851,0.2,240000.0,0.2,,0.8,300000.0,60000.0,240000.0,7200000.0,125000.0,0.0
d_b_target,majority,1.0,1.0,0.6070891339587743,0.19999995836527984,0.2000000643300851,0.2,2400000.0,0.2,,0.8,3000000.0,600000.0,2400000.0,72000000.0,125000.0,0.0
d_b_target,majority,1.0,1.0,0.6070891339587743,0.19999995836527984,0.2000000643300851,0.2,24000000.0,0.2,,0.8,30000000.0,6000000.0,24000000.0,720000000.0,125000.0,0.0
d_b_target,majority,1.0,1.0,0.6070891339587743,0.4999999349457447,0.5000001005157458,0.5,24000.0,0.5,,0.5,48000.0,24000.0,24000.0,1152000.0,200000.0,0.0
d_b_target,majority,1.0,1.0,0.6070891339587743,0.4999999349457447,0.5000001005157458,0.5,240000.0,0.5,,0.5,480000.0,240000.0,240000.0,11520000.0,200000.0,0.0
d_b_target,majority,1.0,1.0,0.6070891339587743,0.4999999349457447,0.5000001005157458,0.5,2400000.0,0.5,,0.5,4800000.0,2400000.0,2400000.0,115200000.0,200000.0,0.0
d_b_target,majority,1.0,1.0,0.6070891339587743,0.4999999349457447,0.5000001005157458,0.5,24000000.0,0.5,,0.5,48000000.0,24000000.0,24000000.0,1152000000.0,200000.0,0.0
d_b_target,mlp,0.8780431021752942,0.8849274494700001,0.6050804741826229,9.91805898838776e-05,9.926368371501383e-05,0.0001,24000.0,9.922212106548533e-05,0.9998940180193745,0.9999007778789345,21240.366301476643,2.1075141966403703,21238.258787280003,509768.7912354394,88501.52625615268,0.29272582736203
d_b_target,mlp,0.8780431021752942,0.8849274494700001,0.6050804741826229,9.91805898838776e-05,9.926368371501383e-05,0.0001,240000.0,9.922212106548532e-05,0.9998940180193746,0.9999007778789345,212403.66301476644,21.075141966403702,212382.58787280004,5097687.912354395,88501.52625615268,2.9272582736203003
d_b_target,mlp,0.8780431021752942,0.8849274494700001,0.6050804741826229,9.91805898838776e-05,9.926368371501383e-05,0.0001,2400000.0,9.922212106548532e-05,0.9998940180193745,0.9999007778789345,2124036.6301476643,210.75141966403703,2123825.8787280004,50976879.12354395,88501.52625615268,29.272582736203002
d_b_target,mlp,0.8780431021752942,0.8849274494700001,0.6050804741826229,9.91805898838776e-05,9.926368371501383e-05,0.0001,24000000.0,9.922212106548531e-05,0.9998940180193746,0.9999007778789345,21240366.301476646,2107.5141966403703,21238258.787280004,509768791.23543954,88501.52625615268,292.72582736203003
d_b_target,mlp,0.8780431021752942,0.8849274494700001,0.6050804741826229,0.0004959045749788454,0.0004963198805149055,0.0005,24000.0,0.000496112149142568,0.9994701027774803,0.9995038878508574,21248.800575400168,10.541788120163613,21238.258787280003,509971.21380960406,88536.66906416736,1.4642148813371376
d_b_target,mlp,0.8780431021752942,0.8849274494700001,0.6050804741826229,0.0004959045749788454,0.0004963198805149055,0.0005,240000.0,0.000496112149142568,0.9994701027774804,0.9995038878508574,212488.00575400167,105.41788120163612,212382.58787280004,5099712.13809604,88536.66906416736,14.642148813371376
d_b_target,mlp,0.8780431021752942,0.8849274494700001,0.6050804741826229,0.0004959045749788454,0.0004963198805149055,0.0005,2400000.0,0.000496112149142568,0.9994701027774803,0.9995038878508574,2124880.0575400167,1054.1788120163612,2123825.8787280004,50997121.380960405,88536.66906416736,146.42148813371375
d_b_target,mlp,0.8780431021752942,0.8849274494700001,0.6050804741826229,0.0004959045749788454,0.0004963198805149055,0.0005,24000000.0,0.000496112149142568,0.9994701027774803,0.9995038878508574,21248800.57540017,10541.788120163614,21238258.787280004,509971213.80960405,88536.66906416736,1464.2148813371377
d_b_target,mlp,0.8780431021752942,0.8849274494700001,0.6050804741826229,0.0009918132138863076,0.0009926434159036246,0.001,24000.0,0.0009922281578500127,0.9989402372547733,0.99900777184215,21259.352915860793,21.09412858078785,21238.258787280003,510224.469980659,88580.63714941997,2.929895443236174
d_b_target,mlp,0.8780431021752942,0.8849274494700001,0.6050804741826229,0.0009918132138863076,0.0009926434159036246,0.001,240000.0,0.0009922281578500127,0.9989402372547733,0.99900777184215,212593.5291586079,210.9412858078785,212382.58787280004,5102244.69980659,88580.63714941997,29.298954432361743
d_b_target,mlp,0.8780431021752942,0.8849274494700001,0.6050804741826229,0.0009918132138863076,0.0009926434159036246,0.001,2400000.0,0.0009922281578500127,0.9989402372547731,0.99900777184215,2125935.291586079,2109.412858078785,2123825.8787280004,51022446.998065904,88580.63714941997,292.98954432361745
d_b_target,mlp,0.8780431021752942,0.8849274494700001,0.6050804741826229,0.0009918132138863076,0.0009926434159036246,0.001,24000000.0,0.0009922281578500127,0.9989402372547733,0.99900777184215,21259352.91586079,21094.12858078785,21238258.787280004,510224469.980659,88580.63714941997,2929.8954432361743
d_b_target,mlp,0.8780431021752942,0.8849274494700001,0.6050804741826229,0.001983642683686907,0.0019853014514639904,0.002,24000.0,0.0019844717541396893,0.9978806012974191,0.9980155282458603,21280.489317244344,42.23052996434281,21238.258787280003,510731.7436138643,88668.70548851811,5.865662420426729
d_b_target,mlp,0.8780431021752942,0.8849274494700001,0.6050804741826229,0.001983642683686907,0.0019853014514639904,0.002,240000.0,0.0019844717541396893,0.9978806012974191,0.9980155282458603,212804.89317244347,422.3052996434281,212382.58787280004,5107317.436138643,88668.70548851811,58.6566242042673
d_b_target,mlp,0.8780431021752942,0.8849274494700001,0.6050804741826229,0.001983642683686907,0.0019853014514639904,0.002,2400000.0,0.0019844717541396893,0.997880601297419,0.9980155282458603,2128048.9317244347,4223.05299643428,2123825.8787280004,51073174.36138643,88668.70548851811,586.5662420426729
d_b_target,mlp,0.8780431021752942,0.8849274494700001,0.6050804741826229,0.001983642683686907,0.0019853014514639904,0.002,24000000.0,0.0019844717541396893,0.997880601297419,0.9980155282458603,21280489.317244347,42230.52996434281,21238258.787280004,510731743.6138643,88668.70548851811,5865.662420426729
d_b_target,mlp,0.8780431021752942,0.8849274494700001,0.6050804741826229,0.004959228632571093,0.004963363279315381,0.005,24000.0,0.004961295177249972,0.994702453925103,0.99503870482275,21344.153432768482,105.8946454884777,21238.258787280003,512259.6823864436,88933.97263653534,14.708369586899186
d_b_target,mlp,0.8780431021752942,0.8849274494700001,0.6050804741826229,0.004959228632571093,0.004963363279315381,0.005,240000.0,0.004961295177249972,0.994702453925103,0.99503870482275,213441.5343276848,1058.946454884777,212382.58787280004,5122596.823864436,88933.97263653534,147.08369586899187
d_b_target,mlp,0.8780431021752942,0.8849274494700001,0.6050804741826229,0.004959228632571093,0.004963363279315381,0.005,2400000.0,0.004961295177249972,0.994702453925103,0.99503870482275,2134415.343276848,10589.464548847769,2123825.8787280004,51225968.238644354,88933.97263653534,1470.8369586899187
d_b_target,mlp,0.8780431021752942,0.8849274494700001,0.6050804741826229,0.004959228632571093,0.004963363279315381,0.005,24000000.0,0.004961295177249971,0.9947024539251029,0.99503870482275,21344153.432768483,105894.64548847769,21238258.787280004,512259682.3864436,88933.97263653534,14708.369586899187
d_b_target,mlp,0.8780431021752942,0.8849274494700001,0.6050804741826229,0.009918863702967826,0.009927092082349187,0.01,24000.0,0.009922976351525914,0.9894080752729479,0.990077023648474,21451.11772114068,212.8589338606774,21238.258787280003,514826.82530737633,89379.6571714195,29.565308563565033
d_b_target,mlp,0.8780431021752942,0.8849274494700001,0.6050804741826229,0.009918863702967826,0.009927092082349187,0.01,240000.0,0.009922976351525913,0.9894080752729479,0.990077023648474,214511.17721140682,2128.589338606774,212382.58787280004,5148268.253073763,89379.6571714195,295.65308563565037
d_b_target,mlp,0.8780431021752942,0.8849274494700001,0.6050804741826229,0.009918863702967826,0.009927092082349187,0.01,2400000.0,0.00992297635152591,0.9894080752729479,0.990077023648474,2145111.7721140683,21285.89338606774,2123825.8787280004,51482682.53073764,89379.6571714195,2956.5308563565036
d_b_target,mlp,0.8780431021752942,0.8849274494700001,0.6050804741826229,0.009918863702967826,0.009927092082349187,0.01,24000000.0,0.009922976351525913,0.9894080752729479,0.990077023648474,21451117.721140683,212858.9338606774,21238258.787280004,514826825.3073764,89379.6571714195,29565.30856356503
d_b_target,mlp,0.8780431021752942,0.8849274494700001,0.6050804741826229,0.049610582025623656,0.04965008620728757,0.05,24000.0,0.049630327045969126,0.947166733201221,0.9503696729540309,22347.365863711955,1109.1070764319506,21238.258787280003,536336.780729087,93114.02443213314,154.0508183048915
d_b_target,mlp,0.8780431021752942,0.8849274494700001,0.6050804741826229,0.049610582025623656,0.04965008620728757,0.05,240000.0,0.04963032704596913,0.947166733201221,0.9503696729540309,223473.65863711954,11091.070764319507,212382.58787280004,5363367.807290869,93114.02443213314,1540.5081830489148
d_b_target,mlp,0.8780431021752942,0.8849274494700001,0.6050804741826229,0.049610582025623656,0.04965008620728757,0.05,2400000.0,0.049630327045969126,0.947166733201221,0.9503696729540309,2234736.5863711955,110910.70764319507,2123825.8787280004,53633678.07290869,93114.02443213314,15405.081830489149
d_b_target,mlp,0.8780431021752942,0.8849274494700001,0.6050804741826229,0.049610582025623656,0.04965008620728757,0.05,24000000.0,0.049630327045969126,0.947166733201221,0.9503696729540309,22347365.863711957,1109107.0764319508,21238258.787280004,536336780.729087,93114.02443213314,154050.8183048915
d_b_target,mlp,0.8780431021752942,0.8849274494700001,0.6050804741826229,0.09926185284036936,0.09933676115441863,0.1,24000.0,0.09929929436928843,0.8946476677342132,0.9007007056307116,23579.707059747456,2341.4482724674513,21238.258787280003,565912.969433939,98248.7794156144,325.2183941992153
d_b_target,mlp,0.8780431021752942,0.8849274494700001,0.6050804741826229,0.09926185284036936,0.09933676115441863,0.1,240000.0,0.09929929436928843,0.8946476677342132,0.9007007056307116,235797.07059747455,23414.48272467451,212382.58787280004,5659129.694339389,98248.7794156144,3252.183941992153
d_b_target,mlp,0.8780431021752942,0.8849274494700001,0.6050804741826229,0.09926185284036936,0.09933676115441863,0.1,2400000.0,0.09929929436928844,0.8946476677342133,0.9007007056307116,2357970.7059747456,234144.82724674515,2123825.8787280004,56591296.94339389,98248.7794156144,32521.839419921536
d_b_target,mlp,0.8780431021752942,0.8849274494700001,0.6050804741826229,0.09926185284036936,0.09933676115441863,0.1,24000000.0,0.09929929436928842,0.8946476677342132,0.9007007056307116,23579707.059747458,2341448.272467451,21238258.787280004,565912969.433939,98248.7794156144,325218.39419921534
d_b_target,mlp,0.8780431021752942,0.8849274494700001,0.6050804741826229,0.19868666123034276,0.19882003916801083,0.2,24000.0,0.198753330491686,0.7905409956764272,0.801246669508314,26506.51740033177,5268.258613051766,21238.258787280003,636156.4176079625,110443.82250138237,731.7413869482345
d_b_target,mlp,0.8780431021752942,0.8849274494700001,0.6050804741826229,0.19868666123034276,0.19882003916801083,0.2,240000.0,0.19875333049168595,0.7905409956764272,0.801246669508314,265065.1740033177,52682.58613051765,212382.58787280004,6361564.176079625,110443.82250138237,7317.413869482345
d_b_target,mlp,0.8780431021752942,0.8849274494700001,0.6050804741826229,0.19868666123034276,0.19882003916801083,0.2,2400000.0,0.198753330491686,0.7905409956764271,0.801246669508314,2650651.7400331767,526825.8613051765,2123825.8787280004,63615641.76079624,110443.82250138237,73174.13869482346
d_b_target,mlp,0.8780431021752942,0.8849274494700001,0.6050804741826229,0.19868666123034276,0.19882003916801083,0.2,24000000.0,0.198753330491686,0.7905409956764272,0.801246669508314,26506517.40033177,5268258.613051766,21238258.787280004,636156417.6079625,110443.82250138237,731741.3869482345
d_b_target,mlp,0.8780431021752942,0.8849274494700001,0.6050804741826229,0.49794284240085385,0.4981522231293915,0.5,24000.0,0.49804751494904975,0.4854778650026563,0.5019524850509502,42311.293239487066,21073.034452207063,21238.258787280003,1015471.0377476895,176297.05516452942,2926.965547792938
d_b_target,mlp,0.8780431021752942,0.8849274494700001,0.6050804741826229,0.49794284240085385,0.4981522231293915,0.5,240000.0,0.4980475149490497,0.48547786500265633,0.5019524850509502,423112.9323948707,210730.3445220706,212382.58787280004,10154710.377476897,176297.05516452942,29269.65547792938
d_b_target,mlp,0.8780431021752942,0.8849274494700001,0.6050804741826229,0.49794284240085385,0.4981522231293915,0.5,2400000.0,0.4980475149490497,0.4854778650026563,0.5019524850509502,4231129.3239487065,2107303.445220706,2123825.8787280004,101547103.77476895,176297.05516452942,292696.55477929383
d_b_target,mlp,0.8780431021752942,0.8849274494700001,0.6050804741826229,0.49794284240085385,0.4981522231293915,0.5,24000000.0,0.49804751494904975,0.48547786500265633,0.5019524850509502,42311293.23948707,21073034.452207062,21238258.787280004,1015471037.7476896,176297.05516452942,2926965.547792938
d_b_target,rf,0.7027819435808024,0.5410131327762614,0.6699587062015468,0.00012977832550830704,0.00013001620889221456,0.0001,24000.0,0.0001298972035407667,0.9999352424756803,0.9998701027964593,12986.002031979404,1.6868453491288387,12984.315186630274,311664.0487675057,54108.341799914175,0.7133946748735617
d_b_target,rf,0.7027819435808024,0.5410131327762614,0.6699587062015468,0.00012977832550830704,0.00013001620889221456,0.0001,240000.0,0.0001298972035407667,0.9999352424756802,0.9998701027964593,129860.02031979403,16.868453491288385,129843.15186630274,3116640.487675057,54108.341799914175,7.1339467487356165
d_b_target,rf,0.7027819435808024,0.5410131327762614,0.6699587062015468,0.00012977832550830704,0.00013001620889221456,0.0001,2400000.0,0.00012989720354076673,0.9999352424756803,0.9998701027964593,1298600.2031979403,168.68453491288386,1298431.5186630273,31166404.876750566,54108.341799914175,71.33946748735616
d_b_target,rf,0.7027819435808024,0.5410131327762614,0.6699587062015468,0.00012977832550830704,0.00013001620889221456,0.0001,24000000.0,0.00012989720354076673,0.9999352424756803,0.9998701027964593,12986002.031979403,1686.8453491288387,12984315.186630273,311664048.76750565,54108.341799914175,713.3946748735617
d_b_target,rf,0.7027819435808024,0.5410131327762614,0.6699587062015468,0.0006488143373943869,0.0006500029941534297,0.0005,24000.0,0.000649408347962619,0.9996761667230901,0.9993505916520374,12992.752788754306,8.437602124031644,12984.315186630274,311826.06693010335,54136.469953142936,3.568400877469106
d_b_target,rf,0.7027819435808024,0.5410131327762614,0.6699587062015468,0.0006488143373943869,0.0006500029941534297,0.0005,240000.0,0.000649408347962619,0.9996761667230901,0.9993505916520374,129927.52788754305,84.37602124031643,129843.15186630274,3118260.669301033,54136.469953142936,35.68400877469106
d_b_target,rf,0.7027819435808024,0.5410131327762614,0.6699587062015468,0.0006488143373943869,0.0006500029941534297,0.0005,2400000.0,0.0006494083479626189,0.9996761667230901,0.9993505916520374,1299275.2788754306,843.7602124031644,1298431.5186630273,31182606.693010334,54136.469953142936,356.84008774691057
d_b_target,rf,0.7027819435808024,0.5410131327762614,0.6699587062015468,0.0006488143373943869,0.0006500029941534297,0.0005,24000000.0,0.000649408347962619,0.9996761667230902,0.9993505916520374,12992752.788754305,8437.602124031644,12984315.186630273,311826066.9301033,54136.469953142936,3568.400877469106
d_b_target,rf,0.7027819435808024,0.5410131327762614,0.6699587062015468,0.0012974355011975557,0.0012998109152412072,0.001,24000.0,0.0012986225738108007,0.9993522192716848,0.9987013774261893,13001.19883692651,16.88365029623549,12984.315186630274,312028.7720862362,54171.66182052712,7.140373727788531
d_b_target,rf,0.7027819435808024,0.5410131327762614,0.6699587062015468,0.0012974355011975557,0.0012998109152412072,0.001,240000.0,0.0012986225738108007,0.9993522192716848,0.9987013774261893,130011.98836926509,168.83650296235493,129843.15186630274,3120287.720862362,54171.66182052712,71.40373727788531
d_b_target,rf,0.7027819435808024,0.5410131327762614,0.6699587062015468,0.0012974355011975557,0.0012998109152412072,0.001,2400000.0,0.0012986225738108009,0.9993522192716848,0.9987013774261893,1300119.8836926508,1688.3650296235494,1298431.5186630273,31202877.208623618,54171.66182052712,714.0373727788532
d_b_target,rf,0.7027819435808024,0.5410131327762614,0.6699587062015468,0.0012974355011975557,0.0012998109152412072,0.001,24000000.0,0.0012986225738108009,0.9993522192716848,0.9987013774261893,13001198.836926509,16883.650296235493,12984315.186630273,312028772.08623624,54171.66182052712,7140.373727788531
d_b_target,rf,0.7027819435808024,0.5410131327762614,0.6699587062015468,0.002594098653012714,0.002598841889375887,0.002,24000.0,0.0025964690072234464,0.9987039816037745,0.9974035309927766,13018.116322193278,33.80113556300452,12984.315186630274,312434.79173263867,54242.151342471996,14.295056821765016
d_b_target,rf,0.7027819435808024,0.5410131327762614,0.6699587062015468,0.002594098653012714,0.002598841889375887,0.002,240000.0,0.002596469007223446,0.9987039816037745,0.9974035309927766,130181.16322193279,338.0113556300452,129843.15186630274,3124347.917326387,54242.151342471996,142.95056821765016
d_b_target,rf,0.7027819435808024,0.5410131327762614,0.6699587062015468,0.002594098653012714,0.002598841889375887,0.002,2400000.0,0.0025964690072234464,0.9987039816037746,0.9974035309927766,1301811.6322193278,3380.1135563004523,1298431.5186630273,31243479.17326387,54242.151342471996,1429.5056821765015
d_b_target,rf,0.7027819435808024,0.5410131327762614,0.6699587062015468,0.002594098653012714,0.002598841889375887,0.002,24000000.0,0.0025964690072234464,0.9987039816037745,0.9974035309927766,13018116.322193278,33801.13556300452,12984315.186630273,312434791.73263866,54242.151342471996,14295.056821765016
d_b_target,rf,0.7027819435808024,0.5410131327762614,0.6699587062015468,0.006479460902580176,0.0064912621787890454,0.005,24000.0,0.006485358416911687,0.9967565221225255,0.9935146415830883,13069.072807966651,84.75762133637818,12984.315186630274,313657.74739119963,54454.47003319438,35.84539373899871
d_b_target,rf,0.7027819435808024,0.5410131327762614,0.6699587062015468,0.006479460902580176,0.0064912621787890454,0.005,240000.0,0.006485358416911686,0.9967565221225254,0.9935146415830883,130690.72807966651,847.5762133637817,129843.15186630274,3136577.4739119965,54454.47003319438,358.45393738998706
d_b_target,rf,0.7027819435808024,0.5410131327762614,0.6699587062015468,0.006479460902580176,0.0064912621787890454,0.005,2400000.0,0.006485358416911687,0.9967565221225255,0.9935146415830883,1306907.2807966652,8475.762133637818,1298431.5186630273,31365774.739119966,54454.47003319438,3584.539373899871
d_b_target,rf,0.7027819435808024,0.5410131327762614,0.6699587062015468,0.006479460902580176,0.0064912621787890454,0.005,24000000.0,0.006485358416911687,0.9967565221225255,0.9935146415830883,13069072.807966651,84757.62133637817,12984315.186630273,313657747.39119965,54454.47003319438,35845.39373899871
d_b_target,rf,0.7027819435808024,0.5410131327762614,0.6699587062015468,0.012939681852002696,0.012963095840445554,0.01,24000.0,0.012951382717913126,0.9935015722529914,0.9870486172820869,13154.686566892287,170.3713802620127,12984.315186630274,315712.4776054149,54811.19402871786,72.05286216222973
d_b_target,rf,0.7027819435808024,0.5410131327762614,0.6699587062015468,0.012939681852002696,0.012963095840445554,0.01,240000.0,0.012951382717913126,0.9935015722529913,0.9870486172820869,131546.86566892287,1703.7138026201271,129843.15186630274,3157124.7760541486,54811.19402871786,720.5286216222974
d_b_target,rf,0.7027819435808024,0.5410131327762614,0.6699587062015468,0.012939681852002696,0.012963095840445554,0.01,2400000.0,0.012951382717913127,0.9935015722529914,0.9870486172820869,1315468.6566892285,17037.13802620127,1298431.5186630273,31571247.760541484,54811.19402871786,7205.286216222973
d_b_target,rf,0.7027819435808024,0.5410131327762614,0.6699587062015468,0.012939681852002696,0.012963095840445554,0.01,24000000.0,0.012951382717913126,0.9935015722529913,0.9870486172820869,13154686.566892287,170371.3802620127,12984315.186630273,315712477.60541487,54811.19402871786,72052.86216222974
d_b_target,rf,0.7027819435808024,0.5410131327762614,0.6699587062015468,0.06393897394150234,0.06404868169788425,0.05,24000.0,0.06399380166916188,0.967041573131523,0.9360061983308381,13872.039746942866,887.7245603125924,12984.315186630274,332928.9539266288,57800.165612261946,375.4333344242496
d_b_target,rf,0.7027819435808024,0.5410131327762614,0.6699587062015468,0.06393897394150234,0.06404868169788425,0.05,240000.0,0.0639938016691619,0.967041573131523,0.9360061983308381,138720.39746942866,8877.245603125924,129843.15186630274,3329289.539266288,57800.165612261946,3754.3333442424964
d_b_target,rf,0.7027819435808024,0.5410131327762614,0.6699587062015468,0.06393897394150234,0.06404868169788425,0.05,2400000.0,0.0639938016691619,0.9670415731315231,0.9360061983308381,1387203.9746942865,88772.45603125925,1298431.5186630273,33292895.392662875,57800.165612261946,37543.33344242496
d_b_target,rf,0.7027819435808024,0.5410131327762614,0.6699587062015468,0.06393897394150234,0.06404868169788425,0.05,24000000.0,0.0639938016691619,0.967041573131523,0.9360061983308381,13872039.746942867,887724.5603125925,12984315.186630273,332928953.9266288,57800.165612261946,375433.33442424965
d_b_target,rf,0.7027819435808024,0.5410131327762614,0.6699587062015468,0.126028777519091,0.12623065363426983,0.1,24000.0,0.12612967320005247,0.9328790980962602,0.8738703267999475,14858.400369512414,1874.0851828821396,12984.315186630274,356601.60886829795,61910.00153963506,792.581483784527
d_b_target,rf,0.7027819435808024,0.5410131327762614,0.6699587062015468,0.126028777519091,0.12623065363426983,0.1,240000.0,0.1261296732000525,0.9328790980962602,0.8738703267999475,148584.00369512412,18740.851828821396,129843.15186630274,3566016.088682979,61910.00153963506,7925.81483784527
d_b_target,rf,0.7027819435808024,0.5410131327762614,0.6699587062015468,0.126028777519091,0.12623065363426983,0.1,2400000.0,0.1261296732000525,0.9328790980962602,0.8738703267999475,1485840.0369512413,187408.518288214,1298431.5186630273,35660160.88682979,61910.00153963506,79258.14837845271
d_b_target,rf,0.7027819435808024,0.5410131327762614,0.6699587062015468,0.126028777519091,0.12623065363426983,0.1,24000000.0,0.12612967320005247,0.9328790980962602,0.8738703267999475,14858400.369512413,1874085.1828821395,12984315.186630273,356601608.86829793,61910.00153963506,792581.4837845269
d_b_target,rf,0.7027819435808024,0.5410131327762614,0.6699587062015468,0.24497273199448388,0.24531165714517966,0.2,24000.0,0.24514214189426276,0.8606680762031225,0.7548578581057372,17201.00684811509,4216.691661484814,12984.315186630274,412824.1643547621,71670.8618671462,1783.3083385151858
d_b_target,rf,0.7027819435808024,0.5410131327762614,0.6699587062015468,0.24497273199448388,0.24531165714517966,0.2,240000.0,0.24514214189426276,0.8606680762031225,0.7548578581057372,172010.0684811509,42166.916614848145,129843.15186630274,4128241.6435476216,71670.8618671462,17833.08338515186
d_b_target,rf,0.7027819435808024,0.5410131327762614,0.6699587062015468,0.24497273199448388,0.24531165714517966,0.2,2400000.0,0.24514214189426276,0.8606680762031225,0.7548578581057372,1720100.6848115087,421669.1661484814,1298431.5186630273,41282416.43547621,71670.8618671462,178330.83385151858
d_b_target,rf,0.7027819435808024,0.5410131327762614,0.6699587062015468,0.24497273199448388,0.24531165714517966,0.2,24000000.0,0.24514214189426278,0.8606680762031225,0.7548578581057372,17201006.848115087,4216691.661484814,12984315.186630273,412824164.3547621,71670.8618671462,1783308.3385151858
d_b_target,rf,0.7027819435808024,0.5410131327762614,0.6699587062015468,0.5648052630069262,0.5652554068711874,0.5,24000.0,0.5650303309120437,0.6069609610747024,0.4349696690879563,29851.08183256953,16866.766645939257,12984.315186630274,716425.9639816687,124379.50763570637,7133.233354060743
d_b_target,rf,0.7027819435808024,0.5410131327762614,0.6699587062015468,0.5648052630069262,0.5652554068711874,0.5,240000.0,0.5650303309120437,0.6069609610747024,0.4349696690879563,298510.81832569535,168667.66645939258,129843.15186630274,7164259.639816688,124379.50763570637,71332.33354060743
d_b_target,rf,0.7027819435808024,0.5410131327762614,0.6699587062015468,0.5648052630069262,0.5652554068711874,0.5,2400000.0,0.5650303309120437,0.6069609610747025,0.4349696690879563,2985108.183256953,1686676.6645939257,1298431.5186630273,71642596.39816687,124379.50763570637,713323.3354060743
d_b_target,rf,0.7027819435808024,0.5410131327762614,0.6699587062015468,0.5648052630069262,0.5652554068711874,0.5,24000000.0,0.5650303309120437,0.6069609610747025,0.4349696690879563,29851081.832569532,16866766.645939257,12984315.186630273,716425963.9816687,124379.50763570637,7133233.354060743
d_b_target,stratified,0.9347457776368856,0.9346540767285697,0.6071124193655232,9.997957788258583e-05,0.00010004006591203116,0.0001,24000.0,0.00010000981023242806,0.9999001403174773,0.9998999901897676,22433.941455713422,2.2436142277513005,22431.69784148567,538414.5949371222,93474.7560654726,0.15662579625109968
d_b_target,stratified,0.9347457776368856,0.9346540767285697,0.6071124193655232,9.997957788258583e-05,0.00010004006591203116,0.0001,240000.0,0.00010000981023242806,0.9999001403174773,0.9998999901897676,224339.41455713427,22.436142277513007,224316.97841485674,5384145.949371222,93474.7560654726,1.5662579625109967
d_b_target,stratified,0.9347457776368856,0.9346540767285697,0.6071124193655232,9.997957788258583e-05,0.00010004006591203116,0.0001,2400000.0,0.00010000981023242805,0.9999001403174773,0.9998999901897676,2243394.1455713427,224.36142277513005,2243169.7841485674,53841459.493712224,93474.7560654726,15.662579625109966
d_b_target,stratified,0.9347457776368856,0.9346540767285697,0.6071124193655232,9.997957788258583e-05,0.00010004006591203116,0.0001,24000000.0,0.00010000981023242808,0.9999001403174774,0.9998999901897676,22433941.455713425,2243.614227751301,22431697.84148567,538414594.9371222,93474.7560654726,156.62579625109967
d_b_target,stratified,0.9347457776368856,0.9346540767285697,0.6071124193655232,0.0004998979302529101,0.0005002002493882218,0.0005,24000.0,0.0005000490315377889,0.9995007013071174,0.9994999509684622,22442.92040209762,11.2225606119486,22431.69784148567,538630.0896503429,93512.16834207342,0.7834423895521488
d_b_target,stratified,0.9347457776368856,0.9346540767285697,0.6071124193655232,0.0004998979302529101,0.0005002002493882218,0.0005,240000.0,0.000500049031537789,0.9995007013071174,0.9994999509684622,224429.20402097623,112.22560611948602,224316.97841485674,5386300.89650343,93512.16834207342,7.834423895521488
d_b_target,stratified,0.9347457776368856,0.9346540767285697,0.6071124193655232,0.0004998979302529101,0.0005002002493882218,0.0005,2400000.0,0.0005000490315377889,0.9995007013071175,0.9994999509684622,2244292.0402097623,1122.25606119486,2243169.7841485674,53863008.96503429,93512.16834207342,78.34423895521488
d_b_target,stratified,0.9347457776368856,0.9346540767285697,0.6071124193655232,0.0004998979302529101,0.0005002002493882218,0.0005,24000000.0,0.000500049031537789,0.9995007013071174,0.9994999509684622,22442920.40209762,11222.560611948602,22431697.84148567,538630089.650343,93512.16834207342,783.4423895521489
d_b_target,stratified,0.9347457776368856,0.9346540767285697,0.6071124193655232,0.0009997959626057912,0.0010004002983466812,0.001,24000.0,0.001000098014014704,0.9990014019135606,0.9989999019859853,22454.154196503976,22.456355018303558,22431.69784148567,538899.7007160954,93558.97581876656,1.567669005720466
d_b_target,stratified,0.9347457776368856,0.9346540767285697,0.6071124193655232,0.0009997959626057912,0.0010004002983466812,0.001,240000.0,0.001000098014014704,0.9990014019135607,0.9989999019859853,224541.54196503977,224.56355018303557,224316.97841485674,5388997.007160954,93558.97581876656,15.676690057204661
d_b_target,stratified,0.9347457776368856,0.9346540767285697,0.6071124193655232,0.0009997959626057912,0.0010004002983466812,0.001,2400000.0,0.001000098014014704,0.9990014019135606,0.9989999019859853,2245415.4196503977,2245.6355018303557,2243169.7841485674,53889970.07160954,93558.97581876656,156.7669005720466
d_b_target,stratified,0.9347457776368856,0.9346540767285697,0.6071124193655232,0.0009997959626057912,0.0010004002983466812,0.001,24000000.0,0.0010000980140147042,0.9990014019135607,0.9989999019859853,22454154.196503974,22456.35501830356,22431697.84148567,538899700.7160954,93558.97581876656,1567.669005720466
d_b_target,stratified,0.9347457776368856,0.9346540767285697,0.6071124193655232,0.001999592333611592,0.0020007997949747936,0.002,24000.0,0.0020001958317859407,0.9980028010244182,0.9979998041682141,22476.655554237746,44.957712752074656,22431.69784148567,539439.7333017059,93652.73147599061,3.1384796326948807
d_b_target,stratified,0.9347457776368856,0.9346540767285697,0.6071124193655232,0.001999592333611592,0.0020007997949747936,0.002,240000.0,0.0020001958317859407,0.9980028010244182,0.9979998041682141,224766.5555423775,449.5771275207466,224316.97841485674,5394397.33301706,93652.73147599061,31.38479632694881
d_b_target,stratified,0.9347457776368856,0.9346540767285697,0.6071124193655232,0.001999592333611592,0.0020007997949747936,0.002,2400000.0,0.0020001958317859407,0.9980028010244182,0.9979998041682141,2247665.5554237748,4495.771275207466,2243169.7841485674,53943973.330170594,93652.73147599061,313.8479632694881
d_b_target,stratified,0.9347457776368856,0.9346540767285697,0.6071124193655232,0.001999592333611592,0.0020007997949747936,0.002,24000000.0,0.002000195831785941,0.9980028010244181,0.9979998041682141,22476655.554237746,44957.71275207466,22431697.84148567,539439733.3017058,93652.73147599061,3138.479632694881
d_b_target,stratified,0.9347457776368856,0.9346540767285697,0.6071124193655232,0.004998983897031551,0.005001993474557357,0.005,24000.0,0.005000488107639427,0.9950069815406548,0.9949995118923606,22544.43100059766,112.73315911198621,22431.69784148567,541066.3440143438,93935.1291691569,7.869855963390681
d_b_target,stratified,0.9347457776368856,0.9346540767285697,0.6071124193655232,0.004998983897031551,0.005001993474557357,0.005,240000.0,0.005000488107639425,0.9950069815406547,0.9949995118923606,225444.31000597661,1127.331591119862,224316.97841485674,5410663.440143439,93935.1291691569,78.69855963390681
d_b_target,stratified,0.9347457776368856,0.9346540767285697,0.6071124193655232,0.004998983897031551,0.005001993474557357,0.005,2400000.0,0.005000488107639426,0.9950069815406547,0.9949995118923606,2254443.100059766,11273.31591119862,2243169.7841485674,54106634.40143438,93935.1291691569,786.9855963390681
d_b_target,stratified,0.9347457776368856,0.9346540767285697,0.6071124193655232,0.004998983897031551,0.005001993474557357,0.005,24000000.0,0.005000488107639426,0.9950069815406547,0.9949995118923606,22544431.00059766,112733.1591119862,22431697.84148567,541066344.0143439,93935.1291691569,7869.855963390682
d_b_target,stratified,0.9347457776368856,0.9346540767285697,0.6071124193655232,0.009997978004088358,0.010003966906246874,0.01,24000.0,0.010000971309197951,0.9900138930125537,0.989999028690802,22658.302878488554,226.60503700288137,22431.69784148567,543799.2690837253,94409.59532703564,15.819205421361067
d_b_target,stratified,0.9347457776368856,0.9346540767285697,0.6071124193655232,0.009997978004088358,0.010003966906246874,0.01,240000.0,0.01000097130919795,0.9900138930125537,0.989999028690802,226583.02878488557,2266.0503700288136,224316.97841485674,5437992.690837254,94409.59532703564,158.19205421361067
d_b_target,stratified,0.9347457776368856,0.9346540767285697,0.6071124193655232,0.009997978004088358,0.010003966906246874,0.01,2400000.0,0.010000971309197951,0.9900138930125538,0.989999028690802,2265830.2878488554,22660.503700288136,2243169.7841485674,54379926.90837253,94409.59532703564,1581.9205421361069
d_b_target,stratified,0.9347457776368856,0.9346540767285697,0.6071124193655232,0.009997978004088358,0.010003966906246874,0.01,24000000.0,0.010000971309197953,0.9900138930125537,0.989999028690802,22658302.87848855,226605.03700288138,22431697.84148567,543799269.0837252,94409.59532703564,15819.205421361066
d_b_target,stratified,0.9347457776368856,0.9346540767285697,0.6071124193655232,0.049990298425205575,0.0500190328309766,0.05,24000.0,0.05000466030362008,0.9500666621355373,0.94999533969638,23612.429350079634,1180.7315085939608,22431.69784148567,566698.3044019112,98385.12229199847,82.42638614288134
d_b_target,stratified,0.9347457776368856,0.9346540767285697,0.6071124193655232,0.049990298425205575,0.0500190328309766,0.05,240000.0,0.05000466030362008,0.9500666621355373,0.94999533969638,236124.29350079634,11807.315085939608,224316.97841485674,5666983.044019112,98385.12229199847,824.2638614288135
d_b_target,stratified,0.9347457776368856,0.9346540767285697,0.6071124193655232,0.049990298425205575,0.0500190328309766,0.05,2400000.0,0.05000466030362008,0.9500666621355373,0.94999533969638,2361242.9350079633,118073.15085939608,2243169.7841485674,56669830.44019112,98385.12229199847,8242.638614288135
d_b_target,stratified,0.9347457776368856,0.9346540767285697,0.6071124193655232,0.049990298425205575,0.0500190328309766,0.05,24000000.0,0.05000466030362009,0.9500666621355373,0.94999533969638,23612429.350079633,1180731.508593961,22431697.84148567,566698304.4019113,98385.12229199847,82426.38614288135
d_b_target,stratified,0.9347457776368856,0.9346540767285697,0.6071124193655232,0.09998161788108897,0.10003606148358501,0.1,24000.0,0.10000883000564803,0.9001263160678588,0.8999911699943519,24924.353248517367,2492.6554070316947,22431.69784148567,598184.4779644168,103851.47186882235,174.01125963497174
d_b_target,stratified,0.9347457776368856,0.9346540767285697,0.6071124193655232,0.09998161788108897,0.10003606148358501,0.1,240000.0,0.10000883000564802,0.9001263160678588,0.899991169994352,249243.5324851737,24926.554070316946,224316.97841485674,5981844.779644169,103851.47186882235,1740.1125963497173
d_b_target,stratified,0.9347457776368856,0.9346540767285697,0.6071124193655232,0.09998161788108897,0.10003606148358501,0.1,2400000.0,0.10000883000564804,0.9001263160678588,0.8999911699943519,2492435.324851737,249265.5407031695,2243169.7841485674,59818447.79644169,103851.47186882235,17401.125963497176
d_b_target,stratified,0.9347457776368856,0.9346540767285697,0.6071124193655232,0.09998161788108897,0.10003606148358501,0.1,24000000.0,0.10000883000564804,0.9001263160678586,0.8999911699943519,24924353.248517368,2492655.407031695,22431697.84148567,598184477.9644169,103851.47186882235,174011.25963497174
d_b_target,stratified,0.9347457776368856,0.9346540767285697,0.6071124193655232,0.19996732001001655,0.20006410673550226,0.2,24000.0,0.20001569763380744,0.8002245934203687,0.7999843023661926,28040.172507306983,5608.4746658213135,22431.69784148567,672964.1401753676,116834.0521137791,391.5253341786864
d_b_target,stratified,0.9347457776368856,0.9346540767285697,0.6071124193655232,0.19996732001001655,0.20006410673550226,0.2,240000.0,0.20001569763380742,0.8002245934203686,0.7999843023661926,280401.72507306986,56084.74665821314,224316.97841485674,6729641.401753677,116834.0521137791,3915.253341786864
d_b_target,stratified,0.9347457776368856,0.9346540767285697,0.6071124193655232,0.19996732001001655,0.20006410673550226,0.2,2400000.0,0.2000156976338074,0.8002245934203686,0.7999843023661926,2804017.250730699,560847.4665821313,2243169.7841485674,67296414.01753677,116834.0521137791,39152.53341786864
d_b_target,stratified,0.9347457776368856,0.9346540767285697,0.6071124193655232,0.19996732001001655,0.20006410673550226,0.2,24000000.0,0.20001569763380742,0.8002245934203686,0.7999843023661926,28040172.507306986,5608474.665821314,22431697.84148567,672964140.1753676,116834.0521137791,391525.3341786864
d_b_target,stratified,0.9347457776368856,0.9346540767285697,0.6071124193655232,0.49994893438660637,0.5001001547356101,0.5,24000.0,0.5000245268309244,0.50035107506148,0.49997547316907565,44865.596504770925,22433.898663285254,22431.69784148567,1076774.3161145023,186939.9854365455,1566.1013367147457
d_b_target,stratified,0.9347457776368856,0.9346540767285697,0.6071124193655232,0.49994893438660637,0.5001001547356101,0.5,240000.0,0.5000245268309244,0.50035107506148,0.49997547316907565,448655.9650477093,224338.98663285255,224316.97841485674,10767743.161145024,186939.9854365455,15661.013367147456
d_b_target,stratified,0.9347457776368856,0.9346540767285697,0.6071124193655232,0.49994893438660637,0.5001001547356101,0.5,2400000.0,0.5000245268309242,0.50035107506148,0.49997547316907576,4486559.650477093,2243389.8663285254,2243169.7841485674,107677431.61145023,186939.9854365455,156610.13367147456
d_b_target,stratified,0.9347457776368856,0.9346540767285697,0.6071124193655232,0.49994893438660637,0.5001001547356101,0.5,24000000.0,0.5000245268309244,0.50035107506148,0.49997547316907565,44865596.50477093,22433898.663285255,22431697.84148567,1076774316.1145022,186939.9854365455,1566101.3367147455
d_b_target,tree,0.6238145072904939,0.5582896202086508,0.6417083434068154,0.00011162819764937393,0.00011184273748420708,0.0001,24000.0,0.0001117354081573923,0.9999148330918918,0.9998882645918427,13400.448189555573,1.4973045479519806,13398.95088500762,321610.75654933375,55835.20078981488,0.9029354760504196
d_b_target,tree,0.6238145072904939,0.5582896202086508,0.6417083434068154,0.00011162819764937393,0.00011184273748420708,0.0001,240000.0,0.00011173540815739231,0.9999148330918917,0.9998882645918427,134004.4818955557,14.973045479519806,133989.5088500762,3216107.565493337,55835.20078981488,9.029354760504196
d_b_target,tree,0.6238145072904939,0.5582896202086508,0.6417083434068154,0.00011162819764937393,0.00011184273748420708,0.0001,2400000.0,0.0001117354081573923,0.9999148330918919,0.9998882645918427,1340044.8189555572,149.73045479519806,1339895.088500762,32161075.65493337,55835.20078981488,90.29354760504197
d_b_target,tree,0.6238145072904939,0.5582896202086508,0.6417083434068154,0.00011162819764937393,0.00011184273748420708,0.0001,24000000.0,0.0001117354081573923,0.9999148330918918,0.9998882645918427,13400448.189555572,1497.3045479519806,13398950.88500762,321610756.54933375,55835.20078981488,902.9354760504197
d_b_target,tree,0.6238145072904939,0.5582896202086508,0.6417083434068154,0.0005581150261633199,0.0005591871955432022,0.0005,24000.0,0.0005586508141830135,0.9995741401896608,0.999441349185817,13406.440403854529,7.489518846909381,13398.95088500762,321754.56969250867,55860.16834939387,4.516484154591368
d_b_target,tree,0.6238145072904939,0.5582896202086508,0.6417083434068154,0.0005581150261633199,0.0005591871955432022,0.0005,240000.0,0.0005586508141830135,0.9995741401896608,0.999441349185817,134064.4040385453,74.89518846909381,133989.5088500762,3217545.696925087,55860.16834939387,45.16484154591368
d_b_target,tree,0.6238145072904939,0.5582896202086508,0.6417083434068154,0.0005581150261633199,0.0005591871955432022,0.0005,2400000.0,0.0005586508141830135,0.999574140189661,0.999441349185817,1340644.0403854528,748.9518846909381,1339895.088500762,32175456.969250865,55860.16834939387,451.6484154591368
d_b_target,tree,0.6238145072904939,0.5582896202086508,0.6417083434068154,0.0005581150261633199,0.0005591871955432022,0.0005,24000000.0,0.0005586508141830136,0.999574140189661,0.999441349185817,13406440.403854528,7489.518846909382,13398950.88500762,321754569.6925087,55860.16834939387,4516.484154591369
d_b_target,tree,0.6238145072904939,0.5582896202086508,0.6417083434068154,0.0011161651539103098,0.001118308168450843,0.001,24000.0,0.001117236068781166,0.9991482171963918,0.9988827639312189,13413.937419717302,14.986534709681536,13398.95088500762,321934.49807321525,55891.40591548875,9.037489314342487
d_b_target,tree,0.6238145072904939,0.5582896202086508,0.6417083434068154,0.0011161651539103098,0.001118308168450843,0.001,240000.0,0.001117236068781166,0.9991482171963918,0.9988827639312189,134139.37419717302,149.86534709681536,133989.5088500762,3219344.9807321522,55891.40591548875,90.37489314342488
d_b_target,tree,0.6238145072904939,0.5582896202086508,0.6417083434068154,0.0011161651539103098,0.001118308168450843,0.001,2400000.0,0.0011172360687811663,0.9991482171963918,0.9988827639312189,1341393.74197173,1498.6534709681537,1339895.088500762,32193449.80732152,55891.40591548875,903.7489314342489
d_b_target,tree,0.6238145072904939,0.5582896202086508,0.6417083434068154,0.0011161651539103098,0.001118308168450843,0.001,24000000.0,0.001117236068781166,0.9991482171963918,0.9988827639312189,13413937.4197173,14986.534709681535,13398950.88500762,321934498.07321525,55891.40591548875,9037.489314342489
d_b_target,tree,0.6238145072904939,0.5582896202086508,0.6417083434068154,0.0022320707594289196,0.0022363514934089952,0.002,24000.0,0.002234209945379321,0.9982961816048099,0.9977657900546206,13428.953987562674,30.003102555053815,13398.95088500762,322294.8957015042,55953.974948177805,18.093089829715723
d_b_target,tree,0.6238145072904939,0.5582896202086508,0.6417083434068154,0.0022320707594289196,0.0022363514934089952,0.002,240000.0,0.002234209945379321,0.9982961816048099,0.9977657900546206,134289.53987562674,300.0310255505382,133989.5088500762,3222948.9570150417,55953.974948177805,180.93089829715723
d_b_target,tree,0.6238145072904939,0.5582896202086508,0.6417083434068154,0.0022320707594289196,0.0022363514934089952,0.002,2400000.0,0.0022342099453793213,0.9982961816048098,0.9977657900546206,1342895.3987562673,3000.3102555053815,1339895.088500762,32229489.570150413,55953.974948177805,1809.3089829715723
d_b_target,tree,0.6238145072904939,0.5582896202086508,0.6417083434068154,0.0022320707594289196,0.0022363514934089952,0.002,24000000.0,0.002234209945379321,0.9982961816048099,0.9977657900546206,13428953.987562673,30003.102555053814,13398950.88500762,322294895.7015042,55953.974948177805,18093.089829715722
d_b_target,tree,0.6238145072904939,0.5582896202086508,0.6417083434068154,0.005578231190633402,0.005588893347817188,0.005,24000.0,0.005583559344717118,0.9957385569764032,0.9944164406552829,13474.184795434614,75.23391042699424,13398.95088500762,323380.4350904307,56142.43664764422,45.369104648382645
d_b_target,tree,0.6238145072904939,0.5582896202086508,0.6417083434068154,0.005578231190633402,0.005588893347817188,0.005,240000.0,0.005583559344717116,0.9957385569764031,0.9944164406552829,134741.84795434616,752.3391042699424,133989.5088500762,3233804.350904308,56142.43664764422,453.6910464838264
d_b_target,tree,0.6238145072904939,0.5582896202086508,0.6417083434068154,0.005578231190633402,0.005588893347817188,0.005,2400000.0,0.005583559344717118,0.995738556976403,0.9944164406552829,1347418.4795434612,7523.391042699423,1339895.088500762,32338043.509043068,56142.43664764422,4536.9104648382645
d_b_target,tree,0.6238145072904939,0.5582896202086508,0.6417083434068154,0.005578231190633402,0.005588893347817188,0.005,24000000.0,0.005583559344717118,0.9957385569764031,0.9944164406552829,13474184.795434615,75233.91042699425,13398950.88500762,323380435.09043074,56142.43664764422,45369.10464838264
d_b_target,tree,0.6238145072904939,0.5582896202086508,0.6417083434068154,0.01114998271515532,0.011171175006540253,0.01,24000.0,0.011160573104783285,0.9914707829852389,0.9888394268952168,13550.17864435077,151.22775934315004,13398.95088500762,325204.28746441845,56459.07768479487,91.19648308109238
d_b_target,tree,0.6238145072904939,0.5582896202086508,0.6417083434068154,0.01114998271515532,0.011171175006540253,0.01,240000.0,0.011160573104783285,0.9914707829852389,0.9888394268952168,135501.7864435077,1512.2775934315005,133989.5088500762,3252042.874644185,56459.07768479487,911.9648308109239
d_b_target,tree,0.6238145072904939,0.5582896202086508,0.6417083434068154,0.01114998271515532,0.011171175006540253,0.01,2400000.0,0.011160573104783286,0.9914707829852389,0.9888394268952168,1355017.864435077,15122.775934315005,1339895.088500762,32520428.74644185,56459.07768479487,9119.64830810924
d_b_target,tree,0.6238145072904939,0.5582896202086508,0.6417083434068154,0.01114998271515532,0.011171175006540253,0.01,24000000.0,0.011160573104783286,0.9914707829852388,0.9888394268952168,13550178.644350769,151227.75934315004,13398950.88500762,325204287.4644185,56459.07768479487,91196.48308109239
d_b_target,tree,0.6238145072904939,0.5582896202086508,0.6417083434068154,0.0554920754843218,0.05559280873720074,0.05,24000.0,0.05554241689674461,0.9570989731063789,0.9444575831032553,14186.927104742981,787.9762197353607,13398.95088500762,340486.25051383156,59112.19626976242,475.1816750014813
d_b_target,tree,0.6238145072904939,0.5582896202086508,0.6417083434068154,0.0554920754843218,0.05559280873720074,0.05,240000.0,0.05554241689674461,0.9570989731063788,0.9444575831032553,141869.27104742982,7879.762197353608,133989.5088500762,3404862.5051383157,59112.19626976242,4751.816750014814
d_b_target,tree,0.6238145072904939,0.5582896202086508,0.6417083434068154,0.0554920754843218,0.05559280873720074,0.05,2400000.0,0.05554241689674463,0.9570989731063789,0.9444575831032553,1418692.7104742979,78797.62197353608,1339895.088500762,34048625.05138315,59112.19626976242,47518.167500148134
d_b_target,tree,0.6238145072904939,0.5582896202086508,0.6417083434068154,0.0554920754843218,0.05559280873720074,0.05,24000000.0,0.05554241689674462,0.9570989731063788,0.9444575831032553,14186927.104742981,787976.2197353608,13398950.88500762,340486250.51383156,59112.19626976242,475181.67500148143
d_b_target,tree,0.6238145072904939,0.5582896202086508,0.6417083434068154,0.11034622486719038,0.11053488016539678,0.1,24000.0,0.11044051026697474,0.9135519542635131,0.8895594897330252,15062.45623778227,1663.5053527746504,13398.95088500762,361498.94970677444,62760.23432409279,1003.1613138920161
d_b_target,tree,0.6238145072904939,0.5582896202086508,0.6417083434068154,0.11034622486719038,0.11053488016539678,0.1,240000.0,0.11044051026697473,0.9135519542635131,0.8895594897330252,150624.5623778227,16635.053527746502,133989.5088500762,3614989.497067745,62760.23432409279,10031.613138920162
d_b_target,tree,0.6238145072904939,0.5582896202086508,0.6417083434068154,0.11034622486719038,0.11053488016539678,0.1,2400000.0,0.11044051026697475,0.9135519542635131,0.8895594897330252,1506245.623778227,166350.53527746507,1339895.088500762,36149894.97067745,62760.23432409279,100316.13138920163
d_b_target,tree,0.6238145072904939,0.5582896202086508,0.6417083434068154,0.11034622486719038,0.11053488016539678,0.1,24000000.0,0.11044051026697473,0.9135519542635131,0.8895594897330252,15062456.23778227,1663505.3527746503,13398950.88500762,361498949.7067745,62760.23432409279,1003161.3138920162
d_b_target,tree,0.6238145072904939,0.5582896202086508,0.6417083434068154,0.2181842460981476,0.21851198524275423,0.2,24000.0,0.21834805925129705,0.8244606854580022,0.7816519407487029,17141.837928750585,3742.8870437429637,13398.95088500762,411404.11029001407,71424.32470312744,2257.1129562570363
d_b_target,tree,0.6238145072904939,0.5582896202086508,0.6417083434068154,0.2181842460981476,0.21851198524275423,0.2,240000.0,0.21834805925129705,0.8244606854580023,0.7816519407487029,171418.37928750584,37428.870437429636,133989.5088500762,4114041.10290014,71424.32470312744,22571.129562570364
d_b_target,tree,0.6238145072904939,0.5582896202086508,0.6417083434068154,0.2181842460981476,0.21851198524275423,0.2,2400000.0,0.21834805925129708,0.8244606854580023,0.7816519407487029,1714183.7928750583,374288.70437429636,1339895.088500762,41140411.0290014,71424.32470312744,225711.29562570364
d_b_target,tree,0.6238145072904939,0.5582896202086508,0.6417083434068154,0.2181842460981476,0.21851198524275423,0.2,24000000.0,0.21834805925129708,0.8244606854580023,0.7816519407487029,17141837.928750582,3742887.0437429636,13398950.88500762,411404110.29001397,71424.32470312744,2257112.9562570364
d_b_target,tree,0.6238145072904939,0.5582896202086508,0.6417083434068154,0.5274760750704333,0.5279546710820467,0.5,24000.0,0.5277153617678618,0.5400569860326412,0.4722846382321382,28370.499059979476,14971.548174971855,13398.95088500762,680891.9774395074,118210.41274991448,9028.451825028145
d_b_target,tree,0.6238145072904939,0.5582896202086508,0.6417083434068154,0.5274760750704333,0.5279546710820467,0.5,240000.0,0.5277153617678618,0.5400569860326411,0.4722846382321382,283704.9905997948,149715.48174971854,133989.5088500762,6808919.774395075,118210.41274991448,90284.51825028146
d_b_target,tree,0.6238145072904939,0.5582896202086508,0.6417083434068154,0.5274760750704333,0.5279546710820467,0.5,2400000.0,0.5277153617678619,0.5400569860326411,0.47228463823213807,2837049.9059979473,1497154.8174971854,1339895.088500762,68089197.74395074,118210.41274991448,902845.1825028146
d_b_target,tree,0.6238145072904939,0.5582896202086508,0.6417083434068154,0.5274760750704333,0.5279546710820467,0.5,24000000.0,0.5277153617678618,0.5400569860326412,0.4722846382321382,28370499.059979476,14971548.174971854,13398950.88500762,680891977.4395075,118210.41274991448,9028451.825028146
d_b_target,xgboost,0.5522076046564872,0.4287074869802569,0.6895192483441867,0.00012865050962854402,0.0001289573675379691,0.0001,24000.0,0.00012880383808010264,0.9999216159733281,0.9998711961619199,10290.30511832042,1.3254307942549948,10288.979687526165,246967.32283969008,42876.27132633508,1.0748092297474054
d_b_target,xgboost,0.5522076046564872,0.4287074869802569,0.6895192483441867,0.00012865050962854402,0.0001289573675379691,0.0001,240000.0,0.00012880383808010264,0.9999216159733282,0.9998711961619199,102903.05118320421,13.254307942549948,102889.79687526166,2469673.228396901,42876.27132633508,10.748092297474054
d_b_target,xgboost,0.5522076046564872,0.4287074869802569,0.6895192483441867,0.00012865050962854402,0.0001289573675379691,0.0001,2400000.0,0.00012880383808010264,0.9999216159733282,0.9998711961619199,1029030.511832042,132.54307942549949,1028897.9687526166,24696732.283969007,42876.27132633508,107.48092297474054
d_b_target,xgboost,0.5522076046564872,0.4287074869802569,0.6895192483441867,0.00012865050962854402,0.0001289573675379691,0.0001,24000000.0,0.0001288038380801026,0.9999216159733281,0.9998711961619199,10290305.118320422,1325.430794254995,10288979.687526166,246967322.83969015,42876.27132633508,1074.8092297474054
d_b_target,xgboost,0.5522076046564872,0.4287074869802569,0.6895192483441867,0.0006431788311658417,0.000644712153554285,0.0005,24000.0,0.0006439449906315657,0.9996080459733799,0.9993560550093684,10295.609493685122,6.629806158957325,10288.979687526165,247094.62784844293,42898.37289035467,5.376196842543425
d_b_target,xgboost,0.5522076046564872,0.4287074869802569,0.6895192483441867,0.0006431788311658417,0.000644712153554285,0.0005,240000.0,0.0006439449906315656,0.9996080459733799,0.9993560550093684,102956.09493685124,66.29806158957325,102889.79687526166,2470946.2784844297,42898.37289035467,53.76196842543425
d_b_target,xgboost,0.5522076046564872,0.4287074869802569,0.6895192483441867,0.0006431788311658417,0.000644712153554285,0.0005,2400000.0,0.0006439449906315656,0.99960804597338,0.9993560550093684,1029560.9493685123,662.9806158957324,1028897.9687526166,24709462.784844294,42898.37289035467,537.6196842543425
d_b_target,xgboost,0.5522076046564872,0.4287074869802569,0.6895192483441867,0.0006431788311658417,0.000644712153554285,0.0005,24000000.0,0.0006439449906315656,0.9996080459733799,0.9993560550093684,10295609.493685124,6629.806158957325,10288979.687526166,247094627.84844297,42898.37289035467,5376.196842543425
d_b_target,xgboost,0.5522076046564872,0.4287074869802569,0.6895192483441867,0.0012861734174026388,0.0012892376454216145,0.001,24000.0,0.0012877045299209647,0.9992160071971196,0.998712295470079,10302.245936286681,13.26624876051621,10288.979687526165,247253.90247088036,42926.02473452784,10.757775263507813
d_b_target,xgboost,0.5522076046564872,0.4287074869802569,0.6895192483441867,0.0012861734174026388,0.0012892376454216145,0.001,240000.0,0.0012877045299209645,0.9992160071971196,0.998712295470079,103022.45936286682,132.66248760516208,102889.79687526166,2472539.0247088037,42926.02473452784,107.57775263507814
d_b_target,xgboost,0.5522076046564872,0.4287074869802569,0.6895192483441867,0.0012861734174026388,0.0012892376454216145,0.001,2400000.0,0.0012877045299209645,0.9992160071971197,0.998712295470079,1030224.5936286682,1326.624876051621,1028897.9687526166,24725390.247088037,42926.02473452784,1075.7775263507815
d_b_target,xgboost,0.5522076046564872,0.4287074869802569,0.6895192483441867,0.0012861734174026388,0.0012892376454216145,0.001,24000000.0,0.0012877045299209645,0.9992160071971197,0.998712295470079,10302245.936286682,13266.24876051621,10288979.687526166,247253902.4708804,42926.02473452784,10757.775263507814
d_b_target,xgboost,0.5522076046564872,0.4287074869802569,0.6895192483441867,0.0025716101716710886,0.002577728968263334,0.002,24000.0,0.0025746675748326,0.998431675285705,0.9974253324251674,10315.538770716057,26.55908318989117,10288.979687526165,247572.93049718539,42981.41154465023,21.53710919487837
d_b_target,xgboost,0.5522076046564872,0.4287074869802569,0.6895192483441867,0.0025716101716710886,0.002577728968263334,0.002,240000.0,0.0025746675748326,0.998431675285705,0.9974253324251674,103155.38770716057,265.5908318989117,102889.79687526166,2475729.3049718537,42981.41154465023,215.37109194878371
d_b_target,xgboost,0.5522076046564872,0.4287074869802569,0.6895192483441867,0.0025716101716710886,0.002577728968263334,0.002,2400000.0,0.0025746675748325996,0.9984316752857051,0.9974253324251674,1031553.8770716056,2655.9083189891167,1028897.9687526166,24757293.049718536,42981.41154465023,2153.710919487837
d_b_target,xgboost,0.5522076046564872,0.4287074869802569,0.6895192483441867,0.0025716101716710886,0.002577728968263334,0.002,24000000.0,0.0025746675748325996,0.998431675285705,0.9974253324251674,10315538.770716058,26559.083189891167,10288979.687526166,247572930.4971854,42981.41154465023,21537.10919487837
d_b_target,xgboost,0.5522076046564872,0.4287074869802569,0.6895192483441867,0.006423506779158534,0.006438731476230448,0.005,24000.0,0.006431114198404342,0.9960766426986553,0.9935688858015956,10355.57758959529,66.59790206912409,10288.979687526165,248533.86215028696,43148.239956647034,54.0051130062528
d_b_target,xgboost,0.5522076046564872,0.4287074869802569,0.6895192483441867,0.006423506779158534,0.006438731476230448,0.005,240000.0,0.006431114198404342,0.9960766426986554,0.9935688858015956,103555.7758959529,665.9790206912409,102889.79687526166,2485338.6215028698,43148.239956647034,540.0511300625279
d_b_target,xgboost,0.5522076046564872,0.4287074869802569,0.6895192483441867,0.006423506779158534,0.006438731476230448,0.005,2400000.0,0.006431114198404342,0.9960766426986553,0.9935688858015956,1035557.758959529,6659.790206912408,1028897.9687526166,24853386.215028696,43148.239956647034,5400.51130062528
d_b_target,xgboost,0.5522076046564872,0.4287074869802569,0.6895192483441867,0.006423506779158534,0.006438731476230448,0.005,24000000.0,0.006431114198404342,0.9960766426986553,0.9935688858015956,10355577.58959529,66597.90206912409,10288979.687526166,248533862.15028697,43148.239956647034,54005.113006252795
d_b_target,xgboost,0.5522076046564872,0.4287074869802569,0.6895192483441867,0.012828660106428608,0.012858869524989196,0.01,24000.0,0.012843755150219432,0.992144785639333,0.9871562448497806,10422.84819774592,133.86851021975448,10288.979687526165,250148.35674590207,43428.53415727466,108.55573220448795
d_b_target,xgboost,0.5522076046564872,0.4287074869802569,0.6895192483441867,0.012828660106428608,0.012858869524989196,0.01,240000.0,0.012843755150219432,0.9921447856393328,0.9871562448497806,104228.4819774592,1338.685102197545,102889.79687526166,2501483.5674590208,43428.53415727466,1085.5573220448796
d_b_target,xgboost,0.5522076046564872,0.4287074869802569,0.6895192483441867,0.012828660106428608,0.012858869524989196,0.01,2400000.0,0.012843755150219432,0.992144785639333,0.9871562448497806,1042284.819774592,13386.851021975448,1028897.9687526166,25014835.674590208,43428.53415727466,10855.573220448796
d_b_target,xgboost,0.5522076046564872,0.4287074869802569,0.6895192483441867,0.012828660106428608,0.012858869524989196,0.01,24000000.0,0.012843755150219429,0.992144785639333,0.9871562448497806,10422848.197745921,133868.51021975448,10288979.687526166,250148356.74590212,43428.53415727466,108555.73220448795
d_b_target,xgboost,0.5522076046564872,0.4287074869802569,0.6895192483441867,0.06341849500954409,0.0635601649239186,0.05,24000.0,0.06348928891339518,0.9603805943286939,0.9365107110866048,10986.505082881728,697.5253953555628,10288.979687526165,263676.1219891615,45777.1045120072,565.6324993812793
d_b_target,xgboost,0.5522076046564872,0.4287074869802569,0.6895192483441867,0.06341849500954409,0.0635601649239186,0.05,240000.0,0.06348928891339518,0.9603805943286939,0.9365107110866048,109865.05082881729,6975.253953555628,102889.79687526166,2636761.2198916147,45777.1045120072,5656.324993812794
d_b_target,xgboost,0.5522076046564872,0.4287074869802569,0.6895192483441867,0.06341849500954409,0.0635601649239186,0.05,2400000.0,0.0634892889133952,0.960380594328694,0.9365107110866048,1098650.5082881728,69752.53953555628,1028897.9687526166,26367612.198916145,45777.1045120072,56563.249938127934
d_b_target,xgboost,0.5522076046564872,0.4287074869802569,0.6895192483441867,0.06341849500954409,0.0635601649239186,0.05,24000000.0,0.06348928891339518,0.9603805943286939,0.9365107110866048,10986505.08288173,697525.3953555629,10288979.687526166,263676121.98916152,45777.1045120072,565632.4993812793
d_b_target,xgboost,0.5522076046564872,0.4287074869802569,0.6895192483441867,0.12507040413101067,0.12533136772521175,0.1,24000.0,0.1252008198985737,0.9198857853284754,0.8747991801014263,11761.533299943465,1472.553612417299,10288.979687526165,282276.7991986432,49006.38874976443,1194.1130542493675
d_b_target,xgboost,0.5522076046564872,0.4287074869802569,0.6895192483441867,0.12507040413101067,0.12533136772521175,0.1,240000.0,0.12520081989857373,0.9198857853284753,0.8747991801014263,117615.33299943464,14725.536124172992,102889.79687526166,2822767.991986431,49006.38874976443,11941.130542493673
d_b_target,xgboost,0.5522076046564872,0.4287074869802569,0.6895192483441867,0.12507040413101067,0.12533136772521175,0.1,2400000.0,0.12520081989857373,0.9198857853284753,0.8747991801014263,1176153.3299943465,147255.36124172993,1028897.9687526166,28227679.919864316,49006.38874976443,119411.30542493676
d_b_target,xgboost,0.5522076046564872,0.4287074869802569,0.6895192483441867,0.12507040413101067,0.12533136772521175,0.1,24000000.0,0.1252008198985737,0.9198857853284754,0.8747991801014263,11761533.299943466,1472553.612417299,10288979.687526166,282276799.1986432,49006.38874976443,1194113.0542493674
d_b_target,xgboost,0.5522076046564872,0.4287074869802569,0.6895192483441867,0.2433617229893955,0.24380072887832194,0.2,24000.0,0.24358114581236345,0.8361512812714147,0.7564188541876365,13602.22531546509,3313.2456279389235,10288.979687526165,326453.40757116216,56675.93881443787,2686.7543720610765
d_b_target,xgboost,0.5522076046564872,0.4287074869802569,0.6895192483441867,0.2433617229893955,0.24380072887832194,0.2,240000.0,0.24358114581236345,0.8361512812714148,0.7564188541876365,136022.25315465088,33132.45627938923,102889.79687526166,3264534.075711621,56675.93881443787,26867.543720610767
d_b_target,xgboost,0.5522076046564872,0.4287074869802569,0.6895192483441867,0.2433617229893955,0.24380072887832194,0.2,2400000.0,0.24358114581236345,0.8361512812714147,0.7564188541876365,1360222.531546509,331324.56279389234,1028897.9687526166,32645340.757116213,56675.93881443787,268675.43720610766
d_b_target,xgboost,0.5522076046564872,0.4287074869802569,0.6895192483441867,0.2433617229893955,0.24380072887832194,0.2,24000000.0,0.24358114581236345,0.8361512812714147,0.7564188541876365,13602225.315465089,3313245.6279389234,10288979.687526166,326453407.5711621,56675.93881443787,2686754.3720610766
d_b_target,xgboost,0.5522076046564872,0.4287074869802569,0.6895192483441867,0.5626583646966586,0.5632445904487535,0.5,24000.0,0.5629514821054284,0.5605936348692391,0.43704851789457155,23541.962199281857,13252.982511755694,10288.979687526165,565007.0927827646,98091.5091636744,10747.017488244306
d_b_target,xgboost,0.5522076046564872,0.4287074869802569,0.6895192483441867,0.5626583646966586,0.5632445904487535,0.5,240000.0,0.5629514821054283,0.5605936348692391,0.43704851789457166,235419.6219928186,132529.82511755693,102889.79687526166,5650070.927827647,98091.5091636744,107470.17488244307
d_b_target,xgboost,0.5522076046564872,0.4287074869802569,0.6895192483441867,0.5626583646966586,0.5632445904487535,0.5,2400000.0,0.5629514821054284,0.5605936348692392,0.43704851789457155,2354196.219928186,1325298.2511755694,1028897.9687526166,56500709.27827646,98091.5091636744,1074701.7488244306
d_b_target,xgboost,0.5522076046564872,0.4287074869802569,0.6895192483441867,0.5626583646966586,0.5632445904487535,0.5,24000000.0,0.5629514821054283,0.5605936348692392,0.43704851789457166,23541962.19928186,13252982.511755694,10288979.687526166,565007092.7827647,98091.5091636744,10747017.488244306
